farm_id,angle_deg,n_turb,country,AEP_kWh,AEP_noWake_kWh,CF,WakeLoss,precompute_s
1,0,588,China,31472907118.265385,33237654167.088,0.6110200027619627,0.05309481348927666,128.02626109999983
3,10,441,China,22979869679.982857,24928240625.315998,0.5948464386663471,0.07815918398005448,77.56294239999988
4,40,364,China,19022512664.53525,20575690674.864,0.5965713490558749,0.07548606921011719,57.8994629000008
6,170,292,China,15583773025.554947,16505773838.077715,0.6092361381730057,0.05585929030457051,41.85850399999981
12,60,244,China,13043300970.739855,13792495946.886856,0.6102300401760917,0.054319028189825515,35.74912659999973
14,150,181,China,9708774848.79326,10231318714.698856,0.6123246580888305,0.05107297314029339,21.890911499998765
17,20,175,United Kingdom,9052269324.180687,9892158978.3,0.5904937589158961,0.08490458513270377,19.52305129999877
22,140,161,Germany,8171497487.985285,9100786260.036001,0.5793908993438047,0.10211082268039556,17.269228699999076
23,160,156,Netherlands,8200702993.488271,8818153146.370285,0.6000982754864969,0.07002034809705797,16.53493140000137
25,60,152,Sweden,8064111925.439616,8592046655.437714,0.6056320540014132,0.061444583714402826,15.872493899998517
28,50,134,China,7131400353.19213,7574567446.241143,0.6075274614250775,0.05850724760117273,13.4019260999994
34,140,125,China,6639374925.275386,7065827841.642857,0.6063356096141905,0.06035427495900004,12.298421100000269
38,40,115,China,6094175276.796385,6500561614.311429,0.6049409645420275,0.06251557351911825,11.024846600001183
39,130,114,Taiwan,6134394971.97731,6444034991.578284,0.6142749110767954,0.04805064218391783,10.93918709999707
41,90,102,China,5437838956.776894,5765715518.780572,0.6085861488021413,0.056866586798410584,9.509413600000698
44,0,108,China,5824533138.242364,6104875255.179428,0.6156491140540297,0.04592102298883495,10.188994500000263
49,160,101,France,4997079683.998601,5709188896.047428,0.5647949369318912,0.1247303645079659,9.327790399998776
56,110,83,Vietnam,4447563414.900768,4691709686.850857,0.611702070597564,0.052037804605502565,7.429221900001721
57,40,80,Vietnam,3989410509.056802,4522129818.651428,0.5692651982101601,0.1178027458206611,7.0900064000015846
59,90,80,Denmark,3967400079.9565997,4522129818.651428,0.5661244406330764,0.12267001632877887,7.072302399999899
63,30,75,China,3975516272.05234,4239496704.9857144,0.6051014112712846,0.06226692725646638,6.5870829000014055
66,100,74,China,3891258871.218197,4182970082.2525716,0.600280586082037,0.06973781913287921,6.482084200000827
67,100,73,United Kingdom,3663415525.650111,4126443459.5194287,0.5728741361184261,0.11220993051562189,6.3944831999979215
70,10,70,China,3747900592.9306765,3956863591.3199997,0.6112036191993928,0.052810260845917535,6.096924200002832
71,60,69,Taiwan,3747715128.5190363,3900336968.586857,0.6200309589899802,0.0391304241907892,6.011493800000608
72,10,68,China,3659802421.9402137,3843810345.8537145,0.6143906832427165,0.04787122863956817,5.884420499998669
74,170,62,China,3283107406.89493,3504650609.454857,0.6044902428367451,0.0632140624695218,5.284368100001302
80,90,60,United Kingdom,3262912559.5288005,3391597363.988571,0.6207976711432269,0.03794224097061903,5.098303800001304
83,120,58,United Kingdom,2825331812.3459616,3278544118.5222855,0.5560801079251223,0.13823584182255783,4.888342800000828
84,110,57,United Kingdom,3039674741.0316477,3222017495.789142,0.6087628657036865,0.05659272645036794,4.826850499997818
85,130,56,China,3006134391.242704,3165490873.0559993,0.6127964757099446,0.05034179159058857,4.739403300001868
86,20,56,Vietnam,2983613420.35699,3165490873.0559993,0.6082056059109976,0.057456318780481255,4.738018299998657
88,30,55,China,2987044328.983793,3108964250.3228564,0.619975991901991,0.039215607360683746,4.637868099998741
90,130,55,China,2975812147.175247,3108964250.3228564,0.6176446963834054,0.0428284445965507,4.716707999999926
91,140,55,China,2932168464.929008,3108964250.3228564,0.6085862318242026,0.056866458138104585,4.645744900000864
92,140,54,China,2869282962.0191793,3052437627.589714,0.6065624391212538,0.06000275449204134,4.547960100000637
93,40,39,United Kingdom,2155843358.557929,2204538286.5925713,0.6310277949180216,0.022088492783632795,3.2409120999982406
96,60,50,United Kingdom,2571128641.0790586,2826331136.657143,0.5870156714792372,0.09029461985828259,4.169844400003058
97,30,49,China,2580347126.9598675,2769804513.924,0.6011432128785452,0.06840099581458434,4.124016300000221
99,50,48,Sweden,2276697162.7675457,2713277891.190857,0.5414519508103942,0.1609052761756357,3.966449499999726
100,30,48,Netherlands,2536542178.157141,2713277891.190857,0.6032491862055606,0.06513734314038377,4.340896000001521
102,140,45,United Kingdom,2328002101.1828284,2543698022.9914284,0.5905636989301949,0.08479619823540932,4.067189600002166
103,140,41,China,2203168570.2631235,2317591532.058857,0.6134225888916147,0.04937149631975252,3.3817511000015656
104,70,39,China,2113829015.649376,2204538286.5925713,0.6187299542352699,0.04114660720336115,3.2409541999986686
105,140,40,China,2129474810.8433022,2261064909.325714,0.6077268295785679,0.05819828433039286,3.321306600002572
106,170,37,China,2012022324.2441828,2091485041.1262858,0.6207646316932565,0.037993442611146525,3.0537069999991218
107,30,39,Vietnam,2082880711.2674892,2204538286.5925713,0.6096712069041942,0.05518505895995175,3.225794300000416
110,50,38,China,2074639839.2846222,2148011663.8594284,0.6232395575837005,0.0341580196277779,3.1416381999988516
111,150,36,China,1936168999.1642594,2034958418.3931427,0.6139551620891234,0.04854616110873165,2.9591166000027442
119,40,32,China,1711330386.3544974,1808851927.4605713,0.6104917188764617,0.05391350150091243,2.6524237000012363
121,90,30,Germany,1566843706.3222337,1695798681.9942856,0.5962114559825851,0.07604379991639035,2.4617896000017936
122,70,30,United Kingdom,1520608992.548792,1695798681.9942856,0.5786183381083683,0.10330807029491726,2.4768264000013005
123,130,30,United Kingdom,1565442843.9050548,1695798681.9942856,0.5956784033124257,0.07686987817205418,2.466486799999984
126,140,27,Vietnam,1439571015.6429052,1526218813.794857,0.6086466326919099,0.05677285417318827,2.242509899999277
130,20,26,Vietnam,1378346071.573271,1469692191.0617144,0.6051747767708425,0.06215323184268564,2.1577795000011974
133,10,24,Vietnam,1290676994.8209703,1356638945.5954285,0.6139064853600505,0.04862159603232346,1.9990227999987837
134,90,24,Netherlands,1298548309.2598698,1356638945.5954285,0.6176504515124952,0.042819525802469637,2.0022167999995872
137,50,21,Germany,1132331186.3946285,1187059077.396,0.6155311950394806,0.046103763530813975,1.7691770999990695
138,100,10,United States of America,562713751.7817239,565266227.3314285,0.6423672965544793,0.004515528128674307,0.4841407000021718
139,0,20,South Korea,1073962726.3758638,1130532454.662857,0.6129924237305159,0.05003812854170849,1.6890862000000197
141,150,18,Vietnam,970506818.8673028,1017479209.1965714,0.6154913869021453,0.04616545468910291,1.5404410000010103
144,30,16,Sweden,860780839.142965,904425963.7302856,0.6141415804387592,0.04825726630768902,0.6871925999985251
147,30,12,China,663052740.765444,678319472.7977142,0.6307579345181165,0.02250669875258465,0.5526030000000901
148,70,11,Finland,598186081.0356305,621792850.0645714,0.6207825664545771,0.03796564889173206,0.5033137000027637
150,120,11,United Kingdom,603160133.0462357,621792850.0645714,0.6259445133315024,0.029966116555378123,0.5166654999993625
152,0,10,Denmark,543685226.3086786,565266227.3314285,0.6206452355121902,0.038178472336180214,0.47241850000136765
155,90,9,Italy,486375381.92028284,508739604.5982857,0.616914487468649,0.043960058300674704,0.45061120000173105
156,100,6,United States of America,337510100.08608156,339159736.3988571,0.6421425039689528,0.004863891953364283,0.36638289999973495
157,100,7,Denmark,383189443.69150835,395686359.1319999,0.6249012454199419,0.03158288162347952,0.39586770000096294
158,60,7,Ireland,388270616.2359705,395686359.1319999,0.6331875672471795,0.018741467136489134,0.39355210000212537
159,20,7,Vietnam,381180663.8168461,395686359.1319999,0.6216253486902251,0.03665957893260297,0.38742679999995744
160,60,5,United States of America,278832376.3675182,282633113.66571426,0.6366035990125986,0.013447600845141659,0.3887754999996105
165,80,4,China,221497843.2293945,226106490.9325714,0.6321285480290939,0.020382642197349782,0.36270650000005844
168,10,3,China,167212877.61852673,169579868.19942856,0.6362742679548201,0.013957969221430304,0.3702768000002834
169,100,3,China,167135594.7066681,169579868.19942856,0.6359801929477478,0.014413700863866376,0.3441001999999571
1,10,588,China,31200375449.051506,33237654167.088,0.605729029778436,0.06129429916428378,125.33915770000021
1,20,588,China,31472907118.26538,33237654167.088,0.6110200027619627,0.053094813489276776,124.20032770000034
1,30,588,China,31200375449.05151,33237654167.088,0.6057290297784361,0.06129429916428366,123.12118889999692
1,40,588,China,31472907118.26538,33237654167.088,0.6110200027619627,0.053094813489276776,125.53346800000145
1,50,588,China,31200375449.05148,33237654167.088,0.6057290297784356,0.061294299164284576,118.75095139999758
1,60,588,China,31472907118.265385,33237654167.088,0.6110200027619627,0.05309481348927666,119.05866000000242
1,70,588,China,31200375449.051544,33237654167.088,0.6057290297784368,0.061294299164282626,118.41123330000119
1,80,588,China,31472907118.265385,33237654167.088,0.6110200027619627,0.05309481348927666,118.55482490000213
1,90,588,China,31200375449.0515,33237654167.088,0.6057290297784359,0.06129429916428401,118.181917599999
1,100,588,China,31472907118.265377,33237654167.088,0.6110200027619626,0.05309481348927689,118.77056739999898
1,110,588,China,31200375449.051556,33237654167.088,0.605729029778437,0.061294299164282286,118.90215869999884
1,120,588,China,31472907118.265385,33237654167.088,0.6110200027619627,0.05309481348927666,118.94049550000273
1,130,588,China,31200375449.05151,33237654167.088,0.6057290297784361,0.06129429916428366,118.57547089999935
1,140,588,China,31472907118.265377,33237654167.088,0.6110200027619626,0.05309481348927689,119.0252006999981
1,150,588,China,31200375449.051502,33237654167.088,0.605729029778436,0.06129429916428389,119.1633780000011
1,160,588,China,31472907118.265377,33237654167.088,0.6110200027619626,0.05309481348927689,118.90225389999978
1,170,588,China,31200375449.051514,33237654167.088,0.6057290297784362,0.06129429916428355,118.96033439999883
3,0,441,China,23211914916.55564,24928240625.315998,0.6008530559582218,0.06885065554996825,75.81132679999791
3,20,441,China,23211914916.55561,24928240625.315998,0.600853055958221,0.06885065554996947,75.73643519999678
3,30,441,China,22979869662.224876,24928240625.315998,0.5948464382066722,0.07815918469241843,75.76018470000054
3,40,441,China,23211914916.555653,24928240625.315998,0.6008530559582221,0.06885065554996779,75.62453580000147
3,50,441,China,22979869681.61493,24928240625.315998,0.5948464387085942,0.07815918391458365,75.92375149999862
3,60,441,China,23211914916.555973,24928240625.315998,0.6008530559582304,0.06885065554995494,75.7149290999987
3,70,441,China,22979869676.156406,24928240625.315998,0.5948464385672974,0.07815918413355309,75.8143166000009
3,80,441,China,23211914916.55537,24928240625.315998,0.6008530559582148,0.06885065554997911,75.92093490000116
3,90,441,China,22979869679.958824,24928240625.315998,0.5948464386657251,0.07815918398101855,76.34363799999846
3,100,441,China,23211914916.55591,24928240625.315998,0.6008530559582287,0.06885065554995753,77.47839930000191
3,110,441,China,22979869650.36141,24928240625.315998,0.5948464378995798,0.0781591851683232,77.68211710000105
3,120,441,China,23211914916.556114,24928240625.315998,0.600853055958234,0.06885065554994928,77.3880730000019
3,130,441,China,22979869705.21626,24928240625.315998,0.5948464393195275,0.07815918296781288,77.52214410000306
3,140,441,China,23211914916.555702,24928240625.315998,0.6008530559582234,0.0688506555499658,77.6821177999991
3,150,441,China,22979869688.102432,24928240625.315998,0.5948464388765268,0.07815918365433652,77.3565563000011
3,160,441,China,23211914916.555676,24928240625.315998,0.6008530559582227,0.06885065554996687,77.16847959999723
3,170,441,China,22979869684.4412,24928240625.315998,0.5948464387817538,0.07815918380120737,77.25812450000012
4,0,364,China,19022512664.535248,20575690674.864,0.5965713490558748,0.07548606921011738,57.60096970000086
4,10,364,China,19083964534.161934,20575690674.864,0.5984985615861914,0.07249944433332732,57.47528659999807
4,20,364,China,19022512664.535255,20575690674.864,0.596571349055875,0.07548606921011701,57.63438740000129
4,30,364,China,19083964534.16193,20575690674.864,0.5984985615861913,0.0724994443333275,57.35730970000077
4,50,364,China,19083964534.161934,20575690674.864,0.5984985615861914,0.07249944433332732,57.621827799997845
4,60,364,China,19022512664.535248,20575690674.864,0.5965713490558748,0.07548606921011738,57.49512120000145
4,70,364,China,19083963075.138515,20575690674.864,0.5984985158292725,0.07249951524338528,57.481226400002924
4,80,364,China,19022512664.535248,20575690674.864,0.5965713490558748,0.07548606921011738,57.56932270000107
4,90,364,China,19083964534.161934,20575690674.864,0.5984985615861914,0.07249944433332732,57.53228550000131
4,100,364,China,19022512664.535255,20575690674.864,0.596571349055875,0.07548606921011701,57.52818820000175
4,110,364,China,19083964534.16193,20575690674.864,0.5984985615861913,0.0724994443333275,57.48917090000032
4,120,364,China,19022512664.53525,20575690674.864,0.5965713490558749,0.07548606921011719,57.720417200001975
4,130,364,China,19083963075.13851,20575690674.864,0.5984985158292724,0.07249951524338547,57.49756390000039
4,140,364,China,19022512664.53526,20575690674.864,0.5965713490558752,0.07548606921011683,56.18308890000117
4,150,364,China,19083964534.16193,20575690674.864,0.5984985615861913,0.0724994443333275,56.142357900000206
4,160,364,China,19022512664.535248,20575690674.864,0.5965713490558748,0.07548606921011738,56.416897099999915
4,170,364,China,19083964534.16194,20575690674.864,0.5984985615861916,0.07249944433332695,56.182588899999246
6,0,292,China,15619044570.477617,16505773838.077715,0.6106150532650598,0.053722368687402745,40.29934979999962
6,10,292,China,15583773025.554949,16505773838.077715,0.6092361381730057,0.05585929030457039,40.31563499999902
6,20,292,China,15619044570.477266,16505773838.077715,0.6106150532650461,0.053722368687424006,40.394818299999315
6,30,292,China,15583773025.554977,16505773838.077715,0.6092361381730069,0.05585929030456866,40.37536760000148
6,40,292,China,15619044570.4776,16505773838.077715,0.6106150532650592,0.053722368687403786,40.36318500000198
6,50,292,China,15583773025.554935,16505773838.077715,0.6092361381730053,0.0558592903045712,40.42976429999908
6,60,292,China,15619044570.477564,16505773838.077715,0.6106150532650577,0.05372236868740598,40.3558660000017
6,70,292,China,15583773025.554953,16505773838.077715,0.6092361381730059,0.05585929030457016,40.370510299999296
6,80,292,China,15619044570.477493,16505773838.077715,0.6106150532650549,0.05372236868741025,40.4100154000007
6,90,292,China,15583773025.554916,16505773838.077715,0.6092361381730045,0.05585929030457235,40.396156800001336
6,100,292,China,15619044570.478088,16505773838.077715,0.6106150532650783,0.053722368687374206,40.4444954999999
6,110,292,China,15583773025.554953,16505773838.077715,0.6092361381730059,0.05585929030457016,40.48957850000079
6,120,292,China,15619044570.477758,16505773838.077715,0.6106150532650653,0.0537223686873942,40.436175200000434
6,130,292,China,15583773025.55496,16505773838.077715,0.6092361381730061,0.055859290304569695,40.34022550000009
6,140,292,China,15619044570.477686,16505773838.077715,0.6106150532650625,0.05372236868739858,40.455710300000646
6,150,292,China,15583773025.55496,16505773838.077715,0.6092361381730061,0.055859290304569695,40.52629330000127
6,160,292,China,15619044570.477688,16505773838.077715,0.6106150532650625,0.05372236868739847,40.38435190000018
12,0,244,China,13043300970.739855,13792495946.886856,0.6102300401760917,0.054319028189825515,30.831844600001205
12,10,244,China,13017852308.462725,13792495946.886856,0.609039426064017,0.056164137470635145,30.804500800000824
12,20,244,China,13043300970.739857,13792495946.886856,0.6102300401760918,0.054319028189825376,30.774203099997976
12,30,244,China,13017852308.462715,13792495946.886856,0.6090394260640165,0.05616413747063583,30.871814999998605
12,40,244,China,13043300970.739855,13792495946.886856,0.6102300401760917,0.054319028189825515,30.853811299999506
12,50,244,China,13017852308.462727,13792495946.886856,0.6090394260640171,0.056164137470635006,30.844241700000566
12,70,244,China,13017852308.462708,13792495946.886856,0.6090394260640162,0.05616413747063639,30.78720389999944
12,80,244,China,13043300970.739855,13792495946.886856,0.6102300401760917,0.054319028189825515,30.71986349999861
12,90,244,China,13017852308.462711,13792495946.886856,0.6090394260640164,0.05616413747063611,30.833503999998356
12,100,244,China,13043300970.739855,13792495946.886856,0.6102300401760917,0.054319028189825515,30.8328474000009
12,110,244,China,13017852308.46274,13792495946.886856,0.6090394260640177,0.056164137470634035,30.79135909999968
12,120,244,China,13043300970.739855,13792495946.886856,0.6102300401760917,0.054319028189825515,30.768511399997806
12,130,244,China,13017852308.462713,13792495946.886856,0.6090394260640164,0.05616413747063597,30.96501989999888
12,140,244,China,13043300970.739855,13792495946.886856,0.6102300401760917,0.054319028189825515,30.761560399998416
12,150,244,China,13017852308.462708,13792495946.886856,0.6090394260640162,0.05616413747063639,30.6794235999987
12,160,244,China,13043300970.739853,13792495946.886856,0.6102300401760916,0.054319028189825654,31.208760900000925
12,170,244,China,13017852308.462688,13792495946.886856,0.6090394260640153,0.05616413747063777,30.745500699998956
14,0,181,China,9738069969.223568,10231318714.698856,0.6141722778843796,0.04820969410000502,20.24291380000068
14,10,181,China,9708774848.793259,10231318714.698856,0.6123246580888304,0.051072973140293576,20.63565430000017
14,20,181,China,9738069969.223572,10231318714.698856,0.6141722778843798,0.04820969410000465,20.233032200001617
14,30,181,China,9708774848.793259,10231318714.698856,0.6123246580888304,0.051072973140293576,20.218432500001654
14,40,181,China,9738069969.223568,10231318714.698856,0.6141722778843796,0.04820969410000502,20.245527300001413
14,50,181,China,9708774848.793262,10231318714.698856,0.6123246580888306,0.0510729731402932,20.199024499997904
14,60,181,China,9738069969.22357,10231318714.698856,0.6141722778843797,0.048209694100004835,20.224422200000845
14,70,181,China,9708774848.793259,10231318714.698856,0.6123246580888304,0.051072973140293576,20.241935099998955
14,80,181,China,9738069969.223568,10231318714.698856,0.6141722778843796,0.04820969410000502,20.221899499996653
14,90,181,China,9708774848.793259,10231318714.698856,0.6123246580888304,0.051072973140293576,20.202223599997524
14,100,181,China,9738069969.22357,10231318714.698856,0.6141722778843797,0.048209694100004835,20.214383300000918
14,110,181,China,9708774848.793259,10231318714.698856,0.6123246580888304,0.051072973140293576,20.18460260000211
14,120,181,China,9738069969.223568,10231318714.698856,0.6141722778843796,0.04820969410000502,20.50022909999825
14,130,181,China,9708774848.79326,10231318714.698856,0.6123246580888305,0.05107297314029339,20.340382200000022
14,140,181,China,9738069969.223566,10231318714.698856,0.6141722778843794,0.0482096941000052,20.206175300001632
14,160,181,China,9738069969.22357,10231318714.698856,0.6141722778843797,0.048209694100004835,21.07360549999794
14,170,181,China,9708774848.793262,10231318714.698856,0.6123246580888306,0.0510729731402932,20.19678809999823
17,0,175,United Kingdom,9052269324.180687,9892158978.3,0.5904937589158961,0.08490458513270377,19.269608499998867
17,10,175,United Kingdom,8944414437.364342,9892158978.3,0.5834582150922597,0.09580765361885951,20.072627300000022
17,30,175,United Kingdom,8944414437.36434,9892158978.3,0.5834582150922596,0.0958076536188597,19.28638950000095
17,40,175,United Kingdom,9052269324.180689,9892158978.3,0.5904937589158962,0.08490458513270359,19.297257499998523
17,50,175,United Kingdom,8944414437.364342,9892158978.3,0.5834582150922597,0.09580765361885951,19.494503899997653
17,60,175,United Kingdom,9052269324.180689,9892158978.3,0.5904937589158962,0.08490458513270359,19.560436100000516
17,70,175,United Kingdom,8944414437.364346,9892158978.3,0.58345821509226,0.09580765361885912,19.31460909999805
17,80,175,United Kingdom,9052269324.18069,9892158978.3,0.5904937589158963,0.0849045851327034,19.307930199996918
17,90,175,United Kingdom,8944414437.36434,9892158978.3,0.5834582150922596,0.0958076536188597,19.72379060000094
17,100,175,United Kingdom,9052269324.180689,9892158978.3,0.5904937589158962,0.08490458513270359,19.667661999999837
17,110,175,United Kingdom,8944414437.364347,9892158978.3,0.5834582150922601,0.09580765361885893,19.29968160000135
17,120,175,United Kingdom,9052269324.180689,9892158978.3,0.5904937589158962,0.08490458513270359,19.34804029999941
17,130,175,United Kingdom,8944414437.364342,9892158978.3,0.5834582150922597,0.09580765361885951,19.518757000001642
17,140,175,United Kingdom,9052269324.18069,9892158978.3,0.5904937589158963,0.0849045851327034,19.32690150000053
17,150,175,United Kingdom,8944414437.364346,9892158978.3,0.58345821509226,0.09580765361885912,19.32319170000119
17,160,175,United Kingdom,9052269324.180687,9892158978.3,0.5904937589158961,0.08490458513270377,20.058071700001165
17,170,175,United Kingdom,8944414437.364346,9892158978.3,0.58345821509226,0.09580765361885912,19.33283179999853
22,0,161,Germany,8171497487.985291,9100786260.036001,0.5793908993438052,0.10211082268039492,17.20019090000278
22,10,161,Germany,8212564781.264507,9100786260.036001,0.5823027298891423,0.09759832319894306,17.210620899997593
22,20,161,Germany,8171497487.985287,9100786260.036001,0.5793908993438049,0.10211082268039536,17.098209399999178
22,30,161,Germany,8212564781.2645035,9100786260.036001,0.582302729889142,0.09759832319894347,17.16264520000186
22,40,161,Germany,8171497487.985298,9100786260.036001,0.5793908993438057,0.10211082268039409,17.8775816999987
22,50,161,Germany,8212564781.2645035,9100786260.036001,0.582302729889142,0.09759832319894347,17.10712030000286
22,60,161,Germany,8171497487.985292,9100786260.036001,0.5793908993438053,0.10211082268039472,17.388958399998955
22,70,161,Germany,8212564781.264504,9100786260.036001,0.5823027298891421,0.09759832319894338,17.706601600002614
22,80,161,Germany,8171497487.985297,9100786260.036001,0.5793908993438056,0.1021108226803942,17.130663699997967
22,90,161,Germany,8212564781.264507,9100786260.036001,0.5823027298891423,0.09759832319894306,17.10299550000127
22,100,161,Germany,8171497487.985292,9100786260.036001,0.5793908993438053,0.10211082268039472,17.173195399998804
22,110,161,Germany,8212564781.264509,9100786260.036001,0.5823027298891424,0.09759832319894285,17.143112400000973
22,120,161,Germany,8171497487.985298,9100786260.036001,0.5793908993438057,0.10211082268039409,17.13460810000106
22,130,161,Germany,8212564781.264496,9100786260.036001,0.5823027298891414,0.09759832319894432,17.257963500000187
22,150,161,Germany,8212564781.26451,9100786260.036001,0.5823027298891424,0.09759832319894275,17.55466610000076
22,160,161,Germany,8171497487.9853,9100786260.036001,0.5793908993438058,0.10211082268039388,17.176362999998673
22,170,161,Germany,8212564781.264518,9100786260.036001,0.582302729889143,0.0975983231989419,17.19256509999832
23,0,156,Netherlands,8200702993.488269,8818153146.370285,0.6000982754864966,0.07002034809705818,16.47797740000169
23,10,156,Netherlands,8203166607.227005,8818153146.370285,0.6002785539769205,0.06974096831108222,16.483608699996694
23,20,156,Netherlands,8200702993.488268,8818153146.370285,0.6000982754864966,0.07002034809705829,17.3276700000024
23,30,156,Netherlands,8203166607.227006,8818153146.370285,0.6002785539769205,0.06974096831108212,16.448593100001744
23,40,156,Netherlands,8200702993.488266,8818153146.370285,0.6000982754864964,0.07002034809705851,16.9752604000023
23,50,156,Netherlands,8203166607.227007,8818153146.370285,0.6002785539769206,0.06974096831108201,16.453211199997895
23,60,156,Netherlands,8200702993.488268,8818153146.370285,0.6000982754864966,0.07002034809705829,16.39583859999766
23,70,156,Netherlands,8203166607.227006,8818153146.370285,0.6002785539769205,0.06974096831108212,16.436619600000995
23,80,156,Netherlands,8200702993.48827,8818153146.370285,0.6000982754864967,0.07002034809705807,16.46562289999929
23,90,156,Netherlands,8203166607.227008,8818153146.370285,0.6002785539769208,0.0697409683110819,16.43324120000034
23,100,156,Netherlands,8200702993.488273,8818153146.370285,0.600098275486497,0.07002034809705775,16.459073699999863
23,110,156,Netherlands,8203166607.227002,8818153146.370285,0.6002785539769203,0.06974096831108255,17.21069239999997
23,120,156,Netherlands,8200702993.488268,8818153146.370285,0.6000982754864966,0.07002034809705829,16.465366199998243
23,130,156,Netherlands,8203166607.227002,8818153146.370285,0.6002785539769203,0.06974096831108255,16.482513899998594
23,140,156,Netherlands,8200702993.488271,8818153146.370285,0.6000982754864969,0.07002034809705797,16.7104739000024
23,150,156,Netherlands,8203166607.227004,8818153146.370285,0.6002785539769204,0.06974096831108233,16.745965199999773
23,170,156,Netherlands,8203166607.227008,8818153146.370285,0.6002785539769208,0.0697409683110819,17.018176699999458
25,0,152,Sweden,8064111925.43962,8592046655.437714,0.6056320540014134,0.06144458371440238,15.889206800002285
25,10,152,Sweden,8063900864.283326,8592046655.437714,0.6056162028571351,0.06146914842695085,16.435273199997027
25,20,152,Sweden,8064111925.439624,8592046655.437714,0.6056320540014137,0.06144458371440194,15.875351099999534
25,30,152,Sweden,8063900864.283332,8592046655.437714,0.6056162028571356,0.061469148426950185,15.806914500000858
25,40,152,Sweden,8064111925.439623,8592046655.437714,0.6056320540014136,0.06144458371440205,16.46910249999928
25,50,152,Sweden,8063900864.283337,8592046655.437714,0.6056162028571359,0.06146914842694963,16.72021119999772
25,70,152,Sweden,8063900864.283333,8592046655.437714,0.6056162028571357,0.061469148426950074,16.749000399999204
25,80,152,Sweden,8064111925.439622,8592046655.437714,0.6056320540014136,0.06144458371440216,16.727906599997368
25,90,152,Sweden,8063900864.283337,8592046655.437714,0.6056162028571359,0.06146914842694963,17.402110499999253
25,100,152,Sweden,8064111925.439627,8592046655.437714,0.605632054001414,0.061444583714401604,16.162527399999817
25,110,152,Sweden,8063900864.28334,8592046655.437714,0.6056162028571362,0.061469148426949186,16.01758669999981
25,120,152,Sweden,8064111925.439612,8592046655.437714,0.6056320540014128,0.06144458371440327,16.96456109999781
25,130,152,Sweden,8063900864.28334,8592046655.437714,0.6056162028571362,0.061469148426949186,16.837732299998606
25,140,152,Sweden,8064111925.439619,8592046655.437714,0.6056320540014134,0.06144458371440249,18.469442400000844
25,150,152,Sweden,8063900864.283338,8592046655.437714,0.605616202857136,0.06146914842694952,28.438468000000285
25,160,152,Sweden,8064111925.439619,8592046655.437714,0.6056320540014134,0.06144458371440249,29.42984019999858
25,170,152,Sweden,8063900864.283335,8592046655.437714,0.6056162028571358,0.06146914842694985,34.40744640000048
28,0,134,China,7132356203.481022,7574567446.241143,0.6076088907756613,0.058381055538632425,35.88566269999865
28,10,134,China,7131400353.192129,7574567446.241143,0.6075274614250774,0.05850724760117285,33.964714300000196
28,20,134,China,7132356203.481016,7574567446.241143,0.6076088907756607,0.05838105553863318,38.09170599999925
28,30,134,China,7131400353.192133,7574567446.241143,0.6075274614250777,0.058507247601172346,37.14892309999777
28,40,134,China,7132356203.48103,7574567446.241143,0.6076088907756619,0.058381055538631293,38.55484290000095
28,60,134,China,7132356203.481035,7574567446.241143,0.6076088907756624,0.05838105553863066,36.22797740000169
28,70,134,China,7131400353.192128,7574567446.241143,0.6075274614250774,0.05850724760117298,35.82111939999959
28,80,134,China,7132356203.481016,7574567446.241143,0.6076088907756607,0.05838105553863318,36.13131559999965
28,90,134,China,7131400353.192126,7574567446.241143,0.6075274614250772,0.05850724760117323,35.788238000001
28,100,134,China,7132356203.481068,7574567446.241143,0.6076088907756652,0.05838105553862638,34.88298820000273
28,110,134,China,7131400353.192127,7574567446.241143,0.6075274614250773,0.0585072476011731,36.256623900000704
28,120,134,China,7132356203.481053,7574567446.241143,0.6076088907756639,0.05838105553862827,35.77547919999779
28,130,134,China,7131400353.192121,7574567446.241143,0.6075274614250767,0.058507247601173984,36.354897000001074
28,140,134,China,7132356203.481037,7574567446.241143,0.6076088907756625,0.05838105553863041,36.44298920000074
28,150,134,China,7131400353.192135,7574567446.241143,0.607527461425078,0.0585072476011721,36.14888580000115
28,160,134,China,7132356203.480949,7574567446.241143,0.607608890775655,0.05838105553864199,35.60844179999913
28,170,134,China,7131400353.19213,7574567446.241143,0.6075274614250775,0.05850724760117273,35.868145399999776
34,0,125,China,6639374925.275388,7065827841.642857,0.6063356096141906,0.06035427495899977,33.20740939999814
34,10,125,China,6593444906.201584,7065827841.642857,0.6021410873243456,0.06685457755668163,32.96743069999866
34,20,125,China,6639374925.275388,7065827841.642857,0.6063356096141906,0.06035427495899977,32.8760532999986
34,30,125,China,6593444906.201587,7065827841.642857,0.6021410873243458,0.06685457755668123,33.752441600001475
34,40,125,China,6639374925.275388,7065827841.642857,0.6063356096141906,0.06035427495899977,33.777620200002275
34,50,125,China,6593444906.20159,7065827841.642857,0.6021410873243461,0.06685457755668082,32.9087933999981
34,60,125,China,6639374925.275388,7065827841.642857,0.6063356096141906,0.06035427495899977,32.47757040000215
34,70,125,China,6593444906.201586,7065827841.642857,0.6021410873243457,0.06685457755668137,35.43195790000027
34,80,125,China,6639374925.275389,7065827841.642857,0.6063356096141908,0.06035427495899963,31.33928509999896
34,90,125,China,6593444906.201583,7065827841.642857,0.6021410873243455,0.06685457755668177,31.764246200000343
34,100,125,China,6639374925.27539,7065827841.642857,0.6063356096141909,0.0603542749589995,32.3935859000012
34,110,125,China,6593444906.201586,7065827841.642857,0.6021410873243457,0.06685457755668137,31.812835699998686
34,120,125,China,6639374925.275386,7065827841.642857,0.6063356096141905,0.06035427495900004,31.594682800001465
34,130,125,China,6593444906.201588,7065827841.642857,0.6021410873243459,0.06685457755668109,30.939494500002183
34,150,125,China,6593444906.201586,7065827841.642857,0.6021410873243457,0.06685457755668137,28.694274200002837
34,160,125,China,6639374925.275391,7065827841.642857,0.606335609614191,0.060354274958999365,31.331660300002113
34,170,125,China,6593444906.201586,7065827841.642857,0.6021410873243457,0.06685457755668137,32.047215999999025
38,0,115,China,6094179314.499422,6500561614.311429,0.604941365346379,0.06251495238770273,27.210072499998205
38,10,115,China,6082517300.3847065,6500561614.311429,0.6037837304332645,0.06430895339971388,28.56617929999993
38,20,115,China,6094179314.49942,6500561614.311429,0.6049413653463788,0.06251495238770302,28.231856899998093
38,30,115,China,6082517300.384707,6500561614.311429,0.6037837304332646,0.06430895339971374,27.217453500001284
38,50,115,China,6082517300.384707,6500561614.311429,0.6037837304332646,0.06430895339971374,27.164896400001453
38,60,115,China,6094175276.796384,6500561614.311429,0.6049409645420274,0.0625155735191184,26.183261500002118
38,70,115,China,6082517300.384706,6500561614.311429,0.6037837304332644,0.06430895339971403,25.898014400001557
38,80,115,China,6094175276.796384,6500561614.311429,0.6049409645420274,0.0625155735191184,26.536462299998675
38,90,115,China,6082517300.3847065,6500561614.311429,0.6037837304332645,0.06430895339971388,25.91741550000006
38,100,115,China,6094179314.499422,6500561614.311429,0.604941365346379,0.06251495238770273,23.91861830000198
38,110,115,China,6082517300.384707,6500561614.311429,0.6037837304332646,0.06430895339971374,27.0450557999975
38,120,115,China,6094179314.499422,6500561614.311429,0.604941365346379,0.06251495238770273,27.2810707000026
38,130,115,China,6082517300.384705,6500561614.311429,0.6037837304332643,0.06430895339971418,27.819831100001466
38,140,115,China,6094175276.796385,6500561614.311429,0.6049409645420275,0.06251557351911825,27.218794500000513
38,150,115,China,6082517300.3847065,6500561614.311429,0.6037837304332645,0.06430895339971388,27.111620499999844
38,160,115,China,6094175276.796385,6500561614.311429,0.6049409645420275,0.06251557351911825,26.72510499999771
38,170,115,China,6082517300.384708,6500561614.311429,0.6037837304332647,0.06430895339971358,26.09172469999976
39,0,114,Taiwan,6132522215.219873,6444034991.578284,0.6140873803592759,0.0483412608351021,26.145443900000828
39,10,114,Taiwan,6134394971.97731,6444034991.578284,0.6142749110767954,0.04805064218391783,26.98072310000134
39,20,114,Taiwan,6132522215.219875,6444034991.578284,0.6140873803592761,0.04834126083510181,26.405905199997505
39,30,114,Taiwan,6134394971.97731,6444034991.578284,0.6142749110767954,0.04805064218391783,26.21831630000088
39,40,114,Taiwan,6132522215.219872,6444034991.578284,0.6140873803592759,0.048341260835102255,25.774537900000723
39,50,114,Taiwan,6134394971.977311,6444034991.578284,0.6142749110767955,0.048050642183917684,25.682955399999628
39,60,114,Taiwan,6132522215.219874,6444034991.578284,0.614087380359276,0.04834126083510196,25.35757670000021
39,70,114,Taiwan,6134394971.977311,6444034991.578284,0.6142749110767955,0.048050642183917684,26.787137900002563
39,80,114,Taiwan,6132522215.2198715,6444034991.578284,0.6140873803592758,0.0483412608351024,26.4954252000025
39,90,114,Taiwan,6134394971.97731,6444034991.578284,0.6142749110767954,0.04805064218391783,27.45508830000108
39,100,114,Taiwan,6132522215.219873,6444034991.578284,0.6140873803592759,0.0483412608351021,26.4881916000013
39,110,114,Taiwan,6134394971.977311,6444034991.578284,0.6142749110767955,0.048050642183917684,25.66282180000053
39,120,114,Taiwan,6132522215.219874,6444034991.578284,0.614087380359276,0.04834126083510196,25.99607869999818
39,140,114,Taiwan,6132522215.219872,6444034991.578284,0.6140873803592759,0.048341260835102255,26.440023899998778
39,150,114,Taiwan,6134394971.977312,6444034991.578284,0.6142749110767957,0.04805064218391753,25.630140699999174
39,160,114,Taiwan,6132522215.219874,6444034991.578284,0.614087380359276,0.04834126083510196,25.980341000002227
39,170,114,Taiwan,6134394971.97731,6444034991.578284,0.6142749110767954,0.04805064218391783,26.552618799996708
41,0,102,China,5506736556.092136,5765715518.780572,0.6162969554226135,0.0449170552804535,21.886103099997854
41,10,102,China,5437838956.776892,5765715518.780572,0.6085861488021411,0.05686658679841092,23.461186100001214
41,20,102,China,5506736556.092135,5765715518.780572,0.6162969554226134,0.04491705528045366,21.962962700003118
41,30,102,China,5437838956.776894,5765715518.780572,0.6085861488021413,0.056866586798410584,23.55013219999819
41,40,102,China,5506736556.092136,5765715518.780572,0.6162969554226135,0.0449170552804535,21.791608699997596
41,50,102,China,5437838956.776895,5765715518.780572,0.6085861488021415,0.056866586798410425,21.83635040000081
41,60,102,China,5506736556.092134,5765715518.780572,0.6162969554226133,0.044917055280453824,21.83596100000068
41,70,102,China,5437838956.776895,5765715518.780572,0.6085861488021415,0.056866586798410425,21.99411709999913
41,80,102,China,5506736556.092138,5765715518.780572,0.6162969554226138,0.044917055280453165,23.103668100000505
41,100,102,China,5506736556.092135,5765715518.780572,0.6162969554226134,0.04491705528045366,22.802447699999902
41,110,102,China,5437838956.776893,5765715518.780572,0.6085861488021412,0.05686658679841075,22.48317130000214
41,120,102,China,5506736556.092135,5765715518.780572,0.6162969554226134,0.04491705528045366,22.102817799997865
41,130,102,China,5437838956.776895,5765715518.780572,0.6085861488021415,0.056866586798410425,21.583305799998925
41,140,102,China,5506736556.092137,5765715518.780572,0.6162969554226136,0.04491705528045333,20.823075500000414
41,150,102,China,5437838956.776895,5765715518.780572,0.6085861488021415,0.056866586798410425,22.750285000001895
41,160,102,China,5506736556.092136,5765715518.780572,0.6162969554226135,0.0449170552804535,23.13226189999841
41,170,102,China,5437838956.776893,5765715518.780572,0.6085861488021412,0.05686658679841075,20.742115100001683
44,10,108,China,5824993080.146658,6104875255.179428,0.6156977295943956,0.04584568289013207,23.319643999999244
44,20,108,China,5824533138.242361,6104875255.179428,0.6156491140540293,0.04592102298883542,23.998770500002138
44,30,108,China,5824993080.146659,6104875255.179428,0.6156977295943957,0.04584568289013191,24.17208610000307
44,40,108,China,5824533138.242363,6104875255.179428,0.6156491140540296,0.04592102298883511,24.43719609999971
44,50,108,China,5824993080.146661,6104875255.179428,0.615697729594396,0.0458456828901316,23.723519000002852
44,60,108,China,5824533138.242363,6104875255.179428,0.6156491140540296,0.04592102298883511,24.387554400000226
44,70,108,China,5824993080.146661,6104875255.179428,0.615697729594396,0.0458456828901316,24.301741100000072
44,80,108,China,5824533138.242366,6104875255.179428,0.6156491140540299,0.04592102298883464,24.02446439999767
44,90,108,China,5824993080.146659,6104875255.179428,0.6156977295943957,0.04584568289013191,23.65045950000058
44,100,108,China,5824533138.242366,6104875255.179428,0.6156491140540299,0.04592102298883464,21.610859600001277
44,110,108,China,5824993080.146657,6104875255.179428,0.6156977295943955,0.045845682890132224,22.48404340000343
44,120,108,China,5824533138.242363,6104875255.179428,0.6156491140540296,0.04592102298883511,22.544052499997633
44,130,108,China,5824993080.146664,6104875255.179428,0.6156977295943962,0.045845682890131134,22.856298899998365
44,140,108,China,5824533138.242366,6104875255.179428,0.6156491140540299,0.04592102298883464,22.09339529999852
44,150,108,China,5824993080.14666,6104875255.179428,0.6156977295943958,0.04584568289013176,24.467936400000326
44,160,108,China,5824533138.242363,6104875255.179428,0.6156491140540296,0.04592102298883511,22.92333829999916
44,170,108,China,5824993080.146659,6104875255.179428,0.6156977295943957,0.04584568289013191,25.502295900001627
49,0,101,France,4997079683.998604,5709188896.047428,0.5647949369318915,0.1247303645079654,23.46803849999924
49,10,101,France,4988616995.420981,5709188896.047428,0.5638384415458408,0.12621265712986154,22.32768109999961
49,20,101,France,4997079683.99861,5709188896.047428,0.5647949369318922,0.1247303645079644,20.1299211000005
49,30,101,France,4988616995.420982,5709188896.047428,0.563838441545841,0.12621265712986138,17.898382699997455
49,40,101,France,4997079683.998601,5709188896.047428,0.5647949369318912,0.1247303645079659,18.92982420000044
49,50,101,France,4988616995.420985,5709188896.047428,0.5638384415458413,0.12621265712986088,20.760039699998742
49,60,101,France,4997079683.998608,5709188896.047428,0.564794936931892,0.12473036450796474,20.826908999999432
49,70,101,France,4988616995.420987,5709188896.047428,0.5638384415458415,0.12621265712986052,21.360102700000425
49,80,101,France,4997079683.9986,5709188896.047428,0.5647949369318911,0.12473036450796607,20.730202299997472
49,90,101,France,4988616995.420974,5709188896.047428,0.56383844154584,0.12621265712986288,19.972159400000237
49,100,101,France,4997079683.99861,5709188896.047428,0.5647949369318922,0.1247303645079644,19.621962500001246
49,110,101,France,4988616995.420984,5709188896.047428,0.5638384415458412,0.12621265712986104,19.949366900000314
49,120,101,France,4997079683.998604,5709188896.047428,0.5647949369318915,0.1247303645079654,19.706103200001962
49,130,101,France,4988616995.420983,5709188896.047428,0.5638384415458411,0.1262126571298612,21.30170779999753
49,140,101,France,4997079683.998611,5709188896.047428,0.5647949369318924,0.12473036450796407,20.263267000002088
49,150,101,France,4988616995.420981,5709188896.047428,0.5638384415458408,0.12621265712986154,18.785581500000262
49,170,101,France,4988616995.420985,5709188896.047428,0.5638384415458413,0.12621265712986088,21.58328579999943
56,0,83,Vietnam,4413451388.778298,4691709686.850857,0.6070104237193017,0.05930850727026322,18.35855459999948
56,10,83,Vietnam,4447563414.900767,4691709686.850857,0.6117020705975639,0.052037804605502766,17.117892900001607
56,20,83,Vietnam,4413451388.778298,4691709686.850857,0.6070104237193017,0.05930850727026322,17.457181999998284
56,30,83,Vietnam,4447563414.900767,4691709686.850857,0.6117020705975639,0.052037804605502766,20.15057380000144
56,40,83,Vietnam,4413451388.778298,4691709686.850857,0.6070104237193017,0.05930850727026322,17.095298799999
56,50,83,Vietnam,4447563414.900766,4691709686.850857,0.6117020705975638,0.05203780460550297,16.486812199997075
56,60,83,Vietnam,4413451388.778298,4691709686.850857,0.6070104237193017,0.05930850727026322,16.734080599999288
56,70,83,Vietnam,4447563414.900765,4691709686.850857,0.6117020705975637,0.052037804605503175,17.199377200002345
56,80,83,Vietnam,4413451388.778298,4691709686.850857,0.6070104237193017,0.05930850727026322,17.673368700001447
56,90,83,Vietnam,4447563414.900768,4691709686.850857,0.611702070597564,0.052037804605502565,16.714437499998894
56,100,83,Vietnam,4413451388.778297,4691709686.850857,0.6070104237193015,0.05930850727026342,16.709803900001134
56,120,83,Vietnam,4413451388.778299,4691709686.850857,0.6070104237193018,0.05930850727026302,16.496429900002113
56,130,83,Vietnam,4447563414.900767,4691709686.850857,0.6117020705975639,0.052037804605502766,17.915438500000164
56,140,83,Vietnam,4413451388.778298,4691709686.850857,0.6070104237193017,0.05930850727026322,17.67112780000025
56,150,83,Vietnam,4447563414.900766,4691709686.850857,0.6117020705975638,0.05203780460550297,17.491361099997448
56,160,83,Vietnam,4413451388.778298,4691709686.850857,0.6070104237193017,0.05930850727026322,17.334441299997707
56,170,83,Vietnam,4447563414.900767,4691709686.850857,0.6117020705975639,0.052037804605502766,17.997630899997603
57,0,80,Vietnam,3989410509.0568027,4522129818.651428,0.5692651982101602,0.11780274582066087,16.729352199999994
57,10,80,Vietnam,3989281086.347648,4522129818.651428,0.5692467303578265,0.1178313656777514,16.25592400000096
57,20,80,Vietnam,3989410509.056806,4522129818.651428,0.5692651982101606,0.11780274582066014,16.608476000001247
57,30,80,Vietnam,3989281086.34765,4522129818.651428,0.5692467303578268,0.11783136567775099,16.833733700001176
57,50,80,Vietnam,3989281086.3476505,4522129818.651428,0.5692467303578268,0.11783136567775088,16.477406099998916
57,60,80,Vietnam,3989410509.056802,4522129818.651428,0.5692651982101601,0.1178027458206611,16.5036104000028
57,70,80,Vietnam,3989281086.3476477,4522129818.651428,0.5692467303578265,0.11783136567775152,16.43343460000324
57,80,80,Vietnam,3989410509.0568027,4522129818.651428,0.5692651982101602,0.11780274582066087,16.743934800000716
57,90,80,Vietnam,3989281086.3476486,4522129818.651428,0.5692467303578266,0.11783136567775129,15.85475840000072
57,100,80,Vietnam,3989410509.056803,4522129818.651428,0.5692651982101603,0.11780274582066078,16.490794699999242
57,110,80,Vietnam,3989281086.3476486,4522129818.651428,0.5692467303578266,0.11783136567775129,17.510108900001796
57,120,80,Vietnam,3989410509.0568047,4522129818.651428,0.5692651982101605,0.11780274582066046,15.997192999999243
57,130,80,Vietnam,3989281086.3476477,4522129818.651428,0.5692467303578265,0.11783136567775152,16.263828600000124
57,140,80,Vietnam,3989410509.056805,4522129818.651428,0.5692651982101605,0.11780274582066035,16.170616600000358
57,150,80,Vietnam,3989281086.3476486,4522129818.651428,0.5692467303578266,0.11783136567775129,16.535987499999464
57,160,80,Vietnam,3989410509.0568027,4522129818.651428,0.5692651982101602,0.11780274582066087,15.876416200000676
57,170,80,Vietnam,3989281086.347648,4522129818.651428,0.5692467303578265,0.1178313656777514,17.01675410000098
59,0,80,Denmark,4002401962.226251,4522129818.651428,0.5711190014592253,0.11492988420667859,16.221701899998152
59,10,80,Denmark,3967400079.956607,4522129818.651428,0.5661244406330774,0.12267001632877729,16.51598920000106
59,20,80,Denmark,4002401962.2262573,4522129818.651428,0.5711190014592262,0.11492988420667721,15.87089349999951
59,30,80,Denmark,3967400079.956601,4522129818.651428,0.5661244406330767,0.12267001632877855,15.451073299998825
59,40,80,Denmark,4002401962.2262487,4522129818.651428,0.571119001459225,0.11492988420667911,16.856590700001107
59,50,80,Denmark,3967400079.9566035,4522129818.651428,0.566124440633077,0.12267001632877803,16.160118499999953
59,60,80,Denmark,4002401962.22625,4522129818.651428,0.5711190014592252,0.1149298842066788,16.32478379999884
59,70,80,Denmark,3967400079.9566007,4522129818.651428,0.5661244406330765,0.12267001632877865,16.655912599999283
59,80,80,Denmark,4002401962.2262497,4522129818.651428,0.5711190014592251,0.1149298842066789,17.542850399997405
59,100,80,Denmark,4002401962.2262506,4522129818.651428,0.5711190014592252,0.1149298842066787,16.673390899999504
59,110,80,Denmark,3967400079.9565997,4522129818.651428,0.5661244406330764,0.12267001632877887,16.887213899997732
59,120,80,Denmark,4002401962.2262506,4522129818.651428,0.5711190014592252,0.1149298842066787,17.439670700001443
59,130,80,Denmark,3967400079.956604,4522129818.651428,0.5661244406330771,0.12267001632877791,16.64367779999884
59,140,80,Denmark,4002401962.2262464,4522129818.651428,0.5711190014592247,0.11492988420667964,16.230039800000668
59,150,80,Denmark,3967400079.9565945,4522129818.651428,0.5661244406330757,0.12267001632878002,16.275996600001235
59,160,80,Denmark,4002401962.2262506,4522129818.651428,0.5711190014592252,0.1149298842066787,15.861743400000705
59,170,80,Denmark,3967400079.9566,4522129818.651428,0.5661244406330765,0.12267001632877876,16.14960820000124
63,0,75,China,4002691184.091791,4239496704.9857144,0.6092376231494355,0.05585698901839841,15.110726399998384
63,10,75,China,3975516272.0523376,4239496704.9857144,0.6051014112712843,0.062266927256466945,15.225421499999356
63,20,75,China,4002691184.091794,4239496704.9857144,0.609237623149436,0.05585698901839773,15.244443600000523
63,40,75,China,4002691184.091793,4239496704.9857144,0.6092376231494357,0.05585698901839796,14.69482159999825
63,50,75,China,3975516272.0523396,4239496704.9857144,0.6051014112712846,0.062266927256466494,15.106854000001476
63,60,75,China,4002691184.091789,4239496704.9857144,0.6092376231494351,0.05585698901839897,15.324551199999405
63,70,75,China,3975516272.052343,4239496704.9857144,0.605101411271285,0.06226692725646571,15.547000099999423
63,80,75,China,4002691184.09179,4239496704.9857144,0.6092376231494353,0.05585698901839863,15.00991090000025
63,90,75,China,3975516272.0523415,4239496704.9857144,0.6051014112712848,0.06226692725646605,14.435445800001617
63,100,75,China,4002691184.091792,4239496704.9857144,0.6092376231494356,0.05585698901839818,14.903076200000214
63,110,75,China,3975516272.05234,4239496704.9857144,0.6051014112712846,0.06226692725646638,16.232358100001875
63,120,75,China,4002691184.0917892,4239496704.9857144,0.6092376231494352,0.055856989018398855,15.789118900000176
63,130,75,China,3975516272.052344,4239496704.9857144,0.6051014112712852,0.06226692725646548,14.888233099998615
63,140,75,China,4002691184.0917916,4239496704.9857144,0.6092376231494355,0.05585698901839829,15.509766900002433
63,150,75,China,3975516272.05234,4239496704.9857144,0.6051014112712846,0.06226692725646638,14.898119000001316
63,160,75,China,4002691184.0917892,4239496704.9857144,0.6092376231494352,0.055856989018398855,14.751880800002255
63,170,75,China,3975516272.0523405,4239496704.9857144,0.6051014112712847,0.06226692725646627,15.373287399997935
66,0,74,China,3891258871.218198,4182970082.2525716,0.6002805860820372,0.06973781913287898,15.652558300000237
66,10,74,China,3945542002.655067,4182970082.2525716,0.6086545110846395,0.05676064493142327,15.153236000001925
66,20,74,China,3891258871.218218,4182970082.2525716,0.6002805860820403,0.06973781913287419,14.654900099998486
66,30,74,China,3945542002.655067,4182970082.2525716,0.6086545110846395,0.05676064493142327,15.6362936000005
66,40,74,China,3891258871.218195,4182970082.2525716,0.6002805860820367,0.06973781913287967,15.128864700000122
66,50,74,China,3945542002.655065,4182970082.2525716,0.6086545110846392,0.05676064493142373,15.488105399999768
66,60,74,China,3891258871.2182117,4182970082.2525716,0.6002805860820393,0.06973781913287568,15.713728899998387
66,70,74,China,3945542002.655066,4182970082.2525716,0.6086545110846393,0.0567606449314235,15.924141899999086
66,80,74,China,3891258871.2181973,4182970082.2525716,0.6002805860820372,0.0697378191328791,15.343615000001591
66,90,74,China,3945542002.6550684,4182970082.2525716,0.6086545110846397,0.05676064493142293,14.802060099998926
66,110,74,China,3945542002.6550665,4182970082.2525716,0.6086545110846394,0.05676064493142339,14.377489700000297
66,120,74,China,3891258871.2181864,4182970082.2525716,0.6002805860820354,0.06973781913288171,14.980770099999063
66,130,74,China,3945542002.655068,4182970082.2525716,0.6086545110846396,0.05676064493142304,14.253186800000549
66,140,74,China,3891258871.218189,4182970082.2525716,0.6002805860820358,0.06973781913288114,15.973178299998835
66,150,74,China,3945542002.655068,4182970082.2525716,0.6086545110846396,0.05676064493142304,14.774945200002549
66,160,74,China,3891258871.2182074,4182970082.2525716,0.6002805860820386,0.0697378191328767,14.361281699999381
66,170,74,China,3945542002.6550636,4182970082.2525716,0.608654511084639,0.05676064493142407,15.071591799998714
67,0,73,United Kingdom,3663415525.650116,4126443459.5194287,0.5728741361184269,0.11220993051562074,14.580874799998128
67,10,73,United Kingdom,3673649922.614467,4126443459.5194287,0.5744745609893143,0.10972973247952719,14.075731600001745
67,20,73,United Kingdom,3663415525.650117,4126443459.5194287,0.572874136118427,0.1122099305156205,14.80913259999943
67,30,73,United Kingdom,3673649922.614473,4126443459.5194287,0.5744745609893152,0.1097297324795258,14.985224600000947
67,40,73,United Kingdom,3663415525.6501203,4126443459.5194287,0.5728741361184275,0.1122099305156197,15.23312950000036
67,50,73,United Kingdom,3673649922.6144733,4126443459.5194287,0.5744745609893153,0.10972973247952568,14.122991500000353
67,60,73,United Kingdom,3663415525.6501184,4126443459.5194287,0.5728741361184272,0.11220993051562016,14.296446399999695
67,70,73,United Kingdom,3673649922.61447,4126443459.5194287,0.5744745609893147,0.1097297324795265,14.741523199998483
67,80,73,United Kingdom,3663415525.6501245,4126443459.5194287,0.5728741361184282,0.11220993051561866,14.807879699998011
67,90,73,United Kingdom,3673649922.61447,4126443459.5194287,0.5744745609893147,0.1097297324795265,14.080654500001401
67,110,73,United Kingdom,3673649922.614469,4126443459.5194287,0.5744745609893146,0.10972973247952672,14.797959499999706
67,120,73,United Kingdom,3663415525.650114,4126443459.5194287,0.5728741361184265,0.1122099305156212,14.078441300000122
67,130,73,United Kingdom,3673649922.614469,4126443459.5194287,0.5744745609893146,0.10972973247952672,15.173889699999563
67,140,73,United Kingdom,3663415525.650116,4126443459.5194287,0.5728741361184269,0.11220993051562074,13.761967400001595
67,150,73,United Kingdom,3673649922.6144724,4126443459.5194287,0.5744745609893152,0.10972973247952592,14.77195120000033
67,160,73,United Kingdom,3663415525.650113,4126443459.5194287,0.5728741361184264,0.11220993051562143,15.499685300001147
67,170,73,United Kingdom,3673649922.6144733,4126443459.5194287,0.5744745609893153,0.10972973247952568,14.082431899998483
70,0,70,China,3741130408.069131,3956863591.3199997,0.6100995446949007,0.05452125863628793,13.660861500000465
70,20,70,China,3741130408.0691314,3956863591.3199997,0.6100995446949008,0.05452125863628781,13.849282600000151
70,30,70,China,3747900592.9306755,3956863591.3199997,0.6112036191993926,0.05281026084591778,13.88753749999887
70,40,70,China,3741130408.0691323,3956863591.3199997,0.6100995446949009,0.05452125863628757,14.21583720000126
70,50,70,China,3747900592.9306765,3956863591.3199997,0.6112036191993928,0.052810260845917535,13.737561600002664
70,60,70,China,3741130408.0691304,3956863591.3199997,0.6100995446949006,0.054521258636288046,14.69596399999864
70,70,70,China,3747900592.930675,3956863591.3199997,0.6112036191993926,0.0528102608459179,13.59511719999864
70,80,70,China,3741130408.0691304,3956863591.3199997,0.6100995446949006,0.054521258636288046,14.0209840000025
70,90,70,China,3747900592.9306765,3956863591.3199997,0.6112036191993928,0.052810260845917535,14.143406600000162
70,100,70,China,3741130408.06913,3956863591.3199997,0.6100995446949005,0.05452125863628817,14.206140099999175
70,110,70,China,3747900592.930678,3956863591.3199997,0.611203619199393,0.052810260845917174,14.602894800002105
70,120,70,China,3741130408.069131,3956863591.3199997,0.6100995446949007,0.05452125863628793,14.435708299999533
70,130,70,China,3747900592.930676,3956863591.3199997,0.6112036191993927,0.05281026084591766,14.425618200002646
70,140,70,China,3741130408.069132,3956863591.3199997,0.6100995446949008,0.054521258636287685,14.3111465999973
70,150,70,China,3747900592.9306765,3956863591.3199997,0.6112036191993928,0.052810260845917535,13.938134700001683
70,160,70,China,3741130408.0691295,3956863591.3199997,0.6100995446949005,0.05452125863628829,15.012406899997586
70,170,70,China,3747900592.930678,3956863591.3199997,0.611203619199393,0.052810260845917174,13.234766800000216
71,0,69,Taiwan,3747715128.519035,3900336968.586857,0.62003095898998,0.03913042419078956,13.883424100000411
71,10,69,Taiwan,3736358759.1082106,3900336968.586857,0.6181521340593293,0.04204206221137292,13.053240500001266
71,20,69,Taiwan,3747715128.5190344,3900336968.586857,0.6200309589899798,0.03913042419078969,13.714996200000314
71,30,69,Taiwan,3736358759.108211,3900336968.586857,0.6181521340593295,0.04204206221137279,13.41578159999699
71,40,69,Taiwan,3747715128.5190353,3900336968.586857,0.6200309589899801,0.039130424190789444,13.889784099999815
71,50,69,Taiwan,3736358759.108213,3900336968.586857,0.6181521340593298,0.0420420622113723,13.083380700001726
71,70,69,Taiwan,3736358759.108212,3900336968.586857,0.6181521340593297,0.04204206221137255,13.524811800001771
71,80,69,Taiwan,3747715128.5190344,3900336968.586857,0.6200309589899798,0.03913042419078969,13.238440799999807
71,90,69,Taiwan,3736358759.1082134,3900336968.586857,0.6181521340593299,0.04204206221137218,13.943802300000243
71,100,69,Taiwan,3747715128.519035,3900336968.586857,0.62003095898998,0.03913042419078956,13.369145600001502
71,110,69,Taiwan,3736358759.1082106,3900336968.586857,0.6181521340593293,0.04204206221137292,13.368882499999017
71,120,69,Taiwan,3747715128.519035,3900336968.586857,0.62003095898998,0.03913042419078956,14.070203200000833
71,130,69,Taiwan,3736358759.108211,3900336968.586857,0.6181521340593295,0.04204206221137279,12.037450299998454
71,140,69,Taiwan,3747715128.5190344,3900336968.586857,0.6200309589899798,0.03913042419078969,7.258219399998779
71,150,69,Taiwan,3736358759.1082106,3900336968.586857,0.6181521340593293,0.04204206221137292,7.969951899998705
71,160,69,Taiwan,3747715128.5190353,3900336968.586857,0.6200309589899801,0.039130424190789444,6.80065260000265
71,170,69,Taiwan,3736358759.1082115,3900336968.586857,0.6181521340593296,0.04204206221137267,6.534850899999583
72,0,68,China,3618818956.0592694,3843810345.8537145,0.6075105687717012,0.05853342635313455,6.3198269000022265
72,20,68,China,3618818956.0592685,3843810345.8537145,0.607510568771701,0.0585334263531348,6.34792379999999
72,30,68,China,3659802421.9402127,3843810345.8537145,0.6143906832427164,0.04787122863956842,6.364761299999373
72,40,68,China,3618818956.059269,3843810345.8537145,0.6075105687717011,0.058533426353134674,6.3293709000026865
72,50,68,China,3659802421.9402146,3843810345.8537145,0.6143906832427166,0.04787122863956793,6.3009424999982
72,60,68,China,3618818956.0592685,3843810345.8537145,0.607510568771701,0.0585334263531348,6.2900867000025755
72,70,68,China,3659802421.940214,3843810345.8537145,0.6143906832427166,0.04787122863956805,6.304325000000972
72,80,68,China,3618818956.0592704,3843810345.8537145,0.6075105687717013,0.0585334263531343,6.310387000001356
72,90,68,China,3659802421.9402146,3843810345.8537145,0.6143906832427166,0.04787122863956793,6.290609700001369
72,100,68,China,3618818956.05927,3843810345.8537145,0.6075105687717013,0.058533426353134424,6.298133299998881
72,110,68,China,3659802421.940214,3843810345.8537145,0.6143906832427166,0.04787122863956805,6.299054199997045
72,120,68,China,3618818956.059269,3843810345.8537145,0.6075105687717011,0.058533426353134674,6.3094281000012415
72,130,68,China,3659802421.940214,3843810345.8537145,0.6143906832427166,0.04787122863956805,6.375084100000095
72,140,68,China,3618818956.0592685,3843810345.8537145,0.607510568771701,0.0585334263531348,6.352802699999302
72,150,68,China,3659802421.9402127,3843810345.8537145,0.6143906832427164,0.04787122863956842,6.427447699999902
72,160,68,China,3618818956.059269,3843810345.8537145,0.6075105687717011,0.058533426353134674,6.295522199994593
72,170,68,China,3659802421.940212,3843810345.8537145,0.6143906832427162,0.04787122863956867,6.28305040000123
74,0,62,China,3264835546.840022,3504650609.454857,0.6011260028796623,0.06842766636076675,5.700873599998886
74,10,62,China,3283107406.8949337,3504650609.454857,0.6044902428367458,0.06321406246952072,5.69591109999601
74,20,62,China,3264835546.8400693,3504650609.454857,0.601126002879671,0.06842766636075327,5.710246599999664
74,30,62,China,3283107406.894932,3504650609.454857,0.6044902428367455,0.06321406246952126,5.702363700002024
74,40,62,China,3264835546.840057,3504650609.454857,0.6011260028796688,0.06842766636075681,5.705392899995786
74,50,62,China,3283107406.8949294,3504650609.454857,0.604490242836745,0.06321406246952194,5.689552399999229
74,60,62,China,3264835546.840016,3504650609.454857,0.6011260028796612,0.06842766636076851,5.69767779999529
74,70,62,China,3283107406.8949356,3504650609.454857,0.6044902428367461,0.06321406246952017,5.703490499996406
74,80,62,China,3264835546.839888,3504650609.454857,0.6011260028796377,0.06842766636080498,5.755163300003915
74,90,62,China,3283107406.8949165,3504650609.454857,0.6044902428367426,0.06321406246952561,5.6935570999994525
74,100,62,China,3264835546.8401337,3504650609.454857,0.6011260028796829,0.06842766636073491,5.6919325000053504
74,110,62,China,3283107406.894921,3504650609.454857,0.6044902428367435,0.06321406246952439,5.707731499998772
74,120,62,China,3264835546.840013,3504650609.454857,0.6011260028796607,0.06842766636076933,5.684100299993588
74,130,62,China,3283107406.8949237,3504650609.454857,0.6044902428367439,0.06321406246952357,5.69226680000429
74,140,62,China,3264835546.839942,3504650609.454857,0.6011260028796476,0.0684276663607896,5.699004800000694
74,150,62,China,3283107406.8949327,3504650609.454857,0.6044902428367456,0.06321406246952099,5.956944699995802
74,160,62,China,3264835546.840058,3504650609.454857,0.6011260028796689,0.06842766636075655,5.742397599999094
80,0,60,United Kingdom,3246076793.658323,3391597363.988571,0.6175945193413857,0.04290620457350335,5.513203599999542
80,10,60,United Kingdom,3262912559.5288,3391597363.988571,0.6207976711432268,0.03794224097061918,5.514623199997004
80,20,60,United Kingdom,3246076793.6583242,3391597363.988571,0.6175945193413859,0.042906204573502936,5.489483900004416
80,30,60,United Kingdom,3262912559.528801,3391597363.988571,0.6207976711432269,0.03794224097061889,5.516399299995101
80,40,60,United Kingdom,3246076793.6583214,3391597363.988571,0.6175945193413853,0.042906204573503776,5.482296800000768
80,50,60,United Kingdom,3262912559.5288005,3391597363.988571,0.6207976711432269,0.03794224097061903,5.48356039999635
80,60,60,United Kingdom,3246076793.6583214,3391597363.988571,0.6175945193413853,0.042906204573503776,5.489387399997213
80,70,60,United Kingdom,3262912559.5287995,3391597363.988571,0.6207976711432267,0.037942240970619316,5.482357100001536
80,80,60,United Kingdom,3246076793.6583247,3391597363.988571,0.617594519341386,0.04290620457350279,5.5035499000005075
80,100,60,United Kingdom,3246076793.658325,3391597363.988571,0.6175945193413861,0.04290620457350265,5.508556000000681
80,110,60,United Kingdom,3262912559.5288,3391597363.988571,0.6207976711432268,0.03794224097061918,5.494920500001172
80,120,60,United Kingdom,3246076793.6583223,3391597363.988571,0.6175945193413855,0.0429062045735035,5.4920792000048095
80,130,60,United Kingdom,3262912559.528803,3391597363.988571,0.6207976711432274,0.03794224097061833,5.49133250000159
80,140,60,United Kingdom,3246076793.6583223,3391597363.988571,0.6175945193413855,0.0429062045735035,5.473588999993808
80,150,60,United Kingdom,3262912559.5288005,3391597363.988571,0.6207976711432269,0.03794224097061903,5.494189800003369
80,160,60,United Kingdom,3246076793.658325,3391597363.988571,0.6175945193413861,0.04290620457350265,5.490582500002347
80,170,60,United Kingdom,3262912559.528802,3391597363.988571,0.6207976711432271,0.03794224097061861,5.489173199996003
83,0,58,United Kingdom,2825331812.345948,3278544118.5222855,0.5560801079251197,0.13823584182256188,5.256087399997341
83,10,58,United Kingdom,2833226898.825561,3278544118.5222855,0.5576340140972998,0.13582773438395548,5.2443270000003395
83,20,58,United Kingdom,2825331812.3459516,3278544118.5222855,0.5560801079251204,0.13823584182256088,5.279971199997817
83,30,58,United Kingdom,2833226898.825565,3278544118.5222855,0.5576340140973006,0.13582773438395432,5.306680400004552
83,40,58,United Kingdom,2825331812.3459606,3278544118.5222855,0.5560801079251222,0.1382358418225581,5.236148200005118
83,50,58,United Kingdom,2833226898.8255706,3278544118.5222855,0.5576340140973017,0.13582773438395257,5.264091899996856
83,60,58,United Kingdom,2825331812.3459616,3278544118.5222855,0.5560801079251223,0.13823584182255783,5.233935299998848
83,70,58,United Kingdom,2833226898.8255715,3278544118.5222855,0.557634014097302,0.13582773438395226,5.46629060000123
83,80,58,United Kingdom,2825331812.3459444,3278544118.5222855,0.556080107925119,0.13823584182256304,5.953179600001022
83,90,58,United Kingdom,2833226898.8255715,3278544118.5222855,0.557634014097302,0.13582773438395226,5.667524600001343
83,100,58,United Kingdom,2825331812.345951,3278544118.5222855,0.5560801079251203,0.13823584182256102,5.252833099999407
83,110,58,United Kingdom,2833226898.8255653,3278544118.5222855,0.5576340140973007,0.13582773438395415,5.248530799995933
83,130,58,United Kingdom,2833226898.825566,3278544118.5222855,0.5576340140973007,0.135827734383954,5.237848599994322
83,140,58,United Kingdom,2825331812.3459516,3278544118.5222855,0.5560801079251204,0.13823584182256088,5.267061200000171
83,150,58,United Kingdom,2833226898.82557,3278544118.5222855,0.5576340140973016,0.1358277343839527,5.260514800000237
83,160,58,United Kingdom,2825331812.3459535,3278544118.5222855,0.5560801079251207,0.1382358418225603,5.260811300002388
83,170,58,United Kingdom,2833226898.825567,3278544118.5222855,0.557634014097301,0.13582773438395374,5.229125099998782
84,0,57,United Kingdom,3063153500.8498297,3222017495.789142,0.6134650125870844,0.049305751798968185,5.184354799996072
84,10,57,United Kingdom,3039674741.0316467,3222017495.789142,0.6087628657036863,0.05659272645036823,5.297820599997067
84,20,57,United Kingdom,3063153500.8498282,3222017495.789142,0.6134650125870841,0.04930575179896863,5.83701939999446
84,30,57,United Kingdom,3039674741.0316496,3222017495.789142,0.608762865703687,0.056592726450367344,5.514431100004003
84,40,57,United Kingdom,3063153500.8498297,3222017495.789142,0.6134650125870844,0.049305751798968185,5.169454000002588
84,50,57,United Kingdom,3039674741.0316467,3222017495.789142,0.6087628657036863,0.05659272645036823,5.176926699998148
84,60,57,United Kingdom,3063153500.8498282,3222017495.789142,0.6134650125870841,0.04930575179896863,5.179235000003246
84,70,57,United Kingdom,3039674741.031646,3222017495.789142,0.6087628657036862,0.05659272645036853,5.176972499997646
84,80,57,United Kingdom,3063153500.8498282,3222017495.789142,0.6134650125870841,0.04930575179896863,5.19998669999768
84,90,57,United Kingdom,3039674741.031649,3222017495.789142,0.6087628657036869,0.056592726450367496,5.173844400000235
84,100,57,United Kingdom,3063153500.84983,3222017495.789142,0.6134650125870844,0.04930575179896804,5.1939549000017
84,120,57,United Kingdom,3063153500.849828,3222017495.789142,0.613465012587084,0.049305751798968775,5.739586600000621
84,130,57,United Kingdom,3039674741.031648,3222017495.789142,0.6087628657036867,0.05659272645036779,5.823849299995345
84,140,57,United Kingdom,3063153500.849829,3222017495.789142,0.6134650125870843,0.04930575179896833,5.175280000003113
84,150,57,United Kingdom,3039674741.0316496,3222017495.789142,0.608762865703687,0.056592726450367344,5.171275499997137
84,160,57,United Kingdom,3063153500.849829,3222017495.789142,0.6134650125870843,0.04930575179896833,5.168864200000826
84,170,57,United Kingdom,3039674741.031647,3222017495.789142,0.6087628657036864,0.056592726450368086,5.166077000001678
85,0,56,China,3033765769.946777,3165490873.0559993,0.6184290953087852,0.04161285196884917,5.07421020000038
85,10,56,China,3006134391.2427006,3165490873.0559993,0.6127964757099439,0.05034179159058962,5.13877599999978
85,20,56,China,3033765769.946777,3165490873.0559993,0.6184290953087852,0.04161285196884917,5.080359399995359
85,30,56,China,3006134391.242702,3165490873.0559993,0.6127964757099441,0.05034179159058917,5.365660399998887
85,40,56,China,3033765769.946777,3165490873.0559993,0.6184290953087852,0.04161285196884917,5.741095599994878
85,50,56,China,3006134391.2427,3165490873.0559993,0.6127964757099438,0.05034179159058977,5.345282700000098
85,60,56,China,3033765769.946776,3165490873.0559993,0.6184290953087851,0.04161285196884947,5.076985900006548
85,70,56,China,3006134391.2427,3165490873.0559993,0.6127964757099438,0.05034179159058977,5.073464699999022
85,80,56,China,3033765769.9467764,3165490873.0559993,0.6184290953087851,0.04161285196884932,5.071453100004874
85,90,56,China,3006134391.2427006,3165490873.0559993,0.6127964757099439,0.05034179159058962,5.087958600001002
85,100,56,China,3033765769.9467764,3165490873.0559993,0.6184290953087851,0.04161285196884932,5.068203899994842
85,110,56,China,3006134391.242702,3165490873.0559993,0.6127964757099441,0.05034179159058917,5.065816800000903
85,120,56,China,3033765769.946776,3165490873.0559993,0.6184290953087851,0.04161285196884947,5.053056099997775
85,140,56,China,3033765769.9467764,3165490873.0559993,0.6184290953087851,0.04161285196884932,5.677249899999879
85,150,56,China,3006134391.2427025,3165490873.0559993,0.6127964757099442,0.05034179159058902,5.650862200003758
85,160,56,China,3033765769.946777,3165490873.0559993,0.6184290953087852,0.04161285196884917,5.067977899998368
85,170,56,China,3006134391.242701,3165490873.0559993,0.612796475709944,0.05034179159058947,5.063455899995461
86,0,56,Vietnam,2983613420.3569903,3165490873.0559993,0.6082056059109977,0.0574563187804811,5.065311300000758
86,10,56,Vietnam,2981547660.295555,3165490873.0559993,0.6077845034849061,0.058108906370929886,5.20494840000174
86,30,56,Vietnam,2981547660.295555,3165490873.0559993,0.6077845034849061,0.058108906370929886,5.730437699996401
86,40,56,Vietnam,2983613420.35699,3165490873.0559993,0.6082056059109976,0.057456318780481255,5.436768600004143
86,50,56,Vietnam,2981547660.2955537,3165490873.0559993,0.6077845034849058,0.05810890637093034,5.071765599997889
86,60,56,Vietnam,2983613420.3569803,3165490873.0559993,0.6082056059109957,0.05745631878048427,5.077583800004504
86,70,56,Vietnam,2981547660.2955546,3165490873.0559993,0.607784503484906,0.05810890637093004,5.05975639999815
86,80,56,Vietnam,2983613420.3569984,3165490873.0559993,0.6082056059109994,0.05745631878047854,5.162538399999903
86,90,56,Vietnam,2981547660.2955546,3165490873.0559993,0.607784503484906,0.05810890637093004,5.074267399999371
86,100,56,Vietnam,2983613420.356999,3165490873.0559993,0.6082056059109995,0.057456318780478396,5.071979799999099
86,110,56,Vietnam,2981547660.295555,3165490873.0559993,0.6077845034849061,0.058108906370929886,5.071177900004841
86,120,56,Vietnam,2983613420.3569818,3165490873.0559993,0.6082056059109959,0.057456318780483816,5.701664499996696
86,130,56,Vietnam,2981547660.2955537,3165490873.0559993,0.6077845034849058,0.05810890637093034,5.754479899995204
86,140,56,Vietnam,2983613420.357,3165490873.0559993,0.6082056059109997,0.05745631878047809,5.1036338999983855
86,150,56,Vietnam,2981547660.2955546,3165490873.0559993,0.607784503484906,0.05810890637093004,5.072923300002003
86,160,56,Vietnam,2983613420.356982,3165490873.0559993,0.608205605910996,0.05745631878048366,5.063319499997306
86,170,56,Vietnam,2981547660.2955546,3165490873.0559993,0.607784503484906,0.05810890637093004,5.079554200005077
88,0,55,China,2959259893.804588,3108964250.3228564,0.6142091934007031,0.048152485671947576,4.97282819999964
88,10,55,China,2987044328.9837933,3108964250.3228564,0.6199759919019912,0.039215607360683594,4.976294499996584
88,20,55,China,2959259893.8045883,3108964250.3228564,0.6142091934007032,0.04815248567194742,5.009468999996898
88,40,55,China,2959259893.804588,3108964250.3228564,0.6142091934007031,0.048152485671947576,5.0671444999970845
88,50,55,China,2987044328.9837923,3108964250.3228564,0.6199759919019909,0.039215607360683906,5.610422199999448
88,60,55,China,2959259893.8045897,3108964250.3228564,0.6142091934007036,0.048152485671946965,5.439612600006512
88,70,55,China,2987044328.983793,3108964250.3228564,0.619975991901991,0.039215607360683746,4.970241500006523
88,80,55,China,2959259893.8045874,3108964250.3228564,0.614209193400703,0.04815248567194773,4.961589800004731
88,90,55,China,2987044328.9837914,3108964250.3228564,0.6199759919019907,0.03921560736068421,4.953492499997083
88,100,55,China,2959259893.804588,3108964250.3228564,0.6142091934007031,0.048152485671947576,4.955269300000509
88,110,55,China,2987044328.983793,3108964250.3228564,0.619975991901991,0.039215607360683746,4.95400370000425
88,120,55,China,2959259893.804588,3108964250.3228564,0.6142091934007031,0.048152485671947576,4.972250500002701
88,130,55,China,2987044328.983793,3108964250.3228564,0.619975991901991,0.039215607360683746,4.9571323999989545
88,140,55,China,2959259893.804587,3108964250.3228564,0.614209193400703,0.04815248567194788,5.240481000000727
88,150,55,China,2987044328.9837937,3108964250.3228564,0.6199759919019913,0.03921560736068344,5.644533700004104
88,160,55,China,2959259893.8045864,3108964250.3228564,0.6142091934007029,0.04815248567194804,5.292713800001366
88,170,55,China,2987044328.9837923,3108964250.3228564,0.6199759919019909,0.039215607360683906,4.97516600000381
90,0,55,China,2976945200.611328,3108964250.3228564,0.6178798672916829,0.042463997357904175,4.982588599996234
90,10,55,China,2975812147.1752486,3108964250.3228564,0.6176446963834057,0.04282844459655024,5.01680910000141
90,20,55,China,2976945200.611328,3108964250.3228564,0.6178798672916829,0.042463997357904175,5.384562399995048
90,30,55,China,2975812147.1752462,3108964250.3228564,0.6176446963834052,0.042828444596551,5.190737900004024
90,40,55,China,2976945200.611326,3108964250.3228564,0.6178798672916825,0.042463997357904786,4.981343799998285
90,50,55,China,2975812147.1752477,3108964250.3228564,0.6176446963834055,0.042828444596550545,4.9720922999986215
90,60,55,China,2976945200.611327,3108964250.3228564,0.6178798672916826,0.04246399735790448,4.962526100003743
90,70,55,China,2975812147.1752477,3108964250.3228564,0.6176446963834055,0.042828444596550545,4.962345200001437
90,80,55,China,2976945200.6113276,3108964250.3228564,0.6178798672916828,0.04246399735790433,4.983951100002741
90,90,55,China,2975812147.175247,3108964250.3228564,0.6176446963834054,0.0428284445965507,5.144319999999425
90,100,55,China,2976945200.6113276,3108964250.3228564,0.6178798672916828,0.04246399735790433,5.015513500002271
90,110,55,China,2975812147.1752477,3108964250.3228564,0.6176446963834055,0.042828444596550545,5.445467300000018
90,120,55,China,2976945200.611335,3108964250.3228564,0.6178798672916843,0.042463997357902024,5.61064400000032
90,140,55,China,2976945200.611333,3108964250.3228564,0.6178798672916839,0.04246399735790264,5.047583300001861
90,150,55,China,2975812147.175246,3108964250.3228564,0.6176446963834051,0.042828444596551156,4.975337199997739
90,160,55,China,2976945200.611329,3108964250.3228564,0.6178798672916831,0.04246399735790386,4.975369799998589
90,170,55,China,2975812147.175247,3108964250.3228564,0.6176446963834054,0.0428284445965507,4.994972300002701
91,0,55,China,2932168464.929032,3108964250.3228564,0.6085862318242076,0.05686645813809692,4.99261149999802
91,10,55,China,2926949714.836381,3108964250.3228564,0.6075030541378956,0.05854507187323682,4.983462699994561
91,20,55,China,2932168464.9290266,3108964250.3228564,0.6085862318242065,0.056866458138098604,4.9679031999985455
91,30,55,China,2926949714.836379,3108964250.3228564,0.6075030541378952,0.05854507187323744,4.988528800000495
91,40,55,China,2932168464.9290276,3108964250.3228564,0.6085862318242067,0.0568664581380983,5.5872786000036285
91,50,55,China,2926949714.8363795,3108964250.3228564,0.6075030541378953,0.058545071873237285,5.534051199996611
91,60,55,China,2932168464.92902,3108964250.3228564,0.608586231824205,0.05686645813810075,4.973546900000656
91,70,55,China,2926949714.8363776,3108964250.3228564,0.6075030541378948,0.058545071873237896,4.977770999998029
91,80,55,China,2932168464.929029,3108964250.3228564,0.6085862318242069,0.05686645813809783,4.967478500002471
91,90,55,China,2926949714.83638,3108964250.3228564,0.6075030541378954,0.05854507187323713,5.039861099998234
91,100,55,China,2932168464.9290323,3108964250.3228564,0.6085862318242076,0.056866458138096765,4.974092500000552
91,110,55,China,2926949714.836376,3108964250.3228564,0.6075030541378946,0.058545071873238354,4.979838500003098
91,120,55,China,2932168464.929021,3108964250.3228564,0.6085862318242052,0.05686645813810044,4.951729499996873
91,130,55,China,2926949714.8363795,3108964250.3228564,0.6075030541378953,0.058545071873237285,5.129552800004603
91,150,55,China,2926949714.836379,3108964250.3228564,0.6075030541378952,0.05854507187323744,5.594416899999487
91,160,55,China,2932168464.929041,3108964250.3228564,0.6085862318242095,0.056866458138094,5.674185900003067
91,170,55,China,2926949714.8363795,3108964250.3228564,0.6075030541378953,0.058545071873237285,5.358113200003572
92,0,54,China,2869282962.0191774,3052437627.589714,0.6065624391212535,0.06000275449204196,4.935288999993645
92,10,54,China,2895100195.8423357,3052437627.589714,0.6120201665487772,0.05154484741154766,4.927462899999227
92,20,54,China,2869282962.0191793,3052437627.589714,0.6065624391212538,0.06000275449204134,4.863593100002618
92,30,54,China,2895100195.8423367,3052437627.589714,0.6120201665487774,0.05154484741154735,5.342503100000613
92,40,54,China,2869282962.0191813,3052437627.589714,0.6065624391212543,0.06000275449204071,5.5359376999986125
92,50,54,China,2895100195.8423367,3052437627.589714,0.6120201665487774,0.05154484741154735,5.185299099997792
92,60,54,China,2869282962.0191774,3052437627.589714,0.6065624391212535,0.06000275449204196,4.870841899995867
92,70,54,China,2895100195.842335,3052437627.589714,0.6120201665487771,0.051544847411547814,4.860589700001583
92,80,54,China,2869282962.019181,3052437627.589714,0.6065624391212542,0.060002754492040865,4.859447700000601
92,90,54,China,2895100195.842336,3052437627.589714,0.6120201665487773,0.0515448474115475,4.874870800005738
92,100,54,China,2869282962.0191784,3052437627.589714,0.6065624391212536,0.06000275449204165,4.880604199999652
92,110,54,China,2895100195.8423367,3052437627.589714,0.6120201665487774,0.05154484741154735,4.8616365999987465
92,120,54,China,2869282962.0191774,3052437627.589714,0.6065624391212535,0.06000275449204196,4.868517000002612
92,130,54,China,2895100195.842336,3052437627.589714,0.6120201665487773,0.0515448474115475,5.396944399995846
92,150,54,China,2895100195.8423357,3052437627.589714,0.6120201665487772,0.05154484741154766,5.491688500005694
92,160,54,China,2869282962.0191817,3052437627.589714,0.6065624391212544,0.06000275449204055,4.860427799998433
92,170,54,China,2895100195.842336,3052437627.589714,0.6120201665487773,0.0515448474115475,4.837766799995734
93,0,39,United Kingdom,2155843358.5579295,2204538286.5925713,0.6310277949180217,0.02208849278363258,3.4434703000006266
93,10,39,United Kingdom,2148330254.3590693,2204538286.5925713,0.6288286659521922,0.025496509892953347,3.457336400002532
93,20,39,United Kingdom,2155843358.5579305,2204538286.5925713,0.6310277949180221,0.022088492783632147,3.4413391000052798
93,30,39,United Kingdom,2148330254.3590684,2204538286.5925713,0.6288286659521919,0.025496509892953777,3.454662800002552
93,50,39,United Kingdom,2148330254.359069,2204538286.5925713,0.628828665952192,0.025496509892953562,3.4504661000028136
93,60,39,United Kingdom,2155843358.557929,2204538286.5925713,0.6310277949180216,0.022088492783632795,3.4939201999950456
93,70,39,United Kingdom,2148330254.3590684,2204538286.5925713,0.6288286659521919,0.025496509892953777,3.4894043000022066
93,80,39,United Kingdom,2155843358.557929,2204538286.5925713,0.6310277949180216,0.022088492783632795,3.4923689999995986
93,90,39,United Kingdom,2148330254.3590693,2204538286.5925713,0.6288286659521922,0.025496509892953347,3.672526200003631
93,100,39,United Kingdom,2155843358.5579286,2204538286.5925713,0.6310277949180215,0.022088492783633014,3.9254529000027105
93,110,39,United Kingdom,2148330254.3590684,2204538286.5925713,0.6288286659521919,0.025496509892953777,3.909874099997978
93,120,39,United Kingdom,2155843358.557929,2204538286.5925713,0.6310277949180216,0.022088492783632795,3.5171157000004314
93,130,39,United Kingdom,2148330254.359069,2204538286.5925713,0.628828665952192,0.025496509892953562,3.439260800005286
93,140,39,United Kingdom,2155843358.5579286,2204538286.5925713,0.6310277949180215,0.022088492783633014,3.510349899996072
93,150,39,United Kingdom,2148330254.3590684,2204538286.5925713,0.6288286659521919,0.025496509892953777,3.4463057999964803
93,160,39,United Kingdom,2155843358.5579295,2204538286.5925713,0.6310277949180217,0.02208849278363258,3.4495234999994864
93,170,39,United Kingdom,2148330254.359069,2204538286.5925713,0.628828665952192,0.025496509892953562,3.4349565000011353
96,0,50,United Kingdom,2571128641.0790606,2826331136.657143,0.5870156714792376,0.09029461985828191,4.464883399996324
96,10,50,United Kingdom,2577855378.6912374,2826331136.657143,0.5885514563222003,0.08791459526564589,4.456096099995193
96,20,50,United Kingdom,2571128641.079058,2826331136.657143,0.5870156714792371,0.09029461985828276,4.470370399998501
96,30,50,United Kingdom,2577855378.6912384,2826331136.657143,0.5885514563222005,0.08791459526564556,4.460100199998124
96,40,50,United Kingdom,2571128641.0790563,2826331136.657143,0.5870156714792366,0.09029461985828342,4.470482800003083
96,50,50,United Kingdom,2577855378.6912346,2826331136.657143,0.5885514563221996,0.0879145952656469,4.461390100004792
96,70,50,United Kingdom,2577855378.691235,2826331136.657143,0.5885514563221997,0.08791459526564674,4.45997129999887
96,80,50,United Kingdom,2571128641.0790606,2826331136.657143,0.5870156714792376,0.09029461985828191,4.449734499998158
96,90,50,United Kingdom,2577855378.69123,2826331136.657143,0.5885514563221986,0.0879145952656486,4.464722299999266
96,100,50,United Kingdom,2571128641.0790586,2826331136.657143,0.5870156714792372,0.09029461985828259,4.455463600002986
96,110,50,United Kingdom,2577855378.691232,2826331136.657143,0.5885514563221992,0.08791459526564775,4.484049300001061
96,120,50,United Kingdom,2571128641.07906,2826331136.657143,0.5870156714792375,0.09029461985828208,5.060060200004955
96,130,50,United Kingdom,2577855378.691234,2826331136.657143,0.5885514563221995,0.08791459526564709,5.041812099996605
96,140,50,United Kingdom,2571128641.079059,2826331136.657143,0.5870156714792373,0.09029461985828242,4.45695269999851
96,150,50,United Kingdom,2577855378.6912284,2826331136.657143,0.5885514563221983,0.0879145952656491,4.465484099993773
96,160,50,United Kingdom,2571128641.0790606,2826331136.657143,0.5870156714792376,0.09029461985828191,4.473049799998989
96,170,50,United Kingdom,2577855378.691233,2826331136.657143,0.5885514563221994,0.08791459526564742,4.459319299996423
97,0,49,China,2598422968.03491,2769804513.924,0.6053543397714356,0.06187496086006888,4.371828300005291
97,10,49,China,2580347126.9598684,2769804513.924,0.6011432128785454,0.06840099581458399,4.397937200003071
97,20,49,China,2598422968.03491,2769804513.924,0.6053543397714356,0.06187496086006888,4.3617578000048525
97,40,49,China,2598422968.034911,2769804513.924,0.6053543397714358,0.06187496086006853,4.370973600001889
97,50,49,China,2580347126.959868,2769804513.924,0.6011432128785453,0.06840099581458417,4.449438799994823
97,60,49,China,2598422968.034911,2769804513.924,0.6053543397714358,0.06187496086006853,4.956034199996793
97,70,49,China,2580347126.9598675,2769804513.924,0.6011432128785452,0.06840099581458434,4.931553999995231
97,80,49,China,2598422968.0349097,2769804513.924,0.6053543397714355,0.06187496086006905,4.371068899999955
97,90,49,China,2580347126.9598703,2769804513.924,0.6011432128785459,0.0684009958145833,4.3667365000001155
97,100,49,China,2598422968.034912,2769804513.924,0.605354339771436,0.06187496086006819,4.367556899996998
97,110,49,China,2580347126.95987,2769804513.924,0.6011432128785458,0.06840099581458348,4.367599600001995
97,120,49,China,2598422968.0349097,2769804513.924,0.6053543397714355,0.06187496086006905,4.36372190000111
97,130,49,China,2580347126.95987,2769804513.924,0.6011432128785458,0.06840099581458348,4.364231600004132
97,140,49,China,2598422968.0349116,2769804513.924,0.6053543397714359,0.061874960860068356,4.367176499996276
97,150,49,China,2580347126.959868,2769804513.924,0.6011432128785453,0.06840099581458417,4.367555799995898
97,160,49,China,2598422968.0349097,2769804513.924,0.6053543397714355,0.06187496086006905,4.428300999999919
97,170,49,China,2580347126.959866,2769804513.924,0.6011432128785449,0.06840099581458485,4.929814800001623
99,0,48,Sweden,2266238035.8952436,2713277891.190857,0.5389645252795005,0.16476007000499593,4.823229900001024
99,10,48,Sweden,2276571002.315122,2713277891.190857,0.5414219468976222,0.16095177360696522,4.265003300002718
99,20,48,Sweden,2266238035.8952446,2713277891.190857,0.5389645252795007,0.16476007000499557,4.226779799995711
99,30,48,Sweden,2276697162.767539,2713277891.190857,0.5414519508103927,0.16090527617563816,4.241049800002656
99,40,48,Sweden,2266238035.8952384,2713277891.190857,0.5389645252794992,0.16476007000499784,4.227987800004485
99,60,48,Sweden,2266238035.8952394,2713277891.190857,0.5389645252794995,0.1647600700049975,4.230763799998385
99,70,48,Sweden,2276571002.3151174,2713277891.190857,0.5414219468976211,0.16095177360696697,4.231636399999843
99,80,48,Sweden,2266238035.8952446,2713277891.190857,0.5389645252795007,0.16476007000499557,4.240201699998579
99,90,48,Sweden,2276634738.7387695,2713277891.190857,0.5414371049131397,0.160928283044552,4.233969000000798
99,100,48,Sweden,2266238035.8952413,2713277891.190857,0.5389645252794999,0.1647600700049968,4.240822100000514
99,110,48,Sweden,2276697162.767543,2713277891.190857,0.5414519508103935,0.16090527617563674,4.64472399999795
99,120,48,Sweden,2266238035.895244,2713277891.190857,0.5389645252795006,0.16476007000499573,4.81416739999986
99,130,48,Sweden,2276571002.315123,2713277891.190857,0.5414219468976225,0.16095177360696486,4.499079499997606
99,140,48,Sweden,2266238035.8952427,2713277891.190857,0.5389645252795002,0.16476007000499626,4.242238200000429
99,150,48,Sweden,2276697162.767547,2713277891.190857,0.5414519508103945,0.16090527617563516,4.229659999997239
99,160,48,Sweden,2266238035.895239,2713277891.190857,0.5389645252794993,0.16476007000499768,4.221792500000447
99,170,48,Sweden,2276634738.738769,2713277891.190857,0.5414371049131396,0.16092828304455217,4.229798499996832
100,0,48,Netherlands,2518295219.6578803,2713277891.190857,0.598909631767951,0.07186240383486808,4.8073883000033675
100,10,48,Netherlands,2536542178.157137,2713277891.190857,0.6032491862055596,0.06513734314038536,4.845142300000589
100,20,48,Netherlands,2518295219.657857,2713277891.190857,0.5989096317679454,0.0718624038348767,4.356069200002821
100,40,48,Netherlands,2518295219.6579,2713277891.190857,0.5989096317679556,0.07186240383486088,4.264198599994415
100,50,48,Netherlands,2536542178.1571326,2713277891.190857,0.6032491862055586,0.06513734314038694,4.256627999995544
100,60,48,Netherlands,2518295219.657895,2713277891.190857,0.5989096317679545,0.07186240383486264,4.249252399997204
100,70,48,Netherlands,2536542178.1571345,2713277891.190857,0.603249186205559,0.06513734314038623,4.374567999999272
100,80,48,Netherlands,2518295219.657887,2713277891.190857,0.5989096317679525,0.07186240383486563,4.284080400000676
100,90,48,Netherlands,2536542178.1571317,2713277891.190857,0.6032491862055583,0.06513734314038729,4.2572110000037355
100,100,48,Netherlands,2518295219.6578717,2713277891.190857,0.598909631767949,0.07186240383487125,4.268269799998961
100,110,48,Netherlands,2536542178.1571307,2713277891.190857,0.6032491862055581,0.06513734314038765,4.24830259999726
100,120,48,Netherlands,2518295219.657871,2713277891.190857,0.5989096317679488,0.0718624038348716,4.657680899996194
100,130,48,Netherlands,2536542178.1571326,2713277891.190857,0.6032491862055586,0.06513734314038694,4.842239300000074
100,140,48,Netherlands,2518295219.6578255,2713277891.190857,0.598909631767938,0.07186240383488829,4.563427699999011
100,150,48,Netherlands,2536542178.157136,2713277891.190857,0.6032491862055593,0.0651373431403857,4.247913799998059
100,160,48,Netherlands,2518295219.6578965,2713277891.190857,0.5989096317679549,0.07186240383486212,4.271327899994503
100,170,48,Netherlands,2536542178.157133,2713277891.190857,0.6032491862055587,0.06513734314038676,4.258367200003704
102,0,45,United Kingdom,2328002101.182824,2543698022.9914284,0.5905636989301939,0.08479619823541101,3.9976014999992913
102,10,45,United Kingdom,2355428876.266217,2543698022.9914284,0.597521277591633,0.07401395331659837,4.011067999999796
102,20,45,United Kingdom,2328002101.182822,2543698022.9914284,0.5905636989301933,0.08479619823541176,3.9849067000031937
102,30,45,United Kingdom,2355428876.2662225,2543698022.9914284,0.5975212775916343,0.07401395331659631,4.068150200000673
102,40,45,United Kingdom,2328002101.182823,2543698022.9914284,0.5905636989301936,0.08479619823541139,3.999748100002762
102,50,45,United Kingdom,2355428876.2662187,2543698022.9914284,0.5975212775916333,0.07401395331659781,3.98410370000056
102,60,45,United Kingdom,2328002101.182826,2543698022.9914284,0.5905636989301943,0.08479619823541026,3.9897360999966622
102,70,45,United Kingdom,2355428876.2662196,2543698022.9914284,0.5975212775916335,0.07401395331659744,4.217856700000993
102,80,45,United Kingdom,2328002101.1828256,2543698022.9914284,0.5905636989301942,0.08479619823541044,4.512457700002415
102,90,45,United Kingdom,2355428876.2662225,2543698022.9914284,0.5975212775916343,0.07401395331659631,4.456296399999701
102,100,45,United Kingdom,2328002101.182824,2543698022.9914284,0.5905636989301939,0.08479619823541101,3.988471099997696
102,110,45,United Kingdom,2355428876.2662196,2543698022.9914284,0.5975212775916335,0.07401395331659744,3.9759216000020388
102,120,45,United Kingdom,2328002101.1828237,2543698022.9914284,0.5905636989301937,0.0847961982354112,3.979977599999984
102,130,45,United Kingdom,2355428876.266225,2543698022.9914284,0.5975212775916349,0.07401395331659537,3.9712945999999647
102,150,45,United Kingdom,2355428876.2662196,2543698022.9914284,0.5975212775916335,0.07401395331659744,3.9824365000022226
102,160,45,United Kingdom,2328002101.182821,2543698022.9914284,0.590563698930193,0.08479619823541233,3.9861622999960673
102,170,45,United Kingdom,2355428876.2662206,2543698022.9914284,0.5975212775916339,0.07401395331659706,3.9833121999981813
103,0,41,China,2203168570.2631235,2317591532.058857,0.6134225888916147,0.04937149631975252,3.6112542000046233
103,10,41,China,2203658136.1708264,2317591532.058857,0.6135588974748932,0.049160257237743955,3.626604099998076
103,20,41,China,2203168570.263123,2317591532.058857,0.6134225888916146,0.049371496319752725,3.651435500003572
103,30,41,China,2203658136.170826,2317591532.058857,0.6135588974748931,0.049160257237744164,4.101510799999232
103,40,41,China,2203168570.263123,2317591532.058857,0.6134225888916146,0.049371496319752725,4.113951100000122
103,50,41,China,2203658136.170826,2317591532.058857,0.6135588974748931,0.049160257237744164,4.145884600002319
103,60,41,China,2203168570.2631235,2317591532.058857,0.6134225888916147,0.04937149631975252,3.979163599993626
103,70,41,China,2203658136.1708264,2317591532.058857,0.6135588974748932,0.049160257237743955,3.6222798000017065
103,80,41,China,2203168570.263123,2317591532.058857,0.6134225888916146,0.049371496319752725,3.6073602000033134
103,90,41,China,2203658136.170827,2317591532.058857,0.6135588974748933,0.049160257237743754,3.676102400000673
103,100,41,China,2203168570.2631235,2317591532.058857,0.6134225888916147,0.04937149631975252,3.6595487000013236
103,110,41,China,2203658136.1708274,2317591532.058857,0.6135588974748934,0.049160257237743546,3.3310091999956057
103,120,41,China,2203168570.2631235,2317591532.058857,0.6134225888916147,0.04937149631975252,3.3458185999988928
103,130,41,China,2203658136.1708264,2317591532.058857,0.6135588974748932,0.049160257237743955,3.32833959999698
103,150,41,China,2203658136.1708274,2317591532.058857,0.6135588974748934,0.049160257237743546,3.3358007999995607
103,160,41,China,2203168570.263123,2317591532.058857,0.6134225888916146,0.049371496319752725,3.340359100002388
103,170,41,China,2203658136.1708264,2317591532.058857,0.6135588974748932,0.049160257237743955,3.3340252000052715
104,0,39,China,2113247409.03567,2204538286.5925713,0.618559714622313,0.041410429617897135,3.1734125000002678
104,10,39,China,2113829015.6493762,2204538286.5925713,0.6187299542352699,0.041146607203361045,3.190764799997851
104,20,39,China,2113247409.0356688,2204538286.5925713,0.6185597146223126,0.041410429617897676,3.1794560000053025
104,30,39,China,2113829015.6493757,2204538286.5925713,0.6187299542352698,0.04114660720336126,3.1959413000004133
104,40,39,China,2113247409.0356696,2204538286.5925713,0.6185597146223129,0.04141042961789735,3.168606599996565
104,50,39,China,2113829015.6493752,2204538286.5925713,0.6187299542352697,0.041146607203361475,3.1784668999971473
104,60,39,China,2113247409.03567,2204538286.5925713,0.618559714622313,0.041410429617897135,3.200666299999284
104,80,39,China,2113247409.03567,2204538286.5925713,0.618559714622313,0.041410429617897135,3.1771368000045186
104,90,39,China,2113829015.649375,2204538286.5925713,0.6187299542352696,0.041146607203361586,3.1759500999978627
104,100,39,China,2113247409.035669,2204538286.5925713,0.6185597146223127,0.041410429617897565,3.1701303999943775
104,110,39,China,2113829015.6493752,2204538286.5925713,0.6187299542352697,0.041146607203361475,3.1765515000006417
104,120,39,China,2113247409.0356703,2204538286.5925713,0.6185597146223131,0.04141042961789703,3.168637300004775
104,130,39,China,2113829015.6493752,2204538286.5925713,0.6187299542352697,0.041146607203361475,3.1726994999989984
104,140,39,China,2113247409.0356705,2204538286.5925713,0.6185597146223131,0.04141042961789692,3.164726700000756
104,150,39,China,2113829015.649376,2204538286.5925713,0.6187299542352699,0.04114660720336115,3.1674521999957506
104,160,39,China,2113247409.0356705,2204538286.5925713,0.6185597146223131,0.04141042961789692,3.1856746999983443
104,170,39,China,2113829015.6493747,2204538286.5925713,0.6187299542352696,0.04114660720336169,3.1760729000016
105,0,40,China,2129474810.8433018,2261064909.325714,0.6077268295785678,0.05819828433039307,3.248831099997915
105,10,40,China,2132113427.457246,2261064909.325714,0.6084798594341456,0.05703130473460112,3.239974299998721
105,20,40,China,2129474810.843301,2261064909.325714,0.6077268295785676,0.05819828433039339,3.253806100001384
105,30,40,China,2132113427.4572444,2261064909.325714,0.6084798594341451,0.057031304734601856,3.2653871000002255
105,40,40,China,2129474810.8433018,2261064909.325714,0.6077268295785678,0.05819828433039307,3.243364499998279
105,50,40,China,2132113427.4572444,2261064909.325714,0.6084798594341451,0.057031304734601856,3.259699599999294
105,60,40,China,2129474810.8433008,2261064909.325714,0.6077268295785676,0.05819828433039349,3.2429537999996683
105,70,40,China,2132113427.457244,2261064909.325714,0.608479859434145,0.057031304734602065,3.2449078999998164
105,80,40,China,2129474810.8433008,2261064909.325714,0.6077268295785676,0.05819828433039349,3.242511500000546
105,90,40,China,2132113427.457244,2261064909.325714,0.608479859434145,0.057031304734602065,3.2446565000063856
105,100,40,China,2129474810.8433027,2261064909.325714,0.6077268295785682,0.05819828433039265,3.2437187999967136
105,110,40,China,2132113427.4572456,2261064909.325714,0.6084798594341454,0.05703130473460133,3.240651000000071
105,120,40,China,2129474810.8433006,2261064909.325714,0.6077268295785675,0.0581982843303936,3.2566588999980013
105,130,40,China,2132113427.457244,2261064909.325714,0.608479859434145,0.057031304734602065,3.2414977999942494
105,150,40,China,2132113427.4572442,2261064909.325714,0.6084798594341451,0.05703130473460196,3.2443120000025374
105,160,40,China,2129474810.843301,2261064909.325714,0.6077268295785676,0.05819828433039339,3.2381133000017144
105,170,40,China,2132113427.4572444,2261064909.325714,0.6084798594341451,0.057031304734601856,3.2517898000005516
106,0,37,China,2002623029.051565,2091485041.1262858,0.6178646887114541,0.042487519789703,3.0020455999983824
106,10,37,China,2012022324.244183,2091485041.1262858,0.6207646316932566,0.03799344261114641,2.999434999997902
106,20,37,China,2002623029.0515642,2091485041.1262858,0.6178646887114538,0.04248751978970334,3.000557100000151
106,30,37,China,2012022324.244183,2091485041.1262858,0.6207646316932566,0.03799344261114641,2.99182429999928
106,40,37,China,2002623029.0515654,2091485041.1262858,0.6178646887114542,0.04248751978970277,3.003504200001771
106,50,37,China,2012022324.244183,2091485041.1262858,0.6207646316932566,0.03799344261114641,3.00702309999906
106,60,37,China,2002623029.0515654,2091485041.1262858,0.6178646887114542,0.04248751978970277,2.999367299998994
106,70,37,China,2012022324.2441826,2091485041.1262858,0.6207646316932564,0.037993442611146636,3.007417599998007
106,80,37,China,2002623029.051566,2091485041.1262858,0.6178646887114544,0.04248751978970254,2.996615699994436
106,90,37,China,2012022324.2441833,2091485041.1262858,0.6207646316932566,0.037993442611146296,2.998224399998435
106,100,37,China,2002623029.0515656,2091485041.1262858,0.6178646887114543,0.04248751978970266,2.9939855999982683
106,110,37,China,2012022324.244183,2091485041.1262858,0.6207646316932566,0.03799344261114641,3.004081799997948
106,120,37,China,2002623029.051565,2091485041.1262858,0.6178646887114541,0.042487519789703,3.006154800001241
106,130,37,China,2012022324.2441823,2091485041.1262858,0.6207646316932564,0.037993442611146754,3.0194269999992684
106,140,37,China,2002623029.0515647,2091485041.1262858,0.617864688711454,0.04248751978970312,3.015033700001368
106,150,37,China,2012022324.2441835,2091485041.1262858,0.6207646316932567,0.037993442611146185,3.005112499995448
106,160,37,China,2002623029.0515635,2091485041.1262858,0.6178646887114536,0.042487519789703686,3.013297599994985
107,0,39,Vietnam,2079544841.7991905,2204538286.5925713,0.6086947786556581,0.056698241783124555,3.1618184999970254
107,10,39,Vietnam,2082880711.2674892,2204538286.5925713,0.6096712069041942,0.05518505895995175,3.162521000005654
107,20,39,Vietnam,2079544841.7991905,2204538286.5925713,0.6086947786556581,0.056698241783124555,3.160051000006206
107,40,39,Vietnam,2079544841.7991917,2204538286.5925713,0.6086947786556585,0.056698241783124013,3.1660764000043855
107,50,39,Vietnam,2082880711.2674887,2204538286.5925713,0.6096712069041941,0.055185058959951974,3.156481799996982
107,60,39,Vietnam,2079544841.7991912,2204538286.5925713,0.6086947786556584,0.05669824178312423,3.174986500001978
107,70,39,Vietnam,2082880711.2674892,2204538286.5925713,0.6096712069041942,0.05518505895995175,3.1636455999978352
107,80,39,Vietnam,2079544841.7991903,2204538286.5925713,0.6086947786556581,0.056698241783124666,3.1743373999997857
107,90,39,Vietnam,2082880711.2674892,2204538286.5925713,0.6096712069041942,0.05518505895995175,3.156690800002252
107,100,39,Vietnam,2079544841.799191,2204538286.5925713,0.6086947786556582,0.05669824178312434,3.1645031000007293
107,110,39,Vietnam,2082880711.2674892,2204538286.5925713,0.6096712069041942,0.05518505895995175,3.157282000000123
107,120,39,Vietnam,2079544841.7991912,2204538286.5925713,0.6086947786556584,0.05669824178312423,3.1744564000036917
107,130,39,Vietnam,2082880711.26749,2204538286.5925713,0.6096712069041944,0.05518505895995143,3.1579756999999518
107,140,39,Vietnam,2079544841.7991917,2204538286.5925713,0.6086947786556585,0.056698241783124013,3.1721318999989307
107,150,39,Vietnam,2082880711.267489,2204538286.5925713,0.6096712069041942,0.05518505895995186,3.1625459999995655
107,160,39,Vietnam,2079544841.7991915,2204538286.5925713,0.6086947786556585,0.056698241783124124,3.1743891000005533
107,170,39,Vietnam,2082880711.267489,2204538286.5925713,0.6096712069041942,0.05518505895995186,3.1669362999964505
110,0,38,China,2082247412.7003057,2148011663.8594284,0.6255249377253983,0.030616338014180584,3.1199914000026183
110,10,38,China,2074639839.2846224,2148011663.8594284,0.6232395575837005,0.034158019627777786,3.0835708000013256
110,20,38,China,2082247412.7003062,2148011663.8594284,0.6255249377253984,0.03061633801418036,3.094004500002484
110,30,38,China,2074639839.2846222,2148011663.8594284,0.6232395575837005,0.0341580196277779,3.082901799993124
110,40,38,China,2082247412.700306,2148011663.8594284,0.6255249377253983,0.030616338014180473,3.0900839999958407
110,60,38,China,2082247412.7003057,2148011663.8594284,0.6255249377253983,0.030616338014180584,3.0952803999971366
110,70,38,China,2074639839.2846253,2148011663.8594284,0.6232395575837014,0.034158019627776454,3.096900000004098
110,80,38,China,2082247412.7003062,2148011663.8594284,0.6255249377253984,0.03061633801418036,3.087369299995771
110,90,38,China,2074639839.2846253,2148011663.8594284,0.6232395575837014,0.034158019627776454,3.093442800003686
110,100,38,China,2082247412.7003055,2148011663.8594284,0.6255249377253982,0.030616338014180695,3.102010099995823
110,110,38,China,2074639839.2846246,2148011663.8594284,0.6232395575837012,0.03415801962777679,3.322098200005712
110,120,38,China,2082247412.7003057,2148011663.8594284,0.6255249377253983,0.030616338014180584,3.3865154000013717
110,130,38,China,2074639839.2846222,2148011663.8594284,0.6232395575837005,0.0341580196277779,3.386252999996941
110,140,38,China,2082247412.700306,2148011663.8594284,0.6255249377253983,0.030616338014180473,3.218206099998497
110,150,38,China,2074639839.2846224,2148011663.8594284,0.6232395575837005,0.034158019627777786,3.1064881999991485
110,160,38,China,2082247412.700306,2148011663.8594284,0.6255249377253983,0.030616338014180473,3.087750999999116
110,170,38,China,2074639839.2846224,2148011663.8594284,0.6232395575837005,0.034158019627777786,3.0910272000037367
111,0,36,China,1939160344.6611984,2034958418.3931427,0.6149037115237184,0.04707618242518637,2.904558800000814
111,10,36,China,1936168999.1642606,2034958418.3931427,0.6139551620891237,0.04854616110873107,2.9173692999975174
111,20,36,China,1939160344.6611977,2034958418.3931427,0.6149037115237181,0.04707618242518673,2.9168018999989727
111,30,36,China,1936168999.1642597,2034958418.3931427,0.6139551620891235,0.04854616110873154,2.917187600003672
111,40,36,China,1939160344.6611989,2034958418.3931427,0.6149037115237186,0.04707618242518614,2.923535499998252
111,50,36,China,1936168999.1642601,2034958418.3931427,0.6139551620891236,0.048546161108731306,2.9183446999959415
111,60,36,China,1939160344.6611984,2034958418.3931427,0.6149037115237184,0.04707618242518637,2.92276220000349
111,70,36,China,1936168999.16426,2034958418.3931427,0.6139551620891235,0.048546161108731424,2.9180739000003086
111,80,36,China,1939160344.6611981,2034958418.3931427,0.6149037115237184,0.04707618242518649,2.9111340000017663
111,90,36,China,1936168999.1642597,2034958418.3931427,0.6139551620891235,0.04854616110873154,2.9186534999971627
111,100,36,China,1939160344.6611984,2034958418.3931427,0.6149037115237184,0.04707618242518637,2.9227874999996857
111,110,36,China,1936168999.1642597,2034958418.3931427,0.6139551620891235,0.04854616110873154,2.9244211000041105
111,120,36,China,1939160344.6611986,2034958418.3931427,0.6149037115237185,0.047076182425186255,2.968861699999252
111,130,36,China,1936168999.164259,2034958418.3931427,0.6139551620891233,0.04854616110873189,3.2053677999938373
111,140,36,China,1939160344.6611986,2034958418.3931427,0.6149037115237185,0.047076182425186255,3.2070085000013933
111,160,36,China,1939160344.661199,2034958418.3931427,0.6149037115237186,0.04707618242518602,3.2101160000020172
111,170,36,China,1936168999.16426,2034958418.3931427,0.6139551620891235,0.048546161108731424,3.223194999998668
119,0,32,China,1711330386.3544981,1808851927.4605713,0.6104917188764619,0.05391350150091204,2.659508899996581
119,10,32,China,1715912284.564469,1808851927.4605713,0.6121262430666627,0.05138045933178135,2.5973871999958646
119,20,32,China,1711330386.3544981,1808851927.4605713,0.6104917188764619,0.05391350150091204,2.596781500003999
119,30,32,China,1715912284.5644698,1808851927.4605713,0.6121262430666631,0.05138045933178095,2.5934669000052963
119,50,32,China,1715912284.564469,1808851927.4605713,0.6121262430666627,0.05138045933178135,2.596789400005946
119,60,32,China,1711330386.3544986,1808851927.4605713,0.6104917188764621,0.05391350150091177,2.5883077000034973
119,70,32,China,1715912284.564469,1808851927.4605713,0.6121262430666627,0.05138045933178135,2.5981778999994276
119,80,32,China,1711330386.3544984,1808851927.4605713,0.610491718876462,0.053913501500911905,2.58724539999821
119,90,32,China,1715912284.5644696,1808851927.4605713,0.612126243066663,0.051380459331781085,2.601243800003431
119,100,32,China,1711330386.3544986,1808851927.4605713,0.6104917188764621,0.05391350150091177,2.5991078000006382
119,110,32,China,1715912284.5644693,1808851927.4605713,0.6121262430666629,0.05138045933178122,2.589002699998673
119,120,32,China,1711330386.354498,1808851927.4605713,0.6104917188764619,0.05391350150091217,2.587670099994284
119,130,32,China,1715912284.564469,1808851927.4605713,0.6121262430666627,0.05138045933178135,2.597409299996798
119,140,32,China,1711330386.3544996,1808851927.4605713,0.6104917188764625,0.053913501500911246,2.578994200004672
119,150,32,China,1715912284.564469,1808851927.4605713,0.6121262430666627,0.05138045933178135,2.59721669999999
119,160,32,China,1711330386.354498,1808851927.4605713,0.6104917188764619,0.05391350150091217,2.7850199000022258
119,170,32,China,1715912284.5644698,1808851927.4605713,0.6121262430666631,0.05138045933178095,2.8548933999991277
121,0,30,Germany,1571074143.0165713,1695798681.9942856,0.5978212111935203,0.0735491425379788,2.6729123999975855
121,10,30,Germany,1566843706.3222303,1695798681.9942856,0.5962114559825838,0.0760437999163923,2.668413600003987
121,20,30,Germany,1571074143.0165684,1695798681.9942856,0.5978212111935192,0.07354914253798049,2.4755874000038602
121,30,30,Germany,1566843706.3222368,1695798681.9942856,0.5962114559825863,0.07604379991638852,2.442288099999132
121,40,30,Germany,1571074143.0165718,1695798681.9942856,0.5978212111935205,0.07354914253797852,2.4188701000020956
121,50,30,Germany,1566843706.3222325,1695798681.9942856,0.5962114559825846,0.07604379991639104,2.435320500000671
121,60,30,Germany,1571074143.0165708,1695798681.9942856,0.59782121119352,0.07354914253797909,2.4243989999959012
121,70,30,Germany,1566843706.3222299,1695798681.9942856,0.5962114559825836,0.0760437999163926,2.427606700002798
121,80,30,Germany,1571074143.0165713,1695798681.9942856,0.5978212111935203,0.0735491425379788,2.420212900004117
121,100,30,Germany,1571074143.0165694,1695798681.9942856,0.5978212111935195,0.07354914253797992,2.447496000000683
121,110,30,Germany,1566843706.3222332,1695798681.9942856,0.596211455982585,0.07604379991639063,2.637982000000193
121,120,30,Germany,1571074143.0165699,1695798681.9942856,0.5978212111935197,0.07354914253797964,2.6571597999936785
121,130,30,Germany,1566843706.3222318,1695798681.9942856,0.5962114559825844,0.07604379991639147,2.677785899999435
121,140,30,Germany,1571074143.0165737,1695798681.9942856,0.5978212111935212,0.0735491425379774,2.598001700003806
121,150,30,Germany,1566843706.3222318,1695798681.9942856,0.5962114559825844,0.07604379991639147,2.431397600004857
121,160,30,Germany,1571074143.016571,1695798681.9942856,0.5978212111935202,0.07354914253797895,2.4227816999991774
121,170,30,Germany,1566843706.322234,1695798681.9942856,0.5962114559825852,0.0760437999163902,2.4373762000032
122,0,30,United Kingdom,1526509509.8088527,1695798681.9942856,0.580863588207326,0.09982857870035977,2.4187223999979324
122,10,30,United Kingdom,1520608992.5487926,1695798681.9942856,0.5786183381083686,0.10330807029491684,2.4249285999976564
122,20,30,United Kingdom,1526509509.8088565,1695798681.9942856,0.5808635882073274,0.09982857870035752,2.418330300002708
122,30,30,United Kingdom,1520608992.5487952,1695798681.9942856,0.5786183381083696,0.10330807029491529,2.4246048999993945
122,40,30,United Kingdom,1526509509.8088565,1695798681.9942856,0.5808635882073274,0.09982857870035752,2.4206139000016265
122,50,30,United Kingdom,1520608992.548793,1695798681.9942856,0.5786183381083687,0.10330807029491657,2.427202299993951
122,60,30,United Kingdom,1526509509.808855,1695798681.9942856,0.5808635882073269,0.09982857870035837,2.4227001999970526
122,80,30,United Kingdom,1526509509.808853,1695798681.9942856,0.5808635882073261,0.09982857870035963,2.422039400000358
122,90,30,United Kingdom,1520608992.5487936,1695798681.9942856,0.5786183381083689,0.10330807029491627,2.4194208000044455
122,100,30,United Kingdom,1526509509.8088567,1695798681.9942856,0.5808635882073275,0.09982857870035738,2.41859100000147
122,110,30,United Kingdom,1520608992.5487938,1695798681.9942856,0.578618338108369,0.10330807029491614,2.429673200000252
122,120,30,United Kingdom,1526509509.808855,1695798681.9942856,0.5808635882073269,0.09982857870035837,2.4169231000050786
122,130,30,United Kingdom,1520608992.5487952,1695798681.9942856,0.5786183381083696,0.10330807029491529,2.5056210000038845
122,140,30,United Kingdom,1526509509.8088527,1695798681.9942856,0.580863588207326,0.09982857870035977,2.795770900003845
122,150,30,United Kingdom,1520608992.548797,1695798681.9942856,0.5786183381083702,0.1033080702949143,2.6394064000051003
122,160,30,United Kingdom,1526509509.8088586,1695798681.9942856,0.5808635882073282,0.09982857870035626,2.6752045000030193
122,170,30,United Kingdom,1520608992.5487967,1695798681.9942856,0.5786183381083702,0.10330807029491446,2.5823135000027833
123,0,30,United Kingdom,1557145022.9246273,1695798681.9942856,0.5925209371859312,0.08176304212396215,2.4517464000018663
123,10,30,United Kingdom,1565442843.9050553,1695798681.9942856,0.5956784033124259,0.0768698781720539,2.4342164999980014
123,20,30,United Kingdom,1557145022.9246278,1695798681.9942856,0.5925209371859315,0.08176304212396188,2.4213285999940126
123,30,30,United Kingdom,1565442843.905053,1695798681.9942856,0.595678403312425,0.0768698781720553,2.440643900001305
123,40,30,United Kingdom,1557145022.9246268,1695798681.9942856,0.592520937185931,0.08176304212396245,2.414935399996466
123,50,30,United Kingdom,1565442843.9050555,1695798681.9942856,0.595678403312426,0.07686987817205375,2.431190000002971
123,60,30,United Kingdom,1557145022.9246292,1695798681.9942856,0.592520937185932,0.08176304212396103,2.4537620000046445
123,70,30,United Kingdom,1565442843.9050577,1695798681.9942856,0.5956784033124268,0.07686987817205249,2.4292252999948687
123,80,30,United Kingdom,1557145022.9246266,1695798681.9942856,0.592520937185931,0.08176304212396258,2.4354443999982323
123,90,30,United Kingdom,1565442843.9050527,1695798681.9942856,0.5956784033124249,0.07686987817205544,2.4252625000008265
123,100,30,United Kingdom,1557145022.9246297,1695798681.9942856,0.5925209371859321,0.08176304212396075,2.4310187000010046
123,110,30,United Kingdom,1565442843.9050565,1695798681.9942856,0.5956784033124264,0.0768698781720532,2.448713500001759
123,120,30,United Kingdom,1557145022.9246314,1695798681.9942856,0.5925209371859328,0.08176304212395977,2.458155300002545
123,140,30,United Kingdom,1557145022.9246268,1695798681.9942856,0.592520937185931,0.08176304212396245,2.42318140000134
123,150,30,United Kingdom,1565442843.9050584,1695798681.9942856,0.595678403312427,0.07686987817205207,2.439813899996807
123,160,30,United Kingdom,1557145022.924629,1695798681.9942856,0.5925209371859319,0.08176304212396117,2.6051990000050864
123,170,30,United Kingdom,1565442843.9050527,1695798681.9942856,0.5956784033124249,0.07686987817205544,2.6739792000007583
126,0,27,Vietnam,1439571015.6429052,1526218813.794857,0.6086466326919099,0.05677285417318827,2.4078514000066207
126,10,27,Vietnam,1439532159.6655483,1526218813.794857,0.6086302044924523,0.05679831315522001,2.412958900000376
126,20,27,Vietnam,1439571015.642905,1526218813.794857,0.6086466326919098,0.05677285417318842,2.358965999999782
126,30,27,Vietnam,1439532159.665549,1526218813.794857,0.6086302044924526,0.056798313155219535,2.206907100000535
126,40,27,Vietnam,1439571015.6429055,1526218813.794857,0.60864663269191,0.05677285417318811,2.209715099997993
126,50,27,Vietnam,1439532159.665548,1526218813.794857,0.6086302044924523,0.05679831315522016,2.200927600002615
126,60,27,Vietnam,1439571015.6429052,1526218813.794857,0.6086466326919099,0.05677285417318827,2.194177799996396
126,70,27,Vietnam,1439532159.665548,1526218813.794857,0.6086302044924523,0.05679831315522016,2.2051621999999043
126,80,27,Vietnam,1439571015.6429057,1526218813.794857,0.6086466326919101,0.05677285417318795,2.1949163999961456
126,90,27,Vietnam,1439532159.665548,1526218813.794857,0.6086302044924523,0.05679831315522016,2.1936435000025085
126,100,27,Vietnam,1439571015.6429052,1526218813.794857,0.6086466326919099,0.05677285417318827,2.199959499994293
126,110,27,Vietnam,1439532159.6655488,1526218813.794857,0.6086302044924525,0.056798313155219694,2.188462599995546
126,120,27,Vietnam,1439571015.6429048,1526218813.794857,0.6086466326919097,0.05677285417318858,2.200701300003857
126,130,27,Vietnam,1439532159.6655488,1526218813.794857,0.6086302044924525,0.056798313155219694,2.1934536999979173
126,150,27,Vietnam,1439532159.6655488,1526218813.794857,0.6086302044924525,0.056798313155219694,2.199969000001147
126,160,27,Vietnam,1439571015.6429052,1526218813.794857,0.6086466326919099,0.05677285417318827,2.1925913999948534
126,170,27,Vietnam,1439532159.6655486,1526218813.794857,0.6086302044924524,0.05679831315521985,2.204232199997932
130,0,26,Vietnam,1378346071.5732715,1469692191.0617144,0.6051747767708427,0.062153231842685314,2.1104777000000468
130,10,26,Vietnam,1378764309.3224676,1469692191.0617144,0.6053584076758287,0.061868656778777606,2.117185099996277
130,30,26,Vietnam,1378764309.322467,1469692191.0617144,0.6053584076758285,0.061868656778777925,2.1175354000006337
130,40,26,Vietnam,1378346071.5732715,1469692191.0617144,0.6051747767708427,0.062153231842685314,2.1938039000015124
130,50,26,Vietnam,1378764309.3224654,1469692191.0617144,0.6053584076758278,0.06186865677877906,2.3177021000010427
130,60,26,Vietnam,1378346071.573271,1469692191.0617144,0.6051747767708425,0.06215323184268564,2.3187681000054
130,70,26,Vietnam,1378764309.3224657,1469692191.0617144,0.6053584076758279,0.061868656778778904,2.3288037000020267
130,80,26,Vietnam,1378346071.5732708,1469692191.0617144,0.6051747767708424,0.0621532318426858,2.3225625999984914
130,90,26,Vietnam,1378764309.322466,1469692191.0617144,0.605358407675828,0.06186865677877874,2.119924300001003
130,100,26,Vietnam,1378346071.5732718,1469692191.0617144,0.6051747767708429,0.062153231842685154,2.126371799997287
130,110,26,Vietnam,1378764309.3224654,1469692191.0617144,0.6053584076758278,0.06186865677877906,2.1217609999948763
130,120,26,Vietnam,1378346071.5732713,1469692191.0617144,0.6051747767708426,0.06215323184268548,2.1148821000024327
130,130,26,Vietnam,1378764309.3224664,1469692191.0617144,0.6053584076758283,0.06186865677877841,2.128727900002559
130,140,26,Vietnam,1378346071.573271,1469692191.0617144,0.6051747767708425,0.06215323184268564,2.121376799994323
130,150,26,Vietnam,1378764309.322467,1469692191.0617144,0.6053584076758285,0.061868656778777925,2.1141357000014978
130,160,26,Vietnam,1378346071.5732715,1469692191.0617144,0.6051747767708427,0.062153231842685314,2.1172032000031322
130,170,26,Vietnam,1378764309.322466,1469692191.0617144,0.605358407675828,0.06186865677877874,2.1194497000033152
133,0,24,Vietnam,1282905672.477814,1356638945.5954285,0.6102100801359465,0.05434996050865471,1.9617071999964537
133,20,24,Vietnam,1282905672.4778152,1356638945.5954285,0.6102100801359471,0.05434996050865384,1.9592393999992055
133,30,24,Vietnam,1290676994.8209703,1356638945.5954285,0.6139064853600505,0.04862159603232346,1.964624599997478
133,40,24,Vietnam,1282905672.4778137,1356638945.5954285,0.6102100801359464,0.05434996050865489,1.9546038000044064
133,50,24,Vietnam,1290676994.8209703,1356638945.5954285,0.6139064853600505,0.04862159603232346,1.962615199998254
133,60,24,Vietnam,1282905672.4778142,1356638945.5954285,0.6102100801359467,0.05434996050865454,1.9651335000016843
133,70,24,Vietnam,1290676994.8209703,1356638945.5954285,0.6139064853600505,0.04862159603232346,1.9681067000055918
133,80,24,Vietnam,1282905672.4778152,1356638945.5954285,0.6102100801359471,0.05434996050865384,1.951933200005442
133,90,24,Vietnam,1290676994.82097,1356638945.5954285,0.6139064853600504,0.04862159603232364,1.9739230000050156
133,100,24,Vietnam,1282905672.4778144,1356638945.5954285,0.6102100801359468,0.054349960508654364,1.962781599999289
133,110,24,Vietnam,1290676994.8209698,1356638945.5954285,0.6139064853600503,0.04862159603232381,2.1236834000010276
133,120,24,Vietnam,1282905672.477814,1356638945.5954285,0.6102100801359465,0.05434996050865471,2.136499399995955
133,130,24,Vietnam,1290676994.8209705,1356638945.5954285,0.6139064853600507,0.048621596032323286,2.1457241000025533
133,140,24,Vietnam,1282905672.4778144,1356638945.5954285,0.6102100801359468,0.054349960508654364,2.138186600001063
133,150,24,Vietnam,1290676994.8209703,1356638945.5954285,0.6139064853600505,0.04862159603232346,2.1247151999996277
133,160,24,Vietnam,1282905672.4778137,1356638945.5954285,0.6102100801359464,0.05434996050865489,1.9595461999997497
133,170,24,Vietnam,1290676994.82097,1356638945.5954285,0.6139064853600504,0.04862159603232364,1.9615638999966905
134,0,24,Netherlands,1303984482.176517,1356638945.5954285,0.6202361501981151,0.03881243686086384,1.9682960999998613
134,10,24,Netherlands,1298548309.2598681,1356638945.5954285,0.6176504515124943,0.04281952580247087,1.9610669999965467
134,20,24,Netherlands,1303984482.176517,1356638945.5954285,0.6202361501981151,0.03881243686086384,1.9575731000004453
134,30,24,Netherlands,1298548309.259867,1356638945.5954285,0.6176504515124938,0.042819525802471746,1.9639039999965462
134,40,24,Netherlands,1303984482.176518,1356638945.5954285,0.6202361501981155,0.038812436860863136,1.965554800000973
134,50,24,Netherlands,1298548309.2598689,1356638945.5954285,0.6176504515124946,0.042819525802470344,1.9596223999978974
134,60,24,Netherlands,1303984482.176518,1356638945.5954285,0.6202361501981155,0.038812436860863136,1.9635521000018343
134,70,24,Netherlands,1298548309.2598681,1356638945.5954285,0.6176504515124943,0.04281952580247087,1.9643205000029411
134,80,24,Netherlands,1303984482.1765165,1356638945.5954285,0.6202361501981148,0.03881243686086419,1.9496890000009444
134,100,24,Netherlands,1303984482.1765172,1356638945.5954285,0.6202361501981152,0.038812436860863664,1.9642724999939674
134,110,24,Netherlands,1298548309.2598703,1356638945.5954285,0.6176504515124954,0.04281952580246929,1.9610407000000123
134,120,24,Netherlands,1303984482.1765163,1356638945.5954285,0.6202361501981146,0.038812436860864365,1.9550820000004023
134,130,24,Netherlands,1298548309.2598696,1356638945.5954285,0.6176504515124951,0.04281952580246982,1.9565440000005765
134,140,24,Netherlands,1303984482.1765165,1356638945.5954285,0.6202361501981148,0.03881243686086419,1.9610039999970468
134,150,24,Netherlands,1298548309.259867,1356638945.5954285,0.6176504515124938,0.042819525802471746,1.9563655000019935
134,160,24,Netherlands,1303984482.1765156,1356638945.5954285,0.6202361501981143,0.03881243686086489,1.987059400002181
134,170,24,Netherlands,1298548309.2598689,1356638945.5954285,0.6176504515124946,0.042819525802470344,2.0294859999994515
137,0,21,Germany,1129717032.949344,1187059077.396,0.6141101505486758,0.04830597359353399,1.8366141000005882
137,10,21,Germany,1132331186.39463,1187059077.396,0.6155311950394814,0.04610376353081277,1.828254799998831
137,20,21,Germany,1129717032.9493425,1187059077.396,0.614110150548675,0.048305973593535195,1.8303989000050933
137,30,21,Germany,1132331186.3946276,1187059077.396,0.6155311950394801,0.04610376353081478,1.8391352999969968
137,40,21,Germany,1129717032.9493434,1187059077.396,0.6141101505486755,0.04830597359353439,1.8475983000025735
137,60,21,Germany,1129717032.9493442,1187059077.396,0.6141101505486759,0.04830597359353379,1.8759057999996003
137,70,21,Germany,1132331186.3946297,1187059077.396,0.6155311950394813,0.04610376353081297,1.8746380000011413
137,80,21,Germany,1129717032.9493425,1187059077.396,0.614110150548675,0.048305973593535195,1.8797220999986166
137,90,21,Germany,1132331186.394629,1187059077.396,0.6155311950394808,0.04610376353081357,1.8661462999953073
137,100,21,Germany,1129717032.949345,1187059077.396,0.6141101505486765,0.04830597359353298,1.8839344000007259
137,110,21,Germany,1132331186.3946319,1187059077.396,0.6155311950394824,0.046103763530811165,1.8732224000050337
137,120,21,Germany,1129717032.949343,1187059077.396,0.6141101505486752,0.04830597359353479,1.8760086999973282
137,130,21,Germany,1132331186.3946278,1187059077.396,0.6155311950394802,0.04610376353081458,1.882692599996517
137,140,21,Germany,1129717032.9493434,1187059077.396,0.6141101505486755,0.04830597359353439,1.883200999996916
137,150,21,Germany,1132331186.3946316,1187059077.396,0.6155311950394823,0.046103763530811366,1.8704024999969988
137,160,21,Germany,1129717032.949343,1187059077.396,0.6141101505486752,0.04830597359353479,1.8757053000008455
137,170,21,Germany,1132331186.39463,1187059077.396,0.6155311950394814,0.04610376353081277,1.87460529999953
138,0,10,United States of America,562713751.781724,565266227.3314285,0.6423672965544794,0.004515528128674096,0.49868140000035055
138,10,10,United States of America,561414897.4890808,565266227.3314285,0.6408845861747497,0.00681330257519457,0.49341850000200793
138,20,10,United States of America,562713751.7817237,565266227.3314285,0.6423672965544791,0.004515528128674518,0.5142095999981393
138,30,10,United States of America,561414897.4890808,565266227.3314285,0.6408845861747497,0.00681330257519457,0.4916793999946094
138,40,10,United States of America,562713751.781724,565266227.3314285,0.6423672965544794,0.004515528128674096,0.5128812000039034
138,50,10,United States of America,561414897.4890807,565266227.3314285,0.6408845861747496,0.006813302575194781,0.4909288999988348
138,60,10,United States of America,562713751.781724,565266227.3314285,0.6423672965544794,0.004515528128674096,0.5009558999954606
138,70,10,United States of America,561414897.4890807,565266227.3314285,0.6408845861747496,0.006813302575194781,0.48761589999776334
138,80,10,United States of America,562713751.781724,565266227.3314285,0.6423672965544794,0.004515528128674096,0.49331110000639455
138,90,10,United States of America,561414897.4890808,565266227.3314285,0.6408845861747497,0.00681330257519457,0.4987892999997712
138,110,10,United States of America,561414897.4890809,565266227.3314285,0.6408845861747499,0.0068133025751943585,0.4893700999964494
138,120,10,United States of America,562713751.781724,565266227.3314285,0.6423672965544794,0.004515528128674096,0.5093048999988241
138,130,10,United States of America,561414897.4890808,565266227.3314285,0.6408845861747497,0.00681330257519457,0.48857719999796245
138,140,10,United States of America,562713751.781724,565266227.3314285,0.6423672965544794,0.004515528128674096,0.5088433000055375
138,150,10,United States of America,561414897.4890808,565266227.3314285,0.6408845861747497,0.00681330257519457,0.4933573999951477
138,160,10,United States of America,562713751.7817239,565266227.3314285,0.6423672965544793,0.004515528128674307,0.5058021000004373
138,170,10,United States of America,561414897.4890807,565266227.3314285,0.6408845861747496,0.006813302575194781,0.48731409999891184
139,10,20,South Korea,1072135825.464524,1130532454.662857,0.6119496720687922,0.051654093571111004,1.7782583000007435
139,20,20,South Korea,1073962726.3758633,1130532454.662857,0.6129924237305155,0.05003812854170891,1.7820569000032265
139,30,20,South Korea,1072135825.4645228,1130532454.662857,0.6119496720687916,0.05165409357111206,1.7794401999999536
139,40,20,South Korea,1073962726.3758638,1130532454.662857,0.6129924237305159,0.05003812854170849,1.7689830999952392
139,50,20,South Korea,1072135825.4645233,1130532454.662857,0.6119496720687918,0.051654093571111635,1.7690682999964338
139,60,20,South Korea,1073962726.3758636,1130532454.662857,0.6129924237305158,0.0500381285417087,1.7770638000001782
139,70,20,South Korea,1072135825.4645224,1130532454.662857,0.6119496720687913,0.051654093571112475,1.776769800002512
139,80,20,South Korea,1073962726.3758636,1130532454.662857,0.6129924237305158,0.0500381285417087,1.7805431000015233
139,90,20,South Korea,1072135825.4645233,1130532454.662857,0.6119496720687918,0.051654093571111635,1.7757486999980756
139,100,20,South Korea,1073962726.3758638,1130532454.662857,0.6129924237305159,0.05003812854170849,1.7738475000005565
139,110,20,South Korea,1072135825.4645233,1130532454.662857,0.6119496720687918,0.051654093571111635,1.7885425000058603
139,120,20,South Korea,1073962726.375864,1130532454.662857,0.612992423730516,0.05003812854170828,1.788279499996861
139,130,20,South Korea,1072135825.4645234,1130532454.662857,0.6119496720687919,0.05165409357111153,1.785556100003305
139,140,20,South Korea,1073962726.375864,1130532454.662857,0.612992423730516,0.05003812854170828,1.7921231000000262
139,150,20,South Korea,1072135825.464523,1130532454.662857,0.6119496720687917,0.05165409357111195,1.788392100002966
139,160,20,South Korea,1073962726.3758633,1130532454.662857,0.6129924237305155,0.05003812854170891,1.7841932000010274
139,170,20,South Korea,1072135825.4645234,1130532454.662857,0.6119496720687919,0.05165409357111153,1.7631257000030018
141,0,18,Vietnam,969035375.6035697,1017479209.1965714,0.6145582037059676,0.04761162012465507,1.5839111999957822
141,10,18,Vietnam,970506818.8673029,1017479209.1965714,0.6154913869021454,0.04616545468910279,1.5776146999996854
141,20,18,Vietnam,969035375.6035702,1017479209.1965714,0.6145582037059679,0.0476116201246546,1.6006435000017518
141,30,18,Vietnam,970506818.8673028,1017479209.1965714,0.6154913869021453,0.04616545468910291,1.6043123999988893
141,40,18,Vietnam,969035375.6035701,1017479209.1965714,0.6145582037059678,0.04761162012465472,1.605424999994284
141,50,18,Vietnam,970506818.8673027,1017479209.1965714,0.6154913869021452,0.046165454689103026,1.5719744000016362
141,60,18,Vietnam,969035375.60357,1017479209.1965714,0.6145582037059678,0.047611620124654835,1.5770600999967428
141,70,18,Vietnam,970506818.8673023,1017479209.1965714,0.615491386902145,0.04616545468910338,1.5668664000040735
141,80,18,Vietnam,969035375.6035702,1017479209.1965714,0.6145582037059679,0.0476116201246546,1.5676880000028177
141,90,18,Vietnam,970506818.8673028,1017479209.1965714,0.6154913869021453,0.04616545468910291,1.5820762000003015
141,100,18,Vietnam,969035375.6035689,1017479209.1965714,0.6145582037059671,0.04761162012465589,1.5884657999995397
141,110,18,Vietnam,970506818.8673024,1017479209.1965714,0.6154913869021451,0.04616545468910326,1.5784510000012233
141,120,18,Vietnam,969035375.6035701,1017479209.1965714,0.6145582037059678,0.04761162012465472,1.5636224999980186
141,130,18,Vietnam,970506818.8673024,1017479209.1965714,0.6154913869021451,0.04616545468910326,1.5837367999993148
141,140,18,Vietnam,969035375.6035696,1017479209.1965714,0.6145582037059676,0.04761162012465519,1.573583500001405
141,160,18,Vietnam,969035375.60357,1017479209.1965714,0.6145582037059678,0.047611620124654835,1.5868981999956304
141,170,18,Vietnam,970506818.8673029,1017479209.1965714,0.6154913869021454,0.04616545468910279,1.578182100005506
144,0,16,Sweden,861339371.6825429,904425963.7302856,0.6145400768282984,0.04763971156912943,0.6796272999999928
144,10,16,Sweden,860780839.1429652,904425963.7302856,0.6141415804387594,0.048257266307688756,0.6908701000065776
144,20,16,Sweden,861339371.6825445,904425963.7302856,0.6145400768282995,0.04763971156912772,0.6908229000036954
144,40,16,Sweden,861339371.682545,904425963.7302856,0.6145400768282998,0.04763971156912719,0.6793261999991955
144,50,16,Sweden,860780839.1429653,904425963.7302856,0.6141415804387595,0.048257266307688625,0.6731595000019297
144,60,16,Sweden,861339371.6825429,904425963.7302856,0.6145400768282984,0.04763971156912943,0.691915000003064
144,70,16,Sweden,860780839.1429653,904425963.7302856,0.6141415804387595,0.048257266307688625,0.6800232000023243
144,80,16,Sweden,861339371.682544,904425963.7302856,0.614540076828299,0.047639711569128246,0.677590399995097
144,90,16,Sweden,860780839.1429647,904425963.7302856,0.6141415804387591,0.048257266307689284,0.6812938999937614
144,100,16,Sweden,861339371.6825424,904425963.7302856,0.6145400768282979,0.04763971156912996,0.6886464999988675
144,110,16,Sweden,860780839.142966,904425963.7302856,0.61414158043876,0.048257266307687834,0.6790812000035658
144,120,16,Sweden,861339371.6825467,904425963.7302856,0.614540076828301,0.047639711569125213,0.6709802999976091
144,130,16,Sweden,860780839.1429653,904425963.7302856,0.6141415804387595,0.048257266307688625,0.6952113000006648
144,140,16,Sweden,861339371.6825427,904425963.7302856,0.6145400768282981,0.047639711569129696,0.6792375999939395
144,150,16,Sweden,860780839.1429648,904425963.7302856,0.6141415804387592,0.04825726630768915,0.6714621999999508
144,160,16,Sweden,861339371.6825478,904425963.7302856,0.6145400768283018,0.04763971156912403,0.6857960999986972
144,170,16,Sweden,860780839.1429638,904425963.7302856,0.6141415804387584,0.04825726630769034,0.6750392000030843
147,0,12,China,665504151.4604162,678319472.7977142,0.6330899462142467,0.01889275164759979,0.5367479999986244
147,10,12,China,663052740.7654446,678319472.7977142,0.630757934518117,0.02250669875258377,0.5461340000038035
147,20,12,China,665504151.4604161,678319472.7977142,0.6330899462142466,0.018892751647599966,0.5628026000049431
147,40,12,China,665504151.4604163,678319472.7977142,0.6330899462142469,0.018892751647599612,0.560930699997698
147,50,12,China,663052740.7654446,678319472.7977142,0.630757934518117,0.02250669875258377,0.5501137000028393
147,60,12,China,665504151.4604161,678319472.7977142,0.6330899462142466,0.018892751647599966,0.5341518000059295
147,70,12,China,663052740.7654444,678319472.7977142,0.6307579345181168,0.022506698752584126,0.5536041000013938
147,80,12,China,665504151.4604161,678319472.7977142,0.6330899462142466,0.018892751647599966,0.5390523999958532
147,90,12,China,663052740.7654443,678319472.7977142,0.6307579345181167,0.0225066987525843,0.5472824999960721
147,100,12,China,665504151.4604162,678319472.7977142,0.6330899462142467,0.01889275164759979,0.5460565000030329
147,110,12,China,663052740.7654448,678319472.7977142,0.6307579345181171,0.022506698752583598,0.5288663000028464
147,120,12,China,665504151.4604161,678319472.7977142,0.6330899462142466,0.018892751647599966,0.5491935000027297
147,130,12,China,663052740.7654446,678319472.7977142,0.630757934518117,0.02250669875258377,0.5332393000062439
147,140,12,China,665504151.4604162,678319472.7977142,0.6330899462142467,0.01889275164759979,0.5526640000025509
147,150,12,China,663052740.7654444,678319472.7977142,0.6307579345181168,0.022506698752584126,0.535225999999966
147,160,12,China,665504151.4604162,678319472.7977142,0.6330899462142467,0.01889275164759979,0.5428108999985852
147,170,12,China,663052740.7654446,678319472.7977142,0.630757934518117,0.02250669875258377,0.5537196000004769
148,0,11,Finland,598359741.9224741,621792850.0645714,0.6209627873832235,0.037686358309948036,0.4949957999997423
148,10,11,Finland,598186081.0356302,621792850.0645714,0.6207825664545769,0.03796564889173245,0.5181114999941201
148,20,11,Finland,598359741.9224734,621792850.0645714,0.6209627873832227,0.03768635830994919,0.4966213000006974
148,30,11,Finland,598186081.0356308,621792850.0645714,0.6207825664545774,0.03796564889173149,0.5090799000026891
148,40,11,Finland,598359741.9224753,621792850.0645714,0.6209627873832247,0.03768635830994612,0.4969483999957447
148,50,11,Finland,598186081.0356307,621792850.0645714,0.6207825664545773,0.03796564889173168,0.5082747000051313
148,60,11,Finland,598359741.9224739,621792850.0645714,0.6209627873832232,0.037686358309948424,0.48907409999810625
148,80,11,Finland,598359741.9224751,621792850.0645714,0.6209627873832245,0.0376863583099465,0.5124466999986907
148,90,11,Finland,598186081.0356293,621792850.0645714,0.6207825664545759,0.03796564889173398,0.491794999994454
148,100,11,Finland,598359741.9224737,621792850.0645714,0.620962787383223,0.037686358309948806,0.518258699994476
148,110,11,Finland,598186081.0356306,621792850.0645714,0.6207825664545772,0.037965648891731874,0.5011605999970925
148,120,11,Finland,598359741.9224744,621792850.0645714,0.6209627873832237,0.037686358309947654,0.5038165000005392
148,130,11,Finland,598186081.03563,621792850.0645714,0.6207825664545765,0.03796564889173283,0.5132402000017464
148,140,11,Finland,598359741.9224737,621792850.0645714,0.620962787383223,0.037686358309948806,0.5001446000023861
148,150,11,Finland,598186081.0356299,621792850.0645714,0.6207825664545764,0.037965648891733025,0.5121751000042423
148,160,11,Finland,598359741.9224739,621792850.0645714,0.6209627873832232,0.037686358309948424,0.49400259999674745
148,170,11,Finland,598186081.0356303,621792850.0645714,0.620782566454577,0.037965648891732255,0.5066604999956326
150,0,11,United Kingdom,603160133.0462359,621792850.0645714,0.6259445133315026,0.02996611655537774,0.49455780000425875
150,10,11,United Kingdom,601294551.9270917,621792850.0645714,0.6240084598662222,0.03296644233742954,0.5115264000050956
150,20,11,United Kingdom,603160133.0462363,621792850.0645714,0.625944513331503,0.029966116555377165,0.4960105999998632
150,30,11,United Kingdom,601294551.9270912,621792850.0645714,0.6240084598662217,0.032966442337430304,0.5131369000009727
150,40,11,United Kingdom,603160133.046237,621792850.0645714,0.6259445133315037,0.029966116555376014,0.4950167999995756
150,50,11,United Kingdom,601294551.9270918,621792850.0645714,0.6240084598662223,0.03296644233742935,0.517382500001986
150,60,11,United Kingdom,603160133.0462359,621792850.0645714,0.6259445133315026,0.02996611655537774,0.4908316000000923
150,70,11,United Kingdom,601294551.9270928,621792850.0645714,0.6240084598662233,0.03296644233742781,0.5015491000012844
150,80,11,United Kingdom,603160133.0462359,621792850.0645714,0.6259445133315026,0.02996611655537774,0.5061715000047116
150,90,11,United Kingdom,601294551.9270924,621792850.0645714,0.624008459866223,0.03296644233742839,0.49342710000200896
150,100,11,United Kingdom,603160133.046236,621792850.0645714,0.6259445133315027,0.02996611655537755,0.5035449000060908
150,110,11,United Kingdom,601294551.9270915,621792850.0645714,0.624008459866222,0.03296644233742992,0.49649289999797475
150,130,11,United Kingdom,601294551.9270924,621792850.0645714,0.624008459866223,0.03296644233742839,0.515796900006535
150,140,11,United Kingdom,603160133.0462366,621792850.0645714,0.6259445133315034,0.02996611655537659,0.5000583000000915
150,150,11,United Kingdom,601294551.9270912,621792850.0645714,0.6240084598662217,0.032966442337430304,0.5097944000008283
150,160,11,United Kingdom,603160133.0462362,621792850.0645714,0.6259445133315029,0.029966116555377356,0.49967569999716943
150,170,11,United Kingdom,601294551.9270926,621792850.0645714,0.6240084598662231,0.032966442337428195,0.51419299999543
152,10,10,Denmark,542920399.6290733,565266227.3314285,0.6197721456952892,0.0395315103254053,0.46442190000379924
152,20,10,Denmark,543685226.3086771,565266227.3314285,0.6206452355121884,0.038178472336182954,0.48477299999649404
152,30,10,Denmark,542920399.6290743,565266227.3314285,0.6197721456952904,0.0395315103254034,0.45555769999918994
152,40,10,Denmark,543685226.3086786,565266227.3314285,0.6206452355121902,0.038178472336180214,0.48373919999721693
152,50,10,Denmark,542920399.6290742,565266227.3314285,0.6197721456952902,0.03953151032540361,0.4624337999994168
152,60,10,Denmark,543685226.3086786,565266227.3314285,0.6206452355121902,0.038178472336180214,0.48513870000169845
152,70,10,Denmark,542920399.6290758,565266227.3314285,0.6197721456952919,0.03953151032540087,0.4680510000034701
152,80,10,Denmark,543685226.3086795,565266227.3314285,0.6206452355121912,0.03817847233617874,0.47625970000080997
152,90,10,Denmark,542920399.6290758,565266227.3314285,0.6197721456952919,0.03953151032540087,0.46816869999747723
152,100,10,Denmark,543685226.3086776,565266227.3314285,0.620645235512189,0.038178472336182115,0.48253229999681935
152,110,10,Denmark,542920399.6290755,565266227.3314285,0.6197721456952917,0.039531510325401295,0.4648094000003766
152,120,10,Denmark,543685226.3086774,565266227.3314285,0.6206452355121889,0.03817847233618232,0.48001970000041183
152,130,10,Denmark,542920399.6290754,565266227.3314285,0.6197721456952916,0.0395315103254015,0.4647754000034183
152,140,10,Denmark,543685226.3086784,565266227.3314285,0.62064523551219,0.03817847233618064,0.47791619999770774
152,150,10,Denmark,542920399.6290753,565266227.3314285,0.6197721456952914,0.03953151032540171,0.4648843000031775
152,160,10,Denmark,543685226.3086792,565266227.3314285,0.6206452355121909,0.03817847233617916,0.4846748000054504
152,170,10,Denmark,542920399.6290743,565266227.3314285,0.6197721456952904,0.0395315103254034,0.4601137000063318
155,0,9,Italy,488032063.53163195,508739604.5982857,0.6190158086398173,0.04070361512940388,0.4431364000047324
155,10,9,Italy,486375381.92028177,508739604.5982857,0.6169144874686476,0.04396005830067681,0.44008810000377707
155,20,9,Italy,488032063.53163195,508739604.5982857,0.6190158086398173,0.04070361512940388,0.4458241000029375
155,30,9,Italy,486375381.92028207,508739604.5982857,0.616914487468648,0.04396005830067622,0.44046529999468476
155,40,9,Italy,488032063.5316317,508739604.5982857,0.619015808639817,0.04070361512940435,0.4513592000002973
155,50,9,Italy,486375381.9202816,508739604.5982857,0.6169144874686474,0.04396005830067716,0.4385039999979199
155,60,9,Italy,488032063.53163284,508739604.5982857,0.6190158086398184,0.04070361512940212,0.45464679999713553
155,70,9,Italy,486375381.9202818,508739604.5982857,0.6169144874686476,0.043960058300676695,0.42616990000533406
155,80,9,Italy,488032063.5316307,508739604.5982857,0.6190158086398156,0.04070361512940634,0.4489042999994126
155,100,9,Italy,488032063.5316313,508739604.5982857,0.6190158086398164,0.040703615129405166,0.43920499999512685
155,110,9,Italy,486375381.92028254,508739604.5982857,0.6169144874686486,0.043960058300675287,0.4533559999981662
155,120,9,Italy,488032063.53163207,508739604.5982857,0.6190158086398174,0.040703615129403646,0.4386116000023321
155,130,9,Italy,486375381.9202837,508739604.5982857,0.6169144874686501,0.04396005830067306,0.4517349999950966
155,140,9,Italy,488032063.5316329,508739604.5982857,0.6190158086398185,0.04070361512940201,0.43744600000354694
155,150,9,Italy,486375381.9202813,508739604.5982857,0.616914487468647,0.04396005830067775,0.4362805000055232
155,160,9,Italy,488032063.5316321,508739604.5982857,0.6190158086398175,0.04070361512940353,0.4317367999974522
155,170,9,Italy,486375381.92028296,508739604.5982857,0.6169144874686491,0.04396005830067447,0.43295369999395916
156,0,6,United States of America,337510100.0860816,339159736.3988571,0.6421425039689529,0.004863891953364107,0.3794318000000203
156,10,6,United States of America,337209559.889961,339159736.3988571,0.6415706999428482,0.005750023660245668,0.37160120000044117
156,20,6,United States of America,337510100.0860816,339159736.3988571,0.6421425039689529,0.004863891953364107,0.38271890000032727
156,30,6,United States of America,337209559.88996094,339159736.3988571,0.6415706999428481,0.005750023660245844,0.35239139999612235
156,40,6,United States of America,337510100.0860817,339159736.3988571,0.642142503968953,0.004863891953363931,0.36078790000465233
156,50,6,United States of America,337209559.8899609,339159736.3988571,0.641570699942848,0.00575002366024602,0.3705986999993911
156,60,6,United States of America,337510100.0860816,339159736.3988571,0.6421425039689529,0.004863891953364107,0.35292889999982435
156,70,6,United States of America,337209559.88996094,339159736.3988571,0.6415706999428481,0.005750023660245844,0.37001690000033705
156,80,6,United States of America,337510100.0860816,339159736.3988571,0.6421425039689529,0.004863891953364107,0.36299980000330834
156,90,6,United States of America,337209559.8899607,339159736.3988571,0.6415706999428477,0.0057500236602465475,0.3607488999987254
156,110,6,United States of America,337209559.8899609,339159736.3988571,0.641570699942848,0.00575002366024602,0.3708952000015415
156,120,6,United States of America,337510100.08608156,339159736.3988571,0.6421425039689528,0.004863891953364283,0.3612368999965838
156,130,6,United States of America,337209559.8899609,339159736.3988571,0.641570699942848,0.00575002366024602,0.3788787000012235
156,140,6,United States of America,337510100.08608156,339159736.3988571,0.6421425039689528,0.004863891953364283,0.36365829999704147
156,150,6,United States of America,337209559.88996094,339159736.3988571,0.6415706999428481,0.005750023660245844,0.3528900999954203
156,160,6,United States of America,337510100.0860816,339159736.3988571,0.6421425039689529,0.004863891953364107,0.3718306999944616
156,170,6,United States of America,337209559.889961,339159736.3988571,0.6415706999428482,0.005750023660245668,0.3637724000000162
157,0,7,Denmark,383189443.691508,395686359.1319999,0.6249012454199413,0.03158288162348042,0.4051113000023179
157,10,7,Denmark,382550868.33592397,395686359.1319999,0.6238598635615199,0.03319672385191822,0.3776804999943124
157,20,7,Denmark,383189443.6915075,395686359.1319999,0.6249012454199405,0.03158288162348163,0.3847081999992952
157,30,7,Denmark,382550868.3359231,395686359.1319999,0.6238598635615183,0.033196723851920476,0.40207530000043334
157,40,7,Denmark,383189443.69150734,395686359.1319999,0.6249012454199402,0.03158288162348208,0.38803780000307597
157,50,7,Denmark,382550868.33592457,395686359.1319999,0.6238598635615208,0.033196723851916715,0.39215730000432814
157,60,7,Denmark,383189443.6915083,395686359.1319999,0.6249012454199417,0.03158288162347967,0.3771195000008447
157,70,7,Denmark,382550868.3359236,395686359.1319999,0.6238598635615192,0.03319672385191912,0.40123709999897983
157,80,7,Denmark,383189443.6915086,395686359.1319999,0.6249012454199423,0.031582881623478914,0.3853709000031813
157,90,7,Denmark,382550868.33592296,395686359.1319999,0.6238598635615182,0.03319672385192078,0.38167909999901894
157,110,7,Denmark,382550868.3359234,395686359.1319999,0.6238598635615189,0.03319672385191973,0.38841629999660654
157,120,7,Denmark,383189443.6915082,395686359.1319999,0.6249012454199415,0.03158288162347997,0.38382000000274274
157,130,7,Denmark,382550868.3359236,395686359.1319999,0.6238598635615192,0.03319672385191912,0.39825359999667853
157,140,7,Denmark,383189443.6915086,395686359.1319999,0.6249012454199423,0.031582881623478914,0.38478089999989606
157,150,7,Denmark,382550868.33592415,395686359.1319999,0.6238598635615201,0.03319672385191777,0.4001371000049403
157,160,7,Denmark,383189443.691508,395686359.1319999,0.6249012454199413,0.03158288162348042,0.38609019999421434
157,170,7,Denmark,382550868.33592397,395686359.1319999,0.6238598635615199,0.03319672385191822,0.38270319999719504
158,0,7,Ireland,388270616.23597074,395686359.1319999,0.63318756724718,0.01874146713648853,0.41213080000306945
158,10,7,Ireland,386195972.3930968,395686359.1319999,0.629804260262715,0.023984619433739786,0.38329450000310317
158,20,7,Ireland,388270616.2359711,395686359.1319999,0.6331875672471805,0.018741467136487625,0.3955331000033766
158,30,7,Ireland,386195972.393096,395686359.1319999,0.6298042602627136,0.023984619433741743,0.3846597000010661
158,40,7,Ireland,388270616.2359707,395686359.1319999,0.6331875672471798,0.01874146713648868,0.387533799999801
158,50,7,Ireland,386195972.39309627,395686359.1319999,0.6298042602627141,0.023984619433741142,0.39012560000264784
158,70,7,Ireland,386195972.39309657,395686359.1319999,0.6298042602627145,0.02398461943374039,0.37620590000005905
158,80,7,Ireland,388270616.2359707,395686359.1319999,0.6331875672471798,0.01874146713648868,0.3975669000064954
158,90,7,Ireland,386195972.39309627,395686359.1319999,0.6298042602627141,0.023984619433741142,0.3879852000027313
158,100,7,Ireland,388270616.23597056,395686359.1319999,0.6331875672471796,0.01874146713648898,0.4044099999955506
158,110,7,Ireland,386195972.3930961,395686359.1319999,0.6298042602627137,0.023984619433741593,0.3873868000009679
158,120,7,Ireland,388270616.23597074,395686359.1319999,0.63318756724718,0.01874146713648853,0.3828711000023759
158,130,7,Ireland,386195972.3930969,395686359.1319999,0.6298042602627152,0.023984619433739484,0.38132640000549145
158,140,7,Ireland,388270616.23597044,395686359.1319999,0.6331875672471794,0.018741467136489283,0.38661359999969136
158,150,7,Ireland,386195972.39309686,395686359.1319999,0.6298042602627151,0.023984619433739637,0.4096642000004067
158,160,7,Ireland,388270616.2359707,395686359.1319999,0.6331875672471798,0.01874146713648868,0.3873251999975764
158,170,7,Ireland,386195972.39309645,395686359.1319999,0.6298042602627144,0.02398461943374069,0.40111700000124983
159,0,7,Vietnam,381180663.81684625,395686359.1319999,0.6216253486902255,0.03665957893260252,0.3835906999956933
159,10,7,Vietnam,380560820.3581447,395686359.1319999,0.6206145146088465,0.038226080896585496,0.3831927000064752
159,30,7,Vietnam,380560820.35814476,395686359.1319999,0.6206145146088466,0.03822608089658534,0.39079340000171214
159,40,7,Vietnam,381180663.81684613,395686359.1319999,0.6216253486902252,0.03665957893260282,0.37740040000062436
159,50,7,Vietnam,380560820.35814494,395686359.1319999,0.620614514608847,0.03822608089658489,0.39039160000538686
159,60,7,Vietnam,381180663.8168461,395686359.1319999,0.6216253486902251,0.03665957893260297,0.3803176000001258
159,70,7,Vietnam,380560820.35814494,395686359.1319999,0.620614514608847,0.03822608089658489,0.39185429999633925
159,80,7,Vietnam,381180663.8168463,395686359.1319999,0.6216253486902256,0.03665957893260237,0.378296800001408
159,90,7,Vietnam,380560820.3581447,395686359.1319999,0.6206145146088465,0.038226080896585496,0.3769469000035315
159,100,7,Vietnam,381180663.816846,395686359.1319999,0.6216253486902251,0.036659578932603125,0.39475279999896884
159,110,7,Vietnam,380560820.35814464,395686359.1319999,0.6206145146088464,0.03822608089658565,0.3856367999978829
159,120,7,Vietnam,381180663.81684613,395686359.1319999,0.6216253486902252,0.03665957893260282,0.4009669000006397
159,130,7,Vietnam,380560820.35814494,395686359.1319999,0.620614514608847,0.03822608089658489,0.3751754999975674
159,140,7,Vietnam,381180663.81684613,395686359.1319999,0.6216253486902252,0.03665957893260282,0.3787083999995957
159,150,7,Vietnam,380560820.3581447,395686359.1319999,0.6206145146088465,0.038226080896585496,0.39567250000254717
159,160,7,Vietnam,381180663.8168461,395686359.1319999,0.6216253486902251,0.03665957893260297,0.40654549999453593
159,170,7,Vietnam,380560820.358145,395686359.1319999,0.620614514608847,0.03822608089658474,0.4084472000031383
160,0,5,United States of America,278832376.3675181,282633113.66571426,0.6366035990125984,0.013447600845141868,0.32991279999987455
160,10,5,United States of America,278613482.6637144,282633113.66571426,0.6361038416979781,0.014222080880282463,0.33063850000326056
160,20,5,United States of America,278832376.3675181,282633113.66571426,0.6366035990125984,0.013447600845141868,0.3335365999955684
160,30,5,United States of America,278613482.6637145,282633113.66571426,0.6361038416979784,0.014222080880282041,0.33255020000069635
160,40,5,United States of America,278832376.367518,282633113.66571426,0.6366035990125982,0.01344760084514229,0.3464233000049717
160,50,5,United States of America,278613482.6637144,282633113.66571426,0.6361038416979781,0.014222080880282463,0.33117560000391677
160,70,5,United States of America,278613482.66371435,282633113.66571426,0.636103841697978,0.014222080880282675,0.32718329999624984
160,80,5,United States of America,278832376.3675178,282633113.66571426,0.6366035990125978,0.013447600845142923,0.35519050000584684
160,90,5,United States of America,278613482.6637144,282633113.66571426,0.6361038416979781,0.014222080880282463,0.3314133999956539
160,100,5,United States of America,278832376.36751807,282633113.66571426,0.6366035990125983,0.01344760084514208,0.3266806000028737
160,110,5,United States of America,278613482.6637144,282633113.66571426,0.6361038416979781,0.014222080880282463,0.3622079000051599
160,120,5,United States of America,278832376.3675182,282633113.66571426,0.6366035990125986,0.013447600845141659,0.3348602000041865
160,130,5,United States of America,278613482.6637144,282633113.66571426,0.6361038416979781,0.014222080880282463,0.3436636999977054
160,140,5,United States of America,278832376.3675182,282633113.66571426,0.6366035990125986,0.013447600845141659,0.3430360999991535
160,150,5,United States of America,278613482.66371447,282633113.66571426,0.6361038416979783,0.014222080880282253,0.33954369999992196
160,160,5,United States of America,278832376.3675181,282633113.66571426,0.6366035990125984,0.013447600845141868,0.33869489999779034
160,170,5,United States of America,278613482.66371447,282633113.66571426,0.6361038416979783,0.014222080880282253,0.33287460000428837
165,0,4,China,221497843.22939438,226106490.9325714,0.6321285480290936,0.02038264219735031,0.32791919999726815
165,10,4,China,221346309.952546,226106490.9325714,0.6316960900472203,0.021052827631759467,0.3211643000031472
165,20,4,China,221497843.22939396,226106490.9325714,0.6321285480290924,0.020382642197352155,0.31386919999931706
165,30,4,China,221346309.9525461,226106490.9325714,0.6316960900472206,0.021052827631759072,0.3081651999964379
165,40,4,China,221497843.2293938,226106490.9325714,0.6321285480290919,0.020382642197352814,0.321899200003827
165,50,4,China,221346309.95254675,226106490.9325714,0.6316960900472225,0.02105282763175617,0.30827729999873554
165,60,4,China,221497843.22939464,226106490.9325714,0.6321285480290944,0.020382642197349123,0.30136230000061914
165,70,4,China,221346309.95254716,226106490.9325714,0.6316960900472236,0.021052827631754326,0.3255857000040123
165,90,4,China,221346309.95254633,226106490.9325714,0.6316960900472213,0.021052827631758017,0.3090546999956132
165,100,4,China,221497843.22939458,226106490.9325714,0.6321285480290941,0.020382642197349386,0.29818620000150986
165,110,4,China,221346309.9525467,226106490.9325714,0.6316960900472223,0.021052827631756435,0.3186109000016586
165,120,4,China,221497843.22939444,226106490.9325714,0.6321285480290937,0.020382642197350045,0.31182260000059614
165,130,4,China,221346309.952546,226106490.9325714,0.6316960900472203,0.021052827631759467,0.3002468999984558
165,140,4,China,221497843.22939444,226106490.9325714,0.6321285480290937,0.020382642197350045,0.3241474000024027
165,150,4,China,221346309.95254606,226106490.9325714,0.6316960900472205,0.021052827631759204,0.3111875000031432
165,160,4,China,221497843.22939485,226106490.9325714,0.6321285480290949,0.0203826421973482,0.31552499999816064
165,170,4,China,221346309.95254645,226106490.9325714,0.6316960900472216,0.02105282763175749,0.32570249999844236
168,0,3,China,167611332.0415465,169579868.19942856,0.6377904567790963,0.01160831281910796,0.2765947999942
168,20,3,China,167611332.0415465,169579868.19942856,0.6377904567790963,0.01160831281910796,0.2927406000017072
168,30,3,China,167212877.61852682,169579868.19942856,0.6362742679548204,0.013957969221429776,0.28920880000077887
168,40,3,China,167611332.04154614,169579868.19942856,0.6377904567790948,0.011608312819110067,0.2755223999993177
168,50,3,China,167212877.61852664,169579868.19942856,0.6362742679548198,0.013957969221430831,0.2862756999966223
168,60,3,China,167611332.0415464,169579868.19942856,0.637790456779096,0.011608312819108485,0.28488829999696463
168,70,3,China,167212877.61852646,169579868.19942856,0.6362742679548191,0.013957969221431886,0.29324040000210516
168,80,3,China,167611332.04154646,169579868.19942856,0.6377904567790962,0.011608312819108135,0.2860530999969342
168,90,3,China,167212877.61852673,169579868.19942856,0.6362742679548201,0.013957969221430304,0.29459309999947436
168,100,3,China,167611332.0415462,169579868.19942856,0.6377904567790951,0.011608312819109717,0.2933195000005071
168,110,3,China,167212877.61852667,169579868.19942856,0.6362742679548199,0.013957969221430656,0.2789615000001504
168,120,3,China,167611332.0415465,169579868.19942856,0.6377904567790963,0.01160831281910796,0.2997107999981381
168,130,3,China,167212877.6185264,169579868.19942856,0.6362742679548189,0.013957969221432238,0.2806068999998388
168,140,3,China,167611332.0415465,169579868.19942856,0.6377904567790963,0.01160831281910796,0.2800487999993493
168,150,3,China,167212877.61852658,169579868.19942856,0.6362742679548196,0.013957969221431183,0.301807199997711
168,160,3,China,167611332.04154655,169579868.19942856,0.6377904567790965,0.011608312819107607,0.2803060000005644
168,170,3,China,167212877.61852643,169579868.19942856,0.636274267954819,0.01395796922143206,0.2873704000012367
169,0,3,China,167135594.70666784,169579868.19942856,0.6359801929477468,0.014413700863867958,0.29403560000355355
169,10,3,China,167873113.1358613,169579868.19942856,0.6387865796646168,0.010064608975636663,0.28587819999665953
169,20,3,China,167135594.7066681,169579868.19942856,0.6359801929477478,0.014413700863866376,0.29045079999923473
169,30,3,China,167873113.13586116,169579868.19942856,0.6387865796646163,0.010064608975637542,0.298449800000526
169,40,3,China,167135594.7066678,169579868.19942856,0.6359801929477467,0.014413700863868133,0.2904130000024452
169,50,3,China,167873113.135861,169579868.19942856,0.6387865796646157,0.01006460897563842,0.27606020000530407
169,60,3,China,167135594.70666784,169579868.19942856,0.6359801929477468,0.014413700863867958,0.309852200000023
169,70,3,China,167873113.13586113,169579868.19942856,0.6387865796646162,0.010064608975637717,0.2915770999970846
169,80,3,China,167135594.70666802,169579868.19942856,0.6359801929477474,0.014413700863866903,0.2774398999972618
169,90,3,China,167873113.1358612,169579868.19942856,0.6387865796646164,0.010064608975637365,0.30366760000470094
169,110,3,China,167873113.13586116,169579868.19942856,0.6387865796646163,0.010064608975637542,0.27703099999780534
169,120,3,China,167135594.70666802,169579868.19942856,0.6359801929477474,0.014413700863866903,0.2879774000030011
169,130,3,China,167873113.1358612,169579868.19942856,0.6387865796646164,0.010064608975637365,0.2873397000003024
169,140,3,China,167135594.7066681,169579868.19942856,0.6359801929477478,0.014413700863866376,0.28898800000024494
169,150,3,China,167873113.13586107,169579868.19942856,0.6387865796646159,0.01006460897563807,0.29221680000046035
169,160,3,China,167135594.7066678,169579868.19942856,0.6359801929477467,0.014413700863868133,0.2749100000000908
169,170,3,China,167873113.13586134,169579868.19942856,0.6387865796646169,0.010064608975636487,0.2941951999964658
