farm_id,year,country,P00_kWh,P10_kWh,P01_kWh,P11_kWh,AEP_kWh,AEP_noWake_kWh,CF,WakeLoss,P11_err_pct
46,2014,China,110245085.382716,105719989.745824,111663236.347831,105637007.712955,105637007.71295504,106172282.28232288,0.6449145770021675,0.0050415660082025,4.2318013875416366e-14
89,2014,China,70541040.466885,70466661.875174,70034423.048083,70471331.361877,70471331.36187705,71085063.97175449,0.4314395210106346,0.0086337772745242,8.457998965467964e-14
101,2014,China,98631394.013545,92761876.431049,95307914.137294,92766876.32925,92766876.32924974,93233903.0548152,0.5803007402054907,0.0050091941907748,2.7307132709343744e-13
168,2014,China,57200343.255334,54178066.116265,57475387.100063,53351716.019942,53351716.0199416,57618640.16335101,0.2405505929931088,0.0740545790617848,7.541113618229353e-13
169,2014,China,80555306.021311,75178058.802596,79950017.630692,75554325.516412,75554325.51641193,79546531.29838295,0.3325600841428405,0.0501870504823907,9.861223094772266e-14
165,2014,China,78581699.580299,78508898.726651,80100267.463638,78461462.173789,78461462.17378896,86619376.28924479,0.2670573933757282,0.0941811689824965,3.79833889938023e-14
34,2014,China,269499615.502108,255072163.150889,270529486.492116,255260620.301478,255260620.301478,257551594.49461088,0.6327729804201239,0.0088952048525595,0.0
97,2014,China,124208196.239686,129816148.844928,126046588.355955,129005202.914037,129005202.91403694,139775707.80570084,0.3298100547463555,0.0770556276247639,4.6203287486868564e-14
0,2014,China,273260297.823292,280616311.059708,273854544.80098,280573534.223253,280573534.22325253,284316638.6983251,0.4408206608585541,0.013165267049475,1.6995086850340823e-13
45,2014,China,397208295.673227,379360594.737155,400267123.449486,379294350.786749,379294350.7867489,412082551.1913774,0.5876523778922114,0.0795670680785539,3.142922885709005e-14
131,2014,China,281264939.711582,264934791.859967,278288196.520485,264169168.063525,264169168.0635255,286403545.1289661,0.3443738340027708,0.0776330371728763,1.917859999729368e-13
88,2014,China,510487026.874533,470899499.665284,501696431.171799,471277180.043407,471277180.0434072,503794698.2230921,0.327532841774036,0.0645451774192458,3.7942413063518614e-14
109,2014,China,572219694.899388,599534848.45101,567660120.303606,599479816.314829,599479816.3148291,641359466.609132,0.3965757828020091,0.0652982492263202,1.9885455073966336e-14
57,2014,Vietnam,400792636.721938,415052433.916294,374424371.726063,406410729.090987,406410729.09098667,770915218.2204019,0.1142784476905865,0.4728204613353536,8.799666028804042e-14
38,2014,China,1983730220.432895,1920740572.926584,1945822450.885819,1929061450.34258,1929061450.34258,2293286893.0514,0.3757058039424637,0.1588224499134468,0.0
24,2014,China,3465205893.316639,3570525822.17557,3455854786.560962,3574605595.91502,3574605595.9150195,4436835351.338922,0.3063371739754371,0.1943344044001325,1.3339573986792948e-14
46,2015,China,111526408.657924,114922135.381286,115510205.594473,114887646.194771,114887646.19477148,115308207.65191372,0.6941012940718432,0.0036472811927821,4.150465032547823e-13
89,2015,China,68995202.574771,62730634.53608,66703181.803811,62721237.525503,62721237.52550327,63324157.23244819,0.3925474873294735,0.0095211643280421,4.2763968325751817e-13
101,2015,China,100223255.171517,102821608.437814,98350485.393557,102826039.787425,102826039.7874254,103287662.00121117,0.6350422417701668,0.0044692870846504,3.9127379899647546e-13
168,2015,China,55602420.543431,58498956.825767,56256965.116931,57224039.967939,57224039.96793927,62070522.62097527,0.2644119765638077,0.0780802617472766,4.817406849300245e-13
169,2015,China,78901265.808835,68699710.694706,77900501.034055,68517778.131987,68517778.13198683,73059541.90837198,0.3057873795331228,0.0621652375275119,2.609745079324083e-13
165,2015,China,77249437.139979,78432039.244847,79015558.611265,78121774.536357,78121774.53635727,86437313.86984882,0.2687922327840533,0.0962031206339023,3.433369288922513e-13
34,2015,China,272574793.381893,277860337.304574,275783047.991842,278023720.727401,278023720.72740114,280154340.3582148,0.6806799381255996,0.0076051637397063,4.287738083602748e-14
97,2015,China,126165752.655294,129174022.136147,126334384.616607,129296559.15784,129296559.15784016,139737652.0256232,0.3226767136457203,0.0747192522303759,1.2677272635865424e-13
0,2015,China,266703903.193643,244742650.316204,257968613.543377,244765120.393954,244765120.39395425,248320226.2478994,0.3933107089503057,0.0143166181332168,9.740708917913759e-14
45,2015,China,403073788.412379,416314884.737985,407770660.388662,415651751.608402,415651751.6084021,448246944.5731437,0.6360199406420646,0.0727170443867305,1.43400441703289e-14
131,2015,China,276805140.004298,241108917.265447,270138965.063633,240105266.167684,240105266.167684,262246720.40809733,0.3185687490615417,0.0844298613380475,0.0
88,2015,China,501364772.642175,430606786.228924,493223871.417085,433027735.44551,433027735.4455097,462710432.0863559,0.3051403594122441,0.0641496162232765,8.258775117127483e-14
109,2015,China,561661365.510516,511533685.947331,537594723.27014,510826912.065209,510826912.0652091,551005724.3673602,0.343630201313912,0.0729190469813768,2.3336532734509437e-14
57,2015,Vietnam,426419943.442162,520984836.150254,429315532.65696,512174058.193994,512174058.19399416,965328559.3591886,0.1344204192371069,0.4694303268785611,3.491272770758788e-14
38,2015,China,1948074945.561179,1694173625.887054,1853414499.470607,1695837575.207222,1695837575.2072225,2043454496.7130055,0.3366019350921719,0.1701123866789995,2.811809132987621e-14
24,2015,China,3376646581.728211,3023076637.286819,3219125088.263526,3015322424.445803,3015322424.4458027,3835205163.757686,0.2648469650769469,0.2137780651370871,1.581380333782264e-14
1,2016,China,67721190.910267,68422813.802932,66008914.862796,68427220.040858,68427220.04085764,68952759.02146289,0.4279375862467645,0.0076217251936454,5.226397746961011e-13
46,2016,China,109311007.515254,105438114.109345,110078603.868516,105376201.462951,105376201.46295092,105909294.4022262,0.6491080538558021,0.005033485892661,8.484550204110405e-14
63,2016,China,59944206.428319,59645377.647621,61661049.45448,59582547.789879,59582547.7898788,60364173.50613784,0.3800876996037178,0.0129485035719003,3.3762516639329593e-13
124,2016,China,95375405.683993,87471341.943558,91291789.86495,87478307.860063,87478307.86006337,87941685.7738386,0.5586812355349557,0.0052691497746233,4.2585303598020636e-13
71,2016,Taiwan,110896426.344475,105772849.047177,98820470.394275,105338584.975481,105338584.97548054,109283446.865144,0.5117001116073085,0.0360975243993853,4.3852496890555466e-13
101,2016,China,147271909.732393,137917156.345219,141033861.903473,137918209.702348,137918209.70234784,138629400.10448298,0.5803173007756789,0.0051301556639437,1.0804346449977147e-13
135,2016,Japan,55955726.711342,61650091.016755,59609478.475392,61816200.237473,61816200.23747284,64018104.17428535,0.2912835747689795,0.03439501942791,2.6516151510872173e-13
168,2016,China,56574606.517139,58395545.021785,58479250.264613,58021758.121344,58021758.12134445,62024732.07036783,0.2638192066627765,0.0645383513222105,7.704606862834429e-13
169,2016,China,82303274.816728,76344656.515227,80229256.207664,76377774.665948,76377774.66594791,81007174.53622289,0.3279564372276521,0.0571480229594344,1.170588794372755e-13
165,2016,China,80282073.789435,80961442.444382,82356335.004711,80615436.83511,80615436.83510987,89574333.9040402,0.2682888606067288,0.1000163403785717,1.4787402293013794e-13
97,2016,China,152494146.154043,174744108.087752,159338653.741266,175720331.406293,175720331.40629268,186792147.20249623,0.3653077448053983,0.0592734542753605,1.8656096516609958e-13
45,2016,China,394621624.984751,372766444.01194,393256722.712751,372699886.851291,372699886.8512907,405803534.59898,0.5827806586991661,0.0815755530084346,7.996332555793505e-14
34,2016,China,562102634.950401,529455124.370549,559060874.005162,529278400.283092,529278400.28309226,557979860.0735974,0.6019041557112065,0.0514381644289445,4.5045968052737625e-14
131,2016,China,476478514.366502,447198550.329461,463653326.952966,447497495.304035,447497495.3040351,496249253.7400698,0.3357146037075366,0.0982404670004206,2.6639096486962246e-14
89,2016,China,894152132.381275,910642499.382306,881842144.769143,910845759.226487,910845759.2264868,1037559934.888121,0.3878547104974777,0.1221270901090622,2.6175516182238536e-14
109,2016,China,1101489913.008639,1119461355.303275,1064243478.140338,1118479436.833203,1118479436.8332028,1261006079.6390991,0.3655902296652272,0.1130261345343295,2.131631313460772e-14
88,2016,China,1185220758.976659,1081878810.817785,1152094056.166345,1092659585.384476,1092659585.3844762,1242110009.5554178,0.3059831153869459,0.1203197969754978,2.1820023572819316e-14
0,2016,China,1549790200.137145,1565238899.273194,1498621015.106945,1560836501.719388,1560836501.7193875,1669814020.6286066,0.4121793132757262,0.06526326738363,3.0550102952990296e-14
57,2016,Vietnam,522374531.708049,605186299.66652,470552069.219072,596383424.501108,596383424.5011083,1192802801.7240078,0.1198938986906812,0.500015070689698,3.9977398651045074e-14
38,2016,China,1960165220.895131,1953057977.818668,1931062739.059271,1946574341.97479,1946574341.9747896,2306071449.923512,0.3817396272321628,0.1558915739408881,2.4496221280682048e-14
24,2016,China,3671185851.26793,3682034674.764369,3548298977.138773,3690192254.359194,3690192254.359194,4631587008.36337,0.2953562061878458,0.2032553317694942,0.0
46,2017,China,111684230.448921,113870076.182986,113004959.092352,113824585.403328,113824585.4033282,114315375.14810592,0.6875956590753183,0.0042932960167595,1.701873939040549e-13
124,2017,China,97601842.90027,95639020.154528,94444261.023153,95645339.148019,95645339.14801948,96117467.84950931,0.5961439737473166,0.0049119968727125,4.985471978568428e-13
14,2017,China,98008703.357026,88777070.323835,96064144.356404,88759663.748504,88759663.74850412,89870530.76721373,0.3930723340352691,0.0123607483924516,1.3430570206817655e-13
71,2017,Taiwan,111051981.493955,116146347.162316,101101245.167584,115664397.28869,115664397.28869,119650905.39533325,0.5595761842703919,0.0333178265009495,0.0
101,2017,China,151814176.408534,150087236.222386,145550895.361844,150095598.173766,150095598.1737657,150814637.44421753,0.6147176072972342,0.0047677021450772,1.9855560556275047e-13
135,2017,Japan,54966564.671563,62942535.727668,57234923.913645,63055195.728079,63055195.72807929,65248817.61866193,0.304173640752915,0.0336193355012649,4.608226807083457e-13
139,2017,South Korea,80949516.891754,84118774.569878,79364943.277468,84166561.459739,84166561.45973898,86768401.77227528,0.3838489600024581,0.0299860347706398,1.7704372063453745e-14
168,2017,China,57192119.289891,57035697.812234,58897502.376567,56118565.825211,56118565.82521149,60678218.890799895,0.2518334492246072,0.0751448072955837,8.629724079343465e-13
169,2017,China,81230737.641596,73050194.730831,79872900.583769,73199563.547894,73199563.54789393,77624909.33316255,0.320166047972243,0.0570093520660389,1.0178449482214424e-13
147,2017,China,101876843.451267,97470006.452007,103573102.689517,97208508.174395,97208508.17439516,101718311.82930373,0.3180906681099318,0.0443362023396199,1.686197805219472e-13
165,2017,China,78923033.848408,76960701.128309,80369544.111278,76293320.970062,76293320.97006178,85421470.9270898,0.2572609959875296,0.106860135490048,2.929711474945824e-13
81,2017,China,296535937.991448,295426124.319033,285188202.493148,294625646.056145,294625646.05614465,301629274.88843507,0.6033207315725615,0.0232193272184235,1.213838216189073e-13
63,2017,China,288114611.16327,281169664.073442,289143434.694114,280090933.255588,280090933.255588,298115339.22723114,0.3574868324895826,0.0604611826361087,0.0
74,2017,China,358835567.705925,354330202.795668,365632922.968761,358605900.465994,358605900.4659942,373450201.8773428,0.4456946314516458,0.0397490785564606,4.986363417161018e-14
34,2017,China,574785665.974076,568469649.775585,573088708.85571,566662359.488194,566662359.4881938,594965283.6590886,0.6293032000179839,0.0475707153816259,4.2074186702095553e-14
45,2017,China,869310727.727013,861190068.713046,868815244.875419,861548902.912986,861548902.9129864,919491802.0185916,0.6190978161516696,0.0630162215458596,4.1509874534477007e-14
97,2017,China,410075133.740793,455480547.224476,429682653.348676,462388963.334907,462388963.3349073,553746388.272738,0.3194264578566051,0.1649806244746723,6.445292762342504e-14
131,2017,China,666273185.461572,607354079.86878,652165271.10516,603929748.372261,603929748.3722613,699474196.7070067,0.3142194320355158,0.1365946718042649,3.9477866381670885e-14
89,2017,China,883565007.026414,862667155.690585,876823410.09058,860697595.027915,860697595.0279149,991854129.6208298,0.3684114624473149,0.1322336931168033,1.3850310520144412e-14
109,2017,China,1083099511.815598,1046478611.123527,1064648216.296186,1051410560.386464,1051410560.3864636,1183734256.8444452,0.3476840783807303,0.1117849683684285,3.4014102780258514e-14
50,2017,China,1307242885.576102,1183600792.804181,1282831945.959172,1192715605.263961,1192715605.263961,1315011489.8091726,0.3300849085792617,0.0929998600719134,0.0
88,2017,China,1353389498.454341,1209024941.880476,1344487699.803775,1214134527.570001,1214134527.5700006,1423123337.7746468,0.2896624226288606,0.1468522120728089,1.9636916147895032e-14
57,2017,Vietnam,487287827.033554,547473412.481917,454741564.962938,526419653.589695,526419653.58969456,1089703808.8594334,0.1127425252161377,0.5169149182467434,7.925853652738741e-14
38,2017,China,1970291266.216762,1872462329.293204,1936434405.656714,1879862841.506935,1879862841.506935,2234245272.156137,0.3683838607695345,0.1586139333338316,0.0
1,2017,China,2244574196.021779,2142947109.179771,2218970806.1869,2167060357.505111,2167060357.5051107,2568691656.697146,0.3505719255043453,0.1563563684823337,2.2003870660626048e-14
24,2017,China,3623726711.78984,3475902738.678524,3551378456.973507,3484110892.71172,3484110892.71172,4402916896.062431,0.2822806393332847,0.2086812049921741,0.0
0,2017,China,5254870807.573352,5085221384.705005,5239756181.924829,5132254230.430478,5132254230.430478,5676372033.630834,0.38017542837474,0.0958566140444314,0.0
46,2018,China,110191972.709199,108404498.71012,110409698.627385,108349528.097864,108349528.09786378,108886454.58280323,0.6630126551087001,0.0049310677530708,2.0629293161833503e-13
98,2018,China,45918243.898455,44526863.683576,46589268.629462,44535036.869295,44535036.86929513,45015193.799226776,0.2933796895210482,0.0106665525438634,2.844049967207533e-13
124,2018,China,95515844.006843,89375868.704249,91447084.587694,89388573.995807,89388573.99580732,89880540.04395978,0.5684126541765695,0.0054735546527851,3.50072018248639e-13
71,2018,Taiwan,109777206.872641,106193107.287057,99566501.200037,105878412.45183,105878412.45182964,109733107.79538392,0.5170349274920872,0.0351279155488974,3.377722241680284e-13
72,2018,China,102946168.131379,95700229.626959,100538270.189082,95835810.628706,95835810.6287062,98303949.77510148,0.3910548440392793,0.0251072225687968,2.1768090168517784e-13
101,2018,China,147855555.257768,140852922.374629,141294775.113694,140857886.93737,140857886.93737,141600807.12466443,0.5902278941435994,0.0052465815865043,0.0
135,2018,Japan,55561845.684986,63242621.717936,58177231.28455,63499271.599157,63499271.5991568,65511511.39711806,0.3005313625782422,0.0307158200909677,3.1679997431594885e-13
168,2018,China,57788461.940999,59133636.827992,59224171.612778,58743351.222737,58743351.22273716,62829802.01838408,0.2623759490050344,0.0650400075182669,2.7903204315126007e-13
169,2018,China,82487915.275249,79682588.883545,82182866.61465,79800825.938703,79800825.93870257,84521745.08246493,0.3425222162361686,0.0558544921091765,5.415152907734527e-13
165,2018,China,79894883.091001,86955561.841275,82867752.187269,86453577.923992,86453577.92399198,95764338.77740584,0.287641661977615,0.0972257624527198,1.72360260288457e-14
34,2018,China,565133058.460662,545162537.743042,562853599.30546,544558050.54128,544558050.5412804,574495579.1399812,0.6175037710107844,0.0521109816780786,6.567304776724326e-14
147,2018,China,298844109.297449,293070130.096527,303195920.522342,293100716.197301,293100716.1973012,312542395.9782784,0.3203706674069836,0.0622049361339393,8.134356756094401e-14
19,2018,China,368428103.680185,377378888.021051,370042648.941199,384717325.910622,384717325.9106217,410327161.3725367,0.3754585188361229,0.0624132104154415,7.746550617951387e-14
139,2018,South Korea,315793956.142448,318432148.571042,300608205.01092,318582451.979585,318582451.9795851,361160114.26256704,0.3389535609954092,0.1178913744944369,3.741866157726108e-14
81,2018,China,641313117.326893,610371101.417678,613133184.934118,612609372.163708,612609372.1637081,660803766.5817673,0.5500667793514484,0.0729329898758918,1.945926637226256e-14
131,2018,China,675576949.566405,668914519.9698,677574918.073408,670973297.495632,670973297.4956316,767949315.2492019,0.3437363204383358,0.1262791903422706,7.106648803803247e-14
97,2018,China,670445214.894838,672857268.729012,699779665.348559,670631066.816236,670631066.8162364,853492940.4936594,0.2668349992106874,0.2142511847510489,5.332706555784113e-14
14,2018,China,1084151416.455241,992879489.069206,1051977752.048577,994800537.324826,994800537.3248258,1145634126.9882762,0.3529801891660637,0.1316594767126678,2.396647067991211e-14
109,2018,China,1091667610.294085,1209122996.193187,1088234154.075275,1212598469.597985,1212598469.5979846,1355479839.780559,0.399780581834781,0.1054101772592249,3.93235823859494e-14
63,2018,China,1032354807.839029,1093405785.797649,1071033519.573106,1095972382.811233,1095972382.8112328,1257090857.4330266,0.3553275783981431,0.128167724448173,2.1754068153615788e-14
45,2018,China,2260111887.337778,2180290779.213016,2259872748.347233,2183193998.881391,2183193998.881391,2350209187.390832,0.6051568192261974,0.0710639671589654,0.0
74,2018,China,1767456157.260271,1796919584.515376,1794563665.17766,1840581786.332694,1840581786.3326936,2005481469.605572,0.4414542726779874,0.0822244861256732,2.5906871498126107e-14
89,2018,China,1592893882.57026,1729232766.841225,1605003103.88385,1721131162.556553,1721131162.556553,1991734458.1615293,0.4068175541176331,0.1358631390324777,0.0
88,2018,China,1391811883.86505,1323539227.977268,1391895068.690668,1345498353.311656,1345498353.3116562,1549565326.5118575,0.3150090963668335,0.1316930430158536,1.7719722845795107e-14
38,2018,China,1991308343.612534,2093405068.54593,2005857136.870017,2098469677.515903,2098469677.5159037,2463182341.080825,0.4078991244214112,0.1480656374813438,3.408463534013904e-14
57,2018,Vietnam,511181570.88172,614792371.113029,512121521.140405,603588042.20868,603588042.20868,1223631174.8332553,0.1258804700399547,0.5067238767507446,0.0
50,2018,China,2680335116.666702,2645699353.168029,2673449829.708376,2664468214.465988,2664468214.465988,3041079288.3868394,0.3446954450325473,0.1238412544385276,0.0
24,2018,China,3687780068.054245,3963691569.164445,3681924911.392798,3984139398.391552,3984139398.391552,4958881617.562679,0.3190026869584632,0.1965649302292114,0.0
0,2018,China,7146170257.749039,7677584447.190409,7136729579.244915,7735885407.364262,7735885407.364262,8536511901.175238,0.4242349102553432,0.0937884821200509,0.0
1,2018,China,6990734066.112556,7546416979.877867,6975449776.448373,7583459200.459497,7583459200.459497,8704490833.264856,0.4017560705019606,0.1287877320200342,0.0
3,2019,China,70079591.250212,60971774.116434,68438266.408622,60978212.203024,60978212.20302364,61532791.95264448,0.3787466596461096,0.0090127512830497,5.86484673347984e-13
46,2019,China,111593167.998697,114221125.280268,115262407.663312,114209604.731436,114209604.73143584,114716121.430103,0.6882584351659385,0.0044153924692769,1.4351925437248952e-13
124,2019,China,98282564.423679,95452102.960428,97876796.095953,95452468.634088,95452468.63408785,95983021.6704072,0.5911101599832043,0.0055275717213948,1.5611079951185437e-13
101,2019,China,150971498.071127,149386271.641267,149632988.160511,149392298.264816,149392298.26481614,150169107.42827973,0.6128914800607842,0.0051728959222494,9.974517673885387e-14
135,2019,Japan,55134063.375152,64202001.295863,58371750.16188,64182883.712226,64182883.71222589,66404092.14004955,0.3053710329823289,0.0334498726846384,1.7412540928348632e-13
168,2019,China,56888206.580566,58323652.489776,56625881.179329,57357240.124554,57357240.12455443,61943968.02672794,0.2584008655428861,0.0740464010990448,7.534073705136087e-13
169,2019,China,79750353.973899,68676338.786223,79310876.499268,68632406.344713,68632406.3447128,72945868.01029627,0.3055625588562967,0.0591323646320122,3.039617402689805e-13
165,2019,China,79877295.185778,79345817.490595,79720844.589506,79048139.081025,79048139.0810248,87537562.71676691,0.2659404490681765,0.0969803518885961,2.6391039579063883e-13
4,2019,China,192510193.090566,184170884.130555,202484034.389319,185493503.257865,185493503.25786504,192372101.04210103,0.3836632399641455,0.0357567326393684,1.6066504683059123e-14
52,2019,China,302221992.890976,305614454.4892,303223112.871003,306699040.699897,306699040.69989663,312091346.1252963,0.6247434219422648,0.017277971633455,1.166054735079138e-13
92,2019,China,208402756.355847,178852412.196517,203166666.144232,176276845.590673,176276845.59067333,191165196.67187577,0.3711872933052713,0.0778821215388774,1.8597198353882582e-13
32,2019,China,193458117.443329,184692018.697948,196752185.429144,185252218.969989,185252218.96998915,195580762.155267,0.3289571499067551,0.0528096069953866,8.04371536098126e-14
98,2019,China,148861642.523999,129942768.90097,152401944.74768,130767720.131013,130767720.13101332,136394110.3073015,0.2567849192557944,0.0412509760400334,2.3929788234993215e-13
147,2019,China,297321869.124148,289042983.516049,295080042.887777,286012024.979838,286012024.97983795,307728194.3807712,0.3113157708331569,0.0705693199306347,2.0839908664536875e-14
34,2019,China,1007248445.780436,1017219305.329537,1035493172.882752,1016929338.03771,1016929338.0377096,1062790759.598244,0.6515227844044653,0.0431518821050634,3.51674256288476e-14
139,2019,South Korea,463477244.362455,430364316.079302,440688531.983586,432524849.142803,432524849.14280325,506868173.5601949,0.3045949641850727,0.1466719125314399,5.51225159835489e-14
81,2019,China,1005104767.426942,995304274.351252,996411257.410067,995915340.502539,995915340.5025388,1051183751.9979584,0.5836866464483744,0.0525773076214051,2.393964320112355e-14
71,2019,Taiwan,813519634.926734,852349952.597818,763375481.310076,855580112.189742,855580112.1897417,940787776.4383292,0.5318654964378243,0.0905705477713263,2.7866306813906925e-14
131,2019,China,653963031.317547,569910193.183772,650470882.28518,567862321.315391,567862321.3153908,657701139.3868697,0.3010535832023278,0.1365951990827163,2.099263942616337e-14
97,2019,China,678527338.371916,652533809.360624,678932166.458296,653822594.870013,653822594.8700134,837834166.3665323,0.2594204683810045,0.2196276767925674,5.469799781444443e-14
72,2019,China,1128322315.746705,1079893952.530696,1110128918.33268,1078153071.397137,1078153071.3971372,1226281049.0284405,0.3676942471172284,0.1207944767218431,2.211361126974345e-14
109,2019,China,1090022764.762698,929865867.34786,1063536742.640512,933302343.493073,933302343.4930732,1061018339.1058646,0.3068922652337851,0.1203711480806443,2.5545695964850214e-14
45,2019,China,2826369344.537087,2847950156.226608,2916010441.454296,2857165613.302165,2857165613.302165,3076499567.2580748,0.6323611162069751,0.0712933478977833,0.0
88,2019,China,1333514157.324795,1138200729.257103,1342597171.033922,1155815173.310648,1155815173.3106475,1337340913.5220983,0.2806841369429794,0.135736324504852,4.125548523794694e-14
89,2019,China,1638081405.255635,1396046222.539743,1598343775.88446,1397990297.62482,1397990297.6248205,1655301624.609336,0.3186411609798216,0.1554467917865077,3.410876019764009e-14
74,2019,China,2027224091.278548,1830652585.022191,2016595375.669755,1869398251.661031,1869398251.6610312,2077316450.525754,0.3871544004135873,0.1000898051965554,1.2753760676181149e-14
38,2019,China,1936027142.318046,1620241569.990134,1891440598.09772,1634770458.994826,1634770458.994826,1956293664.336206,0.325702741864721,0.1643532416440537,0.0
63,2019,China,1657517805.055712,1622663158.552018,1673946981.16693,1627568556.380287,1627568556.380287,1942684423.0201075,0.3186499904810946,0.1622064103185321,0.0
14,2019,China,1805305515.977034,1730674884.430595,1773861279.6928,1732286147.832503,1732286147.8325033,2062675023.821839,0.351362246528032,0.1601749534820918,1.3763233020126618e-14
57,2019,Vietnam,598554984.954057,754212345.665397,566868508.155697,739031770.109686,739031770.1096858,1405694510.872923,0.1374666616028194,0.4742586213481375,3.226093772209236e-14
19,2019,China,2338496450.201809,2091917568.581383,2363942769.307399,2121807531.164114,2121807531.164114,2554760286.338856,0.2893331821306391,0.1694690329616765,0.0
50,2019,China,2638224944.867147,2273728463.808555,2604627977.152699,2285698164.163217,2285698164.1632166,2630804557.5474787,0.3029421026061255,0.1311790312945107,2.0861772813196133e-14
24,2019,China,3660850418.217721,3085282945.563655,3563390070.690519,3076382545.402939,3076382545.40294,3938346805.347056,0.2473708094840708,0.218864488717407,3.0999861113869996e-14
1,2019,China,9562981041.122463,8372750427.878416,9379286874.881489,8412105963.773713,8412105963.773713,9929445686.788252,0.3261106585039382,0.1528121277740059,0.0
0,2019,China,13554393942.888191,11553957521.241411,13256244212.589432,11603517523.227743,11603517523.227743,13212426536.858805,0.3307677392615096,0.1217724094164438,0.0
46,2020,China,113236990.546324,119902290.263068,117361049.08504,119874506.553887,119874506.55388656,120342358.5095158,0.710830802620295,0.0038876748089681,3.604883866006383e-13
112,2020,Vietnam,35745521.828426,40136922.303097,35713139.881417,40214541.413426,40214541.41342624,40848205.67468024,0.2671352558351683,0.0155126584090517,6.113936677054811e-13
130,2020,Vietnam,31281089.386504,34138807.039702,29090456.315258,34480668.867594,34480668.867593706,35449288.491810136,0.2323808388434675,0.0273240921165515,8.643197294732501e-13
39,2020,Taiwan,112830113.774982,113831024.768651,108397915.654804,113442335.501471,113442335.50147092,118065080.04165758,0.4978816567982046,0.0391542066337954,6.567724971447914e-14
66,2020,China,95816365.895524,84904820.249221,89849927.415789,83013123.687361,83013123.68736142,90757968.8420157,0.3482824572576523,0.0853351529730231,5.026103041238251e-13
111,2020,China,84904311.194564,87135576.470948,88548130.667257,88038140.188549,88038140.1885492,89594731.09999202,0.3667339006437941,0.0173736880766524,2.3696122642649956e-13
115,2020,Vietnam,61862253.870157,64552961.18575,61613907.331914,64848168.256959,64848168.25695918,66127134.73382943,0.288060448902626,0.0193410236511571,2.7574245986043325e-13
135,2020,Japan,54310729.619106,60837847.775254,55340631.198868,60702367.331734,60702367.33173433,63004904.21103071,0.2929085472482838,0.036545359573664,5.400539726450931e-13
168,2020,China,56192234.056194,53997037.0675,57613808.764994,53460953.927579,53460953.92757921,57390226.00875496,0.2434469668833297,0.0684658757150795,3.9022172517996753e-13
169,2020,China,79823422.951642,67834307.084295,80722041.661548,68136845.364531,68136845.36453114,72168009.13030232,0.3027093401063181,0.0558580431184231,2.18694615433495e-13
165,2020,China,80445244.078542,76109048.426619,82094635.79447,75427794.413354,75427794.41335353,84317414.56609021,0.2508907477825756,0.1054304166996102,6.124214563106693e-13
107,2020,Vietnam,184670834.174764,201641131.133275,171737817.673472,203417013.6711,203417013.6710995,217209011.3715169,0.2505413329939273,0.0634964342102151,2.344136066091859e-13
147,2020,China,293229056.614364,267469776.032956,295402215.718137,266263039.86889,266263039.8688897,285357184.36195856,0.2937329448734552,0.0669131374272642,1.1192812341649161e-13
52,2020,China,656301960.231077,696362861.695429,656915373.592319,697370613.143474,697370613.143474,723707969.6018865,0.641519891398335,0.0363922432316183,0.0
101,2020,China,748476171.150667,768736310.658512,731414989.532128,771059444.990032,771059444.9900321,793911564.2513982,0.6216466682710784,0.0287842126130434,1.5460453837294262e-14
124,2020,China,799969453.419847,805629022.50644,777634928.173189,806794689.819273,806794689.8192734,856156368.7013631,0.5799646971262326,0.0576549806631265,4.43269983262352e-14
139,2020,South Korea,488428283.473016,512173861.387429,482506706.174647,513757383.737837,513757383.7378369,594148417.2468349,0.3429164221985295,0.1353046329425802,2.3203421171969387e-14
71,2020,Taiwan,807608107.67116,849728842.181527,734917016.714625,853384768.285,853384768.2850002,938440640.827919,0.5377820149761164,0.0906353250727505,2.7937993266589352e-14
78,2020,China,650903857.231829,618216194.270569,628798873.793907,617446694.837424,617446694.8374237,688301029.6377584,0.3427517401841991,0.1029409106617553,5.79204442492819e-14
131,2020,China,659093295.613948,567125329.627554,666189221.628662,568432117.462987,568432117.4629868,655129199.6846999,0.2988994964969038,0.1323358541543234,2.0971596412045367e-14
98,2020,China,523256636.028393,445375033.747837,540395526.603908,445317786.959875,445317786.9598751,513793480.2644087,0.2266802002320542,0.1332747415737828,2.6769487552834372e-14
97,2020,China,701218115.483571,782885068.772247,725083549.746876,782785114.832027,782785114.8320268,989404760.7810748,0.2990891571745803,0.20883227384709,1.5228865149838936e-14
91,2020,China,768962157.696321,856096792.337196,818350327.99779,887638372.140316,887638372.1403155,1011037989.3738222,0.3290108499723175,0.1220524040940669,5.371975493278335e-14
72,2020,China,1146372936.170496,1276364831.807309,1167965076.008186,1268757698.499346,1268757698.4993465,1432125642.8450303,0.4257461875182365,0.1140737512535148,3.758299624641613e-14
109,2020,China,1077458089.674417,1002488558.864184,1066445448.382156,1006057205.321956,1006057205.3219564,1140093036.633059,0.3355112104135812,0.1175656959601643,3.554746854955394e-14
34,2020,China,2503412227.877965,2567203860.891922,2522248946.475563,2565877730.27282,2565877730.2728205,2696626367.293535,0.6572735756958109,0.0484860040703156,1.8583783341555585e-14
4,2020,China,1496102805.543366,1706532730.851354,1641553653.956198,1655066991.756625,1655066991.756625,1930101384.8616989,0.3979923222469003,0.1424973813615399,0.0
81,2020,China,2440109402.90031,2526077299.091474,2372810220.482893,2522074707.534705,2522074707.534705,2752226756.071513,0.5865453704602699,0.0836239412428805,0.0
3,2020,China,1704705925.941132,1597368113.686131,1706726494.79578,1609311141.770109,1609311141.7701092,1738284613.7258492,0.38360224199933,0.0741958313025031,1.4814946153875613e-14
92,2020,China,1772633373.631644,1665795169.721641,1719992311.116469,1657568582.149184,1657568582.1491845,1968113566.37351,0.3776075099550271,0.1577881426814931,2.876726570099823e-14
88,2020,China,1340696721.992004,1124394712.047592,1361457498.313469,1133674378.896893,1133674378.8968928,1323080167.388876,0.2747202643541112,0.1431551867834124,2.103060486676541e-14
89,2020,China,1662425293.10183,1603467714.066424,1638895901.939964,1603835561.280845,1603835561.2808454,1889633763.562601,0.3595197456385482,0.15124528773392,2.973105034672733e-14
74,2020,China,2142006539.068998,2168332518.85033,2199066790.771498,2234931848.279503,2234931848.279503,2455243765.2727704,0.4395474683023516,0.0897311786753652,0.0
45,2020,China,3413783696.038949,3502081506.185332,3449468474.201109,3510380209.709584,3510380209.709584,3786751920.02922,0.6403512994822261,0.0729838437151971,0.0
57,2020,Vietnam,559614718.364269,645805981.212717,520611692.048196,635762071.237454,635762071.237454,1205275808.7215447,0.1260202483364362,0.4725173552501506,0.0
38,2020,China,2255769562.612854,2129459944.731863,2214432097.463717,2157376405.403226,2157376405.403226,2521988167.9124,0.3745757294710715,0.1445731455635592,0.0
14,2020,China,2020974320.67061,1879439380.078551,1961420183.982115,1878862506.45231,1878862506.4523096,2250944222.591667,0.341169705118521,0.1653002826124914,2.5379034206366415e-14
63,2020,China,1915839350.928549,1706741859.201204,1929713642.160849,1711970477.039062,1711970477.0390625,2096189405.3254008,0.2876656966249212,0.1832939940017942,2.7853118064736633e-14
32,2020,China,2331995850.856101,2675114010.497142,2580483955.503747,2742935396.186337,2742935396.1863365,3055322697.500307,0.3755449700962141,0.1022436358586764,1.7384192090929286e-14
50,2020,China,2662369022.325421,2263639937.648328,2669528181.543133,2276620924.76345,2276620924.76345,2620516798.7388,0.2992797324521428,0.1312320814508265,0.0
24,2020,China,3594526853.306684,3232207849.271689,3583764387.387501,3242368338.230185,3242368338.230185,4137039443.143564,0.2647021449892062,0.2162587805142017,0.0
19,2020,China,4079993548.577856,3610235778.038334,4079031116.367908,3627509602.310236,3627509602.310236,4360794551.282408,0.2911389342866642,0.1681539775260749,0.0
1,2020,China,13120889016.662458,11891971856.800137,13170974332.243822,12000421488.633003,12000421488.633003,13965344406.158916,0.3386563010050121,0.1406999254998217,0.0
0,2020,China,18923570181.166275,17446603783.26289,19004434470.15134,17538841844.762356,17538841844.762356,20050021191.1696,0.3530643407590248,0.125245720314411,0.0
21,2021,China,125243124.349284,120639540.856763,137222085.931546,121095541.704555,121095541.70455515,122705911.0074786,0.499445441328694,0.0131238119639184,1.2305292981142946e-13
135,2021,Japan,54481832.389915,64189664.315334,56273229.295919,64534259.175483,64534259.17548349,66469258.34317612,0.3098735195211922,0.0291111893817494,7.504351099516912e-13
168,2021,China,56682151.550885,61579391.463746,56488612.295329,60607297.329537,60607297.329537295,65226828.97487368,0.2752000060370398,0.0708225697606103,4.917282852203836e-13
169,2021,China,82128012.884589,86838715.622086,79021346.742232,87026422.820051,87026422.82005052,91844800.34333014,0.3760052833011472,0.0524621699352361,5.479222777995922e-13
143,2021,Vietnam,94108039.034287,92564059.651524,89383925.903697,93407703.733801,93407703.73380138,95004590.51229422,0.3094199805677798,0.0168085223027848,3.988204558671584e-13
165,2021,China,81384238.467634,89100510.970844,82072125.620695,89256022.258523,89256022.2585229,97983786.12317827,0.2948078420482325,0.0890735519617854,1.1686396695431205e-13
159,2021,Vietnam,132300435.663978,143162109.975915,130755680.343821,144365848.482091,144365848.48209056,158747308.8808411,0.2664904075500536,0.0905934122609004,3.096541464035291e-13
62,2021,Taiwan,387930987.811069,362625199.236863,341450225.75053,363119792.205713,363119792.2057128,374843913.2950944,0.4499235409638727,0.0312773415108167,4.9243786255768484e-14
133,2021,Vietnam,219269968.24736,221565267.651814,213890679.590559,228317082.923421,228317082.9234208,239025281.610708,0.2524402756660705,0.0447994396874185,9.137128682738058e-14
147,2021,China,289471656.10225,299810301.290945,292455093.990466,298033140.389567,298033140.3895675,318474568.4976222,0.332745110295605,0.0641854330927755,1.5999467628997156e-13
141,2021,Vietnam,306327717.934561,325363462.046957,328873695.347758,343113984.422052,343113984.4220519,365237486.72031856,0.2482016669719704,0.06057292337905,3.4743349138502696e-14
86,2021,Vietnam,341268783.182801,343120444.690936,331402141.506719,351369841.642939,351369841.6429385,360295231.9616066,0.2450397450663132,0.0247724352888998,1.3570804937997102e-13
139,2021,South Korea,470215827.341753,469994412.529446,441057907.035779,469550694.636516,469550694.6365162,545365786.7482015,0.3275782716872584,0.1390169569744013,5.07758974323581e-14
39,2021,Taiwan,711781577.191019,686281713.917035,660411135.600884,691884534.433347,691884534.4333475,758004933.3012805,0.458423300293087,0.0872295099452241,6.891860339003733e-14
115,2021,Vietnam,415597502.792192,415029307.998564,436730767.136339,425319661.423644,425319661.4236441,458312885.8255185,0.2630300936448015,0.0719884284781707,2.8028163370524642e-14
8,2021,China,735342977.039544,724124078.881671,769716835.780648,715495924.226803,715495924.2268028,790453416.6439297,0.4003759942177671,0.0948284754532125,1.6661071784525425e-14
71,2021,Taiwan,783811593.971079,755349220.006277,674445381.862837,759167331.310813,759167331.3108132,840091146.4204888,0.4913513593716834,0.0963274228689121,3.140527381360023e-14
119,2021,China,538870586.547566,505813498.655235,569129372.228708,507787877.24749,507787877.2474895,601028976.5810795,0.3007723110191967,0.1551357804144267,9.39047936291556e-14
126,2021,Vietnam,553885429.66127,609685131.555447,586788795.119718,620478378.060953,620478378.0609525,706873981.3819768,0.3154039283573275,0.1222220729529699,7.684992339189666e-14
131,2021,China,678516113.463859,723356901.186324,646350209.645157,717439588.100612,717439588.100612,825756993.4236097,0.3683900324008277,0.1311734640888852,0.0
130,2021,Vietnam,373642910.189828,387839544.017128,367986221.120733,399254105.691253,399254105.6912533,444162727.665822,0.204065476969718,0.1011084883474441,7.464499916938039e-14
124,2021,China,1302182207.151022,1265612311.297835,1251288981.78067,1263358673.7221,1263358673.7221,1388659720.5683494,0.5421116500412368,0.0902316420576858,0.0
118,2021,China,979127024.756567,910535764.743716,939798133.242771,915065651.456461,915065651.4564612,1007510002.8033168,0.3583882893597494,0.0917552690193016,2.6054805873445733e-14
120,2021,China,767643378.426283,743729963.864588,744066355.003405,732991445.72103,732991445.7210302,855236443.6356304,0.2849002820744054,0.1429370776050348,3.252678874949687e-14
41,2021,China,1219910849.911033,1135002368.515131,1256576262.298831,1156610153.159478,1156610153.1594784,1286362877.039668,0.4209682086112751,0.1008679014266892,4.122712885586926e-14
111,2021,China,869849916.361894,851639618.656207,875916213.56084,859336096.684185,859336096.6841846,973837569.5586247,0.3125711000033407,0.1175775883511415,5.5489017631522565e-14
112,2021,Vietnam,631072151.388033,665576813.850648,666833777.493871,694996882.561755,694996882.561755,730474973.4406371,0.2513732937506347,0.0485685234523169,0.0
103,2021,China,1170919125.674212,1073048852.476574,1174516662.212838,1074403400.213174,1074403400.213174,1220748939.7501583,0.3598087769129596,0.1198817666529662,0.0
109,2021,China,1085367962.721724,1140501049.313885,1033150917.231253,1137155657.63592,1137155657.6359203,1281263456.5090303,0.375613767856857,0.1124731983426348,2.0966221950407448e-14
107,2021,Vietnam,634595475.880099,643835618.612764,616063417.823167,654243029.726087,654243029.726087,739553370.8685609,0.2222798767810904,0.1153538669457784,0.0
47,2021,China,1209048706.340057,1176772138.646328,1254788449.0346,1193877391.507175,1193877391.5071752,1309892414.8972018,0.3748673045425694,0.0885683603253258,1.99701058749909e-14
97,2021,China,979969576.18977,996835009.244732,1004276414.44503,1000884707.214352,1000884707.2143524,1269795054.0424018,0.2728432966359132,0.2117746056514957,3.5731175236725154e-14
101,2021,China,2246965279.894268,2226444694.137563,2159345832.039469,2232219728.840693,2232219728.8406925,2366990692.859563,0.5856231416010422,0.0569376822754015,2.136156902666438e-14
98,2021,China,950906714.85845,1021029565.915484,931308858.93801,1018773854.847415,1018773854.8474152,1189535595.346614,0.2803018397955778,0.1435532834554992,2.3402502721005846e-14
64,2021,Vietnam,654329225.183482,590000864.953588,649572160.799169,614041386.140255,614041386.1402551,690014003.3803346,0.1728953761038245,0.1101030078634556,1.9413885161732778e-14
12,2021,China,1647699557.918096,1636319870.860755,1677938208.504725,1648343910.515218,1648343910.5152178,1849831664.3456087,0.388906196077118,0.1089222104443047,1.4464128364270824e-14
92,2021,China,1752111249.845207,1624408303.811344,1711904453.199,1649737488.80426,1649737488.8042595,1912170391.1990333,0.3794645911950803,0.1372434713991227,2.890382024043957e-14
88,2021,China,1378292006.997586,1446565515.3305,1318387631.715021,1439171495.514638,1439171495.5146384,1683821339.6277194,0.3391672646001622,0.1452944195179111,3.3132754483343283e-14
89,2021,China,1649483757.727707,1608559483.507113,1594743131.498806,1610369938.954006,1610369938.9540057,1878950512.0132964,0.3661304668691681,0.1429418025339616,1.4805205520442346e-14
90,2021,China,1362015927.099155,1333312658.837948,1364868636.964224,1338607455.501917,1338607455.5019174,1530316180.7349818,0.3098449060822678,0.1252739320452002,3.562188125004373e-14
91,2021,China,1179688385.398578,1176226105.370512,1219897906.847324,1199234624.392971,1199234624.3929713,1453803834.668169,0.2783641758975363,0.175105612053433,1.9880895218668762e-14
46,2021,China,3115351513.512092,3190644937.1856,3148038026.515285,3189760933.628675,3189760933.628675,3284214646.498301,0.6744693037704761,0.0287599085432293,0.0
82,2021,China,1788942282.100377,1923095888.44212,1713123708.483666,1917136790.601263,1917136790.6012635,2159024156.7237616,0.4147833178136969,0.112035507045717,2.48723596845469e-14
52,2021,China,2784565107.675966,2845801802.143712,2739710937.518164,2853294788.235805,2853294788.235805,3113075790.3109074,0.5902713122685973,0.083448338419399,0.0
78,2021,China,1493024324.968476,1476745568.672053,1399441008.570513,1485795360.783205,1485795360.783205,1736747993.2288928,0.3373924466326968,0.1444957088904571,0.0
81,2021,China,2698804179.643868,2681310215.220453,2591236168.758456,2677600252.79809,2677600252.798089,2971328742.1003017,0.5595937747493342,0.0988542550477226,3.5616754794135584e-14
74,2021,China,2112385569.090852,1946790591.933062,2069758624.175991,1967590215.792874,1967590215.7928736,2199222008.2758107,0.391649093683517,0.1053244245516332,2.4234576609285257e-14
72,2021,China,2051238384.284777,1965535681.994498,2027677117.658014,1959882392.575636,1959882392.575636,2300208982.27828,0.3545552945112335,0.1479546390456931,0.0
66,2021,China,2045427622.742352,1796500521.094584,1929469150.202455,1788180027.229152,1788180027.2291515,2193681774.0573306,0.3071249995240989,0.1848498499753599,2.666605995717339e-14
63,2021,China,1842563939.466354,1939272621.52483,1849615856.01243,1921349465.636603,1921349465.636603,2325250996.8125157,0.3321404495676742,0.1737023365346733,0.0
57,2021,Vietnam,659829108.178761,703132161.543403,634216543.379367,691569988.475753,691569988.4757531,1298321819.3308644,0.1209249848707384,0.4673354647677585,1.7237487389168393e-14
35,2021,China,2873751945.792888,2729623870.949416,2829842261.605239,2712901635.715163,2712901635.7151628,3213527254.6534786,0.3512960920570488,0.1557869528610235,1.7576647524760823e-14
45,2021,China,4793998164.527339,4771916170.632772,4823826358.012072,4783312705.808659,4783312705.808659,5267362675.709249,0.6083781931482319,0.091896077734084,0.0
50,2021,China,2709813899.411439,2889659810.28774,2593759858.476294,2898218629.647964,2898218629.6479645,3303027973.694439,0.3720434697879287,0.1225570438005388,1.645276699712073e-14
34,2021,China,5654504702.268529,5598381219.65312,5649730129.183228,5603580325.385551,5603580325.385551,6035519732.583512,0.6219980381158343,0.0715662322941438,0.0
37,2021,China,2794445579.814377,2534944843.023595,2667281123.869613,2532761297.785968,2532761297.7859683,2923341559.037116,0.2853809115681957,0.1336074671273772,1.88267705535439e-14
38,2021,China,3546259952.772592,3368572351.765729,3421971580.570381,3367916838.487209,3367916838.487209,4011925319.295535,0.3647102537752135,0.1605235465652709,0.0
6,2021,China,2887070808.467568,3024225415.360312,2709880081.432945,3003251800.692682,3003251800.692682,3467721785.8269424,0.3371545999493335,0.1339409600368211,0.0
32,2021,China,3203461608.671407,3211067702.018734,3437588298.970377,3305359410.756965,3305359410.756965,3740998645.42808,0.3245333718303229,0.1164499846059861,0.0
28,2021,China,4233008004.676227,4425500737.035444,3988926972.638368,4375467963.776936,4375467963.776936,5031927504.912357,0.4068371043899245,0.1304588630290403,0.0
14,2021,China,4051322470.814401,3878905556.567404,3772260912.216054,3889399972.505058,3889399972.505058,4457752755.849791,0.3668158651592885,0.1274976012518635,0.0
24,2021,China,3659714110.761452,3815003383.755373,3486336786.457565,3805687364.237753,3805687364.2377534,4770160564.480504,0.3058604792131003,0.2021888335215372,1.2529593541602737e-14
19,2021,China,4350255663.205954,4729181443.454927,4142060365.582965,4704949674.376446,4704949674.376446,5649768456.551676,0.3509927998615743,0.1672314165511657,0.0
4,2021,China,9846046925.908108,9599701772.609262,10447757909.982733,9624890911.61246,9624890911.61246,11802572766.399157,0.3295235159757365,0.1845090810188738,0.0
3,2021,China,12970434234.676771,13778512826.930416,12395090013.902468,13760398592.348003,13760398592.348003,16309002412.75176,0.3932306445923209,0.1562697555560505,0.0
1,2021,China,17485926436.10713,18844192879.378338,16768865243.464235,18859564045.88828,18859564045.88828,21638468491.77723,0.4028395944915278,0.1284242665762114,0.0
0,2021,China,27692277577.386127,29435540394.550877,26828321667.98913,29473342218.814827,29473342218.814827,33822667026.57088,0.3996485094518267,0.1285920121065334,0.0
110,2022,China,56544173.235113,62179099.154116,58608017.821656,62169613.180966,62169613.1809665,62830313.37257052,0.3974530953904008,0.010515627825795,8.029467684491325e-13
168,2022,China,56827620.371336,58122386.213225,58711363.982896,57161807.641704,57161807.64170437,61640637.98465172,0.257207557783047,0.0726603502069943,6.517096733211075e-13
169,2022,China,79872504.015328,74518743.039804,81195606.183942,74156763.38623,74156763.3862299,79085526.09900229,0.3276633235517405,0.0623219311533993,1.4065895488678038e-13
165,2022,China,79781513.633862,82362489.34607,81520822.118822,81491147.7499,81491147.74989964,90665091.09588917,0.2736438809600391,0.1011849570226204,4.388548677089705e-13
166,2022,Japan,110196605.473494,116785951.623308,113659658.468766,116771859.985546,116771859.98554572,121376966.35435344,0.3933831693354862,0.0379405294688562,2.296965223663122e-13
159,2022,Vietnam,128303872.732031,132678686.261841,126036410.744239,134806188.80366,134806188.80365986,146775222.79889393,0.2556827797656852,0.0815466927386893,1.1053766393136918e-13
143,2022,Vietnam,184146833.649244,175143118.932343,176202426.123271,177884395.826082,177884395.82608205,181496147.14472127,0.297465544859669,0.0198998787327385,3.350751733933212e-14
147,2022,China,295531589.941005,280994811.23877,301275017.560527,280527347.971665,280527347.9716649,299164335.1123302,0.3074744048091377,0.0622968213562872,4.249471233828588e-14
62,2022,Taiwan,593027446.888885,633517023.411033,568142014.051613,634050992.595245,634050992.5952452,654499518.7715989,0.5131190863291833,0.0312429965032405,3.7602429755008703e-14
133,2022,Vietnam,291153334.182762,286390848.5068,282094532.836007,293835018.722396,293835018.7223958,319967137.2294966,0.2360291255772672,0.0816712576590562,8.114028754578479e-14
141,2022,Vietnam,297836158.639718,302955700.321547,310228533.770298,316677023.919749,316677023.919749,339099543.60597163,0.2365945131191717,0.0661237094210814,0.0
139,2022,South Korea,493989574.766916,516389261.204946,485721868.392178,519345112.435179,519345112.435179,597937174.2287576,0.3441650844500855,0.1314386614194872,0.0
119,2022,China,554889154.076257,643601769.507375,659702559.656568,651154564.266932,651154564.2669317,754627364.8968302,0.3758467903416633,0.1371177424026293,5.492211654155575e-14
135,2022,Japan,349982308.927988,395909651.162694,362806934.07017,397888263.085914,397888263.085914,493463297.8731383,0.2482705180738743,0.1936821546793033,0.0
126,2022,Vietnam,540002236.453319,551212493.414379,557314514.64556,560223449.444642,560223449.4446416,637129240.951342,0.2917070812000216,0.1207067366612573,6.383664750321786e-14
131,2022,China,650834994.275736,621738058.006813,672843883.394081,624906316.270302,624906316.2703016,714513015.070887,0.3296788795939338,0.1254094703812995,7.630538302910518e-14
39,2022,Taiwan,939070094.882663,1028133118.290922,964874062.14932,1034378025.6417,1034378025.6416996,1097756504.5683637,0.5251982866929168,0.0577345510255795,4.6098925768198567e-14
130,2022,Vietnam,366348135.714256,369640867.515133,356090544.792081,378197320.100356,378197320.1003557,421253255.4120767,0.1992063924005834,0.1022091455877366,7.880098774837217e-14
124,2022,China,1339978723.414635,1359024276.496665,1313341104.354577,1358103035.934182,1358103035.9341817,1471405338.2240667,0.5686841429282841,0.0770027805027789,1.7555264423480537e-14
118,2022,China,996840908.986543,961739089.829381,1003634631.622114,968798142.580853,968798142.5808536,1063482383.2161474,0.3726146702234051,0.0890322605523122,6.152431776613998e-14
120,2022,China,756871921.845455,778567724.208345,762669099.253736,769273703.911636,769273703.911636,896610916.0796736,0.3023874622294166,0.1420205909658168,0.0
41,2022,China,1254176656.152323,1314244477.880018,1366015091.483532,1350436968.140622,1350436968.1406224,1469995112.9359653,0.4790652269114273,0.0813323416814318,3.530984188470997e-14
115,2022,Vietnam,616301014.362166,589374415.96135,630726319.409632,599213610.103006,599213610.1030061,703869319.0097101,0.2296805588957055,0.148686277523712,1.9894289372080334e-14
111,2022,China,908530012.769603,1031627169.428285,963535662.096816,1037061069.268577,1037061069.2685767,1176831045.4818213,0.3610383747854008,0.1187680905851863,2.2989830219903586e-14
112,2022,Vietnam,610175949.858016,618537192.335183,630208023.123087,643976646.352136,643976646.352136,678199087.2119433,0.2405626704740212,0.0504607592447443,0.0
108,2022,China,1048379643.183713,966314106.409457,1073545361.634032,976569267.905389,976569267.9053892,1059357241.3741724,0.3436639644379263,0.0781492495972301,2.441389330353786e-14
109,2022,China,1102237510.948014,1085565761.532416,1116971671.757706,1099727146.578165,1099727146.5781646,1224120764.807929,0.3576836987745203,0.1016187469455127,4.3359587847478234e-14
107,2022,Vietnam,612873228.543732,612540925.793883,597247662.962036,620519034.161951,620519034.1619512,700291115.0788085,0.2175977087758623,0.1139127417143941,3.8422444111414136e-14
47,2022,China,1233015384.331396,1380525010.483902,1321905134.763697,1392994389.122659,1392994389.1226592,1526959043.7123127,0.4293534672428366,0.0877329717134791,1.7115544826546228e-14
103,2022,China,1265643232.610813,1416207092.992129,1380872182.794331,1429314970.354499,1429314970.354499,1610439149.861338,0.441730115817963,0.1124688129461046,0.0
97,2022,China,1008208977.653036,1170972513.554481,1070763137.504653,1176703666.965228,1176703666.9652276,1471661114.7264516,0.3111639104313039,0.2004248429272726,4.052313012951763e-14
101,2022,China,2286146903.398019,2365526225.14889,2227782736.256197,2368202095.178797,2368202095.178797,2492722246.135384,0.6088361360660399,0.0499534800355869,0.0
98,2022,China,931315613.735274,856812613.543838,966065639.59359,858137857.617922,858137857.6179218,1004430686.6046668,0.2426750649342569,0.1456475105129122,1.3891624579026336e-14
44,2022,China,1369504323.575974,1371509999.878584,1377676096.51209,1385340709.59305,1385340709.59305,1534001920.6375034,0.3668863142934077,0.0969107072451855,0.0
94,2022,China,1331050321.56259,1224227737.053087,1352319121.097707,1229976097.388822,1229976097.388822,1393891107.0712798,0.3289585711122819,0.1175952761667741,0.0
92,2022,China,1768536951.410913,1765221102.546098,1780292718.30476,1743323874.537563,1743323874.537563,2068223631.252833,0.395877074854682,0.1570912119007462,0.0
88,2022,China,1341435766.554996,1236270073.22842,1387693782.044143,1257038033.740764,1257038033.740764,1449901311.815042,0.3029591327824072,0.1330182106207245,0.0
89,2022,China,1683075645.257023,1708697603.539109,1711904030.891833,1706950467.375655,1706950467.375655,1992776106.2627168,0.3793138968857703,0.1434308841764989,0.0
90,2022,China,1380165296.496196,1573037218.719065,1462604224.590616,1578360404.155945,1578360404.1559446,1797936319.486116,0.3596623874388325,0.1221266364945173,3.02109174145256e-14
91,2022,China,1195997218.544082,1381290229.284559,1315504045.719344,1430554147.679775,1430554147.6797748,1688771628.3548107,0.3241938852344452,0.1529025454593819,1.6666169504192147e-14
86,2022,Vietnam,930044785.224062,920721298.142089,905308078.139322,937315471.927563,937315471.927563,1005546216.5234174,0.228908318988249,0.0678544093495333,0.0
82,2022,China,1790993342.126804,1740333264.005224,1808506466.878549,1763721787.243473,1763721787.2434733,1967937138.8910012,0.3806358284113659,0.103771277858301,1.3517924472327787e-14
81,2022,China,2756200318.512204,2866411305.837367,2669278312.854475,2861031311.698395,2861031311.698395,3129161968.552929,0.5859359126447712,0.0856876887643276,0.0
78,2022,China,1525773158.23463,1502189171.625356,1498423848.085977,1513013201.330109,1513013201.3301091,1777459063.7355978,0.33609071956331,0.1487774699293023,1.5757865092780796e-14
76,2022,China,1503801722.551442,1491998382.253902,1530252729.149892,1504737006.09972,1504737006.0997202,1651166969.2843149,0.3264234454429874,0.0886827110210807,1.584453483466481e-14
74,2022,China,2118805300.895564,2268960105.943365,2197707880.821835,2338102858.411475,2338102858.411475,2547776404.615687,0.4659747488692887,0.0822966826383806,0.0
71,2022,Taiwan,2524896022.737628,2717098631.356322,2338485023.506326,2719844617.004659,2719844617.0046587,2900914195.12518,0.5609823975539479,0.0624181088929819,1.7531779397319454e-14
8,2022,China,2012112009.259794,2219508015.435557,2253782777.465322,2247013657.748819,2247013657.74882,2644417801.927409,0.4155311272436269,0.15028039211086,4.244185668909964e-14
72,2022,China,2040974481.006225,2092575062.388556,2035920516.039586,2067294510.138833,2067294510.1388328,2455312365.250592,0.3759291437490148,0.1580319720632197,1.153287922607365e-14
70,2022,China,1538030476.635995,1558890696.045479,1528117025.094859,1564150723.277685,1564150723.2776847,1858541627.6552005,0.2948668558001894,0.1583988757620293,1.524268573056408e-14
64,2022,Vietnam,950096505.621862,825963623.895612,914223879.264504,848350798.146712,848350798.1467117,969291088.3453164,0.1636106746818262,0.1247718994353521,2.8103772592942264e-14
66,2022,China,2071488954.872742,1891227742.571296,1940748541.475614,1789557405.934308,1789557405.9343078,2309228741.895922,0.3033898907075832,0.2250410825628967,1.3322767870477272e-14
63,2022,China,1891649565.345898,1839512134.908516,1941331189.238052,1845919691.489624,1845919691.4896235,2231047309.059408,0.3125366673421584,0.1726218964546078,2.5831955767172412e-14
52,2022,China,3615798616.092757,3858181198.66879,3565887030.811425,3871926798.615017,3871926798.615017,4196364612.106234,0.6132210549462498,0.0773140190333403,0.0
57,2022,Vietnam,634490154.024805,675719552.39913,616020434.860392,664331629.171544,664331629.1715443,1231355669.6660705,0.1197097459188442,0.4604876190226147,5.383273247102868e-14
42,2022,Taiwan,3968292167.790597,4111360471.032651,3917661022.871219,4114562185.778101,4114562185.778101,4166084604.9779983,0.6450774780161327,0.0123671082287512,0.0
35,2022,China,2839000218.964864,2905482307.947715,2865940509.010133,2898207780.04548,2898207780.04548,3430215804.3942094,0.3772406370256981,0.1550946222296601,0.0
46,2022,China,5329012664.372585,5624137758.520037,5475311033.889109,5631912117.487315,5631912117.487315,5840493591.717509,0.6862728802814488,0.0357129874307176,0.0
50,2022,China,2627246347.087093,2481988304.970806,2697482843.257663,2514929659.409096,2514929659.409096,2858052060.283548,0.3316973963873775,0.1200546363876977,0.0
45,2022,China,5201417156.446456,5387832546.305735,5288378725.107213,5401049358.479355,5401049358.479355,5901930271.202114,0.6304084204426655,0.0848673043744278,0.0
37,2022,China,2828995065.226962,2595207175.526154,2811886424.611913,2606768541.834592,2606768541.834592,2999964904.3515253,0.2900270072646246,0.1310669874659507,0.0
38,2022,China,3632131790.535018,3626282418.21048,3715144392.943446,3677311744.425354,3677311744.425354,4302388755.830639,0.3908167179732131,0.14528603686921,0.0
6,2022,China,2891888295.043795,2900965266.131886,2878323126.100743,2907681678.636681,2907681678.636681,3332527310.240125,0.3262981172553709,0.127484516120239,0.0
34,2022,China,6479296508.02171,6673182936.495993,6533425744.916876,6666771170.433104,6666771170.433104,7162536736.89577,0.6411898216333833,0.0692164779984822,0.0
21,2022,China,4972001942.253955,5362025469.454027,5882649664.316076,5476853052.098877,5476853052.098877,5834925775.810377,0.5338625364169792,0.0613671428685431,0.0
32,2022,China,3236569719.328687,3643262511.120212,3627928643.129774,3732566476.176553,3732566476.176553,4219293094.55826,0.361615520772933,0.1153573851054461,0.0
28,2022,China,4264186541.358104,4311061368.820147,4364507697.778472,4395707324.837428,4395707324.837428,4932030337.748781,0.4032426061001778,0.1087428454781478,0.0
14,2022,China,4046951206.238656,3916649570.780971,3990413405.115341,3945811076.673752,3945811076.673752,4513256043.028887,0.3714396731507379,0.1257285119534937,0.0
24,2022,China,3668618483.717404,3480885685.899515,3624408577.846779,3487950330.465138,3487950330.4651384,4400402608.60357,0.2806056220446802,0.2073565442294814,1.3670984762547807e-14
19,2022,China,4227552407.517125,4124330971.982153,4321644129.249236,4191262656.825037,4191262656.8250375,4966080219.954556,0.3202287422870308,0.1560219587303824,1.1376933331215715e-14
12,2022,China,7411623435.658716,8670448547.85638,8148927767.133087,8717644268.079163,8717644268.079163,9773222689.578302,0.4504260191358351,0.1080072003909987,0.0
4,2022,China,9718284986.40392,10679227489.92947,11042301887.173714,10852608997.516132,10852608997.516132,13065725601.7291,0.374799012616678,0.1693833677266333,0.0
3,2022,China,13232514445.673368,12744862499.218054,13302703596.276098,12993115531.620388,12993115531.620388,15267155630.363531,0.3660115025583784,0.1489498210275987,0.0
1,2022,China,17378353489.610424,16855341519.069227,17450858347.415894,17075589079.648085,17075589079.648085,19540393215.80372,0.3659750155311241,0.1261389220234408,0.0
0,2022,China,28077478442.053185,26960621448.460106,28267828035.300232,27178061979.953987,27178061979.953987,31289003182.25677,0.3642624965146517,0.1313861351976211,0.0
168,2023,China,57550559.106982,61275829.938991,58727736.452218,60691057.014391,60691057.01439111,64995399.57389166,0.2718767952980832,0.0662253419121926,1.8414361926067147e-13
169,2023,China,80770864.813084,81561767.368688,80611566.925038,81735190.327413,81735190.32741314,86080907.67086895,0.3580166023977799,0.0504841022363715,1.8231022811786318e-13
165,2023,China,80387469.522677,87675765.660228,83055544.83765,87788611.977132,87788611.97713195,96240561.2777635,0.2927848585149811,0.0878210724087327,5.092173412331406e-14
166,2023,Japan,110590061.961965,111004559.480153,111477380.79218,111028058.084235,111028058.08423468,115638775.55175738,0.373078152164767,0.0398717250811692,2.818426175061006e-13
159,2023,Vietnam,136286777.480888,160262701.330803,138092819.385746,158258589.720569,158258589.7205695,177018676.09453154,0.2829583224040219,0.1059780063203262,3.013025448066081e-13
56,2023,Vietnam,223994490.561272,228496704.770782,217384036.331975,226970801.382468,226970801.3824684,250144210.44556504,0.3463193893351466,0.0926401975157426,1.8382651463817852e-13
147,2023,China,297329048.903917,299072733.402068,305099220.872171,302135522.241683,302135522.2416829,317911181.57935697,0.3280515985251714,0.0496228514495837,3.9455569032834176e-14
143,2023,Vietnam,313364089.635782,327908815.89125,308615538.50729,330710435.537859,330710435.53785896,339285062.407799,0.3259772459269989,0.0252726330156966,1.802321256613846e-14
145,2023,Japan,268949698.74646,448740208.17794,258598513.593368,445800148.369685,445800148.3696848,495167830.6325162,0.4165188716898858,0.0996988883542176,4.01107839421104e-14
141,2023,Vietnam,317232547.906694,362358227.494469,348222436.910346,384126253.560715,384126253.5607151,405289800.0874599,0.2682296055811931,0.0522183053266521,1.5516941167878153e-14
133,2023,Vietnam,359723679.671791,392842202.635983,359606650.658189,400523525.192054,400523525.1920541,443372827.4214823,0.2578366970465135,0.0966439519503852,2.976336770570954e-14
139,2023,South Korea,462604854.336939,484061024.701891,465598845.50478,485810467.389401,485810467.3894012,561129552.2768247,0.3413508062039075,0.1342276210222946,3.680734490696835e-14
119,2023,China,509000371.027479,539694857.232682,565644560.346675,544105323.514136,544105323.5141356,634420409.994766,0.342454446963908,0.1423584188935149,6.57276915326951e-14
125,2023,China,1058959785.98608,1050054886.219505,1149401715.88061,1050822945.55767,1050822945.5576698,1097870019.4182324,0.5817898147801005,0.0428530454684364,2.2688748861972575e-14
135,2023,Japan,357567773.350456,387646861.631195,356625374.044462,384934032.073558,384934032.0735577,485368474.27894247,0.2370239663513345,0.2069241154456702,7.742189545350549e-14
104,2023,China,775054711.124134,728084416.914052,775557602.212398,728084936.416352,728084936.4163523,823545881.8666135,0.3828962810889984,0.1159145441100301,3.274598431812959e-14
131,2023,China,666159230.229025,674308753.322651,661085087.124234,669674425.376523,669674425.3765231,764130191.049243,0.3480636306530785,0.1236121367525351,1.780108139619578e-14
126,2023,Vietnam,588733979.967576,704260583.2381,637983377.447878,712796469.320186,712796469.3201863,813590426.6944549,0.3386689168623491,0.1238878360255361,3.3448338952765705e-14
130,2023,Vietnam,390700356.093208,433130520.968571,386502902.795843,442103987.024089,442103987.0240887,496169131.9396636,0.2178603395378153,0.1089651520726796,6.741020950365572e-14
124,2023,China,1288027975.264998,1203743270.314354,1238324080.381248,1203803265.219554,1203803265.2195542,1314320582.2959614,0.5226042732136968,0.0840870321632996,1.9805443795509128e-14
118,2023,China,977061268.244453,933943037.687249,982621162.048649,945340258.529236,945340258.529236,1031137867.0778364,0.3708496494983508,0.0832067284966889,0.0
120,2023,China,764767877.452217,784969123.791618,742765409.063319,772313096.507077,772313096.5070775,901945466.4131708,0.3020623812997017,0.1437252857665678,6.174143108018049e-14
114,2023,China,1117514896.068449,1139096998.228979,1130746095.770216,1139667061.715654,1139667061.715654,1252908772.2988255,0.4266754004865722,0.0903830455072932,0.0
62,2023,Taiwan,1198659771.161336,1157252155.729737,1083316843.828809,1155420562.794948,1155420562.794948,1218595536.1402657,0.4541479719336313,0.0518424460550835,0.0
115,2023,Vietnam,659392753.227839,697083589.973753,695796338.914214,714508916.260694,714508916.2606938,831619326.1197759,0.2574667734215065,0.1408221360192572,3.336817409491553e-14
111,2023,China,884097675.341759,866628716.626686,913472545.639334,867936082.49407,867936082.49407,989121339.330936,0.310887628946941,0.1225180895590002,0.0
112,2023,Vietnam,655899874.517746,740368281.25817,696581389.1472,765486963.982333,765486963.9823328,810579600.1749197,0.2672640369191431,0.0556301147757186,1.5573000607431972e-14
108,2023,China,1063431122.186694,1027854742.42331,1071479481.088979,1038149495.452969,1038149495.4529692,1124206424.1136303,0.3609900048170166,0.0765490454553417,2.2965727011940105e-14
109,2023,China,1072547337.797088,1068752665.477465,1079723677.799827,1075415007.07833,1075415007.0783305,1200977121.2514024,0.3590964969307696,0.1045499634849313,4.433982742147036e-14
110,2023,China,950204780.953481,1004051516.580931,1026157424.000638,1008123248.599814,1008123248.5998136,1108559017.9847388,0.3512453220399749,0.090600290787863,4.729949030194533e-14
107,2023,Vietnam,657885499.285499,719440100.479952,646801348.772583,722150920.827236,722150920.8272358,824739157.759129,0.237667697055852,0.1243887063767316,3.301506267255743e-14
105,2023,China,887022352.063397,930768497.735056,980268586.743888,935886431.988155,935886431.9881554,1117638766.0713503,0.3213454305686565,0.162621716068492,3.821274210510938e-14
79,2023,China,1066651500.100763,1138784348.37267,1079561076.68418,1152387370.051027,1152387370.0510266,1260914056.2277098,0.3685198508671141,0.0860698519781464,4.137820064636869e-14
103,2023,China,1217809371.562597,1244675963.019295,1335122717.377315,1259087210.347857,1259087210.347857,1411229150.4162142,0.4038590762075983,0.1078081047457714,0.0
97,2023,China,1000471810.186977,999315268.926941,1012122817.456087,1003373710.699057,1003373710.699057,1282424371.8516965,0.2697886619914595,0.2175961930212829,0.0
101,2023,China,2221892439.91447,2080517195.349989,2114821438.23798,2082060260.197937,2082060260.197937,2208210275.497431,0.5530481207527657,0.057127718632265,0.0
98,2023,China,934138986.263041,965068813.482639,943318538.860389,963693532.21979,963693532.2197905,1121746584.9439502,0.2713834629347431,0.1408990718987187,4.948016586816444e-14
94,2023,China,1340776580.46703,1302808233.951849,1347593269.541046,1306431919.201634,1306431919.2016337,1479218979.0968823,0.3452515642710448,0.1168096558636244,1.8249598436576865e-14
85,2023,China,1614025899.408138,1657936671.466341,1765245383.975173,1665753299.459975,1665753299.4599748,1858692051.7676969,0.4056717954146879,0.1038035064088366,1.431295853826951e-14
92,2023,China,1745731144.046869,1696695627.736571,1791135201.927973,1698815504.8042,1698815504.8042002,1986893097.551164,0.3921658736632132,0.1449889745462492,1.4034400935670871e-14
88,2023,China,1351373001.662281,1364568852.898714,1366585528.316379,1387333772.269358,1387333772.2693577,1578149973.965931,0.3314618975676401,0.1209113232863713,1.7185379889625607e-14
89,2023,China,1648790039.659834,1676249599.857159,1670821789.185002,1668234625.789708,1668234625.7897084,1952032946.6939592,0.3778218566357993,0.1453860301819715,2.858333898790765e-14
90,2023,China,1339187160.664026,1320162756.208849,1390197381.133998,1322629475.888224,1322629475.888224,1511157601.7555962,0.3100942443908854,0.1247574214948517,0.0
91,2023,China,1185056208.117187,1180112731.959949,1195734667.231428,1176360381.35682,1176360381.3568203,1471135922.650238,0.2699188613089854,0.2003727437790943,2.0267477796775955e-14
86,2023,Vietnam,999388089.344799,1083922407.413047,976916657.046167,1079403680.515179,1079403680.5151792,1184240841.9105444,0.2474016907134558,0.0885268922377568,2.2087990193601135e-14
82,2023,China,1763883518.157066,1777876503.1734,1760424933.819532,1792313111.102924,1792313111.102924,1997379038.393964,0.3968912174599245,0.1026675074431177,0.0
81,2023,China,2661901404.870844,2508441998.442328,2542649711.516698,2507040396.047217,2507040396.0472174,2772008643.709541,0.5304895143882049,0.0955870928698617,1.9019923211247063e-14
78,2023,China,1518973140.701827,1536190548.167768,1512319223.455276,1553570408.091856,1553570408.0918565,1811114612.246236,0.3469494859287723,0.1422020464154722,3.069298666603667e-14
76,2023,China,1492805356.808583,1573199160.43968,1546099758.020931,1593383953.235472,1593383953.235472,1737354629.9304748,0.3453794580681775,0.082867754351778,0.0
74,2023,China,2047777263.486769,2076145950.674884,2215928033.994495,2138686307.706834,2138686307.7068343,2323524192.695977,0.4388110984211223,0.079550660832447,1.1147898513326262e-14
72,2023,China,2033798372.615302,2051341376.592091,1999729699.18392,2041848799.601054,2041848799.6010544,2383808906.929087,0.3736118978403293,0.1434511408754483,2.335320608931923e-14
71,2023,Taiwan,2434146195.65954,2456751362.549024,2215408177.420209,2461800447.266106,2461800447.266106,2641458117.0952044,0.5229117302020034,0.0680145820470803,0.0
70,2023,China,1523595941.652327,1682809929.424037,1523395829.478827,1688010635.410014,1688010635.4100137,1984511860.6611896,0.321354446278178,0.1494076357661018,1.4124234415362625e-14
39,2023,Taiwan,2488810189.677148,2433008333.74366,2435736308.758572,2445090243.261455,2445090243.261455,2623345495.108961,0.4697011203757192,0.0679495903912962,0.0
66,2023,China,2039196318.779529,1804031879.871572,1959333979.602302,1753182822.712735,1753182822.712735,2197242340.0746155,0.3029624011047098,0.2020985620306228,0.0
63,2023,China,1872303532.534145,1919027407.947713,1937180181.752939,1928313106.960029,1928313106.960029,2311257109.0224576,0.3304735401816673,0.1656864571957526,0.0
64,2023,Vietnam,1012870139.558704,946023745.444757,984467884.226651,976186276.230133,976186276.2301328,1120258490.135154,0.1753916859776549,0.1286062236293691,2.4423471719177914e-14
57,2023,Vietnam,726237394.484421,842878621.817935,710688050.775929,818734948.871707,818734948.8717072,1507590823.9705162,0.1327832611149469,0.4569249587793199,2.9120361776436375e-14
52,2023,China,3711024215.464789,3509873189.661532,3594350524.427585,3522306255.124411,3522306255.1244106,3880348906.719506,0.5437000270320466,0.0922707365245123,1.3537640502139776e-14
41,2023,China,3047363720.441629,2885590300.165287,3244458616.41608,2937536508.227604,2937536508.227604,3217115421.8838773,0.4298917795802265,0.0869036005840777,0.0
35,2023,China,2881606299.938787,2911522184.291302,2860244416.904354,2906928522.956235,2906928522.956235,3400433293.707669,0.3728796228469405,0.1451299667206057,0.0
50,2023,China,2681111174.421946,2692100704.793658,2683487128.014933,2717666969.891796,2717666969.891796,3056520764.196972,0.3531272050275202,0.1108625854188173,0.0
47,2023,China,3090541004.647901,3048480811.260273,3237203918.402592,3072975266.032423,3072975266.032423,3397595353.8349504,0.3783334071250397,0.0955440698481414,0.0
45,2023,China,5137604816.294985,4924172588.150335,5144389768.136131,4935074393.714637,4935074393.714637,5480738898.754151,0.5805423482160075,0.0995603905093073,0.0
46,2023,China,5545734814.993908,5344257197.261282,5563784078.095918,5344437198.088957,5344437198.088957,5615363505.839041,0.6220899766140491,0.0482473320682384,0.0
42,2023,Taiwan,5044688768.188699,4959592225.672283,4909252783.056967,4962935691.135066,4962935691.135066,5079793193.474575,0.6087751220982304,0.0230043818495647,0.0
44,2023,China,2926355657.85648,3063506014.087763,2979659944.308422,3117575238.060308,3117575238.060308,3496095295.558304,0.3774377273724803,0.1082693764036968,0.0
37,2023,China,2805418546.936153,2520522280.491978,2780693557.564818,2532595508.196229,2532595508.196229,2911374032.034279,0.2851081240307228,0.1301030096683881,0.0
38,2023,China,3557807832.529435,3532861509.031566,3630214266.137355,3571623616.634044,3571623616.634044,4186794748.3069496,0.386769572433163,0.1469312848263383,0.0
34,2023,China,6274737324.309507,6022116520.572884,6284254669.565963,6027218760.973142,6027218760.973142,6524689165.183513,0.5955749763807452,0.0762443070644545,0.0
32,2023,China,3209290065.358197,3234424864.07637,3376607618.164641,3298101048.722153,3298101048.722153,3789073385.963992,0.3224025831223951,0.1295758321970131,0.0
28,2023,China,4121595430.756697,4261882008.75566,4190468803.426916,4303056118.735255,4303056118.735255,4866732292.465241,0.4060230003165914,0.1158223094791302,0.0
14,2023,China,4016027741.463485,3995962113.312846,3972346976.298228,4030636703.099143,4030636703.099143,4586629661.7683325,0.3808502014595826,0.121220373055982,0.0
24,2023,China,3596378755.905705,3540591039.892333,3569723807.485831,3548864882.247769,3548864882.247769,4413218054.440149,0.2905752185536163,0.1958555325229743,0.0
21,2023,China,6139135579.230768,5774792757.845131,6777582264.163796,5855784650.768397,5855784650.768397,6310258403.645514,0.4635396105655769,0.0720214171601215,0.0
19,2023,China,4274353775.496177,4401623090.328372,4267136048.808246,4444092370.449623,4444092370.449623,5216602886.491398,0.3368175773928878,0.1480868934919738,0.0
8,2023,China,6374495800.04355,6483650921.489341,6640276091.50878,6504665683.325333,6504665683.325333,7521097421.282316,0.3967846701683925,0.1351440728690476,0.0
6,2023,China,5887477172.570363,6408645839.249562,5930415245.077071,6460349692.151358,6460349692.151358,7240644824.023195,0.357502338976401,0.1077659726220729,0.0
12,2023,China,7404719168.501468,7425818905.926997,7876313896.197474,7475141835.017373,7475141835.017373,8431612919.815652,0.3872071182089756,0.1134386853256056,0.0
4,2023,China,9683359578.87554,9931805584.53122,10405932250.189436,10048144781.483685,10048144781.483685,12170630639.826672,0.3480976426661402,0.1743940738286356,0.0
3,2023,China,12819611804.393711,12717014355.021156,12911355309.319012,12920336198.11332,12920336198.11332,15088149636.099264,0.3744504010489358,0.14367656009981,0.0
1,2023,China,17029701311.226175,17491345505.28579,17141270410.949575,17600943241.60112,17600943241.60112,20042233550.46633,0.3852455204826062,0.1218072977105095,0.0
0,2023,China,27391827928.207283,27069843392.815426,27566347892.376568,27252010380.175705,27252010380.175705,31129127753.892952,0.375001794098825,0.1245495024585898,0.0
168,2024,China,57386980.881693,58499831.16201,58365651.767742,57735638.434396,57735638.43439558,62155096.904294856,0.2601759201225523,0.0711037177965351,7.226602575839382e-13
169,2024,China,81502357.223227,81251831.054572,82873473.273349,81274509.71606,81274509.71605958,85862651.40984425,0.3533520704145888,0.0534358259202165,5.133620798026057e-13
165,2024,China,81661052.741399,86187283.90012,83855121.625626,85691776.807184,85691776.80718413,94984096.51938148,0.2816584828003685,0.0978302689893065,1.565032909124899e-13
166,2024,Japan,106744270.877932,104740748.044134,104791242.455734,104634323.421231,104634323.42123128,109237465.1307547,0.3633640902251398,0.042138855053196,2.705823991839922e-13
159,2024,Vietnam,134593917.424457,161487225.312851,131422340.840136,162967093.533839,162967093.5338387,177791288.69541654,0.2932856306623451,0.0833797610127791,1.8287325214833705e-13
151,2024,South Korea,298219604.7721,293718995.478382,288786728.062841,293220047.442923,293220047.4429233,303746096.6642069,0.3932144930171963,0.0346541053099366,1.016380791408762e-13
147,2024,China,293780788.799266,292415895.029367,299971166.255334,293787163.855787,293787163.8557868,311458999.4535365,0.3243113479222267,0.0567388825776601,6.086512833962597e-14
145,2024,Japan,267332514.129751,431974710.27522,262056140.825769,431846313.993404,431846313.9934036,478880294.5436345,0.4071563527619207,0.098216571210251,8.281369020966252e-14
143,2024,Vietnam,381783542.357316,409244990.099319,360496633.305312,415292166.455225,415292166.4552246,424428621.9287788,0.3343091242072583,0.0215264829031426,1.0046722455399818e-13
141,2024,Vietnam,314932339.614676,377298889.039356,328570597.481404,394892425.01174,394892425.0117403,419874636.2691686,0.2803638090250198,0.0594992150023869,7.546947092441512e-14
139,2024,South Korea,457114712.730709,443671622.779993,438427219.042705,444807130.727961,444807130.72796106,517257218.20467705,0.3178101820005438,0.1400658800435487,1.3400109993255513e-14
135,2024,Japan,339214297.804673,358547313.411708,327849485.150917,355466761.246307,355466761.2463072,453794474.3303028,0.2290998603013104,0.2166789563251181,5.030398164352406e-14
132,2024,China,595460663.400566,601960424.624174,616996446.058214,608122396.319927,608122396.3199265,694970448.1884686,0.3311780575087824,0.1249665393613827,7.841137920404204e-14
133,2024,Vietnam,428741603.443644,487210719.5394,411346739.140403,497839866.794504,497839866.79450375,547401077.9020219,0.2678286350303979,0.0905391185882702,4.7890616040192685e-14
131,2024,China,668852486.285192,673872742.197172,689089145.31841,680825741.497379,680825741.4973792,767107611.797682,0.350489442212293,0.1124768793495676,3.501903123950555e-14
130,2024,Vietnam,385602297.010867,459854251.858505,370943183.650313,468578745.484944,468578745.4849439,522378477.905788,0.2326053102959294,0.1029899482775913,1.2720304825969918e-14
126,2024,Vietnam,604413556.366318,712804248.533543,621315621.38563,720016640.906385,720016640.906385,815363775.4812058,0.3316413754076953,0.1169381537934396,0.0
125,2024,China,1292702428.112989,1244424987.960722,1411252846.000676,1247007357.011124,1247007357.0111237,1311866984.254366,0.563675193470593,0.0494407039903568,1.9119260023694932e-14
124,2024,China,1295266872.193487,1282918627.269005,1269162402.756646,1282763568.698067,1282763568.6980674,1396620052.6088555,0.5553449655596976,0.0815228763886832,3.717264582802954e-14
118,2024,China,1010452326.155329,992487390.696661,994649778.93965,1003927552.213567,1003927552.2135668,1095974266.6823592,0.3828277731137762,0.0839862004674878,2.3748584106081334e-14
119,2024,China,749153005.345357,836784719.342523,870448410.323354,837825624.543976,837825624.543976,1000501091.0259516,0.3453640781822879,0.1625939920916649,0.0
120,2024,China,755370004.295837,822142396.100902,742200346.250753,809726363.365204,809726363.3652045,941682206.7843952,0.319898215615204,0.1401277867081999,5.888867891387414e-14
114,2024,China,1099816920.698736,1144927359.438155,1101673340.957471,1145467733.833835,1145467733.8338346,1262982338.2850718,0.4379904766731802,0.093045326833947,2.0814080751413665e-14
115,2024,Vietnam,648637503.703964,738273109.242603,674351213.485379,752791517.81477,752791517.8147697,867390030.8276186,0.2749722459782919,0.1321187804101286,3.1671262688194535e-14
111,2024,China,910905257.423685,906412336.668323,927541019.552354,915629562.111047,915629562.111047,1038506984.9425596,0.3202487346145132,0.1183212290462438,0.0
112,2024,Vietnam,645568021.182481,770935081.462323,665738160.843339,797355322.216868,797355322.216868,839749272.5383372,0.2830512325938473,0.0504840572154634,0.0
106,2024,China,1086284108.5978,1164032013.87536,1134208142.565061,1180568030.011565,1180568030.011565,1284878469.1360693,0.4052742798725596,0.0811831170263448,0.0
108,2024,China,1060237954.516702,1053623198.398936,1091664832.734132,1064336514.009292,1064336514.0092916,1153790207.224722,0.3689745176106371,0.0775302933369479,3.3601014711520235e-14
109,2024,China,1098862218.228622,1147369553.020123,1101647908.244831,1151903573.884912,1151903573.8849115,1286975808.5049343,0.3757685873848987,0.1049532040364727,4.139557937084467e-14
110,2024,China,996089760.123611,1083130214.621463,1057466958.934946,1082321569.072125,1082321569.0721252,1192440444.731743,0.3601687728190391,0.0923474846447285,2.202844200046377e-14
104,2024,China,1293205716.367197,1274157423.214159,1270871659.124399,1273765378.270909,1273765378.2709093,1446880979.8436556,0.398592271477851,0.1196474374771672,1.8717621248679812e-14
107,2024,Vietnam,653682087.905969,752990973.336712,624415177.685667,761292241.022371,761292241.0223707,857248168.8044894,0.2512913732282245,0.1119348296957437,4.697642368876248e-14
105,2024,China,935440094.464726,1024051395.259736,1063566033.170177,1028187175.456679,1028187175.4566787,1222515343.586587,0.3347835293880825,0.1589576516559642,2.3188246731016336e-14
103,2024,China,1269159298.80582,1362629442.640924,1407602581.039441,1371575000.787278,1371575000.7872782,1535841060.27395,0.4210048930240336,0.1069551164736874,1.7382832070044385e-14
101,2024,China,2231357486.064943,2241132404.342917,2171405156.802262,2246937344.654829,2246937344.6548285,2373161511.8953795,0.5939517647639138,0.0531881907775165,2.122164907434818e-14
98,2024,China,941178477.436036,950160649.455918,986031313.510419,951269533.715438,951269533.7154384,1108056049.66542,0.264700351085058,0.1414969179558414,3.759479894783681e-14
97,2024,China,1024943472.141106,1144382491.667038,1062507303.833699,1148930393.291794,1148930393.2917938,1466691792.8318102,0.2974823527882682,0.2166517881214155,2.07513510386361e-14
94,2024,China,1354338550.201171,1335599386.307485,1372880183.255095,1335894045.738622,1335894045.7386222,1518145009.5062134,0.3519678687231253,0.1200484555996858,1.7847117431363332e-14
92,2024,China,1803695744.686377,1804713876.276683,1824832813.957675,1821036523.547133,1821036523.547133,2106235866.2879283,0.4068391673809406,0.1354071247696661,0.0
88,2024,China,1366289040.985863,1353936783.517376,1398999721.324426,1363992887.460401,1363992887.4604006,1574148609.1804774,0.3234625105138671,0.1335043721377022,3.4958918230940446e-14
89,2024,China,1717433439.314878,1749011902.252989,1711658546.61928,1748213099.978987,1748213099.9789872,2032257551.8062117,0.38259139054996,0.1397679401288354,1.3637844213867759e-14
90,2024,China,1370814412.237141,1381930959.216465,1406958700.001032,1386686579.444378,1386686579.4443784,1586607893.6622443,0.3174576084440325,0.1260054957601421,3.43868012621991e-14
91,2024,China,1183331467.722239,1332097985.488081,1279672771.541855,1390022806.495345,1390022806.4953446,1651938079.575838,0.3183817326313806,0.1585502969625498,3.430426867638031e-14
85,2024,China,1755613773.250212,1882622003.352869,1929785020.796868,1882209012.780046,1882209012.7800465,2097734131.105883,0.4229911304834522,0.1027418656778092,2.5333911110054162e-14
86,2024,Vietnam,998673981.745126,1131509516.180112,945119679.320297,1145774800.402711,1145774800.402711,1230920447.5141385,0.2633916618551177,0.0691723395150195,0.0
82,2024,China,1803484671.759044,1825517814.034603,1807527623.363278,1844022825.751512,1844022825.751512,2056732384.408733,0.3972697362953357,0.1034211160721187,0.0
81,2024,China,2665056755.641713,2706868084.037708,2602446776.756209,2703814893.653852,2703814893.6538525,2979075089.4005837,0.5693548400904318,0.0923978709788465,1.7635717567882092e-14
77,2024,China,1493600547.261528,1466812337.009479,1325078412.358922,1461354443.692003,1461354443.6920023,1677534997.5571153,0.3149199301120599,0.1288679843817997,4.8944712926567464e-14
78,2024,China,1517948110.516649,1522940888.572134,1534275488.78923,1538518387.446516,1538518387.446516,1799982071.6596274,0.3440028591911537,0.1452590491482148,0.0
79,2024,China,1560018128.000396,1712563885.126375,1635693120.493523,1726620121.182051,1726620121.1820512,1923714765.6053157,0.3719400545392381,0.1024552329415876,1.3808398047530002e-14
76,2024,China,1521430431.593747,1587746284.863269,1584466225.045729,1614278135.600852,1614278135.6008525,1762104580.99868,0.3450720562453592,0.0838919817767264,2.953872369866676e-14
74,2024,China,2156970673.262887,2241250691.618104,2277795746.174017,2289655754.500377,2289655754.500377,2499678719.9466567,0.4501454354485572,0.084019983756457,0.0
72,2024,China,2020167475.732215,2201596722.383758,2028537012.650551,2201937543.992584,2201937543.992584,2550844184.2169447,0.4021539303338199,0.1367808517600487,0.0
71,2024,Taiwan,2557986434.765003,2523308898.516417,2236998234.857029,2527709889.983454,2527709889.9834538,2712324428.6669984,0.5119267281501798,0.0680650650535472,1.8864394212828212e-14
70,2024,China,1533494380.905529,1621987855.38467,1520722385.471179,1616996214.172723,1616996214.1727233,1943657792.255448,0.3068536917740859,0.1680653762119625,1.47445353929626e-14
66,2024,China,2080446324.04229,1996156503.382243,1958584567.530965,1927870233.145871,1927870233.1458712,2428368605.4796724,0.3237114866788914,0.2061047779996886,1.2366941249594089e-14
63,2024,China,1893234185.802412,1959174394.58865,1981507825.310041,1956804233.155394,1956804233.1553936,2365050592.1775074,0.3300116760528533,0.1726163323407979,2.4368158557906103e-14
64,2024,Vietnam,1007050131.913812,1107196761.585192,1000634458.829273,1142678416.1417,1142678416.1416996,1299373946.7388194,0.2054438000973929,0.1205930986921784,4.172977729055084e-14
62,2024,Taiwan,2714626224.544861,2640401643.588001,2455324389.967609,2637094043.585196,2637094043.585196,2855560741.5716,0.4446641436069282,0.0765057086007449,0.0
57,2024,Vietnam,735450970.623315,926052998.804166,702596213.110051,906819552.750033,906819552.7500324,1607318393.5562704,0.1462989727591043,0.4358183441529278,6.572933346511203e-14
56,2024,Vietnam,2038066943.224839,2199776106.322612,2046088719.846505,2242914186.983403,2242914186.983403,2568722357.21764,0.3590627490536267,0.1268366623270029,0.0
52,2024,China,4179992237.91333,4297723178.98854,4155157664.941816,4320893692.146549,4320893692.146549,4728273438.017221,0.5910369310936776,0.086158245966736,0.0
50,2024,China,2699105801.672281,2689751137.851414,2745900030.546233,2709461100.119479,2709461100.1194787,3068430447.190728,0.3487079922933692,0.1169879367478902,1.7598966753281602e-14
41,2024,China,3637518263.156682,3357373252.764095,3858833140.680004,3419223807.056012,3419223807.056012,3797554174.864988,0.4150278820101634,0.0996247453987741,0.0
47,2024,China,3141149639.152013,3179735992.416675,3197456873.26984,3199856052.75176,3199856052.7517595,3554972812.1390185,0.383926212391747,0.0998929606928797,1.490183153061096e-14
46,2024,China,5580759494.719889,5763814997.781662,5734702433.046423,5773152545.350171,5773152545.350171,6028295871.580335,0.6675862699588533,0.0423242872721303,0.0
45,2024,China,5212849575.786951,5240889192.828499,5274522948.141976,5255945520.622913,5255945520.622913,5826801510.578967,0.6094443424777501,0.0979707286956016,0.0
44,2024,China,3004478765.269547,3217442063.916782,3106995261.513818,3271432670.462076,3271432670.462076,3677056900.9546046,0.3870565198699108,0.1103121984289186,0.0
33,2024,China,3042165951.156995,3027012026.967811,2792487168.683775,3043924151.226089,3043924151.226089,3345656689.3268824,0.3596845652276668,0.0901863419110999,0.0
42,2024,Taiwan,5357719018.755574,5089337747.150068,5164467460.956998,5094973706.42637,5094973706.42637,5215156585.08283,0.5877165687818078,0.0230449223711184,0.0
37,2024,China,2901468922.798829,2752754428.089325,2797153125.419709,2748721048.265079,2748721048.265079,3179245943.2046137,0.2987435031926171,0.1354172978846596,0.0
39,2024,Taiwan,4053066924.863302,3944123665.838902,3854288662.214871,3960265637.468684,3960265637.468684,4223720899.8961096,0.4698927669213746,0.0623751589348401,0.0
38,2024,China,3686521286.873511,3705716558.707078,3690935349.24413,3739361030.078381,3739361030.0783806,4379934020.795177,0.391101550039052,0.146251744358583,1.2751835256547295e-14
35,2024,China,3502531213.273241,3792817359.3441,3499479148.570861,3787005704.550257,3787005704.5502567,4501489736.853431,0.3919322015803793,0.158721684169073,1.2591403219440199e-14
34,2024,China,6319239898.803444,6355571379.669984,6375936769.691862,6351240561.795858,6351240561.795858,6871228196.437461,0.6245074298717658,0.075676082903374,0.0
32,2024,China,3275582481.868688,3587321122.929364,3528914301.644077,3642446993.688354,3642446993.688354,4184494239.849839,0.351924525577421,0.1295370993702064,0.0
28,2024,China,4272084362.182903,4479709453.076109,4254905352.560635,4464817596.688716,4464817596.688716,5086767921.292409,0.4091298416459618,0.1222682721577107,0.0
24,2024,China,3620602343.953361,3797586738.161593,3653229580.182379,3808755826.58275,3808755826.5827503,4739800494.453391,0.3079992614160909,0.1964311934563844,1.2519499277824473e-14
21,2024,China,6202392992.97114,6416107921.136477,7148040873.420867,6517039579.142111,6517039579.142111,6962901020.783141,0.5099979637096912,0.0640338617926932,0.0
19,2024,China,4358455475.776918,4412552912.938407,4391759732.961848,4439760960.683177,4439760960.683177,5270740638.390504,0.3299887441530261,0.1576589960915015,0.0
14,2024,China,5126251712.889503,5095222330.368329,5148921244.941062,5141162170.656698,5141162170.656698,5848491279.240804,0.3808045433383304,0.1209421498318322,0.0
12,2024,China,7532568970.428227,7713711717.414917,7925038475.886084,7752545579.184282,7752545579.184282,8800011049.996305,0.3944472722972332,0.1190300176739508,0.0
8,2024,China,8915713550.85705,9726475938.022575,9526567955.520329,9796467001.207985,9796467001.207985,11177087180.69263,0.430427384052801,0.123522359373696,0.0
6,2024,China,7148863958.604193,7590989201.224182,7160573905.115529,7648315513.756416,7648315513.756416,8775055895.022451,0.3439188727479106,0.1284026443529739,0.0
4,2024,China,9879867107.86144,10875377491.837105,10780854091.007069,10945266313.911976,10945266313.911976,13319121679.89857,0.3712731565663369,0.1782291222377864,0.0
3,2024,China,13146281188.176777,13563285106.697926,13251287861.563131,13758526536.799656,13758526536.799656,16072581278.23962,0.3891054237036864,0.1439753018746852,0.0
1,2024,China,17442386395.894688,17686292266.580917,17484705621.494926,17832873875.526405,17832873875.526405,20390671322.01493,0.3808616952795797,0.1254395898053136,0.0
0,2024,China,28116374622.16161,28862129765.10131,28210645560.868797,29107606003.244328,29107606003.24433,33197055544.408485,0.3932048983938242,0.1231871162698029,1.3105499865567146e-14
10,2014,United Kingdom,95856847.142536,98372796.365901,95472365.312399,97669694.637,97669694.63700037,100843495.38343312,0.5887263088426784,0.0314725380587528,3.814172156785526e-13
163,2014,Sweden,170269934.479105,183139325.608454,166857373.02357,182075617.578076,182075617.5780756,213221926.65308648,0.4505706943283236,0.1460746066969284,2.291534248119859e-13
152,2014,Denmark,247946285.439839,254416416.428539,246187912.681936,255555412.164641,255555412.16464144,274462004.03689253,0.5171511497584617,0.0688860082421817,1.749267730348155e-13
157,2014,Denmark,256509503.020922,276701756.885439,254679798.682572,273295887.662457,273295887.6624567,309086757.6990571,0.4755453065294183,0.1157955465418167,1.0904782593912893e-13
158,2014,Ireland,266577376.759875,258400233.208767,271694729.439425,260807317.307124,260807317.30712423,279048165.5007185,0.4664853910946793,0.0653680993059502,9.141560197132162e-14
154,2014,Denmark,317787406.048963,345821259.812595,315592987.598969,349827485.01404,349827485.01403993,378086443.7215496,0.5360190687270776,0.0747420574759396,1.7038296683006043e-14
149,2014,Sweden,249757922.713741,257492286.14878,251458234.879563,264954639.128658,264954639.12865815,312270244.23267573,0.3640336879884838,0.1515213376166645,5.6240423805570237e-14
153,2014,Denmark,256526933.802271,271600765.015885,250267882.068609,274760477.971376,274760477.97137606,411461250.1705695,0.3389175748999334,0.3322324329266115,2.169331092137644e-14
99,2014,Sweden,464293503.4971,503193532.236659,461158210.614713,501540089.07141,501540089.07141,609463833.0296241,0.4079054036610223,0.1770798168969745,0.0
144,2014,Sweden,604773814.12137,635655341.000029,583458951.584314,643538512.569661,643538512.5696615,709691099.7387314,0.4951515085018323,0.0932132123305809,7.40961339359637e-14
137,2014,Germany,692240152.12456,723945000.354748,660665074.884931,725545354.863973,725545354.8639725,838458616.8436804,0.4461599771639236,0.1346676624360568,6.572120612535985e-14
23,2014,Netherlands,993000923.857181,1046711040.704141,982205323.530527,1044902064.299851,1044902064.299851,1136690475.5967116,0.5722355226176621,0.0807505765795001,0.0
128,2014,United Kingdom,759434310.81333,757855773.889015,763607045.779409,765844640.993259,765844640.9932594,993399643.6969676,0.3996767707254401,0.2290669260327648,6.226290982263618e-14
84,2014,United Kingdom,803759965.725473,823596572.284818,807734976.941408,823613424.56916,823613424.5691605,1018552561.7317824,0.4131494479905495,0.1913883922015559,5.789574865812352e-14
121,2014,Germany,1149760310.636206,1221065791.843833,1138961669.757927,1230147631.335203,1230147631.3352027,1505603615.8364024,0.4974514259918325,0.1829538542574346,1.9381298067678502e-14
122,2014,United Kingdom,895354804.327534,960627219.495685,902632534.207208,952224584.319502,952224584.3195016,1332477556.8624644,0.3906562397208211,0.2853728909613536,3.7557092574743715e-14
123,2014,United Kingdom,1009423672.52297,1067811121.97782,996044547.680053,1062863535.480719,1062863535.4807192,1307760624.5775504,0.4493757548962959,0.1872644614727875,2.2431720643584683e-14
116,2014,United Kingdom,1401113334.872058,1470082525.53073,1409084113.422254,1475994614.712615,1475994614.7126143,1598117840.9461808,0.5174389534487693,0.0764169093821404,4.845923759985753e-14
113,2014,Netherlands,1270368472.265474,1296329746.375479,1256364239.3977,1306110523.536044,1306110523.536044,1507706204.6758404,0.4489648295508133,0.1337101887055904,0.0
68,2014,Denmark,1751566734.062604,1842901831.377467,1756128318.046166,1851822212.098316,1851822212.0983164,1947683112.783378,0.6046786151459487,0.0492179143803683,2.574961867763842e-14
87,2014,United Kingdom,1478097692.682373,1561925016.656632,1477290105.941575,1557162763.673819,1557162763.6738186,1753573105.9819615,0.5059632975071057,0.1120057907127616,3.062217831860568e-14
15,2014,Netherlands,1542561834.821747,1598978824.442339,1529059649.169434,1602891348.492774,1602891348.4927745,1941562670.2361245,0.4480854714561038,0.1744323409875623,2.9748563971694206e-14
102,2014,United Kingdom,1295593702.226923,1298574319.972513,1314464319.712037,1309305549.709613,1309305549.7096128,1689594138.8048422,0.3609885717423801,0.2250768870234314,1.820954468225088e-14
100,2014,Netherlands,1479807837.050683,1495183631.376154,1422077951.152387,1453687256.648203,1453687256.648203,1834886662.2362304,0.375559910468389,0.2077509273098365,0.0
31,2014,Netherlands,1710952922.4999,1776046726.012854,1688144199.036284,1775353949.767317,1775353949.7673168,2283200686.846176,0.4440160938793809,0.2224275509396227,1.3429354700385823e-14
96,2014,United Kingdom,1532397319.2023,1597051094.048774,1534553003.152771,1597168416.974037,1597168416.9740367,2048500593.2815635,0.3938277442914651,0.2203231855473969,1.4927579118629553e-14
83,2014,United Kingdom,1499229525.558636,1523280753.381624,1452638829.080239,1527271195.779748,1527271195.7797475,2250964154.2973127,0.3408707054524602,0.3215035464407391,3.122151190441826e-14
59,2014,Denmark,2730063267.205589,2988373295.465121,2709479775.768791,2994234304.79426,2994234304.7942595,3784560750.898819,0.4985645835037422,0.2088291080852276,1.5925178515242798e-14
67,2014,United Kingdom,2336952933.827504,2474365005.377849,2336137886.642778,2457687136.402889,2457687136.4028893,3333217211.11632,0.4130913751412537,0.2626681728972019,1.9401865727345248e-14
18,2014,Germany,3333129318.01548,3586565869.62326,3300569096.81578,3584950536.919964,3584950536.919964,3986075249.110071,0.562904112934092,0.1006314951730181,0.0
25,2014,Sweden,2991650338.880014,3285398672.62713,2941735789.246875,3296314957.994352,3296314957.994352,3998734644.325157,0.5061318024914708,0.175660489832115,0.0
16,2014,Netherlands,3684858484.841652,3875819958.430698,3651751198.859054,3881053781.849387,3881053781.849386,4194721535.939934,0.5825308870451169,0.0747767763373741,2.4572561216912808e-14
20,2014,Netherlands,3436409893.474978,3656833756.664604,3402929676.469421,3657817450.329056,3657817450.329056,4222068189.155342,0.5510753058830082,0.1336432083867336,0.0
60,2014,Denmark,3620324963.95686,3883419141.895889,3629489830.435822,3889438030.585316,3889438030.585316,4203918424.2071967,0.5900239730863647,0.0748064928688971,0.0
61,2014,Denmark,3258798164.36868,3552775037.119302,3248023494.866121,3573211606.256414,3573211606.256414,4198013039.6396585,0.5437023137943418,0.1488326566600839,0.0
27,2014,Denmark,3349321460.243665,3586132673.322683,3309414184.475898,3574188917.269812,3574188917.269812,4219084181.8533206,0.5341458552487162,0.152851954781387,0.0
55,2014,United Kingdom,3212572966.396319,3480591388.524848,3196813008.730079,3460987185.231479,3460987185.231479,4249450797.0335946,0.4857880414053347,0.1855448267226712,0.0
49,2014,France,3130587003.500486,3263594777.483839,3167040721.652846,3305116580.825048,3305116580.8250484,4505305690.616479,0.403302027887876,0.2663946005464512,1.442724171878056e-14
26,2014,United Kingdom,3890993514.846213,4123230212.660356,3898159787.983797,4131772979.963124,4131772979.963124,4684985210.937456,0.5007736213985979,0.118081958867835,0.0
22,2014,Germany,3734808457.336392,4158409234.459944,3657209760.699432,4168969475.156605,4168969475.156605,5022081465.366498,0.4727687595151624,0.1698721926542135,0.0
43,2014,Denmark,4391208853.352846,4910698125.730276,4384340556.340814,4922238711.16337,4922238711.16337,5454673842.4053135,0.5394050954064432,0.0976108098531439,0.0
30,2014,United Kingdom,4490657620.616352,4784974891.240823,4443559490.214305,4774596731.545551,4774596731.545551,5924613364.591444,0.4539724980242733,0.1941083007912359,0.0
7,2014,Netherlands,5454687306.115693,5839761618.748958,5380745877.433402,5831087662.105974,5831087662.105974,6706124343.990423,0.5419176087681318,0.1304832175783614,0.0
17,2014,United Kingdom,5966574238.158959,6250387456.5856,5966998926.44722,6288571304.818456,6288571304.818456,7689842183.679856,0.441512386907374,0.1822236198598869,0.0
2,2014,Belgium,6015265708.888277,6386440586.794517,6029622713.331251,6399198705.955023,6399198705.955023,8366076786.429595,0.4330439497169651,0.2351016050516051,0.0
11,2014,Germany,8509962807.602811,9367252954.375982,8486672302.280818,9383894078.999634,9383894078.999634,10874237941.017914,0.5491768153354344,0.1370527176342779,0.0
13,2014,United Kingdom,6792674607.527636,6984403550.879977,6899013911.825618,6990725431.281004,6990725431.281004,9136029342.75724,0.4029120446834964,0.2348179751827271,0.0
9,2014,United Kingdom,8982970821.294813,9541796989.720074,8986122212.655487,9506483306.359833,9506483306.35983,11311656341.62078,0.4937099228447292,0.1595852084560673,2.0063661517571752e-14
10,2015,United Kingdom,94858542.074867,102655953.924383,97554916.294195,102765727.071383,102765727.07138306,104949101.29764906,0.6246397220482802,0.0208041250403247,5.800050899653353e-14
163,2015,Sweden,174924678.937127,203084364.330647,175211700.332856,202260188.0302,202260188.0302002,233516263.4936033,0.4892602516453803,0.1338496728055913,1.031425209012057e-13
152,2015,Denmark,250002012.589958,275412221.26402,259663456.463542,279377871.648865,279377871.64886487,296013622.6669095,0.5591807206454202,0.0561992751149973,4.266955319231906e-14
157,2015,Denmark,259224365.854878,296295232.79178,262461268.479469,290948189.28627,290948189.28626966,328058201.456415,0.502770376689194,0.1131202085648076,1.2291805957948982e-13
158,2015,Ireland,271836148.713289,287302516.301229,280309154.795438,292350481.120797,292350481.1207974,308876974.84894204,0.515864061830882,0.0535051009749982,1.4271654755900213e-13
154,2015,Denmark,321919353.435648,371276275.252858,340168945.494558,378227176.080099,378227176.0800992,403577267.34555566,0.5718930326601234,0.0628134766662932,6.303581397098534e-14
149,2015,Sweden,252045662.648605,291105734.794775,265688685.913421,300206172.92755,300206172.92755044,345086180.92795604,0.4077780126698593,0.1300544921263458,1.3898199006335097e-13
153,2015,Denmark,260512299.05898,306320429.726266,276616165.009439,314862741.903313,314862741.90331256,448600884.0178106,0.3826257648600225,0.2981227787977081,1.3251250716601374e-13
99,2015,Sweden,469696229.901109,550569995.280827,484368538.226437,549191237.408425,549191237.4084253,651904653.8655181,0.4418627704629699,0.1575589556663628,6.511900487341193e-14
144,2015,Sweden,606541478.577579,691312739.16007,628786320.787178,702876364.933731,702876364.9337308,767484638.4016008,0.5363830623731157,0.0841818457792538,1.6960207441606126e-14
137,2015,Germany,697495669.209136,792283342.489809,710450597.439448,794013591.195965,794013591.195965,896159019.287763,0.4809288862483131,0.1139813647950334,0.0
23,2015,Netherlands,997067709.963253,1057525479.251857,1014128278.92498,1060114927.495935,1060114927.4959352,1145752745.8605793,0.5788928659167005,0.0747437164554391,2.2489880381622744e-14
128,2015,United Kingdom,774546557.748781,837545484.417173,799725426.598295,833427007.186019,833427007.1860188,1077300309.7548168,0.4282417720978844,0.2263744847750959,1.4303506908574902e-14
84,2015,United Kingdom,808012030.698171,885156643.347087,843135445.659972,889513713.400183,889513713.4001826,1078036379.2467237,0.4428746394822915,0.1748759777274594,4.020487410871999e-14
121,2015,Germany,1148384379.769812,1246882440.688038,1170839053.788213,1241669487.065133,1241669487.0651326,1516805891.7124286,0.5003503735755692,0.1813919672586946,3.840290537622853e-14
122,2015,United Kingdom,914317764.843057,1019198057.626537,951102461.187003,1029587935.166305,1029587935.166305,1402362393.6042235,0.4147884679583857,0.2658189210849043,0.0
123,2015,United Kingdom,1021545307.824439,1132550303.531287,1037958019.610381,1130974352.789263,1130974352.789263,1360493518.772524,0.4724203645736269,0.1687028734913341,0.0
116,2015,United Kingdom,1397240295.370212,1529096148.213414,1443666613.751384,1528623263.169572,1528623263.169572,1656947333.6752632,0.5343808928945734,0.077446076829163,0.0
113,2015,Netherlands,1298107964.257772,1416302355.539533,1321428942.609346,1405919377.826495,1405919377.826495,1629041004.378138,0.4715445067705381,0.13696501558401,0.0
68,2015,Denmark,1781425797.84675,1892642399.589479,1815248971.084271,1897208909.122546,1897208909.1225457,1997100787.700688,0.6120305139982276,0.0500184463364766,1.2566806847424646e-14
87,2015,United Kingdom,1515731684.096335,1731433327.637394,1549447223.336139,1737915466.474872,1737915466.4748716,1934657438.4443376,0.5520171097020207,0.1016934409471821,2.743730448353309e-14
15,2015,Netherlands,1580965148.68254,1750052878.747438,1609257550.756283,1753117471.970177,1753117471.970177,2107266226.4318392,0.4787740796492803,0.1680607556935651,0.0
102,2015,United Kingdom,1314558578.879723,1482978990.404987,1371937347.548025,1493709770.555475,1493709770.5554748,1897497403.0988777,0.4058387389263764,0.212800097583249,1.596150629803408e-14
100,2015,Netherlands,1495854719.261362,1640727117.879666,1537556470.189814,1639470804.60157,1639470804.60157,1971217723.785286,0.4182664923160997,0.1682954222563856,0.0
31,2015,Netherlands,1750122880.432073,1919474877.639388,1789780113.32266,1917964515.551503,1917964515.5515027,2445454611.446367,0.4677038232816206,0.2157022638759504,1.2430812831435843e-14
96,2015,United Kingdom,1550458326.989607,1789366790.985962,1601258051.750561,1787767331.674152,1787767331.6741524,2266927425.3967605,0.4367865457303084,0.2113698428782937,2.6672215659998186e-14
83,2015,United Kingdom,1518798763.958097,1695255781.744279,1511738758.631929,1684197624.303666,1684197624.3036656,2411353010.580147,0.3702867900306189,0.3015549291563639,2.8312423157601478e-14
59,2015,Denmark,2770088007.73299,3125012743.970258,2853341144.696587,3135199879.825695,3135199879.8256946,3925225496.4170113,0.5163253613760049,0.2012688487100832,1.5209146991598995e-14
67,2015,United Kingdom,2354346509.514192,2591268986.199892,2414989946.488497,2585976348.752264,2585976348.7522635,3455918724.522692,0.4334312191918703,0.2517253573116303,1.8439347228879316e-14
18,2015,Germany,3339909117.932824,3597957741.005218,3391040688.508593,3589416013.252255,3589416013.2522554,3977689376.163745,0.5649029614626687,0.0976127912949193,1.3284533095150428e-14
25,2015,Sweden,3033651544.846646,3470346209.477408,3032860031.688427,3478516494.409025,3478516494.409025,4130475368.61368,0.5274539333925241,0.1578411238470774,0.0
16,2015,Netherlands,3683894706.322759,3910521878.470091,3748740061.550123,3907096879.153214,3907096879.1532135,4223009625.103542,0.5847546813866759,0.0748074889700453,1.2204385326285283e-14
20,2015,Netherlands,3469037316.938689,3692562845.439756,3532631986.670056,3697747222.932404,3697747222.932404,4241820765.481828,0.5530251290578493,0.1282641517946416,0.0
60,2015,Denmark,3676248069.724565,3990693010.543275,3769199164.820207,4003312169.665137,4003312169.665137,4309540575.900204,0.6005208462836219,0.0710582487487311,0.0
61,2015,Denmark,3284013620.695347,3642076513.347875,3389468825.890212,3645309693.60389,3645309693.6038895,4271809995.553224,0.547343797838422,0.1466592153212559,1.308084081415058e-14
27,2015,Denmark,3390171406.265595,3749896431.057223,3485556578.472665,3760360867.771444,3760360867.771444,4414092976.750989,0.5547163131089964,0.1481011189439708,0.0
55,2015,United Kingdom,3247676630.114635,3646616355.699262,3330566958.693772,3661660643.32268,3661660643.322681,4434460406.787747,0.5047892762071786,0.174271431600146,2.6044858038533645e-14
49,2015,France,3200055163.49957,3686981825.026034,3255126909.410912,3686947512.04038,3686947512.040381,4996779723.308339,0.4417283496161785,0.2621352718748078,2.5866229809126857e-14
26,2015,United Kingdom,3990514030.147954,4520572790.086924,4060552525.41379,4525553510.299125,4525553510.299125,5129328110.494816,0.5345562851758947,0.1177102706610527,0.0
22,2015,Germany,3776690616.128583,4404883728.90287,3811501485.525494,4388559982.989452,4388559982.989452,5180513948.652952,0.4967581253949846,0.1528716983513624,0.0
43,2015,Denmark,4400980379.405158,5301043136.826289,4570914210.984307,5332475090.575487,5332475090.575487,5840396932.980809,0.5818132025107265,0.0869670072486135,0.0
30,2015,United Kingdom,4539351890.342447,4994847375.063425,4632402991.045762,5015043739.317688,5015043739.317688,6178796309.635067,0.4717426047412482,0.1883461619381514,0.0
7,2015,Netherlands,5479744435.772912,5898870830.47865,5552464255.649197,5871164838.528465,5871164838.528465,6723394715.10537,0.5451811498094998,0.126755889351879,0.0
17,2015,United Kingdom,6007434921.506984,6957391860.488886,6103797749.410109,6907779473.37554,6907779473.37554,8474751893.567821,0.4802655500930276,0.1848989138409567,0.0
2,2015,Belgium,6234860339.009443,7115293770.672648,6332107266.218542,7097428920.881069,7097428920.881069,9199412782.552858,0.4645318552518687,0.2284910908290044,0.0
11,2015,Germany,8574423127.331058,9447889343.483189,8803991987.66808,9453097669.118618,9453097669.118618,10897513693.048748,0.5494147116499718,0.1325454653800056,0.0
13,2015,United Kingdom,6802406200.123709,7535641537.047005,7115185873.10634,7576148847.408606,7576148847.408606,9600439044.826178,0.436707170849597,0.2108539190724296,0.0
9,2015,United Kingdom,9125393180.008266,9989365035.82412,9259932669.520945,10005095251.593596,10005095251.593596,11654288750.009369,0.5149832845168621,0.1415095793309947,0.0
10,2016,United Kingdom,95250105.831741,92487256.741258,94659521.509866,92525582.128758,92525582.12875757,95009405.36942276,0.5606251946725495,0.0261429195457797,4.670423732327667e-13
148,2016,Finland,70324557.955416,69071354.350536,70400713.210635,68985144.968389,68985144.96838948,71438470.3134856,0.4307802233569969,0.0343417955945928,6.912171575802622e-13
163,2016,Sweden,169818565.799733,180221561.903495,167432322.373885,179694451.03889,179694451.03889027,209913711.50549245,0.4456155016463491,0.1439603932962306,1.4926498839477702e-13
152,2016,Denmark,249167306.880513,246479606.739597,249044143.460056,249188192.029067,249188192.02906707,268270465.96551093,0.5014048694697313,0.0711307294590418,2.3919530171171962e-14
157,2016,Denmark,256794453.396512,250557382.994457,250419911.156347,243870975.879626,243870975.87962613,281920647.56885546,0.4244999493109125,0.1349658920598789,4.8882114454498494e-14
158,2016,Ireland,270428577.849774,261826469.195432,272262383.25944,267826996.895109,267826996.8951092,283825440.0361026,0.473937811921766,0.0563671922395624,7.789216887480872e-14
153,2016,Denmark,257760395.941485,246290424.513085,257356399.282252,251616274.485617,251616274.48561656,381115094.9229536,0.3069988707730802,0.3397892714365368,1.7766531069157215e-13
154,2016,Denmark,395088850.027914,396274952.67078,393591046.725044,401088810.77244,401088810.7724403,444078115.9084129,0.4882395748903717,0.0968057276320249,7.430354970586253e-14
149,2016,Sweden,299423542.511835,275633147.441138,300998694.012691,287389069.966685,287389069.9666851,342559611.7855212,0.3241071714164553,0.1610538426619269,4.148010554632446e-14
144,2016,Sweden,616261381.59432,632952097.902885,619009401.477441,643381506.562879,643381506.5628792,707284609.539936,0.4861727017311081,0.0903499130549772,3.70571079009187e-14
142,2016,Germany,579532554.859813,561886238.020707,574994304.43546,560423314.771744,560423314.7717438,721049982.286926,0.3869578498437759,0.2227677296457715,4.254258750792133e-14
137,2016,Germany,721567823.083463,699949475.209378,711689474.726477,698303638.937265,698303638.9372652,813353851.1449113,0.4078566691415168,0.1414516105698603,1.7071268557644003e-14
128,2016,United Kingdom,832546602.086087,775596469.295362,846019881.962836,786363549.613573,786363549.6135732,1101817173.2619476,0.357488350455552,0.2863030558095848,3.031912901084031e-14
121,2016,Germany,1133146442.328562,1105121380.780571,1127379478.872441,1109730592.257069,1109730592.257069,1386798123.5270083,0.4544351319644019,0.1997893756628976,0.0
122,2016,United Kingdom,902060563.452695,890213102.482186,910844754.652452,886062324.220754,886062324.2207539,1272253584.6237912,0.3611127375884395,0.303548966236346,1.3453826699563111e-14
123,2016,United Kingdom,1014854787.92653,959974898.477716,993253255.783188,962864983.453902,962864983.4539016,1219799579.7626443,0.4036661985720461,0.2106367312888717,3.714205779604671e-14
116,2016,United Kingdom,1413725045.665369,1401628267.801306,1419585459.019258,1401154959.080813,1401154959.080813,1542949160.7053692,0.486427689318109,0.0918981682842577,0.0
113,2016,Netherlands,1280780562.576822,1243607445.037708,1260466531.17078,1241337806.180254,1241337806.1802535,1459139283.314382,0.4214839961768643,0.1492670916510454,3.841316649094984e-14
87,2016,United Kingdom,1505790379.108033,1572212948.197069,1498128016.734949,1575802120.047388,1575802120.047388,1776499371.2769513,0.5054049584808327,0.1129734434329136,0.0
15,2016,Netherlands,1554983752.285862,1544976754.092678,1538969339.999701,1553873061.279024,1553873061.2790236,1899620924.1184585,0.430831973249366,0.1820088726385677,1.5343504243861172e-14
102,2016,United Kingdom,1302993119.19834,1282290877.650526,1306643140.156058,1288122196.007427,1288122196.0074272,1684317115.7374678,0.3523502915934753,0.2352258467411993,1.8509003248336835e-14
99,2016,Sweden,955525525.739746,891589896.800528,938405935.901646,887064287.75295,887064287.75295,1736133991.5406013,0.2265878616338048,0.4890577040279065,0.0
100,2016,Netherlands,1483682404.773568,1389821226.462516,1464603702.042147,1396883669.440635,1396883669.4406347,1729232464.436112,0.3606163954565868,0.1921943994405942,1.7067890785568018e-14
96,2016,United Kingdom,1544680175.8226,1568691127.311725,1533986637.06051,1566782407.134572,1566782407.134572,2031626736.4071295,0.383874165658354,0.22880400269521,0.0
84,2016,United Kingdom,1952405415.192881,1821614449.170997,1940259373.799134,1822991455.738184,1822991455.738184,2169023940.525678,0.3976909505225164,0.1595337323495059,0.0
83,2016,United Kingdom,1512839280.915576,1380204316.817862,1450037180.873198,1377137944.613638,1377137944.613638,2153216917.680704,0.3021987739054649,0.3604276776271127,0.0
31,2016,Netherlands,1979867491.05718,1931991626.457454,1950494584.268215,1929236515.425378,1929236515.4253776,2663024805.144885,0.3961105268353802,0.2755469225453141,2.4716366002329534e-14
68,2016,Denmark,3318263799.580298,3301148772.309046,3336517608.742625,3322428198.588058,3322428198.5880585,3606282450.178608,0.5593445297680515,0.0787110426074614,1.4352068117100854e-14
67,2016,United Kingdom,2355149865.943053,2290796457.143141,2383332440.003286,2295566844.684961,2295566844.6849613,3218151106.614056,0.3820913871211174,0.2866814613002377,2.077208770056814e-14
23,2016,Netherlands,3084556967.416092,3014554791.047441,3072324691.80751,3005313481.017372,3005313481.017372,3595262466.298124,0.4883710714633146,0.1640906584181028,0.0
65,2016,Netherlands,3042538940.103841,2977743805.201648,3044051239.053713,2980098087.772357,2980098087.772357,3595262466.298124,0.4842735060365398,0.1711041639636321,0.0
20,2016,Netherlands,3421298437.631378,3346789397.882729,3420168181.371517,3351312310.519378,3351312310.5193777,3939787498.3048286,0.5067917237054467,0.1493672407556636,1.4228371277316916e-14
25,2016,Sweden,3038140583.585879,2990148592.209789,2982171044.718283,2987323992.463978,2987323992.4639783,3710446604.087657,0.4519674401573436,0.1948882948017744,1.5962016821945863e-14
59,2016,Denmark,2938112186.736261,2952214145.309238,2917009780.117597,2949199241.236922,2949199241.2369223,3999200300.734645,0.4450143712634177,0.2625527556858905,1.6168360263212835e-14
60,2016,Denmark,3678577653.017649,3669376498.363849,3674876643.535135,3672026065.294257,3672026065.2942567,4028201740.515791,0.550495632240084,0.088420515695405,1.2985669211607674e-14
61,2016,Denmark,3265412911.143322,3240876696.778882,3260727136.583519,3255942156.923907,3255942156.923907,3940873134.365907,0.494763882343166,0.1738018337786981,0.0
16,2016,Netherlands,3677546459.589152,3613127829.052454,3680334854.358753,3611679303.736398,3611679303.7363977,3946559710.967896,0.541058529055475,0.0848537540939341,1.3202643925495314e-14
55,2016,United Kingdom,3259925055.304906,3282735061.032413,3258285624.847634,3299226920.43685,3299226920.4368496,4088423587.330656,0.4560420265778396,0.1930320207865436,1.445299670808903e-14
27,2016,Denmark,3640524607.881498,3703053318.40999,3609726974.758966,3692465047.120751,3692465047.120751,4583562701.810046,0.500161197299138,0.1944115773386063,0.0
18,2016,Germany,4282842447.650623,4229210017.327384,4294926363.414728,4233861765.596618,4233861765.5966177,4800540253.394476,0.5124623890189326,0.1180447320272251,1.1262464024635702e-14
49,2016,France,3153854311.978889,3282087016.697163,3107947036.127939,3262637716.698373,3262637716.698373,4570240476.146949,0.3961656086544868,0.2861124630691166,0.0
26,2016,United Kingdom,3940933103.974883,4078817996.37937,3939674516.078543,4083061829.763842,4083061829.7638416,4684345433.905436,0.4867463270775923,0.1283602186528527,1.1678421196739618e-14
43,2016,Denmark,4383373955.947588,4575098663.557958,4392215037.701406,4589365776.258812,4589365776.258812,5165045656.101385,0.5011592439267062,0.1114568811531282,0.0
30,2016,United Kingdom,4478268328.252382,4434525901.292516,4477500252.677821,4403680927.971997,4403680927.971997,5634183311.025429,0.4170176088095195,0.2183994227957553,0.0
7,2016,Netherlands,5389812844.552391,5297248669.364322,5393131399.680429,5339061345.851536,5339061345.851536,6183516791.588334,0.5027506752404998,0.1365655619930623,0.0
22,2016,Germany,5148563409.934916,5215952684.35705,5121519498.581322,5205168039.149557,5205168039.149557,6932974361.783214,0.3948007848090081,0.2492157380759809,0.0
17,2016,United Kingdom,5993523769.830236,6188099879.342015,5950339020.143429,6211831075.56147,6211831075.56147,7673106933.520402,0.4335146259726059,0.1904412216093673,0.0
2,2016,Belgium,6857600182.147134,7071916583.585139,6852127969.32872,7099171961.12775,7099171961.12775,9361527002.780989,0.4230471985721832,0.2416651728912569,0.0
11,2016,Germany,8476165486.65845,8462744537.464505,8475588942.520872,8488083039.121693,8488083039.121693,10073520270.561943,0.498328141827316,0.1573866125105647,0.0
13,2016,United Kingdom,6836412908.48913,6380284697.097977,6816499215.700417,6396619174.328681,6396619174.328681,8569924688.292683,0.36735050117176,0.2535968042908171,0.0
9,2016,United Kingdom,9086950352.274166,8753304756.93671,8882537301.677622,8738927002.253695,8738927002.253695,10695586634.106384,0.4491451318949516,0.182940842684892,0.0
10,2017,United Kingdom,95121269.160324,101244986.502928,96871530.372695,101323662.911351,101323662.91135149,103585032.54650916,0.6127459053661798,0.0218310462386767,4.853143927763416e-13
162,2017,United Kingdom,197327633.826522,208140989.218722,206578671.391967,209423174.031794,209423174.03179404,215745853.56313825,0.5063422969820939,0.0293061462221513,1.4230670758132434e-14
163,2017,Sweden,176137744.584763,195357966.313995,173467293.812748,195026927.593978,195026927.59397796,226138674.14798108,0.4705680482421955,0.1375781770686609,1.528113207512558e-14
164,2017,United Kingdom,247491455.255902,258678640.600822,248371735.695424,258430654.270358,258430654.270358,265837411.47549605,0.6200351589979798,0.0278619821191751,0.0
157,2017,Denmark,255317734.253935,279630656.330204,257565348.864347,270319364.901314,270319364.9013139,312880117.7817658,0.4715146780068269,0.1360289467486652,4.409942646702402e-14
158,2017,Ireland,271035672.982532,269142692.674216,282940500.552991,274530246.2033,274530246.2033002,291206935.5944555,0.4861609842626931,0.0572674869748975,6.513451133313496e-14
152,2017,Denmark,375096659.764974,391923061.37621,386488034.946387,395953031.866897,395953031.86689687,427247122.93392456,0.5261274972320509,0.073245878994175,3.010692682127372e-14
153,2017,Denmark,256091882.283518,276759561.636319,276835919.639731,285898842.940566,285898842.9405657,425868171.0141543,0.3507961263074425,0.3286682067370011,1.0424079398562235e-13
154,2017,Denmark,394188982.701461,438507569.789504,419791780.840096,453466695.178731,453466695.1787312,489669113.3170428,0.5520656138041529,0.0739324109970398,3.9432649900715076e-14
148,2017,Finland,353850830.172451,360921393.567742,346904484.018161,360199539.732742,360199539.73274183,413163966.9609807,0.4039152917599177,0.1281922710197058,4.9643021326136873e-14
149,2017,Sweden,299944277.621133,324782821.965686,320702282.047863,341688715.922503,341688715.92250293,400186157.9212048,0.382921727544494,0.1461755756435229,1.7444136138493177e-14
144,2017,Sweden,618858346.422314,666132060.995327,627815044.392453,676534781.297848,676534781.2978485,742270378.5265806,0.5083364249953778,0.0885601785150289,7.048228286036851e-14
142,2017,Germany,588821184.30017,622981592.806885,612162233.746898,623895129.179671,623895129.1796707,778676133.6128883,0.4249214234397659,0.1987745581915646,5.732179206504965e-14
137,2017,Germany,727426149.673531,810811651.29968,742156970.781379,813346853.15275,813346853.1527499,925405465.8867248,0.4744096341386983,0.1210913668276209,1.4656636229511943e-14
128,2017,United Kingdom,858414783.225308,869133660.537067,883543598.42069,867094570.102815,867094570.102815,1223902424.8010795,0.3876235812614564,0.2915329257201662,0.0
121,2017,Germany,1145802653.118432,1193881524.081883,1182963524.24703,1190322713.042578,1190322713.0425775,1474365868.7733362,0.4816390357864278,0.1926544569070095,4.005948579980332e-14
122,2017,United Kingdom,915008938.857846,965225244.888201,958946490.495151,970532637.278338,970532637.2783382,1374283445.3934853,0.3901952467649009,0.2937900543505019,2.4565745647684656e-14
123,2017,United Kingdom,1039521438.197619,1079075379.176377,1041208290.579552,1063962370.628323,1063962370.6283226,1371584684.2591865,0.4349449638738952,0.2242824064465368,3.361283054034578e-14
116,2017,United Kingdom,1420087138.827496,1542042813.826347,1469021773.185287,1543226759.746011,1543226759.7460115,1689836062.2149549,0.533093859697743,0.0867594826191453,3.0898709809931246e-14
113,2017,Netherlands,1261457331.248222,1309583040.174705,1284526094.450701,1312897687.325337,1312897687.3253372,1519268482.8334832,0.4541641370296586,0.1358356326350284,1.8159722680849096e-14
80,2017,United Kingdom,1718804941.995736,1887702532.209665,1746344814.986311,1886782060.665498,1886782060.6654985,2074529433.288764,0.5720988661811699,0.0905011852859702,2.5272508581883423e-14
15,2017,Netherlands,1534568201.987278,1599747776.23486,1561265597.375919,1603629105.396376,1603629105.3963764,1944239697.482811,0.4494526579323693,0.1751896088365133,2.973487800879387e-14
102,2017,United Kingdom,1316107488.757928,1291741135.684669,1318549338.714692,1294213325.178538,1294213325.178538,1707676358.2484477,0.3506070476054934,0.2421202536843666,0.0
99,2017,Sweden,948031539.345022,1061475217.628954,991127752.271185,1063600667.746815,1063600667.7468154,1997259991.137698,0.2720150656116538,0.467470097800859,4.4832348517915145e-14
100,2017,Netherlands,1467124494.54994,1493500753.877625,1536288913.37089,1515024515.268285,1515024515.2682853,1831340471.173316,0.3958240623872077,0.1727237293578574,1.5736945290244535e-14
96,2017,United Kingdom,1561949037.761459,1599143320.035826,1558771808.849607,1590224283.545214,1590224283.5452144,2094789104.5855727,0.3852287508588213,0.2408666437761428,2.998552865386219e-14
87,2017,United Kingdom,2248479565.957677,2356466899.688205,2238058698.835433,2363139800.112669,2363139800.1126685,2653980043.607244,0.5107591987655766,0.1095864470402235,2.017811888151478e-14
84,2017,United Kingdom,1988534549.062957,2035225566.928331,2047445938.088578,2025324490.326159,2025324490.326159,2414732667.557601,0.433581557073988,0.1612634733704546,0.0
83,2017,United Kingdom,1550399474.293566,1470497502.449928,1552432010.150568,1463887920.585148,1463887920.585148,2373160610.843972,0.3128339973554844,0.3831483996927868,0.0
31,2017,Netherlands,1957544280.213611,2054460074.348214,1985678577.423698,2042536115.507456,2042536115.507456,2765119397.591202,0.4275037811193087,0.2613208249572207,0.0
73,2017,United Kingdom,2784206753.288972,3054239894.359752,2844754879.439434,3059299432.775651,3059299432.775651,3418922796.446605,0.5450129573145821,0.1051861609875257,0.0
29,2017,Sweden,2767517121.639022,3160573735.969572,2826091126.838322,3164925080.583071,3164925080.583071,3656623238.037127,0.5381674464044074,0.1344678205671522,0.0
68,2017,Denmark,3375409118.171455,3495590064.500993,3453173012.428165,3504229023.771176,3504229023.7711763,3809611345.831683,0.5826630857461684,0.0801610175785105,1.3607476993326282e-14
67,2017,United Kingdom,2380540603.434278,2539746183.304274,2461427761.369865,2526811910.421167,2526811910.421167,3524515215.4769063,0.4184966967306411,0.2830753292465894,0.0
23,2017,Netherlands,3100776135.516029,3239179548.270224,3197889747.431543,3246405035.089803,3246405035.089803,3823074969.888981,0.5241632413158639,0.1508392954208594,0.0
65,2017,Netherlands,3073977630.463344,3199907562.810996,3143778830.940365,3189394059.83898,3189394059.83898,3823074969.888981,0.5149582723563382,0.1657516305698818,0.0
20,2017,Netherlands,3444283523.572043,3584489422.50545,3531124116.877504,3585083019.648013,3585083019.648013,4182435375.93398,0.5383654222200884,0.1428240492903184,0.0
25,2017,Sweden,3033845727.819012,3402708382.80557,3046052808.200548,3425721084.542413,3425721084.5424128,4085079459.109581,0.5188599728193404,0.1614064992289984,1.3919322280926968e-14
59,2017,Denmark,2955030030.949243,3118311562.401195,3042652891.063799,3099396293.708973,3099396293.708973,4163129624.499597,0.4644264405581654,0.2555129017676175,0.0
60,2017,Denmark,3671866029.785684,3843360243.130811,3781000007.50571,3855302570.738778,3855302570.738778,4204587660.228463,0.5783879276792454,0.0830723765837019,0.0
61,2017,Denmark,3259650772.953384,3448977094.150957,3362853867.118238,3450265585.665848,3450265585.665848,4144006680.113072,0.5215032626459867,0.1674082954007918,0.0
55,2017,United Kingdom,3310999229.396771,3636076618.836659,3385536344.732064,3656691250.967974,3656691250.9679737,4494592450.744756,0.4966333174386352,0.1864242885109508,1.3040126318482591e-14
27,2017,Denmark,3671365705.261282,3841725717.271001,3769663043.075316,3835135018.025107,3835135018.0251074,4705574691.818702,0.5137880612484955,0.1849805243357363,1.2433386463892243e-14
51,2017,United Kingdom,3591564229.416933,3936946292.694102,3686401847.709417,3938011807.26403,3938011807.2640295,4554416496.216575,0.5188209450291266,0.1353421869661244,1.210857614300583e-14
49,2017,France,3166846703.612378,3243965932.97138,3127621344.648794,3242795260.73383,3242795260.7338305,4579692251.589076,0.389835888412359,0.2919185214664511,1.4704510148297765e-14
43,2017,Denmark,4420324343.902105,5136594804.417831,4567036057.298091,5169837870.433116,5169837870.433116,5721994630.129808,0.5627052790847878,0.0964972523373665,0.0
36,2017,United Kingdom,3916699903.199678,3975466210.473491,3853561937.21031,3970415069.650945,3970415069.6509447,4907369336.354885,0.4225122345103143,0.1909280110145316,1.2009755903053372e-14
30,2017,United Kingdom,4578851432.573236,4901553677.664786,4714401162.928855,4906127210.974569,4906127210.974569,6192911631.789976,0.4559644393181128,0.207783430044436,0.0
7,2017,Netherlands,5488037732.349229,5775681125.87721,5650346859.964308,5766388163.70694,5766388163.70694,6671266609.46783,0.5306055971816065,0.1356381776852825,0.0
26,2017,United Kingdom,5482056598.382908,5804119663.389447,5510928057.035587,5807866825.148243,5807866825.148243,6620976610.830229,0.5016902048225077,0.1228081344301905,0.0
16,2017,Netherlands,6623030366.498294,6900116741.541941,6778283503.975049,6903987822.575443,6903987822.575443,7635433159.392694,0.5661270920315211,0.0957961809825375,0.0
18,2017,Germany,6446476456.872104,6705060618.269217,6614693476.869898,6698020651.056972,6698020651.056972,7597299381.16787,0.5355922803188413,0.1183682102011174,0.0
22,2017,Germany,5152973157.237758,5925074622.087263,5259897599.969889,5904115291.41001,5904115291.41001,7579387350.403664,0.4511752405158772,0.2210300096226684,0.0
17,2017,United Kingdom,6010602694.942698,6287924039.201897,6035619767.366784,6296488796.170551,6296488796.170551,7859074356.400246,0.4353816067051965,0.1988256490991412,0.0
11,2017,Germany,8495279343.499495,9014930570.936577,8763652756.766645,8992556587.196724,8992556587.196724,10602319792.076187,0.5265949467814066,0.1518312252835974,0.0
13,2017,United Kingdom,6937468344.838928,7133050270.233136,7300786471.341488,7174380638.191248,7174380638.191248,9574530584.692848,0.4036923816919546,0.2506806913687035,0.0
2,2017,Belgium,7814995185.475882,8110147501.643967,7874067878.348511,8161728506.601526,8161728506.601526,10772010725.726368,0.4259347970663444,0.2423207965148797,0.0
9,2017,United Kingdom,9310632448.362928,9894358745.84034,9325733028.113668,9881658907.347733,9881658907.347733,12041808172.956017,0.5003472934817785,0.1793874503382004,0.0
58,2018,France,65510591.877134,66231268.778705,61984062.294341,66235665.802328,66235665.8023276,66731139.7442524,0.4159486674348631,0.0074249285089944,5.961754394006353e-13
5,2018,United Kingdom,144196661.21554,149804786.959714,143429534.166748,149805028.203529,149805028.2035293,150574717.58497065,0.6034442223707122,0.0051116774036585,1.9894073480100446e-13
162,2018,United Kingdom,192017155.722722,189055037.110546,192393276.036007,189512225.580703,189512225.5807026,195856107.25847483,0.4707793456234073,0.0323905226473233,2.0443546048434449e-13
163,2018,Sweden,169523555.726362,164059867.567948,164920506.341543,162911535.92563,162911535.9256297,193311664.40808168,0.4057572501261015,0.1572596696404059,1.829356172867972e-13
164,2018,United Kingdom,240144576.131027,241203088.331936,240798803.8579,240943163.362205,240943163.3622045,247933966.7532684,0.5939681088677543,0.0281962309666944,2.1027344105597237e-13
157,2018,Denmark,253631409.301503,249641166.418625,245948501.021998,247517256.965128,247517256.9651277,280138074.4553029,0.4355704377663881,0.1164454976482674,1.204050285346129e-13
158,2018,Ireland,270730109.815915,259263442.901442,273905595.910796,260890088.39993,260890088.39992988,280791708.02056193,0.4606354298425585,0.0708768067295444,4.569329953541205e-14
152,2018,Denmark,407305844.892815,402753138.967276,400779210.546441,402883682.891633,402883682.891633,441915888.59780246,0.4910221607454394,0.0883249657078827,0.0
153,2018,Denmark,255708577.226324,243542295.711074,249961761.33275,245976100.682709,245976100.6827093,374631163.5372133,0.3031128782288469,0.3434179411017533,1.2115942282595199e-13
154,2018,Denmark,387715196.206815,393304800.830797,382697901.25169,394908916.038025,394908916.0380252,439927619.68223137,0.4871809968394093,0.1023320692543107,4.527979163401673e-14
148,2018,Finland,347282085.827702,350426581.495222,345584471.10224,351183640.002357,351183640.00235736,398540039.1256655,0.401178505337519,0.118824696327126,1.0183500252174137e-13
149,2018,Sweden,293745723.312236,268612715.35941,288692656.451813,275983240.723935,275983240.72393537,333271030.2194745,0.3137349696180788,0.171895497360849,1.2958318328107362e-13
150,2018,United Kingdom,410013962.928237,408402797.816897,408269214.109,408681015.957781,408681015.95778114,449845388.1495341,0.4630788935875053,0.0915078230791363,2.916927503260787e-14
144,2018,Sweden,605198865.041763,587534059.108792,590621861.604996,595357576.504883,595357576.504883,660049689.1857036,0.4573481874576596,0.0980109736293195,0.0
142,2018,Germany,600259160.512532,588505777.244768,569697554.863482,587701676.887246,587701676.8872458,754941991.9430918,0.394181977066311,0.2215273714280987,4.056795964312087e-14
137,2018,Germany,720744895.298912,692504028.764222,682899155.585554,696595836.868883,696595836.8688828,810042683.734563,0.4092182374425074,0.1400504555422351,3.422624231767251e-14
128,2018,United Kingdom,832401233.718729,798527153.193801,825367115.7227,807886458.345141,807886458.3451412,1113038173.3549423,0.3694039590055515,0.2741610506403447,1.475569844244787e-14
121,2018,Germany,1143506315.417326,1169577351.420712,1111224799.321802,1163463220.41005,1163463220.4100497,1473940507.4836054,0.4721464249695843,0.2106443818438914,2.049214576955295e-14
122,2018,United Kingdom,900901426.433161,936178693.043496,886360661.750935,927749733.049584,927749733.0495844,1309746657.2508392,0.3796340670470515,0.2916571094772382,3.854788160130142e-14
123,2018,United Kingdom,994933753.63222,1004609272.929375,971638786.776252,999077486.50738,999077486.50738,1253835740.2156675,0.4273945441937799,0.2031831168446894,0.0
116,2018,United Kingdom,1396412806.041189,1436651962.520786,1385362501.381921,1438200447.799989,1438200447.7999892,1573610261.0191276,0.504313222455989,0.0860504132271239,1.6577562568991734e-14
113,2018,Netherlands,1287145618.961237,1301786756.661471,1227450026.139522,1311850440.917688,1311850440.9176877,1530430682.4099245,0.4449363861476352,0.1428226995214477,1.8174219534871666e-14
15,2018,Netherlands,1555200146.629158,1608670616.919281,1478060594.774432,1607407770.288074,1607407770.2880735,1985863209.65529,0.4460561023110427,0.1905747775210104,2.9664977799483204e-14
102,2018,United Kingdom,1280620152.211055,1259132517.292546,1241207780.436809,1257396363.83456,1257396363.8345597,1635601642.2945025,0.3493641087590118,0.2312331246680443,1.8961290644620642e-14
10,2018,United Kingdom,2023802845.540597,2020071878.814928,2031987858.45154,2017102512.113192,2017102512.113192,2199902972.9047747,0.5394937821254471,0.0830947832895609,0.0
99,2018,Sweden,927026699.189722,884559884.502124,907959346.549391,893470959.433436,893470959.4334357,1711337611.8455756,0.2303995336245811,0.4779107563294419,4.0026803879459197e-14
100,2018,Netherlands,1494941054.326764,1453798556.101807,1409524909.723448,1441339250.621708,1441339250.6217082,1808139206.6992576,0.3675835604678531,0.2028604626892304,1.6541461630127873e-14
96,2018,United Kingdom,1531988153.10669,1553612344.107098,1493691020.269444,1569730151.869945,1569730151.8699448,1995390484.568529,0.3881627477423207,0.2133218214632443,1.518850732513138e-14
87,2018,United Kingdom,2188880897.643243,2298436399.527319,2138313431.000896,2297835731.512269,2297835731.512269,2574203895.419297,0.5034079366931904,0.1073606346407972,0.0
84,2018,United Kingdom,1918623734.968045,1864951424.852358,1890878274.817024,1865091279.920562,1865091279.920562,2206442626.0914907,0.4142410387103324,0.1547066495790108,0.0
83,2018,United Kingdom,1505107102.48318,1484879760.159628,1471449458.109596,1483589256.534274,1483589256.534274,2296148696.3707147,0.3275176070763111,0.3538792766865532,0.0
31,2018,Netherlands,2003431582.829727,2088567701.985222,1921681563.542209,2091091095.477258,2091091095.477258,2858018703.5878115,0.4239844070310742,0.2683424034796524,0.0
80,2018,United Kingdom,2527314951.603062,2598784330.892635,2498474173.346088,2602071355.328544,2602071355.328544,2821680270.1712213,0.5406115173540563,0.0778291279718065,0.0
73,2018,United Kingdom,2730830919.720605,2897373958.981147,2711676262.55481,2900304396.310993,2900304396.310993,3240261585.534496,0.5270683710955135,0.1049165878277153,0.0
68,2018,Denmark,3328100479.241258,3416040848.725661,3332523220.143595,3429659003.559373,3429659003.5593734,3725430994.140831,0.574389880950362,0.0793926906837443,1.3903340177791821e-14
67,2018,United Kingdom,2349607397.299533,2380428420.023477,2321719378.896591,2399738644.974613,2399738644.974613,3282101401.5541806,0.4034503206055462,0.2688407969850475,0.0
23,2018,Netherlands,3095660695.422542,3176422498.871537,3055447018.600502,3169581162.082947,3169581162.082947,3774180216.7997775,0.513812549071197,0.1601934777850872,0.0
65,2018,Netherlands,3057234497.694633,3138221305.315451,3012322900.972887,3134404003.304589,3134404003.3045893,3774180216.7997775,0.5081100714576842,0.1695139544866966,1.521300884316117e-14
20,2018,Netherlands,3424191344.885452,3488921713.933705,3397155768.49842,3502895868.989315,3502895868.9893146,4091702617.814407,0.528818820801527,0.1439026253427002,1.3612655814993043e-14
25,2018,Sweden,3023807047.98823,2964418218.187365,2908723240.485386,2977753939.107721,2977753939.1077213,3713853597.448191,0.4529867864043631,0.198203736099411,1.6013316343593134e-14
59,2018,Denmark,2946149815.742423,3034221270.56121,2920979347.941748,3061850671.373012,3061850671.373012,4039954628.090352,0.4615669728914935,0.2421076588129111,0.0
60,2018,Denmark,3658463591.357111,3758784452.881937,3646368678.120525,3764737944.796244,3764737944.796244,4113356640.26576,0.5669786061440126,0.0847528493048423,0.0
61,2018,Denmark,3277046894.459717,3358248419.92306,3233756978.584244,3348843469.628657,3348843469.6286573,4066102887.164039,0.5055010671459753,0.1763997216596859,1.4238860744840963e-14
55,2018,United Kingdom,3250761074.616737,3422775884.457237,3224757777.634622,3436728702.580663,3436728702.5806627,4226291791.2414174,0.4756849604944999,0.1868217169238169,1.3874739598882645e-14
51,2018,United Kingdom,3538876377.591918,3688454495.895074,3467007581.342802,3686028491.257993,3686028491.2579927,4258238790.829406,0.4942143435363796,0.134377222058033,1.2936339459502842e-14
49,2018,France,3131736705.520776,3226281488.971992,3005213702.805368,3226591768.630261,3226591768.6302614,4468139195.222875,0.3953279687508361,0.2778667745893005,1.4778354139468653e-14
43,2018,Denmark,4310253559.462037,4512411856.005769,4281954174.850885,4516433623.078917,4516433623.078917,5085806972.2195,0.5015851972252116,0.1119533934832179,0.0
36,2018,United Kingdom,3842231281.008201,3958441654.986754,3763517416.90286,3973330268.054829,3973330268.0548286,4855698638.307805,0.430204058507959,0.1817181081403517,1.2000944447957101e-14
30,2018,United Kingdom,4540142921.362782,4639260717.607895,4415673649.924052,4633717321.435495,4633717321.435495,5808323149.933271,0.4376786805587115,0.2022280438221262,0.0
29,2018,Sweden,5054872911.978158,4987683419.172061,4863193055.25949,4985004178.843851,4985004178.843851,5945992714.7654295,0.4674298859363124,0.1616195279780946,0.0
27,2018,Denmark,5714351862.942126,5866950777.385355,5687720719.583076,5870806732.733314,5870806732.733314,6808386702.496883,0.5324014474190524,0.137709564795978,0.0
26,2018,United Kingdom,5447446544.230603,5641675019.463892,5295224222.972964,5642499395.659341,5642499395.659341,6391280226.623268,0.4916268249799028,0.1171566265933443,0.0
16,2018,Netherlands,6572904247.131352,6737084392.644527,6512619870.568482,6735215822.193938,6735215822.193938,7478022100.153406,0.5543592826231374,0.0993319179872749,0.0
18,2018,Germany,6418295585.636141,6638347706.805741,6314386050.538815,6640958674.352471,6640958674.352471,7633614573.709976,0.5341899522719078,0.1300374664940764,0.0
22,2018,Germany,5181397294.659693,5228519156.282524,4908326664.048496,5211328866.888975,5211328866.888975,6956571315.030218,0.3986759733811246,0.2508768140377587,0.0
17,2018,United Kingdom,5952972285.172236,6128043404.357964,5766154603.799817,6127895248.665634,6127895248.665634,7545593125.06763,0.431397613380428,0.1878842196900577,0.0
11,2018,Germany,8523958124.559497,8856675490.618582,8409359114.286418,8832527050.137556,8832527050.137556,10546728435.69262,0.5153406839372641,0.1625339455744212,0.0
13,2018,United Kingdom,6684457443.816256,6559385796.256745,6643085498.012875,6563725433.919494,6563725433.919494,8737185154.296839,0.3833850999196571,0.2487597186043911,0.0
7,2018,Netherlands,10375280387.882875,10783023149.908504,10256403241.500004,10758013355.381838,10758013355.381838,12713203301.967716,0.5184319912034295,0.1537920774289245,0.0
9,2018,United Kingdom,9938886504.207638,10156555492.265808,9765580121.338491,10144191865.660423,10144191865.660423,12122760646.123966,0.4789867367785552,0.1632110736341357,0.0
2,2018,Belgium,9191344353.5443,9665960700.331743,8810756801.857954,9680817504.827663,9680817504.827663,12696034093.59332,0.4334615476327594,0.2374927923584576,0.0
58,2019,France,65605113.415485,69526599.035388,63953005.07931,69530940.843621,69530940.84362122,70008249.81856717,0.4343512046702975,0.006817896121999,3.2146468204769065e-13
162,2019,United Kingdom,194748331.974157,190756560.387826,197206471.552161,191193296.619506,191193296.6195064,198030172.34532827,0.4685536003418855,0.0345244143599472,2.0263795744422122e-13
163,2019,Sweden,173480508.459292,193835124.94007,170935485.939859,193833975.026249,193833975.02624872,224419333.9205456,0.4736321931001801,0.1362866485697949,1.383766191932739e-13
164,2019,United Kingdom,245516234.206656,249142797.132336,245504466.898025,248932123.328288,248932123.3282879,256633185.9959362,0.6015759384443884,0.0300080546393958,3.59162031672294e-14
157,2019,Denmark,257986956.914074,271838859.67636,260265928.031288,269066274.456433,269066274.4564326,303624584.6485592,0.4669911214683732,0.1138192094428958,1.5506681923278088e-13
158,2019,Ireland,270321515.022146,263622092.796234,275471352.477151,267513035.97333,267513035.9733296,285016671.64000696,0.4746757917797782,0.0614126730410545,1.4482665849550036e-13
152,2019,Denmark,414875771.790299,422283339.356105,415368533.742911,423784785.197045,423784785.1970452,464569736.0908327,0.506434972749815,0.0877908045344848,4.219451489817635e-14
153,2019,Denmark,260559345.19617,259425611.47189,268780431.054889,265900532.565298,265900532.56529757,401501614.3254104,0.3222255605493184,0.3377348357314709,1.5691300404796067e-13
154,2019,Denmark,398091144.901167,421672334.069511,411288760.620347,431392268.302117,431392268.3021168,470694671.460534,0.5211310320151205,0.0834987212335854,4.1450426320794227e-14
148,2019,Finland,351931420.858748,368126434.254656,346985640.702999,366988545.164337,366988545.1643371,422727113.0336596,0.4125459999374272,0.1318547264908563,3.2483109111048536e-14
149,2019,Sweden,302921838.927433,303917151.596343,312834448.883591,316507861.883326,316507861.88332576,374514099.5465826,0.352702157261501,0.1548839889699319,7.532785368517976e-14
150,2019,United Kingdom,420485653.368379,406346234.028586,421467605.319047,408482633.435513,408482633.4355128,452408066.3835564,0.4528080094838909,0.0970925061066508,5.836688260070222e-14
144,2019,Sweden,611731339.087786,660282847.585359,605504445.880154,656787817.521171,656787817.5211706,736035747.0132,0.4984728426845557,0.1076685878554322,5.4451050873947756e-14
142,2019,Germany,595355306.540677,620327095.387524,601595478.78502,618066397.09646,618066397.0964603,785618163.878175,0.4159542345356082,0.2132737944278192,5.786237050459313e-14
137,2019,Germany,730279045.377694,778841698.467637,726095321.544408,781294033.8434,781294033.8434004,901039326.3206933,0.4528295740271018,0.1328968547535668,4.5773787224903515e-14
128,2019,United Kingdom,844688654.82668,810391361.97488,848987633.128962,815607689.742612,815607689.7426122,1156013192.7033353,0.367713843124642,0.2944650676214908,2.923201707144303e-14
121,2019,Germany,1166144431.869201,1206850002.989009,1189047324.202935,1215499000.929869,1215499000.9298687,1509320171.270795,0.4842432576111982,0.1946712009377965,1.9614872486046465e-14
122,2019,United Kingdom,904854887.985643,922656017.561113,934749076.913102,924734438.640441,924734438.6404408,1314783036.2499692,0.3756792356857366,0.2966638501223951,1.2891191737818766e-14
123,2019,United Kingdom,1014172061.040692,1020642638.852503,994227831.404189,1020239939.135868,1020239939.1358676,1292482371.9694288,0.4265395456063663,0.2106353159917607,3.50533100042379e-14
116,2019,United Kingdom,1415877684.276438,1457194411.411933,1426169295.74985,1457611344.814117,1457611344.8141172,1601033238.96443,0.5070128856009313,0.0895808348383073,1.6356800456432163e-14
113,2019,Netherlands,1294317601.120498,1342067094.116443,1302137001.92536,1340232820.368107,1340232820.3681068,1567462711.918005,0.4508742818780384,0.1449666967017361,1.7789340439825874e-14
15,2019,Netherlands,1574905388.245613,1644333146.97325,1572278390.254906,1649272208.231226,1649272208.2312262,2011030157.656425,0.4546204885140377,0.1798868843651639,1.4455987187054842e-14
102,2019,United Kingdom,1292538754.587242,1274410986.143793,1314420420.775138,1282362534.871437,1282362534.871437,1668263687.5685277,0.3522490138364063,0.2313190388142635,0.0
99,2019,Sweden,952104587.558036,1002545494.877132,971610254.057736,998242586.259933,998242586.2599336,1904118344.175301,0.2539282118080824,0.4757455127127166,5.970957921030841e-14
100,2019,Netherlands,1511373389.901417,1524936122.309698,1507934429.356732,1504946655.724261,1504946655.7242606,1879187990.225528,0.3824009675276102,0.1991505567552895,3.168465515966382e-14
96,2019,United Kingdom,1548261502.79824,1565682040.691967,1547631420.845949,1556335185.600702,1556335185.6007023,2025427436.023124,0.3811744270391139,0.231601607680141,1.531923079985752e-14
87,2019,United Kingdom,2219339372.127767,2316998361.153102,2225084375.908567,2320976243.610303,2320976243.610303,2604216236.782646,0.5050079730740098,0.1087620871000594,0.0
84,2019,United Kingdom,1948193340.530945,1912155443.879583,1936064083.886842,1907826561.411762,1907826561.411762,2281042763.3242745,0.4185923140104618,0.1636164862462317,0.0
83,2019,United Kingdom,1547632879.365294,1400715828.975729,1472264355.12766,1383302777.780488,1383302777.7804875,2200272351.231987,0.2971968584768477,0.3713038401787206,3.447091742042269e-14
48,2019,United Kingdom,2475642501.730403,2607374429.830468,2495188204.552213,2613374282.441893,2613374282.441893,2839835850.6791024,0.5372935391002174,0.0797445979784551,0.0
31,2019,Netherlands,2019962558.477158,2125343165.838917,2037510626.216972,2115064727.532188,2115064727.5321884,2900861009.061629,0.4269235653651828,0.2708838096947051,2.2544802151728387e-14
80,2019,United Kingdom,2588944822.93912,2689826319.825672,2564040965.858063,2689904314.823471,2689904314.823471,2934535395.4692574,0.5446032383429444,0.0833627977442295,0.0
73,2019,United Kingdom,2739786499.166384,2879334835.977114,2783300214.710387,2884457858.384964,2884457858.384964,3237329161.558404,0.522407594061901,0.1090007489394661,0.0
68,2019,Denmark,3389700614.938035,3601526385.807411,3434905719.462591,3611785816.842671,3611785816.842671,3932125458.056559,0.5975424883930036,0.0814672992077456,0.0
67,2019,United Kingdom,2357274814.396903,2377587834.550147,2377001945.016017,2364955279.29371,2364955279.2937098,3339297898.4115257,0.3944076900603563,0.2917806822749483,2.016262896715458e-14
23,2019,Netherlands,3161649437.224654,3269605161.99029,3217711570.999625,3269890473.342262,3269890473.3422623,3895070499.873072,0.517674419906952,0.1605054456783727,1.458266452930254e-14
65,2019,Netherlands,3127545292.601998,3228503008.261279,3162618545.774275,3217296122.823495,3217296122.8234954,3895070499.873072,0.5093479178063002,0.1740082437716243,1.4821052834410943e-14
25,2019,Sweden,3055238750.889182,3326756151.589141,3041337383.038379,3347498135.774442,3347498135.7744417,4100205849.160508,0.5034740307686262,0.1835780302445494,1.424458323388458e-14
59,2019,Denmark,2985430141.580451,3186642866.302811,3044502829.631161,3206381753.4084,3206381753.4084,4278979562.616817,0.4768562988412254,0.2506667287170842,0.0
60,2019,Denmark,3700706856.236305,3964861840.119967,3758669639.485743,3970702827.083457,3970702827.083457,4350324484.6701,0.5915121599159004,0.0872628372721102,0.0
61,2019,Denmark,3334113836.997945,3539944138.568808,3394124217.808816,3539861077.60514,3539861077.60514,4297429681.965773,0.5248904326223517,0.176284118746557,0.0
10,2019,United Kingdom,3815104991.158919,3948522865.533861,3797595139.955642,3950761273.68768,3950761273.68768,4403642937.176522,0.5479010797379014,0.1028425033432015,0.0
55,2019,United Kingdom,3253008090.159319,3390132101.932376,3282602547.420015,3379689250.788707,3379689250.7887077,4226843335.622842,0.4665965212981836,0.2004223997834316,2.8217810740549415e-14
51,2019,United Kingdom,3538433186.456046,3694965443.277774,3566745110.385075,3689684515.970809,3689684515.970809,4290339559.9266815,0.4928404484257555,0.1400017494107477,0.0
49,2019,France,3153463410.170342,3256785194.124327,3183454114.491229,3276054626.601125,3276054626.601125,4536169284.892951,0.3940734348413718,0.2777926878717807,0.0
43,2019,Denmark,4408484602.479586,4757175020.010832,4447546873.662737,4772215396.033033,4772215396.033033,5361762996.110847,0.520937010732983,0.109954058115855,0.0
36,2019,United Kingdom,3885670202.089849,4019051722.110205,3857714135.011446,4013273231.179458,4013273231.1794577,4892585711.370894,0.4297252891244456,0.1797234697693328,1.1881502472807906e-14
30,2019,United Kingdom,4525751451.603375,4626332625.888548,4558474939.171216,4623052845.90606,4623052845.90606,5865585857.041824,0.4349225602003895,0.211834425651457,0.0
29,2019,Sweden,5151497180.512073,5676725900.712886,5143920083.348916,5672805057.091562,5672805057.091562,6700724813.319846,0.5205415963174121,0.1534042636977066,0.0
27,2019,Denmark,6013973239.031043,6445181779.538865,6110065415.192801,6457862827.534456,6457862827.534456,7495397921.289181,0.5576940465487052,0.1384229502756369,0.0
26,2019,United Kingdom,5458507611.066092,5673440384.290422,5483590817.226954,5691460125.278431,5691460125.278431,6451458735.473209,0.4952282447208143,0.1178025995913051,0.0
18,2019,Germany,6543099057.798824,6833776626.578984,6637458555.443534,6837510000.312078,6837510000.312078,7831211693.429174,0.5399656949782339,0.1268899031232762,0.0
22,2019,Germany,5183626253.385221,5812567206.705257,5236348650.841559,5787352578.348051,5787352578.348051,7595792139.722898,0.4362943234192212,0.2380843930572355,0.0
20,2019,Netherlands,7300353519.429955,7611449341.820154,7392566053.559581,7581344478.19773,7581344478.19773,8914798547.80724,0.5383288547911456,0.1495775885970521,0.0
5,2019,United Kingdom,7921210165.100945,8360404648.436769,8034648065.370939,8353592217.216793,8353592217.216793,8881654070.225313,0.5766172312474145,0.0594553501896436,0.0
17,2019,United Kingdom,5988429094.04109,6155417779.448751,5998394023.449264,6157419401.119192,6157419401.119192,7648370200.698113,0.4285658187659086,0.1949370598513698,0.0
16,2019,Netherlands,8062154467.576343,8357027596.325627,8175275271.180429,8356010924.108507,8356010924.108507,9399800437.788454,0.5564708581805975,0.111043795087795,0.0
11,2019,Germany,8747497699.614325,9293830812.019642,8917172324.84725,9293279834.800732,9293279834.800732,11026773036.304998,0.5308843865851178,0.1572076613708147,0.0
13,2019,United Kingdom,6744174150.842385,6727940799.770697,6816273101.035751,6746586465.631087,6746586465.631087,9041662334.895302,0.3900493714501907,0.2538333974723455,0.0
9,2019,United Kingdom,10201850238.918003,10468206031.321232,10013956102.319227,10463113434.222515,10463113434.222515,12643692653.116436,0.4822506862525023,0.1724637950888855,0.0
7,2019,Netherlands,11315348501.898142,11802894702.007706,11489025745.452066,11771455683.223248,11771455683.22325,13915837258.2385,0.5208910641821827,0.1540964826780886,1.6203167086045824e-14
2,2019,Belgium,11060647630.7925,11711959258.76561,11069108040.090755,11721432539.44722,11721432539.44722,15041941027.180883,0.4465072898814165,0.2207500003977867,0.0
58,2020,France,66356954.444377,77201255.856458,66537837.500545,77204455.236428,77204455.23642796,77709389.1010358,0.4798884587047984,0.0064977201654659,3.8601816820583503e-14
170,2020,Portugal,92697667.680164,104300746.242792,93225105.436344,104830526.313665,104830526.31366529,106733874.5912455,0.4692293376020109,0.0178326542053252,2.700759717984921e-13
162,2020,United Kingdom,195134008.076909,205197993.513487,200733971.213972,206902809.660438,206902809.66043815,211919464.55795032,0.5053805805091309,0.0236724592900257,7.202010073378382e-14
163,2020,Sweden,174812125.749578,206990713.935883,177071477.302548,206832400.912043,206832400.9120429,236383596.1811809,0.5020813227625752,0.125013730844876,5.763569393630737e-14
164,2020,United Kingdom,242862975.451969,241735603.030215,244653618.413128,241464699.6968,241464699.6968003,248401474.75760972,0.5891538360297677,0.0279256597312007,1.2342310252851518e-13
157,2020,Denmark,257566747.568138,272950526.695328,260007160.785422,270068515.801809,270068515.80180943,305051290.86264724,0.4668588642680982,0.1146783380654146,1.544913564578263e-13
158,2020,Ireland,273615299.93508,291508138.971368,276488307.794995,295562096.358275,295562096.3582753,311956217.2840169,0.5173138522740842,0.0525526340474111,1.0083269389038792e-13
152,2020,Denmark,412571816.222505,435571040.242222,418554825.659259,437183747.98326,437183747.98326033,473621118.6978784,0.5256507730951789,0.0769335852564913,8.180264483803209e-14
153,2020,Denmark,258424515.762352,271772905.090288,264249146.543196,271165723.36725,271165723.3672504,409915893.5624645,0.3316606205568131,0.3384844851693237,1.3188535195799593e-13
154,2020,Denmark,396405419.597673,423469394.096067,401593154.145879,416706358.86112,416706358.8611196,470837029.0601552,0.5050986168013571,0.1149668926997662,8.582251291527192e-14
148,2020,Finland,359456082.298466,419841938.983234,362537898.664579,420651366.12723,420651366.1272304,471811104.60719377,0.4640338949677668,0.1084326714237818,9.918724792671613e-14
149,2020,Sweden,301005463.950127,313510794.349288,300208450.362337,315803535.120804,315803535.1208039,383452371.00777423,0.3526521592397671,0.1764204396733246,3.7747927522464336e-14
150,2020,United Kingdom,413739470.214846,408019196.843856,413663209.595407,405219499.348943,405219499.3489429,447327477.1223626,0.4579010106208745,0.0941323301763137,2.94184484562841e-14
144,2020,Sweden,613204518.179049,695966436.541496,641261696.823365,711052869.686226,711052869.6862262,772000537.4214076,0.5395265795239668,0.0789477011748661,3.353035888973656e-14
142,2020,Germany,589381338.545795,628096531.661794,600439611.669172,632286389.315103,632286389.3151032,789732342.6637454,0.4271801243903301,0.1993662217474611,1.885368585585237e-14
137,2020,Germany,728364677.086029,773806871.389568,723034617.788505,770286385.046163,770286385.0461631,890639943.2336779,0.4451493209929282,0.1351315524324486,1.5475969959359603e-14
128,2020,United Kingdom,842636694.357398,901742355.474546,865929497.147189,921943197.276712,921943197.2767122,1208782629.8299625,0.4182514005828262,0.237296123781659,2.5860441272934898e-14
121,2020,Germany,1134131468.117882,1234421822.805421,1156451702.019317,1234179283.218207,1234179283.218207,1512267082.0230703,0.5014542837714151,0.1838880195903259,0.0
122,2020,United Kingdom,907226443.147387,1036332836.418638,947539568.895668,1041762389.157933,1041762389.1579332,1402615500.6896708,0.423016359750653,0.257271583947493,2.288608050961396e-14
123,2020,United Kingdom,1027856449.513074,1137561109.509617,1028640088.077115,1142167493.238256,1142167493.238256,1386054381.150243,0.4717166370289745,0.175957661711363,0.0
116,2020,United Kingdom,1424817204.542636,1559353593.883622,1456963667.187913,1563622690.803991,1563622690.8039908,1688034305.2658606,0.539487187815133,0.0737020652209288,1.5247833157177538e-14
113,2020,Netherlands,1280099454.163372,1441465743.500597,1302347935.78358,1448676309.399679,1448676309.399679,1645542518.4042945,0.4932100575368982,0.1196360512127752,0.0
15,2020,Netherlands,1560098085.402204,1796670441.154006,1579542667.321435,1798083616.4519,1798083616.4518995,2124016201.718204,0.5000065672035137,0.1534510824364919,2.6519187085640234e-14
102,2020,United Kingdom,1308293481.124757,1519275564.807563,1359493344.030925,1522226109.935355,1522226109.9353552,1898211229.7707431,0.4140928741272167,0.1980733829505358,1.566249439195912e-14
99,2020,Sweden,951871865.959898,1042037254.052881,979743646.525643,1061121967.742611,1061121967.7426112,1911450921.871253,0.2688072429633317,0.444860469290101,1.1234268366376616e-14
100,2020,Netherlands,1499707738.432758,1637865364.958149,1498785436.660953,1601655043.201281,1601655043.201281,1968054289.2399068,0.4125085103229903,0.1861733429010918,0.0
96,2020,United Kingdom,1552959606.242606,1823975575.27228,1600412035.587948,1810447284.127043,1810447284.1270428,2260155810.068233,0.4401233217763566,0.1989723557720623,1.3169042876413969e-14
87,2020,United Kingdom,2239685369.038384,2566525395.751349,2286378533.390055,2571120115.652087,2571120115.6520867,2819110735.144769,0.5546371008464964,0.0879676759061213,1.8545891936370686e-14
84,2020,United Kingdom,1981418989.554859,2138955113.393667,1994699511.123737,2152546876.987047,2152546876.9870467,2494802780.503566,0.4665675846061077,0.1371875589490228,2.2152231075708853e-14
83,2020,United Kingdom,1541126915.971464,1702654414.798016,1527727258.142343,1696281370.721265,1696281370.7212653,2447446684.932493,0.3640307509295119,0.3069179479314978,1.4055367418212345e-14
31,2020,Netherlands,2009223214.517644,2283122354.414256,2060322069.335613,2289923336.741902,2289923336.741902,2960332929.5872345,0.4635660020126122,0.2264642554710254,0.0
80,2020,United Kingdom,2575032086.365968,2825201121.946224,2578923521.940372,2820215887.983245,2820215887.983245,3044396849.611009,0.5721679626665135,0.073637233482359,0.0
73,2020,United Kingdom,2753428597.400785,3062825675.416959,2800840310.978664,3081540328.007839,3081540328.007839,3382864179.106035,0.558372456282598,0.0890735882803975,0.0
68,2020,Denmark,3357217514.654853,3463543690.19937,3391076906.492184,3456856331.450074,3456856331.450074,3753506228.707561,0.5752683140709578,0.0790327441016746,0.0
67,2020,United Kingdom,2368539177.763368,2657590198.721032,2429736656.134804,2650451993.069395,2650451993.0693946,3520757265.268795,0.4384441679615483,0.2471926368752252,1.7990786456423107e-14
23,2020,Netherlands,3137015429.747565,3305707323.31192,3161037252.590478,3310495211.788774,3310495211.788773,3855154968.286877,0.5321911762380473,0.1412808981684425,2.8807602953485235e-14
65,2020,Netherlands,3095146282.81541,3273585606.471788,3121875449.132699,3276704717.701836,3276704717.701836,3855154968.286877,0.5267590575840906,0.1500459139369146,0.0
25,2020,Sweden,3055236164.344308,3233178884.776396,2995203758.817741,3237062733.072706,3237062733.072706,3942444430.602945,0.4872159441710876,0.1789198833228347,0.0
59,2020,Denmark,2945555387.979474,3153982223.659785,2965576507.916833,3132266468.213071,3132266468.213072,4120587813.7061625,0.4705363640507558,0.2398496016043326,3.0446781143441864e-14
60,2020,Denmark,3658512341.678153,3820682576.144251,3703499469.499127,3819363623.1113,3819363623.1113,4154828696.183711,0.5741677124340498,0.0807410118690435,0.0
61,2020,Denmark,3283869031.426894,3474763548.250693,3341546488.649991,3480480364.98335,3480480364.9833503,4138158136.274469,0.5222809671343562,0.1589300721801843,1.3700326052705831e-14
10,2020,United Kingdom,3794413685.321581,3888855407.8847,3811864833.878312,3890959640.50778,3890959640.50778,4313574619.071435,0.5439893019231752,0.0979732625222626,0.0
55,2020,United Kingdom,3250098245.92542,3681912303.117748,3320909195.072252,3691095239.442708,3691095239.442708,4433262088.525036,0.5098366851170077,0.1674087464856493,0.0
51,2020,United Kingdom,3558196297.199053,3993902106.037907,3628152425.868981,3998533878.656731,3998533878.656731,4523050851.754856,0.5317029614289878,0.1159653053413322,0.0
49,2020,France,3178250537.469176,3772094257.292164,3268196975.151824,3810521171.014424,3810521171.014424,4944604807.888544,0.457807697928424,0.2293577911554875,0.0
48,2020,United Kingdom,4169439792.309329,4745748030.569968,4298820449.05474,4756372562.201773,4756372562.201773,5180210665.100568,0.5665302338840696,0.0818187001069708,0.0
43,2020,Denmark,4327882327.984884,4997167656.734502,4461204999.657758,5013448981.787352,5013448981.787352,5544576531.601929,0.5530330236700048,0.095792265971505,0.0
36,2020,United Kingdom,3900535511.100514,4710027099.335061,3980721946.675344,4698370113.124269,4698370113.1242695,5535318539.26898,0.5024586357819332,0.151201492778994,2.0297981926589566e-14
30,2020,United Kingdom,4547971652.900764,5136742585.754627,4622301069.766291,5133701609.321654,5133701609.321654,6235864632.176106,0.4806877220240296,0.1767458224104897,0.0
29,2020,Sweden,5168059755.506393,5556341174.025572,5176402202.273351,5545889230.21181,5545889230.21181,6501110395.781458,0.509569478715614,0.1469320019837667,0.0
27,2020,Denmark,5973591710.738263,6270178257.947702,6034476179.563595,6266257202.929502,6266257202.929502,7187233530.411548,0.5455028939307243,0.1281405875550157,0.0
26,2020,United Kingdom,5484643917.803837,6252558948.304597,5604954141.409868,6265097210.29279,6265097210.29279,6950098220.245715,0.5413172173610042,0.098559903507192,0.0
18,2020,Germany,6441514676.390036,6886586627.265747,6483309451.50365,6884488316.172193,6884488316.172193,7794862518.890934,0.5525040942249756,0.1167915663056839,0.0
22,2020,Germany,5259892991.251,5781891372.881665,5314176253.247297,5814768089.8623,5814768089.8623,7488583433.7534895,0.4341977877701654,0.2235156166314122,0.0
20,2020,Netherlands,7219803538.740973,7585562758.597116,7309457736.105342,7593279867.797956,7593279867.797956,8745719277.755196,0.5451887496803484,0.1317718272627933,0.0
5,2020,United Kingdom,7958100409.301036,8514285619.584956,8049183420.823224,8520016711.795334,8520016711.795334,8976752131.461056,0.5896629730994711,0.0508798074155338,0.0
17,2020,United Kingdom,6021273683.929654,7045710531.088259,6241239884.146605,7086104826.237043,7086104826.237043,8407492714.768025,0.4896846968012745,0.1571678898049977,0.0
16,2020,Netherlands,7948245439.298254,8340360424.278165,8021655072.110693,8327040069.520033,8327040069.520033,9256536362.864838,0.5620029311156608,0.1004151290404623,0.0
11,2020,Germany,8630971440.301289,9180838774.443829,8728868551.37268,9144590349.40368,9144590349.40368,10754552862.41285,0.5276569452691476,0.1497005532081196,0.0
13,2020,United Kingdom,6845603675.074676,7597651407.851595,7003698093.657331,7656070713.64617,7656070713.64617,9791390610.026567,0.4384342677451521,0.2180813718322901,0.0
9,2020,United Kingdom,10272113907.936323,11274049833.146263,10232003827.866478,11322235168.023449,11322235168.023449,13221804310.978683,0.5183397526113741,0.1436694340860827,0.0
7,2020,Netherlands,11741819456.524729,12598603175.07275,11851760280.935331,12578992482.191376,12578992482.191376,14597269913.779982,0.5366803229125122,0.1382640345427421,0.0
2,2020,Belgium,20848615477.821907,24552710931.614,21370643977.92296,24605657778.32476,24605657778.32476,28855690064.549995,0.5219228855598216,0.1472857615505967,0.0
58,2021,France,66709149.296191,69374129.193886,63824526.217756,69377748.652105,69377748.65210518,69887700.02603029,0.4296367887794475,0.0072967256575215,2.5773960354757917e-13
93,2021,United Kingdom,86701535.620037,82598450.642734,85547234.094307,82602316.838269,82602316.83826888,83053889.24099052,0.5261294066131775,0.0054371012224527,1.443171258551827e-13
155,2021,Italy,37992581.882455,34409045.211779,36977512.6535,34608777.010929,34608777.010929346,35613595.62308484,0.2764279313971992,0.0282144668230063,9.90288409643207e-13
170,2021,Portugal,92439619.11255,98616484.339932,91416052.56837,99201471.215556,99201471.21555552,100991557.11452796,0.4451091273637345,0.017725104455439,4.806754903533663e-13
40,2021,United Kingdom,230742747.324662,225931596.654014,229355422.425565,226073423.39849,226073423.3984897,229442342.7432749,0.5732084771766981,0.014683075950609,1.31825855245108e-13
161,2021,United Kingdom,219947862.920962,211173444.350546,220626936.5515,211448757.822812,211448757.82281208,217630239.67108116,0.5413434660082235,0.0284035980367963,4.2283042039909444e-14
162,2021,United Kingdom,186829974.045293,172332722.288206,185399687.841417,173182440.614853,173182440.61485302,178672104.50488266,0.442582265818689,0.0307247955982945,1.720862824307565e-14
163,2021,Sweden,171777601.622391,184356147.642493,169684126.748606,183507985.520826,183507985.5208261,216019782.63301405,0.4524358617377369,0.1505037951427843,4.8721022635246165e-14
164,2021,United Kingdom,235050640.576246,226632734.256641,234621570.777512,226893967.087959,226893967.08795947,233431538.71898308,0.5716653239807494,0.0280063768028101,2.101585883146336e-13
157,2021,Denmark,254695545.384288,242583386.26694,248581444.807998,238900611.785627,238900611.78562692,272766301.42762536,0.4168640384331029,0.1241564279192464,3.742433579170305e-14
158,2021,Ireland,265248412.421812,238169214.571225,260511259.359857,237203291.765858,237203291.765858,257741344.42067543,0.4293738537503764,0.0796847424730432,0.0
152,2021,Denmark,405150982.150975,385002343.686745,398609415.890361,385776910.52823,385776910.52823,423803288.9562134,0.47132182104854,0.0897264825896908,0.0
153,2021,Denmark,256293452.083487,229445190.330137,250664832.100222,230435456.924217,230435456.92421737,359806220.34776896,0.2842075196401299,0.3595567728053976,1.6812959091076513e-13
154,2021,Denmark,392643816.881686,377244733.698948,383436388.596629,374657741.7821,374657741.78209984,422293658.8485789,0.4575692987079871,0.1128028235052417,4.772727596008671e-14
148,2021,Finland,348035753.277725,370616584.132253,340627496.056551,371665841.389139,371665841.3891386,422447667.7141379,0.4213993983867418,0.1202085612160661,1.122601183547796e-13
149,2021,Sweden,296378920.876149,259698916.525236,282467476.205788,260075258.139924,260075258.1399236,323905148.9822291,0.294289336388444,0.1970635262911721,1.4896849235523857e-13
150,2021,United Kingdom,399243713.387442,378009084.134464,403402468.685681,378177638.656217,378177638.6562172,418487497.3337516,0.4407664786202998,0.0963227311075115,6.304407102142207e-14
144,2021,Sweden,608642681.017578,639701303.383713,605295148.771646,644633923.442921,644633923.4429207,714926924.6336389,0.4936243594116949,0.0983219386047595,5.5477668122442526e-14
142,2021,Germany,585691245.483639,557064102.687789,567823213.952644,555787309.893925,555787309.893925,708212407.9276257,0.3782564347897185,0.2152251165433936,0.0
137,2021,Germany,723661919.435374,705074025.864252,703084196.259357,703534345.507651,703534345.5076507,820300646.7266896,0.4100065536698607,0.1423457383399374,3.388869081146654e-14
128,2021,United Kingdom,812945200.339623,727072746.753142,798184534.280844,728116868.003745,728116868.0037446,1018755564.9262996,0.3420508803595395,0.2852879600648669,4.9116822362986994e-14
121,2021,Germany,1136837195.090046,1088846063.874346,1131905946.063088,1109313138.753416,1109313138.7534158,1365643414.74414,0.4508853142923285,0.1876992729018863,2.1492450668120997e-14
122,2021,United Kingdom,905298861.699385,901068005.03259,904562165.226543,897473586.530532,897473586.5305316,1264696655.480602,0.3642935486810081,0.2903645450145676,3.984828902150397e-14
123,2021,United Kingdom,966435147.854111,860542017.300779,915691097.331324,861632129.104409,861632129.104409,1082189473.6974463,0.3808150486627813,0.2038065883596829,0.0
116,2021,United Kingdom,1384399023.786991,1322126681.180046,1373561713.855222,1323079348.984319,1323079348.9843192,1448456443.7358048,0.4691853929978614,0.0865591059321864,1.801997584533293e-14
113,2021,Netherlands,1274098816.800196,1235946247.613803,1256694639.531066,1241938718.839801,1241938718.839801,1448269231.19245,0.42480356785556,0.1424669584278637,0.0
15,2021,Netherlands,1550004856.749602,1542329596.734955,1530945507.422953,1536965749.033245,1536965749.033245,1895084464.1670904,0.4268732708145616,0.1889724294116051,0.0
102,2021,United Kingdom,1309026130.823557,1270576434.791444,1319553907.965166,1285230201.187812,1285230201.1878123,1652215024.352041,0.349879592521217,0.2221168659982082,1.855065177282759e-14
99,2021,Sweden,943129131.073756,844218376.148109,908862628.242024,848483580.484666,848483580.4846663,1662639777.272046,0.2182044347623406,0.4896768427633769,4.214906179422605e-14
100,2021,Netherlands,1474559840.797495,1384748075.777764,1422042679.339792,1337249927.261918,1337249927.2619183,1710947277.8481004,0.3485907593171083,0.2184154681003322,1.7829021654144763e-14
96,2021,United Kingdom,1565418366.904311,1550616533.232754,1552916546.857414,1545328846.821254,1545328846.8212545,1996327411.1907551,0.3734933768752276,0.2259141270321446,3.085667876995762e-14
87,2021,United Kingdom,2257210597.296137,2297393295.08318,2230804216.368344,2295032019.006539,2295032019.00654,2587657261.2149944,0.491458383800417,0.1130850080474171,4.1553856700398937e-14
84,2021,United Kingdom,1867589799.526288,1654510328.995261,1802771389.772666,1662027545.017613,1662027545.0176134,1958482086.435934,0.3794193621700084,0.1513695445424327,2.869008757601979e-14
83,2021,United Kingdom,1412255697.599964,1214837495.848906,1337589892.130941,1207539990.807817,1207539990.8078165,1912874518.400308,0.2820709255375677,0.3687301601896742,3.9488311926144316e-14
31,2021,Netherlands,2004736313.702756,1950461881.237598,1966968205.73613,1956354800.902354,1956354800.9023535,2670820068.5750995,0.3984104759087556,0.2675078250606068,2.4373756640829544e-14
80,2021,United Kingdom,2459099323.380558,2262222493.636853,2382267656.18761,2262164480.501967,2262164480.5019674,2478814717.320221,0.4813320738120701,0.0874007384676448,2.1078801400741483e-14
73,2021,United Kingdom,2709735716.797559,2711042687.114236,2694613986.270712,2717556894.152357,2717556894.152357,3049024508.9840674,0.4959108773565277,0.1087126764166796,0.0
68,2021,Denmark,3295932175.433313,3174005017.983611,3229904937.918946,3151460864.571331,3151460864.571331,3474119567.8341074,0.5343052952357535,0.0928749563630976,0.0
67,2021,United Kingdom,2314210860.535829,2192707230.06215,2281536126.139967,2187550123.987823,2187550123.9878225,3021066296.934678,0.3719304958995619,0.2759013179527314,2.1797770619027855e-14
23,2021,Netherlands,3078992876.829242,2935680425.374467,3007683850.399189,2924587639.202563,2924587639.202564,3490662939.8656626,0.4769386234837839,0.1621684219917505,3.2608847265260436e-14
65,2021,Netherlands,3033606037.722085,2898949112.914725,2983029816.78806,2904153949.769415,2904153949.769415,3490662939.8656626,0.4736063192709417,0.1680222353748137,0.0
59,2021,Denmark,2891701318.573173,2818942186.440934,2836583320.581949,2822428496.522111,2822428496.5221114,3798759056.7159095,0.4316167874544457,0.2570130259953502,1.689457000560685e-14
60,2021,Denmark,3620909630.197351,3497181010.972034,3548000126.199435,3490190492.425705,3490190492.425705,3844863289.7658615,0.5313931931220622,0.0922458799209359,0.0
61,2021,Denmark,3238778308.307652,3171626074.571112,3151708930.545275,3166449564.913385,3166449564.913385,3851350356.10952,0.4838115091237906,0.1778339355986284,0.0
55,2021,United Kingdom,3231320955.855176,3215868001.525005,3179410570.241131,3224520955.91547,3224520955.9154696,3989810760.117734,0.4492127447584715,0.1918110532589975,1.478784491471065e-14
54,2021,Netherlands,2987284287.137395,2875404484.797101,2966838681.663078,2890759581.434748,2890759581.434748,3743870237.8186817,0.3999069777791416,0.2278686498709923,0.0
53,2021,United Kingdom,3732997103.663054,3672610220.768154,3690772337.678131,3675502075.112844,3675502075.112845,3972215996.144399,0.5033141723650267,0.0746973279699688,2.59467767101443e-14
51,2021,United Kingdom,3519865959.062695,3488016916.27211,3477632394.536649,3486171756.528878,3486171756.528878,4038360835.860215,0.4694801438979851,0.1367359435610499,0.0
49,2021,France,3216330609.793773,3241772770.306824,3188408357.192112,3284483025.18865,3284483025.18865,4521763222.720759,0.3908609845283523,0.2736278165373803,0.0
48,2021,United Kingdom,4224951044.78042,4271040344.908277,4204854679.140263,4289163197.607294,4289163197.6072936,4768159164.702825,0.5048093587561252,0.1004572101202885,1.1117253791348583e-14
43,2021,Denmark,4311765361.615084,4274183795.498035,4235655703.363557,4281092011.516526,4281092011.516526,4824083203.492024,0.4755659247860528,0.1125584217914072,0.0
36,2021,United Kingdom,3871375733.482736,3822944027.139098,3846484111.047085,3802912795.694042,3802912795.6940417,4675338309.458159,0.4095406745454394,0.1866015796117276,1.2538735012357834e-14
30,2021,United Kingdom,4474450334.09001,4385599742.962505,4411443108.74195,4378635042.040028,4378635042.040028,5510083496.242675,0.4161199865469642,0.2053414353837254,0.0
29,2021,Sweden,5071630598.37725,5098215665.173903,5005864690.22048,5092354277.008609,5092354277.008609,6056516090.839277,0.473367430738912,0.1591941306469905,0.0
27,2021,Denmark,5899447674.195618,5697713100.726187,5808977879.053876,5701153758.025275,5701153758.025275,6642949904.003377,0.5025265587092507,0.1417737841753898,0.0
26,2021,United Kingdom,5520355806.385916,5590954448.390189,5484963461.085472,5589335563.399986,5589335563.399986,6373422756.799472,0.4784161228622773,0.1230245071320561,0.0
18,2021,Germany,6427670551.363871,6207761175.863538,6284851675.300897,6222874816.63336,6222874816.63336,7112896114.180285,0.500803153492322,0.1251278358716047,0.0
25,2021,Sweden,6191690199.11133,6065939180.962496,6015861238.728004,6074634913.019321,6074634913.019321,6984353391.444571,0.484127236524859,0.1302509233767583,0.0
22,2021,Germany,5160818047.890467,5173745629.681752,4999309366.419338,5181503298.802356,5181503298.802356,6849193556.462235,0.393823425148314,0.2434870972636492,0.0
20,2021,Netherlands,7100564444.043913,6799479521.372931,6939652918.095135,6793449116.906526,6793449116.906526,7946937878.224475,0.4974240160110099,0.1451488332982495,0.0
17,2021,United Kingdom,6063777092.385994,6106574784.692357,6033193749.318156,6110117146.091569,6110117146.091569,7570254626.530961,0.4200042718696409,0.1928782521161371,0.0
16,2021,Netherlands,7778203237.722507,7469182920.263163,7644373755.042924,7469097288.471281,7469097288.471281,8396255311.226254,0.5143567139219021,0.1104251822256181,0.0
10,2021,United Kingdom,7976596369.320282,7691572278.909964,7887587137.0517,7688559569.505647,7688559569.505647,8426467640.686092,0.5233110744592446,0.0875702729359041,0.0
11,2021,Germany,8562689322.843264,8424147764.405443,8358485596.443785,8413650407.12335,8413650407.12335,9990940692.833488,0.4919757035020577,0.1578720497101467,0.0
13,2021,United Kingdom,6542864801.631735,5851485363.994432,6359686005.078352,5869949294.55784,5869949294.55784,7774940130.631114,0.3521941401203494,0.2450167852184657,0.0
9,2021,United Kingdom,9667731171.137096,8787581685.885757,9287644712.800035,8775133426.874964,8775133426.874964,10623836038.84621,0.4248955173296613,0.1740146031255978,0.0
7,2021,Netherlands,11733501161.394785,11238667988.401669,11440862109.852377,11212477935.503592,11212477935.503592,13263476404.339424,0.4803571737550571,0.1546350599428671,0.0
5,2021,United Kingdom,14851710792.042871,14160016785.141647,14673198079.649937,14155154792.079172,14155154792.079172,15183764017.545397,0.5187356544711985,0.0677440208025906,0.0
2,2021,Belgium,20881809216.080887,21235479635.190662,20601984417.29011,21254596830.770126,21254596830.77013,26081809060.09065,0.4505685227086207,0.1850796552570017,1.7947634085923896e-14
93,2022,United Kingdom,90468268.929112,98818204.620723,91728187.495893,98820425.742238,98820425.74223804,99289901.84422232,0.601683059804177,0.0047283368526324,4.523708863403096e-14
170,2022,Portugal,91768579.243179,94889676.082899,91927499.720619,95518494.313793,95518494.3137932,97067488.56420696,0.4313126267217249,0.0159579100410037,2.0280375744160616e-13
161,2022,United Kingdom,228136761.556597,246415205.056522,230610243.670487,246409072.042509,246409072.04250905,253153296.2480277,0.610754918930497,0.0266408705929353,2.4189306132814778e-14
162,2022,United Kingdom,191488669.414918,200931900.474746,195497337.348375,201288107.499312,201288107.4993115,208353895.6275558,0.5010282700667368,0.0339124358916464,2.516986656017685e-13
163,2022,Sweden,170870603.057535,176717970.283956,171243972.479005,176305326.241706,176305326.24170607,206935922.39427635,0.4366695386791481,0.1480197144998808,3.3807625694572345e-14
164,2022,United Kingdom,245100824.654394,256140517.416798,246463476.506048,255436230.813647,255436230.81364715,262960375.66135415,0.6184896629870391,0.0286132267220243,5.833613010332415e-14
157,2022,Denmark,247867111.726573,255356016.382559,249693944.412399,254068332.357058,254068332.35705847,285656462.9713825,0.4561452312556032,0.1105808364556015,1.8768067384840204e-13
158,2022,Ireland,266501896.124665,268151437.797659,270992410.290817,272051557.631255,272051557.63125503,289272537.12867063,0.4893541706501691,0.0595320235662591,2.190931942987812e-14
127,2022,Sweden,391799202.84777,404085282.854652,387167540.210413,402722345.826677,402722345.8266768,419775972.2155477,0.5548974121289088,0.0406255419977067,5.920172584716043e-14
155,2022,Italy,134422442.73293,129011024.078643,139260545.574802,131527746.474466,131527746.4744658,164808012.19306928,0.2427203795502145,0.2019335424033652,1.4728078349432263e-13
152,2022,Denmark,409542194.61098,424385255.336482,414495085.645003,426060723.587254,426060723.5872537,464564449.2891383,0.5149392356626223,0.0828813435053021,6.99485325396159e-14
153,2022,Denmark,251512878.941454,255821021.369361,259836363.553636,260970970.192195,260970970.1921947,390064763.3743112,0.3267855875184006,0.3309547677810528,1.1419784493940875e-13
154,2022,Denmark,387569353.229147,402902715.735201,397017705.454091,411353127.003797,411353127.0037965,448567350.2498426,0.512334197289571,0.0829623984565942,1.1591917671230542e-13
148,2022,Finland,355160620.628802,368499657.501256,355838173.537287,368412427.695308,368412427.695308,421735214.3699445,0.411702997927371,0.1264366475877492,0.0
149,2022,Sweden,289956823.458591,283016013.74119,293701791.702907,291354099.146254,291354099.1462543,350785578.474679,0.3372817558388274,0.1694239529083567,1.0228901009123988e-13
150,2022,United Kingdom,412418597.916514,427904901.975536,414224487.975697,427215115.293826,427215115.2938257,471360511.7704133,0.4834773777416177,0.0936552710170375,6.9759522359592e-14
144,2022,Sweden,605130308.380915,615040277.740365,612947523.820669,623872323.847934,623872323.8479342,688973093.6075634,0.4784296962024035,0.0944895676821746,3.821592495577282e-14
142,2022,Germany,591475677.504479,597218537.695749,586332080.57191,596449813.692908,596449813.6929076,746495304.1795144,0.4034591593901995,0.2009999120510535,7.994589775303925e-14
137,2022,Germany,707701439.009312,724936086.720517,702015469.717152,728537732.892734,728537732.8927337,838853064.933089,0.4351219490140735,0.1315073362092974,4.908844834053353e-14
128,2022,United Kingdom,838250137.283616,840222019.105977,850587368.057328,846670951.669425,846670951.6694245,1175200709.1625628,0.3849519199013488,0.2795520415633901,5.631906436177132e-14
121,2022,Germany,1141662255.126899,1154122642.182315,1160777045.44122,1170713864.279522,1170713864.2795217,1429572393.0540009,0.4750309857088747,0.181074096024951,2.0365230683271147e-14
122,2022,United Kingdom,903283769.195128,930859558.659758,918394672.222785,936535429.049205,936535429.0492046,1309520666.614987,0.382337386833723,0.2848257740978775,3.8186261572124076e-14
123,2022,United Kingdom,1000279505.228577,1029386581.601939,979934931.513129,1021569947.538939,1021569947.5389388,1277623558.2663198,0.4353404702714304,0.2004139709781453,2.333844879402884e-14
116,2022,United Kingdom,1394412888.911798,1470811674.131732,1414992168.57218,1469036791.696596,1469036791.6965957,1609706489.8825593,0.5146839946383799,0.0873884146396319,1.6229585293518214e-14
113,2022,Netherlands,1268925299.748559,1256857034.240673,1250031147.345836,1249543223.323846,1249543223.323846,1463806389.3895166,0.4285127652002216,0.1463739792494206,0.0
102,2022,United Kingdom,1292828026.507799,1264677580.065974,1300751136.672972,1274537442.740271,1274537442.7402709,1651268231.0331812,0.3510107111552501,0.228146330930859,1.8706282852621393e-14
99,2022,Sweden,921258750.895535,920392772.690064,926246541.066687,920052387.675429,920052387.6754284,1775721848.376238,0.2418339399012292,0.4818713367092114,6.478396836291638e-14
100,2022,Netherlands,1478819727.118295,1443658873.964017,1437793707.537715,1438810851.106595,1438810851.1065946,1759770284.077432,0.373709338794673,0.1823871194296827,3.314105935720375e-14
96,2022,United Kingdom,1540092036.061769,1555724930.068219,1523507347.139596,1543049893.889894,1543049893.8898938,2006574327.249996,0.3786625506478266,0.2310028724404946,1.5451125724815683e-14
87,2022,United Kingdom,2213630750.595262,2273269016.148187,2187797797.569542,2276782288.810594,2276782288.810594,2556319051.758024,0.4972095705748253,0.1093512809972556,0.0
84,2022,United Kingdom,1921195022.668175,1902394468.983743,1923436078.987196,1906876144.545469,1906876144.5454693,2250037823.064949,0.4228791233493379,0.1525137377699867,1.2503097266361415e-14
83,2022,United Kingdom,1518341597.629723,1526552191.823145,1498612751.544604,1524435866.93152,1524435866.9315205,2279579232.8547616,0.3329116784808195,0.3312643645106208,3.1279581420695154e-14
31,2022,Netherlands,1974818960.669751,2005683806.693089,1978665391.74152,2004894307.048461,2004894307.0484607,2711510623.8741574,0.4107548262750381,0.2605987638787472,1.189182782670247e-14
80,2022,United Kingdom,2530959806.94933,2621660226.816011,2514744062.980434,2622717572.925851,2622717572.925851,2848281158.28929,0.5435458784974407,0.0791928790832275,0.0
73,2022,United Kingdom,2721800316.891311,2860584301.58719,2752185483.111928,2863490622.398721,2863490622.3987207,3199558787.8375754,0.5218396337722961,0.1050357839075639,1.665230381665028e-14
68,2022,Denmark,3362158115.252093,3496686097.429153,3401325453.190696,3507387969.357886,3507387969.357886,3797544197.420484,0.5841674277088057,0.0764062807378751,0.0
40,2022,United Kingdom,3425370022.354919,3799076533.110044,3457711603.063113,3801666276.316767,3801666276.316767,3935683314.723321,0.634319369348567,0.0340517840714467,0.0
67,2022,United Kingdom,2326364610.975462,2426649949.089708,2380900319.172557,2434525229.78451,2434525229.78451,3357387821.755052,0.4089474025993818,0.2748751830189583,0.0
23,2022,Netherlands,3131455660.208053,3150884294.103928,3146850380.880498,3156143149.191817,3156143149.1918173,3715039971.7883153,0.5069498693638224,0.1504416713792344,1.5108223412655635e-14
65,2022,Netherlands,3091403916.654035,3115524953.628791,3093381475.258518,3104085237.959176,3104085237.959176,3715039971.7883153,0.498588160134791,0.1644544173060521,0.0
59,2022,Denmark,2945592189.085705,3152732818.882826,3013362496.493176,3186642612.984074,3186642612.9840736,4182470281.532314,0.4783025055511637,0.2380955754653691,1.4963622097446297e-14
60,2022,Denmark,3649871703.741316,3869693675.666566,3710405776.1472,3881265331.471054,3881265331.4710536,4223825988.127216,0.582772572292951,0.0811019813834822,1.2285610940759803e-14
61,2022,Denmark,3275337356.357774,3466505625.887883,3305685046.179495,3469487852.76614,3469487852.7661395,4157991550.056432,0.5238386056235868,0.1655856412889892,1.3743733324298978e-14
58,2022,France,2344823358.717573,2360751237.494858,2220260196.754538,2360075607.164348,2360075607.164348,2732670117.6168704,0.3638907941915558,0.1363481483002632,0.0
55,2022,United Kingdom,3251881928.660653,3399699185.565618,3238854777.966811,3373379838.9557,3373379838.9557004,4199603235.65146,0.4673151506316564,0.1967384417846301,1.4135294006818392e-14
54,2022,Netherlands,2997785523.197828,2987507420.805501,2990032984.913661,2992501995.894091,2992501995.8940907,3844396265.256018,0.4119531724013021,0.2215937719690806,1.593439733231179e-14
53,2022,United Kingdom,3742389355.409888,3967757000.103223,3765706584.525067,3960140396.664081,3960140396.664081,4282541533.816949,0.5398302044280976,0.0752826644194895,0.0
51,2022,United Kingdom,3507905015.878581,3693166409.08019,3515203440.752888,3688651270.562133,3688651270.562133,4274739559.11,0.497601636960921,0.1371050283750831,0.0
49,2022,France,3121274538.766475,3207948524.399761,3068717784.313099,3193710773.827048,3193710773.8270483,4472041271.050889,0.3899001079008983,0.2858494409474545,1.4930505357932815e-14
48,2022,United Kingdom,4159405977.555508,4263229093.925799,4154416331.083947,4270042130.832966,4270042130.8329663,4731357664.103896,0.5122128734298451,0.0975017248792797,1.1167036380273544e-14
43,2022,Denmark,4284549580.395284,4618509184.813403,4339521177.996569,4634094995.064331,4634094995.064331,5150856726.567586,0.5187450740449567,0.100325394188864,0.0
36,2022,United Kingdom,3898784896.771833,3863520529.049658,3838107533.209652,3884990993.996905,3884990993.996905,4780288337.503474,0.4166102957132369,0.1872894018719678,0.0
30,2022,United Kingdom,4489573566.060174,4628098144.603617,4487650452.761761,4636362427.69827,4636362427.69827,5840086008.486434,0.4408831454019244,0.2061140159646606,0.0
29,2022,Sweden,4990059885.74772,5192461944.786281,4949512187.187783,5198307588.834542,5198307588.834542,6112817273.044136,0.4929408362651882,0.1496052709185882,0.0
15,2022,Netherlands,5047318983.310187,5052334213.020889,5015406818.204019,5061538365.605189,5061538365.605189,5677106333.2556095,0.4685629086510776,0.1084298816184784,0.0
27,2022,Denmark,5975040188.170207,6367427509.639903,6063516714.404494,6382178983.636505,6382178983.636505,7360934387.2482815,0.554861113310947,0.1329661904482294,0.0
26,2022,United Kingdom,5425461700.253612,5579024976.196615,5376763172.053553,5582261340.830072,5582261340.830072,6337280967.483636,0.4876870754848749,0.1191393644257754,0.0
18,2022,Germany,6439632304.076994,6541376738.359297,6452151862.896331,6544807850.604874,6544807850.604874,7444633706.191128,0.5262000527907812,0.1208690569742791,0.0
25,2022,Sweden,6082387571.321631,6211219035.454041,6001657498.690854,6228796470.566017,6228796470.566017,7075602310.327904,0.5072904697754473,0.1196796827495302,0.0
22,2022,Germany,5075446350.478865,5373243677.20064,5038851511.241374,5336791005.070319,5336791005.070319,7015465416.016256,0.4111606328185074,0.2392819736682809,0.0
20,2022,Netherlands,7186932038.131378,7407454946.358974,7228858145.06212,7406601516.01853,7406601516.01853,8578843017.330494,0.5353803389853704,0.1366433094700378,0.0
17,2022,United Kingdom,5977228145.023529,6110152204.889683,5932415070.348471,6114138934.153371,6114138934.153371,7567888119.900528,0.4276369249276706,0.1920944341030064,0.0
16,2022,Netherlands,7912181448.954231,8084702241.251848,7971937242.860821,8087497527.001479,8087497527.001479,9026687733.841871,0.5472164201514735,0.1040459396107483,0.0
10,2022,United Kingdom,8324970240.424932,8921110652.23178,8425343432.988358,8907111701.993082,8907111701.993082,9640035585.038244,0.5791231989665432,0.0760291677950538,0.0
13,2022,United Kingdom,6719575100.156421,6646163378.544406,6757933080.693348,6666365833.68178,6666365833.68178,8806915004.954348,0.3898208789891749,0.2430532337451193,0.0
11,2022,Germany,10016419767.316042,10459091625.02118,10131125929.772882,10487268245.124037,10487268245.124037,12404603311.627676,0.5170548420636323,0.1545664152521824,0.0
9,2022,United Kingdom,9959103926.342464,10369054147.892887,9879330415.593887,10360290791.351206,10360290791.351206,12361024161.757193,0.4872248522542078,0.1618582201785431,0.0
7,2022,Netherlands,11777938092.560003,11965430176.007973,11782579429.754583,11953117101.427572,11953117101.427572,14005404113.089348,0.5105342127363466,0.1465353655696177,0.0
5,2022,United Kingdom,15239421808.687012,15796785851.087349,15441675930.419115,15787189115.258036,15787189115.258036,16841897815.210987,0.5641414826897808,0.0626241004146443,0.0
2,2022,Belgium,20424179783.73837,20908694221.60324,20208513337.430904,20886145847.02437,20886145847.02437,25500344805.920475,0.4521887429263325,0.1809465320572768,0.0
95,2023,Sweden,136447548.011945,146486429.01658,138172549.696085,146524592.754006,146524592.75400567,147676955.41042107,0.5966470915954298,0.0078032666180906,2.2373414599078378e-13
167,2023,France,107285782.346266,116971223.040817,109721653.66788,117248184.576495,117248184.57649514,118174708.37092148,0.5293610753374651,0.0078402883933354,1.1438168635961478e-13
170,2023,Portugal,88748067.236819,98973917.55436,87358547.15816,99021554.351208,99021554.35120831,101301255.28467505,0.464693577132706,0.0225041725994443,3.1601643411991375e-13
129,2023,United Kingdom,243019939.342298,239954149.573315,243362970.851277,239898031.71028,239898031.71027964,243051811.5307787,0.5829134533113344,0.0129757511397922,1.4907494909514064e-13
161,2023,United Kingdom,224542875.564018,216839682.327994,220713410.121533,216680817.887412,216680817.88741195,223906693.3318549,0.5459330256674526,0.0322718152678598,2.7508039408620556e-14
162,2023,United Kingdom,191136712.641245,180341911.567519,192221530.407341,181477782.709446,181477782.70944592,187025270.76609483,0.4514934263203033,0.0296617031159758,4.9266067630014254e-14
163,2023,Sweden,173078054.00004,184335054.359688,171618539.494677,185004987.475452,185004987.4754521,215158416.79315773,0.452722347914969,0.1401452463125976,4.8326787500768945e-14
164,2023,United Kingdom,238843127.860077,228699652.622234,235632333.569965,228632320.86272,228632320.8627202,235847626.2287796,0.5665526474110276,0.0305930802926985,7.821026075903712e-14
157,2023,Denmark,253445051.220603,261600504.134406,250190715.620099,256478781.03761,256478781.03761044,290689347.1684088,0.450729805173032,0.1176877187418179,1.7429700578227398e-13
158,2023,Ireland,272915617.258309,276057413.618686,279152041.587343,280899271.913244,280899271.91324365,299091990.21560407,0.4918307073927891,0.060826497858555,1.2731534197881364e-13
155,2023,Italy,137474768.537986,127807919.522271,132064065.534248,129552032.871193,129552032.87119336,161757528.5792584,0.2355919855813663,0.1990973526297721,2.7604960009227637e-13
152,2023,Denmark,402037004.568865,399650390.787734,399239670.404338,400618882.374239,400618882.3742386,436464387.13940257,0.4913157743122867,0.0821269863506991,1.041469915134894e-13
153,2023,Denmark,256228134.10612,262719228.767317,261481111.787836,266608377.083444,266608377.08344445,390208953.3405567,0.3287402923347033,0.3167548442929736,1.6767471476543833e-13
154,2023,Denmark,392442846.400829,404738081.219228,399294228.124239,409472213.899355,409472213.8993551,449044761.6010012,0.5021734288684757,0.0881260646723862,2.911291303885199e-14
148,2023,Finland,348072517.104653,346472582.432096,336116870.72477,346717144.673876,346717144.67387587,395151537.9133758,0.3938982807410373,0.1225716936223024,3.438228867018105e-14
149,2023,Sweden,294823508.759536,303660633.81319,304379854.66485,313840368.975681,313840368.9756807,369190259.71395135,0.3571725417395192,0.1499224025605544,9.496013047959638e-14
150,2023,United Kingdom,405589985.194472,375110983.729768,400262056.417632,375434415.603392,375434415.60339177,417708787.6432494,0.4332368801534674,0.1012053691242012,6.35047212489511e-14
144,2023,Sweden,612148274.280272,650402456.118215,616669093.355631,657987445.082425,657987445.0824249,727006241.5862862,0.4977513352414858,0.0949356312997619,1.81172589905341e-14
142,2023,Germany,585467009.446108,617842185.629785,580228052.508045,618445627.060753,618445627.0607531,764402115.4608197,0.4221932955549774,0.1909420257321982,1.9275629794221296e-14
134,2023,Netherlands,553461103.040625,598795866.995875,550139610.625111,592658495.119176,592658495.1191757,685656724.5193074,0.3807684616051447,0.1356338034390749,6.034299205994332e-14
140,2023,Denmark,922542615.607281,931930877.684629,925247774.146693,938542876.947609,938542876.9476088,965931463.3058084,0.5713068401190703,0.028354585598097,1.2701528345564945e-14
136,2023,Denmark,988610384.600979,987228573.460176,985458611.949256,993892698.324324,993892698.3243244,1020134150.6090438,0.574580839258586,0.0257235308405788,3.5982543111071696e-14
137,2023,Germany,721530106.372183,766559812.615832,719041299.424317,765080433.339747,765080433.3397473,878163829.3408393,0.4487854346835059,0.1287725504317045,4.674382627865911e-14
127,2023,Sweden,1153965231.570093,1248810455.878828,1177313404.052313,1253315132.776787,1253315132.7767868,1329092598.6937895,0.5670544709471396,0.057014436760445,1.902303521807268e-14
128,2023,United Kingdom,836483409.528232,772775952.020475,835564622.215279,774450232.310454,774450232.3104539,1083260352.970239,0.3514254096719458,0.2850747004753244,1.539276309533003e-14
121,2023,Germany,1148667928.805424,1189802270.533103,1151509737.739339,1198458351.590605,1198458351.5906048,1461945968.4414554,0.4821217924171714,0.180230748973403,1.9893772594194132e-14
122,2023,United Kingdom,910869877.909769,965019461.477631,940002592.034889,968073453.810526,968073453.810526,1340543957.8571486,0.3923296671977816,0.2778502725431058,0.0
123,2023,United Kingdom,1024832839.378585,1020549228.987527,1005740532.215719,1015927461.763512,1015927461.763512,1274984247.791158,0.4233031090681299,0.2031843032386071,0.0
93,2023,United Kingdom,1344316615.017264,1313760368.699688,1322293006.959328,1314090761.670906,1314090761.6709056,1393083890.9947696,0.515831381763796,0.0567037849152478,3.628647062374994e-14
116,2023,United Kingdom,1419072318.624436,1427246234.124868,1439798570.101839,1422830977.896338,1422830977.896338,1561825460.4908588,0.4906144539486011,0.0889948884242397,0.0
113,2023,Netherlands,1286667366.196853,1432230927.781679,1298404513.801429,1438639206.774549,1438639206.7745488,1638335495.36048,0.4860990170074432,0.1218897406248239,1.657250671181836e-14
69,2023,France,1631823839.618001,1904888080.888008,1684440595.547193,1913360122.917968,1913360122.917968,2057451250.6376967,0.5398780277190477,0.0700337991848255,0.0
102,2023,United Kingdom,1307730939.660789,1420409002.573668,1354397842.99297,1429753165.913869,1429753165.913869,1833843681.6337316,0.3892232338094298,0.2203516688837224,0.0
99,2023,Sweden,934962877.35319,1030999198.31174,959699775.423023,1033760324.927129,1033760324.927129,1849699903.367181,0.2669063506751996,0.441119976789057,0.0
100,2023,Netherlands,1511990694.823911,1620054032.74907,1506830772.540606,1609557398.970111,1609557398.9701114,1951028239.8402884,0.4079372969814759,0.1750209627402061,2.9625359027781995e-14
96,2023,United Kingdom,1577815632.410629,1721825861.82152,1602740916.589611,1719066369.517853,1719066369.517853,2196907834.691592,0.4150830301866118,0.2175063776586785,0.0
87,2023,United Kingdom,2259389214.443018,2529617136.204272,2276937901.395461,2533601947.757852,2533601947.757852,2800599577.73757,0.5425457719660313,0.0953358816812394,0.0
84,2023,United Kingdom,1956110230.713458,1931230445.418842,1971084944.647242,1930259951.665615,1930259951.6656156,2280408752.4529333,0.4197348745456634,0.1535465080155821,2.47032612261195e-14
83,2023,United Kingdom,1523166624.416404,1439361063.171707,1470862920.532121,1441832176.079193,1441832176.0791926,2204855568.712337,0.3146332799600209,0.3460650227891162,3.3071613056923116e-14
80,2023,United Kingdom,2591175507.178216,2645834201.747255,2568907808.39778,2649650823.781312,2649650823.7813125,2887996911.41557,0.5387440168722932,0.0825298969995887,1.799622629228675e-14
75,2023,France,2081718117.115119,2415058816.961278,2210801001.331393,2411648906.533496,2411648906.533496,2623229579.105967,0.4828396599876461,0.0806565594783285,0.0
73,2023,United Kingdom,2725233190.184505,2879226677.810829,2765840460.58456,2894058513.141513,2894058513.141513,3213569316.239809,0.5258052730519368,0.0994255208635597,0.0
68,2023,Denmark,3326627777.322012,3267573073.973454,3320034653.903829,3260899124.64056,3260899124.64056,3557965603.0011177,0.5477777651186233,0.0834933530863774,0.0
67,2023,United Kingdom,2387637678.556036,2368327308.074851,2431423410.509773,2387274935.351417,2387274935.3514166,3257521674.738077,0.3946704848500716,0.267149945965174,1.9974119911451782e-14
23,2023,Netherlands,3108855810.603507,3147269379.22723,3101297154.269231,3156232953.563555,3156232953.563555,3701322714.563321,0.5090493050382734,0.1472689098021747,0.0
65,2023,Netherlands,3083974841.724332,3111828116.543295,3063454931.619024,3119865493.70809,3119865493.70809,3701322714.563321,0.5031838222181508,0.1570944404732434,0.0
59,2023,Denmark,2961412914.964004,2994341888.301614,2951110405.548394,3005208057.9072,3005208057.9072003,3944072670.386735,0.4517207879249639,0.2380444507345941,1.5867026475870362e-14
60,2023,Denmark,3638250524.329732,3620224223.63119,3644710844.117685,3625978052.327077,3625978052.327077,3955953741.899652,0.5480619788886151,0.0834124236786751,0.0
61,2023,Denmark,3258281145.715984,3302434196.580383,3245711315.985485,3292907996.693825,3292907996.693825,3952639005.8762784,0.4975383773561321,0.1669089962937799,0.0
58,2023,France,2365100068.206651,2653170519.013162,2382989460.448903,2640617453.744072,2640617453.744072,3021104953.968225,0.4027203888612956,0.1259431585534234,0.0
55,2023,United Kingdom,3242638461.30092,3431288517.863428,3284824899.014836,3434648067.188142,3434648067.188142,4208394901.729128,0.4743569721997146,0.1838579440876787,0.0
54,2023,Netherlands,3045068149.56182,3276381531.946229,3058795992.036655,3279668815.365841,3279668815.3658414,4128616653.39545,0.4459664941135781,0.2056252515794651,1.4539186272987587e-14
53,2023,United Kingdom,3801607848.670743,3928665099.116723,3846548890.176116,3935906095.868982,3935906095.868982,4241743226.232722,0.5290623028562763,0.0721017548804733,0.0
51,2023,United Kingdom,3589444164.096457,3706789774.907182,3615318444.001638,3712185931.62182,3712185931.621821,4274928074.691136,0.4916626732053053,0.1316378037798855,2.569037041713043e-14
49,2023,France,3198090759.939843,3652273046.706187,3256197944.401137,3676177588.952686,3676177588.9526863,4930305793.660474,0.4384220418022481,0.2543712818625532,1.2971004437763631e-14
48,2023,United Kingdom,4266286555.750719,4657043774.25128,4309590775.548879,4686079391.869922,4686079391.869922,5128374505.064201,0.5506646868303264,0.0862446985409351,0.0
43,2023,Denmark,4362430615.392276,4605973902.698053,4377356282.31992,4616912471.279832,4616912471.279832,5144125823.79681,0.5082953201462307,0.1024884247733756,0.0
40,2023,United Kingdom,5178586204.670063,5096073392.129013,5063198196.944474,5084984651.091147,5084984651.091147,5411856944.82968,0.554997244224753,0.0603992856926522,0.0
36,2023,United Kingdom,3971127935.789957,4427831161.147416,4046098096.118528,4424965440.879217,4424965440.879217,5385809552.701335,0.4655956768056012,0.1784029127692032,0.0
30,2023,United Kingdom,4547437050.865825,4669777853.121409,4617348248.82412,4683619005.124683,4683619005.124683,5837367213.940992,0.4362788280549625,0.1976487287044216,0.0
31,2023,Netherlands,4993325982.878902,5402699779.877592,5011331283.164834,5394115566.52224,5394115566.52224,6306575276.570772,0.5036113375031384,0.1446838688247112,0.0
29,2023,Sweden,5086078494.440935,5546754661.12214,5173091337.955379,5551873702.479394,5551873702.479394,6454914749.243105,0.5161456008537602,0.1398997634894559,0.0
27,2023,Denmark,5939760426.912485,5973382741.349195,5947531397.657087,5977637789.652102,5977637789.6521015,6897450733.358386,0.5223226319431353,0.1333554931038159,1.59540331810863e-14
26,2023,United Kingdom,5502786344.338015,6131906307.858974,5605014416.661448,6157621205.442255,6157621205.442255,6883230306.225398,0.5271213879470497,0.1054169435718111,0.0
18,2023,Germany,6483402579.073946,6565524447.444139,6410857817.076892,6568146450.528038,6568146450.528038,7444202809.890327,0.5252071795794309,0.1176830322514004,0.0
25,2023,Sweden,6134311214.974573,6629933489.619604,6160918648.098071,6630140262.622079,6630140262.622079,7507015148.478986,0.5341580190183688,0.1168073952847387,0.0
22,2023,Germany,5117437871.766625,5697895611.823051,5160861469.751995,5712224038.46578,5712224038.46578,7309187290.948358,0.43883305396204,0.2184871161339981,0.0
20,2023,Netherlands,7226068188.502428,7116519791.49915,7171815506.534049,7124795214.279951,7124795214.279951,8268531765.860284,0.5140174023721197,0.138324019785795,0.0
17,2023,United Kingdom,6090121623.152565,6791654854.927676,6150904407.704297,6765995672.319674,6765995672.3196745,8273513032.476291,0.4662666716504496,0.1822100665387374,1.4095106804573073e-14
16,2023,Netherlands,7923760309.501831,7896506461.323549,7854061457.834496,7889082500.229739,7889082500.229739,8825259599.439938,0.5364401864383668,0.1060792703785857,0.0
15,2023,Netherlands,7043813939.470881,7967669519.503967,7117150193.142329,7971220709.98459,7971220709.98459,8786002819.37856,0.5311413532491671,0.0927363815086505,0.0
10,2023,United Kingdom,8119873594.363963,7852436948.414118,8066608796.26002,7855332728.942688,7855332728.942688,8574001899.993692,0.5231273585646531,0.0838195721710223,0.0
13,2023,United Kingdom,6838721962.201506,6824183770.365896,6988103876.914849,6885977529.655709,6885977529.655709,9022290307.90407,0.393607010735098,0.2367816491536325,0.0
11,2023,Germany,10054738594.254726,10236437766.812504,10011462438.905994,10227019558.506887,10227019558.50689,12113768445.102057,0.5016682784823565,0.1557524312228399,1.8650092745994188e-14
9,2023,United Kingdom,10180322851.092232,10342571723.255527,10091927048.558693,10350247385.4063,10350247385.4063,12436548369.642042,0.4773423406098076,0.1677556281876777,0.0
7,2023,Netherlands,11823838912.083284,12000544812.80594,11701119926.254757,11995371734.961544,11995371734.961544,13990441982.793385,0.5109753740488588,0.1426023745558249,0.0
5,2023,United Kingdom,15314998944.66154,15477596342.157726,15367299015.757113,15494101816.48863,15494101816.48863,16572991771.53031,0.5531991659753911,0.0650992874379528,0.0
2,2023,Belgium,20930502886.164555,24231751533.26677,21167058793.76187,24274673734.974377,24274673734.974377,28747735967.35076,0.5134693381174803,0.155597026404323,0.0
167,2024,France,109873750.990652,121842208.381874,115883524.963087,122160011.352305,122160011.35230494,123111440.5657908,0.5360011028577286,0.0077281949517714,4.879227180447212e-14
170,2024,Portugal,95711568.236322,109449724.840463,93572312.525064,110029355.50097,110029355.50097008,111825803.2040429,0.4787423552232958,0.0160646975170385,6.77144800403574e-14
161,2024,United Kingdom,230912483.727055,242768225.217126,229752749.404602,242622667.367335,242622667.3673352,249688317.5162072,0.5945905339231349,0.0282978804100971,8.59838278828327e-14
162,2024,United Kingdom,193444178.35244,195595192.668574,196959159.578569,195894054.750198,195894054.7501977,202279728.7906744,0.4817856732665955,0.0315685317488474,1.521348997839621e-13
163,2024,Sweden,170805706.655083,191934046.412823,168477049.332743,191546256.538605,191546256.5386052,220829604.2398586,0.4739484264223808,0.1326060778945503,1.0891168560729434e-13
164,2024,United Kingdom,244573804.885327,256597236.287823,242479612.696031,256609148.472535,256609148.47253516,263485385.13895577,0.6246571287062685,0.0260972222910742,5.806948537317065e-14
157,2024,Denmark,257462949.108908,265635512.859155,255015603.643814,261278391.198536,261278391.19853625,296376456.8634928,0.4536398208183488,0.118423932981702,9.125078350639284e-14
158,2024,Ireland,273746107.520279,266660701.465425,275842596.209081,271505865.726316,271505865.72631574,289461980.9301692,0.4731798492938457,0.062032724111652,8.781341738741439e-14
155,2024,Italy,136231853.31107,119148842.138944,138460056.835082,121576326.640151,121576326.64015073,151683831.40912914,0.222765183670754,0.1984885566858538,2.2061934991929388e-13
152,2024,Denmark,408525890.67204,417528619.011986,409475268.618888,420999454.397087,420999454.3970871,457341104.7907081,0.5103023689661662,0.0794628998201505,2.8315782432901427e-14
153,2024,Denmark,263140422.569452,258580573.43883,264617525.099384,263752723.387604,263752723.3876038,393001761.8237138,0.3189271141325318,0.3288764860399948,7.909539436576373e-14
154,2024,Denmark,395967522.772665,408426469.120097,404744234.023431,415595438.318365,415595438.3183655,454722882.28105295,0.504669627587572,0.0860467891266219,1.2907788525040935e-13
148,2024,Finland,349127267.66673,377546992.165372,354624075.538153,377832349.331865,377832349.331865,426731114.7538262,0.430592897001453,0.1145891727397709,0.0
149,2024,Sweden,296285080.693689,298803865.168387,304301145.220433,309910501.665289,309910501.6652889,366272566.9631844,0.3512052102913453,0.153880116562376,1.9232857374986644e-14
150,2024,United Kingdom,408860956.35821,423796758.775628,406950430.469587,423131137.245455,423131137.24545455,467535724.6716085,0.4808909491475691,0.0949758169973923,1.126925239554082e-13
144,2024,Sweden,611012403.923046,657370928.101205,607417911.007318,661368325.46705,661368325.46705,729847396.1412446,0.5029263942291109,0.0938265602319723,0.0
142,2024,Germany,592080457.91464,603948484.707972,592213342.418866,607959191.740602,607959191.7406021,765136178.730418,0.4117458326497095,0.2054235459766363,1.9608107118091614e-14
140,2024,Denmark,940895034.6495,973997752.266129,946025263.948846,974542383.49753,974542383.49753,1008123661.6631272,0.5825815300678683,0.0333106735241163,0.0
136,2024,Denmark,1003220228.473813,1034412354.95802,1008882587.673571,1037928997.069822,1037928997.0698222,1068956730.4305716,0.5909276702135127,0.0290261827045623,2.2970605867515226e-14
137,2024,Germany,711827952.632015,747760804.387532,704831824.930268,747684774.489749,747684774.4897487,863168629.7082508,0.4419019098977811,0.1337906073550603,3.188757979781911e-14
129,2024,United Kingdom,1086288958.05776,1143618008.896666,1094019032.321994,1143914331.538176,1143914331.5381756,1164973359.0311947,0.6160676063863505,0.0180768318260359,4.1684691331906057e-14
134,2024,Netherlands,671001231.345176,673867627.534548,686195683.835263,670106554.486636,670106554.4866357,804057783.9424927,0.3458150413294916,0.1665940335768671,5.3368806238034807e-14
127,2024,Sweden,1159939283.648959,1237487948.31535,1162387655.829665,1237989563.270977,1237989563.2709768,1317576745.8758855,0.5579394658838218,0.0604042101183271,1.9258529003396483e-14
128,2024,United Kingdom,833683447.514712,832442402.8491,844156454.02218,834683117.332659,834683117.3326592,1148257317.8814025,0.380669739328152,0.2730870473591273,2.856396327548361e-14
121,2024,Germany,1148513938.889503,1198265162.104364,1160214121.575363,1197374981.80484,1197374981.8048396,1488296712.274126,0.4821514785394377,0.1954729376676216,3.9823544457591213e-14
122,2024,United Kingdom,914600490.963867,973457696.24395,942304262.498525,973333689.052617,973333689.0526168,1365712966.3903782,0.391321388273476,0.2873072797828316,1.2247525272325902e-14
123,2024,United Kingdom,1015791601.250901,1011826593.308116,993671388.946542,1008586633.337331,1008586633.3373308,1264758619.8987722,0.4234200811659659,0.2025461479613752,2.3638879519219372e-14
116,2024,United Kingdom,1441821890.061195,1502179287.971603,1453593755.814277,1497151653.217775,1497151653.217775,1641741782.5184252,0.5106334191298539,0.0880711758939638,0.0
113,2024,Netherlands,1301538857.452519,1370872852.596735,1317372164.614303,1370098686.980215,1370098686.9802146,1593550841.6054718,0.4611450001279718,0.1402227960296098,3.480312496715873e-14
93,2024,United Kingdom,1676591935.335866,1758459127.200141,1674306572.923042,1758705419.514466,1758705419.5144656,1858597880.3078823,0.5500733197948423,0.0537461394160576,2.7112963485082556e-14
102,2024,United Kingdom,1274557699.055424,1340433829.563182,1308870034.421912,1348917739.565937,1348917739.5659373,1735653668.8453732,0.3765349801297819,0.2228186050139301,1.7674804927562316e-14
99,2024,Sweden,945552326.54172,990757593.460621,954011913.112275,1003295062.621045,1003295062.6210454,1849825807.099946,0.2575721561462942,0.4576272756222622,3.5645333259994663e-14
100,2024,Netherlands,1498389517.592959,1517271182.504066,1518586736.173136,1515798887.509363,1515798887.5093634,1865395885.767682,0.3890015211847549,0.1874116914943479,3.1457811595747026e-14
95,2024,Sweden,2089855862.635251,2221988960.141211,2080310708.593206,2222500675.414966,2222500675.4149656,2439956936.8071947,0.5408860246811793,0.0891229915216378,2.145498372521728e-14
96,2024,United Kingdom,1532460804.424312,1643614530.144727,1544730494.675133,1640301603.422094,1640301603.4220943,2103702820.6945384,0.40586455608613,0.2202788401070128,1.4535045177311268e-14
87,2024,United Kingdom,2225796400.972878,2412125225.41227,2239691319.199445,2412640492.944299,2412640492.9442987,2683986236.650477,0.5243138121630024,0.1010980384328678,1.9764119834580506e-14
84,2024,United Kingdom,1932312418.418062,1881868983.562576,1931216637.016413,1885789668.909211,1885789668.909211,2224694373.1300626,0.415471923635677,0.1523376461567731,0.0
83,2024,United Kingdom,1534504250.866246,1521605733.885582,1499886706.736625,1530618087.830369,1530618087.830369,2289730906.5330124,0.3303287899806995,0.3315292712068298,0.0
80,2024,United Kingdom,2571216963.371637,2613430401.164313,2545832455.769459,2615552945.963579,2615552945.9635787,2847406119.09407,0.5315516290622239,0.0814260992050749,1.823083562269303e-14
75,2024,France,2033879300.376194,2057287743.631543,2113169478.322963,2052979665.470125,2052979665.4701247,2268113366.022185,0.4165627783308358,0.0948513878428226,1.1613294720430925e-14
73,2024,United Kingdom,2781484968.537952,3022936913.66286,2799337100.384938,3027048547.860901,3027048547.860901,3382818540.8318253,0.5412702656349677,0.1051696946426933,0.0
69,2024,France,2561534462.17594,2645261759.996149,2575603487.764547,2646094703.073493,2646094703.0734925,2962884327.044354,0.4678501064512722,0.1069193356889761,1.8020411652283988e-14
68,2024,Denmark,3365566714.398891,3490838514.322006,3385387620.228359,3497721319.547566,3497721319.5475664,3781504162.625445,0.5808161498265659,0.0750449638222404,1.3632794457873057e-14
67,2024,United Kingdom,2407672877.793983,2492083141.773189,2447984296.504218,2497089985.043908,2497089985.043908,3424204289.252715,0.4083408394877539,0.2707532103498232,0.0
65,2024,Netherlands,3092135104.390932,3214119379.431564,3130412090.947876,3217626380.001822,3217626380.0018225,3838363355.6968136,0.5160794546696856,0.16171918033078,1.481953160151723e-14
59,2024,Denmark,2964969990.661348,3132050108.117118,2963955582.453706,3121987506.322865,3121987506.322865,4109448988.2434063,0.4677555295341702,0.240290482920104,0.0
60,2024,Denmark,3700116288.300612,3841352402.182216,3723861678.978885,3843458356.216071,3843458356.216071,4180437865.2772255,0.5734450877620063,0.0806086634752093,0.0
61,2024,Denmark,3299725064.979675,3476553137.486063,3326877143.484395,3477155883.335148,3477155883.3351483,4148336704.770432,0.5200340816186809,0.1617951649545347,1.3713424827700331e-14
58,2024,France,2314971332.499744,2240007644.285092,2303395157.881426,2238516201.627719,2238516201.6277194,2592117520.035211,0.3482359184630935,0.1364140767825559,2.1301483449456236e-14
55,2024,United Kingdom,3300882267.769225,3586591097.325991,3342983168.939841,3605496206.822798,3605496206.822798,4430838137.047167,0.4906184625171179,0.1862721915575096,0.0
54,2024,Netherlands,3025393839.002289,3149597968.239807,3073126833.727606,3144741075.60595,3144741075.60595,4077061297.406956,0.4304320792889621,0.2286745657697051,0.0
53,2024,United Kingdom,3852709183.164671,4136003091.716624,3894343902.46539,4131964491.130331,4131964491.1303306,4464545424.251118,0.5461660310268235,0.0744937953401099,1.1540204646644545e-14
51,2024,United Kingdom,3614968527.593648,3872491116.244711,3626787699.166544,3874463939.05348,3874463939.05348,4478823801.410614,0.5096543787740663,0.1349371819821957,0.0
49,2024,France,3130872087.178981,3407983224.012697,3148332060.685922,3406536506.704241,3406536506.704241,4645620581.967688,0.4153193476763263,0.2667208940982054,0.0
48,2024,United Kingdom,4228970760.125016,4574781133.313707,4276777773.680423,4584817629.946016,4584817629.946016,5053921814.797829,0.5416217911850962,0.0928198341886256,0.0
43,2024,Denmark,4403642700.896961,4693678842.28708,4474284083.827332,4716632372.022358,4716632372.022358,5234993201.900923,0.5158070348595891,0.0990184341959295,0.0
40,2024,United Kingdom,5375947404.555105,5665931957.272943,5332662989.106461,5662348534.210602,5662348534.210602,5955799207.773645,0.5955602396199463,0.0492714182137008,0.0
36,2024,United Kingdom,3900814247.579845,3986017986.774999,3898814869.543488,3999329274.896146,3999329274.896146,4884176711.2385845,0.4294590994983233,0.1811661388717545,0.0
30,2024,United Kingdom,4586914428.480592,4855370195.649726,4637589450.405776,4861434956.826488,4861434956.8264885,6095050548.153399,0.4501916413926715,0.2023962855731615,1.9617136192824888e-14
31,2024,Netherlands,4971563237.731332,5320700501.572734,5052293499.117034,5316734627.078483,5316734627.078483,6293344983.744782,0.499575722534976,0.1551814431258429,0.0
29,2024,Sweden,5103886048.919558,5492088119.388117,5101532886.867573,5491015947.827104,5491015947.827104,6406405475.469659,0.5093092621323128,0.1428866048437946,0.0
27,2024,Denmark,5995529194.750669,6251583258.155937,6033042966.582229,6243316204.801466,6243316204.801466,7177263399.018117,0.5398093517948176,0.1301258073299106,0.0
26,2024,United Kingdom,5466965198.756196,5923050563.244299,5529805049.617835,5936384015.643139,5936384015.643139,6678851637.912872,0.5150964889319675,0.1111669584116938,0.0
25,2024,Sweden,6178248455.577822,6578535160.051439,6128612855.832505,6575457762.743865,6575457762.743865,7450203698.756931,0.5269134049253049,0.1174123515789263,0.0
23,2024,Netherlands,6672045637.997437,6930808002.284801,6759249423.30472,6945391206.028647,6945391206.028647,7983795779.849373,0.5355676470610325,0.1300640199792681,0.0
22,2024,Germany,5093879566.162097,5604968778.70746,5119653252.092864,5611294898.297874,5611294898.297874,7297412973.278827,0.4323091459124914,0.2310569623995607,0.0
20,2024,Netherlands,7229982099.917738,7527172257.815021,7302427837.483507,7527184539.368542,7527184539.368542,8700382824.736835,0.5396020748663245,0.1348444440895944,0.0
18,2024,Germany,7540263740.715378,7806410714.734243,7567282071.851783,7803885896.524996,7803885896.524996,8848915496.449165,0.5369318681377464,0.1180969125926801,0.0
17,2024,United Kingdom,5926356679.858698,6471122833.718311,6005572514.630393,6488787650.057416,6488787650.057416,7914425455.8685055,0.4564104698640652,0.1801315602453475,0.0
16,2024,Netherlands,7965615731.331027,8263857331.2829,8039747022.464911,8257519132.546177,8257519132.546177,9224806928.255802,0.5558418035516023,0.1048572401821007,0.0
15,2024,Netherlands,7038277374.82403,7623191249.606413,7167604680.169986,7626472080.422853,7626472080.422853,8482563158.784256,0.5101496560698334,0.1009236314939622,0.0
13,2024,United Kingdom,6738588109.250893,6657160752.268763,6820827181.064575,6688201166.715088,6688201166.715088,8853243465.44383,0.3873479318058273,0.2445479227109682,0.0
10,2024,United Kingdom,11157091179.40178,11707765195.901972,11170202713.215284,11696698340.725054,11696698340.725054,12671544461.83453,0.5720350605220121,0.0769319102375893,0.0
11,2024,Germany,10085171478.239548,10609697674.56712,10151040024.37604,10597248352.065622,10597248352.065622,12601049123.441944,0.5173942509440318,0.1590185667674779,0.0
9,2024,United Kingdom,10107121491.395872,10225193455.653454,9987317502.673449,10221227015.801208,10221227015.801208,12259840547.316525,0.4716243578027715,0.1662838536641109,0.0
7,2024,Netherlands,11940090231.990955,12329274419.832355,11995832249.878408,12315417041.046947,12315417041.04695,14456185134.32672,0.5188960692919552,0.1480866544934073,1.5487487159024813e-14
5,2024,United Kingdom,15531606273.478586,16493947570.460804,15683369339.970251,16503487917.042423,16503487917.042423,17589146417.199226,0.5787310415182421,0.0617232055726826,0.0
2,2024,Belgium,20844441875.334164,22748185804.0454,21152151256.381878,22741234989.131702,22741234989.131702,27327191272.65482,0.4817327496322952,0.1678165984117106,0.0
160,2016,United States of America,202817741.192609,219687530.115665,203754215.21843,218035302.195674,218035302.19567385,228935986.5674979,0.5332240210214572,0.0476145517149188,6.834288321106249e-14
160,2017,United States of America,202745753.699506,225106654.847311,204449660.13075,224524370.900745,224524370.90074533,234153339.1576497,0.5498331600361095,0.0411224896110553,1.460088920189288e-13
160,2018,United States of America,201812098.695514,224640619.089261,204286436.541352,222623051.453461,222623051.4534611,234023082.04727617,0.5437124226485801,0.0487132743235647,5.3547594812166924e-14
160,2019,United States of America,202828500.750571,219374530.839338,204551129.491719,219009316.966403,219009316.96640325,228742368.80201545,0.5342342162858964,0.0425502799791169,1.0886229974322814e-13
160,2020,United States of America,203107152.380179,221897961.030179,203522639.641689,219117152.239852,219117152.23985228,231511487.46446332,0.535542349358065,0.0535365884447249,1.2240981536473015e-13
160,2021,United States of America,202514204.650166,214236465.822136,203900067.956948,213937544.516961,213937544.51696095,223881599.5776292,0.5241640193971848,0.0444165803685004,2.786076885661608e-14
160,2022,United States of America,202836989.477276,224346933.237286,204803882.767199,221557591.405187,221557591.40518737,233836999.7872104,0.5420369208689599,0.0525126835924047,1.6141530803984474e-13
160,2023,United States of America,200179268.452858,203962020.796836,202051729.778445,204712231.432759,204712231.4327592,214029527.4498035,0.5045279887437072,0.0435327598395482,1.0190707963749119e-13
117,2023,United States of America,296849780.996589,303587863.869917,294937189.891654,303414312.129486,303414312.1294863,308108190.7861597,0.5436460771702466,0.0152345143590524,9.822319250048018e-14
146,2023,United States of America,414106725.259843,422004273.245684,415270450.161646,421100191.76517,421100191.7651699,431666180.09763527,0.5207768881587558,0.0244772206385858,1.4154504305861172e-14
160,2024,United States of America,202814527.354105,213829769.241059,203488957.897423,212492419.852078,212492419.8520781,223925227.38967255,0.5208147545394072,0.0510563622994526,5.6100490376911407e-14
156,2024,United States of America,233996023.889441,248909623.542772,237375596.288984,248791377.746913,248791377.74691293,252767895.2781725,0.5109701740540418,0.0157318931934902,2.3957681055982745e-14
138,2024,United States of America,422268498.661272,448179045.725879,423332391.421911,447822694.3542,447822694.35419977,454639354.64941615,0.5509629605735725,0.0149935552773975,5.323950351497557e-14
146,2024,United States of America,501684492.661295,529007081.558332,503613034.122683,529043884.446157,529043884.4461568,542218353.9612869,0.5407456196555018,0.0242973507238945,3.37994521028001e-14
117,2024,United States of America,1367192974.588105,1449197820.5165,1364488591.629435,1449268830.172525,1449268830.1725254,1491598906.438202,0.5567943317296707,0.0283789938990748,3.290191221088781e-14
