farm_id,year,country,S_pct,D_pct,I_pct,total_pct,S_shapley,D_shapley,gain_pct,P11_err_pct
46,2014,China,-4.283627239033449,1.3424755166944,-1.421029457842072,-4.362181180181121,-4.994141967954485,0.6319607877733641,0.022474497856189057,4.2318013875416366e-14
89,2014,China,-0.1055444679043432,-0.7188986060167708,0.7255246858889038,-0.09891838803221015,0.25721787504010873,-0.3561362630723189,0.042632384651341344,8.457998965467964e-14
101,2014,China,-6.327169583315275,-3.5826148381403433,3.588004583272262,-6.321779838183356,-4.533167291679143,-1.7886125465042124,0.0003446242899132882,2.7307132709343744e-13
168,2014,China,-5.664817112797873,0.515529518537322,-2.0644020909099186,-7.213689685170468,-6.697018158252832,-0.5166715269176373,-0.8694293533343455,7.541113618229353e-13
169,2014,China,-7.117060713548352,-0.8011300299246447,1.2991381998662435,-6.619052543606753,-6.4674916136152305,-0.15156092999152276,-0.17715573606525503,9.861223094772266e-14
165,2014,China,-0.0927854919230997,1.9354315370460735,-1.9958899475163414,-0.15324390239336774,-1.0907304656812704,0.9374865632879027,1.2511890371517973,3.79833889938023e-14
34,2014,China,-5.652047830244747,0.40345862545960187,-0.3296293170584822,-5.578218521843627,-5.816862488773988,0.23864396693036077,0.13963388000523888,0.0
97,2014,China,4.3470747524647315,1.4250526914747967,-2.053667594263926,3.718459849675603,3.320240955332769,0.3982188943428339,2.9926754200315298,4.6203287486868564e-14
0,2014,China,2.621777302260728,0.21179723145772944,-0.22704344367564655,2.6065310900428105,2.5082555804229045,0.09827550961990615,0.0,1.6995086850340823e-13
45,2014,China,-4.705501386733419,0.8064522368746727,-0.8239172875058274,-4.722966437364573,-5.117460030486332,0.394493593121759,0.0,3.142922885709005e-14
131,2014,China,-6.181700904508314,-1.1268321783794242,0.8370088799020403,-6.47152420298571,-5.763196464557299,-0.7083277384284098,-0.4169307520474357,1.917859999729368e-13
88,2014,China,-8.400051792366185,-1.8652708161944813,1.9454105713356615,-8.319912037225004,-7.4273465066983535,-0.8925655305266507,1.0245218847390585,3.7942413063518614e-14
109,2014,China,4.556475932673758,-0.7605885088527099,0.7514085273615406,4.547295951182588,4.932180196354528,-0.3848842451719396,0.5234072273880117,1.9885455073966336e-14
57,2014,Vietnam,3.508715733526683,-6.488082894576262,4.361735284453929,1.3823681234043497,5.689583375753647,-4.307215252349298,20.16829674212712,8.799666028804042e-14
38,2014,China,-3.2653002057101226,-1.965088750301033,2.3964320553325225,-2.8339569006786327,-2.0670841780438614,-0.7668727226347716,-0.09657648643489095,0.0
24,2014,China,2.9463370442682777,-0.26159827999942104,0.3757304165381276,3.060469180806985,3.134202252537342,-0.0737330717303572,-0.2614225000056592,1.3339573986792948e-14
46,2015,China,2.9556935282712335,3.467559018308381,-3.4975789444338745,2.92567360214574,1.2069040560542963,1.7187695460914438,-0.011350926340548306,4.150465032547823e-13
89,2015,China,-9.987953500030626,-3.654297748873414,3.6393155658876597,-10.00293568301638,-8.168295717086796,-1.8346399659295842,0.06016564079835152,4.2763968325751817e-13
101,2015,China,2.5269409107543597,-1.8212991396261387,1.8256086993642753,2.5312504704924965,3.439745260436498,-0.908494789944001,0.0005370439486980652,3.9127379899647546e-13
168,2015,China,5.061747272577838,1.1438279678728078,-3.3717672370021905,2.8338080034484547,3.3758636540767424,-0.5420556506282876,-0.7189545462463569,4.817406849300245e-13
169,2015,China,-14.888916996808582,-1.4605913998732043,1.195065331049829,-15.154443065631956,-14.291384331283666,-0.8630587343482898,0.8050176793332219,2.609745079324083e-13
165,2015,China,1.5137931925978267,2.2607288195483393,-2.657884043340146,1.1166379688060204,0.18485117092775388,0.9317867978782665,1.7420260350288586,3.433369288922513e-13
34,2015,China,1.9011125773197772,1.153949958498199,-1.0951839573816249,1.9598785784363515,1.353520598628965,0.6063579798073866,0.18882166986195942,4.287738083602748e-14
97,2015,China,2.3266431067052857,0.13042262099731153,-0.03565055398243991,2.4214151737201575,2.3088178297140662,0.11259734400609157,2.5491795455398107,1.2677272635865424e-13
0,2015,China,-8.97237843451385,-3.5688457719001714,3.5780260332518834,-8.963198173162139,-7.183365417887909,-1.7798327552742297,0.0,9.740708917913759e-14
45,2015,China,3.185622645488289,1.130001728155357,-1.2895422875339588,3.026082086109687,2.54085150172131,0.4852305843883775,0.0,1.43400441703289e-14
131,2015,China,-14.866905382209136,-2.7763551574955643,2.358350540694667,-15.284909999010033,-13.687730111861802,-1.5971798871482308,0.49915617932163187,0.0
88,2015,China,-16.340289690786992,-1.8799953348749034,2.4390701973881135,-15.781214828273782,-15.120754592092936,-0.6604602361808465,0.4052111750663149,8.258775117127483e-14
109,2015,China,-9.81304594163317,-4.711310557832121,4.572951778091125,-9.951404721374168,-7.5265700525876085,-2.424834668786559,0.2413922379196303,2.3336532734509437e-14
57,2015,Vietnam,18.463428827602606,0.5653525727188008,-2.285622823681571,16.743158576639836,17.32061741576182,-0.5774588391219847,21.64610341596342,3.491272770758788e-14
38,2015,China,-14.972030540312778,-5.581928804650109,5.680048420850068,-14.873910924112819,-12.132006329887744,-2.741904594225075,-0.18259230253868997,2.811809132987621e-14
24,2015,China,-11.72577571058179,-5.224034822532666,4.966874501031027,-11.982936032083428,-9.242338460066277,-2.7405975720171516,0.8555001943851601,1.581380333782264e-14
1,2016,China,1.0253564184633814,-2.5023317423221223,2.5087710480887093,1.0317957242299687,2.279741942507736,-1.2479462182777674,0.0,5.226397746961011e-13
46,2016,China,-3.675301777954735,0.7284342599233565,-0.7871881773491685,-3.734055695380547,-4.068895866629319,0.3348401712487723,0.007229645194798593,8.484550204110405e-14
63,2016,China,-0.5015374329943675,2.88145285800053,-2.986902960543257,-0.6069875355370944,-1.994988913265996,1.3880013777289015,0.15864814108244604,3.3762516639329593e-13
124,2016,China,-9.035455684715519,-4.66814678854495,4.676109810093277,-9.02749266316719,-6.697400779668879,-2.3300918834983113,-0.28083470636259533,4.2585303598020636e-13
71,2016,Taiwan,-4.863913160111826,-11.463943580608046,11.051688117145082,-5.276168623574791,0.6619308984607146,-5.938099522035506,1.8985508991941358,4.3852496890555466e-13
101,2016,China,-6.782826870623706,-4.523005223445709,4.5237689783779125,-6.7820631156915026,-4.52094238143475,-2.261120734256753,0.004313060951609879,1.0804346449977147e-13
135,2016,Japan,9.211766953545416,5.910670261215916,-5.641955555232891,9.48048165952844,6.390789175928969,3.089692483599471,-1.8349711911276732,2.6516151510872173e-13
168,2016,China,3.138371817065195,3.2826370815767363,-3.926855582607467,2.494153316034464,1.1749440257614612,1.319209290273003,-1.1638172015778439,7.704606862834429e-13
169,2016,China,-7.801508131864386,-2.7154739950660947,2.7588349739187086,-7.758147153011772,-6.422090644905032,-1.3360565081067406,0.36168401899766495,1.170588794372755e-13
165,2016,China,0.8427277474617816,2.5730322835298605,-3.0022374368551716,0.4135225941364704,-0.6583909709658042,1.0719135651022746,1.8344560818758529,1.4787402293013794e-13
97,2016,China,12.662144303759376,3.8951142036019992,-3.3395590719173174,13.217699435444056,10.992364767800716,2.2253346676433403,1.5904838651378639,1.8656096516609958e-13
45,2016,China,-5.864015993525457,-0.3662202002611869,0.3483620889504211,-5.881874104836222,-5.689834949050246,-0.19203915578597633,0.0,7.996332555793505e-14
34,2016,China,-6.168305859900941,-0.5746996181238492,0.5413099904038406,-6.201695487620961,-5.897650864699027,-0.30404462292193457,2.04564921757369,4.5045968052737625e-14
131,2016,China,-6.543045345348326,-2.8659797089640535,2.932783429143744,-6.476241625168637,-5.0766536307764545,-1.3995879943921818,-0.3403704402848796,2.6639096486962246e-14
89,2016,China,1.8104456033296956,-1.3514898090524152,1.3738053155058543,1.8327611097831347,2.4973482610826228,-0.6645871512994882,0.5022229436351013,2.6175516182238536e-14
109,2016,China,1.6067744924769736,-3.330095631776523,3.242305151439023,1.5189840121394738,3.227927068196485,-1.7089430560570116,0.762740637751885,2.131631313460772e-14
88,2016,China,-9.457835682877475,-3.0317496184008514,4.018404081592832,-8.471181219685494,-7.448633642081059,-1.0225475776044355,0.8452727683519515,2.1820023572819316e-14
0,2016,China,0.9897704928755213,-3.278318066872026,2.9962643380569665,0.7077167640604617,2.4879026619040046,-1.780185897843543,0.0,3.0550102952990296e-14
57,2016,Vietnam,13.885658882579682,-8.689453858032357,7.213410962846963,12.40961598739429,17.492364364003162,-5.082748376608874,17.973692137920583,3.9977398651045074e-14
38,2016,China,-0.3651154195967136,-1.4950614116456344,1.1619821295412491,-0.698194701701099,0.21587564517391086,-0.9140703468750098,0.4538851976399526,2.4496221280682048e-14
24,2016,China,0.2939907394695589,-3.3300940888375616,3.5511551889791138,0.5150518396111115,2.0695683339591158,-1.5545164943480045,-0.33288904602431113,0.0
46,2017,China,1.9203634490032602,1.1603193095332744,-1.2002849984016433,1.8803977601348913,1.3202209498024386,0.5601768103324529,-0.019892027836606253,1.701873939040549e-13
124,2017,China,-2.052188599283823,-3.301344221520691,3.307950914065547,-2.0455819067389673,-0.39821314225104953,-1.647368764487918,-0.32656481043187713,4.985471978568428e-13
14,2017,China,-10.400707532363302,-2.1908138432473097,2.1712029359997076,-10.420318439610906,-9.31510606436345,-1.1052123752474556,0.0902720887800253,1.3430570206817655e-13
71,2017,Taiwan,4.4044371369055115,-8.60311086179326,8.18643132606449,3.9877576011767406,8.497652799937756,-4.509895198761016,1.7981009971091275,0.0
101,2017,China,-1.1505601810845283,-4.172861245030632,4.1784323287144485,-1.1449890974007124,0.9386559832726962,-2.0836450806734086,0.0001020611834351943,1.9855560556275047e-13
135,2017,Japan,12.649189276171317,3.597418445680727,-3.418749584042688,12.827858137809356,10.939814484149974,1.8880436536593832,-1.1176050273386122,4.608226807083457e-13
139,2017,South Korea,3.765459373839345,-1.8826640732424182,1.9394406470173386,3.8222359476142658,4.7351796973480145,-0.9129437497337488,0.0,1.7704372063453745e-14
168,2017,China,-0.27873391872521114,3.038892854082643,-4.673168380437914,-1.9130094450804813,-2.6153181089441677,0.7023086638636865,-0.7760071948363327,8.629724079343465e-13
169,2017,China,-11.175671703851801,-1.854979718476855,2.05903669617355,-10.971614726155106,-10.146153355765026,-0.8254613703900803,0.31071422896900347,1.0178449482214424e-13
147,2017,China,-4.533386101712424,1.7449699312398272,-2.0139775340958086,-4.802393704568406,-5.5403748687603285,0.737981164191923,-1.1562525588795125,1.686197805219472e-13
165,2017,China,-2.5720897912794154,1.8959854473206361,-2.770741126797321,-3.4468454707561005,-3.9574603546780764,0.5106148839219756,2.3112496918283068,2.929711474945824e-13
81,2017,China,-0.3766860377807939,-3.8515776376566646,3.579884296088066,-0.648379379349393,1.4132561102632388,-2.061635489612632,1.4212667782323278,1.213838216189073e-13
63,2017,China,-2.479532989199128,0.3673176846125229,-0.7524536136179885,-2.864668918204593,-2.855759796008122,-0.008909122196471308,-0.056286365426435066,0.0
74,2017,China,-1.2563554878495977,1.895494539828583,-0.7031835196334615,-0.0640444676544764,-1.6079472476663286,1.543902780011852,0.12132347939447037,4.986363417161018e-14
34,2017,China,-1.114599565814741,-0.2994652970948493,-0.019470707234677764,-1.433535570144268,-1.12433491943208,-0.30920065071218816,2.2405499327931344,4.2074186702095553e-14
45,2017,China,-0.942565069319948,-0.05751070541889061,0.09916059885231382,-0.9009151758865247,-0.8929847698937909,-0.007930405992733704,0.0,4.1509874534477007e-14
97,2017,China,9.819744216255435,4.240481750789836,-2.746411464032738,11.313814503012532,8.446538484239065,2.8672760187734667,2.083844275482153,6.445292762342504e-14
131,2017,China,-9.75595352797134,-2.3360191138847433,1.7690108640430386,-10.322961777813045,-8.871448095949821,-1.4515136818632242,0.7099288942294419,3.9477866381670885e-14
89,2017,China,-2.4280132135318957,-0.7832712644695375,0.5544382023060332,-2.6568462756954,-2.150794112378879,-0.506052163316521,0.5728695673597847,1.3850310520144412e-14
109,2017,China,-3.4830257628961157,-1.7549087116482787,2.223988008428799,-3.0139464661155952,-2.371031758681716,-0.6429147074338792,0.4914471606061743,3.4014102780258514e-14
50,2017,China,-10.36643540389979,-2.046668921677066,2.8108756126562433,-9.602228712920613,-8.960997597571668,-0.6412311153489447,0.0,0.0
88,2017,China,-11.890326260863345,-0.7331805865353442,1.1540223938885492,-11.469484453510141,-11.313315063919072,-0.15616938959106957,2.1440490350258976,1.9636916147895032e-14
57,2017,Vietnam,11.433005025164428,-6.182569713854833,2.183144778130095,7.433580089439691,12.524577414229476,-5.090997324789786,21.727112122842243,7.925853652738741e-14
38,2017,China,-5.204046527412415,-1.8010282352784728,2.1947012230267924,-4.810373539664095,-4.106695915899019,-0.7036776237650765,-0.4941691392657016,0.0
1,2017,China,-4.689628809370549,-1.1814802364044692,2.2941972053541164,-3.5769118404209017,-3.542530206693491,-0.03438163372741075,0.0,2.2003870660626048e-14
24,2017,China,-4.242803333858966,-2.076519865302677,2.312108062290502,-4.00721513687114,-3.086749302713714,-0.9204658341574256,0.019809562153132926,0.0
0,2017,China,-3.3055537635382786,-0.2945026682213979,1.2109195800455113,-2.3891368517141647,-2.7000939735155227,0.3109571218013577,0.0,0.0
46,2018,China,-1.6497293808834108,0.20094773092998933,-0.25168225024082064,-1.700463900194242,-1.7755705060038212,0.07510660580957901,0.002808819819346466,2.0629293161833503e-13
98,2018,China,-3.124237258324346,1.5067344234526614,-1.4883821635387748,-3.105884998410459,-3.8684283400937334,0.7625433416832742,0.0,2.844049967207533e-13
124,2018,China,-6.8688592155883565,-4.551766783235464,4.565980335359708,-6.854645663464113,-4.585869047908502,-2.2687766155556095,-0.3696826593970803,3.50072018248639e-13
71,2018,Taiwan,-3.385108921249274,-9.643803147548528,9.346580297356882,-3.6823317714409223,1.288181227429166,-4.970512998870088,1.9811344555043384,3.377722241680284e-13
72,2018,China,-7.560783862404769,-2.512524208331527,2.6539963791803496,-7.419311691555946,-6.2337856728145935,-1.185526018741352,0.007527965221359031,2.1768090168517784e-13
101,2018,China,-4.971416961730096,-4.657730061640872,4.66125458046545,-4.967892442905518,-2.6407896714973713,-2.3271027714081463,0.0030636400933053837,0.0
135,2018,Japan,12.095849038136002,4.118764725481863,-3.7145870479155527,12.500026715702312,10.238555514178225,2.2614712015240865,-1.7609517986514827,3.1679997431594885e-13
168,2018,China,2.2899185337460617,2.4440377368584625,-3.108428850288739,1.6255274203157855,0.7357041086016924,0.889823311714093,-0.3674629884163433,2.7903204315126007e-13
169,2018,China,-3.515410221266192,-0.38226253551977474,0.530427737780745,-3.367245019005222,-3.2501963523758195,-0.11704866662940223,0.18092952338710777,5.415152907734527e-13
165,2018,China,8.16701739803249,3.43868833153635,-4.019328172404875,7.586377557163966,6.157353311830054,1.4290242453339124,1.6910951839932402,1.72360260288457e-14
34,2018,China,-3.667289593417949,-0.4185888268360542,0.30758372808466994,-3.7782946921693332,-3.5134977293756138,-0.2647969627937192,2.061787819541548,6.567304776724326e-14
147,2018,China,-1.9699642074689623,1.484749434035367,-1.474314078854112,-1.9595288522877075,-2.707121246896018,0.747592394608311,0.5411313754648039,8.134356756094401e-14
19,2018,China,2.326587272792967,0.4196705352929901,1.4878177412490146,4.234075549334972,3.070496143417474,1.1635794059174975,0.8165279680150458,7.746550617951387e-14
139,2018,South Korea,0.828103497917409,-4.766662770396763,4.813841580029573,0.8752823075502203,3.2350242879321955,-2.3597419803819752,0.0,3.741866157726108e-14
81,2018,China,-5.050855784319657,-4.599983884223763,4.965350600394705,-4.685489068148713,-2.568180484122303,-2.1173085840264094,-0.4907484981959917,1.945926637226256e-14
131,2018,China,-0.9929500356381074,0.2977716869598609,0.009062807574619337,-0.686115541103627,-0.9884186318507977,0.3023030907471706,0.6083078707883997,7.106648803803247e-14
97,2018,China,0.3596692657894687,4.374156209759839,-4.706112485412964,0.02771299013634424,-1.9933869769170134,2.0210999670533574,4.873696914801767,5.332706555784113e-14
14,2018,China,-9.174897274530975,-3.234182451608241,3.4272913396257327,-8.981788386513484,-7.46125160471811,-1.5205367817953748,0.15810924273723811,2.396647067991211e-14
109,2018,China,9.686255495443778,-0.28314865183265336,0.569762357188084,9.97286920079921,9.97113667403782,0.0017325267613886816,0.16972113680989073,3.93235823859494e-14
63,2018,China,5.570485070255204,3.5291684663498497,-3.294984005697596,5.804669530907458,3.922993067406406,1.8816764635010514,-0.06795337036655837,2.1754068153615788e-14
45,2018,China,-3.6561619428076577,-0.01095362989582241,0.14393400955344998,-3.5231815631500303,-3.5841949380309326,0.06101337488090258,0.0,0.0
74,2018,China,1.6007670766866624,1.4727684539028194,0.8994272366952948,3.972962767284777,2.05048069503431,1.922482072250467,0.3540838540626303,2.5906871498126107e-14
89,2018,China,7.921469742517956,0.7035617956973785,-1.1742757343514187,7.450755803863915,7.3343318753422455,0.11642392852166912,1.6624108382823997,0.0
88,2018,China,-5.074153804777507,0.006182454658029644,1.6258615593937402,-3.442109790725737,-4.261223025080636,0.8191132343548998,0.5105357033427108,1.7719722845795107e-14
38,2018,China,4.865294267880701,0.69330490754126,-0.45195717570420046,5.106641999717761,4.639315680028601,0.46732631968915966,-0.36818637245933306,3.408463534013904e-14
57,2018,Vietnam,17.1658139303375,0.1557271173308005,-2.0120145386901633,15.309526508978138,16.15980666099242,-0.8502801520142812,19.131676359543604,0.0
50,2018,China,-1.2999128047626063,-0.25841130027163073,0.9628243308365675,-0.5954997741976694,-0.8185006393443225,0.22300086514665304,0.0,0.0
24,2018,China,6.925247174373189,-0.1469616415482563,0.6601924094115017,7.438477942236435,7.25534337907894,0.18313456315749455,-0.4989493031464062,0.0
0,2018,China,6.869468218020453,-0.12203746574550509,0.8756804827213341,7.623111234996283,7.30730845938112,0.31580277561516196,0.0,0.0
1,2018,China,7.327565153006168,-0.20154772723320658,0.6900084626636318,7.8160258884365925,7.672569384337984,0.14345650409860933,0.0,0.0
3,2019,China,-14.936182621186012,-2.6916578599013214,2.7022158712916142,-14.925624609795706,-13.585074685540198,-1.3405499242555083,0.005613339939689894,5.86484673347984e-13
46,2019,China,2.3009949887758085,3.212724247880225,-3.222811445764405,2.2909077908916284,0.6895892658936059,1.6013185249980229,-0.043981379508134834,1.4351925437248952e-13
124,2019,China,-2.9653098591943383,-0.4250998780151859,0.42548297304167176,-2.9649267641678523,-2.7525683726735024,-0.21235839149434999,-0.25648792457775627,1.5611079951185437e-13
101,2019,China,-1.061116569108529,-0.8959698231854891,0.9000039157183597,-1.0570824765756583,-0.6111146112493492,-0.44596786532630933,0.0027675604540206857,9.974517673885387e-14
135,2019,Japan,14.12828061974984,5.044470736535736,-5.074256845434669,14.098494510850907,11.591152197032505,2.5073423138184014,-1.131733860531546,1.7412540928348632e-13
168,2019,China,2.502641176759663,-0.4573535976754527,-1.2275467969798493,0.8177407821043611,1.8888677782697385,-1.0711269961653773,-0.39067714265040604,7.534073705136087e-13
169,2019,China,-16.135257056346944,-0.6403352265163088,0.5763240052146151,-16.19926827764864,-15.847095053739638,-0.35217322390900124,0.2888171251104219,3.039617402689805e-13
165,2019,China,-0.6723468779426165,-0.19791812696772462,-0.17866051616120562,-1.0489255210715467,-0.7616771360232193,-0.28724838504832745,1.1207349771485222,2.6391039579063883e-13
4,2019,China,-4.495741798793924,5.376922169014077,-4.6638949717912395,-3.7827146015710857,-6.827689284689543,3.044974683118457,0.9297884510081766,1.6066504683059123e-14
52,2019,China,1.1061207072843393,0.3264177082987846,0.027214376177885097,1.459752791761009,1.1197278953732819,0.34002489638772715,0.0,1.166054735079138e-13
92,2019,China,-16.76359936003617,-2.970378891266048,1.5092870517713508,-18.224691199530866,-16.008955834150495,-2.2157353653803726,4.077046775465671,1.8597198353882582e-13
32,2019,China,-4.731980428693873,1.7781530521632405,-1.4757543682739283,-4.429581744804561,-5.469857612830837,1.040275868026276,-0.15778941474394145,8.04371536098126e-14
98,2019,China,-14.46754107517868,2.7073212105663846,-2.0764688647301983,-13.836688729342484,-15.505775507543776,1.6690867782012908,0.0,2.3929788234993215e-13
147,2019,China,-2.894593543289864,-0.7838223712898347,-0.27590878386865103,-3.954324698448349,-3.0325479352241893,-0.9217767632241601,-0.12301320694922695,2.0839908664536875e-14
34,2019,China,0.9804869597273095,2.7774522816715637,-2.8059662876089484,0.9519729537899244,-0.4224961840771649,1.3744691378670892,1.4130474818834051,3.51674256288476e-14
139,2019,South Korea,-7.6557285318468224,-5.268763730923825,5.768280248363885,-7.156212014406763,-4.77158840766488,-2.3846236067418833,0.0,5.51225159835489e-14
81,2019,China,-0.9840688939227205,-0.8729165686400897,0.934273807196003,-0.9227116553668072,-0.516931990324719,-0.4057796650420882,-0.07651758134976369,2.393964320112355e-14
71,2019,Taiwan,4.53847829301491,-5.860836747165706,6.238377031927211,4.916018577776414,7.657666808978514,-2.7416482312021007,2.3112308160859403,2.7866306813906925e-14
131,2019,China,-14.801622678376653,-0.6149640328799787,0.25433579756453245,-15.162250913692098,-14.674454779594386,-0.48779613409771244,0.17700770313661768,2.099263942616337e-14
97,2019,China,-3.9756241548152516,0.06191711475807438,0.13519835960776141,-3.7785086804494155,-3.908024975011371,0.1295162945619551,3.9806432062171306,5.469799781444443e-14
72,2019,China,-4.491789199584869,-1.6874595914705273,1.5259907629948963,-4.6532580280605,-3.728793818087421,-0.924464209973079,-0.15187131257897246,2.211361126974345e-14
109,2019,China,-17.160237358391104,-2.837882311862268,3.2060884102581317,-16.792031259995237,-15.557193153262036,-1.2348381067332022,0.4718497548943146,2.5545695964850214e-14
45,2019,China,0.7553223932503809,3.1374134036845898,-2.8148749749476405,1.0778608219873305,-0.6521150942234394,1.7299759162107697,0.0,0.0
88,2019,China,-16.898327048973403,0.7858534754402045,0.7381310214141876,-15.37434255211901,-16.529261538266308,1.1549189861472982,0.6120831167581711,4.125548523794694e-14
89,2019,China,-17.31308029298264,-2.842482486372697,2.9815446163731716,-17.174018162982165,-15.822307984796055,-1.3517101781861112,0.6722036858925402,3.410876019764009e-14
74,2019,China,-10.515228955718545,-0.5685634721948094,2.6411912070508237,-8.44260122086253,-9.194633352193133,0.7520321313306024,0.6326486591872196,1.2753760676181149e-14
38,2019,China,-19.316814210239624,-2.7273886664028164,3.6161305032002264,-18.428072373442212,-17.50874895863951,-0.9193234148027029,-1.005348458270806,0.0
63,2019,China,-2.1415163353370996,1.0094306655663383,-0.7080364288050549,-1.8401220985758162,-2.4955345497396273,0.6554124511638109,0.24663498253634894,0.0
14,2019,China,-4.308216147766327,-1.8151871919993228,1.9082008897607594,-4.215202450004891,-3.354115702885948,-0.861086747118943,0.7760180083899778,1.3763233020126618e-14
57,2019,Vietnam,21.06233683137027,-4.2875662562730055,2.2334494821784423,19.008220057275707,22.179061572459492,-3.1708415151837848,16.719467800254026,3.226093772209236e-14
19,2019,China,-11.621171006266637,1.1992755578367154,0.20942726481432594,-10.212468183615606,-11.516457373859478,1.3039891902438727,0.5675025337896328,0.0
50,2019,China,-15.946833522178212,-1.4698777048170601,1.9935557889285724,-15.423155438066699,-14.950055627713924,-0.473099810352774,0.0,2.0861772813196133e-14
24,2019,China,-18.709229562953436,-3.168017829019276,2.8787039992416372,-18.998543392731076,-17.26987756333262,-1.7286658293984576,0.2883901646952032,3.0999861113869996e-14
1,2019,China,-14.149020689583702,-2.1836882111571536,2.651532245276321,-13.681176655464547,-12.823254566945547,-0.8579220885189988,0.0,0.0
0,2019,China,-17.23991382477199,-2.5694771408922157,2.996589022156871,-16.81280194350733,-15.741619313693553,-1.0711826298137803,0.0,0.0
46,2020,China,5.5602312020761175,3.4403132553143165,-3.463490584656249,5.537053872734186,3.8284859097479935,1.708567962986192,-0.015372019200689452,3.604883866006383e-13
112,2020,Vietnam,10.919931746890166,-0.08052297967568925,0.2735355258863513,11.112944293100828,11.056699509833342,0.056244783267486415,0.1159584845697698,6.113936677054811e-13
130,2020,Vietnam,8.287883463547805,-6.353220929843455,7.344680315984591,9.279342849688943,11.960223621540102,-2.6808807718511587,-0.9317129589077411,8.643197294732501e-13
39,2020,Taiwan,0.8823081693835628,-3.9070053526185795,3.5643737720346667,0.5396765887996496,2.664495055400896,-2.1248184666012464,2.2577806873454676,6.567724971447914e-14
66,2020,China,-13.144362194340983,-7.187343656896278,4.908551487859984,-15.423154363377275,-10.690086450410991,-4.733067912966285,4.6335165669456915,5.026103041238251e-13
111,2020,China,2.53443027261293,4.138910096111893,-3.113713839503105,3.559626529221718,0.9775733528613778,2.5820531763603403,-0.03708325241977443,2.3696122642649956e-13
115,2020,Vietnam,4.149241818105249,-0.3829661575928208,0.8381942374967111,4.60446989800914,4.568338936853605,0.03613096115553477,-0.07072149283479506,2.7574245986043325e-13
135,2020,Japan,10.75265832793271,1.6966415397502703,-1.919829612102723,10.529470255580259,9.792743521881349,0.7367267336989088,-0.5697421852145432,5.400539726450931e-13
168,2020,China,-4.106168759479536,2.659089680153748,-3.6618460855991284,-5.108925164924917,-5.937091802279101,0.8281666373541837,-0.34603637029369266,3.9022172517996753e-13
169,2020,China,-17.595642714606804,1.318844019118293,-0.8748283347739181,-17.15162703026243,-18.033056881993762,0.881429851731334,-0.1270295573998555,2.18694615433495e-13
165,2020,China,-5.748803455872105,2.1867160888851194,-3.0899030620208308,-6.6519904290078165,-7.2937549868825196,0.6417645578747043,1.6780364796670424,6.124214563106693e-13
107,2020,Vietnam,8.342614342942746,-6.3578833785275695,7.230908945944643,9.21563991035982,11.95806881591507,-2.742428905555247,-0.49486250284161737,2.344136066091859e-13
147,2020,China,-9.674373354293595,0.8161700192573023,-1.2693820627539223,-10.127585397790215,-10.309064385670556,0.18147898788034109,0.09434665075733367,1.1192812341649161e-13
52,2020,China,5.7445640394528725,0.08796088474061567,0.05654641583267147,5.88907134002616,5.772837247369208,0.1162340926569514,0.0,0.0
101,2020,China,2.627571666424106,-2.2126934219396714,2.5139846319254326,2.928862876409867,3.884563982386822,-0.9557011059769551,-0.5905069725713558,1.5460453837294262e-14
124,2020,China,0.7014881428955377,-2.768303451732068,2.9127847339643633,0.8459694251278325,2.157880509877719,-1.3119110847498867,-0.12967759385710884,4.43269983262352e-14
139,2020,South Korea,4.621943871959999,-1.1526018867673822,1.4608256516283593,4.930167636820976,5.352356697774178,-0.4221890609532027,0.0,2.3203421171969387e-14
71,2020,Taiwan,4.935726072896138,-8.517973797753415,8.946376815869153,5.364129091011877,9.408914480830715,-4.044785389818838,2.179352309331592,2.7937993266589352e-14
78,2020,China,-5.294005658232061,-3.580063448836231,3.4554373977813233,-5.41863170928697,-3.5662869593414004,-1.8523447499455692,0.7562136402998023,5.79204442492819e-14
131,2020,China,-16.17923462820208,1.2483330545051492,-1.018439669651156,-15.949341243348092,-16.68845446302766,0.7391132196795712,-0.46878604699763143,2.0971596412045367e-14
98,2020,China,-17.488994278051017,3.8486876287874976,-3.8615428952148494,-17.501849544478358,-19.419765725658436,1.9179161811800796,0.0,2.6769487552834372e-14
97,2020,China,10.432869984529574,3.0487848850352868,-3.0615538989480573,10.420100970616804,8.902093035055547,1.518007935561258,4.29576667556261,1.5228865149838936e-14
91,2020,China,9.816456495765475,5.5639967639503745,-2.010569963905053,13.369883295810798,8.81117151381295,4.558711781997848,4.848891172234855,5.371975493278335e-14
72,2020,China,10.245604483075374,1.7018332076509757,-2.3014065790646363,9.646031111661713,9.094901193543055,0.5511299181186576,0.13143881576718508,3.758299624641613e-14
109,2020,China,-7.4518159020829655,-1.0946337081037818,1.4493497658879897,-7.097099844298758,-6.727141019138971,-0.36995882515978695,0.6472401868839796,3.554746854955394e-14
34,2020,China,2.4861524873663527,0.7341237805433246,-0.7858070935654536,2.4344691743442235,2.0932489405836257,0.3412202337605978,1.4256464362237087,1.8583783341555585e-14
4,2020,China,12.714284458337582,8.788215168164042,-11.897801629078545,9.60469799742308,6.765383643798311,2.8393143536247694,6.197430014254955,0.0
81,2020,China,3.4086181481593187,-2.668405587525245,2.5097032483434933,3.2499158089775673,4.663469772331065,-1.4135539633534981,0.8289711665212782,0.0
3,2020,China,-6.669798615632423,0.12555489129500566,0.6165656206428907,-5.927678103694527,-6.361515805310978,0.433837701616451,-0.4071662185759387,1.4814946153875613e-14
92,2020,China,-6.445477132021758,-3.175799968826709,2.679495462271054,-6.941781638577413,-5.105729400886231,-1.8360522376911819,4.318143384600419,2.876726570099823e-14
88,2020,China,-19.07972994457913,1.83128213073546,-1.0127343164741411,-18.261182130317813,-19.586097102816204,1.3249149724983895,1.096173884742486,2.103060486676541e-14
89,2020,China,-3.6760364004101382,-1.4670700494429152,1.4900055188452315,-3.653100931007822,-2.931033640987523,-0.7220672900202996,0.9212582525425724,2.973105034672733e-14
74,2020,China,1.1779321056970067,2.553109247891665,0.4268173874749813,4.157858741063653,1.3913407994344973,2.7665179416291554,0.34160523929060677,0.0
45,2020,China,2.515334660962202,1.0165502318938877,-0.7801455398523105,2.7517393530037793,2.125261891036047,0.6264774619677325,0.0,0.0
57,2020,Vietnam,13.557157110785873,-6.134846364797619,4.555024222260329,11.97733496824858,15.834669221916036,-3.857334253667455,16.921380436713065,0.0
38,2020,China,-5.854778867732309,-1.9160988803625494,3.210099343213867,-4.560778404880991,-4.249729196125376,-0.31104920875561537,-1.4054397499527131,0.0
14,2020,China,-7.533012133990943,-3.1696910489179824,3.138987704513594,-7.5637154783953315,-5.963518281734147,-1.6001971966611852,0.9473928658085048,2.5379034206366415e-14
63,2020,China,-12.21384915988677,0.8104281831014002,-0.5050129958663307,-11.9084339726517,-12.466355657819935,0.5579216851682348,0.41165918811780994,2.7853118064736633e-14
32,2020,China,12.509159352352883,9.059203690802688,-6.586619546695932,14.981743496459638,9.215849579004917,5.765893917454721,0.3576865690189096,1.7384192090929286e-14
50,2020,China,-17.514074492595753,0.3144642632350307,0.2557223222401553,-16.94388790712057,-17.386213331475677,0.4423254243551083,0.0,0.0
24,2020,China,-11.174517088726674,-0.33193224200609606,0.6452985193255353,-10.861150811407235,-10.851867829063906,-0.009282982343328453,-0.28168488799378333,0.0
19,2020,China,-12.949869801594726,-0.026531486211232164,0.5027211084496125,-12.473680179356345,-12.69850924736992,0.22482906801357408,0.7564995997456363,0.0
1,2020,China,-10.240616640226948,0.4173629703657102,0.4863522194348476,-9.33690145042639,-9.997440530509525,0.660539080083134,0.0,0.0
0,2020,China,-8.421117032561948,0.4610583167395061,0.0648490511236182,-7.895209664698825,-8.38869250700014,0.4934828423013152,0.04287773305904685,0.0
21,2021,China,-3.801612699956091,9.892157393777463,-9.515594523358555,-3.425049829537182,-8.559409961635367,5.134360132098186,0.39199784448118,1.2305292981142946e-13
135,2021,Japan,15.04291216704177,2.77588513278319,-2.2419131548730173,15.576884144951944,13.921955589605263,1.654928555346681,-1.681021472666399,7.504351099516912e-13
168,2021,China,8.080280970513307,-0.31933325537299745,-1.2845893365279104,6.476358378612399,7.43798630224935,-0.9616279236369527,-0.6437769892323647,4.917282852203836e-13
169,2021,China,5.412956875450992,-3.5697964384688308,3.7854863311272116,5.628646768109372,7.305700041014599,-1.6770532729052254,0.5601743486107468,5.479222777995922e-13
143,2021,Vietnam,-1.6529465140938755,-5.057519820905858,5.960704513981354,-0.7497618210183785,1.3274057428968018,-2.0771675639151805,0.4988058036531927,3.988204558671584e-13
165,2021,China,8.645100137736836,0.770689904899164,-0.5964593221956512,8.81933072044035,8.34687047663901,0.4724602438013384,0.3869036356156884,1.1686396695431205e-13
159,2021,Vietnam,7.523714525381285,-1.0700282209394023,1.9038393465154915,8.357525650957374,8.47563419863903,-0.1181085476816564,5.207620930499107,3.096541464035291e-13
62,2021,Taiwan,-6.968991808595735,-12.800393439916638,12.936599997495236,-6.832785251017139,-0.5006918098481188,-6.33209344116902,-0.56319059046041,4.9243786255768484e-14
133,2021,Vietnam,1.0053121628327217,-2.3560605224643805,5.313270375163656,3.9625220155319973,3.66194735041455,0.3005746651174478,-0.7008893477520188,9.137128682738058e-14
147,2021,China,3.4689582424226706,1.0010423284861167,-1.597338733327203,2.872661837581584,2.6702888757590686,0.20237296182251513,-0.5254069587109956,1.5999467628997156e-13
141,2021,Vietnam,5.547935956169256,6.570987612520041,-1.3976273937594035,10.721296174929892,4.849122259289554,5.872173915640339,3.520767865147066,3.4743349138502696e-14
86,2021,Vietnam,0.5269836191623622,-2.808050238446038,5.1558319699202935,2.874765350636618,3.1048996041225094,-0.23013425348589137,-2.0752495933613924,1.3570804937997102e-13
139,2021,South Korea,-0.047154612874846166,-6.209749157872177,6.115250758019203,-0.14165301272781997,3.0104707661347554,-3.1521237788625753,0.0,5.07758974323581e-14
39,2021,Taiwan,-3.6855663054917747,-7.424713089187267,8.234504353115533,-2.8757750415635086,0.43168587106599177,-3.3074609126295,1.1636125791389094,6.891860339003733e-14
115,2021,Vietnam,-0.13359241181705475,4.968795534494942,-2.5493556735123124,2.2858474491655745,-1.4082702485732108,3.6941176977387853,0.8484757552789968,2.8028163370524642e-14
8,2021,China,-1.5679891076943144,4.804200496075494,-6.010099001254539,-2.773887612873359,-4.573038608321584,1.7991509954482245,0.6429172349647713,1.6661071784525425e-14
71,2021,Taiwan,-3.7491568447311336,-14.406074602736835,14.909008692108602,-3.246222755359366,3.7053475013231676,-6.951570256682534,2.069330159440261,3.140527381360023e-14
119,2021,China,-6.510019118912408,5.9589421167678225,-5.570122556333002,-6.121199558477587,-9.295080397078907,3.1738808386013213,0.21179927856714723,9.39047936291556e-14
126,2021,Vietnam,8.993013111682588,5.302902828181331,-3.563398779831438,10.732517160032481,7.211313721766869,3.521203438265613,5.265588560726578,7.684992339189666e-14
131,2021,China,6.250113384623636,-4.4834302918604925,3.658648221863802,5.425331314626946,8.079437495555538,-2.6541061809285913,1.8628674550171975,0.0
130,2021,Vietnam,3.5557890638896534,-1.416814251490585,4.275785896719452,6.414760709118521,5.693682012249379,0.721078696869141,1.6294633333619806,7.464499916938039e-14
124,2021,China,-2.8946566492827275,-4.028406693121496,3.8500220726165804,-3.0730412697876424,-0.9696456129744372,-2.103395656813205,0.7596202094172122,0.0
118,2021,China,-7.4957747461811035,-4.2979311321759575,4.792965199462274,-7.000740678894787,-5.099292146449966,-1.9014485324448203,0.0,2.6054805873445733e-14
120,2021,China,-3.262441151434148,-3.216548236751351,1.7515218430265587,-4.727467545158941,-2.3866802299208687,-2.340787315238072,0.7290994397634771,3.252678874949687e-14
41,2021,China,-7.34114957956749,3.170075265865533,-1.301875805111916,-5.4729501188138725,-7.992087482123449,2.519137363309575,1.7407891088716827,4.122712885586926e-14
111,2021,China,-2.1191123910601326,0.7059283582236656,0.18970235689181947,-1.2234816759446476,-2.0242612126142228,0.8007795366695754,2.73404028040186,5.5489017631522565e-14
112,2021,Vietnam,4.964721904281212,5.145580793689429,-0.9124583942529493,9.197844303717691,4.508492707154737,4.689351596562955,0.9955063470205866,0.0
103,2021,China,-9.109266889719397,0.33484039029587603,-0.2087659813419019,-8.983192480765421,-9.213649880390346,0.23045739962492512,2.780651871319561,0.0
109,2021,China,4.848332435576973,-4.591899546894678,4.297710123001751,4.5541430116840464,6.9971874970778485,-2.443044485393802,0.9282358735210635,2.0966221950407448e-14
107,2021,Vietnam,1.412341028154863,-2.832595414075858,4.4233515460411095,3.003097160120115,3.6240168011754177,-0.6209196410553031,3.1968365598894968,0.0
47,2021,China,-2.7035077406887096,3.8311926350159244,-2.3984447680634413,-1.2707598737362262,-3.9027301247204305,2.631970250984204,0.6143095975401438,1.99701058749909e-14
97,2021,China,1.6850525273686787,2.428535282840961,-2.023923448887473,2.089664361322167,0.6730908029249422,1.4165735583972248,3.1229779687104453,3.5731175236725154e-14
101,2021,China,-0.919290582892671,-3.9252160852598763,4.183928730279327,-0.6605779378732203,1.1726737822469924,-1.8332517201202128,0.020404980995763575,2.136156902666438e-14
98,2021,China,6.883063471189729,-1.9236708742761475,1.70225656752533,6.661649164438913,7.734191754952394,-1.0725425905134824,0.0,2.3402502721005846e-14
64,2021,Vietnam,-10.47622549259255,-0.7747139674436426,4.68984440153067,-6.561095058505521,-8.131303291827214,1.5702082333216925,0.0,1.9413885161732778e-14
12,2021,China,-0.6903709222782389,1.8344867471969069,-1.1050249171893125,0.039090907729355494,-1.242883380872895,1.2819742886022505,2.6235517431951205,1.4464128364270824e-14
92,2021,China,-7.740804030974828,-2.4371633013776774,3.9725096922313434,-6.205457640121162,-5.754549184859157,-0.45090845526200574,1.1521216855341128,2.890382024043957e-14
88,2021,China,4.743945286972192,-4.162420911563686,3.6486517159600793,4.230176091368586,6.568271144952232,-2.3380950535836456,2.237498016185523,3.3132754483343283e-14
89,2021,China,-2.5412964580781816,-3.3992578291952555,3.5116826455743375,-2.4288716416990996,-0.7854551352910127,-1.6434165064080868,0.5843501233962025,1.4805205520442346e-14
90,2021,China,-2.144263289676991,0.21311026270950467,0.1824348720651626,-1.7487181549023239,-2.0530458536444094,0.304327698742086,2.5162994888739223,3.562188125004373e-14
91,2021,China,-0.28870747705591454,3.352931997698051,-1.4343317042729435,1.6298928163691933,-1.0058733291923865,2.6357661455615795,8.213680738690913,1.9880895218668762e-14
46,2021,China,2.3604723125081923,1.0247323759780547,-1.0524461631652084,2.3327585253210383,1.834249230925588,0.49850929439545044,-0.5793956858216136,0.0
82,2021,China,6.997602205509238,-3.9547816300021292,3.6439484192436993,6.686768994750807,8.819576415131086,-2.1328074203802796,-0.1382704702088082,2.48723596845469e-14
52,2021,China,2.1461748263876013,-1.5720131807879203,1.834621381068758,2.4087830266684387,3.06348551692198,-0.6547024902535411,0.0,0.0
78,2021,China,-1.0956257319205762,-6.2985333558069945,6.907620740921828,-0.4865383468057426,2.358184638540338,-2.8447229853460803,0.35705114165841434,0.0
81,2021,China,-0.653344889892881,-4.017328978550971,3.8787734783979557,-0.7919003900458967,1.286041849306097,-2.0779422393519935,0.7038038559769263,3.5616754794135584e-14
74,2021,China,-8.41613135848313,-2.1664544056336297,3.2235659775891987,-7.3590197865275595,-6.80434836968853,-0.5546714168390304,0.06961735424155732,2.4234576609285257e-14
72,2021,China,-4.372849239063281,-1.202177575349261,0.9137271336147104,-4.661299680797831,-3.915985672255925,-0.745314008541906,-0.31336280522730137,0.0
66,2021,China,-13.920695783270176,-6.484720261615869,6.019415105606217,-14.386000939279825,-10.910988230467066,-3.475012708812759,4.69749759304806,2.666605995717339e-14
63,2021,China,5.033372834464219,0.36702935474258136,-1.299871412305935,4.100530776900865,4.383437128311251,-0.28290635141038606,1.684075362394368,0.0
57,2021,Vietnam,6.261557627751261,-3.7035390815389624,2.03166591464033,4.589684460852628,7.277390585071426,-2.687706124218798,16.201523259102018,1.7237487389168393e-14
35,2021,China,-5.312690771609107,-1.6185505441694341,1.0021538781751402,-5.9290874376034015,-4.811613832521537,-1.1174736050818639,1.7069138183631674,1.7576647524760823e-14
45,2021,China,-0.461646462455843,0.6235886156577323,-0.3853324974230479,-0.2233903442211587,-0.6543127111673669,0.4309223669462083,0.0,0.0
50,2021,China,6.205394894523416,-4.004323198669161,4.299636301437512,6.500707997291768,8.355213045242174,-1.8545050479504057,0.0,1.645276699712073e-14
34,2021,China,-1.001564702502009,-0.0852057578914582,0.17798761217983572,-0.9087828482136313,-0.912570896412091,0.0037880481984596407,1.0029998259124029,0.0
37,2021,China,-10.245763665830905,-5.020783287233796,4.934571245082971,-10.33197570798173,-7.77847804328942,-2.5534976646923107,0.7125946773911058,1.88267705535439e-14
38,2021,China,-5.275890395401697,-3.6903634549966617,3.670899991082435,-5.295353859315923,-3.4404403998604787,-1.854913459455444,1.0176453515646933,0.0
6,2021,China,4.566870046031777,-5.89996240054714,5.201598891273866,3.8685065367585034,7.16766949166871,-3.299162954910207,0.5081572080747763,0.0
32,2021,China,0.23011395742845625,7.083244549353017,-4.230552995406776,3.082805511374697,-1.885162540274932,4.967968051649629,-0.08556827950994332,0.0
28,2021,China,4.399363312742805,-5.578398334955844,4.434914399689637,3.255879377476598,6.616820512587624,-3.360941135111026,2.1699522613443882,0.0
14,2021,China,-4.432995204037817,-7.174925710163235,7.444746659714352,-4.1631742544867,-0.7106218741806404,-3.4525523803060594,0.4521612006367194,0.0
24,2021,China,4.080452704895898,-4.555742700599196,4.31095066630959,3.8356606706062917,6.235928038050694,-2.400267367444401,0.516832262439175,1.2529593541602737e-14
19,2021,China,8.053769040562447,-4.4250270891703245,3.909999920857559,7.538741872249682,10.008769000991226,-2.470027128741545,1.1070268496255535,0.0
4,2021,China,-2.559459172691808,6.251613546587411,-5.989905240129558,-2.297750866233956,-5.5544117927565875,3.2566609265226316,2.7774461144182627,0.0
3,2021,China,5.8724940766106,-4.181159556629745,4.049519223242267,5.740853743223123,7.897253688231734,-2.1563999450086113,0.25849256664926107,0.0
1,2021,China,7.202003397142873,-3.8021090567001994,3.8836123537676217,7.2835066942102955,9.143809574026683,-1.8603028798163883,0.0,0.0
0,2021,China,5.914710331195173,-2.9313129911865845,3.0595706688646147,6.042968008873203,7.44449566562748,-1.4015276567542772,-0.09346112164512485,0.0
110,2022,China,9.063794401616445,3.319699899910063,-3.3349581147591527,9.048536186767354,7.396315344236868,1.6522208425304863,0.20735588143635658,8.029467684491325e-13
168,2022,China,2.2650890433779227,3.2954584350577187,-4.975913639592192,0.5846338388434495,-0.22286777641817315,0.8075016152616227,-0.6350117268198127,6.517096733211075e-13
169,2022,China,-7.219518127618466,1.7841962191943288,-2.2723238518536646,-7.707645760277801,-8.3556800535453,0.6480342932674963,1.605439902286197,1.4065895488678038e-13
165,2022,China,3.1671853734704207,2.1343526664982138,-3.203599597274296,2.0979384426943386,1.565385574833273,0.5325528678610658,2.321467874104527,4.388548677089705e-13
166,2022,Japan,5.642923004420447,2.965657133234554,-2.9777247989921727,5.630855338662828,4.154060604924361,1.4767947337384677,0.642489607676683,2.296965223663122e-13
159,2022,Vietnam,3.245261637195117,-1.6820162396953977,3.2602097638203404,4.82345516132006,4.875366519105287,-0.05191135778522731,4.167710839114955,1.1053766393136918e-13
143,2022,Vietnam,-5.06155398009388,-4.466050824233222,6.007094871974846,-3.520509932352257,-2.058006544106457,-1.4625033882457994,0.14878522140663047,3.350751733933212e-14
147,2022,China,-5.181947074801166,2.047368166080605,-2.214005490564277,-5.348584399284838,-6.288949820083304,0.9403654207984664,-1.115412784575021,4.249471233828588e-14
62,2022,Taiwan,6.3858549225543255,-3.924831461175237,4.009046956529383,6.470070417908472,8.390378400819017,-1.9203079829105452,-0.530981934120458,3.7602429755008703e-14
133,2022,Vietnam,-1.6208026179689097,-3.0829549813847867,5.616407341135339,0.9126497417816429,1.1874010525987597,-0.27475131081711684,-0.2894976131826017,8.114028754578479e-14
141,2022,Vietnam,1.6166444974316636,3.9132536289467064,0.41965421146524934,5.9495523378436195,1.8264716031642882,4.1230807346793314,3.8577288591421692,0.0
139,2022,South Korea,4.313063876349809,-1.5919484321266035,2.1610981476930404,4.882213591916246,5.393612950196329,-0.5113993582800832,0.0,0.0
119,2022,China,13.623895200825388,16.09654778329162,-14.936639648721464,14.783803335395545,6.155575376464656,8.62822795893089,-0.02094578393218877,5.492211654155575e-14
135,2022,Japan,11.542773812553783,3.2231725165044223,-2.72589423343207,12.040052095626136,10.179826695837749,1.8602253997883875,0.17819814993424468,0.0
126,2022,Vietnam,2.001033154212475,3.0902451886658793,-1.481787699213118,3.6094906436652354,1.2601393046059157,2.34935133905932,4.768568407941372,6.383664750321786e-14
131,2022,China,-4.656207740479471,3.521950178020784,-3.014952860023027,-4.149210422481714,-6.163684170490984,2.01447374800927,-0.4892420535239517,7.630538302910518e-14
39,2022,Taiwan,8.610297318816954,2.4946360640877803,-1.8909005635289962,9.214032819375737,7.664847037052455,1.549185782323282,0.9815275551130197,4.6098925768198567e-14
130,2022,Vietnam,0.8706385862288227,-2.7122325772834937,4.974663358906292,3.133069367851621,3.357970265681969,-0.2249008978303479,1.2663623791717138,7.880098774837217e-14
124,2022,China,1.4023643698675208,-1.9613842510656774,1.8935513592962108,1.3345314780980542,2.349140049515626,-1.0146085714175719,0.503117205862867,1.7555264423480537e-14
118,2022,China,-3.6232335317707918,0.7012526487171604,0.027387554149750953,-2.8945933289038805,-3.609539754695916,0.7149464257920359,0.0,6.152431776613998e-14
120,2022,China,2.8202968920645874,0.7535910013306358,-1.9617462066171845,1.612141686778039,1.839423788755995,-0.22728210197795629,-0.622512971103181,0.0
41,2022,China,4.4480285377851185,8.281647938385166,-5.601590215258975,7.128086260911308,1.6472334301556308,5.480852830755678,0.7476721057969027,3.530984188470997e-14
115,2022,Vietnam,-4.493656009613558,2.4073727305670145,-0.7653549299425155,-2.851638208989059,-4.876333474584816,2.024695265595757,1.2046186340632352,1.9894289372080334e-14
111,2022,China,11.869807893328838,5.303993270715249,-4.780022214302494,12.393778949741591,9.479796786177591,2.9139821635640017,3.3215349291586773,2.2989830219903586e-14
112,2022,Vietnam,1.2983766607888696,3.1106831868119014,0.839685846142489,5.24874569374326,1.718219583860114,3.5305261098831457,0.6035096721334278,0.0
108,2022,China,-8.403452726940266,2.5769517101737356,-1.5268304506825436,-7.353331467449073,-9.166867952281537,1.8135364848324638,-0.00409642789951761,2.441389330353786e-14
109,2022,China,-1.5159896222869989,1.3398015003574024,-0.05208344321818066,-0.22827156514777713,-1.5420313438960893,1.3137597787483122,-0.05986723018644788,4.3359587847478234e-14
107,2022,Vietnam,-0.053552386237092034,-2.518144443836331,3.8038597771045373,1.2321629470311137,1.8483775023151765,-0.6162145552840627,2.7001763772825442,3.8422444111414136e-14
47,2022,China,10.58939126419676,6.381199459696725,-5.486050223194021,11.484540500699463,7.84636615259975,3.6381743480997146,1.6574119323580334,1.7115544826546228e-14
103,2022,China,10.533987504795622,8.061830497370293,-7.144756400041068,11.451061602124849,6.961609304775089,4.489452297349759,2.848179178757698,0.0
97,2022,China,13.832160166647526,5.316050387855677,-4.8289988410947196,14.319211713408484,11.417660746100166,2.901550967308317,2.9585557504559143,4.052313012951763e-14
101,2022,China,3.351881239885404,-2.4644926740264297,2.5774842989960347,3.464872864855009,4.640623389383422,-1.1757505245284123,0.025154282432642457,0.0
98,2022,China,-8.681938400695488,4.049468922718033,-3.895036384598501,-8.527505862575957,-10.629456592994737,2.1019507304187814,0.0,1.3891624579026336e-14
44,2022,China,0.1447785579909145,0.5898745976010822,0.40848700533838006,1.1431401609303768,0.34902206066010455,0.7941181002702722,0.0,0.0
94,2022,China,-8.684931742680359,1.7292042975688513,-1.2618488466833773,-8.217576291794884,-9.315856166022046,1.0982798742271624,0.0,0.0
92,2022,China,-0.1902026877073868,0.6743306315910658,-1.9303925904937629,-1.4462646466100837,-1.1553989829542681,-0.2908656636558155,5.571939149745577,0.0
88,2022,China,-8.366150466714046,3.6799217086128864,-2.027787090971968,-6.714015849073128,-9.380044012200031,2.666028163126902,1.2566604407090933,0.0
89,2022,China,1.501037011429997,1.6888823774208324,-1.7912366165652278,1.3986827722856012,0.605418703147383,0.7932640691382185,0.9334748744156246,0.0
90,2022,China,12.219764365288324,5.223073759158674,-4.885813306928387,12.557024817518608,9.776857711824128,2.78016710569448,1.0594947475944936,3.02109174145256e-14
91,2022,China,12.952533886326847,8.353883519130742,-4.910188747065143,16.39622865839245,10.497439512794278,5.89878914559817,5.48305144141934,1.6666169504192147e-14
86,2022,Vietnam,-0.9947010757007422,-2.639101543247716,4.409495213518461,0.7756925945700035,1.2100465310584885,-0.434353936488485,2.3000157590999706,0.0
82,2022,China,-2.872339531551455,0.9929641329155608,0.33312501603139794,-1.5462503826044962,-2.705777023535756,1.15952664093126,-0.49125080802544563,1.3517924472327787e-14
81,2022,China,3.8521419487624655,-3.0381354199905495,2.8500915451481394,3.6640980739200564,5.277187721336536,-1.6130896474164795,0.6523058883971902,0.0
78,2022,China,-1.5587429500642276,-1.8076055202036514,2.523001109299462,-0.8433473609684164,-0.2972423954144964,-0.5461049655539201,0.6034464869075097,1.5757865092780796e-14
76,2022,China,-0.7844121763266938,1.7578491451480431,-0.9112810210054347,0.06215594781591432,-1.2400526868294113,1.3022086346453257,1.0759461180944259,1.584453483466481e-14
74,2022,China,6.422078674067287,3.374641095981465,-0.4174250684929994,9.379294701555754,6.2133661398207884,3.1659285617349653,0.4316523788385418,0.0
71,2022,Taiwan,7.066676067339643,-6.853737087252969,6.954698209486542,7.167637189573217,10.544025172082915,-3.376387982509697,1.5867472605619926,1.7531779397319454e-14
8,2022,China,9.229850715884993,10.755198010129009,-9.531100318581435,10.453948407432565,4.464300556594274,5.989647850838291,-0.299003005930006,4.244185668909964e-14
72,2022,China,2.496044038682498,-0.2444724223787366,-0.9784086004139566,1.273163015889805,2.0068397384755197,-0.7336767225857149,0.4487012243231195,1.153287922607365e-14
70,2022,China,1.3336450956447128,-0.633791321616522,0.9700777903005281,1.669931564328719,1.8186839907949768,-0.1487524264662579,-0.20612072914626337,1.524268573056408e-14
64,2022,Vietnam,-14.632258494649614,-4.228513303190688,6.867418612174479,-11.993353185665823,-11.198549188562373,-0.7948039971034487,0.0,2.8103772592942264e-14
66,2022,China,-10.072949417754698,-7.305740121193248,1.624428289572682,-15.754261249375265,-9.260735272968358,-6.493525976406907,10.861828895123091,1.3322767870477272e-14
63,2022,China,-2.824469053434714,2.6914293249703514,-2.3443093169521636,-2.4773490454165263,-3.996623711910796,1.5192746664942696,0.1371773618062571,2.5831955767172412e-14
52,2022,China,6.2599990956113265,-1.2890632462159493,1.6440699563413537,6.615005805736731,7.082034073782003,-0.46702826804527225,0.0,0.0
57,2022,Vietnam,6.206147135541362,-2.780195666349,1.0660031264292371,4.491954595621599,6.739148698755981,-2.247194103134382,16.729794005785525,5.383273247102868e-14
42,2022,Taiwan,3.4771209373518914,-1.230535416243879,1.30834964290733,3.554935164015343,4.131295758805557,-0.576360594790214,0.10872240685423562,0.0
35,2022,China,2.293903475126541,0.9295499870905135,-1.1805508971122538,2.0429025651048005,1.7036280265704138,0.33927453853438655,0.5434784652602869,0.0
46,2022,China,5.240229037507102,2.597667834024984,-2.45962663584757,5.378270235684517,4.010415719583317,1.3678545161011992,0.4094241907236589,0.0
50,2022,China,-5.775829219430987,2.7927817347811055,-1.4829496957399224,-4.465997180389804,-6.517304067300948,2.0513068869111444,0.0,0.0
45,2022,China,3.451466140864212,1.6100865385396286,-1.3653783106307216,3.696174368773119,2.7687769855488513,0.9273973832242679,0.0,0.0
37,2022,China,-8.968494361845904,-0.656316061072617,1.0998294042366081,-8.524981018681913,-8.4185796597276,-0.10640135895431284,-0.6797415665124782,0.0
38,2022,China,-0.1590665336819798,2.257426298824725,-0.8697461193503561,1.2286136457923889,-0.5939395933571578,1.8225532391495467,-0.47188668118532917,0.0
6,2022,China,0.31217210449070887,-0.46652867962536276,0.6975172556494131,0.5431606805147592,0.6609307323154154,-0.1177700518006562,0.7211364570807863,0.0
34,2022,China,2.908250838639277,0.8119258260314485,-0.9081008093775855,2.81207585529314,2.454200433950484,0.35787542134265576,1.290339739467316,0.0
21,2022,China,7.121307135501925,16.6272075113123,-14.530609673967646,9.21790497284658,-0.14399770148189722,9.361902674328476,0.782279435371464,0.0
32,2022,China,10.895795008267873,10.484982017037634,-8.092420072693672,13.288356952611839,6.849584971921037,6.4387719806908,0.13646634077653313,0.0
28,2022,China,1.0663773540422408,2.282252866416169,-0.3566024588242103,2.9920277616341995,0.8880761246301356,2.103951637004064,-0.12197160981825873,0.0
14,2022,China,-3.3022776034053547,-1.4328562626210481,2.171905987154829,-2.5632278788715737,-2.2163246098279403,-0.34690326904363356,0.13137850606017087,0.0
24,2022,China,-5.382324288799534,-1.2675038828528666,1.470048182406602,-5.179779989245799,-4.647300197596233,-0.5324797916495657,-0.4468205159815764,1.3670984762547807e-14
19,2022,China,-2.46277658993494,2.244949301349376,-0.6480156247187135,-0.8658429133042767,-2.786784402294296,1.9209414889900196,0.47587299854798804,1.1376933331215715e-14
12,2022,China,14.439968797614549,8.457609748703682,-7.916228169329129,14.9813503769891,10.481854712949984,4.499495664039117,2.3804370416339053,0.0
4,2022,China,8.854483781231632,12.199987128190337,-10.60238504350872,10.452085865913247,3.5532912594772723,6.898794606435977,1.422150225455708,0.0
3,2022,China,-3.753156394773463,0.5402026206256354,1.3704479219496162,-1.8425058521982114,-3.0679324337986547,1.2254265816004435,-0.3848450271943413,0.0
1,2022,China,-3.0629219765223805,0.42461116549054234,0.8652275601400966,-1.773083250891741,-2.630308196452332,0.8572249455605907,0.0,0.0
0,2022,China,-4.109406308723744,0.7003795685926598,0.09967943360647111,-3.309347306524614,-4.059566591920509,0.7502192853958953,0.17642015461698266,0.0
168,2023,China,6.138088567357906,1.939622414150527,-2.903146454375011,5.174564527133422,4.686515340170401,0.4880491869630216,-1.1632476943496375,1.8414361926067147e-13
169,2023,China,0.9676401956560157,-0.19489510871376137,0.40707172203086106,1.1798168089731154,1.1711760566714462,0.008640752301669127,0.1434251291989437,1.8231022811786318e-13
165,2023,China,8.302097474157035,3.03920435109283,-2.9106611216664566,8.430640703583407,6.846766913323806,1.5838737902596016,1.1134003434289075,5.092173412331406e-14
166,2023,Japan,0.3733268196706889,0.7991843192842426,-0.778019755580737,0.39449138337419465,-0.015683058119679592,0.4101744414938742,0.7209682490844744,2.818426175061006e-13
159,2023,Vietnam,15.14984045557865,1.1411967641357417,-2.407549265932057,13.883487953782334,13.946065822612619,-0.06257786883028692,6.7902973955906125,3.013025448066081e-13
56,2023,Vietnam,1.9836094255680614,-2.9124689999916424,2.2401783885914948,1.3113188141679137,3.103698619863809,-1.792379805695895,7.488571984177267,1.8382651463817852e-13
147,2023,China,0.5771199907954562,2.571750554388135,-1.558036967554405,1.5908335776291864,-0.20189849298174636,1.7927320706109326,-2.3310710839204702,3.9455569032834176e-14
143,2023,Vietnam,4.39802458359466,-1.4358637098249032,2.2830155821426077,5.245176455912365,5.5395323746659635,-0.2943559187535993,1.0404103747789826,1.802321256613846e-14
145,2023,Japan,40.329845131048856,-2.3219339856540797,1.662432229316184,39.67034337471097,41.161061245706954,-1.4907178709959876,0.5863424354342899,4.01107839421104e-14
141,2023,Vietnam,11.747616615494474,8.067631076081529,-2.4007374793892695,17.414510212186734,10.547247875799838,6.867262336386895,2.232247793054156,1.5516941167878153e-14
133,2023,Vietnam,8.268808417261232,-0.029219011179406274,1.9470395817408317,10.186628987822658,9.242328208131648,0.9443007796910095,0.8690456266072606,2.976336770570954e-14
139,2023,South Korea,4.416572265363284,0.6162879083132612,-0.25617984046717474,4.77668033320937,4.2884823451296965,0.4881979880796738,0.0,3.680734490696835e-14
119,2023,China,5.641276583541008,10.410519226931331,-9.599928686671825,6.451867123800515,0.8413122402050952,5.610554883595419,-0.08543943437765922,6.57276915326951e-14
125,2023,China,-0.8474215189362165,8.606771509593612,-8.533680287003547,-0.7743302963461505,-5.11426166243799,4.3399313660918395,0.511506185395423,2.2688748861972575e-14
135,2023,Japan,7.8140891099467975,-0.24482098943485694,-0.4599308203813857,7.109337300130555,7.5841236997561055,-0.4747863996255498,-0.022966724348915835,7.742189545350549e-14
104,2023,China,-6.45121082181299,0.06907038768572074,-0.06899903580436181,-6.451139469931631,-6.485710339715172,0.034570869783539834,0.8481074700123914,3.274598431812959e-14
131,2023,China,1.2169380798802298,-0.7577029840938183,0.06567596760407109,0.5249110633904828,1.2497760636822655,-0.7248650002917827,0.8419109914013033,1.780108139619578e-14
126,2023,Vietnam,16.207516204549243,6.909321187753989,-5.711800373681091,17.405037018622142,13.351616017708697,4.053421000913444,5.369295457336082,3.3448338952765705e-14
130,2023,Vietnam,9.597326900616956,-0.9494267006319269,2.979145119576887,11.627045319561917,11.086899460405402,0.5401458591565168,2.4310021372179897,6.741020950365572e-14
124,2023,China,-7.00153483428805,-4.1289051392201355,4.133888919122831,-6.996551054385352,-4.934590374726633,-2.06196067965872,0.46587150073701417,1.9805443795509128e-14
118,2023,China,-4.561133429807328,0.5881367850392941,0.6174842322776721,-3.355512412490362,-4.252391313668492,0.8968789011781302,0.0,0.0
120,2023,China,2.6156809240662535,-2.8489052546704285,1.210188089083034,0.9769637584788589,3.2207749686077705,-2.2438112101289116,1.3379717882445752,6.174143108018049e-14
114,2023,China,1.8937199192227607,1.1609706155628232,-1.1109504381070834,1.9437400966785003,1.3382447001692188,0.6054953965092815,0.6667430552124307,0.0
62,2023,Taiwan,-3.5837699937964054,-9.982765673956314,9.824243920599393,-3.742291747153325,1.3283519665032912,-5.070643713656616,0.7488952595552845,0.0
115,2023,Vietnam,5.275068776351308,5.094909924551998,-2.6561263222234737,7.7138523786798325,3.9470056152395707,3.7668467634402614,1.2203678337360964,3.336817409491553e-14
111,2023,China,-2.0127010579943647,3.384450870295013,-3.2338215908177412,-1.862071778517093,-3.629611853403235,1.7675400748861425,3.792214301689409,0.0
112,2023,Vietnam,11.0345976763588,5.314462106293025,-2.0330629569872416,14.315996825664584,10.01806619786518,4.297930627799404,1.2992590507332944,1.5573000607431972e-14
108,2023,China,-3.4269033428428513,0.7752601082538013,0.21638445495692116,-2.4352587796321283,-3.3187111153643905,0.8834523357322619,-0.22490326396123628,2.2965727011940105e-14
109,2023,China,-0.35285655255381804,0.6673088952176365,-0.04779535328137999,0.26665698938243854,-0.376754229194508,0.6434112185769465,0.5482139585455951,4.433982742147036e-14
110,2023,China,5.341284977034099,7.5340632360822894,-7.130170951628145,5.745177261488242,1.776199501220026,3.9689777602682157,1.9186327781329,4.729949030194533e-14
107,2023,Vietnam,8.523786291644019,-1.5348800636048332,1.9102614789160244,8.899167706955211,9.47891703110203,-0.579749324146821,5.079811297295693,3.301506267255743e-14
105,2023,China,4.67430066046867,9.963413454173372,-9.416559254970307,5.221154859671735,-0.033978967016484646,5.255133826688219,2.5912913894115075,3.821274210510938e-14
79,2023,China,6.25942718104529,1.120246274726651,0.060174652461642386,7.439848108233585,6.289514507276112,1.1503336009574723,-0.778255967387197,4.137820064636869e-14
103,2023,China,2.1338149761107745,9.317332814643317,-8.17275385219158,3.278393938562511,-1.9525619499850158,5.230955888547527,2.63309611676555,0.0
97,2023,China,-0.11526525438166223,1.1611832306222805,-0.7567036504977023,0.289214325742916,-0.4936170796305134,0.7828314053734293,3.1321836876218354,0.0
101,2023,China,-6.790161037463969,-5.14255056509802,5.2166629660427155,-6.716048636519273,-4.181829554442612,-2.5342190820766617,0.13320483936624092,0.0
98,2023,China,3.2095086441385137,0.9525385706598672,-1.0952479711973102,3.066799243601071,2.6618846585398592,0.4049145850612121,0.0,4.948016586816444e-14
94,2023,China,-2.906262925540252,0.5217791278539462,-0.24440644608424508,-2.6288902437705506,-3.0284661485823743,0.3995759048118236,0.0,1.8249598436576865e-14
85,2023,China,2.6360909549114226,9.078144081483087,-8.608889240675142,3.1053457957193666,-1.6683536654261488,4.773699461145515,2.684331790408393,1.431295853826951e-14
92,2023,China,-2.886453306531932,2.672689162107519,-2.54790356522346,-2.7616677096478734,-4.160405089143662,1.3987373794957891,4.2445608300611415,1.4034400935670871e-14
88,2023,China,0.9511662946723817,1.0965296858025628,0.5443818111766896,2.592077791651634,1.2233572002607265,1.3687205913909077,0.9439168094452175,1.7185379889625607e-14
89,2023,China,1.646025071822628,1.32066252459775,-1.801108976406462,1.1655786200139158,0.7454705836193971,0.42010803639451877,1.6494308148647836,2.858333898790765e-14
90,2023,China,-1.4383774747195208,3.856727934761587,-3.670226747214834,-1.251876287172768,-3.273490848326938,2.02161456115417,2.550846295034642,0.0
91,2023,China,-0.4202348392196085,0.907754059340582,-1.2267337412983277,-0.7392145211773543,-1.0336017098687724,0.29438718869141806,9.79893098483817,2.0267477796775955e-14
86,2023,Vietnam,7.831575859357956,-2.081837657613585,1.6632058723567982,7.41294407410117,8.663178795536355,-1.2502347214351859,4.272749129491118,2.2087990193601135e-14
82,2023,China,0.7807221254841487,-0.19296764142990075,0.9984411850921698,1.5861956691464174,1.2799427180302334,0.3062529511161841,0.12903131044597274,0.0
81,2023,China,-6.121138162371505,-4.7566721917272226,4.70076553791658,-6.177044816182148,-3.7707553934132148,-2.406289422768933,0.5690222671257271,1.9019923211247063e-14
78,2023,China,1.108247645311931,-0.4282984029493448,1.5470027650795743,2.2269520074421605,1.8817490278517182,0.3452029795904424,0.7499443401848014,3.069298666603667e-14
76,2023,China,5.04547591733004,3.344730634705475,-2.077942880579716,6.312263671455797,4.006504477040182,2.3057591944156166,0.9436962886888125,0.0
74,2023,China,1.326453864967832,7.862339133223443,-4.938097424349003,4.250695573842273,-1.1425948472066694,5.393290421048942,0.29900535590915484,1.1147898513326262e-14
72,2023,China,0.8591725293379525,-1.668520873731624,1.2036198001118812,0.3942714557182098,1.4609824293938931,-1.0667109736756832,0.2578354339730815,2.335320608931923e-14
71,2023,Taiwan,0.9182371753400062,-8.885286314828871,9.090383552612264,1.1233344131234,5.463428951646138,-4.340094538522738,1.4348726888645902,0.0
70,2023,China,9.432048852763135,-0.011854911888718891,0.3199516665465291,9.740145607420946,9.5920246860364,0.1481209213845457,0.03685286915897636,1.4124234415362625e-14
39,2023,Taiwan,-2.282200261821623,-2.1706307595330965,2.6647601500982185,-1.7880708712565012,-0.9498201867725139,-0.8382506844839873,1.191631639209386,0.0
66,2023,China,-13.41357192537869,-4.555277301522634,1.6548919851665616,-16.313957241734762,-12.58612593279541,-3.7278313089393538,9.09116521944787,0.0
63,2023,China,2.4230440194034477,3.3644250503006443,-2.8828798604245653,2.9045892092795267,0.9816040891911647,1.9229851200883616,0.3166621867689501,0.0
64,2023,Vietnam,-6.847708858610116,-2.9095118445772243,5.999345365066643,-3.7578753381206975,-3.8480361760767945,0.09016083795609654,0.0,2.4423471719177914e-14
57,2023,Vietnam,14.246518668130198,-1.8991913964245064,-1.049708364053565,11.297618907652128,13.721664486103416,-2.424045578451289,17.40786201101412,2.9120361776436375e-14
52,2023,China,-5.710776157258142,-3.3124232416605346,3.6654040605427936,-5.357795338375882,-3.8780741269867445,-1.4797212113891376,0.0,1.3537640502139776e-14
41,2023,China,-5.507111820508054,6.709530091708392,-4.941170518412086,-3.738752247211747,-7.977697079714096,4.23894483250235,1.5235498252288986,0.0
35,2023,China,1.0291234929330808,-0.734860966333932,0.5768363950797447,0.8710989216788935,1.3175416904729533,-0.44644276879405975,1.1321823909800215,0.0
50,2023,China,0.4043736960216755,0.0874262232756819,0.8533168987248867,1.3451168180222441,0.8310321453841187,0.5140846726381252,0.0,0.0
47,2023,China,-1.3687123958512297,4.7726682142824535,-3.9755757338156226,-0.5716199153843988,-3.3565002627590412,2.784880347374642,1.5851400025405953,0.0
45,2023,China,-4.324802649712415,0.13748428696004777,0.08342029713672179,-4.103898065615645,-4.283092501144053,0.17919443552840866,0.0,0.0
46,2023,China,-3.7698565866705205,0.33772055752594043,-0.3343525541047527,-3.7664885832493327,-3.9370328637228966,0.17054428047356407,0.45602414295844257,0.0
42,2023,Taiwan,-1.7146412488966443,-2.728949024539075,2.7963177286864016,-1.6472725447493175,-0.31648238455344335,-1.3307901601958743,0.10258951063427324,0.0
44,2023,China,4.399263714854717,1.709799519870026,0.024536297031891637,6.133599531756635,4.411531863370663,1.722067668385972,0.0,0.0
37,2023,China,-11.249181542104377,-0.9762707582524585,1.452984377351058,-10.772467923005777,-10.522689353428849,-0.24977856957692948,0.24458449367021684,0.0
38,2023,China,-0.6984589132429031,2.0272694264508386,-0.9419896835923776,0.38682082961555814,-1.1694537550390918,1.55627458465465,-0.3072184258694985,0.0
34,2023,China,-4.191332914152201,0.15790608627118707,-0.07325277265171812,-4.106679600532732,-4.2279593004780605,0.12127969994532802,1.1917059343748821,0.0
32,2023,China,0.7620991093620678,5.073148164191959,-3.1424558141060004,2.692791459448028,-0.8091287976909322,3.5019202571389596,-0.2629686550312475,0.0
28,2023,China,3.260161478911774,1.6005687764644367,-0.6437113978138186,4.217018857562392,2.938305780004865,1.2787130775575273,1.1662103478095736,0.0
14,2023,China,-0.4978277534963691,-1.083718736835572,1.943994478373768,0.3624479880418268,0.47416948569051487,-0.11172149764868804,0.6360559525000454,0.0
24,2023,China,-1.5719876034851261,-0.7510837776103655,0.9842243064826676,-1.338847074612824,-1.0798754502437924,-0.2589716243690317,-0.5155148628092743,0.0
21,2023,China,-6.221929990848078,10.902837501875194,-9.519728358463668,-4.838820847436551,-10.981794170079912,6.14297332264336,1.0260045163823208,0.0
19,2023,China,2.863786443289399,-0.16241171619033698,1.1180462210814752,3.8194209481805372,3.422809553830137,0.39661139435040066,0.7222475025657964,0.0
8,2023,China,1.678105021225144,4.085994644529634,-3.7629225166282247,2.001177149126553,-0.20335623708896824,2.204533386215521,0.4291315726751308,0.0
6,2023,China,8.067189726778476,0.6646400667578934,0.13568585003590036,8.86751564357227,8.135032651796426,0.7324829917758436,0.3026188943037375,0.0
12,2023,China,0.2822653789214749,6.308839860226007,-5.649013863890764,0.9420913752567173,-2.5422415530239073,3.4843329282806246,2.73100252031559,0.0
4,2023,China,2.4725559897734155,7.191105293839156,-6.033287612242348,3.630373671370223,-0.5440878163477588,4.174461487717982,1.1302903760364222,0.0
3,2023,China,-0.7940772422588855,0.7100705702897837,0.8635869566858144,0.7795802847167127,-0.3622837639159782,1.141864048632691,-0.29818919581221515,0.0
1,2023,China,2.6228378088765396,0.6338813675604519,-0.01120032819269679,3.245518848244295,2.6172376447801913,0.6282812034641035,0.0,0.0
0,2023,China,-1.1815074590830286,0.6403929902222488,0.028060400257872493,-0.5130540686029073,-1.1674772589540923,0.654423190351185,-0.05088127852534832,0.0
168,2024,China,1.9274928111889043,1.6950897445449558,-3.018696356226126,0.603886199507734,0.41814463307584143,0.18574156643189263,-1.0239667034499491,7.226602575839382e-13
169,2024,China,-0.30824691472176147,1.6870185435902698,-1.659114762235911,-0.2803431333674025,-1.137804295839717,0.8574611624723144,0.36076977595470666,5.133620798026057e-13
165,2024,China,5.281990089790671,2.560419407761717,-3.1386628651834894,4.703746632368899,3.7126586571989266,0.9910879751699723,1.7884963423101874,1.565032909124899e-13
166,2024,Japan,-1.9147854817508796,-1.8665275010529816,1.7648164951199035,-2.0164964876839573,-1.0323772341909276,-0.9841192534930298,0.6038972448130681,2.705823991839922e-13
159,2024,Vietnam,16.502293380356438,-1.9461453938628728,2.854223330885595,17.410371317379163,17.929405045799236,-0.5190337284200752,4.529064866324195,1.8287325214833705e-13
151,2024,South Korea,-1.5348914008323562,-3.216995833511396,3.046834195584472,-1.7050530387592804,-0.011474303040119987,-1.6935787357191603,0.0,1.016380791408762e-13
147,2024,China,-0.4645859104208326,2.1070959584560836,-1.640340090560823,0.00216995747442793,-1.284755955701244,1.2869259131756718,-2.261609950651829,6.086512833962597e-14
145,2024,Japan,38.12518268894701,-1.221817376461984,1.1920854376551686,38.095450750140195,38.72122540777458,-0.6257746576343995,0.48801432760683644,8.281369020966252e-14
143,2024,Vietnam,6.612560977589194,-5.125767055444592,6.581892849369961,8.068686771514562,9.903507402274174,-1.8348206307596115,0.3091844769759861,1.0046722455399818e-13
141,2024,Vietnam,15.793301029470458,3.4536640874594,1.0016090092228127,20.248574126152672,16.294105534081865,3.9544685920708065,3.3422576306569027,7.546947092441512e-14
139,2024,South Korea,-3.0222289666794167,-4.201257668108985,4.456538635864528,-2.766947998923873,-0.7939596487471526,-1.9729883501767203,0.0,1.3400109993255513e-14
135,2024,Japan,5.438768884958814,-3.197151996408804,2.33053027498534,4.57214716353535,6.604034022451484,-2.0318868589161343,0.4191759002574894,5.030398164352406e-14
132,2024,China,1.0688245101547877,3.541356606494429,-2.528078402461432,2.0821027141877844,-0.19521469107592826,2.277317405263713,-1.7286734245316988,7.841137920404204e-14
133,2024,Vietnam,11.74456285958525,-3.4940681659834176,5.629121616713078,13.87961631031491,14.559123667941789,-0.6795073576268783,0.5138018617197783,4.7890616040192685e-14
131,2024,China,0.7373775117460596,2.9723698444054696,-1.9511100893153093,1.7586372668362198,-0.238177532911595,1.996814799747815,-1.9413923677604332,3.501903123950555e-14
130,2024,Vietnam,15.84620633417608,-3.128420463327438,4.990326004392852,17.708111875241496,18.34136933637251,-0.6332574611310119,1.3819141958800523,1.2720304825969918e-14
126,2024,Vietnam,15.05391486935338,2.3474547752167294,-1.3457567639370576,16.05561288063305,14.381036487384849,1.6745763932482005,5.451635684911311,0.0
125,2024,China,-3.871463939714056,9.506793782823644,-9.299708472870746,-3.664378629761158,-8.521318176149428,4.856939546388271,0.836776583336965,1.9119260023694932e-14
124,2024,China,-0.9626282836372291,-2.035017993482274,2.0229301407616447,-0.9747161363578583,0.04883678674359328,-1.0235529231014515,0.6807328118073277,3.717264582802954e-14
118,2024,China,-1.789465327359228,-1.574072469754992,2.713613016448977,-0.6499247806652432,-0.43265881913473975,-0.21726596153050345,0.0,2.3748584106081334e-14
119,2024,China,10.459421558616508,14.47740453677548,-14.353165653294262,10.583660442097727,3.2828387319693793,7.300821710128348,2.7066312775565313,0.0
120,2024,China,8.24629094791485,-1.626433155807254,0.09307160338141462,6.71292939548901,8.292826749605556,-1.5798973541165466,1.2921848430356253,5.888867891387414e-14
114,2024,China,3.938167563082388,0.16206656930628477,-0.11489156998340212,3.9853425624052705,3.880721778090686,0.1046207843145837,0.922783968187988,2.0814080751413665e-14
115,2024,Vietnam,11.907095579243025,3.4157810194325324,-1.487171540102639,13.83570505857292,11.163509809191707,2.6721952493812133,1.2962648534689185,3.1671262688194535e-14
111,2024,China,-0.49069197209002036,1.816865992215687,-0.8102115738641167,0.5159624462615497,-0.8957977590220787,1.4117602052836284,2.028209688429641,0.0
112,2024,Vietnam,15.722859907837178,2.5296300280255677,0.7838539380799728,19.03634387394272,16.114786876877165,2.921556997065554,0.6865148557380563,0.0
106,2024,China,6.585635329867298,4.059404689011577,-2.6587216520464847,7.986318366832392,5.256274503844057,2.7300438629883352,0.028743485754289276,0.0
108,2024,China,-0.6214910444863563,2.952720103442362,-1.9461478897352822,0.38508116922071217,-1.594564989354003,1.9796461585747152,-0.23782289760935527,3.3601014711520235e-14
109,2024,China,4.211058624282684,0.2418336117157882,0.15177753487502949,4.604669770873501,4.286947391720199,0.3177223791533029,0.5829443301435161,4.139557937084467e-14
110,2024,China,8.042014220641647,5.670883826509499,-5.7455978091599,7.967300237991244,5.169215316061696,2.7980849219295485,2.2819783528767386,2.202844200046377e-14
104,2024,China,-1.4954318493799383,-1.7533886242940415,1.7226101975964871,-1.5262102760774932,-0.6341267505816949,-0.8920835254957982,0.8208071532198876,1.8717621248679812e-14
107,2024,Vietnam,13.044778349162858,-3.844372586931693,4.934790594412097,14.135196356643261,15.512173646368906,-1.3769772897256447,2.7264348050453977,4.697642368876248e-14
105,2024,China,8.618207162100854,12.461343786800558,-12.059103776842633,9.020447172058777,2.588655273679536,6.431791898379241,2.9776551167498595,2.3188246731016336e-14
103,2024,China,6.81480369512805,10.093744939515178,-9.441534295458581,7.4670143391846455,2.0940365473987583,5.372977791785887,3.305778345408137,1.7382832070044385e-14
101,2024,China,0.4350329706000652,-2.668179840675121,2.926528847411835,0.6933819773367798,1.8982973943059829,-1.2049154169692031,0.16143107554789346,2.122164907434818e-14
98,2024,China,0.9442299686398749,4.715050202354138,-4.5984813204317865,1.0607988505622266,-1.355010691576018,2.4158095421382444,0.0,3.759479894783681e-14
97,2024,China,10.395670636210422,3.2694610493303298,-2.873623176878725,10.791508508662027,8.95885904777106,1.8326494608909676,2.9499875301217147,2.07513510386361e-14
94,2024,China,-1.4027432754462836,1.3879568602817096,-1.3658997643558177,-1.3806861795203915,-2.0856931576241924,0.7050069781038008,0.0,1.7847117431363332e-14
92,2024,China,0.055909454705656364,1.16071638311382,-0.2643781131566879,0.9522477246627886,-0.07627960187268759,1.0285273265354762,3.1690720840121775,0.0
88,2024,China,-0.9055954456980722,2.3981562249541137,-1.6609013583434504,-0.16834057908740915,-1.7360461248697976,1.5677055457823883,1.5477347967942987,3.4958918230940446e-14
89,2024,China,1.8063280122137644,-0.33033116475716257,0.2846386645687315,1.7606355120253336,1.9486473444981303,-0.18801183247279682,1.1931126302527528,1.3637844213867759e-14
90,2024,China,0.8016625489934658,2.6065217836299843,-2.2635733266096243,1.144611006013826,-0.3301241143113463,1.4747351203251722,1.236984989330685,3.43868012621991e-14
91,2024,China,10.702451576382833,6.9309153324268635,-2.7637303958494863,14.869636512960211,9.32058637845809,5.549050134502122,4.737979153948034,3.430426867638031e-14
85,2024,China,6.747828176375818,9.253555070879353,-9.275496872773768,6.7258863744814015,2.110079739988935,4.6158066344924675,3.28181757600439,2.5333911110054162e-14
86,2024,Vietnam,11.593511603527809,-4.6740687965912695,5.919102656437475,12.838545463374013,14.553062931746545,-1.7145174683725317,2.4278424070033653,0.0
82,2024,China,1.1948410815674049,0.21924628848269911,0.7842668708171274,2.198354240867231,1.5869745169759684,0.6113797238912627,-0.1801009817321673,0.0
81,2024,China,1.546382797658612,-2.3156163179830354,2.202694742211632,1.433461221887209,2.647730168764428,-1.2142689468772192,0.7113331548301478,1.7635717567882092e-14
77,2024,China,-1.8331083446374963,-11.531913809824768,11.15843197993502,-2.206590174527244,3.7461076453300137,-5.952697819857258,1.2769967952865637,4.8944712926567464e-14
78,2024,China,0.3245185820477284,1.0612403729330595,-0.04874035983695058,1.3370185951438374,0.3001484021292531,1.0368701930145843,1.0916764724157713,0.0
79,2024,China,8.834934520602339,4.382839720489269,-3.5687500499685156,9.649024191123091,7.05055949561808,2.598464695505011,0.9887956037540729,1.3808398047530002e-14
76,2024,China,4.108080993418071,3.904890493268027,-2.26131680218861,5.751654684497487,2.9774225923237654,2.774232092173722,0.6734363437880128,2.953872369866676e-14
74,2024,China,3.6809034803403278,5.276997324757015,-3.1629213206619973,5.794979484435346,2.099442820009329,3.695536664426016,0.034831546683199516,0.0
72,2024,China,8.239527371996804,0.3800987426355604,-0.36462048305658173,8.255005631575782,8.057217130468512,0.19778850110726956,-0.38089574789889524,0.0
71,2024,Taiwan,-1.3718954214644137,-12.69877532939808,12.872885162353079,-1.197785588509414,5.064547159712126,-6.2623327482215405,1.58200950509685,1.8864394212828212e-14
70,2024,China,5.472707586048087,-0.7898593282040761,0.48116094238251406,5.164009200226525,5.713288057239344,-0.5492788570128191,0.20406912289203005,1.47445353929626e-14
66,2024,China,-4.372172940421624,-6.321055972344809,2.7789985733390976,-7.914230339427336,-2.9826736537520757,-4.931556685675261,9.53215395389149,1.2366941249594089e-14
63,2024,China,3.369790787906656,4.511112456317899,-4.632236552080609,3.2486666921439458,1.0536725118663517,2.1949941802775945,0.5493124808403196,2.4368158557906103e-14
64,2024,Vietnam,8.764200693448737,-0.5614591991858774,3.6665895714137267,11.869331065676587,10.5974954791556,1.271835586520986,0.0,4.172977729055084e-14
62,2024,Taiwan,-2.8146353421643573,-9.832862624221187,9.707436683843726,-2.940061282541819,2.0390829997575053,-4.979144282299324,1.2270546949447207,0.0
57,2024,Vietnam,21.01873824873193,-3.623075551649517,1.502097238400168,18.89775993548258,21.769786867932012,-2.8720269324494327,15.753189781595223,6.572933346511203e-14
56,2024,Vietnam,7.209779314618488,0.35764973391402033,1.5656552641612629,9.13308431269377,7.9926069466991185,1.1404773659946519,1.4662730519038052,0.0
52,2024,China,2.7246896004220558,-0.5747554728470262,1.1109990096904145,3.260933137265444,3.280189105267263,-0.019255968001818835,0.0,0.0
50,2024,China,-0.3452592037750264,1.7270677505533814,-0.9996182120752012,0.38219033470315383,-0.8450683098126269,1.2272586445157807,0.0,1.7598966753281602e-14
41,2024,China,-8.193234084720386,6.47266426569124,-4.663757982216006,-6.384327801245152,-10.525113075828388,4.140785274583237,0.7221412542252706,0.0
47,2024,China,1.2058777841421775,1.7596802227839208,-1.1309000525702515,1.8346579543558468,0.6404277578570517,1.194230196498795,1.181398677091161,1.490183153061096e-14
46,2024,China,3.1708066194996074,2.6665316240521557,-2.5047907468596797,3.332547496692083,1.9184112460697675,1.4141362506223156,0.6833119237892379,0.0
45,2024,China,0.5334837838696744,1.1734020475104927,-0.8869392648325225,0.8199465665476444,0.09001415145341307,0.7299324150942315,0.0,0.0
44,2024,China,6.509786998524862,3.13368809848655,-1.483322280697357,8.160152816314055,5.768125858176183,2.3920269581378717,0.0,0.0
33,2024,China,-0.4978417147181453,-8.2025296974844,8.758132380667739,0.05776096846519583,3.8812244756157246,-3.823463507150529,0.017540658548759826,0.0
42,2024,Taiwan,-5.267569315755103,-3.7929843986206477,3.9036024233847924,-5.156951290990959,-3.315768104062707,-1.8411831869282513,0.12487077196343233,0.0
37,2024,China,-5.410316001449796,-3.7950667072950632,3.6483301067661844,-5.557052601978674,-3.586150948066703,-1.9709016539119708,0.5413283613064588,0.0
39,2024,Taiwan,-2.7509078682417476,-5.019316400590897,5.426914605041136,-2.343309663791508,-0.03745056572117914,-2.3058590980703286,0.9764427912904904,0.0
38,2024,China,0.5133302636243388,0.1180432254364798,0.7816952887288094,1.413068777789628,0.9041779079887435,0.5088908698008845,0.011980904606158142,1.2751835256547295e-14
35,2024,China,7.665321066774923,-0.08059308436512223,-0.07286997450642445,7.511858007903376,7.628886079521711,-0.11702807161833446,1.103824898034145,1.2591403219440199e-14
34,2024,China,0.5720375494054184,0.8926897089910691,-0.9608782436873665,0.503849014709121,0.09159842756173509,0.41225058714738594,1.3404299323012672,0.0
32,2024,China,8.558494923903025,6.954989879450904,-5.441560285155856,10.071924518198072,5.837714781325096,4.234209736872975,0.46781336103766163,0.0
28,2024,China,4.650247997749987,-0.3847639741208768,0.05122612929520274,4.316710152924314,4.675861062397589,-0.3591509094732754,1.8135702125785107,0.0
24,2024,China,4.646777117424824,0.8566376453250137,-0.5633899568488038,4.940024805901034,4.365082139000422,0.5749426669006119,-0.3459511086459796,1.2519499277824473e-14
21,2024,China,3.2793253066827397,14.510390323181221,-12.961655552125562,4.8280600777384,-3.2015024693800407,8.029562547118442,0.9920237583909461,0.0
19,2024,China,1.2184763468248567,0.7501362681428031,-0.13730940683846482,1.831303208129195,1.149821643405624,0.6814815647235707,1.048704787197321,0.0
14,2024,China,-0.603548020684397,0.4409417812366691,0.45262739171360034,0.29002115226587255,-0.3772343248275967,0.6672554770934693,0.4731360225250697,0.0
12,2024,China,2.3365582973553995,5.062459826249117,-4.561542271199393,2.837475852405123,0.05578716175570295,2.7816886906494203,2.64989958390144,0.0
8,2024,China,8.276069189694118,6.235456155652392,-5.521004066171775,8.990521279174736,5.515567156608231,3.4749541225665044,-0.011846129439342962,0.0
6,2024,China,5.780687810600568,0.1531049090518635,0.5964236953725476,6.530216415024979,6.078899658286842,0.45131675673813726,-0.06612616268192428,0.0
4,2024,China,9.095350952861889,8.231750213335868,-7.593220093826222,9.733881072371533,5.298740905948776,4.435140166422756,2.1035062981804566,0.0
3,2024,China,3.0308762890110117,0.7632116208483168,0.6558460782412041,4.449933988100533,3.358799328131614,1.091134659968919,-0.09853136008539738,0.0
1,2024,China,1.367731709362689,0.23731018284336736,0.5846639418469586,2.189705834053015,1.6600636802861684,0.5296421537668466,0.0,0.0
0,2024,China,2.5620627916173504,0.32387046429266714,0.5194700636630022,3.4054033195730202,2.8217978234488514,0.5836054961241682,-0.0688726984829508,1.3105499865567146e-14
10,2014,United Kingdom,2.5759773619809008,-0.3936551983355409,-0.3262218643645654,1.8561002992807947,2.412866429798618,-0.5567661305178236,0.5917256691659263,3.814172156785526e-13
163,2014,Sweden,7.068157340633739,-1.8742550490439231,1.290042816496172,6.4839451080859885,7.713178748881825,-1.2292336407958373,1.149724352211318,2.291534248119859e-13
152,2014,Denmark,2.531791807458038,-0.6880592913329427,1.1337535251017776,2.977486041226873,3.098668570008927,-0.12118252878205382,0.0,1.749267730348155e-13
157,2014,Denmark,7.388422137348834,-0.6694957447035698,-0.5767246986821424,6.1422016939631225,7.100059788007763,-0.957858094044641,7.455460148058178,1.0904782593912893e-13
158,2014,Ireland,-3.135319835171144,1.962120055674608,-1.0391842564759965,-2.2123840359725215,-3.6549119634091367,1.4425279274366152,3.056109145015369,9.141560197132162e-14
154,2014,Denmark,8.01362241806326,-0.6272858891879113,1.7724861301821822,9.158822659057531,8.89986548315435,0.2589571759031799,-0.09202855621398558,1.7038296683006043e-14
149,2014,Sweden,2.9191273874179244,0.6417370805107334,2.17472727898078,5.735591746909438,4.006491026908314,1.7291007200011235,0.0,5.6240423805570237e-14
153,2014,Denmark,5.48617156474169,-2.2780029281773433,3.4279910847055097,6.636159721269857,7.200167107094445,-0.5640073858245882,0.06523258920515981,2.169331092137644e-14
99,2014,Sweden,7.75611553038193,-0.6251330553040945,0.29545987438045146,7.426442349458287,7.903845467572156,-0.4774031181138688,1.481320547239664,0.0
144,2014,Sweden,4.798706880082205,-3.3121347239880543,4.537107498057845,6.023679654151997,7.067260629111128,-1.043580974959131,-1.8475937855945928,7.40961339359637e-14
137,2014,Germany,4.369795494884274,-4.351909501997818,4.572482137257133,4.590368130143588,6.65603656351284,-2.0656684333692517,0.8832502958494223,6.572120612535985e-14
23,2014,Netherlands,5.140205831916809,-1.0331686284769355,0.8600446136916642,4.967081817131538,5.570228138762642,-0.6031463216311035,0.8371393106293177,0.0
128,2014,United Kingdom,-0.20611712086511677,0.5448539746478066,0.49829063675573687,0.8370274905384268,0.04302819751275169,0.7939992930256751,0.25356575270990345,6.226290982263618e-14
84,2014,United Kingdom,2.408485093564584,0.4826306975283165,-0.4805845574534693,2.410531233639431,2.1681928148378495,0.24233841880158188,2.272532320809859,5.789574865812352e-14
121,2014,Germany,5.796497866701743,-0.8778329204729776,1.6161052432439063,6.534770189472672,6.604550488323696,-0.06978029885102452,1.9321528604087892,1.9381298067678502e-14
122,2014,United Kingdom,6.8547290463832455,0.7642871229663784,-1.6467086981442387,5.972307471205385,6.031374697311126,-0.05906722610574116,3.133248017451514,3.7557092574743715e-14
123,2014,United Kingdom,5.49340978458182,-1.258781056673072,0.793285126862728,5.027913854771476,5.8900523480131834,-0.862138493241708,2.034467550335778,2.2431720643584683e-14
116,2014,United Kingdom,4.672726442982369,0.5400276173601168,-0.13947810837453536,5.0732759519679504,4.602987388795101,0.4702885631728491,-0.43739899918683756,4.845923759985753e-14
113,2014,Netherlands,1.9876781973794782,-1.0722088686537976,1.8210564573008379,2.7365257860265184,2.898206426029897,-0.16168064000337865,-0.5760671942350409,0.0
68,2014,Denmark,4.932174196753498,0.2463294777306522,0.23537879116095353,5.413882465645104,5.049863592333974,0.364018873311129,0.0,2.574961867763842e-14
87,2014,United Kingdom,5.383337306145494,-0.051862705661716094,-0.253966144983112,5.077508455500666,5.256354233653938,-0.1788457781532721,0.8267949255471995,3.062217831860568e-14
15,2014,Netherlands,3.5197014241571476,-0.8423643726700083,1.0864560295445733,3.7637930810317126,4.062929438929435,-0.2991363578977218,0.6126565899371842,2.9748563971694206e-14
102,2014,United Kingdom,0.22764875213818758,1.4412691895562006,-0.6216568584635712,1.047261083230817,-0.08317967709359805,1.1304407603244149,0.7918750052515267,1.820954468225088e-14
100,2014,Netherlands,1.0577099204214815,-3.9712727503304337,1.116712765837613,-1.796850064071339,1.616066303340288,-3.4129163674116274,3.1670933902826643,0.0
31,2014,Netherlands,3.6665254002721754,-1.284742316685949,1.245720450334857,3.627503533921083,4.2893856254396034,-0.6618820915185208,-0.00367560809467749,1.3429354700385823e-14
96,2014,United Kingdom,4.048024876986089,0.1349691070497775,-0.1276234242766855,4.055370559759182,3.984213164847747,0.07115739491143475,0.9430289933825473,1.4927579118629553e-14
83,2014,United Kingdom,1.574784353260109,-3.0505843760518263,3.3118636045968692,1.8360635818051518,3.230716155558544,-1.3946525737533917,0.6964460790055641,3.122151190441826e-14
59,2014,Denmark,8.626914328178502,-0.6874375663868414,0.8831807425222158,8.822657504313876,9.06850469943961,-0.24584719512573347,0.8724121810254158,1.5925178515242798e-14
67,2014,United Kingdom,5.591113267226662,-0.033163179017128876,-0.6454369864770979,4.9125131017324355,5.2683947739881125,-0.35588167225567785,3.4030455055414035,1.9401865727345248e-14
18,2014,Germany,7.06945741643403,-0.908247432269295,0.8631887156521334,7.024398699816868,7.501051774260097,-0.4766530744432284,-0.07585056278895512,0.0
25,2014,Sweden,8.91141585347317,-1.5142530452705807,1.8454193781705128,9.2425821863731,9.834125542558425,-0.5915433561853243,1.3661775361205148,0.0
16,2014,Netherlands,4.920351129430875,-0.8530488842342621,0.9879046144786198,5.055206859675232,5.414303436670185,-0.3590965769949522,0.0,2.4572561216912808e-14
20,2014,Netherlands,6.0261034396289235,-0.9153058472763641,0.9421987602718747,6.052996352624434,6.497202819764861,-0.44420646714042666,0.16463936850282848,0.0
60,2014,Denmark,6.764323685584883,0.23563472169738456,-0.080885150111548,6.91907325717072,6.723881110529109,0.19519214664161055,0.0,0.0
61,2014,Denmark,8.227244986999686,-0.30154020220055205,0.8734785979375776,8.799183382736713,8.663984285968475,0.1351990967682368,0.0,0.0
27,2014,Denmark,6.625593066297927,-1.1165407506845244,0.7823738577382462,6.29142617335165,7.016779995167051,-0.7253538218154012,0.42638853692236867,0.0
55,2014,United Kingdom,7.743987705941286,-0.45536018548377477,-0.11107367411046815,7.177553846347042,7.688450868886051,-0.5108970225390088,0.23566937357157836,0.0
49,2014,France,4.02429901429228,1.1029480280317407,0.15334058768915917,5.280587630013181,4.100969308136861,1.1796183218763203,-1.4298935950214051,1.442724171878056e-14
26,2014,United Kingdom,5.620751646820051,0.17344305150202538,0.03331485470907527,5.827509553031152,5.637409074174589,0.190100478856563,0.7182780288894791,0.0
22,2014,Germany,10.160803038924616,-1.8613400049911637,2.114645786182193,10.414108820115644,11.218125932015711,-0.8040171119000671,0.8517276249599662,0.0
43,2014,Denmark,10.553922775001881,-0.13953604071366113,0.37399410157366375,10.788380835861885,10.740919825788712,0.047461010073170766,-0.19738320678361776,0.0
30,2014,United Kingdom,6.164233068730797,-0.9864315888894212,0.7690695732305187,5.946871053071896,6.548767855346057,-0.6018968022741619,-0.13968898958251694,0.0
7,2014,Netherlands,6.603816216581966,-1.2680555149737898,1.1193018493523281,6.455062550960504,7.1634671412581294,-0.7084045902976258,-0.6164411896248554,0.0
17,2014,United Kingdom,4.513158946121449,0.006753335021184438,0.6004409923071613,5.120353273449795,4.81337944227503,0.30697383117476507,-0.7614494936673339,0.0
2,2014,Belgium,5.800333681790945,0.2243562843206232,-0.024985710804384578,5.999704255307184,5.787840826388753,0.2118634289184309,-0.27964776933935653,0.0
11,2014,Germany,9.13576111959442,-0.2481965922240647,0.4255336815342792,9.313098208904634,9.34852796036156,-0.03542975145692514,-0.12900163191719397,0.0
13,2014,United Kingdom,2.7426187058416427,1.5211483463812174,-1.4307159518726509,2.8330511003502092,2.027260729905317,0.8057903704448919,0.5603601633336319,0.0
9,2014,United Kingdom,5.8783690079317354,0.03314991736813576,-0.4046193895399966,5.5068995357598745,5.676059313161738,-0.16915977740186255,1.3849607093585106,2.0063661517571752e-14
10,2015,United Kingdom,7.587560631084502,2.6238068820892484,-2.516988052379856,7.694379460793894,6.329066604894573,1.3653128558993206,-0.10209200769792617,5.800050899653353e-14
163,2015,Sweden,13.922505297639395,0.1419070151789582,-0.5493902220688516,13.5150220907495,13.64781018660497,-0.13278809585546755,0.9345997107245685,1.031425209012057e-13
152,2015,Denmark,9.095283217705495,3.45819939731195,-2.0387418141325737,10.514740800884871,8.075912310639207,2.4388284902456627,0.0,4.266955319231906e-14
157,2015,Denmark,12.741398057104655,1.1125357516510048,-2.950334955222918,10.903598853532744,11.266230579493197,-0.36263172596045407,7.479868607195163,1.2291805957948982e-13
158,2015,Ireland,5.290351337424135,2.8982357236648393,-1.1715531472533443,7.017033913835631,4.7045747637974635,2.312459150038167,1.4440490130437151,1.4271654755900213e-13
154,2015,Denmark,13.04954401445691,4.825034585839794,-2.98727641645617,14.887302183840534,11.555905806228827,3.3313963776117093,-0.19819623756107824,6.303581397098534e-14
149,2015,Sweden,13.011082272314416,4.544551210180659,-1.5131551385977957,16.04247834389728,12.254504703015519,3.787973640881761,0.0,1.3898199006335097e-13
153,2015,Denmark,14.548603112067369,5.114567018349896,-2.4015397082878818,17.261630422129382,13.347833257923428,3.9137971642059557,-0.2552150575650093,1.3251250716601374e-13
99,2015,Sweden,14.725975192421634,2.6716209811658786,-2.9226733976079693,14.474922775979543,13.26463849361765,1.2102842823618938,1.323606462010925,6.511900487341193e-14
144,2015,Sweden,12.060621869179421,3.1648300212365683,-1.5196437053257656,13.705808185090227,11.30080001651654,2.4050081685736857,-3.59632020587102,1.6960207441606126e-14
137,2015,Germany,11.937789772326344,1.6315751233929032,-1.41366339929384,12.155701496425406,11.230958072679424,0.9247434237459833,0.7888401854004402,0.0
23,2015,Netherlands,5.702944814805077,1.609313152681028,-1.3650520658011007,5.947205901685003,5.020418781904526,0.9267871197804775,-0.06505186500940958,2.2489880381622744e-14
128,2015,United Kingdom,7.559021501007209,3.0211246614779,-3.515286381177829,7.064859781307279,5.801378310418293,1.2634814708889854,0.322238524752373,1.4303506908574902e-14
84,2015,United Kingdom,8.67267266223803,3.9486085973358427,-3.45878252861331,9.162498730960563,6.943281397931375,2.2192173330291878,2.5298877138510436,4.020487410871999e-14
121,2015,Germany,7.932711719528562,1.8084260145166169,-2.2282602519856067,7.512877482059572,6.818581593535759,0.6942958885238137,2.849682913428024,3.840290537622853e-14
122,2015,United Kingdom,10.186627989821876,3.5727590706474537,-2.5636293805166392,11.19575767995269,8.904813299563557,2.2909443803891336,1.2204135508642957,0.0
123,2015,United Kingdom,9.814987884834176,1.451201059110151,-1.5905455754678615,9.675643368476466,9.019715097100246,0.6559282713762201,2.08485224081392,0.0
116,2015,United Kingdom,8.625791326098309,3.0371327913005737,-3.0680681470049818,8.594855970393901,7.0917572525958175,1.5030987177980828,-9.125263389057634e-05,0.0
113,2015,Netherlands,8.406911032443807,1.6587706748609872,-2.397289389148126,7.668392318156668,7.208266337869744,0.4601259802869244,1.3852453604733246,0.0
68,2015,Denmark,5.86211677627881,1.7827859164526092,-1.5420897279037697,6.102812964827649,5.091071912326924,1.0117410525007244,0.0,1.2566806847424646e-14
87,2015,United Kingdom,12.411515272292316,1.9399988025994999,-1.5670152506073936,12.784498824284423,11.628007646988621,1.156491177295803,0.23697735477671344,2.743730448353309e-14
15,2015,Netherlands,9.644974325358525,1.613833786160817,-1.4390255789677786,9.819782532551564,8.925461535874636,0.8943209966769275,-0.08419208502991286,0.0
102,2015,United Kingdom,11.275310294223521,3.8413599347993843,-3.1229619995366735,11.993708229486232,9.713829294455184,2.279878935031047,1.3207428584513936,1.596150629803408e-14
100,2015,Netherlands,8.836534216509664,2.5436104632913255,-2.6202396581858034,8.759905021615186,7.526414387416762,1.233490634198424,1.828340185232526,0.0
31,2015,Netherlands,8.829777393385116,2.067672919338843,-2.146421096150177,8.751029216573784,7.7565668453100285,0.9944623712637544,-0.18084994566266072,1.2430812831435843e-14
96,2015,United Kingdom,13.363509879813575,2.841517677436391,-2.930984538334459,13.274043018915508,11.898017610646345,1.3760254082691614,1.91005803975483,2.6672215659998186e-14
83,2015,United Kingdom,10.477215692495607,-0.4191910274833115,-0.23739210035388655,9.82063256465841,10.358519642318665,-0.5378870776602548,1.7508671890613754,2.8312423157601478e-14
59,2015,Denmark,11.320641421337415,2.655433151146518,-2.330505355601847,11.645569216882084,10.15538874353649,1.4901804733455943,0.20791271801783776,1.5209146991598995e-14
67,2015,United Kingdom,9.161819163582654,2.345088616280856,-2.549755509316507,8.957152270547002,7.8869414089244,1.0702108616226027,1.9665713996394818,1.8439347228879316e-14
18,2015,Germany,7.189153392074616,1.4245094574434762,-1.6624793032742935,6.951183546243797,6.357913740437468,0.5932698058063293,0.010454000218014486,1.3284533095150428e-14
25,2015,Sweden,12.554048984176324,-0.022754331034251226,0.2576327610991727,12.788927414241243,12.68286536472591,0.10606204951533511,1.0015483138145087,0.0
16,2015,Netherlands,5.8003980745020245,1.659681273155889,-1.747342250674808,5.712737096983105,4.926726949164621,0.7860101478184849,0.0,1.2204385326285283e-14
20,2015,Netherlands,6.044910996479783,1.7198219861263124,-1.5796183112916442,6.185114671314452,5.2551018408339605,0.9300128304804903,-0.6119557723804089,0.0
60,2015,Denmark,7.854619562306381,2.3218547831461547,-2.00663681894434,8.169837526508196,6.8513011528342105,1.3185363736739848,0.0,0.0
61,2015,Denmark,9.82256441148993,2.8929011266147944,-2.804206872140673,9.91125866596405,8.420460975419594,1.4907976905444573,0.0,1.308084081415058e-14
27,2015,Denmark,9.56623679058805,2.5365962353394913,-2.258313456579944,9.844519569347597,8.437080062298078,1.4074395070495194,-0.07210030994447474,0.0
55,2015,United Kingdom,10.895049116911597,2.2637359562605495,-1.8528762647472936,11.305908808424853,9.96861098453795,1.3372978238869024,-0.8717427496325229,2.6044858038533645e-14
49,2015,France,13.20676955493179,1.4936948717467662,-1.4946255328300018,13.205838893848554,12.459456788516789,0.7463821053317654,0.44530300208147444,2.5866229809126857e-14
26,2015,United Kingdom,11.712573030739271,1.5476227406535938,-1.4375650383003649,11.822630733092499,10.993790511589086,0.8288402215034115,0.46210923205382093,0.0
22,2015,Germany,14.314333521912284,0.7932184938075805,-1.1651798199986427,13.942372195721223,13.731743611912965,0.2106285838082592,1.3978365420764072,0.0
43,2015,Denmark,16.878892861813544,3.1867721591327633,-2.5973281727042066,17.4683368482421,15.58022877546144,1.8881080727806603,-0.02590002671346793,0.0
30,2015,United Kingdom,9.082582493746093,1.8554394645414332,-1.4527238492034362,9.485298109084091,8.356220569144375,1.129077539939715,-0.18807155501028686,0.0
7,2015,Netherlands,7.138726406645855,1.2385927133074828,-1.7104921184880224,6.6668270014653155,6.283480347401845,0.38334665406347146,0.3523054455029926,0.0
17,2015,United Kingdom,13.751987055222223,1.394989928015701,-2.1132002777317815,13.033776705506142,12.695386916356334,0.33838978914981016,2.0014012622683492,0.0
2,2015,Belgium,12.404963001079395,1.370171202743467,-1.6218799551766159,12.153254248646245,11.594023023491085,0.559231225155159,1.351462977078615,0.0
11,2015,Germany,9.239999910352886,2.4285040562627156,-2.3734075596672772,9.295096406948325,8.053296130519248,1.2418002764290768,-0.1414225116837974,0.0
13,2015,United Kingdom,9.678206588748536,4.128478456301936,-3.593809574031278,10.212875471019194,7.8813018017328975,2.3315736692862963,0.0502998864749362,0.0
9,2015,United Kingdom,8.635318646049281,1.3447097316864516,-1.1874876825813174,8.792540695154416,8.041574804758623,0.7509658903957929,1.054386611348955,0.0
10,2016,United Kingdom,-2.9860380523067094,-0.638293008579133,0.6797144042820744,-2.9446166566037673,-2.646180850165672,-0.2984358064380957,0.06502820749071068,4.670423732327667e-13
148,2016,Finland,-1.8166282109782397,0.11039370179465312,-0.23536173974906036,-1.9415962489326466,-1.9343090808527696,-0.007287168079877076,0.21593071747335874,6.912171575802622e-13
163,2016,Sweden,5.78926953148406,-1.3279449710617772,1.03460766345013,5.495932223872413,6.306573363209125,-0.8106411393367122,1.1425974978927853,1.4926498839477702e-13
152,2016,Denmark,-1.0785824637318722,-0.04942586542890399,1.1363896045269706,0.008381275366194355,-0.5103876614683869,0.5187689368345813,0.0,2.3919530171171962e-14
157,2016,Denmark,-2.557528783225764,-2.613899508612066,-0.12788109513283819,-5.299309386970669,-2.6214693307921832,-2.677840056178485,8.812780666913316,4.8882114454498494e-14
158,2016,Ireland,-3.2118153711408346,0.6846977455316755,1.5557514135301425,-0.9713662120790164,-2.433939664375763,1.4625734522967466,1.6916004873009107,7.789216887480872e-14
153,2016,Denmark,-4.558517310475333,-0.16056062353632355,2.2772162267637857,-2.4418617072478708,-3.41990919709344,0.9780474898455693,0.34920570227666725,1.7766531069157215e-13
154,2016,Denmark,0.2957207010042864,-0.373434327421256,1.573631882767965,1.4959182563509956,1.082536642388269,0.41338161396272655,0.7460308058953157,7.430354970586253e-14
149,2016,Sweden,-8.27811408188029,0.548090260022289,3.5425046004258656,-4.187519221432135,-6.506861781667357,2.319342560235222,0.0,4.148010554632446e-14
144,2016,Sweden,2.594217604688593,0.4271213665747983,1.1939088547803005,4.215247826043692,3.191172032078743,1.0240757939649485,-2.1228653270730837,3.70571079009187e-14
142,2016,Germany,-3.148747807948206,-0.8097897258613155,0.5487507557822717,-3.4097867780272497,-2.87437243005707,-0.5354143479701797,1.0415800213046142,4.254258750792133e-14
137,2016,Germany,-3.0958377801074475,-1.4146207761454024,1.1789301423950567,-3.331528413857793,-2.506372708909919,-0.825155704947874,2.9395932143119006,1.7071268557644003e-14
128,2016,United Kingdom,-7.242214217420284,1.713365260046698,-0.3441410222877107,-5.872989979661297,-7.414284728564139,1.5412947489028426,0.7797717948132011,3.031912901084031e-14
121,2016,Germany,-2.525393257023866,-0.5196723868260317,0.935017472260101,-2.1100481715897965,-2.0578845208938157,-0.052163650695981154,2.2232395572421093,0.0
122,2016,United Kingdom,-1.3370911556281644,0.9913739654241841,-1.4598261440090627,-1.8055433342130427,-2.0670042276326956,0.2614608934196528,3.3322265762125687,1.3453826699563111e-14
123,2016,United Kingdom,-5.69964537000337,-2.2434642981672215,2.5436190473636238,-5.399490620806968,-4.427835846321558,-0.9716547744854098,1.2222916743050094,3.714205779604671e-14
116,2016,United Kingdom,-0.8633433287063955,0.4182559049524075,-0.452035803273117,-0.8971232270271051,-1.089361230342954,0.19223800331584895,0.4383348527287633,0.0
113,2016,Netherlands,-2.994601256325235,-1.6364627988372336,1.453624666770829,-3.1774393883916394,-2.2677889229398205,-0.909650465451819,-0.21322297795383127,3.841316649094984e-14
87,2016,United Kingdom,4.215159266763679,-0.48625155884759214,0.714019487615908,4.442927195531995,4.572169010571633,-0.1292418150396381,0.028172800138192025,0.0
15,2016,Netherlands,-0.6440035832107764,-1.0306126468901626,1.6031373535752176,-0.07147887652572156,0.15756509357683224,-0.2290439701025538,0.2974749409834037,1.5343504243861172e-14
102,2016,United Kingdom,-1.6071644143685362,0.28335983721354097,0.16933932246053926,-1.154465254694456,-1.5224947531382667,0.3680294984438106,1.644207789770045,1.8509003248336835e-14
99,2016,Sweden,-7.207553028786137,-1.929915348239993,1.419737099598955,-7.717731277427175,-6.497684478986661,-1.2200467984405154,1.4174664450589152,0.0
100,2016,Netherlands,-6.719326767463565,-1.365804694320811,1.87139031555919,-6.2137411462251855,-5.78363160968397,-0.43010953654121614,0.9582148294836298,1.7067890785568018e-14
96,2016,United Kingdom,1.5325007084447495,-0.6825158818094574,0.5606916790062324,1.4106765056415242,1.8128465479478655,-0.40217004230634124,0.5269107504350399,0.0
84,2016,United Kingdom,-7.1745243572149935,-0.6662697927362909,0.7418053396996462,-7.0989888102516385,-6.803621687365171,-0.2953671228864678,1.8144897964572242,0.0
83,2016,United Kingdom,-9.631203948485005,-4.560334735384649,4.337672059055272,-9.853866624814383,-7.46236791895737,-2.3914987058570136,1.5462603592019795,0.0
31,2016,Netherlands,-2.4815964355293056,-1.5225145571375702,1.3797061969366746,-2.624404795730201,-1.791743337060968,-0.8326614586692329,0.16621999641554425,2.4716366002329534e-14
68,2016,Denmark,-0.5151361067343931,0.5494116974472063,0.09106644104365352,0.1253420317564667,-0.4696028862125664,0.5949449179690331,0.0,1.4352068117100854e-14
67,2016,United Kingdom,-2.8033776907395485,1.2276956397713106,-1.0198869430711834,-2.5955689940394215,-3.31332116227514,0.7177521682357189,1.7436372517885852,2.077208770056814e-14
23,2016,Netherlands,-2.329280349980444,-0.40702161973602485,0.09952258216672394,-2.636779387549745,-2.279519058897082,-0.3572603286526629,1.3927444038622898,0.0
65,2016,Netherlands,-2.1742618193694216,0.050746616565311466,0.028253553944800627,-2.0952616488593097,-2.1601350423970214,0.06487339353771177,0.4327053004878993,0.0
20,2016,Netherlands,-2.2232795050098417,-0.033725781280164485,0.16868523052195067,-2.0883200557680555,-2.1389368897488663,0.05061683398081084,-0.009309668738715415,1.4228371277316916e-14
25,2016,Sweden,-1.6065211372170491,-1.8735677485531583,1.7790149061786282,-1.7010739795915792,-0.7170136841277349,-0.9840602954638443,1.292258066241451,1.5962016821945863e-14
59,2016,Denmark,0.47816228811528416,-0.7155300436674885,0.6133021565122047,0.3759344009600003,0.7848133663713865,-0.40887896541138624,1.3908799884826777,1.6168360263212835e-14
60,2016,Denmark,-0.250574328454901,-0.10078930314504186,0.1729447531144766,-0.17841887848546628,-0.16410195189766275,-0.014316926587803555,0.0,1.2985669211607674e-14
61,2016,Denmark,-0.7535826246870696,-0.1439145517323918,0.6066211791516597,-0.2908759972678017,-0.4502720351112398,0.15939603784343806,0.0,0.0
16,2016,Netherlands,-1.7836198931077498,0.07720493806625249,-0.11731163620407521,-1.8237265912455725,-1.8422757112097874,0.01854911996421488,0.0,1.3202643925495314e-14
55,2016,United Kingdom,0.6913742606248753,-0.04969135184720717,0.5495617700436427,1.1912446788213107,0.9661551456466967,0.2250895331746142,-1.1166508050909765,1.445299670808903e-14
27,2016,Denmark,1.6934137420542295,-0.8340670183607225,0.5473135581622223,1.4066602818557294,1.9670705211353405,-0.5604102392796112,0.3901964019347689,0.0
18,2016,Germany,-1.2667496789584294,0.285411202186534,-0.1755410995054967,-1.1568795762773922,-1.3545202287111777,0.1976406524337856,-0.16273189818809794,1.1262464024635702e-14
49,2016,France,3.930338451675819,-1.4070601714678161,0.8109382085772507,3.3342164887852537,4.335807555964444,-1.0015910671791908,0.8398459473968233,0.0
26,2016,United Kingdom,3.376997414032846,-0.030824610275683433,0.13476213464859627,3.480934938405758,3.444378481357144,0.03655645704861469,0.3838029746740802,1.1678421196739618e-14
43,2016,Denmark,4.177586118809232,0.19264277865044538,0.11823051836717989,4.488459415826857,4.236701377992822,0.25175803783403533,0.277325937313008,0.0
30,2016,United Kingdom,-0.9933150851601544,-0.017441671799660486,-0.6829944820686299,-1.6937512390284448,-1.3348123261944693,-0.3589389128339754,0.9374720232931092,0.0
7,2016,Netherlands,-1.7337162694336141,0.06215615279672582,0.7209904300703665,-0.9505696865665216,-1.3732210543984307,0.42265136783190904,-1.887782501667143,0.0
22,2016,Germany,1.2946608815561842,-0.5195588528590976,0.3123677472813636,1.08746977597845,1.450844755196866,-0.3633749792184159,1.9966433697487935,0.0
17,2016,United Kingdom,3.1323470832501936,-0.6952016106282202,1.077233831575403,3.5143793041973765,3.6709639990378955,-0.15658469484051862,0.3883648298483131,0.0
2,2016,Belgium,3.018892944297124,-0.0770824097285909,0.46100574179958115,3.4028162763681147,3.249395815196915,0.15342046117119967,0.28271268937303484,0.0
11,2016,Germany,-0.15811519670681343,-0.00679239511348688,0.30531093623050887,0.1404033444102086,-0.0054597285915589724,0.14586307300176757,-0.18869996620313373,0.0
13,2016,United Kingdom,-7.130770160926823,-0.31131590369850926,0.566677005954821,-6.875409058670511,-6.847431657949413,-0.027977400721098757,0.4585880073028704,0.0
9,2016,United Kingdom,-3.8179240454967913,-2.3391092584230067,2.1745838575436087,-3.9824494463761893,-2.7306321167249874,-1.251817329651202,1.0170031116430212,0.0
10,2017,United Kingdom,6.0437188773580885,1.7273963081085129,-1.6497477054402236,6.121367480026378,5.218845024637976,0.902522455388401,0.06578293994143515,4.853143927763416e-13
162,2017,United Kingdom,5.1633996295741085,4.417389626632505,-3.8051437187955006,5.775645537411113,3.260827770176358,2.5148177672347543,-0.7507439537939811,1.4230670758132434e-14
163,2017,Sweden,9.855163062018873,-1.3692728511698418,1.1995328444430795,9.68542305529211,10.454929484240415,-0.769506428948302,1.1276610567036065,1.528113207512558e-14
164,2017,United Kingdom,4.328892552048606,0.34062539601091213,-0.4365839544737847,4.232933993585733,4.110600574811714,0.1223334187740198,-0.014036996072972551,0.0
157,2017,Denmark,8.99414738013496,0.8314663698742197,-4.2760184952054106,5.54959525480377,6.856138132532255,-1.3065428777284855,9.638687449311137,4.409942646702402e-14
158,2017,Ireland,-0.6895343352856751,4.336435687907035,-2.3739730435926667,1.2729283090286931,-1.8765208570820084,3.1494491661107014,1.2181446661819273,6.513451133313496e-14
152,2017,Denmark,4.249595345160109,2.876951119102001,-1.8591610868636008,5.267385377398508,3.3200148017283078,1.9473705756702004,0.0,3.010692682127372e-14
153,2017,Denmark,7.229018187071673,7.255726236193747,-4.059042678384827,10.425701744880593,5.199496847879259,5.226204897001334,-0.8280196333582145,1.0424079398562235e-13
154,2017,Denmark,9.773283806559395,5.646015112211008,-2.347178494599876,13.072120424170528,8.599694559259458,4.47242586491107,-0.764609547903551,3.9432649900715076e-14
148,2017,Finland,1.9629573653917303,-1.9284716908422526,1.7280678159412532,1.762553490490731,2.826991273362357,-1.0644377828716256,0.5458371984207381,4.9643021326136873e-14
149,2017,Sweden,7.269348733830157,6.0751214363889074,-1.1273742123771764,12.217095957841888,6.705661627641569,5.511434330200319,0.0,1.7444136138493177e-14
144,2017,Sweden,6.9876251568802115,1.3239079819305954,0.2137395404280721,8.52527267923888,7.094494927094248,1.4307777521446317,-3.057264297077642,7.048228286036851e-14
142,2017,Germany,5.4753446387104985,3.741181547196579,-3.5947568790015874,5.62176930690549,3.677966199209705,1.943803107695785,0.9707110743808456,5.732179206504965e-14
137,2017,Germany,10.252145355075074,1.8111364236238607,-1.499436459058571,10.563845319640365,9.502427125545788,1.061418194094575,1.565643313420198,1.4656636229511943e-14
128,2017,United Kingdom,1.2361831893939932,2.898047809525825,-3.13321136660014,1.0010196323196778,-0.3304224939060768,1.3314421262257548,0.8171491699288311,0.0
121,2017,Germany,4.039145891836067,3.12191565542854,-3.4208943273727486,3.7401672198918585,2.328698728149693,1.4114684917421656,3.306303726322249,4.005948579980332e-14
122,2017,United Kingdom,5.174097614190124,4.527158587939812,-3.980305016377246,5.720951185752691,3.1839451060015014,2.537006079751189,1.4546042606135912,2.4565745647684656e-14
123,2017,United Kingdom,3.7176071326093534,0.15854436477268669,-1.5789901404187852,2.297161356963255,2.928112062399961,-0.6309507054367058,3.5367008584569226,3.361283054034578e-14
116,2017,United Kingdom,7.902641282537306,3.170929615414701,-3.0942107591489663,7.979360138803041,6.355535902962822,1.6238242358402184,0.2721157795589762,3.0898709809931246e-14
113,2017,Netherlands,3.6656100007705574,1.7570876561962008,-1.504619609170802,3.9180780477959565,2.9133001961851566,1.0047778516107997,-0.5422685447500523,1.8159722680849096e-14
80,2017,United Kingdom,8.951621585502902,1.4596213078717382,-1.5084065684143564,8.902836324960283,8.197418301295723,0.7054180236645601,0.27103025770585,2.5272508581883423e-14
15,2017,Netherlands,4.064504318875607,1.664811102442682,-1.4227770093687357,4.306538411949553,3.353115814191239,0.9534225977583138,0.9229100764540606,2.973487800879387e-14
102,2017,United Kingdom,-1.8827153606919875,0.18867445646391914,0.0023442454589671048,-1.6916966587691014,-1.881543237962504,0.1898465791934027,1.1044180326620978,0.0
99,2017,Sweden,10.666002920462327,4.051916685748258,-3.852081335666767,10.865838270543817,8.739962252628942,2.1258760179148735,1.5651799952891992,4.4832348517915145e-14
100,2017,Netherlands,1.7409790443565258,4.565234299769859,-3.144546966083476,3.1616663780429093,0.16870556131478803,2.992960816728121,0.4439236841021665,1.5736945290244535e-14
96,2017,United Kingdom,2.3389331089477943,-0.19979753451939944,-0.361069041529113,1.7780665328992817,2.1583985881832377,-0.38033205528395597,0.9271144895869169,2.998552865386219e-14
87,2017,United Kingdom,4.569654902574079,-0.4409754819307363,0.7233498223800858,4.852029243023429,4.931329813764123,-0.0793005707406934,-0.1269800750161834,2.017811888151478e-14
84,2017,United Kingdom,2.305359861513091,2.9087382938885917,-3.397602011750288,1.8164961436513951,0.606558855637947,1.2099372880134482,2.382224352365933,0.0
83,2017,United Kingdom,-5.4582028255072546,0.1388450460189309,-0.590353783254631,-5.909711562742954,-5.753379717134569,-0.15633184560838453,1.429082156414881,0.0
31,2017,Netherlands,4.744875422216212,1.377419816300152,-1.9612018483645108,4.161093390151853,3.7642744980339566,0.39681889211789656,0.08523531976791121,0.0
73,2017,United Kingdom,8.826633253933688,1.9791500466342993,-1.8137677907591898,8.992015509808796,7.919749358554093,1.0722661512547045,-0.26840600423663336,0.0
29,2017,Sweden,12.419144350113264,1.8507232780533702,-1.7132367814473426,12.556630846719294,11.562525959389593,0.994104887329699,0.0,0.0
68,2017,Denmark,3.4295973669038826,2.2191441749153205,-1.9726146469769317,3.676126894842271,2.4432900434154163,1.2328368514268546,0.0,1.3607476993326282e-14
67,2017,United Kingdom,6.300650207219413,3.201154688324416,-3.7130357994495933,5.788769096094237,4.444132307494617,1.3446367885996195,2.6284908875109343,0.0
23,2017,Netherlands,4.2632823464175855,2.9914200743847603,-2.7688512100107787,4.485851210791568,2.8788567414121964,1.6069944693793707,0.6645702368630374,0.0
65,2017,Netherlands,3.9483967796067714,2.188541119956332,-2.5181806306208325,3.6187572689422707,2.6893064642963553,0.9294508046459158,0.9426173174633106,0.0
20,2017,Netherlands,3.910813171271341,2.4222756580400477,-2.405718241118037,3.9273705881933525,2.707954050712323,1.2194165374810295,-0.22654459359018891,0.0
25,2017,Sweden,10.76744562337387,0.35633608458718274,0.31542618586388654,11.43920789382494,10.925158716305813,0.514049177519126,0.25510057414494136,1.3919322280926968e-14
59,2017,Denmark,5.268172120595683,2.827094434242214,-3.4373832421179786,4.6578833127199175,3.549480499536693,1.1084028131832246,0.23577486764637048,0.0
60,2017,Denmark,4.44826859107622,2.830750005157521,-2.5209863124552276,4.758032283778513,3.187775434848606,1.5702568489299076,0.0,0.0
61,2017,Denmark,5.487297035455203,2.9911637699315676,-2.953819064635728,5.524641740751043,4.0103875031373395,1.5142542376137034,0.0,0.0
55,2017,United Kingdom,8.889932650284209,2.038375958472345,-1.4746249957445434,9.453683613012009,8.152620152411936,1.301063460600073,-1.1055224215715107,1.3040126318482591e-14
27,2017,Denmark,4.442086424833234,2.563073721056422,-2.7349242351822016,4.270235910707455,3.0746243072421335,1.1956116034653212,0.11435478839559056,1.2433386463892243e-14
51,2017,United Kingdom,8.770467946289022,2.4082614002717557,-2.381204229748226,8.797525116812551,7.579865831414908,1.217659285397643,0.0,1.210857614300583e-14
49,2017,France,2.378171397152911,-1.2096156497622186,1.1735149359205022,2.342070683311195,2.9649288651131624,-0.6228581818019674,-0.7561326555708844,1.4704510148297765e-14
43,2017,Denmark,13.854795420416515,2.837839736426676,-2.1948202288826315,14.497814927960562,12.7573853059752,1.74042962198536,-0.09541849744856518,0.0
36,2017,United Kingdom,1.4801048818047031,-1.590210718067788,1.462991252749013,1.352885416485928,2.21160050817921,-0.8587150916932815,0.844471507721932,1.2009755903053372e-14
30,2017,United Kingdom,6.577535216977124,2.7628661982593075,-2.669645351894941,6.67075606334149,5.242712541029654,1.428043522311837,-0.011689643730077411,0.0
7,2017,Netherlands,4.988276636289923,2.8147450883836793,-2.975902504541664,4.827119220131938,3.5003253840190913,1.3267938361128473,-0.04768813526759466,0.0
26,2017,United Kingdom,5.545290116019816,0.49710951579786805,-0.4325907884990531,5.609808843318629,5.328994721770288,0.2808141215483415,0.3340166094782159,0.0
16,2017,Netherlands,4.0134250257162725,2.2487458185990827,-2.1926756004442294,4.069495243871126,2.917087225494158,1.1524080183769683,0.0,0.0
18,2017,Germany,3.860605615724809,2.51144373481812,-2.6165489230371803,3.7555004275057478,2.5523311542062186,1.2031692732995296,0.22786111251038255,0.0
22,2017,Germany,13.077343966721786,1.8110154943569114,-2.1660107754915265,12.722348685587171,11.994338578976024,0.7280101066111482,2.110596830938168,0.0
17,2017,United Kingdom,4.4043808102678215,0.397317826394,-0.26129349210369496,4.540405144558127,4.273734064215974,0.2666710803421525,0.46042177923553723,0.0
11,2017,Germany,5.778681761946796,2.9843950456675605,-3.2332006386366183,5.529876168977737,4.1620814426284864,1.3677947263492511,0.29558090746886767,0.0
13,2017,United Kingdom,2.726115817622922,5.06410441297908,-4.488021681347884,3.302198549254118,0.4821049769489801,2.8200935723051375,0.09990922819649803,0.0
2,2017,Belgium,3.6162966696252434,0.7237767444095801,-0.09179045724211495,4.248282956792709,3.570401441004186,0.6778815157885226,-0.04756706822824801,0.0
9,2017,United Kingdom,5.907169058864886,0.1528142176564268,-0.28133351397785583,5.778649762543457,5.766502301875959,0.012147460667498899,1.258668055813403,0.0
58,2018,France,1.0880496071735242,-5.324215496402631,5.330853949522615,1.0946880602935087,3.7534765819348315,-2.658788521641323,0.0005753705821672449,5.961754394006353e-13
5,2018,United Kingdom,3.7436164936697978,-0.5120836449827076,0.5122446835125206,3.7437775321996103,3.999738835426058,-0.2559613032264474,-0.04124721189460524,1.9894073480100446e-13
162,2018,United Kingdom,-1.563022439897734,0.1984675722806199,0.04277727023868533,-1.3217775973784285,-1.541633804778391,0.2198562073999626,0.7539158758147886,2.0443546048434449e-13
163,2018,Sweden,-3.353776101471525,-2.825490140195055,2.120609644290683,-4.058656597375896,-2.2934712793261833,-1.7651853180497137,1.1133015066423966,1.829356172867972e-13
164,2018,United Kingdom,0.4393202887096442,0.27152782330225045,-0.3794059494561198,0.33144216255577486,0.24961731398158432,0.08182484857419053,0.13809085368707094,2.1027344105597237e-13
157,2018,Denmark,-1.6121069422808685,-3.1039889394812734,2.24590353584567,-2.4701923459164723,-0.48915517435803385,-1.9810371715584383,5.004329124164611,1.204050285346129e-13
158,2018,Ireland,-4.395209869719249,1.2171739119552731,-0.5936755228580024,-3.771711480621978,-4.692047631148251,0.9203361505262719,4.06946285931396,4.569329953541205e-14
152,2018,Denmark,-1.1300298619350133,-1.619979816390206,1.6523822019671148,-1.0976274763581044,-0.30383876095145596,-0.7937887154066486,0.0,0.0
153,2018,Denmark,-4.946123416658109,-2.3363310002978572,3.3257787413100792,-3.956675675645887,-3.283234046003069,-0.6734416296428174,-1.2802549203284215,1.2115942282595199e-13
154,2018,Denmark,1.415416162304069,-1.2704942206576892,1.6766930027266023,1.8216149443729825,2.2537626636673704,-0.43214771929438794,-0.8370290779584508,4.527979163401673e-14
148,2018,Finland,0.8953992468153932,-0.483398009500262,0.6989714078311047,1.1109726451462358,1.2448849507309456,-0.1339123055847097,0.3575852141864619,1.0183500252174137e-13
149,2018,Sweden,-9.106715279847908,-1.8309325041507112,4.501574875474168,-6.4360729085244515,-6.855927842110824,0.4198549335863725,0.0,1.2958318328107362e-13
150,2018,United Kingdom,-0.39423536901124084,-0.42692191491890485,0.4949990043897755,-0.32615827954037013,-0.14673586681635306,-0.1794224127240171,1.306804265328218,2.916927503260787e-14
144,2018,Sweden,-2.967091816765704,-2.4484451045946205,3.762532252358824,-1.6530046690015006,-1.085825690586292,-0.5671789784152085,-0.4573560981439804,0.0
142,2018,Germany,-1.999889353730554,-5.200190309294187,5.063369131280723,-2.1367105317440176,0.5317952119098073,-2.668505743653825,0.22258350937293298,4.056795964312087e-14
137,2018,Germany,-4.054125080854549,-5.4329551958665485,6.0203557928975595,-3.466724483823537,-1.0439471844057688,-2.4227772994177688,0.45408505369840796,3.422624231767251e-14
128,2018,United Kingdom,-4.192925896333871,-0.87068150770067,2.029174146692469,-3.034433257342072,-3.1783388229876364,0.14390556564556464,0.4198776270014592,1.475569844244787e-14
121,2018,Germany,2.2408130782335833,-2.774605636794157,2.2490943096284197,1.715301751067846,3.3653602330477934,-1.650058481979947,2.6921589835502746,2.049214576955295e-14
122,2018,United Kingdom,3.802455053732641,-1.5673154261580287,0.6587773049768619,2.893916932551474,4.131843706221072,-1.2379267736695978,2.7089585713618938,3.854788160130142e-14
123,2018,United Kingdom,0.9684453336026155,-2.3316476620250537,1.7779582338573436,0.4147559054349054,1.8574244505312874,-1.4426685450963819,3.006384930987285,0.0
116,2018,United Kingdom,2.7978823495119065,-0.7683424571429888,0.8760107089205244,2.905550601289442,3.2358877039721685,-0.33033710268272654,-0.32683530007612627,1.6577562568991734e-14
113,2018,Netherlands,1.1160675976136365,-4.550487689736614,5.3176242429840315,1.883204150861054,3.7748797191056522,-1.891675568244598,-0.9143977720900833,1.8174219534871666e-14
15,2018,Netherlands,3.3265031610827784,-4.799003294658791,4.720439121052696,3.2479389874766826,5.686722721609126,-2.4387837341324428,0.6390400789041251,2.9664977799483204e-14
102,2018,United Kingdom,-1.7088990819871825,-3.1344429575137216,2.9963676848374483,-1.8469743546634558,-0.21071523956845825,-1.6362591150949977,2.061047280632402,1.8961290644620642e-14
10,2018,United Kingdom,-0.18496663918980533,0.4057807107863896,-0.5529902196687693,-0.33217614807218504,-0.46146174902418996,0.12928560095200495,0.027679266539614514,0.0
99,2018,Sweden,-4.753015667630302,-2.1340763724902505,3.131431108783273,-3.755660931337279,-3.187300113238665,-0.568360818098614,0.9120185814057065,4.0026803879459197e-14
100,2018,Netherlands,-2.854463181184483,-5.926165166630454,5.061739565598289,-3.7188887822166476,-0.32359339838533846,-3.395295383831309,1.6330869279654663,1.6541461630127873e-14
96,2018,United Kingdom,1.3775737807322042,-2.439727158940305,3.466515600485278,2.404362222277177,3.110831580974843,-0.7064693586976659,-0.7043667405003292,1.518850732513138e-14
87,2018,United Kingdom,4.767769096008209,-2.200656293610119,2.1745156950106437,4.741628497408733,5.85502694351353,-1.113398446104797,0.19516093774395585,0.0
84,2018,United Kingdom,-2.877731009389144,-1.4876194237636853,1.4951179880275147,-2.8702324451253145,-2.1301720153753867,-0.7400604297499277,1.576365353503673,0.0
83,2018,United Kingdom,-1.3634058237118838,-2.2686632587384516,2.1816780221124814,-1.4503910603378543,-0.27256681265564303,-1.1778242476822112,1.9087686322013095,0.0
31,2018,Netherlands,4.071373042505554,-3.909443231064015,4.030116763531999,4.1920465749735385,6.086431424271553,-1.8943848492980158,-1.255408409813268,0.0
80,2018,United Kingdom,2.746634105295272,-1.1083776852588545,1.234701063331407,2.8729574833678244,3.3639846369609754,-0.4910271535931509,-0.2719952868396296,0.0
73,2018,United Kingdom,5.742260690718337,-0.6604360973337275,0.7614750549539593,5.843299648338568,6.122998218195316,-0.2796985698567479,-0.20830747261458507,0.0
68,2018,Denmark,2.5641140822786253,0.12895570369378004,0.26811452455861734,2.9611843105310225,2.698171344557934,0.2630129659730887,0.0,1.3903340177791821e-14
67,2018,United Kingdom,1.2843491431238856,-1.1621273200455848,1.9668076543634245,2.0890294774417253,2.267752970305598,-0.1787234928638726,0.663463279263902,0.0
23,2018,Netherlands,2.548027620025387,-1.2687378794115796,1.0528943203182852,2.3321840609320925,3.07447478018453,-0.742290719252437,0.5548649544339409,0.0
65,2018,Netherlands,2.5838024560788617,-1.432859218990145,1.3110720464738457,2.462015283562563,3.239338479315785,-0.7773231957532221,0.24029683900354143,1.521300884316117e-14
20,2018,Netherlands,1.8479101711615997,-0.7718064538079622,1.170737954436387,2.246841671790025,2.4332791483797935,-0.1864374765897686,-0.26624677153502935,1.3612655814993043e-14
25,2018,Sweden,-1.9944169671272751,-3.8647856692057307,4.312630628630142,-1.5465720077028633,0.16189834718779608,-1.7084703548906595,1.3479780291775663,1.6013316343593134e-14
59,2018,Denmark,2.876412479622777,-0.8220671254809377,1.724442968631126,3.778788322772965,3.73863396393834,0.04015435883462512,-0.15978035649573996,0.0
60,2018,Denmark,2.6647501896776946,-0.32126839673672686,0.4794066789121501,2.8228884718531178,2.9044535291337694,-0.08156505728065176,0.0,0.0
61,2018,Denmark,2.4247632413929257,-1.2926825714034735,1.0118408306742193,2.1439215006636716,2.9306836567300354,-0.7867621560663639,0.0,1.4238860744840963e-14
55,2018,United Kingdom,5.005190247089704,-0.7566293191135145,1.1626205779798071,5.411181505955997,5.586500536079607,-0.17531903012361097,-1.1895568697815235,1.3874739598882645e-14
51,2018,United Kingdom,4.057975098616421,-1.9497623640067976,1.8839461435724107,3.992158878182033,4.999948170402626,-1.0077892922205922,0.0,1.2936339459502842e-14
49,2018,France,2.9301749409517637,-3.921258460568095,3.930874788895885,2.939791269279554,4.895612335399707,-1.9558210661201527,0.07396978699269548,1.4778354139468653e-14
43,2018,Denmark,4.4760603922241975,-0.6265869704481581,0.7156343783984621,4.565107800174501,4.833877581423429,-0.26876978124892714,-0.03907434355542759,0.0
36,2018,United Kingdom,2.9247599907028214,-1.9810551551224527,2.355768860342935,3.299473695923304,4.102644420874289,-0.8031707249509851,-0.08054842827253542,1.2000944447957101e-14
30,2018,United Kingdom,2.1390557379621793,-2.6861645371187537,2.566532807605262,2.019424008448688,3.4223221417648104,-1.4028981333161226,-0.0846209395394581,0.0
29,2018,Sweden,-1.3478322263248328,-3.845129308660347,3.791383309016446,-1.401578225968734,0.5478594281833901,-1.949437654152124,0.0,0.0
27,2018,Denmark,2.5992835634052995,-0.45361982724735167,0.5192999888247933,2.664963724982741,2.8589335578176964,-0.19396983283495503,-0.128577910844675,0.0
26,2018,United Kingdom,3.4422418437954065,-2.697781791075431,2.7123919157319447,3.4568519684519203,4.798437801661379,-1.3415858332094586,0.5098912876370397,0.0
16,2018,Netherlands,2.4376374840456823,-0.8950622838873321,0.8673189939925697,2.4098941941509198,2.8712969810419664,-0.4614027868910474,0.0,0.0
18,2018,Germany,3.3135595621072995,-1.5646767310663623,1.603992855059328,3.352875686100266,4.115555989636964,-0.7626803035366982,0.09962156373332715,0.0
22,2018,Germany,0.9042196880382612,-5.2399423944667,4.9100785568039065,0.5743558503754673,3.359258966440214,-2.784903116064747,1.7320185002656596,0.0
17,2018,United Kingdom,2.8569535228894347,-3.048643519373139,3.046225793770508,2.8545357972868035,4.380066419774689,-1.525530622487885,0.40086835185479425,0.0
11,2018,Germany,3.7669555289264944,-1.2974657153333504,1.0240621883025487,3.493552001895693,4.27898662307777,-0.785434621182076,0.2655518152600169,0.0
13,2018,United Kingdom,-1.9054978581702247,-0.630311950429589,0.6964274165080802,-1.8393823920917336,-1.5572841499161845,-0.28209824217554896,0.6134046127047597,0.0
7,2018,Netherlands,3.790130654761182,-1.1050102138365703,0.8725342566083226,3.5576546975329344,4.226397783065344,-0.6687430855324089,-0.3003772930166077,0.0
9,2018,United Kingdom,2.1457499122725756,-1.7084296626507418,1.5865507907887304,2.023871040410565,2.9390253076669413,-0.9151542672563764,1.1919582090963938,0.0
2,2018,Belgium,4.902647390582044,-3.9313575686821216,4.084823993273964,5.056113815173886,6.945059387219025,-1.8889455720451398,0.3415867764142547,0.0
58,2019,France,5.639914507589697,-2.376076486424492,2.3823209125466307,5.646158933711836,6.831074963863012,-1.184916030151177,0.00025057085622872663,3.2146468204769065e-13
162,2019,United Kingdom,-2.087819843535121,1.2856829300328185,-1.0572563902942653,-1.8593933037965675,-2.6164480386822535,0.7570547348856859,0.32210115568029474,2.0263795744422122e-13
163,2019,Sweden,10.50105714337313,-1.3129909341684527,1.3123976873855518,10.50046389659023,11.157255987065906,-0.6567920904756767,0.7278006739760646,1.383766191932739e-13
164,2019,United Kingdom,1.45684810670149,-0.004727115357259196,-0.0799039082451741,1.3722170830990568,1.416896152578903,-0.04467906947984625,-0.1593076839921007,3.59162031672294e-14
157,2019,Denmark,5.148137866876697,0.8469924823606994,-1.8774394328483375,4.117690916389058,4.209418150452527,-0.09172723406346941,6.0577980629301384,1.5506681923278088e-13
158,2019,Ireland,-2.504334864107288,1.9250790662472272,-0.47059175016597965,-1.0498475480260296,-2.739630739190273,1.689783191164243,1.8741860347385217,1.4482665849550036e-13
152,2019,Denmark,1.7479550527897723,0.11627646150223772,0.23801795712392396,2.102249471415934,1.8669640313517342,0.23528544006419969,0.0,4.219451489817635e-14
153,2019,Denmark,-0.4263751235630133,3.0917899183598454,-0.6566984836264748,2.0087163111703576,-0.7547243653762506,2.7634406765466077,-1.2235084024571474,1.5691300404796067e-13
154,2019,Denmark,5.466298517856004,3.0593074305952466,-0.8061529475856366,7.719453000865614,5.063222044063186,2.6562309568024283,-1.531052149677164,4.1450426320794227e-14
148,2019,Finland,4.412947926932132,-1.3476660841101482,1.037604883205501,4.102886726027484,4.931750368534882,-0.8288636425073979,1.0553227262502212,3.2483109111048536e-14
149,2019,Sweden,0.31446696552418285,3.1318684778238017,0.8461402237813153,4.2924756671293,0.7375370774148404,3.554938589714459,0.0,7.532785368517976e-14
150,2019,United Kingdom,-3.4614493205927714,0.24039013419232613,0.2826184914030927,-2.9384406949973525,-3.3201400748912246,0.3816993798938724,1.1017611782123449,5.836688260070222e-14
144,2019,Sweden,7.392266909093211,-0.9480829335619075,0.41594302917408826,6.860127004705391,7.600238423680254,-0.7401114189748633,-0.8813803802273951,5.4451050873947756e-14
142,2019,Germany,4.040308446496853,1.009628136015483,-1.3753976231910174,3.674538959321319,3.352609634901345,0.3219293244199743,0.3762211744363577,5.786237050459313e-14
137,2019,Germany,6.215669259759978,-0.5354864688656535,0.8493677055748791,6.529550496469204,6.640353112547418,-0.11080261607821404,1.3754690625833692,4.5773787224903515e-14
128,2019,United Kingdom,-4.205121320352367,0.527088986083341,0.11247435219001241,-3.5655579820790138,-4.148884144257361,0.5833261621783472,0.6022992608312915,2.923201707144303e-14
121,2019,Germany,3.348877381936784,1.8842378575558756,-1.1726784128962369,4.060436826596423,2.7625381754886655,1.2978986511077573,1.7226854033205241,1.9614872486046465e-14
122,2019,United Kingdom,1.9249990950527884,3.2327323043586333,-3.0079736068904537,2.1497577925209685,0.42101229160756154,1.7287455009134067,1.9262201586303116,1.2891191737818766e-14
123,2019,United Kingdom,0.6342211830377351,-1.9548567813759108,1.9153857019574683,0.5947501036192926,1.5919140340164692,-0.9971639303971768,2.345994412319487,3.50533100042379e-14
116,2019,United Kingdom,2.834550326634834,0.7060600557225001,-0.6774561755683443,2.8631542067889897,2.495822238850662,0.36733196793832795,0.29614442291863424,1.6356800456432163e-14
113,2019,Netherlands,3.562775979686137,0.5834360035082825,-0.7202983247751231,3.425913658419297,3.202626817298576,0.2232868411207209,-0.0993016131366542,1.7789340439825874e-14
15,2019,Netherlands,4.209599748369927,-0.15928225659756326,0.4587513941556979,4.509068885928061,4.438975445447775,0.07009344048028571,0.5167995574585953,1.4455987187054842e-14
102,2019,United Kingdom,-1.413622743217945,1.7063556983977042,-1.0862854365632733,-0.7935524813835138,-1.9567654614995813,1.1632129801160676,1.1824100399628537,0.0
99,2019,Sweden,5.052970892384043,1.954000637538517,-2.38504902962531,4.62192250029725,3.8604463775713884,0.7614761227258617,2.700446013180834,5.970957921030841e-14
100,2019,Netherlands,0.9012101762340522,-0.2285104612581841,-1.09974037802602,-0.4270406630501519,0.3513399872210422,-0.7783806502711942,1.3356781477945558,3.168465515966382e-14
96,2019,United Kingdom,1.1193307235422567,-0.040484977665516036,-0.5600832789505764,0.5187624669261643,0.8392890840669687,-0.32052661714080427,2.123063464923506,1.531923079985752e-14
87,2019,United Kingdom,4.207668617642775,0.24752531597925587,-0.07613698453242615,4.3790569490896045,4.1696001253765616,0.2094568237130428,0.1748427804662425,0.0
84,2019,United Kingdom,-1.8889503574525506,-0.635763066173457,0.40886180819864526,-2.1158516154273626,-1.684519453353228,-0.4313321620741344,1.578109284540182,0.0
83,2019,United Kingdom,-10.620744261447495,-5.4484474005440005,4.189644810471836,-11.87954685151966,-8.525921856211578,-3.3536249953080817,2.811974020392958,3.447091742042269e-14
48,2019,United Kingdom,5.0406835708575635,0.7479105826183867,-0.5183279831516635,5.270266170324287,4.781519579281731,0.48874659104255497,0.8963124261516267,0.0
31,2019,Netherlands,4.982382146040266,0.8296704829591078,-1.3156337810526721,4.496418847946702,4.324565255513932,0.17185359243277185,-0.08496740525171712,2.2544802151728387e-14
80,2019,United Kingdom,3.7503749233984496,-0.9258268758415277,0.9287264212777393,3.753274468834661,4.214738134037319,-0.46146366520265814,-0.14653375076336211,0.0
73,2019,United Kingdom,4.8379398716147115,1.5085578531685244,-1.3309500440283273,5.015547680754909,4.172464849600548,0.8430828311543609,-0.2621269119339192,0.0
68,2019,Denmark,5.864848626448972,1.2515998128613641,-0.9675455650314567,6.14890287427888,5.381075843933244,0.7678270303456357,0.0,0.0
67,2019,United Kingdom,0.8589177280050077,0.8341439177236957,-1.3683001179292875,0.3247615277994158,0.1747676690403639,0.14999385875905188,2.6566356619776776,2.016262896715458e-14
23,2019,Netherlands,3.301508892904627,1.7144957677334087,-1.705770357683818,3.310234302954218,2.448623714062718,0.8616105888915,0.5910786901292899,1.458266452930254e-14
65,2019,Netherlands,3.1379677780695205,1.0901468759268804,-1.4384792957586316,2.789635358237769,2.4187281301902046,0.37090722804756443,0.8313058216369864,1.4821052834410943e-14
25,2019,Sweden,8.111054575304292,-0.41527634331562735,1.0349028029582301,8.730681034946896,8.628505976783408,0.1021750581634877,1.4560917236546216,1.424458323388458e-14
59,2019,Denmark,6.275382664851745,1.8423473121351077,-1.2267348048406668,6.890995172146185,5.662015262431411,1.2289799097147744,0.2297917621921656,0.0
60,2019,Denmark,6.652600191631255,1.4597613010493755,-1.3126592080987354,6.799702284581896,5.996270587581889,0.8034316970000079,0.0,0.0
61,2019,Denmark,5.814643486238612,1.6952750262016096,-1.6976214731905426,5.81229703924968,4.965832749643341,0.8464642896063385,0.0,0.0
10,2019,United Kingdom,3.3770168616239555,-0.44320195502303195,0.49985959639272304,3.433674502993647,3.626946659820317,-0.1932721568266704,0.15188987282768546,0.0
55,2019,United Kingdom,4.057296443483874,0.8756561643585893,-1.1846446650390028,3.7483079428034602,3.464974110964372,0.28333383183908784,0.7841606129598025,2.8217810740549415e-14
51,2019,United Kingdom,4.242429295626157,0.7673264152119443,-0.9104532132920069,4.099302497546094,3.7872026889801527,0.3120998085659409,0.0,0.0
49,2019,France,3.1538480193531013,0.9154518998971075,-0.3272616932890623,3.7420382259611467,2.99021717270857,0.7518210532525764,-0.780972208660917,0.0
43,2019,Denmark,7.306678106380103,0.8185353749041226,-0.5033698852092515,7.621843596074974,7.054993163775477,0.5668504322994967,-0.338209740572334,0.0
36,2019,United Kingdom,3.3235095727872177,-0.696590176348073,0.5526056879296556,3.1795250843688008,3.5998124167520453,-0.4202873323832452,1.3887553206666534,1.1881502472807906e-14
30,2019,United Kingdom,2.17564405248454,0.7078328684219741,-0.7787768980882603,2.1047000228182537,1.7862556034404098,0.31844441937784407,-0.0432880363693042,0.0
29,2019,Sweden,9.258712663574185,-0.13356879157489107,0.06445230366698831,9.189596175666283,9.29093881540768,-0.10134263974139691,0.0,0.0
27,2019,Denmark,6.677263856848642,1.4879872603061375,-1.2916212436493135,6.873629873505467,6.031453235023986,0.8421766384814808,-0.09482938837442355,0.0
26,2019,United Kingdom,3.776408311633673,0.4407165403734746,-0.12410638074195192,4.093018471265196,3.714355121262696,0.3786633500024986,0.2923963765981358,0.0
18,2019,Germany,4.251219651114116,1.3800271976260776,-1.3254258334902471,4.305821015249946,3.5885067343689925,0.717314280880954,0.022246913794316484,0.0
22,2019,Germany,10.867507116692078,0.9109933556422102,-1.3466783776942732,10.431822094640014,10.19416792784494,0.2376541667950736,1.7860040956398051,0.0
20,2019,Netherlands,4.103438688016913,1.2163084581476165,-1.6133998145554285,3.7063473316091016,3.2967387807391995,0.4096085508699022,0.3241202767584665,0.0
5,2019,United Kingdom,5.25755234293866,1.3579535284975695,-1.4395044474655196,5.1760014239707095,4.537800119205901,0.6382013047648095,0.3404663269972249,0.0
17,2019,United Kingdom,2.7119914127874583,0.16183613229857793,-0.12932865570738045,2.7444988893786557,2.6473270849337682,0.09717180444488771,-0.10197469885314711,0.0
16,2019,Netherlands,3.528874380699118,1.3537656261041282,-1.365932582638219,3.516707424165028,2.845908089380009,0.6707993347850186,0.0,0.0
11,2019,Germany,5.878797605549902,1.8257776398547845,-1.8317064101996412,5.872868835205045,4.962944400450081,0.9099244347549639,-0.46819730263233117,0.0
13,2019,United Kingdom,-0.24061577146288238,1.0686730328093674,-0.7923011823131696,0.03575607903331539,-0.6367663626194672,0.6725224416527826,0.2448202866386659,0.0
9,2019,United Kingdom,2.5456647686914895,-1.7957765418485854,1.7471046323760189,2.496992859218923,3.4192170848794996,-0.922224225660576,1.2717156328736028,0.0
7,2019,Netherlands,4.141766432544259,1.4754100786485604,-1.742488506589,3.8746880046038186,3.2705221792497583,0.6041658253540605,0.10412557603747838,1.6203167086045824e-14
2,2019,Belgium,5.556587266796878,0.0721789701880152,0.00864119108262132,5.637407428067514,5.560907862338189,0.07649956572932586,0.25351177483367976,0.0
58,2020,France,14.046211943173251,0.23429095589636048,-0.23014692047741794,14.050355978592194,13.931138482934543,0.1192174956576515,0.0009857180805396958,3.8601816820583503e-14
170,2020,Portugal,11.068415823755624,0.5031337480857903,0.002234382269526548,11.573783954110942,11.06953301489039,0.5042509392205535,0.09377533813803021,2.700759717984921e-13
162,2020,United Kingdom,4.864112504366027,2.7065669848821625,-1.8825974362091034,5.6880820530390865,3.9228137862614756,1.765268266777611,0.00946907418860538,7.202010073378382e-14
163,2020,Sweden,15.557808179188118,1.0923586164484924,-1.1689003106617237,15.481266484974887,14.973358023857257,0.5079084611176307,0.918388369601808,5.763569393630737e-14
164,2020,United Kingdom,-0.4668891242362177,0.7415754615094661,-0.8537671540240103,-0.5790808167507621,-0.893772701248223,0.3146918844974609,0.14735182830401147,1.2342310252851518e-13
157,2020,Denmark,5.696250479815074,0.9036274406287707,-1.9707680826849372,4.629109837758907,4.710866438472605,-0.08175660071369792,5.91148671624916,1.544913564578263e-13
158,2020,Ireland,6.053834120393654,0.9720488165818157,0.3995605463430053,7.4254434833184755,6.253614393565157,1.1718290897533183,2.056665250016568,1.0083269389038792e-13
152,2020,Denmark,5.26076829841298,1.3685342751998046,-0.9996487096961859,5.629653863916599,4.760943943564888,0.8687099203517118,0.0,8.180264483803209e-14
153,2020,Denmark,4.922594626702788,2.1479966968227338,-2.3719120632260418,4.698679260299479,3.7366385950897665,0.962040665209713,1.1734178055743334,1.3188535195799593e-13
154,2020,Denmark,6.494735182914235,1.2449376972274477,-2.8679115470699963,4.871761333071687,5.060779409379237,-0.18901807630755052,1.9561523743921319,8.582251291527192e-14
148,2020,Finland,14.355321662381975,0.7326295869394188,-0.5402072607151932,14.547743988606202,14.085218032024379,0.4625259565818222,-0.3124513865268172,9.918724792671613e-14
149,2020,Sweden,3.959844969555939,-0.25237639834688097,0.9783786486506926,4.685847219859751,4.449034293881286,0.23681292597846532,0.0,3.7747927522464336e-14
150,2020,United Kingdom,-1.4116481018758158,-0.018819582858557414,-0.6720892947771913,-2.1025569795115646,-1.7476927492644114,-0.354864230247153,1.7869778412069997,2.94184484562841e-14
144,2020,Sweden,11.639348055647151,3.9458639210185673,-1.8241604882784213,13.761051488387297,10.727267811507941,3.033783676879356,-1.568866326499963,3.353035888973656e-14
142,2020,Germany,6.1230470511844395,1.7489342345887726,-1.0862823533981005,6.785698932375111,5.579905874485389,1.2057930578897222,-0.2719049558698956,1.885368585585237e-14
137,2020,Germany,5.899389523912666,-0.6919581341431429,0.23492210030567257,5.442353490075195,6.016850574065502,-0.5744970839903066,1.7924383194235036,1.5475969959359603e-14
128,2020,United Kingdom,6.410987281183654,2.5264900113797237,-0.33537434808979694,8.60210294447358,6.243300107138755,2.3588028373348253,0.23149271762072576,2.5860441272934898e-14
121,2020,Germany,8.126076660922807,1.808508229309551,-1.8281601219083141,8.106424768324045,7.21199659996865,0.8944281683553936,2.435178240364568,0.0
122,2020,United Kingdom,12.393074909875462,3.869704470792664,-3.348515301764996,12.914264078903129,10.718817258992964,2.1954468199101655,2.9623076508589623,2.288608050961396e-14
123,2020,United Kingdom,9.604953795831648,0.06860977647151016,0.334692169688675,10.008255741991833,9.772299880675986,0.23595586131584767,0.6404290452963759,0.0
116,2020,United Kingdom,8.604146648179519,2.0558964022674675,-1.7828703746025683,8.877172675844418,7.712711460878235,1.1644612149661835,-0.002604622843793156,1.5247833157177538e-14
113,2020,Netherlands,11.138878180736867,1.5357800411209621,-1.0380452571463452,11.636612964711485,10.619855552163695,1.0167574125477894,0.1574142424839176,0.0
15,2020,Netherlands,13.156916262805538,1.081405877975814,-1.002812464134328,13.235509676647023,12.655510030738373,0.57999964590865,0.11923733909449875,2.6519187085640234e-14
102,2020,United Kingdom,13.860101485959001,3.3634860532212465,-3.1696551165073057,14.05393242267294,12.275273927705348,1.7786584949675937,2.0651371219430947,1.566249439195912e-14
99,2020,Sweden,8.4971747672699,2.626633074521897,-0.8280920707643257,10.295715771027472,8.083128731887738,2.212587039139734,-0.33310874792845047,1.1234268366376616e-14
100,2020,Netherlands,8.625928979641623,-0.05758429542741069,-2.2032222315818704,6.365122452632342,7.524317863850688,-1.159195411218346,4.709637282025417,0.0
96,2020,United Kingdom,14.969558705508062,2.6210334739584895,-3.368268218866293,14.222323960600258,13.285424596074916,0.936899364525343,2.1795256168812687,1.3169042876413969e-14
87,2020,United Kingdom,12.711970347992546,1.816063126239005,-1.6373581379824402,12.890675336249114,11.893291279001327,0.997384057247785,0.14041678539528601,1.8545891936370686e-14
84,2020,United Kingdom,7.318592014094197,0.6169678212753779,0.014459244898661124,7.950019080268235,7.325821636543527,0.6241974437247084,1.083871781246764,2.2152231075708853e-14
83,2020,United Kingdom,9.52244725519034,-0.7899431108780787,0.4142363332907522,9.146740477603013,9.729565421835714,-0.5828249442327025,1.4973252780871922,1.4055367418212345e-14
31,2020,Netherlands,11.961061556161757,2.2314657437690655,-1.9344696732664521,12.258057626664371,10.993826719528531,1.2642309071358395,-0.5015559837698507,0.0
80,2020,United Kingdom,8.870563301419933,0.1379836058290755,-0.3147514193933162,8.693795487855692,8.713187591723274,-0.01939210386758257,0.2655934220284992,0.0
73,2020,United Kingdom,10.04033843737471,1.5385719001292375,-0.9312570316271245,10.647653305876826,9.57470992156115,1.0729433843156753,-0.48987622120248303,0.0
68,2020,Denmark,3.0758054529826406,0.9794850751904992,-1.1729371052460995,2.88235342292704,2.4893369003595907,0.3930165225674496,0.0,0.0
67,2020,United Kingdom,10.90572557863703,2.3089449849104793,-2.5782652997210325,10.636405263826477,9.616592928776516,1.019812335049963,2.163985328821157,1.7990786456423107e-14
23,2020,Netherlands,5.0956694624912435,0.7256262675557031,-0.5809987067060747,5.240297023340872,4.805170109138206,0.4351269142026658,0.5763206760342673,2.8807602953485235e-14
65,2020,Netherlands,5.4456943493379155,0.8157331410697195,-0.7205426524914319,5.540884837916203,5.0854230230922,0.4554618148240036,0.24046829368425052,0.0
25,2020,Sweden,5.4970426928729905,-1.8545332752814039,1.97451390638347,5.617023323975056,6.484299646064725,-0.8672763220896688,1.0357310603292809,0.0
59,2020,Denmark,6.654185963916931,0.6391895498207953,-1.3324816329526166,5.960893880785109,5.987945147440622,-0.027051266655512902,1.3630435678599817,3.0446781143441864e-14
60,2020,Denmark,4.246001440784315,1.1778697254367945,-1.2124030446779837,4.211468121543127,3.639799918445324,0.5716682030978025,0.0,0.0
61,2020,Denmark,5.4847175333716285,1.6571694471654568,-1.492915777178604,5.648971203358482,4.738259644782327,0.9107115585761547,0.0,1.3700326052705831e-14
10,2020,United Kingdom,2.427208999546293,0.448505000541558,-0.39442495814858053,2.481289041939271,2.229996520472003,0.25129252146726777,0.15576970366770293,0.0
55,2020,United Kingdom,11.698805616772015,1.918426498188197,-1.6696402781299278,11.947591836830284,10.86398547770705,1.083606359123233,0.24728556228721613,0.0
51,2020,United Kingdom,10.896639169785537,1.7495444778732039,-1.6337077047112367,11.012475942947505,10.07978531742992,0.9326906255175855,0.0,0.0
49,2020,France,15.584317555829166,2.360475999105995,-1.3520335315883532,16.59276002334681,14.90830079003499,1.6844592333118185,-1.1576958126471253,0.0
48,2020,United Kingdom,12.116549549555478,2.7201539629923213,-2.496779290532133,12.339924222015664,10.868159904289412,1.4717643177262545,0.5175490768342993,0.0
43,2020,Denmark,13.349798336055066,2.659300456775416,-2.334547475105594,13.67455131772489,12.18252459850227,1.4920267192226193,0.09735700791726533,0.0
36,2020,United Kingdom,17.22920010012282,1.7066862261625575,-1.9547932490263014,16.981093077259075,16.25180347560967,0.7292896016494067,1.331308706690586,2.0297981926589566e-14
30,2020,United Kingdom,11.468740835750687,1.4478717798977758,-1.507107330858727,11.409505284789736,10.715187170321324,0.6943181144684123,0.61055255714507,0.0
29,2020,Sweden,7.0012472734575155,0.1504257734090853,-0.3388886759283722,6.81278437093823,6.8318029354933305,-0.019018564555100766,0.0,0.0
27,2020,Denmark,4.73307331002602,0.9716241586264277,-1.0341982741026925,4.670499194549755,4.215974172974674,0.45452502157508134,0.16563668531418155,0.0
26,2020,United Kingdom,12.257032967328414,1.920324929809172,-1.7201961597783626,12.457161737359224,11.396934887439233,1.0602268499199907,0.3707500173676887,0.0
18,2020,Germany,6.464851568274191,0.6070861506937987,-0.6375649749315478,6.434372744036441,6.1460690808084175,0.2883036632280248,0.1629421552631754,0.0
22,2020,Germany,8.977114367479896,0.9335413065043213,-0.36814099349866114,9.542514680485557,8.793043870730564,0.7494708097549907,1.1473394651255173,0.0
20,2020,Netherlands,4.816880534158591,1.180704503525274,-1.079073728218714,4.918511309465152,4.277343670049235,0.6411676394159169,-0.08983417123126129,0.0
5,2020,United Kingdom,6.527982621371188,1.0690473340984237,-1.0017811255422429,6.5952488299273675,6.027092058600066,0.5681567713273021,0.010687304436576818,0.0
17,2020,United Kingdom,14.456981265158825,3.1041906041596024,-2.5341412450360887,15.02703062428234,13.18991064264078,1.837119981641558,0.27402333863816375,0.0
16,2020,Netherlands,4.708935968918811,0.8815813566352908,-1.0415464180127336,4.548970907541369,4.188162759912445,0.36080814762892394,0.0,0.0
11,2020,Germany,6.01303407952437,1.070546709375297,-1.4669387144311772,5.61664207446849,5.2795647223087805,0.33707735215970824,-0.5045642473180667,0.0
13,2020,United Kingdom,9.822894287489673,2.0649550467300237,-1.301909510976961,10.585939823242734,9.171939532001192,1.414000291241543,0.12413881909657365,0.0
9,2020,United Kingdom,8.849276757999458,-0.3542593796596376,0.7798408497678729,9.274858228107693,9.239197182883395,0.03566104522429885,0.4311523328120385,0.0
7,2020,Netherlands,6.8112268908738685,0.8740034193219414,-1.0299037659445986,6.655326544251211,6.296275007901569,0.35905153634964204,-0.1549293022582988,0.0
2,2020,Belgium,15.053836345944168,2.121579129499674,-1.9063975351372462,15.269017940306599,14.100637578375547,1.168380361931051,-0.033826677351206445,0.0
58,2021,France,3.84126027360523,-4.157850513281932,4.163067543654532,3.8464773039778306,5.9227940454324965,-2.0763167414546655,0.0014172907011116963,2.5773960354757917e-13
93,2021,United Kingdom,-4.96727590018646,-1.3974202781624887,1.402100771014232,-4.962595407334717,-4.266225514679344,-0.696369892655373,0.0006988448163894751,1.443171258551827e-13
155,2021,Italy,-10.354415787487566,-2.9329820832283526,3.510095221571647,-9.777302649144271,-8.599368176701743,-1.1779344724425291,1.6415477397129272,9.90288409643207e-13
170,2021,Portugal,6.226586311366502,-1.0318058105770291,1.6215015766336396,6.8162820774231125,7.037337099683321,-0.22105502226020926,0.18798242229173756,4.806754903533663e-13
40,2021,United Kingdom,-2.1281363365598254,-0.6136612071608334,0.6763960224009371,-2.0654015213197217,-1.7899383253593568,-0.2754631959603647,0.0,1.31825855245108e-13
161,2021,United Kingdom,-4.149666643002328,0.32115281145658514,-0.19094941130386664,-4.019463242849609,-4.24514134865426,0.22567810580465184,0.8668847712520701,4.2283042039909444e-14
162,2021,United Kingdom,-8.371086413620871,-0.8258840785463097,1.3165333173664882,-7.880437174800694,-7.712819754937628,-0.1676174198630657,0.12303577496324866,1.720862824307565e-14
163,2021,Sweden,6.85449517872589,-1.1408085963362091,0.6786150197134952,6.392301602103176,7.193802688582638,-0.8015010864794615,1.5546239824917687,4.8721022635246165e-14
164,2021,United Kingdom,-3.710061764816188,-0.18910586484110609,0.30424018712862644,-3.5949274425286677,-3.557941671251875,-0.03698577127679288,-0.10101438749856997,2.101585883146336e-13
157,2021,Denmark,-5.06995734620246,-2.5592653491303676,1.0177144699649099,-6.611508225367917,-4.5611001112200045,-2.050408114147913,6.425567528664907,3.742433579170305e-14
158,2021,Ireland,-11.416029536941135,-1.9970857177779058,1.5898726482727616,-11.82324260644628,-10.621093212804755,-1.2021493936415248,4.562490436868995,0.0
152,2021,Denmark,-5.222873094359437,-1.6956863104266282,1.8964673370630947,-5.02209206772297,-4.274639425827889,-0.7474526418950808,0.0,0.0
153,2021,Denmark,-11.651098364684191,-2.442601524259389,2.872338600010557,-11.221361288933023,-10.214929064678913,-1.0064322242541108,-0.30639645434281276,1.6812959091076513e-13
154,2021,Denmark,-4.110173490474411,-2.457557193736561,1.7670624759328672,-4.800668208278105,-3.2266422525079776,-1.5740259557701275,0.7398439888988062,4.772727596008671e-14
148,2021,Finland,6.075573361848334,-1.993257489976718,2.2755694864099385,6.357885358281555,7.213358105053304,-0.8554727467717487,-0.15603730752769818,1.122601183547796e-13
149,2021,Sweden,-14.103611628899607,-5.34900734881764,5.493712238232958,-13.95890673948429,-11.356755509783127,-2.6021512297011613,0.0,1.4896849235523857e-13
150,2021,United Kingdom,-5.614988059164794,1.099683025420632,-1.0551128275760742,-5.570417861320236,-6.1425444729528325,0.572126611632595,1.9329782798694808,6.304407102142207e-14
144,2021,Sweden,4.818024810151816,-0.5192919770733085,1.2844735599573487,5.583206393035856,5.46026159013049,0.12294480290536584,0.11652281886923388,5.5477668122442526e-14
142,2021,Germany,-5.1507370330772195,-3.2149045530394034,2.985177682501878,-5.380463903614744,-3.65814819182628,-1.7223157117884644,0.07576042599959795,0.0
137,2021,Germany,-2.6420733671089702,-2.924906695375153,2.7060573433239736,-2.8609227191601496,-1.2890446954469834,-1.5718780237131662,1.4830654544595614,3.388869081146654e-14
128,2021,United Kingdom,-11.793773411940691,-2.0272385804284214,2.170638808672768,-11.650373183696344,-10.708454007604306,-0.9419191760920371,0.16753480363116455,4.9116822362986994e-14
121,2021,Germany,-4.3262023624483215,-0.444531742633054,2.289554050948071,-2.4811800541333047,-3.1814253369742858,0.7002452828409814,0.27445248116380766,2.1492450668120997e-14
122,2021,United Kingdom,-0.47141851641012966,-0.0820855882444441,-0.31841851081805767,-0.8719226154726314,-0.6306277718191585,-0.24129484365347292,2.4979030849166635,3.984828902150397e-14
123,2021,United Kingdom,-12.28983077307001,-5.889294144071782,6.015811223322654,-12.16331369381914,-9.281925161408683,-2.8813885324104556,1.0224804685553173,0.0
116,2021,United Kingdom,-4.706621916119322,-0.8190975046272404,0.8911013345565806,-4.634618086189982,-4.261071248841032,-0.3735468373489501,-0.1381839742465603,1.801997584533293e-14
113,2021,Netherlands,-3.07201704944303,-1.4013716623142798,1.883881075628669,-2.5895076361286407,-2.1300765116286953,-0.45943112449994544,0.13410350938216903,0.0
15,2021,Netherlands,-0.499377427211684,-1.2400633741277294,0.8910739639808959,-0.8483668373585176,-0.05384044522123609,-0.7945263921372815,0.2756346746092715,0.0
102,2021,United Kingdom,-2.991658303436813,0.8191355238835346,0.32103114686735407,-1.851491632685924,-2.831142730003136,0.9796510973172118,1.0706762692227507,1.855065177282759e-14
99,2021,Sweden,-11.657356394468799,-4.038558154791695,4.5412437028279555,-11.154670846432538,-9.38673454305482,-1.7679363033777171,-0.2930539543705498,4.214906179422605e-14
100,2021,Netherlands,-6.716154040376328,-3.927251023691153,0.3753234783967067,-10.268081585670773,-6.528492301177974,-3.7395892844927996,4.3611222549636235,1.7829021654144763e-14
96,2021,United Kingdom,-0.9578436138045546,-0.809007097266916,0.46683485202754427,-1.3000158590439264,-0.7244261877907825,-0.5755896712531439,2.1055017602226984,3.085667876995762e-14
87,2021,United Kingdom,1.7508556505646125,-1.1505887808582156,1.047702369815322,1.647969239521719,2.2747068354722733,-0.6267375959505544,0.6227230875031082,4.1553856700398937e-14
84,2021,United Kingdom,-12.82045361822021,-3.8999600185889314,4.3522519222271665,-12.368161714581975,-10.644327657106626,-1.7238340574753483,1.0981478354737344,2.869008757601979e-14
83,2021,United Kingdom,-16.34879202791367,-6.183298775808928,5.578970546794567,-16.953120256928035,-13.559306754516388,-3.3938135024116445,2.2066666553244096,3.9488311926144316e-14
31,2021,Netherlands,-2.774263259411039,-1.930534683647653,2.2317540566385845,-2.473043886420107,-1.6583862310917465,-0.8146576553283607,-0.716340226293148,2.4373756640829544e-14
80,2021,United Kingdom,-8.70302895481846,-3.396378462095699,3.3938139653322548,-8.705593451581905,-7.006121972152333,-1.6994714794295718,0.09003727987089352,2.1078801400741483e-14
73,2021,United Kingdom,0.0480935769731053,-0.5564457752250136,0.7961539871170443,0.2878017888651361,0.4461705705316275,-0.1583687816664914,-0.4042170746369327,0.0
68,2021,Denmark,-3.868909140532405,-2.095131126540208,1.37977547463537,-4.584264792437242,-3.17902140321472,-1.405243389222523,0.0,0.0
67,2021,United Kingdom,-5.554324407990361,-1.4936679181685342,1.2579198995162446,-5.79007242664265,-4.925364458232239,-0.8647079684104118,2.15887096512539,2.1797770619027855e-14
23,2021,Netherlands,-4.900261819264607,-2.438259174530903,2.0589651495131154,-5.279555844282395,-3.8707792445080496,-1.4087765997743453,0.7312786524488701,3.2608847265260436e-14
65,2021,Netherlands,-4.636700641095549,-1.7415130812207968,1.9207334994463297,-4.457480222870017,-3.6763338913723844,-0.781146331497632,-0.4215048570990214,0.0
59,2021,Denmark,-2.577891068698288,-1.9528571958206211,2.0763788398754732,-2.4543694246434358,-1.5397016487605513,-0.9146677758828845,0.64787608198649,1.689457000560685e-14
60,2021,Denmark,-3.5450391459672113,-2.0889835141130986,1.8886930554261123,-3.745329604654197,-2.6006926182541545,-1.1446369864000423,0.0,0.0
61,2021,Denmark,-2.120742249636202,-2.74974781620305,2.5862678822389404,-2.284222183600311,-0.8276083085167315,-1.45661387508358,0.0,0.0
55,2021,United Kingdom,-0.47923256016749555,-1.6098634905384674,1.878212014513515,-0.21088403619244794,0.4598734470892619,-0.6707574832817099,-0.23689497516080418,1.478784491471065e-14
54,2021,Netherlands,-3.870256214277268,-0.7072745034081827,1.238453115986752,-3.3390776016986985,-3.251029656283892,-0.08804794541480668,-0.29826099014961377,0.0
53,2021,United Kingdom,-1.6429560277978044,-1.148816273859035,1.2274954389252406,-1.5642768627315986,-1.0292083083351837,-0.5350685543964148,0.09671508375448358,2.59467767101443e-14
51,2021,United Kingdom,-0.913582147263352,-1.2114596604986851,1.1585316961843575,-0.9665101115776796,-0.33431629917117317,-0.6321938124065064,0.0,0.0
49,2021,France,0.7746168976345894,-0.8501262569337663,2.15049086695859,2.0749815076594134,1.8498623311138844,0.2251191765455287,-1.9941837899641979,0.0
48,2021,United Kingdom,1.074552261232869,-0.4685381440222998,0.8910646804135209,1.4970787976240902,1.5200846014396294,-0.023005803815539363,0.7218047368493695,1.1117253791348583e-14
43,2021,Denmark,-0.8778499975228498,-1.7778094478414603,1.9391751928408099,-0.7164842525235005,0.09173759889755523,-0.8082218514210556,0.1272007545298453,0.0
36,2021,United Kingdom,-1.2735423856806851,-0.6545409735357477,0.1278070587392553,-1.8002763004771776,-1.2096388563110574,-0.59063744416612,1.8278361860425265,1.2538735012357834e-14
30,2021,United Kingdom,-2.0291846722650906,-1.438969558849195,1.2799085534078092,-2.1882456777064765,-1.389230395561186,-0.7990152821452906,0.044026311340347395,0.0
29,2021,Sweden,0.522058469432935,-1.2914637234431081,1.1763619876554365,0.40695673364526336,1.1102394632606534,-0.70328272961539,0.0,0.0
27,2021,Denmark,-3.538486805156897,-1.58686818460897,1.6472183776597222,-3.4781366121061446,-2.7148776163270356,-0.7632589957791088,-0.04000258122397692,0.0
26,2021,United Kingdom,1.2630954288478673,-0.6332120320740686,0.6042482138913913,1.2341316106651896,1.565219535793563,-0.3310879251283731,0.6017634924105169,0.0
18,2021,Germany,-3.533887182054967,-2.295062656269863,2.537934981604519,-3.2910148567203112,-2.2649196912527074,-1.0260951654676038,-0.2771592886654058,0.0
25,2021,Sweden,-2.070100013406917,-2.894477822963224,3.0376260480226214,-1.9269517883475191,-0.5512869893956063,-1.375664798951913,0.2815171421776604,0.0
22,2021,Germany,0.2494948096293517,-3.1170236156842615,3.2667421176949936,0.3992133116400839,1.8828658684768484,-1.4836525568367644,0.9806928971190846,0.0
20,2021,Netherlands,-4.431989074911697,-2.3686278233589104,2.279859888799758,-4.52075700947085,-3.2920591305118183,-1.2286978789590315,-0.18076979317168024,0.0
17,2021,United Kingdom,0.7004397998120104,-0.5005361163558185,0.5585114597823814,0.7584151432385732,0.9796955297032011,-0.2212803864646279,-0.29221011397610314,0.0
16,2021,Netherlands,-4.137318146013771,-1.7917758667590575,1.7906293856171696,-4.138464627155659,-3.2420034532051862,-0.8964611739504725,0.0,0.0
10,2021,United Kingdom,-3.707119491416578,-1.1576841079779185,1.1184997929305864,-3.7463038064639105,-3.1478695949512847,-0.5984342115126254,0.12908712692669047,0.0
11,2021,Germany,-1.6466284161334457,-2.4270526646387807,2.3022868760197825,-1.7713942047524447,-0.4954849781235547,-1.2759092266288898,-0.28082768319625967,0.0
13,2021,United Kingdom,-11.778286369156469,-3.120619742375151,3.435169828532219,-11.4637362829994,-10.06070145489036,-1.4030348281090415,-0.44734165666879455,0.0
9,2021,United Kingdom,-10.030041053914566,-4.331403750203931,4.189545405661051,-10.171899398457446,-7.935268351084039,-2.2366310473734052,0.9575416506731721,0.0
7,2021,Netherlands,-4.4132365373603895,-2.6099409356765397,2.376361408932073,-4.646816064104856,-3.2250558328943533,-1.421760231210503,-0.018426649217204542,0.0
5,2021,United Kingdom,-4.886516728791102,-1.2611145198696485,1.2267666576675635,-4.920864590993188,-4.273133399957321,-0.6477311910358668,0.3276409924471869,0.0
2,2021,Belgium,1.6639714313365355,-1.3165377871843467,1.4064816037228385,1.753915247875027,2.3672122331979546,-0.6132969853229274,-0.050659790178583776,1.7947634085923896e-14
93,2022,United Kingdom,8.449605057754823,1.2749576388866768,-1.272710004859275,8.451852691782227,7.813250055325186,0.6386026364570393,0.0004939041255533501,4.523708863403096e-14
170,2022,Portugal,3.2675314473307395,0.16637665677384034,0.4919442636002124,3.9258523677047923,3.513503579130846,0.4123487885739465,-0.048677233182819725,2.0280375744160616e-13
161,2022,United Kingdom,7.417926356531115,1.0038113018271024,-1.0063002580827245,7.4154374002754935,6.914776227489753,0.5006611727857402,0.8157870737866689,2.4189306132814778e-14
162,2022,United Kingdom,4.691400389792158,1.9915075874369224,-1.8145438169532426,4.8683641602758385,3.7841284813155376,1.084235678960301,0.5793610842566443,2.516986656017685e-13
163,2022,Sweden,3.3166140530573327,0.21177432890379325,-0.4458251378307242,3.0825632441304016,3.0937014841419708,-0.011138240011568839,1.5510287763723734,3.3807625694572345e-14
164,2022,United Kingdom,4.321897769646461,0.5334606791344777,-0.8091798286488644,4.046178620132074,3.9173078553220284,0.12887076481004542,0.07520428727283723,5.833613010332415e-14
157,2022,Denmark,2.947594683095487,0.7190320292489826,-1.225857895170498,2.4407688171739714,2.3346657355102374,0.10610308166373361,5.797341807123573,1.8768067384840204e-13
158,2022,Ireland,0.6063342137632033,1.6506114522007544,-0.21701560457753497,2.039930061386423,0.4978264114744358,1.5421036499119871,2.2620225008013337,2.190931942987812e-14
127,2022,Sweden,3.050756963004401,-1.1500883140341966,0.8116573721957862,2.7123260211659903,3.4565856491022937,-0.7442596279363035,1.3685602528060266,5.920172584716043e-14
155,2022,Italy,-4.114279153514996,3.678389519743841,-1.7649359228546226,-2.200825556625778,-4.996747114942308,2.7959215583165298,13.01505921363163,1.4728078349432263e-13
152,2022,Denmark,3.4837899632075024,1.162484772668498,-0.7692384211472278,3.8770363147287727,3.0991707526338885,0.7778655620948839,0.0,6.99485325396159e-14
153,2022,Denmark,1.6508128949109704,3.189429309341226,-1.2160493510105166,3.62419285324168,1.042788219405712,2.5814046338359677,-0.6236384118929672,1.1419784493940875e-13
154,2022,Denmark,3.727542468860933,2.296895685165603,-0.24259957949433322,5.781838574532203,3.606242679113766,2.1755958954184362,-0.9967896238519032,1.1591917671230542e-13
148,2022,Finland,3.6206804846132687,0.18391152348567325,-0.20758873939656047,3.597003268702382,3.5168861149149886,0.080117153787393,0.6427786335988164,0.0
149,2022,Sweden,-2.3822591608422226,1.2853665883849952,1.5764724691387615,0.47957989668153383,-1.594022926272842,2.073602822954376,0.0,1.0228901009123988e-13
150,2022,United Kingdom,3.6249429162568334,0.4227121172763196,-0.5841733242927403,3.4634817092404133,3.3328562541104634,0.1306254551299494,1.1654274388040822,6.9759522359592e-14
144,2022,Sweden,1.5884611290860038,1.2530152630491458,0.1626664028876412,3.004142795022791,1.6697943305298244,1.3343484644929664,-1.0315074034542264,3.821592495577282e-14
142,2022,Germany,0.9628404703009596,-0.8623687717701748,0.7334855052835184,0.8339572038143034,1.329583222942719,-0.49562601912841553,0.35827531040575955,7.994589775303925e-14
137,2022,Germany,2.3656492907749698,-0.7804632533696378,1.2748297095744943,2.860015746979826,3.0030641455622162,-0.14304839858239074,1.0267146420499194,4.908844834053353e-14
128,2022,United Kingdom,0.2328982491336274,1.4571458663352135,-0.6954647727849672,0.9945793426838736,-0.11483413725885622,1.1094134799427298,0.32782109662670683,5.631906436177132e-14
121,2022,Germany,1.0643409491938025,1.6327465572541606,-0.21555807051685158,2.4815294359311113,0.9565619139353766,1.5249675219957348,1.4373003665200152,2.0365230683271147e-14
122,2022,United Kingdom,2.9444470128189026,1.6134897366347383,-1.0074400119372684,3.5504967375163723,2.440727006850268,1.109769730666104,2.2061477156379574,3.8186261572124076e-14
123,2022,United Kingdom,2.8492494756216855,-1.99150080368555,1.2263418361737322,2.0840905081098677,3.4624203937085514,-1.3783298855986839,2.828111238617911,2.333844879402884e-14
116,2022,United Kingdom,5.200603936658439,1.4008689078926981,-1.5216883758031146,5.079784468748022,4.439759748756881,0.6400247199911409,0.026848618481757847,1.6229585293518214e-14
113,2022,Netherlands,-0.9658141697398636,-1.5120847402512179,0.9267659789384345,-1.551132931052647,-0.5024311802706463,-1.0487017507820007,0.3352743690970822,0.0
102,2022,United Kingdom,-2.2086794391305684,0.6216459320440417,0.15195728616336285,-1.435076220923164,-2.1327007960488875,0.6976245751257232,0.7534451936808856,1.8706282852621393e-14
99,2022,Sweden,-0.09412270617100271,0.5421202355394095,-0.5791165000124544,-0.1311189706440477,-0.3836809561772299,0.2525619855331822,3.245484516675294,6.478396836291638e-14
100,2022,Netherlands,-2.443743951975042,-2.8513838041342767,2.514437300450819,-2.7806904556584997,-1.1865253017496322,-1.5941651539088675,0.39891645844244444,3.314105935720375e-14
96,2022,United Kingdom,1.0131165601548229,-1.0747992652631906,0.25337176453783955,0.19168905942947176,1.1398024424237425,-0.9481133829942708,2.5706839018448147,1.5451125724815683e-14
87,2022,United Kingdom,2.619410114266153,-1.13462552623841,1.2889342047481271,2.77371879277587,3.2638772166402163,-0.4901584238643464,0.3571982661472696,0.0
84,2022,United Kingdom,-0.9859347046849447,0.11752500682498046,0.11750208576022593,-0.7509076120997383,-0.9271836618048318,0.17627604970509342,0.8136544256368666,1.2503097266361415e-14
83,2022,United Kingdom,0.5385988595209741,-1.2941735702421162,1.1553468122568953,0.39977210153575304,1.1162722656494217,-0.7165001641136687,0.9015735661375421,3.1279581420695154e-14
31,2022,Netherlands,1.5394749695696568,0.19185206213845693,-0.23123067884919632,1.5000963528589175,1.4238596301450588,0.07623672271385878,-0.4345972233691469,1.189182782670247e-14
80,2022,United Kingdom,3.458261034393327,-0.6182802195817811,0.6585951250353776,3.4985759398469236,3.787558596911016,-0.2889826570640924,-0.1753025623452977,0.0
73,2022,United Kingdom,4.846671527760089,1.0611233011534513,-0.9596275676316678,4.948167261281872,4.366857743944255,0.5813095173376174,-0.34807565141098307,1.665230381665028e-14
68,2022,Denmark,3.835560347254336,1.1167095936003189,-0.8115858940772201,4.140684046777435,3.4297674002157255,0.7109166465617088,0.0,0.0
40,2022,United Kingdom,9.830071436917116,0.850721193221839,-0.7825999269535047,9.898192703185451,9.438771473440363,0.4594212297450866,0.0,0.0
67,2022,United Kingdom,4.119297548751325,2.240096242581232,-1.9166130188933281,4.442780772439229,3.160991039304661,1.281789733134568,1.7076431673425683,0.0
23,2022,Netherlands,0.6155815176143073,0.4877700390866902,-0.32114720738036107,0.7822043493206363,0.45500791392412676,0.32719643539650967,0.4796156964338487,1.5108223412655635e-14
65,2022,Netherlands,0.7770739243814861,0.06370825711549406,-0.43224567772885303,0.4085365037681273,0.5609510855170597,-0.15241458174893244,0.9670500848650297,0.0
59,2022,Denmark,6.500278034101475,2.126699339654185,-1.062576429758932,7.564400943996728,5.968989819222009,1.5954111247747194,-0.05282655194261485,1.4963622097446297e-14
60,2022,Denmark,5.663667725646946,1.559647878619548,-1.2615065557200296,5.961809048546464,5.032914447786931,0.9288946007595333,0.0,1.2285610940759803e-14
61,2022,Denmark,5.509985267067457,0.8747022935251261,-0.7887464693570392,5.595941091235545,5.115612032388938,0.48032905884660654,0.0,1.3743733324298978e-14
58,2022,France,0.6748884963233068,-5.277930994452286,5.249303507754035,0.6462610096250548,3.299540250200324,-2.653279240575269,0.6573886560868888,0.0
55,2022,United Kingdom,4.381874083611196,-0.3861750326306201,-0.39403199611790707,3.6016670548626695,4.184858085552243,-0.5831910306895737,0.4966864693746838,1.4135294006818392e-14
54,2022,Netherlands,-0.3434618391710035,-0.25906543403492477,0.42596841673779445,-0.17655885646813377,-0.13047763080210625,-0.04608122566602753,-0.33245052109978634,1.593439733231179e-14
53,2022,United Kingdom,5.690900375228587,0.5887980419790391,-0.7811296937951661,5.49856872341246,5.300335528331004,0.19823319508145607,0.14083627721623787,0.0
51,2022,United Kingdom,5.022469721659976,0.19786161225251608,-0.32026783032173634,4.900063503590756,4.862335806499107,0.037727697091647944,0.0,0.0
49,2022,France,2.7138958963846282,-1.645632875841075,1.1998269910567063,2.2680900116002594,3.313809391912981,-1.0457193803127218,-0.3550825278754511,1.4930505357932815e-14
48,2022,United Kingdom,2.4314307257206798,-0.11685239439517227,0.2764067195848847,2.590985050910392,2.569634085513122,0.021350965397270102,0.9796739347520323,1.1167036380273544e-14
43,2022,Denmark,7.206576575875371,1.186242354976182,-0.8499132493465388,7.5429056815050135,6.7816199512021,0.7612857303029126,-0.2643194387718437,0.0
36,2022,United Kingdom,-0.9077078370751872,-1.5618405205041601,2.1144921220245556,-0.35505623555479165,0.14953822393709054,-0.5045944594918822,0.20247517905511228,0.0
30,2022,United Kingdom,2.987785806301029,-0.041478925092747976,0.21972821477901494,3.1660350959872963,3.0976499136905367,0.06838518229675951,-0.09120618842801258,0.0
29,2022,Sweden,3.8936145193351153,-0.780017301150648,0.8924701321608313,4.006067350345298,4.33984958541553,-0.33378223507023236,0.0,0.0
15,2022,Netherlands,0.09908508734779273,-0.6304835170868675,0.8123284804056339,0.280930050666559,0.5052493275506096,-0.22431927688405057,0.17428732278280407,0.0
27,2022,Denmark,6.148171689884471,1.386305938162113,-1.1551705526703573,6.379307075376227,5.570586413549291,0.8087206618269344,-0.10095142400545433,0.0
26,2022,United Kingdom,2.7509152038404756,-0.8723799411515468,0.9303558121446441,2.8088910748335727,3.216093109912798,-0.4072020350792248,0.37226653985901764,0.0
18,2022,Germany,1.5545824507727848,0.1912899370785932,-0.13886498704343284,1.6070074008079451,1.4851499572510682,0.12185744355687679,-0.1061766794023475,0.0
25,2022,Sweden,2.0683203367006473,-1.2960781912246577,1.5782745223303256,2.350516667806315,2.8574575978658103,-0.506940930059495,0.023781157556702855,0.0
22,2022,Germany,5.58008223366527,-0.6857086815414551,0.0026639062132100813,4.897037458337024,5.581414186771875,-0.68437672843485,1.3152998060385879,0.0
20,2022,Netherlands,2.9773831864811853,0.5660640286920678,-0.5775865918892213,2.9658606232840317,2.6885898905365746,0.27727073274745717,-0.04773202100842998,0.0
17,2022,United Kingdom,2.1740438236305764,-0.7329417135867499,0.7981467949011171,2.2392489049449438,2.573117221081135,-0.3338683161361914,0.6042245942368436,0.0
16,2022,Netherlands,2.133178918715302,0.7388663020555454,-0.7043032528515314,2.167741967919316,1.7810272922895365,0.3867146756297796,0.0,0.0
10,2022,United Kingdom,6.692858827328429,1.1268882205773416,-1.2840542100368049,6.535692837868967,6.050831722310028,0.4848611155589393,0.2762018548128928,0.0
13,2022,United Kingdom,-1.1012255169241152,0.5753956727535672,-0.2723451705548861,-0.798175014725434,-1.237398102201558,0.4392230874761241,0.0469892792178617,0.0
11,2022,Germany,4.221040669108027,1.0937658861750976,-0.8250913424877262,4.489715212795398,3.8084949978641633,0.6812202149312343,-0.46794241249705504,0.0
9,2022,United Kingdom,3.9569374046204384,-0.7699929698418526,0.685406960451103,3.8723513952296886,4.2996408848459895,-0.42728948961630103,1.0976988655977122,0.0
7,2022,Netherlands,1.5685622575016611,0.03882951329930298,-0.14184092426364386,1.4655508465373202,1.497641795369839,-0.03209094883251895,-0.07552091280791583,0.0
5,2022,United Kingdom,3.5304830918992085,1.2811281365891054,-1.3419162589030276,3.469694969585287,2.859524962447695,0.6101700071375916,0.14085948410477034,0.0
2,2022,Belgium,2.319788636034543,-1.0325813478803723,0.9246228248286664,2.2118301129828373,2.7821000484488763,-0.570269935466039,0.41005598371948515,0.0
95,2023,Sweden,6.851328378362282,1.1772779242840345,-1.151231963869673,6.877374338776643,6.275712396427445,0.601661942349198,-0.003169818318306265,2.2373414599078378e-13
167,2023,France,8.260631692964111,2.0775343604785514,-1.841316173665344,8.49684987977732,7.339973606131439,1.1568762736458795,0.0,1.1438168635961478e-13
170,2023,Portugal,10.326893356240529,-1.4032501183839947,1.4513576209980636,10.375000858854598,11.05257216673956,-0.6775713078849629,-0.22067338396771521,3.1601643411991375e-13
129,2023,United Kingdom,-1.2779553659220926,0.1429905474978073,-0.16638292910048996,-1.3013477475247752,-1.3611468304723375,0.059799082947562296,0.07774695979018344,1.4907494909514064e-13
161,2023,United Kingdom,-3.5550877604803133,-1.767330158627519,1.6940128977223456,-3.628405021385487,-2.7080813116191402,-0.9203237097663463,1.0166322752033554,2.7508039408620556e-14
162,2023,United Kingdom,-5.948276925450954,0.5977689113784452,0.028132025347007174,-5.3223759887255015,-5.93421091277745,0.611834924051949,-0.08615565674474478,4.9266067630014254e-14
163,2023,Sweden,6.084701019826123,-0.7889054912947403,1.1510217374056104,6.446817265936993,6.660211888528928,-0.21339462259193517,0.6461871196154095,4.8326787500768945e-14
164,2023,United Kingdom,-4.436588492636417,-1.404348378215466,1.3748985789657777,-4.466038291886106,-3.7491392031535287,-0.7168990887325771,-0.1755149856507696,7.821026075903712e-14
157,2023,Denmark,3.179776853589731,-1.268851788572235,-0.7280865453030173,1.1828385197144786,2.8157335809382222,-1.6328950612237438,6.910647220041572,1.7429700578227398e-13
158,2023,Ireland,1.1184779294648226,2.220163935120521,-0.49646480924546327,2.8421770553398806,0.870245524842091,1.9719315304977894,2.466942432068634,1.2731534197881364e-13
155,2023,Italy,-7.4617501566542455,-4.176470938991442,5.522735687037566,-6.11548540860812,-4.700382313135462,-1.4151030954726584,11.634166703550067,2.7604960009227637e-13
152,2023,Denmark,-0.595731725620853,-0.6982531996367218,0.9400020609897762,-0.35398286426779846,-0.12573069512596477,-0.2282521691418337,0.0,1.041469915134894e-13
153,2023,Denmark,2.434692687531496,1.9702973099273249,-0.5115478292574944,3.893442168201326,2.1789187729027484,1.7145233952985774,-0.7924704109914308,1.6767471476543833e-13
154,2023,Denmark,3.00270308974398,1.6732226243546835,-0.5170678183803329,4.158857895718331,2.7441691805538135,1.4146887151645169,0.03304879070250175,2.911291303885199e-14
148,2023,Finland,-0.46145242516400614,-3.4482420507726945,3.518778580487722,-0.3909158954489787,1.2979368650798548,-1.6888527605288335,0.18306555241679598,3.438228867018105e-14
149,2023,Sweden,2.81580253123483,3.044970261953291,0.19863259121561902,6.05940538440374,2.9151188268426393,3.1442865575611005,0.0,9.496013047959638e-14
150,2023,United Kingdom,-8.118329113679867,-1.4191370197846864,1.5052857211775015,-8.032180412287051,-7.3656862530911145,-0.6664941591959357,1.0585511634397238,6.35047212489511e-14
144,2023,Sweden,5.813816376564893,0.6870676802644268,0.46568819994235655,6.966572256771676,6.046660476536071,0.919911780235605,-1.4003853116507905,1.81172589905341e-14
142,2023,Germany,5.234926850003676,-0.8471168214030199,0.9446907073784101,5.332500735979067,5.707272203692881,-0.37477146771381487,-0.08741329082374805,1.9275629794221296e-14
134,2023,Netherlands,7.649390724777138,-0.5604395183513032,-0.47512681997728573,6.61382438644855,7.411827314788496,-0.7980029283399461,4.8426886465376535,6.034299205994332e-14
140,2023,Denmark,1.0003018836902922,0.28822961697923877,0.4162666213262465,1.7047981219957775,1.2084351943534155,0.496362927642362,-0.6106097246691865,1.2701528345564945e-14
136,2023,Denmark,-0.13903021353639838,-0.3171139758886276,0.9876214537465045,0.5314772643214785,0.3547805133368538,0.1766967509846246,-0.7474985912975906,3.5982543111071696e-14
137,2023,Germany,5.885617286941228,-0.325300038977832,0.13193745752646774,5.692254705489864,5.951586015704462,-0.25933131021459815,1.9356388018385577,4.674382627865911e-14
127,2023,Sweden,7.567548003557609,1.8629131550092308,-1.5034922256553627,7.9269689329114765,6.815801890729927,1.1111670421815494,0.7558166825170531,1.902303521807268e-14
128,2023,United Kingdom,-8.226152546651768,-0.11863736036490476,0.3348268868350591,-8.009963020181614,-8.058739103234238,0.04877608305262481,0.9498523536211729,1.539276309533003e-14
121,2023,Germany,3.4322712735978795,0.2371220435106037,0.4851459473639728,4.154539264472456,3.6748442472798666,0.4796950171925901,2.1318067956152027,1.9893772594194132e-14
122,2023,United Kingdom,5.593540795351695,3.009349549917713,-2.693878412797494,5.909011932471913,4.246601588952947,1.6624103435189659,2.5437862777045277,0.0
123,2023,United Kingdom,-0.42164529971679304,-1.8792982650281298,1.4243674360108454,-0.8765761287340771,0.2905384182886297,-1.167114547022707,2.1315997004407694,0.0
93,2023,United Kingdom,-2.325276701490751,-1.6759579094774453,1.7011002345629669,-2.300134376405229,-1.4747265842092676,-0.8254077921959616,0.13975836718103632,3.628647062374994e-14
116,2023,United Kingdom,0.5744825370977785,1.456691047593511,-1.767005926670568,0.2641676580207214,-0.3090204262375056,0.573188084258227,0.257907565410992,0.0
113,2023,Netherlands,10.118142262449647,0.815850669806989,-0.37041035630145397,10.56358257595518,9.932937084298919,0.6306454916562619,0.1261795761910105,1.657250671181836e-14
69,2023,France,14.27145041852188,2.7499661615686297,-2.3071827080784613,14.71423387201205,13.11785906448265,1.5963748075293993,0.08362236650713747,0.0
102,2023,United Kingdom,7.880945158869956,3.263983213658593,-2.610432407619405,8.534495964909144,6.575728955060255,1.9587670098488907,1.8262314709121337,0.0
99,2023,Sweden,9.289998720479025,2.3929045711419397,-2.1258091382055264,9.557094153415438,8.227094151376262,1.3300000020391767,0.3052020329883442,0.0
100,2023,Netherlands,6.713854255480682,-0.3205801971775937,-0.33156391310237504,6.061710145200714,6.548072298929495,-0.4863621537287812,2.9695658051394433,2.9625359027781995e-14
96,2023,United Kingdom,8.377234990134886,1.449931464017461,-1.6104541961584558,8.21671225799389,7.572007892055658,0.644704365938233,1.4848820690434785,0.0
87,2023,United Kingdom,10.665760736424913,0.6926378852831673,-0.5353593689358499,10.823039252772231,10.39808105195699,0.4249582008152423,0.287121321307929,0.0
84,2023,United Kingdom,-1.2889344397964273,0.7757874228733999,-0.8260653013731096,-1.339212318296137,-1.701967090482982,0.362754772186845,1.8378912502168165,2.47032612261195e-14
83,2023,United Kingdom,-5.81243522200978,-3.6275861193855246,3.798973119099039,-5.641048222296266,-3.9129486624602614,-1.7280995598360054,-0.6460908240309202,3.3071613056923116e-14
80,2023,United Kingdom,2.06286406036836,-0.8404012551607779,0.9844437078417861,2.206906513049368,2.555085914289253,-0.3481794012398849,-0.2138163361827413,1.799622629228675e-14
75,2023,France,13.822107311851745,5.352474146073672,-5.493867464916399,13.680713993009016,11.075173579393544,2.605540413615472,0.518889461971264,0.0
73,2023,United Kingdom,5.3210219118605036,1.4031254107566598,-0.8906328241923442,5.833514498424819,4.875705499764331,0.9578089986604876,-0.47215306833197573,0.0
68,2023,Denmark,-1.8109944862237155,-0.20218728535215244,-0.0024786389158820655,-2.01566041049175,-1.8122338056816565,-0.20342660481009345,0.0,0.0
67,2023,United Kingdom,-0.8088875812011318,1.834130258955336,-1.0404375427966566,-0.015194865042451992,-1.32910635259946,1.313911487557008,1.789252531237677,1.9974119911451782e-14
23,2023,Netherlands,1.2170701335702128,-0.23948347430255662,0.5234794425407167,1.5010661018083729,1.4788098548405713,0.022256246967801686,0.09198858815696195,0.0
65,2023,Netherlands,0.8927716555452612,-0.6577177813175301,0.9153371300043277,1.1503910042320586,1.350440220547425,-0.2000492163153663,-0.12354189484012129,0.0
59,2023,Denmark,1.0957302357475114,-0.3428218351971415,0.7043997824209738,1.4573081829713437,1.4479301269579983,0.009378056013345433,0.24580071221390123,1.5867026475870362e-14
60,2023,Denmark,-0.4971431276858726,0.17816764731399304,-0.0194841524650818,-0.3384596328369614,-0.5068852039184135,0.16842557108145212,0.0,0.0
61,2023,Denmark,1.3408528543381686,-0.38172429181499345,0.09242984763001662,1.0515584101531918,1.3870677781531768,-0.33550936799998515,0.0,0.0
58,2023,France,10.909208011105974,0.6774700446248626,-1.1528537565400991,10.43382429919074,10.332781132835926,0.10104316635481296,1.0763375207858783,0.0
55,2023,United Kingdom,5.492558564142819,1.2282608549309908,-1.1304473596617628,5.590372059412048,4.9273348843119384,0.6630371751001095,0.20307898766208313,0.0
54,2023,Netherlands,7.052949410643659,0.41857404657804154,-0.31834187056653657,7.153181586655164,6.89377847536039,0.2594031112947733,-0.4473011228053588,1.4539186272987587e-14
53,2023,United Kingdom,3.2281575665470235,1.141821995004959,-0.957849192405356,3.4121303691466256,2.749232970344345,0.6628973988022809,-0.08795649782069637,0.0
51,2023,United Kingdom,3.1610919542345766,0.6970092657475456,-0.5516459457513344,3.306455274230788,2.885268981358909,0.4211862928718783,0.0,2.569037041713043e-14
49,2023,France,12.354742821217638,1.580641387834802,-0.9303860161048068,13.004998192947633,11.889549813165235,1.1154483797823986,0.6008967693619919,1.2971004437763631e-14
48,2023,United Kingdom,8.3386811409662,0.9241034173106399,-0.3044891259049719,8.958295432371868,8.186436578013714,0.7718588543581539,0.2894968036972285,0.0
43,2023,Denmark,5.275025004714159,0.32328243215549424,-0.08635854308842908,5.511948893781224,5.231845733169944,0.2801031606112797,0.006908983126141355,0.0
40,2023,United Kingdom,-1.622675744426174,-2.2691908755482397,2.051122546954835,-1.8407440730195785,-0.5971144709487565,-1.2436296020708222,0.0,0.0
36,2023,United Kingdom,10.321057451393667,1.6942541434555176,-1.7590166892084074,10.256294905640777,9.441549106789463,0.8147457988513138,0.9834875298949802,0.0
30,2023,United Kingdom,2.6120997912452504,1.492674743223136,-1.197152157203023,2.9076223772653633,2.013523712643739,0.8940986646216247,0.11673718009441737,0.0
31,2023,Netherlands,7.589266339405222,0.33379522674076084,-0.4929355575232346,7.430126008622749,7.342798560643605,0.08732744797914355,0.09696403162162759,0.0
29,2023,Sweden,8.29767014468418,1.5672698655876232,-1.475066014571201,8.3898739957006,7.560137137398578,0.8297368583020227,0.0,0.0
27,2023,Denmark,0.5624682461508966,0.13000069622911148,-0.05881792382570717,0.633651018554301,0.533059284238043,0.10059173431625788,-0.11895464457224929,1.59540331810863e-14
26,2023,United Kingdom,10.216931872407617,1.6601877399194558,-1.2425768358814953,10.634542776445578,9.595643454466869,1.0388993219787082,-0.06401637807524987,0.0
18,2023,Germany,1.2503050744794286,-1.1044936732679271,1.144413658360353,1.2902250595718545,1.8225119036596051,-0.5322868440877506,0.07796679020203176,0.0
25,2023,Sweden,7.4752909442827224,0.4013102599578382,-0.39819157778394093,7.47840962645662,7.276195155390751,0.2022144710658678,0.6124810539139233,0.0
22,2023,Germany,10.16167671554298,0.7601872351812137,-0.5093492682835216,10.412514682440671,9.907002081401219,0.505512601039453,0.9205526813633322,0.0
20,2023,Netherlands,-1.537565553936402,-0.761463036293906,0.8776126592923988,-1.421415930937909,-1.0987592242902025,-0.3226567066477066,-0.27189739422936926,0.0
17,2023,United Kingdom,10.368514343648634,0.8983568346104649,-1.2775941834160043,9.989276994843095,9.729717251940633,0.25955974290246275,1.334816184245707,1.4095106804573073e-14
16,2023,Netherlands,-0.3454628364893905,-0.8834848876951888,0.7893806481515677,-0.4395670760330116,0.04922748758639342,-0.48879456361940493,0.0,0.0
15,2023,Netherlands,11.589888345155003,0.9200128354191505,-0.8754626892141388,11.634438491360015,11.152157000547932,0.48228149081208094,0.11282696104967632,0.0
10,2023,United Kingdom,-3.404523464225579,-0.6780718263873236,0.7149357076319814,-3.367659582980921,-3.0470556104095885,-0.32060397257133283,-0.37774756541807847,0.0
13,2023,United Kingdom,-0.21112749457862853,2.1693639584213478,-1.2719785251449969,0.6862579386977222,-0.847116757151127,1.5333746958488492,0.09402722317828571,0.0
11,2023,Germany,1.7766581115672073,-0.4231551049761577,0.33106367744209897,1.6845666840331488,1.9421899502882567,-0.2576232662551082,-0.8294976437592676,1.8650092745994188e-14
9,2023,United Kingdom,1.5675844849086826,-0.854045311594925,0.9282045260074682,1.641743699321226,2.031686747912417,-0.389943048591191,1.0105953929503846,0.0
7,2023,Netherlands,1.4731173374780182,-1.0230527951947699,0.9799271800934121,1.4299917223766603,1.9630809275247243,-0.5330892051480639,-0.3875489413274467,0.0
5,2023,United Kingdom,1.0494147993990404,0.33754826007349675,-0.23102079222544705,1.15594226724709,0.9339044032863167,0.2220378639607732,0.12095706452524423,0.0
2,2023,Belgium,13.599559290248479,0.9744967540243088,-0.797677892620763,13.776378151652022,13.200720343938096,0.5756578077139273,-0.055282419263171664,0.0
167,2024,France,9.797361066630394,4.919591858176114,-4.659438828626642,10.057514096179867,7.467641652317074,2.589872443862793,0.0,4.879227180447212e-14
170,2024,Portugal,12.485901186633672,-1.944259058428398,2.4710554373292073,13.012697565534484,13.721428905298277,-0.7087313397637943,-0.09655356107730936,6.77144800403574e-14
161,2024,United Kingdom,4.8864937553922765,-0.47799916431434,0.4180056561353852,4.826500247213321,5.095496583459969,-0.2689963362466473,0.8837261562385854,8.59838278828327e-14
162,2024,United Kingdom,1.0980498202852333,1.7943276689082073,-1.6417645490089807,1.2506129401844601,0.27716754578074293,0.973445394403717,0.6447821567578245,1.521348997839621e-13
163,2024,Sweden,11.030411212177201,-1.21571539137372,1.0132630536326115,10.827958874436092,11.537042738993508,-0.7090838645574143,0.9093410250525075,1.0891168560729434e-13
164,2024,United Kingdom,4.685503799870507,-0.8161019206687206,0.8207440718869955,4.690145951088782,5.095875835814005,-0.40572988472522287,-0.1412421290927042,5.806948537317065e-14
157,2024,Denmark,3.1279141427493578,-0.9366811598416307,-0.730935377688322,1.4602976052194052,2.762446453905197,-1.3021488486857917,6.7110472872409135,9.125078350639284e-14
158,2024,Ireland,-2.6096696054427877,0.7721706796991678,1.0123816532419538,-0.8251172725016664,-2.103478778821811,1.2783615063201446,1.7708989818832714,8.781341738741439e-14
155,2024,Italy,-14.05126445602303,1.8327610198383206,0.16391429376282987,-12.05458914242188,-13.969307309141614,1.9147181667197357,11.979964964374117,2.2061934991929388e-13
152,2024,Denmark,2.1384180539708377,0.22550574280616073,0.5989217828949216,2.96284557967192,2.4378789454182983,0.5249666342536216,0.0,2.8315782432901427e-14
153,2024,Denmark,-1.7288348996195828,0.5600330912076732,1.4009513802865436,0.23214957187463406,-1.028359209476311,1.260508781350945,-0.3653573595106266,7.909539436576373e-14
154,2024,Denmark,2.9978544513974765,2.1118401314218995,-0.38685267071347873,4.722841912105897,2.804428116040737,1.9184137960651604,-0.8928973813716564,1.2907788525040935e-13
148,2024,Finland,7.5217816973315506,1.4548272219525977,-1.3793024112799261,7.5973065080042215,6.832130491691587,0.7651760163126347,0.37575682522136133,0.0
149,2024,Sweden,0.812745764071705,2.586574021748239,0.9972466094407717,4.396566395260716,1.311369068792091,3.0851973264686245,0.0,1.9232857374986644e-14
150,2024,United Kingdom,3.5298282500901847,-0.4515209873374831,0.2942124199495855,3.372519682702287,3.6769344600649774,-0.30441477736269035,1.2685621505708289,1.126925239554082e-13
144,2024,Sweden,7.009486604218791,-0.54349335722868,1.1479065430313193,7.61389979002143,7.58343987573445,0.030459914286979646,-1.3434608970471285,0.0
142,2024,Germany,1.9521091143228955,0.02185747103282326,0.6378425692194204,2.611809154575139,2.2710303989326057,0.34077875564253346,0.5187365659192835,1.9608107118091614e-14
140,2024,Denmark,3.3967447878281947,0.5264244414834086,-0.47053859797126263,3.4526306313403405,3.161475488842563,0.29115514249777724,0.09322878587364397,0.0
136,2024,Denmark,3.005227387640718,0.5455439838123171,-0.206730623579602,3.3440407478734326,2.901862075850917,0.442178672022516,-0.07063099940217632,2.2970605867515226e-14
137,2024,Germany,4.805882503096185,-0.9357055192840309,0.9255368091033365,4.79571379291549,5.268650907647852,-0.4729371147323626,2.1242193355857206,3.188757979781911e-14
129,2024,United Kingdom,5.01165596568914,0.6757563963587853,-0.6498521277138112,5.037560234334115,4.686729901832234,0.3508303325018797,-0.08252876587513037,4.1684691331906057e-14
134,2024,Netherlands,0.4277522985233279,2.267468119563074,-2.8287330441829104,-0.13351262609650857,-0.9866142235681273,0.8531015974716187,4.8616320499483265,5.3368806238034807e-14
127,2024,Sweden,6.264080648749129,0.19777001788585458,-0.1572515054113541,6.30459916122363,6.185454896043453,0.11914426518017751,1.1053777786334187,1.9258529003396483e-14
128,2024,United Kingdom,-0.148684529474839,1.2547284460402015,-0.986277528916166,0.1197663876491965,-0.641823293932922,0.7615896815821186,1.0025194375226343,2.856396327548361e-14
121,2024,Germany,4.155024446883746,0.9771527603010274,-1.051497081257361,4.080680125927413,3.6292759062550655,0.4514042196723469,3.5604995137731876,3.9823544457591213e-14
122,2024,United Kingdom,6.046970935257675,2.8462768571817563,-2.859017317388549,6.034230475050882,4.6174622765634,1.4167681984874818,2.6754165689333385,1.2247525272325902e-14
123,2024,United Kingdom,-0.3931251725660032,-2.1931891196262416,1.871951472438301,-0.7143628197539437,0.5428505636531473,-1.2572133834070909,3.0048918082395404,2.3638879519219372e-14
116,2024,United Kingdom,4.031481899691591,0.7862841234407472,-1.1220974488992663,3.6956685742330713,3.4704331752419577,0.2252353989911139,0.7704737011602113,0.0
113,2024,Netherlands,5.060511027642294,1.1556326060483857,-1.2121369749582076,5.0040066587324725,4.45444254016319,0.5495641185692818,0.5363865959307043,3.480312496715873e-14
93,2024,United Kingdom,4.654968987749889,-0.12994571958815287,0.1439499019595866,4.668973170121323,4.726943938729682,-0.05797076860835958,0.2847311143989771,2.7112963485082556e-14
102,2024,United Kingdom,4.883628450831714,2.543693685689775,-1.914751701022501,5.512570435498986,3.9262526003204625,1.586317835178524,1.2436396716325422,1.7674804927562316e-14
99,2024,Sweden,4.505680193502106,0.8431803250835139,0.40644898413192737,5.755309502717546,4.7089046855680685,1.0464048171494775,1.294687451878545,3.5645333259994663e-14
100,2024,Netherlands,1.2456576572721911,1.3324471172665584,-1.429577086607162,1.1485276879315875,0.5308691139686099,0.6176585739629774,1.8915518563434646,3.1457811595747026e-14
95,2024,Sweden,5.945244425236867,-0.4294781165932797,0.4525024188765413,5.968268727520129,6.171495634675138,-0.20322690715500902,0.035488384573683106,2.145498372521728e-14
96,2024,United Kingdom,6.7764199881606775,0.7480142813506445,-0.9499848650360632,6.574449404475259,6.301427555642646,0.2730218488326129,2.18567755388153,1.4535045177311268e-14
87,2024,United Kingdom,7.7230248345870685,0.5759216206145134,-0.5545646246784824,7.744381830523099,7.445742522247826,0.2986393082752722,0.4221599891520361,1.9764119834580506e-14
84,2024,United Kingdom,-2.6749237036951046,-0.05810729689079411,0.26601411763940336,-2.4670168829464956,-2.541916644875403,0.07489976192890757,1.6672939642250844,0.0
83,2024,United Kingdom,-0.8426998924955533,-2.2616709161389137,2.850475792838229,-0.25389501579623786,0.5825380039235613,-0.8364330197197991,0.6653658013871476,0.0
80,2024,United Kingdom,1.6139393338537213,-0.9705216497854665,1.0516725514539618,1.6950902355222168,2.139775609580702,-0.4446853740584855,-0.08592934380988523,1.823083562269303e-14
75,2024,France,1.1402179792164904,3.8621998688239243,-4.072045014096292,0.9303728339441221,-0.8958045278316558,1.826177361775778,0.2877716409483989,1.1613294720430925e-14
73,2024,United Kingdom,7.976480763598351,0.5897537341976637,-0.4539239272741343,8.11231057052188,7.749518799961284,0.3627917705605966,-0.13730307285268226,0.0
69,2024,France,3.1641837203694205,0.5316901761779491,-0.5002119726058524,3.1956619239415174,2.9140777340664945,0.28158418987502287,0.7442289771870856,1.8020411652283988e-14
68,2024,Denmark,3.5815260416264176,0.5666805333717125,-0.3699008417738122,3.7783057332243186,3.3965756207395117,0.3817301124848065,0.0,1.3632794457873057e-14
67,2024,United Kingdom,3.380345301321684,1.6143358449906358,-1.4138287226719737,3.580852423640346,2.673430939985697,0.907421483654649,2.2440344729310695,0.0
65,2024,Netherlands,3.7911261481068133,1.1896032054822419,-1.0806097999067892,3.900119553682266,3.250821248153419,0.6492983055288473,0.2275951645256756,1.481953160151723e-14
59,2024,Denmark,5.351722808543846,-0.03249238523817372,-0.28982158219037607,5.029408841115297,5.206812017448658,-0.17740317633336175,0.3781249242673807,0.0
60,2024,Denmark,3.674714301331803,0.6178131380002986,-0.5630199325412364,3.7295075067908647,3.3932043350611845,0.3363031717296803,0.0,0.0
61,2024,Denmark,5.085422639631037,0.7808703266612548,-0.7635358766305957,5.102757089661696,4.70365470131574,0.39910238834595696,0.0,1.3713424827700331e-14
58,2024,France,-3.348811510059334,-0.5171360658413175,0.45050967036164835,-3.415437905539003,-3.1235566748785097,-0.2918812306604933,0.4795499482980205,2.1301483449456236e-14
55,2024,United Kingdom,7.924258220438837,1.1676867414517527,-0.6433453356549065,8.448599626235684,7.6025855526113855,0.8460140736242994,-0.5968043517444064,0.0
54,2024,Netherlands,3.9495820562456263,1.5178672449565498,-1.6723121584514198,3.795137142750757,3.1134259770199164,0.6817111657308399,0.2939394158362967,0.0
53,2024,United Kingdom,6.856155447610238,1.0076252927655185,-1.1053657403168464,6.75841500005891,6.3034725774518146,0.45494242260709516,0.3374299004857119,1.1540204646644545e-14
51,2024,United Kingdom,6.646663711470108,0.30505307982769336,-0.25413447947930085,6.6975823118185,6.519596471730456,0.17798584008804288,0.0,0.0
49,2024,France,8.134688599060873,0.5125432671154172,-0.5550121297155745,8.092219736460715,7.857182534203085,0.23503720225762997,0.02686864466066919,0.0
48,2024,United Kingdom,7.542510980807821,1.0427244312435056,-0.8238172152453168,7.76141819680601,7.1306023731851615,0.6308158236208471,0.5891027882270298,0.0
43,2024,Denmark,6.149220853219886,1.4977080543608556,-1.0110572424079982,6.635871665172743,5.643692232015887,0.9921794331568566,-0.209895641354889,0.0
40,2024,United Kingdom,5.121276992502628,-0.7644251353856125,0.7011400330876787,5.057991890204693,5.471847009046467,-0.4138551188417732,0.0,0.0
36,2024,United Kingdom,2.130450716573387,-0.04999283377107892,0.38283084750257756,2.463288730304886,2.321866140324676,0.14142258998020987,0.24760725065939834,0.0
30,2024,United Kingdom,5.522150754936363,1.0423881503140497,-0.9176356599357631,5.6469032453146495,5.063332924968481,0.5835703203461682,0.3046152506126543,1.9617136192824888e-14
31,2024,Netherlands,6.566761148153281,1.51841810901258,-1.5930104062104273,6.492168850955434,5.770255945048068,0.7219129059073661,0.23548543560525742,0.0
29,2024,Sweden,7.069767674271244,-0.04285476630086963,0.0233288430254601,7.050241750995834,7.081432095783972,-0.031190344788139583,0.0,0.0
27,2024,Denmark,4.1012509218794415,0.6008629164531167,-0.733277375104328,3.96883646322823,3.7346122343272774,0.2342242289009528,-0.029114533423161663,0.0
26,2024,United Kingdom,7.682881755733104,1.0585543437898879,-0.8339487191587222,7.90748738036427,7.265907396153742,0.6415799842105268,0.1512887110878813,0.0
25,2024,Sweden,6.087586886218282,-0.7548615098183541,0.7080602464141449,6.040785622814073,6.441617009425355,-0.4008313866112816,0.22513605173427814,0.0
23,2024,Netherlands,3.7256701114655213,1.2555633328701472,-1.0455938248719718,3.935639619463697,3.202873199029535,0.7327664204341613,-0.0076036008380978345,0.0
22,2024,Germany,9.108222287522205,0.45931797201721175,-0.34657893931492034,9.220961320224497,8.934932817864745,0.2860285023597515,1.8844389307183258,0.0
20,2024,Netherlands,3.9482246827206655,0.9624546493694267,-0.962291486722664,3.9483878453674284,3.4670789393593338,0.4813089060080948,-0.20716208649567722,0.0
18,2024,Germany,3.410441638278932,0.3462163785407988,-0.37856972458820665,3.3780882922315243,3.2211567759848285,0.1569315162466955,0.20308292035400038,0.0
17,2024,United Kingdom,8.3954997950163,1.2208110211619299,-0.9485750151192858,8.667735801058946,7.921212287456658,0.7465235136022871,-0.04425371181359057,0.0
16,2024,Netherlands,3.6117579040947505,0.8977428927981945,-0.9744995873330164,3.5350012095599284,3.124508110428242,0.4104930991316863,0.0,0.0
15,2024,Netherlands,7.6695209608628385,1.695768423225975,-1.6527494390633966,7.7125399450254175,6.843146241331141,0.8693937036942768,0.19553274072158316,0.0
13,2024,United Kingdom,-1.217477688729915,1.2296142081215882,-0.7655071384837471,-0.7533706190920736,-1.6002312579717883,0.8468606388797147,0.39028317857951184,0.0
10,2024,United Kingdom,4.707944074977807,0.1120960242930606,-0.20671122983688434,4.613328869433983,4.604588460059365,0.008740409374618435,0.28552304434792897,0.0
11,2024,Germany,4.9496452182828286,0.6215627297594912,-0.7390396642230554,4.832168283819263,4.5801253861713,0.2520428976479635,0.036505563961334614,0.0
9,2024,United Kingdom,1.1551642877616533,-1.1721096551051655,1.1333037480833028,1.1163583807397905,1.7218161618033045,-0.6054577810635141,1.3099959853416534,0.0
7,2024,Netherlands,3.160138114237301,0.45261981548547203,-0.5651403963088559,3.0476175334139164,2.8775679160828727,0.17004961733104412,-0.09507765742349163,1.5487487159024813e-14
5,2024,United Kingdom,5.831138858764821,0.9195817711657539,-0.8617737088362909,5.888946921094284,5.400252004346676,0.48869491674760834,0.17304689384823135,0.0
2,2024,Belgium,8.371330447185724,1.353090019934151,-1.3836548283846073,8.340765638735267,7.679503032993419,0.6612626057418471,0.09966803097214373,0.0
160,2016,United States of America,7.737182352202912,0.4295056884781756,-1.1872856916944474,6.979402348986639,7.143539506355689,-0.16413715736904816,2.4485192908190365,6.834288321106249e-14
160,2017,United States of America,9.959231177487638,0.7588959828317382,-1.0182370709416764,9.699890089377698,9.450112642016798,0.24977744736089993,1.8664958795960191,1.460088920189288e-13
160,2018,United States of America,10.254338104120036,1.1114472781158813,-2.017718045059247,9.348067337176671,9.245479081590412,0.10258825558625798,3.0953542598914643,5.3547594812166924e-14
160,2019,United States of America,7.554943469051239,0.7865550036906666,-0.9533122348412585,7.388186237900647,7.07828735163061,0.30989888627003737,1.7214013799929706,1.0886229974322814e-13
160,2020,United States of America,8.575690427662659,0.18961877573838223,-1.4587155862350012,7.30659361716604,7.846332634545159,-0.5397390173791183,3.3916769775103264,1.2240981536473015e-13
160,2021,United States of America,5.479291256911976,0.6477887319456149,-0.7875123629005865,5.339567625957004,5.0855350754616815,0.25403255049532175,2.0106586095854397,2.786076885661608e-14
160,2022,United States of America,9.7085112830426,0.8877571187917167,-2.1467263170070066,8.44954208482731,8.635148124539096,-0.18560603971178657,3.200719945320849,1.6141530803984474e-13
160,2023,United States of America,1.8478389481189812,0.9146797494618901,-0.5482089085783951,2.214309789002476,1.5737344938297835,0.6405752951726925,1.303565952004839,1.0190707963749119e-13
117,2023,United States of America,2.2207531431320238,-0.6303562582501933,0.5731566689450963,2.163553553826927,2.507331477604572,-0.34377792377764516,-0.22904538823102796,9.822319250048018e-14
146,2023,United States of America,1.8754558036974653,0.27635344855221,-0.4910485491942487,1.6607607030554263,1.629931529100341,0.030829173955085665,-0.2692471809348425,1.4154504305861172e-14
160,2024,United States of America,5.183828154727605,0.3173904009317103,-0.946753740062575,4.554464815596741,4.710451284696317,-0.15598646909957722,2.9577174032347555,5.6100490376911407e-14
156,2024,United States of America,5.994419818078294,1.3583961108897076,-1.4059242032737196,5.9468917256942815,5.291457716441434,0.6554340092528478,0.06270599483968875,2.3957681055982745e-14
138,2024,United States of America,5.785894147676532,0.23757008611929314,-0.31714429621887247,5.7063199375769535,5.627321999567096,0.07899793800985691,0.0806343395418683,5.323950351497557e-14
146,2024,United States of America,5.164522207007529,0.3645333625596929,-0.3575768720100515,5.171478697557171,4.985733771002503,0.18574492655466712,-0.2143674156588488,3.37994521028001e-14
117,2024,United States of America,5.658359872311126,-0.18660326520290677,0.19150295355240915,5.663259560660629,5.7541113490873315,-0.09085178842670218,-0.27312771125643165,3.290191221088781e-14
