farm_id,year,country,P00_kWh,P10_kWh,P01_kWh,P11_kWh,AEP_kWh,AEP_noWake_kWh,CF,WakeLoss,P11_err_pct
46,2014,China,110094484.6,105598295.7,111567241.8,105637007.71295504,105637007.71295504,106172282.28232288,0.6449145770021675,0.0050415660082025,0.0
89,2014,China,70795061.9,70205014.1,69793836.1,70471331.36187705,70471331.36187705,71085063.97175449,0.4314395210106346,0.0086337772745242,0.0
101,2014,China,98585045.5,92561602.4,94963928.4,92766876.32924974,92766876.32924974,93233903.0548152,0.5803007402054907,0.0050091941907748,0.0
168,2014,China,57068539.9,53811419.8,57431766.5,53351716.0199416,53351716.0199416,57618640.16335101,0.2405505929931088,0.0740545790617848,0.0
169,2014,China,80033838.2,74806397.0,79813746.8,75554325.51641193,75554325.51641193,79546531.29838295,0.3325600841428405,0.0501870504823907,0.0
165,2014,China,78867532.2,78350016.4,79674830.3,78461462.17378896,78461462.17378896,86619376.28924479,0.2670573933757282,0.0941811689824965,0.0
34,2014,China,268897575.4,255247354.7,270082259.4,255260620.301478,255260620.301478,257551594.49461088,0.6327729804201239,0.0088952048525595,0.0
97,2014,China,123688718.0,129778692.6,126577497.4,129005202.91403694,129005202.91403694,139775707.80570084,0.3298100547463555,0.0770556276247639,0.0
0,2014,China,272656698.2,279626514.2,272802115.3,280573534.22325253,280573534.22325253,284316638.6983251,0.4408206608585541,0.013165267049475,0.0
45,2014,China,396283237.2,379993501.9,400757623.6,379294350.7867489,379294350.7867489,412082551.1913774,0.5876523778922114,0.0795670680785539,0.0
131,2014,China,279689599.0,263289314.4,277737018.4,264169168.0635255,264169168.0635255,286403545.1289661,0.3443738340027708,0.0776330371728763,0.0
88,2014,China,503809668.0,468487770.2,499251249.9,471277180.0434072,471277180.0434072,503794698.2230921,0.327532841774036,0.0645451774192458,0.0
109,2014,China,566716960.2,596307115.4,565524787.0,599479816.3148291,599479816.3148291,641359466.609132,0.3965757828020091,0.0652982492263202,0.0
57,2014,Vietnam,388982934.5,406873181.7,365288697.8,406410729.09098667,406410729.09098667,770915218.2204019,0.1142784476905865,0.4728204613353536,0.0
38,2014,China,1968999891.3,1907670024.2,1935782876.0,1929061450.34258,1929061450.34258,2293286893.0514,0.3757058039424637,0.1588224499134468,0.0
24,2014,China,3456925414.4,3562909870.9,3439713890.0,3574605595.9150195,3574605595.9150195,4436835351.338922,0.3063371739754371,0.1943344044001325,0.0
46,2015,China,111250405.3,114958885.5,115421587.7,114887646.19477148,114887646.19477148,115308207.65191372,0.6941012940718432,0.0036472811927821,0.0
89,2015,China,69122219.3,62598043.6,66445865.5,62721237.52550327,62721237.52550327,63324157.23244819,0.3925474873294735,0.0095211643280421,0.0
101,2015,China,99922618.6,102807749.1,97989642.9,102826039.7874254,102826039.7874254,103287662.00121117,0.6350422417701668,0.0044692870846504,0.0
168,2015,China,55762147.4,58055183.5,56230468.9,57224039.96793927,57224039.96793927,62070522.62097527,0.2644119765638077,0.0780802617472766,0.0
169,2015,China,78882087.4,68361595.1,77745278.7,68517778.13198683,68517778.13198683,73059541.90837198,0.3057873795331228,0.0621652375275119,0.0
165,2015,China,76999888.9,77784572.3,78774826.9,78121774.53635727,78121774.53635727,86437313.86984882,0.2687922327840533,0.0962031206339023,0.0
34,2015,China,271687386.7,277929126.9,275320209.8,278023720.72740114,278023720.72740114,280154340.3582148,0.6806799381255996,0.0076051637397063,0.0
97,2015,China,126597338.8,129126409.2,126823510.4,129296559.15784016,129296559.15784016,139737652.0256232,0.3226767136457203,0.0747192522303759,0.0
0,2015,China,267334974.4,243890600.0,257019837.5,244765120.39395425,244765120.39395425,248320226.2478994,0.3933107089503057,0.0143166181332168,0.0
45,2015,China,402282508.3,416614796.6,407975050.2,415651751.6084021,415651751.6084021,448246944.5731437,0.6360199406420646,0.0727170443867305,0.0
131,2015,China,275495281.8,240072242.1,269133979.3,240105266.167684,240105266.167684,262246720.40809733,0.3185687490615417,0.0844298613380475,0.0
88,2015,China,494767947.5,427038358.3,490145866.9,433027735.4455097,433027735.4455097,462710432.0863559,0.3051403594122441,0.0641496162232765,0.0
109,2015,China,556920399.0,508935880.6,533755931.8,510826912.0652091,510826912.0652091,551005724.3673602,0.343630201313912,0.0729190469813768,0.0
57,2015,Vietnam,417051258.6,510923855.1,418065155.7,512174058.19399416,512174058.19399416,965328559.3591886,0.1344204192371069,0.4694303268785611,0.0
38,2015,China,1931892704.1,1691461514.6,1847293798.1,1695837575.2072225,1695837575.2072225,2043454496.7130055,0.3366019350921719,0.1701123866789995,0.0
24,2015,China,3369804716.6,3007312494.9,3209824206.9,3015322424.4458027,3015322424.4458027,3835205163.757686,0.2648469650769469,0.2137780651370871,0.0
1,2016,China,67532894.3,68145944.1,65720112.8,68427220.04085764,68427220.04085764,68952759.02146289,0.4279375862467645,0.0076217251936454,0.0
46,2016,China,109282209.9,105395987.3,110009006.3,105376201.46295092,105376201.46295092,105909294.4022262,0.6491080538558021,0.005033485892661,0.0
63,2016,China,59811335.5,59359878.8,61481648.5,59582547.7898788,59582547.7898788,60364173.50613784,0.3800876996037178,0.0129485035719003,0.0
124,2016,China,95239098.2,87294163.0,91234662.3,87478307.86006337,87478307.86006337,87941685.7738386,0.5586812355349557,0.0052691497746233,0.0
71,2016,Taiwan,110664686.3,105521650.2,98324070.5,105338584.97548054,105338584.97548054,109283446.865144,0.5117001116073085,0.0360975243993853,0.0
101,2016,China,146304143.6,137744203.1,140556467.1,137918209.70234784,137918209.70234784,138629400.10448298,0.5803173007756789,0.0051301556639437,0.0
135,2016,Japan,55426216.4,61277605.7,59025971.0,61816200.23747284,61816200.23747284,64018104.17428535,0.2912835747689795,0.03439501942791,0.0
168,2016,China,56565227.0,58053131.5,58412397.3,58021758.12134445,58021758.12134445,62024732.07036783,0.2638192066627765,0.0645383513222105,0.0
169,2016,China,82002458.5,75975422.4,80190718.6,76377774.66594791,76377774.66594791,81007174.53622289,0.3279564372276521,0.0571480229594344,0.0
165,2016,China,80381271.9,80523083.1,81946024.6,80615436.83510987,80615436.83510987,89574333.9040402,0.2682888606067288,0.1000163403785717,0.0
97,2016,China,153548951.4,174054189.6,159614249.9,175720331.40629268,175720331.40629268,186792147.20249623,0.3653077448053983,0.0592734542753605,0.0
45,2016,China,395235602.0,372995578.3,393684859.8,372699886.8512907,372699886.8512907,405803534.59898,0.5827806586991661,0.0815755530084346,0.0
34,2016,China,559727767.3,527575532.4,557473993.2,529278400.28309226,529278400.28309226,557979860.0735974,0.6019041557112065,0.0514381644289445,0.0
131,2016,China,476816525.3,445198357.7,461359854.9,447497495.3040351,447497495.3040351,496249253.7400698,0.3357146037075366,0.0982404670004206,0.0
89,2016,China,895915595.8,907961091.7,875350148.1,910845759.2264868,910845759.2264868,1037559934.888121,0.3878547104974777,0.1221270901090622,0.0
109,2016,China,1084281257.1,1117644083.2,1060408875.2,1118479436.8332028,1118479436.8332028,1261006079.6390991,0.3655902296652272,0.1130261345343295,0.0
88,2016,China,1175765435.9,1074956303.5,1145178891.9,1092659585.3844762,1092659585.3844762,1242110009.5554178,0.3059831153869459,0.1203197969754978,0.0
0,2016,China,1540706188.0,1559821872.1,1491568399.1,1560836501.7193875,1560836501.7193875,1669814020.6286066,0.4121793132757262,0.06526326738363,0.0
57,2016,Vietnam,507133165.8,590537935.9,458200543.5,596383424.5011083,596383424.5011083,1192802801.7240078,0.1198938986906812,0.500015070689698,0.0
38,2016,China,1960853187.0,1943932880.0,1916887894.3,1946574341.9747896,1946574341.9747896,2306071449.923512,0.3817396272321628,0.1558915739408881,0.0
24,2016,China,3666602914.6,3665911553.0,3539969029.6,3690192254.359194,3690192254.359194,4631587008.36337,0.2953562061878458,0.2032553317694942,0.0
46,2017,China,111423285.7,113781358.5,112882278.7,113824585.4033282,113824585.4033282,114315375.14810592,0.6875956590753183,0.0042932960167595,0.0
124,2017,China,97591535.1,95417555.1,94380909.6,95645339.14801948,95645339.14801948,96117467.84950931,0.5961439737473166,0.0049119968727125,0.0
14,2017,China,97576470.8,88325028.7,95641612.8,88759663.74850412,88759663.74850412,89870530.76721373,0.3930723340352691,0.0123607483924516,0.0
71,2017,Taiwan,110956422.9,116027292.5,100834341.8,115664397.28869,115664397.28869,119650905.39533325,0.5595761842703919,0.0333178265009495,0.0
101,2017,China,150863243.7,149761815.7,145036983.7,150095598.1737657,150095598.1737657,150814637.44421753,0.6147176072972342,0.0047677021450772,0.0
135,2017,Japan,54185049.3,62463499.4,56653342.3,63055195.72807929,63055195.72807929,65248817.61866193,0.304173640752915,0.0336193355012649,0.0
139,2017,South Korea,81028470.7,83918348.3,79172228.1,84166561.45973898,84166561.45973898,86768401.77227528,0.3838489600024581,0.0299860347706398,0.0
168,2017,China,57135914.7,56761641.3,58908926.4,56118565.82521149,56118565.82521149,60678218.890799895,0.2518334492246072,0.0751448072955837,0.0
169,2017,China,80683913.4,72512789.7,79809777.8,73199563.54789393,73199563.54789393,77624909.33316255,0.320166047972243,0.0570093520660389,0.0
147,2017,China,100616909.3,96651271.7,103476874.2,97208508.17439516,97208508.17439516,101718311.82930373,0.3180906681099318,0.0443362023396199,0.0
165,2017,China,78948386.9,76393615.1,79825562.6,76293320.97006178,76293320.97006178,85421470.9270898,0.2572609959875296,0.106860135490048,0.0
81,2017,China,295507957.5,293483891.7,282782088.3,294625646.05614465,294625646.05614465,301629274.88843507,0.6033207315725615,0.0232193272184235,0.0
63,2017,China,286038394.6,280086760.3,288385709.1,280090933.255588,280090933.255588,298115339.22723114,0.3574868324895826,0.0604611826361087,0.0
74,2017,China,360329432.3,352710903.8,365008708.3,358605900.4659942,358605900.4659942,373450201.8773428,0.4456946314516458,0.0397490785564606,0.0
34,2017,China,574827393.4,566570367.8,572789794.7,566662359.4881938,566662359.4881938,594965283.6590886,0.6293032000179839,0.0475707153816259,0.0
45,2017,China,865704604.0,860781774.3,869288752.5,861548902.9129864,861548902.9129864,919491802.0185916,0.6190978161516696,0.0630162215458596,0.0
97,2017,China,415404419.3,459902640.4,431274683.0,462388963.3349073,462388963.3349073,553746388.272738,0.3194264578566051,0.1649806244746723,0.0
131,2017,China,659116100.1,603590485.4,651222594.5,603929748.3722613,603929748.3722613,699474196.7070067,0.3142194320355158,0.1365946718042649,0.0
89,2017,China,883220756.4,859448655.8,873228704.6,860697595.0279149,860697595.0279149,991854129.6208298,0.3684114624473149,0.1322336931168033,0.0
109,2017,China,1079071916.2,1038573321.4,1059703223.4,1051410560.3864636,1051410560.3864636,1183734256.8444452,0.3476840783807303,0.1117849683684285,0.0
50,2017,China,1298752124.5,1177093843.2,1278243820.8,1192715605.263961,1192715605.263961,1315011489.8091726,0.3300849085792617,0.0929998600719134,0.0
88,2017,China,1351710798.4,1194503828.1,1337217605.1,1214134527.5700006,1214134527.5700006,1423123337.7746468,0.2896624226288606,0.1468522120728089,0.0
57,2017,Vietnam,474656256.9,532150367.6,441874190.5,526419653.58969456,526419653.58969456,1089703808.8594334,0.1127425252161377,0.5169149182467434,0.0
38,2017,China,1958808562.5,1859053747.6,1924549457.2,1879862841.506935,1879862841.506935,2234245272.156137,0.3683838607695345,0.1586139333338316,0.0
1,2017,China,2226793357.5,2140988937.9,2212293437.8,2167060357.5051107,2167060357.5051107,2568691656.697146,0.3505719255043453,0.1563563684823337,0.0
24,2017,China,3603071680.1,3460394312.6,3541292180.5,3484110892.71172,3484110892.71172,4402916896.062431,0.2822806393332847,0.2086812049921741,0.0
0,2017,China,5286659698.3,5068826929.9,5208739557.8,5132254230.430478,5132254230.430478,5676372033.630834,0.38017542837474,0.0958566140444314,0.0
46,2018,China,110181496.5,108787003.8,110325563.7,108349528.09786378,108349528.09786378,108886454.58280323,0.6630126551087001,0.0049310677530708,0.0
98,2018,China,45550095.1,44917151.5,46435965.7,44535036.86929513,44535036.86929513,45015193.799226776,0.2933796895210482,0.0106665525438634,0.0
124,2018,China,95659034.7,89862019.0,91367537.1,89388573.99580732,89388573.99580732,89880540.04395978,0.5684126541765695,0.0054735546527851,0.0
71,2018,Taiwan,110223516.6,105699910.8,99070363.7,105878412.45182964,105878412.45182964,109733107.79538392,0.5170349274920872,0.0351279155488974,0.0
72,2018,China,102907508.6,96692402.8,100180754.1,95835810.6287062,95835810.6287062,98303949.77510148,0.3910548440392793,0.0251072225687968,0.0
101,2018,China,147094678.7,141583925.3,140791262.0,140857886.93737,140857886.93737,141600807.12466443,0.5902278941435994,0.0052465815865043,0.0
135,2018,Japan,55051677.0,64529295.1,57663334.6,63499271.5991568,63499271.5991568,65511511.39711806,0.3005313625782422,0.0307158200909677,0.0
168,2018,China,57085017.4,60580870.6,59114475.4,58743351.22273716,58743351.22273716,62829802.01838408,0.2623759490050344,0.0650400075182669,0.0
169,2018,China,82064047.8,81218399.2,81952861.3,79800825.93870257,79800825.93870257,84521745.08246493,0.3425222162361686,0.0558544921091765,0.0
165,2018,China,80405554.4,89372053.6,82582189.6,86453577.92399198,86453577.92399198,95764338.77740584,0.287641661977615,0.0972257624527198,0.0
34,2018,China,562111201.5,537861442.6,562263976.7,544558050.5412804,544558050.5412804,574495579.1399812,0.6175037710107844,0.0521109816780786,0.0
147,2018,China,295552861.1,303482366.9,303113263.7,293100716.1973012,293100716.1973012,312542395.9782784,0.3203706674069836,0.0622049361339393,0.0
19,2018,China,362391722.8,384747531.1,364470904.7,384717325.9106217,384717325.9106217,410327161.3725367,0.3754585188361229,0.0624132104154415,0.0
139,2018,South Korea,315782848.8,327092937.7,301821606.0,318582451.9795851,318582451.9795851,361160114.26256704,0.3389535609954092,0.1178913744944369,0.0
81,2018,China,637916012.7,609547749.1,613307475.8,612609372.1637081,612609372.1637081,660803766.5817673,0.5500667793514484,0.0729329898758918,0.0
131,2018,China,672603610.7,695027449.9,673417103.4,670973297.4956316,670973297.4956316,767949315.2492019,0.3437363204383358,0.1262791903422706,0.0
97,2018,China,680787180.7,715454110.5,708356201.5,670631066.8162364,670631066.8162364,853492940.4936594,0.2668349992106874,0.2142511847510489,0.0
14,2018,China,1081415408.7,1009370361.0,1050006621.9,994800537.3248258,994800537.3248258,1145634126.9882762,0.3529801891660637,0.1316594767126678,0.0
109,2018,China,1082917121.9,1221014238.1,1082391846.9,1212598469.5979846,1212598469.5979846,1355479839.780559,0.399780581834781,0.1054101772592249,0.0
63,2018,China,1033505564.5,1137659305.9,1068663751.6,1095972382.8112328,1095972382.8112328,1257090857.4330266,0.3553275783981431,0.128167724448173,0.0
45,2018,China,2259034567.0,2221506391.3,2257589405.0,2183193998.881391,2183193998.881391,2350209187.390832,0.6051568192261974,0.0710639671589654,0.0
74,2018,China,1767121758.6,1822764889.7,1793550913.1,1840581786.3326936,1840581786.3326936,2005481469.605572,0.4414542726779874,0.0822244861256732,0.0
89,2018,China,1597359770.1,1754991355.3,1600143397.6,1721131162.556553,1721131162.556553,1991734458.1615293,0.4068175541176331,0.1358631390324777,0.0
88,2018,China,1373897042.7,1333464931.9,1387747108.5,1345498353.3116562,1345498353.3116562,1549565326.5118575,0.3150090963668335,0.1316930430158536,0.0
38,2018,China,1984459708.0,2159050683.5,1993307570.1,2098469677.5159037,2098469677.5159037,2463182341.080825,0.4078991244214112,0.1480656374813438,0.0
57,2018,Vietnam,493673694.9,669671539.5,499148012.5,603588042.20868,603588042.20868,1223631174.8332553,0.1258804700399547,0.5067238767507446,0.0
50,2018,China,2686509230.8,2688795320.6,2663154648.8,2664468214.465988,2664468214.465988,3041079288.3868394,0.3446954450325473,0.1238412544385276,0.0
24,2018,China,3675944651.2,3973588657.4,3668515865.5,3984139398.391552,3984139398.391552,4958881617.562679,0.3190026869584632,0.1965649302292114,0.0
0,2018,China,7100217042.2,7832910947.5,7106382558.0,7735885407.364262,7735885407.364262,8536511901.175238,0.4242349102553432,0.0937884821200509,0.0
1,2018,China,7008045945.5,7709167155.4,6948106901.7,7583459200.459497,7583459200.459497,8704490833.264856,0.4017560705019606,0.1287877320200342,0.0
3,2019,China,69977829.8,61439445.2,68173223.5,60978212.20302364,60978212.20302364,61532791.95264448,0.3787466596461096,0.0090127512830497,0.0
46,2019,China,111291256.5,114603720.3,115159573.0,114209604.73143584,114209604.73143584,114716121.430103,0.6882584351659385,0.0044153924692769,0.0
124,2019,China,98370071.3,95958293.0,97814397.1,95452468.63408785,95452468.63408785,95983021.6704072,0.5911101599832043,0.0055275717213948,0.0
101,2019,China,150325634.1,150152594.0,149122082.5,149392298.26481614,149392298.26481614,150169107.42827973,0.6128914800607842,0.0051728959222494,0.0
135,2019,Japan,54699979.6,65464164.8,57908283.5,64182883.71222589,64182883.71222589,66404092.14004955,0.3053710329823289,0.0334498726846384,0.0
168,2019,China,56754508.3,59735760.0,56532573.4,57357240.12455443,57357240.12455443,61943968.02672794,0.2584008655428861,0.0740464010990448,0.0
169,2019,China,79244969.5,69970102.5,79262326.0,68632406.3447128,68632406.3447128,72945868.01029627,0.3055625588562967,0.0591323646320122,0.0
165,2019,China,79458293.0,81521397.7,79249105.7,79048139.0810248,79048139.0810248,87537562.71676691,0.2659404490681765,0.0969803518885961,0.0
4,2019,China,191393894.7,188232726.8,200933960.2,185493503.25786504,185493503.25786504,192372101.04210103,0.3836632399641455,0.0357567326393684,0.0
52,2019,China,302021633.1,306916938.3,303325796.2,306699040.69989663,306699040.69989663,312091346.1252963,0.6247434219422648,0.017277971633455,0.0
92,2019,China,209888028.0,185515668.3,203845080.7,176276845.59067333,176276845.59067333,191165196.67187577,0.3711872933052713,0.0778821215388774,0.0
32,2019,China,192898077.1,189492130.5,195910208.0,185252218.96998915,185252218.96998915,195580762.155267,0.3289571499067551,0.0528096069953866,0.0
98,2019,China,148873442.1,131363251.0,152014876.7,130767720.13101332,130767720.13101332,136394110.3073015,0.2567849192557944,0.0412509760400334,0.0
147,2019,China,294163896.8,298860663.7,294581664.1,286012024.97983795,286012024.97983795,307728194.3807712,0.3113157708331569,0.0705693199306347,0.0
34,2019,China,1005392334.3,1007876815.3,1034151490.8,1016929338.0377096,1016929338.0377096,1062790759.598244,0.6515227844044653,0.0431518821050634,0.0
139,2019,South Korea,462700523.0,443143144.8,441101988.7,432524849.14280325,432524849.14280325,506868173.5601949,0.3045949641850727,0.1466719125314399,0.0
81,2019,China,1002699842.3,996652072.6,995216670.8,995915340.5025388,995915340.5025388,1051183751.9979584,0.5836866464483744,0.0525773076214051,0.0
71,2019,Taiwan,814957591.8,864076420.3,766763012.2,855580112.1897417,855580112.1897417,940787776.4383292,0.5318654964378243,0.0905705477713263,0.0
131,2019,China,648180691.5,590682553.3,649326674.5,567862321.3153908,567862321.3153908,657701139.3868697,0.3010535832023278,0.1365951990827163,0.0
97,2019,China,684849291.3,694680018.3,684455853.5,653822594.8700134,653822594.8700134,837834166.3665323,0.2594204683810045,0.2196276767925674,0.0
72,2019,China,1120878596.6,1102924807.3,1097998483.0,1078153071.3971372,1078153071.3971372,1226281049.0284405,0.3676942471172284,0.1207944767218431,0.0
109,2019,China,1083694406.6,936640725.3,1059472494.3,933302343.4930732,933302343.4930732,1061018339.1058646,0.3068922652337851,0.1203711480806443,0.0
45,2019,China,2824635905.1,2898979548.4,2916394876.6,2857165613.302165,2857165613.302165,3076499567.2580748,0.6323611162069751,0.0712933478977833,0.0
88,2019,China,1322547818.6,1144075175.0,1338173722.5,1155815173.3106475,1155815173.3106475,1337340913.5220983,0.2806841369429794,0.135736324504852,0.0
89,2019,China,1632150040.1,1410198485.7,1599211942.4,1397990297.6248205,1397990297.6248205,1655301624.609336,0.3186411609798216,0.1554467917865077,0.0
74,2019,China,2030662906.5,1864769370.0,2016949510.3,1869398251.6610312,1869398251.6610312,2077316450.525754,0.3871544004135873,0.1000898051965554,0.0
38,2019,China,1938269243.6,1668715865.2,1886680501.1,1634770458.994826,1634770458.994826,1956293664.336206,0.325702741864721,0.1643532416440537,0.0
63,2019,China,1647745939.0,1688580562.3,1674006580.6,1627568556.380287,1627568556.380287,1942684423.0201075,0.3186499904810946,0.1622064103185321,0.0
14,2019,China,1815739945.2,1764850924.4,1771028813.9,1732286147.8325033,1732286147.8325033,2062675023.821839,0.351362246528032,0.1601749534820918,0.0
57,2019,Vietnam,582535891.6,798860328.2,554934613.9,739031770.1096858,739031770.1096858,1405694510.872923,0.1374666616028194,0.4742586213481375,0.0
19,2019,China,2327189794.2,2080517708.4,2334752818.4,2121807531.164114,2121807531.164114,2554760286.338856,0.2893331821306391,0.1694690329616765,0.0
50,2019,China,2611387635.1,2303955272.7,2598615824.2,2285698164.1632166,2285698164.1632166,2630804557.5474787,0.3029421026061255,0.1311790312945107,0.0
24,2019,China,3676732586.9,3063372426.3,3556996315.5,3076382545.40294,3076382545.40294,3938346805.347056,0.2473708094840708,0.218864488717407,0.0
1,2019,China,9512983292.0,8484295358.3,9340372570.7,8412105963.773713,8412105963.773713,9929445686.788252,0.3261106585039382,0.1528121277740059,0.0
0,2019,China,13509728395.4,11646091339.8,13191257601.4,11603517523.227743,11603517523.227743,13212426536.858805,0.3307677392615096,0.1217724094164438,0.0
46,2020,China,113370370.9,120226887.1,117253221.6,119874506.55388656,119874506.55388656,120342358.5095158,0.710830802620295,0.0038876748089681,0.0
112,2020,Vietnam,35698251.0,40519773.6,35535419.5,40214541.41342624,40214541.41342624,40848205.67468024,0.2671352558351683,0.0155126584090517,0.0
130,2020,Vietnam,31081638.7,35031373.4,28934289.9,34480668.867593706,34480668.867593706,35449288.491810136,0.2323808388434675,0.0273240921165515,0.0
39,2020,Taiwan,113285564.5,117035493.3,109865355.2,113442335.50147092,113442335.50147092,118065080.04165758,0.4978816567982046,0.0391542066337954,0.0
66,2020,China,95421979.8,88249005.8,89388363.9,83013123.68736142,83013123.68736142,90757968.8420157,0.3482824572576523,0.0853351529730231,0.0
111,2020,China,84750266.2,87333177.3,88290466.6,88038140.1885492,88038140.1885492,89594731.09999202,0.3667339006437941,0.0173736880766524,0.0
115,2020,Vietnam,61000391.5,65578164.9,61307035.9,64848168.25695918,64848168.25695918,66127134.73382943,0.288060448902626,0.0193410236511571,0.0
135,2020,Japan,53553584.9,62078914.2,54954723.4,60702367.33173433,60702367.33173433,63004904.21103071,0.2929085472482838,0.036545359573664,0.0
168,2020,China,56191029.0,55194133.8,57484167.6,53460953.92757921,53460953.92757921,57390226.00875496,0.2434469668833297,0.0684658757150795,0.0
169,2020,China,79279938.1,69229494.0,80576475.9,68136845.36453114,68136845.36453114,72168009.13030232,0.3027093401063181,0.0558580431184231,0.0
165,2020,China,80060646.2,78216232.3,81588321.0,75427794.41335353,75427794.41335353,84317414.56609021,0.2508907477825756,0.1054304166996102,0.0
107,2020,Vietnam,183353012.8,206146624.5,170058632.5,203417013.6710995,203417013.6710995,217209011.3715169,0.2505413329939273,0.0634964342102151,0.0
147,2020,China,293188439.7,276342398.3,294307819.4,266263039.8688897,266263039.8688897,285357184.36195856,0.2937329448734552,0.0669131374272642,0.0
52,2020,China,653746016.5,699810783.2,655527143.0,697370613.143474,697370613.143474,723707969.6018865,0.641519891398335,0.0363922432316183,0.0
101,2020,China,748371620.3,769457203.6,729852268.4,771059444.9900321,771059444.9900321,793911564.2513982,0.6216466682710784,0.0287842126130434,0.0
124,2020,China,798388450.0,807160380.9,780474693.7,806794689.8192734,806794689.8192734,856156368.7013631,0.5799646971262326,0.0576549806631265,0.0
139,2020,South Korea,488239043.5,527092288.5,483740757.4,513757383.7378369,513757383.7378369,594148417.2468349,0.3429164221985295,0.1353046329425802,0.0
71,2020,Taiwan,805657630.7,861380438.9,739348022.0,853384768.2850002,853384768.2850002,938440640.827919,0.5377820149761164,0.0906353250727505,0.0
78,2020,China,646470958.2,636381788.1,627606576.8,617446694.8374237,617446694.8374237,688301029.6377584,0.3427517401841991,0.1029409106617553,0.0
131,2020,China,653404763.8,588128979.8,662623251.7,568432117.4629868,568432117.4629868,655129199.6846999,0.2988994964969038,0.1323358541543234,0.0
98,2020,China,524054040.5,443847170.1,540716645.1,445317786.9598751,445317786.9598751,513793480.2644087,0.2266802002320542,0.1332747415737828,0.0
97,2020,China,709026334.6,832750744.5,736083986.2,782785114.8320268,782785114.8320268,989404760.7810748,0.2990891571745803,0.20883227384709,0.0
91,2020,China,781206665.6,861918569.5,829574772.7,887638372.1403155,887638372.1403155,1011037989.3738222,0.3290108499723175,0.1220524040940669,0.0
72,2020,China,1140871682.7,1302029018.2,1154569488.3,1268757698.4993465,1268757698.4993465,1432125642.8450303,0.4257461875182365,0.1140737512535148,0.0
109,2020,China,1063172503.7,1011886360.3,1061115912.1,1006057205.3219564,1006057205.3219564,1140093036.633059,0.3355112104135812,0.1175656959601643,0.0
34,2020,China,2499821821.8,2544945599.7,2520772627.4,2565877730.2728205,2565877730.2728205,2696626367.293535,0.6572735756958109,0.0484860040703156,0.0
4,2020,China,1509798095.0,1740751261.5,1646649930.6,1655066991.756625,1655066991.756625,1930101384.8616989,0.3979923222469003,0.1424973813615399,0.0
81,2020,China,2429221179.1,2523733289.6,2359990863.3,2522074707.534705,2522074707.534705,2752226756.071513,0.5865453704602699,0.0836239412428805,0.0
3,2020,China,1690142929.7,1638620583.0,1701959694.8,1609311141.7701092,1609311141.7701092,1738284613.7258492,0.38360224199933,0.0741958313025031,0.0
92,2020,China,1772677517.4,1750348747.1,1727289224.2,1657568582.1491845,1657568582.1491845,1968113566.37351,0.3776075099550271,0.1577881426814931,0.0
88,2020,China,1330596842.4,1135838935.7,1353698194.0,1133674378.8968928,1133674378.8968928,1323080167.388876,0.2747202643541112,0.1431551867834124,0.0
89,2020,China,1664040270.1,1624397453.8,1634722239.4,1603835561.2808454,1603835561.2808454,1889633763.562601,0.3595197456385482,0.15124528773392,0.0
74,2020,China,2139870117.5,2203868233.5,2197288110.3,2234931848.279503,2234931848.279503,2455243765.2727704,0.4395474683023516,0.0897311786753652,0.0
45,2020,China,3419716212.6,3547358897.8,3448368186.8,3510380209.709584,3510380209.709584,3786751920.02922,0.6403512994822261,0.0729838437151971,0.0
57,2020,Vietnam,544989688.7,707192064.9,508477628.2,635762071.237454,635762071.237454,1205275808.7215447,0.1260202483364362,0.4725173552501506,0.0
38,2020,China,2235172769.2,2188435195.3,2202561211.2,2157376405.403226,2157376405.403226,2521988167.9124,0.3745757294710715,0.1445731455635592,0.0
14,2020,China,2016820005.6,1918261651.1,1961324202.2,1878862506.4523096,1878862506.4523096,2250944222.591667,0.341169705118521,0.1653002826124914,0.0
63,2020,China,1896166272.2,1776104860.1,1923905102.8,1711970477.0390625,1711970477.0390625,2096189405.3254008,0.2876656966249212,0.1832939940017942,0.0
32,2020,China,2320813061.1,2713941845.6,2565671782.9,2742935396.1863365,2742935396.1863365,3055322697.500307,0.3755449700962141,0.1022436358586764,0.0
50,2020,China,2633040334.0,2295171900.5,2662149700.3,2276620924.76345,2276620924.76345,2620516798.7388,0.2992797324521428,0.1312320814508265,0.0
24,2020,China,3601628644.5,3223465090.4,3569873477.3,3242368338.230185,3242368338.230185,4137039443.143564,0.2647021449892062,0.2162587805142017,0.0
19,2020,China,4046763725.2,3601699778.1,4051015980.3,3627509602.310236,3627509602.310236,4360794551.282408,0.2911389342866642,0.1681539775260749,0.0
1,2020,China,13096311014.1,12034794029.0,13114150503.1,12000421488.633003,12000421488.633003,13965344406.158916,0.3386563010050121,0.1406999254998217,0.0
0,2020,China,18933111407.4,17601064650.5,18919480992.2,17538841844.762356,17538841844.762356,20050021191.1696,0.3530643407590248,0.125245720314411,0.0
21,2021,China,125374159.8,122165186.2,136981495.4,121095541.70455515,121095541.70455515,122705911.0074786,0.499445441328694,0.0131238119639184,0.0
135,2021,Japan,53897856.0,65517311.9,55712794.8,64534259.17548349,64534259.17548349,66469258.34317612,0.3098735195211922,0.0291111893817494,0.0
168,2021,China,56564903.0,62920183.5,56341581.0,60607297.329537295,60607297.329537295,65226828.97487368,0.2752000060370398,0.0708225697606103,0.0
169,2021,China,81518433.8,88493178.4,78957592.4,87026422.82005052,87026422.82005052,91844800.34333014,0.3760052833011472,0.0524621699352361,0.0
143,2021,Vietnam,93157903.9,94424366.9,88762068.4,93407703.73380138,93407703.73380138,95004590.51229422,0.3094199805677798,0.0168085223027848,0.0
165,2021,China,81138919.3,91629688.7,81756893.0,89256022.2585229,89256022.2585229,97983786.12317827,0.2948078420482325,0.0890735519617854,0.0
159,2021,Vietnam,128220776.9,150284562.3,126073404.8,144365848.48209056,144365848.48209056,158747308.8808411,0.2664904075500536,0.0905934122609004,0.0
62,2021,Taiwan,386808119.5,361714011.7,342548223.8,363119792.2057128,363119792.2057128,374843913.2950944,0.4499235409638727,0.0312773415108167,0.0
133,2021,Vietnam,219342746.4,228272864.7,212961505.6,228317082.9234208,228317082.9234208,239025281.610708,0.2524402756660705,0.0447994396874185,0.0
147,2021,China,287648267.1,309878620.9,291068182.8,298033140.3895675,298033140.3895675,318474568.4976222,0.332745110295605,0.0641854330927755,0.0
141,2021,Vietnam,311366761.8,337776821.7,331225596.1,343113984.4220519,343113984.4220519,365237486.72031856,0.2482016669719704,0.06057292337905,0.0
86,2021,Vietnam,341596789.7,351430080.8,329189280.7,351369841.6429385,351369841.6429385,360295231.9616066,0.2450397450663132,0.0247724352888998,0.0
139,2021,South Korea,469547480.1,483405214.2,440838043.3,469550694.6365162,469550694.6365162,545365786.7482015,0.3275782716872584,0.1390169569744013,0.0
39,2021,Taiwan,723338958.6,683357923.8,666017641.1,691884534.4333475,691884534.4333475,758004933.3012805,0.458423300293087,0.0872295099452241,0.0
115,2021,Vietnam,418915457.1,426225817.2,436790766.6,425319661.4236441,425319661.4236441,458312885.8255185,0.2630300936448015,0.0719884284781707,0.0
8,2021,China,738381351.7,747994966.1,767281502.1,715495924.2268028,715495924.2268028,790453416.6439297,0.4003759942177671,0.0948284754532125,0.0
71,2021,Taiwan,788788771.4,766651727.2,676653012.3,759167331.3108132,759167331.3108132,840091146.4204888,0.4913513593716834,0.0963274228689121,0.0
119,2021,China,540457463.6,527696224.2,566734464.1,507787877.2474895,507787877.2474895,601028976.5810795,0.3007723110191967,0.1551357804144267,0.0
126,2021,Vietnam,548928139.4,627058921.2,586042082.7,620478378.0609525,620478378.0609525,706873981.3819768,0.3154039283573275,0.1222220729529699,0.0
131,2021,China,676284356.7,749869966.7,644856356.0,717439588.100612,717439588.100612,825756993.4236097,0.3683900324008277,0.1311734640888852,0.0
130,2021,Vietnam,370848282.0,401157855.4,364105647.8,399254105.6912533,399254105.6912533,444162727.665822,0.204065476969718,0.1011084883474441,0.0
124,2021,China,1300908828.9,1288486448.8,1249625098.6,1263358673.7221,1263358673.7221,1388659720.5683494,0.5421116500412368,0.0902316420576858,0.0
118,2021,China,978612829.6,907506502.8,937606280.2,915065651.4564612,915065651.4564612,1007510002.8033168,0.3583882893597494,0.0917552690193016,0.0
120,2021,China,763641842.6,751044478.4,739652976.3,732991445.7210302,732991445.7210302,855236443.6356304,0.2849002820744054,0.1429370776050348,0.0
41,2021,China,1235150818.9,1173418114.9,1262384898.8,1156610153.1594784,1156610153.1594784,1286362877.039668,0.4209682086112751,0.1008679014266892,0.0
111,2021,China,862378223.3,859145261.6,875317828.2,859336096.6841846,859336096.6841846,973837569.5586247,0.3125711000033407,0.1175775883511415,0.0
112,2021,Vietnam,627300265.0,690113469.5,658103672.4,694996882.561755,694996882.561755,730474973.4406371,0.2513732937506347,0.0485685234523169,0.0
103,2021,China,1174758760.6,1082185912.0,1173516274.0,1074403400.213174,1074403400.213174,1220748939.7501583,0.3598087769129596,0.1198817666529662,0.0
109,2021,China,1080358242.0,1150706857.9,1026575401.4,1137155657.6359203,1137155657.6359203,1281263456.5090303,0.375613767856857,0.1124731983426348,0.0
107,2021,Vietnam,626476031.1,659657207.5,605027160.2,654243029.726087,654243029.726087,739553370.8685609,0.2222798767810904,0.1153538669457784,0.0
47,2021,China,1200822558.9,1177969372.8,1243624382.9,1193877391.5071752,1193877391.5071752,1309892414.8972018,0.3748673045425694,0.0885683603253258,0.0
97,2021,China,991440630.0,1040487126.9,1010310096.7,1000884707.2143524,1000884707.2143524,1269795054.0424018,0.2728432966359132,0.2117746056514957,0.0
101,2021,China,2244079126.0,2243418860.3,2142703354.8,2232219728.8406925,2232219728.8406925,2366990692.859563,0.5856231416010422,0.0569376822754015,0.0
98,2021,China,948692683.1,1010626540.2,932582245.1,1018773854.8474152,1018773854.8474152,1189535595.346614,0.2803018397955778,0.1435532834554992,0.0
64,2021,Vietnam,649950755.3,617329593.7,648146509.5,614041386.1402551,614041386.1402551,690014003.3803346,0.1728953761038245,0.1101030078634556,0.0
12,2021,China,1637743586.6,1626115087.5,1676783493.0,1648343910.5152178,1648343910.5152178,1849831664.3456087,0.388906196077118,0.1089222104443047,0.0
92,2021,China,1760087616.5,1707202187.1,1714937457.7,1649737488.8042595,1649737488.8042595,1912170391.1990333,0.3794645911950803,0.1372434713991227,0.0
88,2021,China,1358562268.8,1465355697.2,1307340288.9,1439171495.5146384,1439171495.5146384,1683821339.6277194,0.3391672646001622,0.1452944195179111,0.0
89,2021,China,1643644313.6,1629763003.3,1589977156.3,1610369938.9540057,1610369938.9540057,1878950512.0132964,0.3661304668691681,0.1429418025339616,0.0
90,2021,China,1352219329.7,1308197263.5,1363810977.3,1338607455.5019174,1338607455.5019174,1530316180.7349818,0.3098449060822678,0.1252739320452002,0.0
91,2021,China,1199204893.7,1169431237.2,1240859078.1,1199234624.3929713,1199234624.3929713,1453803834.668169,0.2783641758975363,0.175105612053433,0.0
46,2021,China,3098406947.8,3184885543.7,3130883003.5,3189760933.628675,3189760933.628675,3284214646.498301,0.6744693037704761,0.0287599085432293,0.0
82,2021,China,1792662592.3,1981190818.1,1706903198.1,1917136790.6012635,1917136790.6012635,2159024156.7237616,0.4147833178136969,0.112035507045717,0.0
52,2021,China,2788616550.4,2863617059.1,2733932838.3,2853294788.235805,2853294788.235805,3113075790.3109074,0.5902713122685973,0.083448338419399,0.0
78,2021,China,1497821616.3,1522354983.6,1398698961.9,1485795360.783205,1485795360.783205,1736747993.2288928,0.3373924466326968,0.1444957088904571,0.0
81,2021,China,2681815499.8,2669385589.6,2572147961.7,2677600252.798089,2677600252.798089,2971328742.1003017,0.5595937747493342,0.0988542550477226,0.0
74,2021,China,2111928000.8,1973041592.9,2064450554.9,1967590215.7928736,1967590215.7928736,2199222008.2758107,0.391649093683517,0.1053244245516332,0.0
72,2021,China,2050075043.2,1987815751.4,2006705355.1,1959882392.575636,1959882392.575636,2300208982.27828,0.3545552945112335,0.1479546390456931,0.0
66,2021,China,2047562816.5,1891520601.6,1927363760.1,1788180027.2291515,1788180027.2291515,2193681774.0573306,0.3071249995240989,0.1848498499753599,0.0
63,2021,China,1840598229.0,2019389338.3,1847695608.4,1921349465.636603,1921349465.636603,2325250996.8125157,0.3321404495676742,0.1737023365346733,0.0
57,2021,Vietnam,643558516.0,735559562.2,621234793.9,691569988.4757531,691569988.4757531,1298321819.3308644,0.1209249848707384,0.4673354647677585,0.0
35,2021,China,2885136554.7,2804016510.9,2856346582.3,2712901635.7151628,2712901635.7151628,3213527254.6534786,0.3512960920570488,0.1557869528610235,0.0
45,2021,China,4805174620.5,4810769136.1,4824672655.9,4783312705.808659,4783312705.808659,5267362675.709249,0.6083781931482319,0.091896077734084,0.0
50,2021,China,2718379990.3,2939836998.9,2595734602.1,2898218629.6479645,2898218629.6479645,3303027973.694439,0.3720434697879287,0.1225570438005388,0.0
34,2021,China,5630444523.4,5493190087.9,5635782454.1,5603580325.385551,5603580325.385551,6035519732.583512,0.6219980381158343,0.0715662322941438,0.0
37,2021,China,2769431929.6,2565602942.7,2642276268.6,2532761297.7859683,2532761297.7859683,2923341559.037116,0.2853809115681957,0.1336074671273772,0.0
38,2021,China,3543186608.9,3425426597.1,3406166170.3,3367916838.487209,3367916838.487209,4011925319.295535,0.3647102537752135,0.1605235465652709,0.0
6,2021,China,2901403900.5,3111329374.4,2703554522.3,3003251800.692682,3003251800.692682,3467721785.8269424,0.3371545999493335,0.1339409600368211,0.0
32,2021,China,3179863182.8,3236470534.1,3424312698.2,3305359410.756965,3305359410.756965,3740998645.42808,0.3245333718303229,0.1164499846059861,0.0
28,2021,China,4202763205.5,4532059452.0,3958696957.5,4375467963.776936,4375467963.776936,5031927504.912357,0.4068371043899245,0.1304588630290403,0.0
14,2021,China,4030237895.1,3941576554.2,3760034380.1,3889399972.505058,3889399972.505058,4457752755.849791,0.3668158651592885,0.1274976012518635,0.0
24,2021,China,3660825431.0,3821025221.0,3471696727.9,3805687364.2377534,3805687364.2377534,4770160564.480504,0.3058604792131003,0.2021888335215372,0.0
19,2021,China,4330618739.8,4745829919.7,4101057301.7,4704949674.376446,4704949674.376446,5649768456.551676,0.3509927998615743,0.1672314165511657,0.0
4,2021,China,9772091882.4,9407823628.5,10394999437.3,9624890911.61246,9624890911.61246,11802572766.399157,0.3295235159757365,0.1845090810188738,0.0
3,2021,China,13034836249.2,14015467190.7,12321202175.9,13760398592.348003,13760398592.348003,16309002412.75176,0.3932306445923209,0.1562697555560505,0.0
1,2021,China,17436793278.8,19068811293.9,16679469979.5,18859564045.88828,18859564045.88828,21638468491.77723,0.4028395944915278,0.1284242665762114,0.0
0,2021,China,27817020051.8,29689188532.4,26702160881.4,29473342218.814827,29473342218.814827,33822667026.57088,0.3996485094518267,0.1285920121065334,0.0
110,2022,China,56519913.2,62647235.5,58387172.8,62169613.1809665,62169613.1809665,62830313.37257052,0.3974530953904008,0.010515627825795,0.0
168,2022,China,56841594.4,59543069.1,58717135.8,57161807.64170437,57161807.64170437,61640637.98465172,0.257207557783047,0.0726603502069943,0.0
169,2022,China,79569094.4,75932257.7,81250392.7,74156763.3862299,74156763.3862299,79085526.09900229,0.3276633235517405,0.0623219311533993,0.0
165,2022,China,79402784.5,84694921.9,81146893.5,81491147.74989964,81491147.74989964,90665091.09588917,0.2736438809600391,0.1011849570226204,0.0
166,2022,Japan,109924098.1,118408858.3,113352170.9,116771859.98554572,116771859.98554572,121376966.35435344,0.3933831693354862,0.0379405294688562,0.0
159,2022,Vietnam,124295379.0,139730285.9,121602253.6,134806188.80365986,134806188.80365986,146775222.79889393,0.2556827797656852,0.0815466927386893,0.0
143,2022,Vietnam,183250729.8,179707550.9,175190231.4,177884395.82608205,177884395.82608205,181496147.14472127,0.297465544859669,0.0198998787327385,0.0
147,2022,China,291628483.4,290347735.7,301130816.6,280527347.9716649,280527347.9716649,299164335.1123302,0.3074744048091377,0.0622968213562872,0.0
62,2022,Taiwan,592452083.7,627368653.3,568278561.0,634050992.5952452,634050992.5952452,654499518.7715989,0.5131190863291833,0.0312429965032405,0.0
133,2022,Vietnam,290402108.5,293030636.3,280550501.5,293835018.7223958,293835018.7223958,319967137.2294966,0.2360291255772672,0.0816712576590562,0.0
141,2022,Vietnam,299245423.2,313570814.0,312629842.1,316677023.919749,316677023.919749,339099543.60597163,0.2365945131191717,0.0661237094210814,0.0
139,2022,South Korea,494325663.9,531904972.1,486301082.8,519345112.435179,519345112.435179,597937174.2287576,0.3441650844500855,0.1314386614194872,0.0
119,2022,China,557064954.1,672676128.0,656933689.5,651154564.2669317,651154564.2669317,754627364.8968302,0.3758467903416633,0.1371177424026293,0.0
135,2022,Japan,350692821.7,421619553.5,361952899.1,397888263.085914,397888263.085914,493463297.8731383,0.2482705180738743,0.1936821546793033,0.0
126,2022,Vietnam,538464846.2,565501787.9,556588437.1,560223449.4446416,560223449.4446416,637129240.951342,0.2917070812000216,0.1207067366612573,0.0
131,2022,China,652973977.3,644397495.7,670840951.8,624906316.2703016,624906316.2703016,714513015.070887,0.3296788795939338,0.1254094703812995,0.0
39,2022,Taiwan,949348496.8,1026098871.0,969378735.8,1034378025.6416996,1034378025.6416996,1097756504.5683637,0.5251982866929168,0.0577345510255795,0.0
130,2022,Vietnam,360371249.1,382024835.1,352805860.8,378197320.1003557,378197320.1003557,421253255.4120767,0.1992063924005834,0.1022091455877366,0.0
124,2022,China,1336039895.5,1380574474.0,1311150761.8,1358103035.9341817,1358103035.9341817,1471405338.2240667,0.5686841429282841,0.0770027805027789,0.0
118,2022,China,995555882.7,959646800.7,1003148689.7,968798142.5808536,968798142.5808536,1063482383.2161474,0.3726146702234051,0.0890322605523122,0.0
120,2022,China,752267575.7,786031552.9,761298284.1,769273703.911636,769273703.911636,896610916.0796736,0.3023874622294166,0.1420205909658168,0.0
41,2022,China,1268886720.8,1360376825.7,1369413136.3,1350436968.1406224,1350436968.1406224,1469995112.9359653,0.4790652269114273,0.0813323416814318,0.0
115,2022,Vietnam,617879762.3,606438817.0,633145204.3,599213610.1030061,599213610.1030061,703869319.0097101,0.2296805588957055,0.148686277523712,0.0
111,2022,China,905072676.5,1042012704.5,965109289.9,1037061069.2685767,1037061069.2685767,1176831045.4818213,0.3610383747854008,0.1187680905851863,0.0
112,2022,Vietnam,603886722.4,643925317.5,623054266.5,643976646.352136,643976646.352136,678199087.2119433,0.2405626704740212,0.0504607592447443,0.0
108,2022,China,1047809353.9,982717939.6,1069885024.1,976569267.9053892,976569267.9053892,1059357241.3741724,0.3436639644379263,0.0781492495972301,0.0
109,2022,China,1094359953.6,1091669352.2,1113086753.6,1099727146.5781646,1099727146.5781646,1224120764.807929,0.3576836987745203,0.1016187469455127,0.0
107,2022,Vietnam,603463024.8,628982166.7,587268973.5,620519034.1619512,620519034.1619512,700291115.0788085,0.2175977087758623,0.1139127417143941,0.0
47,2022,China,1225910285.1,1384929305.3,1310005394.9,1392994389.1226592,1392994389.1226592,1526959043.7123127,0.4293534672428366,0.0877329717134791,0.0
103,2022,China,1259898147.3,1434007018.1,1380555827.6,1429314970.354499,1429314970.354499,1610439149.861338,0.441730115817963,0.1124688129461046,0.0
97,2022,China,1021388059.8,1221455738.9,1076713314.4,1176703666.9652276,1176703666.9652276,1471661114.7264516,0.3111639104313039,0.2004248429272726,0.0
101,2022,China,2280979288.5,2378870063.0,2212749021.8,2368202095.178797,2368202095.178797,2492722246.135384,0.6088361360660399,0.0499534800355869,0.0
98,2022,China,929494143.1,843960777.8,967166892.5,858137857.6179218,858137857.6179218,1004430686.6046668,0.2426750649342569,0.1456475105129122,0.0
44,2022,China,1369097685.6,1404325802.9,1375858937.7,1385340709.59305,1385340709.59305,1534001920.6375034,0.3668863142934077,0.0969107072451855,0.0
94,2022,China,1328658023.6,1237120311.1,1347345243.9,1229976097.388822,1229976097.388822,1393891107.0712798,0.3289585711122819,0.1175952761667741,0.0
92,2022,China,1778759529.6,1851472719.9,1791267152.6,1743323874.537563,1743323874.537563,2068223631.252833,0.395877074854682,0.1570912119007462,0.0
88,2022,China,1325753933.1,1248221892.3,1378819595.6,1257038033.740764,1257038033.740764,1449901311.815042,0.3029591327824072,0.1330182106207245,0.0
89,2022,China,1684800349.6,1734919266.8,1706042442.4,1706950467.375655,1706950467.375655,1992776106.2627168,0.3793138968857703,0.1434308841764989,0.0
90,2022,China,1374389446.6,1546643016.1,1463942950.7,1578360404.1559446,1578360404.1559446,1797936319.486116,0.3596623874388325,0.1221266364945173,0.0
91,2022,China,1225004050.9,1372364694.9,1335172205.8,1430554147.6797748,1430554147.6797748,1688771628.3548107,0.3241938852344452,0.1529025454593819,0.0
86,2022,Vietnam,916758074.5,949818391.7,886785855.0,937315471.927563,937315471.927563,1005546216.5234174,0.228908318988249,0.0678544093495333,0.0
82,2022,China,1802469537.5,1790667304.2,1802333151.3,1763721787.2434733,1763721787.2434733,1967937138.8910012,0.3806358284113659,0.103771277858301,0.0
81,2022,China,2739685577.1,2856432262.6,2654432812.3,2861031311.698395,2861031311.698395,3129161968.552929,0.5859359126447712,0.0856876887643276,0.0
78,2022,China,1526698803.2,1550127910.9,1497827137.4,1513013201.3301091,1513013201.3301091,1777459063.7355978,0.33609071956331,0.1487774699293023,0.0
76,2022,China,1502686805.1,1541513461.1,1531407367.2,1504737006.0997202,1504737006.0997202,1651166969.2843149,0.3264234454429874,0.0886827110210807,0.0
74,2022,China,2119520060.6,2303713884.6,2197590648.3,2338102858.411475,2338102858.411475,2547776404.615687,0.4659747488692887,0.0822966826383806,0.0
71,2022,Taiwan,2527484153.0,2705785079.5,2343879744.6,2719844617.0046587,2719844617.0046587,2900914195.12518,0.5609823975539479,0.0624181088929819,0.0
8,2022,China,2015919188.5,2337177479.4,2247508087.5,2247013657.74882,2247013657.74882,2644417801.927409,0.4155311272436269,0.15028039211086,0.0
72,2022,China,2034930317.7,2115056950.6,2015889222.2,2067294510.1388328,2067294510.1388328,2455312365.250592,0.3759291437490148,0.1580319720632197,0.0
70,2022,China,1525349197.7,1587840462.8,1521061459.7,1564150723.2776847,1564150723.2776847,1858541627.6552005,0.2948668558001894,0.1583988757620293,0.0
64,2022,Vietnam,948806832.8,847142534.6,910395661.6,848350798.1467117,848350798.1467117,969291088.3453164,0.1636106746818262,0.1247718994353521,0.0
66,2022,China,2072308907.2,1995961706.3,1936037119.0,1789557405.9343078,1789557405.9343078,2309228741.895922,0.3033898907075832,0.2250410825628967,0.0
63,2022,China,1879501653.0,1912425789.2,1936151383.3,1845919691.4896235,1845919691.4896235,2231047309.059408,0.3125366673421584,0.1726218964546078,0.0
52,2022,China,3625996341.5,3884381811.8,3556407355.9,3871926798.615017,3871926798.615017,4196364612.106234,0.6132210549462498,0.0773140190333403,0.0
57,2022,Vietnam,620540595.2,711835087.3,603965968.8,664331629.1715443,664331629.1715443,1231355669.6660705,0.1197097459188442,0.4604876190226147,0.0
42,2022,Taiwan,3990757239.9,4108758495.1,3928915625.9,4114562185.778101,4114562185.778101,4166084604.9779983,0.6450774780161327,0.0123671082287512,0.0
35,2022,China,2872533326.8,2985048450.9,2877308692.3,2898207780.04548,2898207780.04548,3430215804.3942094,0.3772406370256981,0.1550946222296601,0.0
46,2022,China,5322920195.8,5586345089.0,5451600464.6,5631912117.487315,5631912117.487315,5840493591.717509,0.6862728802814488,0.0357129874307176,0.0
50,2022,China,2619472380.8,2523042120.7,2693884361.1,2514929659.409096,2514929659.409096,2858052060.283548,0.3316973963873775,0.1200546363876977,0.0
45,2022,China,5217277004.4,5423519183.2,5284739987.5,5401049358.479355,5401049358.479355,5901930271.202114,0.6304084204426655,0.0848673043744278,0.0
37,2022,China,2814129160.4,2624926698.6,2784716624.5,2606768541.834592,2606768541.834592,2999964904.3515253,0.2900270072646246,0.1310669874659507,0.0
38,2022,China,3623697301.8,3683923176.5,3694561619.8,3677311744.425354,3677311744.425354,4302388755.830639,0.3908167179732131,0.14528603686921,0.0
6,2022,China,2896513822.9,2982294375.2,2881544421.8,2907681678.636681,2907681678.636681,3332527310.240125,0.3262981172553709,0.127484516120239,0.0
34,2022,China,6429351416.2,6560502456.2,6541924771.6,6666771170.433104,6666771170.433104,7162536736.89577,0.6411898216333833,0.0692164779984822,0.0
21,2022,China,5007204012.1,5430340492.1,5875723972.0,5476853052.098877,5476853052.098877,5834925775.810377,0.5338625364169792,0.0613671428685431,0.0
32,2022,China,3215118078.6,3676105342.0,3609130295.0,3732566476.176553,3732566476.176553,4219293094.55826,0.361615520772933,0.1153573851054461,0.0
28,2022,China,4246256608.7,4413750921.3,4344228205.7,4395707324.837428,4395707324.837428,4932030337.748781,0.4032426061001778,0.1087428454781478,0.0
14,2022,China,4028272036.5,3977436457.5,3979215402.4,3945811076.673752,3945811076.673752,4513256043.028887,0.3714396731507379,0.1257285119534937,0.0
24,2022,China,3654897766.8,3478418471.0,3621940224.3,3487950330.4651384,3487950330.4651384,4400402608.60357,0.2806056220446802,0.2073565442294814,0.0
19,2022,China,4222064828.4,4117829040.8,4281353299.4,4191262656.8250375,4191262656.8250375,4966080219.954556,0.3202287422870308,0.1560219587303824,0.0
12,2022,China,7418127338.4,8482062960.1,8164529530.5,8717644268.079163,8717644268.079163,9773222689.578302,0.4504260191358351,0.1080072003909987,0.0
4,2022,China,9663513587.5,10503438789.7,10986501384.8,10852608997.516132,10852608997.516132,13065725601.7291,0.374799012616678,0.1693833677266333,0.0
3,2022,China,13118406318.0,12949629214.2,13265448165.3,12993115531.620388,12993115531.620388,15267155630.363531,0.3660115025583784,0.1489498210275987,0.0
1,2022,China,17306468503.8,17043370016.9,17368185121.1,17075589079.648085,17075589079.648085,19540393215.80372,0.3659750155311241,0.1261389220234408,0.0
0,2022,China,28047438395.6,27142587280.3,28195264907.6,27178061979.953987,27178061979.953987,31289003182.25677,0.3642624965146517,0.1313861351976211,0.0
168,2023,China,57204675.5,62705098.2,58778118.5,60691057.01439111,60691057.01439111,64995399.57389166,0.2718767952980832,0.0662253419121926,0.0
169,2023,China,80406734.8,83027467.3,80456446.9,81735190.32741314,81735190.32741314,86080907.67086895,0.3580166023977799,0.0504841022363715,0.0
165,2023,China,80300524.3,90150374.0,82424015.7,87788611.97713195,87788611.97713195,96240561.2777635,0.2927848585149811,0.0878210724087327,0.0
166,2023,Japan,110482549.3,112592297.3,111138953.0,111028058.08423468,111028058.08423468,115638775.55175738,0.373078152164767,0.0398717250811692,0.0
159,2023,Vietnam,132493934.3,167182327.5,132503673.5,158258589.7205695,158258589.7205695,177018676.09453154,0.2829583224040219,0.1059780063203262,0.0
56,2023,Vietnam,221553612.5,239537140.9,216278466.8,226970801.3824684,226970801.3824684,250144210.44556504,0.3463193893351466,0.0926401975157426,0.0
147,2023,China,296928708.6,308752050.8,303266187.0,302135522.2416829,302135522.2416829,317911181.57935697,0.3280515985251714,0.0496228514495837,0.0
143,2023,Vietnam,312453366.0,336137986.5,306113905.1,330710435.53785896,330710435.53785896,339285062.407799,0.3259772459269989,0.0252726330156966,0.0
145,2023,Japan,268524512.9,464179053.6,256292326.3,445800148.3696848,445800148.3696848,495167830.6325162,0.4165188716898858,0.0996988883542176,0.0
141,2023,Vietnam,323546192.0,376400781.8,350099922.4,384126253.5607151,384126253.5607151,405289800.0874599,0.2682296055811931,0.0522183053266521,0.0
133,2023,Vietnam,358057707.3,398979924.9,356464117.0,400523525.1920541,400523525.1920541,443372827.4214823,0.2578366970465135,0.0966439519503852,0.0
139,2023,South Korea,464313732.6,498170118.7,465413102.9,485810467.3894012,485810467.3894012,561129552.2768247,0.3413508062039075,0.1342276210222946,0.0
119,2023,China,507341023.7,563404116.5,563581721.5,544105323.5141356,544105323.5141356,634420409.994766,0.342454446963908,0.1423584188935149,0.0
125,2023,China,1058194895.4,1047446130.6,1149632536.3,1050822945.5576698,1050822945.5576698,1097870019.4182324,0.5817898147801005,0.0428530454684364,0.0
135,2023,Japan,357494476.5,411994005.5,355723470.3,384934032.0735577,384934032.0735577,485368474.27894247,0.2370239663513345,0.2069241154456702,0.0
104,2023,China,768861267.5,746489427.5,773048407.1,728084936.4163523,728084936.4163523,823545881.8666135,0.3828962810889984,0.1159145441100301,0.0
131,2023,China,663619180.0,696609951.6,660588605.7,669674425.3765231,669674425.3765231,764130191.049243,0.3480636306530785,0.1236121367525351,0.0
126,2023,Vietnam,584700084.5,720139930.6,639441097.8,712796469.3201863,712796469.3201863,813590426.6944549,0.3386689168623491,0.1238878360255361,0.0
130,2023,Vietnam,385521080.8,449049379.5,383400703.8,442103987.0240887,442103987.0240887,496169131.9396636,0.2178603395378153,0.1089651520726796,0.0
124,2023,China,1285212019.0,1223308803.7,1236733895.1,1203803265.2195542,1203803265.2195542,1314320582.2959614,0.5226042732136968,0.0840870321632996,0.0
118,2023,China,975948452.4,931944113.6,979927442.7,945340258.529236,945340258.529236,1031137867.0778364,0.3708496494983508,0.0832067284966889,0.0
120,2023,China,761660846.3,793839314.0,739294058.7,772313096.5070775,772313096.5070775,901945466.4131708,0.3020623812997017,0.1437252857665678,0.0
114,2023,China,1113250077.1,1147401922.1,1123722446.6,1139667061.715654,1139667061.715654,1252908772.2988255,0.4266754004865722,0.0903830455072932,0.0
62,2023,Taiwan,1192548250.7,1129300007.9,1081194845.4,1155420562.794948,1155420562.794948,1218595536.1402657,0.4541479719336313,0.0518424460550835,0.0
115,2023,Vietnam,662861089.3,719177003.0,699145387.6,714508916.2606938,714508916.2606938,831619326.1197759,0.2574667734215065,0.1408221360192572,0.0
111,2023,China,881035054.2,873381135.6,914293045.6,867936082.49407,867936082.49407,989121339.330936,0.310887628946941,0.1225180895590002,0.0
112,2023,Vietnam,644762552.3,768571151.3,687541813.4,765486963.9823328,765486963.9823328,810579600.1749197,0.2672640369191431,0.0556301147757186,0.0
108,2023,China,1060068706.6,1044873041.3,1067869839.9,1038149495.4529692,1038149495.4529692,1124206424.1136303,0.3609900048170166,0.0765490454553417,0.0
109,2023,China,1066185859.4,1078085061.7,1075152447.2,1075415007.0783305,1075415007.0783305,1200977121.2514024,0.3590964969307696,0.1045499634849313,0.0
110,2023,China,945530843.4,1004135179.2,1022894228.0,1008123248.5998136,1008123248.5998136,1108559017.9847388,0.3512453220399749,0.090600290787863,0.0
107,2023,Vietnam,646977958.1,738177715.6,637074043.3,722150920.8272358,722150920.8272358,824739157.759129,0.237667697055852,0.1243887063767316,0.0
105,2023,China,885059797.0,964584564.7,976538456.2,935886431.9881554,935886431.9881554,1117638766.0713503,0.3213454305686565,0.162621716068492,0.0
79,2023,China,1065964843.8,1170485748.0,1077786179.3,1152387370.0510266,1152387370.0510266,1260914056.2277098,0.3685198508671141,0.0860698519781464,0.0
103,2023,China,1217291271.3,1258672742.5,1333192484.3,1259087210.347857,1259087210.347857,1411229150.4162142,0.4038590762075983,0.1078081047457714,0.0
97,2023,China,997914591.6,1042583950.8,1015531201.2,1003373710.699057,1003373710.699057,1282424371.8516965,0.2697886619914595,0.2175961930212829,0.0
101,2023,China,2209477896.3,2093351214.0,2098877062.6,2082060260.197937,2082060260.197937,2208210275.497431,0.5530481207527657,0.057127718632265,0.0
98,2023,China,929488026.0,956062276.5,945307230.7,963693532.2197905,963693532.2197905,1121746584.9439502,0.2713834629347431,0.1408990718987187,0.0
94,2023,China,1344027147.1,1318060805.9,1340846806.4,1306431919.2016337,1306431919.2016337,1479218979.0968823,0.3452515642710448,0.1168096558636244,0.0
85,2023,China,1607801612.7,1632522096.6,1763250434.3,1665753299.4599748,1665753299.4599748,1858692051.7676969,0.4056717954146879,0.1038035064088366,0.0
92,2023,China,1755317435.2,1779853592.3,1799197400.9,1698815504.8042002,1698815504.8042002,1986893097.551164,0.3921658736632132,0.1449889745462492,0.0
88,2023,China,1350191309.7,1378569528.1,1357893953.2,1387333772.2693577,1387333772.2693577,1578149973.965931,0.3314618975676401,0.1209113232863713,0.0
89,2023,China,1637948923.6,1699155788.6,1671042561.6,1668234625.7897084,1668234625.7897084,1952032946.6939592,0.3778218566357993,0.1453860301819715,0.0
90,2023,China,1340682002.1,1294569622.7,1390014815.5,1322629475.888224,1322629475.888224,1511157601.7555962,0.3100942443908854,0.1247574214948517,0.0
91,2023,China,1216351216.6,1171747092.0,1220952854.3,1176360381.3568203,1176360381.3568203,1471135922.650238,0.2699188613089854,0.2003727437790943,0.0
86,2023,Vietnam,980900954.6,1113329613.6,955359121.7,1079403680.5151792,1079403680.5151792,1184240841.9105444,0.2474016907134558,0.0885268922377568,0.0
82,2023,China,1743574693.6,1828525822.4,1750075548.5,1792313111.102924,1792313111.102924,1997379038.393964,0.3968912174599245,0.1026675074431177,0.0
81,2023,China,2640574644.2,2495822381.3,2523926129.0,2507040396.0472174,2507040396.0472174,2772008643.709541,0.5304895143882049,0.0955870928698617,0.0
78,2023,China,1519817168.2,1584853741.0,1507948775.2,1553570408.0918565,1553570408.0918565,1811114612.246236,0.3469494859287723,0.1422020464154722,0.0
76,2023,China,1501883403.6,1624822444.8,1547949945.1,1593383953.235472,1593383953.235472,1737354629.9304748,0.3453794580681775,0.082867754351778,0.0
74,2023,China,2048990747.5,2106416098.1,2215293223.9,2138686307.7068343,2138686307.7068343,2323524192.695977,0.4388110984211223,0.079550660832447,0.0
72,2023,China,2021782716.1,2078103439.7,1984759431.4,2041848799.6010544,2041848799.6010544,2383808906.929087,0.3736118978403293,0.1434511408754483,0.0
71,2023,Taiwan,2426249243.4,2444576453.9,2217874115.6,2461800447.266106,2461800447.266106,2641458117.0952044,0.5229117302020034,0.0680145820470803,0.0
70,2023,China,1507043060.3,1716867346.9,1517743100.9,1688010635.4100137,1688010635.4100137,1984511860.6611896,0.321354446278178,0.1494076357661018,0.0
39,2023,Taiwan,2513919127.9,2374229754.2,2443342449.0,2445090243.261455,2445090243.261455,2623345495.108961,0.4697011203757192,0.0679495903912962,0.0
66,2023,China,2042621691.8,1897978552.4,1964914203.5,1753182822.712735,1753182822.712735,2197242340.0746155,0.3029624011047098,0.2020985620306228,0.0
63,2023,China,1868769043.2,1995191846.3,1929771735.6,1928313106.960029,1928313106.960029,2311257109.0224576,0.3304735401816673,0.1656864571957526,0.0
64,2023,Vietnam,1014099765.7,972891484.1,978307252.9,976186276.2301328,976186276.2301328,1120258490.135154,0.1753916859776549,0.1286062236293691,0.0
57,2023,Vietnam,709057668.8,875848142.1,700591580.7,818734948.8717072,818734948.8717072,1507590823.9705162,0.1327832611149469,0.4569249587793199,0.0
52,2023,China,3715554724.2,3532463037.0,3587833778.4,3522306255.1244106,3522306255.1244106,3880348906.719506,0.5437000270320466,0.0922707365245123,0.0
41,2023,China,3072199675.2,2943081495.5,3247719380.6,2937536508.227604,2937536508.227604,3217115421.8838773,0.4298917795802265,0.0869036005840777,0.0
35,2023,China,2916232497.9,2994728163.6,2880033116.7,2906928522.956235,2906928522.956235,3400433293.707669,0.3728796228469405,0.1451299667206057,0.0
50,2023,China,2670521512.7,2736484378.9,2671384627.1,2717666969.891796,2717666969.891796,3056520764.196972,0.3531272050275202,0.1108625854188173,0.0
47,2023,China,3051574680.2,3003622324.5,3216320603.1,3072975266.032423,3072975266.032423,3397595353.8349504,0.3783334071250397,0.0955440698481414,0.0
45,2023,China,5131322254.9,4965615067.8,5147312923.8,4935074393.714637,4935074393.714637,5480738898.754151,0.5805423482160075,0.0995603905093073,0.0
46,2023,China,5548524114.7,5303337986.9,5545142176.2,5344437198.088957,5344437198.088957,5615363505.839041,0.6220899766140491,0.0482473320682384,0.0
42,2023,Taiwan,5047601574.7,4939016489.4,4923789070.8,4962935691.135066,4962935691.135066,5079793193.474575,0.6087751220982304,0.0230043818495647,0.0
44,2023,China,2911030821.7,3120868964.0,2970285161.4,3117575238.060308,3117575238.060308,3496095295.558304,0.3774377273724803,0.1082693764036968,0.0
37,2023,China,2779266401.1,2552234142.0,2761135254.0,2532595508.196229,2532595508.196229,2911374032.034279,0.2851081240307228,0.1301030096683881,0.0
38,2023,China,3538709002.2,3594147156.8,3616351190.7,3571623616.634044,3571623616.634044,4186794748.3069496,0.386769572433163,0.1469312848263383,0.0
34,2023,China,6252755853.1,5897615000.0,6267907452.0,6027218760.973142,6027218760.973142,6524689165.183513,0.5955749763807452,0.0762443070644545,0.0
32,2023,China,3192300511.3,3261441553.8,3363510003.3,3298101048.722153,3298101048.722153,3789073385.963992,0.3224025831223951,0.1295758321970131,0.0
28,2023,China,4087711152.9,4366377645.9,4154748273.2,4303056118.735255,4303056118.735255,4866732292.465241,0.4060230003165914,0.1158223094791302,0.0
14,2023,China,4024760372.4,4061208929.9,3962766783.3,4030636703.099143,4030636703.099143,4586629661.7683325,0.3808502014595826,0.121220373055982,0.0
24,2023,China,3590869444.0,3547932433.0,3555638026.7,3548864882.247769,3548864882.247769,4413218054.440149,0.2905752185536163,0.1958555325229743,0.0
21,2023,China,6135821789.9,5814563473.0,6768859818.7,5855784650.768397,5855784650.768397,6310258403.645514,0.4635396105655769,0.0720214171601215,0.0
19,2023,China,4225999517.4,4421756614.0,4231421200.8,4444092370.449623,4444092370.449623,5216602886.491398,0.3368175773928878,0.1480868934919738,0.0
8,2023,China,6337096737.3,6553126798.2,6623661651.6,6504665683.325333,6504665683.325333,7521097421.282316,0.3967846701683925,0.1351440728690476,0.0
6,2023,China,5903340130.3,6472683910.7,5921435420.3,6460349692.151358,6460349692.151358,7240644824.023195,0.357502338976401,0.1077659726220729,0.0
12,2023,China,7373503472.8,7230523115.2,7881394369.3,7475141835.017373,7475141835.017373,8431612919.815652,0.3872071182089756,0.1134386853256056,0.0
4,2023,China,9667257515.7,9781665527.6,10361278607.2,10048144781.483685,10048144781.483685,12170630639.826672,0.3480976426661402,0.1743940738286356,0.0
3,2023,China,12716027106.6,12914918121.3,12874144076.9,12920336198.11332,12920336198.11332,15088149636.099264,0.3744504010489358,0.14367656009981,0.0
1,2023,China,16992775828.7,17676803300.9,17050714945.2,17600943241.60112,17600943241.60112,20042233550.46633,0.3852455204826062,0.1218072977105095,0.0
0,2023,China,27269005816.4,27286422160.6,27472394388.3,27252010380.175705,27252010380.175705,31129127753.892952,0.375001794098825,0.1245495024585898,0.0
168,2024,China,56907939.2,59904991.0,58415334.4,57735638.43439558,57735638.43439558,62155096.904294856,0.2601759201225523,0.0711037177965351,0.0
169,2024,China,81114409.4,82675898.3,82713265.2,81274509.71605958,81274509.71605958,85862651.40984425,0.3533520704145888,0.0534358259202165,0.0
165,2024,China,80951351.6,88496570.2,83188758.5,85691776.80718413,85691776.80718413,94984096.51938148,0.2816584828003685,0.0978302689893065,0.0
166,2024,Japan,106816330.3,106343763.9,104402431.6,104634323.42123128,104634323.42123128,109237465.1307547,0.3633640902251398,0.042138855053196,0.0
159,2024,Vietnam,131110134.0,169539080.5,127015393.3,162967093.5338387,162967093.5338387,177791288.69541654,0.2932856306623451,0.0833797610127791,0.0
151,2024,South Korea,294959771.7,297162188.7,287229096.6,293220047.4429233,293220047.4429233,303746096.6642069,0.3932144930171963,0.0346541053099366,0.0
147,2024,China,292450544.4,302318544.9,299485063.8,293787163.8557868,293787163.8557868,311458999.4535365,0.3243113479222267,0.0567388825776601,0.0
145,2024,Japan,265173545.8,448597125.5,261563914.3,431846313.9934036,431846313.9934036,478880294.5436345,0.4071563527619207,0.098216571210251,0.0
143,2024,Vietnam,379504158.9,420289373.2,357569667.1,415292166.4552246,415292166.4552246,424428621.9287788,0.3343091242072583,0.0215264829031426,0.0
141,2024,Vietnam,318327844.8,390854598.8,331037005.6,394892425.0117403,394892425.0117403,419874636.2691686,0.2803638090250198,0.0594992150023869,0.0
139,2024,South Korea,456185509.7,457415375.2,439726452.4,444807130.72796106,444807130.72796106,517257218.20467705,0.3178101820005438,0.1400658800435487,0.0
135,2024,Japan,335969977.7,382521354.7,327096149.5,355466761.2463072,355466761.2463072,453794474.3303028,0.2290998603013104,0.2166789563251181,0.0
132,2024,China,592194188.4,618746265.0,615896443.9,608122396.3199265,608122396.3199265,694970448.1884686,0.3311780575087824,0.1249665393613827,0.0
133,2024,Vietnam,424074937.6,497439754.3,407002671.4,497839866.79450375,497839866.79450375,547401077.9020219,0.2678286350303979,0.0905391185882702,0.0
131,2024,China,671092679.1,696117478.8,687278749.2,680825741.4973792,680825741.4973792,767107611.797682,0.350489442212293,0.1124768793495676,0.0
130,2024,Vietnam,384249177.8,477477393.2,367717603.6,468578745.4849439,468578745.4849439,522378477.905788,0.2326053102959294,0.1029899482775913,0.0
126,2024,Vietnam,601972434.7,728819375.9,620759503.5,720016640.906385,720016640.906385,815363775.4812058,0.3316413754076953,0.1169381537934396,0.0
125,2024,China,1292117815.3,1236511116.2,1412515190.1,1247007357.0111237,1247007357.0111237,1311866984.254366,0.563675193470593,0.0494407039903568,0.0
124,2024,China,1293261597.1,1303997272.3,1266714610.7,1282763568.6980674,1282763568.6980674,1396620052.6088555,0.5553449655596976,0.0815228763886832,0.0
118,2024,China,1004792080.2,989786701.9,992907712.7,1003927552.2135668,1003927552.2135668,1095974266.6823592,0.3828277731137762,0.0839862004674878,0.0
119,2024,China,748554796.4,857855276.1,864391457.2,837825624.543976,837825624.543976,1000501091.0259516,0.3453640781822879,0.1625939920916649,0.0
120,2024,China,750210184.8,829997259.3,734335009.3,809726363.3652045,809726363.3652045,941682206.7843952,0.319898215615204,0.1401277867081999,0.0
114,2024,China,1086393379.2,1154111571.1,1093706554.0,1145467733.8338346,1145467733.8338346,1262982338.2850718,0.4379904766731802,0.093045326833947,0.0
115,2024,Vietnam,652731197.2,760762652.5,677541882.2,752791517.8147697,752791517.8147697,867390030.8276186,0.2749722459782919,0.1321187804101286,0.0
111,2024,China,906742318.7,914502610.4,926758335.3,915629562.111047,915629562.111047,1038506984.9425596,0.3202487346145132,0.1183212290462438,0.0
112,2024,Vietnam,635751772.8,800501610.2,658440299.6,797355322.216868,797355322.216868,839749272.5383372,0.2830512325938473,0.0504840572154634,0.0
106,2024,China,1078736076.4,1179694867.7,1131180260.3,1180568030.011565,1180568030.011565,1284878469.1360693,0.4052742798725596,0.0811831170263448,0.0
108,2024,China,1062952739.1,1071831794.1,1088191421.1,1064336514.0092916,1064336514.0092916,1153790207.224722,0.3689745176106371,0.0775302933369479,0.0
109,2024,China,1094906927.2,1156414158.0,1095595162.5,1151903573.8849115,1151903573.8849115,1286975808.5049343,0.3757685873848987,0.1049532040364727,0.0
110,2024,China,991157751.0,1083515618.8,1055718231.6,1082321569.0721252,1082321569.0721252,1192440444.731743,0.3601687728190391,0.0923474846447285,0.0
104,2024,China,1292086454.2,1293521568.3,1264738893.7,1273765378.2709093,1273765378.2709093,1446880979.8436556,0.398592271477851,0.1196474374771672,0.0
107,2024,Vietnam,641054356.7,774920793.7,614543454.5,761292241.0223707,761292241.0223707,857248168.8044894,0.2512913732282245,0.1119348296957437,0.0
105,2024,China,934558423.4,1061270737.1,1060277519.3,1028187175.4566787,1028187175.4566787,1222515343.586587,0.3347835293880825,0.1589576516559642,0.0
103,2024,China,1274278163.9,1379559676.4,1407056758.6,1371575000.7872782,1371575000.7872782,1535841060.27395,0.4210048930240336,0.1069551164736874,0.0
101,2024,China,2214487319.8,2258146662.4,2156689862.9,2246937344.6548285,2246937344.6548285,2373161511.8953795,0.5939517647639138,0.0531881907775165,0.0
98,2024,China,941208466.4,938735324.3,987575826.5,951269533.7154384,951269533.7154384,1108056049.66542,0.264700351085058,0.1414969179558414,0.0
97,2024,China,1034021875.0,1196204606.3,1069942107.7,1148930393.2917938,1148930393.2917938,1466691792.8318102,0.2974823527882682,0.2166517881214155,0.0
94,2024,China,1343999297.0,1350553984.8,1367948779.0,1335894045.7386222,1335894045.7386222,1518145009.5062134,0.3519678687231253,0.1200484555996858,0.0
92,2024,China,1813285884.4,1892713251.5,1832856219.6,1821036523.547133,1821036523.547133,2106235866.2879283,0.4068391673809406,0.1354071247696661,0.0
88,2024,China,1356778418.0,1363429891.5,1390099338.0,1363992887.4604006,1363992887.4604006,1574148609.1804774,0.3234625105138671,0.1335043721377022,0.0
89,2024,China,1707382775.0,1774428868.4,1709095076.1,1748213099.9789872,1748213099.9789872,2032257551.8062117,0.38259139054996,0.1397679401288354,0.0
90,2024,China,1364060125.5,1354793705.7,1406070445.4,1386686579.4443784,1386686579.4443784,1586607893.6622443,0.3174576084440325,0.1260054957601421,0.0
91,2024,China,1211929042.0,1326486921.2,1297579344.3,1390022806.4953446,1390022806.4953446,1651938079.575838,0.3183817326313806,0.1585502969625498,0.0
85,2024,China,1747499358.4,1858395439.7,1931472633.1,1882209012.7800465,1882209012.7800465,2097734131.105883,0.4229911304834522,0.1027418656778092,0.0
86,2024,Vietnam,977468948.3,1167331268.1,925753295.1,1145774800.402711,1145774800.402711,1230920447.5141385,0.2633916618551177,0.0691723395150195,0.0
82,2024,China,1787309461.6,1879576899.1,1797897833.6,1844022825.751512,1844022825.751512,2056732384.408733,0.3972697362953357,0.1034211160721187,0.0
81,2024,China,2660641550.9,2695945681.5,2586232888.2,2703814893.6538525,2703814893.6538525,2979075089.4005837,0.5693548400904318,0.0923978709788465,0.0
77,2024,China,1499331450.4,1476830798.5,1325748090.9,1461354443.6920023,1461354443.6920023,1677534997.5571153,0.3149199301120599,0.1288679843817997,0.0
78,2024,China,1523536402.0,1572968825.1,1528581328.0,1538518387.446516,1538518387.446516,1799982071.6596274,0.3440028591911537,0.1452590491482148,0.0
79,2024,China,1564021077.6,1757314476.8,1634188235.2,1726620121.1820512,1726620121.1820512,1923714765.6053157,0.3719400545392381,0.1024552329415876,0.0
76,2024,China,1514994768.2,1644643027.9,1581554927.7,1614278135.6008525,1614278135.6008525,1762104580.99868,0.3450720562453592,0.0838919817767264,0.0
74,2024,China,2141845584.7,2274686014.4,2271693634.5,2289655754.500377,2289655754.500377,2499678719.9466567,0.4501454354485572,0.084019983756457,0.0
72,2024,China,2016730904.3,2228272142.3,2008976411.0,2201937543.992584,2201937543.992584,2550844184.2169447,0.4021539303338199,0.1367808517600487,0.0
71,2024,Taiwan,2561028735.3,2507709166.2,2242522287.3,2527709889.9834538,2527709889.9834538,2712324428.6669984,0.5119267281501798,0.0680650650535472,0.0
70,2024,China,1523742142.7,1654113353.6,1515267117.3,1616996214.1727233,1616996214.1727233,1943657792.255448,0.3068536917740859,0.1680653762119625,0.0
66,2024,China,2091306640.5,2112079898.4,1950276211.7,1927870233.1458712,1927870233.1458712,2428368605.4796724,0.3237114866788914,0.2061047779996886,0.0
63,2024,China,1880462870.8,2034791113.5,1978050667.2,1956804233.1553936,1956804233.1553936,2365050592.1775074,0.3300116760528533,0.1726163323407979,0.0
64,2024,Vietnam,1001397003.5,1141358240.4,996404778.3,1142678416.1416996,1142678416.1416996,1299373946.7388194,0.2054438000973929,0.1205930986921784,0.0
62,2024,Taiwan,2667859950.4,2526247956.4,2431976592.1,2637094043.585196,2637094043.585196,2855560741.5716,0.4446641436069282,0.0765057086007449,0.0
57,2024,Vietnam,720896179.3,970514463.3,692513659.1,906819552.7500324,906819552.7500324,1607318393.5562704,0.1462989727591043,0.4358183441529278,0.0
56,2024,Vietnam,2004662616.7,2251329722.1,2018625697.2,2242914186.983403,2242914186.983403,2568722357.21764,0.3590627490536267,0.1268366623270029,0.0
52,2024,China,4179852893.1,4343344964.6,4148538982.4,4320893692.146549,4320893692.146549,4728273438.017221,0.5910369310936776,0.086158245966736,0.0
50,2024,China,2682680675.8,2727633581.2,2738708836.5,2709461100.1194787,2709461100.1194787,3068430447.190728,0.3487079922933692,0.1169879367478902,0.0
41,2024,China,3660581489.8,3401650936.3,3862127864.3,3419223807.056012,3419223807.056012,3797554174.864988,0.4150278820101634,0.0996247453987741,0.0
47,2024,China,3139425753.1,3137550000.7,3179024461.4,3199856052.7517595,3199856052.7517595,3554972812.1390185,0.383926212391747,0.0998929606928797,0.0
46,2024,China,5575069616.5,5721060743.8,5713819628.4,5773152545.350171,5773152545.350171,6028295871.580335,0.6675862699588533,0.0423242872721303,0.0
45,2024,China,5194837561.8,5288319523.2,5274477937.8,5255945520.622913,5255945520.622913,5826801510.578967,0.6094443424777501,0.0979707286956016,0.0
44,2024,China,2978181936.1,3279330887.2,3096736129.3,3271432670.462076,3271432670.462076,3677056900.9546046,0.3870565198699108,0.1103121984289186,0.0
33,2024,China,3019843908.0,3017010259.5,2782178548.0,3043924151.226089,3043924151.226089,3345656689.3268824,0.3596845652276668,0.0901863419110999,0.0
42,2024,Taiwan,5375101867.7,5065327668.4,5179695798.6,5094973706.42637,5094973706.42637,5215156585.08283,0.5877165687818078,0.0230449223711184,0.0
37,2024,China,2866242567.6,2787900305.5,2763658907.4,2748721048.265079,2748721048.265079,3179245943.2046137,0.2987435031926171,0.1354172978846596,0.0
39,2024,Taiwan,4091159992.5,3831976159.9,3858342993.7,3960265637.468684,3960265637.468684,4223720899.8961096,0.4698927669213746,0.0623751589348401,0.0
38,2024,China,3689048091.4,3767532629.7,3670364312.0,3739361030.0783806,3739361030.0783806,4379934020.795177,0.391101550039052,0.146251744358583,0.0
35,2024,China,3528896241.0,3893043931.8,3523000559.9,3787005704.5502567,3787005704.5502567,4501489736.853431,0.3919322015803793,0.158721684169073,0.0
34,2024,China,6280430804.6,6234695090.0,6361462711.2,6351240561.795858,6351240561.795858,6871228196.437461,0.6245074298717658,0.075676082903374,0.0
32,2024,China,3241080937.8,3615033793.8,3504638475.2,3642446993.688354,3642446993.688354,4184494239.849839,0.351924525577421,0.1295370993702064,0.0
28,2024,China,4251896361.8,4569142554.8,4212780232.2,4464817596.688716,4464817596.688716,5086767921.292409,0.4091298416459618,0.1222682721577107,0.0
24,2024,China,3616041903.9,3805590779.7,3640998175.0,3808755826.5827503,3808755826.5827503,4739800494.453391,0.3079992614160909,0.1964311934563844,0.0
21,2024,China,6203132832.4,6463476453.8,7141156545.1,6517039579.142111,6517039579.142111,6962901020.783141,0.5099979637096912,0.0640338617926932,0.0
19,2024,China,4329238253.3,4422720931.1,4370081907.1,4439760960.683177,4439760960.683177,5270740638.390504,0.3299887441530261,0.1576589960915015,0.0
14,2024,China,5114009812.1,5162262583.2,5134067222.5,5141162170.656698,5141162170.656698,5848491279.240804,0.3808045433383304,0.1209421498318322,0.0
12,2024,China,7558937652.9,7503420299.9,7928242824.9,7752545579.184282,7752545579.184282,8800011049.996305,0.3944472722972332,0.1190300176739508,0.0
8,2024,China,8872085629.3,9779887562.6,9496989004.9,9796467001.207985,9796467001.207985,11177087180.69263,0.430427384052801,0.123522359373696,0.0
6,2024,China,7140663634.4,7581687157.1,7141529316.1,7648315513.756416,7648315513.756416,8775055895.022451,0.3439188727479106,0.1284026443529739,0.0
4,2024,China,9852099416.6,10704380717.2,10736338692.0,10945266313.911976,10945266313.911976,13319121679.89857,0.3712731565663369,0.1782291222377864,0.0
3,2024,China,13184571589.3,13775081836.4,13196939847.9,13758526536.799656,13758526536.799656,16072581278.23962,0.3891054237036864,0.1439753018746852,0.0
1,2024,China,17372251479.4,17883043752.2,17394683177.1,17832873875.526405,17832873875.526405,20390671322.01493,0.3808616952795797,0.1254395898053136,0.0
0,2024,China,28004555961.2,29087265713.2,28069550949.0,29107606003.24433,29107606003.24433,33197055544.408485,0.3932048983938242,0.1231871162698029,0.0
10,2014,United Kingdom,95369801.6,98060601.6,95215235.1,97669694.63700037,97669694.63700037,100843495.38343312,0.5887263088426784,0.0314725380587528,0.0
163,2014,Sweden,170911235.0,183155129.7,167401566.4,182075617.5780756,182075617.5780756,213221926.65308648,0.4505706943283236,0.1460746066969284,0.0
152,2014,Denmark,247837201.6,254708232.4,246594448.1,255555412.16464144,255555412.16464144,274462004.03689253,0.5171511497584617,0.0688860082421817,0.0
157,2014,Denmark,253839190.8,274171972.5,251927601.2,273295887.6624567,273295887.6624567,309086757.6990571,0.4755453065294183,0.1157955465418167,0.0
158,2014,Ireland,265287353.5,256309522.1,268283015.2,260807317.30712423,260807317.30712423,279048165.5007185,0.4664853910946793,0.0653680993059502,0.0
154,2014,Denmark,315233327.1,343035873.3,313465617.9,349827485.01403993,349827485.01403993,378086443.7215496,0.5360190687270776,0.0747420574759396,0.0
149,2014,Sweden,250851927.9,256453322.4,249828058.6,264954639.12865815,264954639.12865815,312270244.23267573,0.3640336879884838,0.1515213376166645,0.0
153,2014,Denmark,255345392.6,270423790.4,249001692.3,274760477.97137606,274760477.97137606,411461250.1705695,0.3389175748999334,0.3322324329266115,0.0
99,2014,Sweden,461882866.3,500994488.4,459127750.7,501540089.07141,501540089.07141,609463833.0296241,0.4079054036610223,0.1770798168969745,0.0
144,2014,Sweden,600779470.7,630705709.6,580684484.8,643538512.5696615,643538512.5696615,709691099.7387314,0.4951515085018323,0.0932132123305809,0.0
137,2014,Germany,682789257.5,717424390.9,653925071.1,725545354.8639725,725545354.8639725,838458616.8436804,0.4461599771639236,0.1346676624360568,0.0
23,2014,Netherlands,994357091.5,1047886324.1,985097536.7,1044902064.299851,1044902064.299851,1136690475.5967116,0.5722355226176621,0.0807505765795001,0.0
128,2014,United Kingdom,758705123.0,760244437.0,765084013.1,765844640.9932594,765844640.9932594,993399643.6969676,0.3996767707254401,0.2290669260327648,0.0
84,2014,United Kingdom,805026373.2,823274881.8,810632967.5,823613424.5691605,823613424.5691605,1018552561.7317824,0.4131494479905495,0.1913883922015559,0.0
121,2014,Germany,1156366976.2,1223397323.9,1140602674.5,1230147631.3352027,1230147631.3352027,1505603615.8364024,0.4974514259918325,0.1829538542574346,0.0
122,2014,United Kingdom,895468361.9,957736265.7,896759891.5,952224584.3195016,952224584.3195016,1332477556.8624644,0.3906562397208211,0.2853728909613536,0.0
123,2014,United Kingdom,1004534825.0,1065712253.2,995562203.0,1062863535.4807192,1062863535.4807192,1307760624.5775504,0.4493757548962959,0.1872644614727875,0.0
116,2014,United Kingdom,1394650854.2,1467491280.4,1399596874.7,1475994614.7126143,1475994614.7126143,1598117840.9461808,0.5174389534487693,0.0764169093821404,0.0
113,2014,Netherlands,1269985043.9,1296845140.4,1252201413.9,1306110523.536044,1306110523.536044,1507706204.6758404,0.4489648295508133,0.1337101887055904,0.0
68,2014,Denmark,1757916727.3,1853009798.4,1758071365.2,1851822212.0983164,1851822212.0983164,1947683112.783378,0.6046786151459487,0.0492179143803683,0.0
87,2014,United Kingdom,1473565539.7,1556851752.6,1475219656.9,1557162763.6738186,1557162763.6738186,1753573105.9819615,0.5059632975071057,0.1120057907127616,0.0
15,2014,Netherlands,1541844119.6,1594481147.5,1528408078.7,1602891348.4927745,1602891348.4927745,1941562670.2361245,0.4480854714561038,0.1744323409875623,0.0
102,2014,United Kingdom,1295880619.6,1296134812.2,1311454218.5,1309305549.7096128,1309305549.7096128,1689594138.8048422,0.3609885717423801,0.2250768870234314,0.0
100,2014,Netherlands,1476730745.6,1489904879.8,1408945333.5,1453687256.648203,1453687256.648203,1834886662.2362304,0.375559910468389,0.2077509273098365,0.0
31,2014,Netherlands,1712933728.2,1772392957.2,1683536765.5,1775353949.7673168,1775353949.7673168,2283200686.846176,0.4440160938793809,0.2224275509396227,0.0
96,2014,United Kingdom,1535785516.9,1595278357.7,1538098786.3,1597168416.9740367,1597168416.9740367,2048500593.2815635,0.3938277442914651,0.2203231855473969,0.0
83,2014,United Kingdom,1480307176.1,1523923590.2,1450479943.7,1527271195.7797475,1527271195.7797475,2250964154.2973127,0.3408707054524602,0.3215035464407391,0.0
59,2014,Denmark,2747878756.6,2990338439.9,2706387140.9,2994234304.7942595,2994234304.7942595,3784560750.898819,0.4985645835037422,0.2088291080852276,0.0
67,2014,United Kingdom,2359323329.9,2488417419.4,2344784461.2,2457687136.4028893,2457687136.4028893,3333217211.11632,0.4130913751412537,0.2626681728972019,0.0
18,2014,Germany,3338478214.7,3575929443.3,3300484897.8,3584950536.919964,3584950536.919964,3986075249.110071,0.562904112934092,0.1006314951730181,0.0
25,2014,Sweden,2988039831.9,3280968133.8,2934236158.3,3296314957.994352,3296314957.994352,3998734644.325157,0.5061318024914708,0.175660489832115,0.0
16,2014,Netherlands,3687269883.6,3878014086.9,3652367499.0,3881053781.849386,3881053781.849386,4194721535.939934,0.5825308870451169,0.0747767763373741,0.0
20,2014,Netherlands,3416265303.1,3657072996.9,3394025879.6,3657817450.329056,3657817450.329056,4222068189.155342,0.5510753058830082,0.1336432083867336,0.0
60,2014,Denmark,3640911387.0,3890466286.9,3628738451.7,3889438030.585316,3889438030.585316,4203918424.2071967,0.5900239730863647,0.0748064928688971,0.0
61,2014,Denmark,3260628243.7,3552612868.6,3229955125.6,3573211606.256414,3573211606.256414,4198013039.6396585,0.5437023137943418,0.1488326566600839,0.0
27,2014,Denmark,3345648914.0,3582671768.3,3308227329.9,3574188917.269812,3574188917.269812,4219084181.8533206,0.5341458552487162,0.152851954781387,0.0
55,2014,United Kingdom,3194239012.9,3485057714.1,3206772083.5,3460987185.231479,3460987185.231479,4249450797.0335946,0.4857880414053347,0.1855448267226712,0.0
49,2014,France,3130696845.2,3267088764.8,3144772053.1,3305116580.8250484,3305116580.8250484,4505305690.616479,0.403302027887876,0.2663946005464512,0.0
26,2014,United Kingdom,3860968074.9,4120025408.2,3888559961.1,4131772979.963124,4131772979.963124,4684985210.937456,0.5007736213985979,0.118081958867835,0.0
22,2014,Germany,3745100357.3,4160051961.7,3647035760.9,4168969475.156605,4168969475.156605,5022081465.366498,0.4727687595151624,0.1698721926542135,0.0
43,2014,Denmark,4351336579.1,4914205922.4,4385211518.6,4922238711.16337,4922238711.16337,5454673842.4053135,0.5394050954064432,0.0976108098531439,0.0
30,2014,United Kingdom,4426588958.8,4761432353.4,4436734085.5,4774596731.545551,4774596731.545551,5924613364.591444,0.4539724980242733,0.1941083007912359,0.0
7,2014,Netherlands,5451166912.6,5811020319.2,5387026889.2,5831087662.105974,5831087662.105974,6706124343.990423,0.5419176087681318,0.1304832175783614,0.0
17,2014,United Kingdom,5963717839.0,6249055427.0,5942115555.1,6288571304.818456,6288571304.818456,7689842183.679856,0.441512386907374,0.1822236198598869,0.0
2,2014,Belgium,6031940557.0,6373710872.0,6037098291.9,6399198705.955023,6399198705.955023,8366076786.429595,0.4330439497169651,0.2351016050516051,0.0
11,2014,Germany,8503791186.3,9328827777.5,8450299153.3,9383894078.999634,9383894078.999634,10874237941.017914,0.5491768153354344,0.1370527176342779,0.0
13,2014,United Kingdom,6792830286.4,6995563682.3,6940260279.0,6990725431.281004,6990725431.281004,9136029342.75724,0.4029120446834964,0.2348179751827271,0.0
9,2014,United Kingdom,9048265782.5,9559075411.6,9001201666.5,9506483306.35983,9506483306.35983,11311656341.62078,0.4937099228447292,0.1595852084560673,0.0
10,2015,United Kingdom,94656990.0,102731724.0,97300611.8,102765727.07138306,102765727.07138306,104949101.29764906,0.6246397220482802,0.0208041250403247,0.0
163,2015,Sweden,174754379.8,203309853.6,175405134.6,202260188.0302002,202260188.0302002,233516263.4936033,0.4892602516453803,0.1338496728055913,0.0
152,2015,Denmark,251724224.0,276740484.8,260278231.2,279377871.64886487,279377871.64886487,296013622.6669095,0.5591807206454202,0.0561992751149973,0.0
157,2015,Denmark,257402877.1,295212816.7,260683882.8,290948189.28626966,290948189.28626966,328058201.456415,0.502770376689194,0.1131202085648076,0.0
158,2015,Ireland,267883777.1,284434210.2,277195109.1,292350481.1207974,292350481.1207974,308876974.84894204,0.515864061830882,0.0535051009749982,0.0
154,2015,Denmark,320740612.3,369568243.7,337942032.2,378227176.0800992,378227176.0800992,403577267.34555566,0.5718930326601234,0.0628134766662932,0.0
149,2015,Sweden,251646219.7,290918472.2,264325641.6,300206172.92755044,300206172.92755044,345086180.92795604,0.4077780126698593,0.1300544921263458,0.0
153,2015,Denmark,260039457.1,304267228.5,275180340.7,314862741.90331256,314862741.90331256,448600884.0178106,0.3826257648600225,0.2981227787977081,0.0
99,2015,Sweden,469148560.8,548195453.2,483749167.0,549191237.4084253,549191237.4084253,651904653.8655181,0.4418627704629699,0.1575589556663628,0.0
144,2015,Sweden,603988113.0,687535966.6,627195248.2,702876364.9337308,702876364.9337308,767484638.4016008,0.5363830623731157,0.0841818457792538,0.0
137,2015,Germany,696840451.3,786380120.6,706141053.5,794013591.195965,794013591.195965,896159019.287763,0.4809288862483131,0.1139813647950334,0.0
23,2015,Netherlands,996399348.6,1059889172.1,1015111491.5,1060114927.4959352,1060114927.4959352,1145752745.8605793,0.5788928659167005,0.0747437164554391,0.0
128,2015,United Kingdom,776893857.4,835745111.3,800642915.2,833427007.1860188,833427007.1860188,1077300309.7548168,0.4282417720978844,0.2263744847750959,0.0
84,2015,United Kingdom,811388042.6,885184832.5,848734663.8,889513713.4001826,889513713.4001826,1078036379.2467237,0.4428746394822915,0.1748759777274594,0.0
121,2015,Germany,1154012755.1,1259739223.8,1178416276.2,1241669487.0651326,1241669487.0651326,1516805891.7124286,0.5003503735755692,0.1813919672586946,0.0
122,2015,United Kingdom,910592834.9,1016146102.0,945362313.9,1029587935.166305,1029587935.166305,1402362393.6042235,0.4147884679583857,0.2658189210849043,0.0
123,2015,United Kingdom,1016944850.4,1135084092.9,1034474191.4,1130974352.789263,1130974352.789263,1360493518.772524,0.4724203645736269,0.1687028734913341,0.0
116,2015,United Kingdom,1393677398.2,1525019374.8,1437727552.2,1528623263.169572,1528623263.169572,1656947333.6752632,0.5343808928945734,0.077446076829163,0.0
113,2015,Netherlands,1299125234.8,1416009055.6,1323009177.7,1405919377.826495,1405919377.826495,1629041004.378138,0.4715445067705381,0.13696501558401,0.0
68,2015,Denmark,1782403502.8,1907334702.4,1822079686.6,1897208909.1225457,1897208909.1225457,1997100787.700688,0.6120305139982276,0.0500184463364766,0.0
87,2015,United Kingdom,1504030172.2,1727722973.5,1542972244.8,1737915466.4748716,1737915466.4748716,1934657438.4443376,0.5520171097020207,0.1016934409471821,0.0
15,2015,Netherlands,1582010424.4,1747689398.5,1606007721.7,1753117471.970177,1753117471.970177,2107266226.4318392,0.4787740796492803,0.1680607556935651,0.0
102,2015,United Kingdom,1315059162.0,1483449597.7,1372035519.8,1493709770.5554748,1493709770.5554748,1897497403.0988777,0.4058387389263764,0.212800097583249,0.0
100,2015,Netherlands,1492509002.1,1628683178.2,1520669719.9,1639470804.60157,1639470804.60157,1971217723.785286,0.4182664923160997,0.1682954222563856,0.0
31,2015,Netherlands,1749308404.6,1915460618.3,1785163979.0,1917964515.5515027,1917964515.5515027,2445454611.446367,0.4677038232816206,0.2157022638759504,0.0
96,2015,United Kingdom,1545392466.8,1778571273.2,1603314288.2,1787767331.6741524,1787767331.6741524,2266927425.3967605,0.4367865457303084,0.2113698428782937,0.0
83,2015,United Kingdom,1512408899.0,1694839154.0,1512581357.1,1684197624.3036656,1684197624.3036656,2411353010.580147,0.3702867900306189,0.3015549291563639,0.0
59,2015,Denmark,2771168885.5,3137187737.0,2860097242.7,3135199879.8256946,3135199879.8256946,3925225496.4170113,0.5163253613760049,0.2012688487100832,0.0
67,2015,United Kingdom,2353701539.4,2612822506.3,2420108315.8,2585976348.7522635,2585976348.7522635,3455918724.522692,0.4334312191918703,0.2517253573116303,0.0
18,2015,Germany,3328067868.2,3603715176.1,3385952212.7,3589416013.2522554,3589416013.2522554,3977689376.163745,0.5649029614626687,0.0976127912949193,0.0
25,2015,Sweden,3027607414.2,3474171086.7,3027272641.8,3478516494.409025,3478516494.409025,4130475368.61368,0.5274539333925241,0.1578411238470774,0.0
16,2015,Netherlands,3685916263.0,3917759863.4,3749522270.0,3907096879.1532135,3907096879.1532135,4223009625.103542,0.5847546813866759,0.0748074889700453,0.0
20,2015,Netherlands,3460990288.0,3700755335.1,3520454733.8,3697747222.932404,3697747222.932404,4241820765.481828,0.5530251290578493,0.1282641517946416,0.0
60,2015,Denmark,3670951568.2,4000954471.5,3768542182.1,4003312169.665137,4003312169.665137,4309540575.900204,0.6005208462836219,0.0710582487487311,0.0
61,2015,Denmark,3297623742.0,3653901209.0,3392018480.7,3645309693.6038895,3645309693.6038895,4271809995.553224,0.547343797838422,0.1466592153212559,0.0
27,2015,Denmark,3379006710.4,3763283641.2,3478795954.9,3760360867.771444,3760360867.771444,4414092976.750989,0.5547163131089964,0.1481011189439708,0.0
55,2015,United Kingdom,3252978667.5,3641134969.5,3313931925.3,3661660643.322681,3661660643.322681,4434460406.787747,0.5047892762071786,0.174271431600146,0.0
49,2015,France,3162681152.6,3657876921.7,3229432983.0,3686947512.040381,3686947512.040381,4996779723.308339,0.4417283496161785,0.2621352718748078,0.0
26,2015,United Kingdom,3987900219.4,4515388049.8,4064133739.4,4525553510.299125,4525553510.299125,5129328110.494816,0.5345562851758947,0.1177102706610527,0.0
22,2015,Germany,3767196845.9,4397736523.7,3813432430.3,4388559982.989452,4388559982.989452,5180513948.652952,0.4967581253949846,0.1528716983513624,0.0
43,2015,Denmark,4394702487.9,5304644759.7,4566847304.1,5332475090.575487,5332475090.575487,5840396932.980809,0.5818132025107265,0.0869670072486135,0.0
30,2015,United Kingdom,4523573126.1,4973273995.3,4628208918.5,5015043739.317688,5015043739.317688,6178796309.635067,0.4717426047412482,0.1883461619381514,0.0
7,2015,Netherlands,5490015472.6,5887277595.2,5535547166.7,5871164838.528465,5871164838.528465,6723394715.10537,0.5451811498094998,0.126755889351879,0.0
17,2015,United Kingdom,5972763553.5,6963003170.4,6118666429.8,6907779473.37554,6907779473.37554,8474751893.567821,0.4802655500930276,0.1848989138409567,0.0
2,2015,Belgium,6249723800.9,7102710036.2,6317520124.3,7097428920.881069,7097428920.881069,9199412782.552858,0.4645318552518687,0.2284910908290044,0.0
11,2015,Germany,8501560681.8,9403152096.5,8769362886.4,9453097669.118618,9453097669.118618,10897513693.048748,0.5494147116499718,0.1325454653800056,0.0
13,2015,United Kingdom,6793029541.0,7532428668.5,7101715465.5,7576148847.408606,7576148847.408606,9600439044.826178,0.436707170849597,0.2108539190724296,0.0
9,2015,United Kingdom,9070591006.2,10066107325.7,9265033049.1,10005095251.593596,10005095251.593596,11654288750.009369,0.5149832845168621,0.1415095793309947,0.0
10,2016,United Kingdom,95092637.4,92332113.5,94384222.7,92525582.12875757,92525582.12875757,95009405.36942276,0.5606251946725495,0.0261429195457797,0.0
148,2016,Finland,70171079.2,68943589.6,70302037.4,68985144.96838948,68985144.96838948,71438470.3134856,0.4307802233569969,0.0343417955945928,0.0
163,2016,Sweden,171300370.9,180133756.6,167720317.0,179694451.03889027,179694451.03889027,209913711.50549245,0.4456155016463491,0.1439603932962306,0.0
152,2016,Denmark,250353704.4,247473063.7,248290292.9,249188192.02906707,249188192.02906707,268270465.96551093,0.5014048694697313,0.0711307294590418,0.0
157,2016,Denmark,254628753.8,249252451.1,248914680.6,243870975.87962613,243870975.87962613,281920647.56885546,0.4244999493109125,0.1349658920598789,0.0
158,2016,Ireland,267083641.6,258861343.2,268431949.0,267826996.8951092,267826996.8951092,283825440.0361026,0.473937811921766,0.0563671922395624,0.0
153,2016,Denmark,256623729.6,244278791.9,255900578.2,251616274.48561656,251616274.48561656,381115094.9229536,0.3069988707730802,0.3397892714365368,0.0
154,2016,Denmark,389748470.1,393594665.7,390501854.9,401088810.7724403,401088810.7724403,444078115.9084129,0.4882395748903717,0.0968057276320249,0.0
149,2016,Sweden,298916968.1,276966374.4,300049493.8,287389069.9666851,287389069.9666851,342559611.7855212,0.3241071714164553,0.1610538426619269,0.0
144,2016,Sweden,606303205.3,630250157.0,616824914.2,643381506.5628792,643381506.5628792,707284609.539936,0.4861727017311081,0.0903499130549772,0.0
142,2016,Germany,576888933.4,560630335.3,576517197.6,560423314.7717438,560423314.7717438,721049982.286926,0.3869578498437759,0.2227677296457715,0.0
137,2016,Germany,714420286.3,693897149.1,705178755.2,698303638.9372652,698303638.9372652,813353851.1449113,0.4078566691415168,0.1414516105698603,0.0
128,2016,United Kingdom,836568704.1,780063633.9,848679884.8,786363549.6135732,786363549.6135732,1101817173.2619476,0.357488350455552,0.2863030558095848,0.0
121,2016,Germany,1135428267.5,1105190608.2,1136874794.0,1109730592.257069,1109730592.257069,1386798123.5270083,0.4544351319644019,0.1997893756628976,0.0
122,2016,United Kingdom,897691029.5,889103012.2,905630359.9,886062324.2207539,886062324.2207539,1272253584.6237912,0.3611127375884395,0.303548966236346,0.0
123,2016,United Kingdom,1012405845.3,957632562.1,989538353.9,962864983.4539016,962864983.4539016,1219799579.7626443,0.4036661985720461,0.2106367312888717,0.0
116,2016,United Kingdom,1406402382.1,1396252791.3,1412775990.2,1401154959.080813,1401154959.080813,1542949160.7053692,0.486427689318109,0.0918981682842577,0.0
113,2016,Netherlands,1283756199.3,1245675762.8,1259758582.4,1241337806.1802535,1241337806.1802535,1459139283.314382,0.4214839961768643,0.1492670916510454,0.0
87,2016,United Kingdom,1494819669.2,1567224857.1,1494540605.7,1575802120.047388,1575802120.047388,1776499371.2769513,0.5054049584808327,0.1129734434329136,0.0
15,2016,Netherlands,1554535549.8,1544383203.2,1538289346.1,1553873061.2790236,1553873061.2790236,1899620924.1184585,0.430831973249366,0.1820088726385677,0.0
102,2016,United Kingdom,1308923855.5,1285195615.7,1304855696.3,1288122196.0074272,1288122196.0074272,1684317115.7374678,0.3523502915934753,0.2352258467411993,0.0
99,2016,Sweden,949485869.4,886880319.9,942047352.2,887064287.75295,887064287.75295,1736133991.5406013,0.2265878616338048,0.4890577040279065,0.0
100,2016,Netherlands,1476052014.2,1375170029.0,1456737990.9,1396883669.4406347,1396883669.4406347,1729232464.436112,0.3606163954565868,0.1921943994405942,0.0
96,2016,United Kingdom,1550875113.7,1573631590.9,1537729440.8,1566782407.134572,1566782407.134572,2031626736.4071295,0.383874165658354,0.22880400269521,0.0
84,2016,United Kingdom,1961983978.4,1818283182.7,1940597819.6,1822991455.738184,1822991455.738184,2169023940.525678,0.3976909505225164,0.1595337323495059,0.0
83,2016,United Kingdom,1512259431.6,1381591989.9,1448679983.0,1377137944.613638,1377137944.613638,2153216917.680704,0.3021987739054649,0.3604276776271127,0.0
31,2016,Netherlands,1987535769.7,1930274854.3,1941364631.0,1929236515.4253776,1929236515.4253776,2663024805.144885,0.3961105268353802,0.2755469225453141,0.0
68,2016,Denmark,3336312086.4,3317709424.5,3340179151.7,3322428198.5880585,3322428198.5880585,3606282450.178608,0.5593445297680515,0.0787110426074614,0.0
67,2016,United Kingdom,2370302492.7,2311483355.6,2376774575.6,2295566844.6849613,2295566844.6849613,3218151106.614056,0.3820913871211174,0.2866814613002377,0.0
23,2016,Netherlands,3098982581.9,3019137264.6,3079884486.5,3005313481.017372,3005313481.017372,3595262466.298124,0.4883710714633146,0.1640906584181028,0.0
65,2016,Netherlands,3053728128.8,2976614291.6,3046589249.5,2980098087.772357,2980098087.772357,3595262466.298124,0.4842735060365398,0.1711041639636321,0.0
20,2016,Netherlands,3422168100.5,3346228022.7,3413186565.8,3351312310.5193777,3351312310.5193777,3939787498.3048286,0.5067917237054467,0.1493672407556636,0.0
25,2016,Sweden,3028902284.5,2986197840.7,2975964411.8,2987323992.4639783,2987323992.4639783,3710446604.087657,0.4519674401573436,0.1948882948017744,0.0
59,2016,Denmark,2956011828.5,2964443793.6,2918350501.0,2949199241.2369223,2949199241.2369223,3999200300.734645,0.4450143712634177,0.2625527556858905,0.0
60,2016,Denmark,3679667599.9,3670161103.8,3671226394.5,3672026065.2942567,3672026065.2942567,4028201740.515791,0.550495632240084,0.088420515695405,0.0
61,2016,Denmark,3266197237.0,3246603007.4,3254031532.3,3255942156.923907,3255942156.923907,3940873134.365907,0.494763882343166,0.1738018337786981,0.0
16,2016,Netherlands,3686194505.7,3612409900.7,3679412290.4,3611679303.7363977,3611679303.7363977,3946559710.967896,0.541058529055475,0.0848537540939341,0.0
55,2016,United Kingdom,3259806844.3,3269416836.8,3255619982.8,3299226920.4368496,3299226920.4368496,4088423587.330656,0.4560420265778396,0.1930320207865436,0.0
27,2016,Denmark,3632592726.8,3704931811.3,3611255517.8,3692465047.120751,3692465047.120751,4583562701.810046,0.500161197299138,0.1944115773386063,0.0
18,2016,Germany,4296374990.9,4214033640.7,4287841600.1,4233861765.5966177,4233861765.5966177,4800540253.394476,0.5124623890189326,0.1180447320272251,0.0
49,2016,France,3128450669.7,3261269485.0,3102341413.0,3262637716.698373,3262637716.698373,4570240476.146949,0.3961656086544868,0.2861124630691166,0.0
26,2016,United Kingdom,3942377016.9,4071335970.9,3938043329.5,4083061829.7638416,4083061829.7638416,4684345433.905436,0.4867463270775923,0.1283602186528527,0.0
43,2016,Denmark,4376804595.7,4573500179.8,4386435367.9,4589365776.258812,4589365776.258812,5165045656.101385,0.5011592439267062,0.1114568811531282,0.0
30,2016,United Kingdom,4494158328.5,4411267224.6,4464774111.4,4403680927.971997,4403680927.971997,5634183311.025429,0.4170176088095195,0.2183994227957553,0.0
7,2016,Netherlands,5379661678.6,5266734141.7,5379248335.6,5339061345.851536,5339061345.851536,6183516791.588334,0.5027506752404998,0.1365655619930623,0.0
22,2016,Germany,5181848160.2,5204907193.1,5111932443.2,5205168039.149557,5205168039.149557,6932974361.783214,0.3948007848090081,0.2492157380759809,0.0
17,2016,United Kingdom,5991009208.5,6193626122.7,5905269322.9,6211831075.56147,6211831075.56147,7673106933.520402,0.4335146259726059,0.1904412216093673,0.0
2,2016,Belgium,6920844687.7,7073364984.7,6841882914.8,7099171961.12775,7099171961.12775,9361527002.780989,0.4230471985721832,0.2416651728912569,0.0
11,2016,Germany,8470274497.8,8396822414.1,8447955202.5,8488083039.121693,8488083039.121693,10073520270.561943,0.498328141827316,0.1573866125105647,0.0
13,2016,United Kingdom,6780728673.4,6361701651.2,6822489084.8,6396619174.328681,6396619174.328681,8569924688.292683,0.36735050117176,0.2535968042908171,0.0
9,2016,United Kingdom,9126992837.1,8754245885.1,8889399713.4,8738927002.253695,8738927002.253695,10695586634.106384,0.4491451318949516,0.182940842684892,0.0
10,2017,United Kingdom,94984253.4,100899243.0,96608071.2,101323662.91135149,101323662.91135149,103585032.54650916,0.6127459053661798,0.0218310462386767,0.0
162,2017,United Kingdom,198462509.1,207955483.1,205867182.2,209423174.03179404,209423174.03179404,215745853.56313825,0.5063422969820939,0.0293061462221513,0.0
163,2017,Sweden,174637220.7,195042215.7,173229543.0,195026927.59397796,195026927.59397796,226138674.14798108,0.4705680482421955,0.1375781770686609,0.0
164,2017,United Kingdom,246999039.4,257516656.9,247866405.0,258430654.270358,258430654.270358,265837411.47549605,0.6200351589979798,0.0278619821191751,0.0
157,2017,Denmark,254134278.1,278594488.0,254752501.1,270319364.9013139,270319364.9013139,312880117.7817658,0.4715146780068269,0.1360289467486652,0.0
158,2017,Ireland,267305947.3,264901114.8,279822752.4,274530246.2033002,274530246.2033002,291206935.5944555,0.4861609842626931,0.0572674869748975,0.0
152,2017,Denmark,375366783.3,389857714.3,386187793.4,395953031.86689687,395953031.86689687,427247122.93392456,0.5261274972320509,0.073245878994175,0.0
153,2017,Denmark,255166014.8,274017766.7,275582115.7,285898842.9405657,285898842.9405657,425868171.0141543,0.3507961263074425,0.3286682067370011,0.0
154,2017,Denmark,391478519.6,435990561.0,417450831.5,453466695.1787312,453466695.1787312,489669113.3170428,0.5520656138041529,0.0739324109970398,0.0
148,2017,Finland,350722829.1,360203599.8,345799614.7,360199539.73274183,360199539.73274183,413163966.9609807,0.4039152917599177,0.1281922710197058,0.0
149,2017,Sweden,300997741.2,324918224.0,318994856.3,341688715.92250293,341688715.92250293,400186157.9212048,0.382921727544494,0.1461755756435229,0.0
144,2017,Sweden,616270560.2,660601567.8,625991253.3,676534781.2978485,676534781.2978485,742270378.5265806,0.5083364249953778,0.0885601785150289,0.0
142,2017,Germany,583956798.0,622238795.0,614045708.9,623895129.1796707,623895129.1796707,778676133.6128883,0.4249214234397659,0.1987745581915646,0.0
137,2017,Germany,716370257.3,803054939.7,736004074.8,813346853.1527499,813346853.1527499,925405465.8867248,0.4744096341386983,0.1210913668276209,0.0
128,2017,United Kingdom,852136053.3,867718093.3,886048655.0,867094570.102815,867094570.102815,1223902424.8010795,0.3876235812614564,0.2915329257201662,0.0
121,2017,Germany,1144585256.3,1198525950.0,1182869376.3,1190322713.0425775,1190322713.0425775,1474365868.7733362,0.4816390357864278,0.1926544569070095,0.0
122,2017,United Kingdom,917914035.3,960288904.2,954756126.2,970532637.2783382,970532637.2783382,1374283445.3934853,0.3901952467649009,0.2937900543505019,0.0
123,2017,United Kingdom,1039577641.0,1074561880.4,1039951409.4,1063962370.6283226,1063962370.6283226,1371584684.2591865,0.4349449638738952,0.2242824064465368,0.0
116,2017,United Kingdom,1414513244.7,1538009192.3,1465164729.2,1543226759.7460115,1543226759.7460115,1689836062.2149549,0.533093859697743,0.0867594826191453,0.0
113,2017,Netherlands,1258613028.7,1310233780.4,1281796882.4,1312897687.3253372,1312897687.3253372,1519268482.8334832,0.4541641370296586,0.1358356326350284,0.0
80,2017,United Kingdom,1722053394.2,1884039200.2,1743937967.7,1886782060.6654985,1886782060.6654985,2074529433.288764,0.5720988661811699,0.0905011852859702,0.0
15,2017,Netherlands,1536196829.4,1604779285.5,1563402810.1,1603629105.3963764,1603629105.3963764,1944239697.482811,0.4494526579323693,0.1751896088365133,0.0
102,2017,United Kingdom,1313372214.3,1295994826.0,1314592442.0,1294213325.178538,1294213325.178538,1707676358.2484477,0.3506070476054934,0.2421202536843666,0.0
99,2017,Sweden,942975286.2,1062770857.7,996038360.2,1063600667.7468154,1063600667.7468154,1997259991.137698,0.2720150656116538,0.467470097800859,0.0
100,2017,Netherlands,1450194917.0,1481728668.7,1526915367.2,1515024515.2682853,1515024515.2682853,1831340471.173316,0.3958240623872077,0.1727237293578574,0.0
96,2017,United Kingdom,1560466511.1,1603336980.1,1557381224.5,1590224283.5452144,1590224283.5452144,2094789104.5855727,0.3852287508588213,0.2408666437761428,0.0
87,2017,United Kingdom,2223477001.2,2349940035.3,2229872942.4,2363139800.1126685,2363139800.1126685,2653980043.607244,0.5107591987655766,0.1095864470402235,0.0
84,2017,United Kingdom,1996109325.2,2030167486.5,2047265619.2,2025324490.326159,2025324490.326159,2414732667.557601,0.433581557073988,0.1612634733704546,0.0
83,2017,United Kingdom,1555779720.3,1467437819.0,1555038153.8,1463887920.585148,1463887920.585148,2373160610.843972,0.3128339973554844,0.3831483996927868,0.0
31,2017,Netherlands,1949060784.8,2049502094.0,1993919703.6,2042536115.507456,2042536115.507456,2765119397.591202,0.4275037811193087,0.2613208249572207,0.0
73,2017,United Kingdom,2777383629.7,3057299624.3,2839119137.5,3059299432.775651,3059299432.775651,3418922796.446605,0.5450129573145821,0.1051861609875257,0.0
29,2017,Sweden,2776541488.8,3153013731.6,2822114102.8,3164925080.583071,3164925080.583071,3656623238.037127,0.5381674464044074,0.1344678205671522,0.0
68,2017,Denmark,3388808783.1,3500669518.9,3453146768.9,3504229023.7711763,3504229023.7711763,3809611345.831683,0.5826630857461684,0.0801610175785105,0.0
67,2017,United Kingdom,2394907169.6,2549553545.8,2481626887.2,2526811910.421167,2526811910.421167,3524515215.4769063,0.4184966967306411,0.2830753292465894,0.0
23,2017,Netherlands,3120191631.1,3245967004.8,3205595145.5,3246405035.089803,3246405035.089803,3823074969.888981,0.5241632413158639,0.1508392954208594,0.0
65,2017,Netherlands,3086365428.0,3209864881.8,3148289571.1,3189394059.83898,3189394059.83898,3823074969.888981,0.5149582723563382,0.1657516305698818,0.0
20,2017,Netherlands,3438614808.4,3574600287.0,3527001516.7,3585083019.648013,3585083019.648013,4182435375.93398,0.5383654222200884,0.1428240492903184,0.0
25,2017,Sweden,3010705265.2,3402136710.5,3036000935.4,3425721084.5424128,3425721084.5424128,4085079459.109581,0.5188599728193404,0.1614064992289984,0.0
59,2017,Denmark,2989053180.9,3134654320.7,3043645952.2,3099396293.708973,3099396293.708973,4163129624.499597,0.4644264405581654,0.2555129017676175,0.0
60,2017,Denmark,3667856754.1,3844288797.3,3779569962.2,3855302570.738778,3855302570.738778,4204587660.228463,0.5783879276792454,0.0830723765837019,0.0
61,2017,Denmark,3284069702.5,3442555696.6,3359091454.7,3450265585.665848,3450265585.665848,4144006680.113072,0.5215032626459867,0.1674082954007918,0.0
55,2017,United Kingdom,3309774878.8,3630035822.4,3367773091.9,3656691250.9679737,3656691250.9679737,4494592450.744756,0.4966333174386352,0.1864242885109508,0.0
27,2017,Denmark,3682227568.1,3837589776.6,3769138520.2,3835135018.0251074,3835135018.0251074,4705574691.818702,0.5137880612484955,0.1849805243357363,0.0
51,2017,United Kingdom,3595544646.0,3926077186.9,3678448778.0,3938011807.2640295,3938011807.2640295,4554416496.216575,0.5188209450291266,0.1353421869661244,0.0
49,2017,France,3155912084.3,3241572897.3,3131024693.2,3242795260.7338305,3242795260.7338305,4579692251.589076,0.389835888412359,0.2919185214664511,0.0
43,2017,Denmark,4404056290.8,5130863108.3,4565535756.9,5169837870.433116,5169837870.433116,5721994630.129808,0.5627052790847878,0.0964972523373665,0.0
36,2017,United Kingdom,3920905556.2,3961223232.5,3844719253.9,3970415069.6509447,3970415069.6509447,4907369336.354885,0.4225122345103143,0.1909280110145316,0.0
30,2017,United Kingdom,4580674126.9,4876383616.5,4705538505.3,4906127210.974569,4906127210.974569,6192911631.789976,0.4559644393181128,0.207783430044436,0.0
7,2017,Netherlands,5503204583.7,5768410375.9,5639382839.6,5766388163.70694,5766388163.70694,6671266609.46783,0.5306055971816065,0.1356381776852825,0.0
26,2017,United Kingdom,5456290838.7,5797631473.3,5512192044.6,5807866825.148243,5807866825.148243,6620976610.830229,0.5016902048225077,0.1228081344301905,0.0
16,2017,Netherlands,6627245549.1,6888665469.6,6778574426.0,6903987822.575443,6903987822.575443,7635433159.392694,0.5661270920315211,0.0957961809825375,0.0
18,2017,Germany,6440917713.8,6698004508.3,6602537092.1,6698020651.056972,6698020651.056972,7597299381.16787,0.5355922803188413,0.1183682102011174,0.0
22,2017,Germany,5139592926.3,5916010739.9,5258310501.7,5904115291.41001,5904115291.41001,7579387350.403664,0.4511752405158772,0.2210300096226684,0.0
17,2017,United Kingdom,6041059666.9,6271436965.9,6020498862.2,6296488796.170551,6296488796.170551,7859074356.400246,0.4353816067051965,0.1988256490991412,0.0
11,2017,Germany,8466149786.0,8983468239.0,8750924926.4,8992556587.196724,8992556587.196724,10602319792.076187,0.5265949467814066,0.1518312252835974,0.0
13,2017,United Kingdom,6971620265.9,7134373425.5,7304152218.3,7174380638.191248,7174380638.191248,9574530584.692848,0.4036923816919546,0.2506806913687035,0.0
2,2017,Belgium,7826631619.4,8120479234.1,7858928912.6,8161728506.601526,8161728506.601526,10772010725.726368,0.4259347970663444,0.2423207965148797,0.0
9,2017,United Kingdom,9292065219.9,9900466167.0,9344176550.8,9881658907.347733,9881658907.347733,12041808172.956017,0.5003472934817785,0.1793874503382004,0.0
58,2018,France,65244125.5,66707271.9,61780966.0,66235665.8023276,66235665.8023276,66731139.7442524,0.4159486674348631,0.0074249285089944,0.0
5,2018,United Kingdom,144238762.1,150524556.4,143204797.1,149805028.2035293,149805028.2035293,150574717.58497065,0.6034442223707122,0.0051116774036585,0.0
162,2018,United Kingdom,191203552.3,191820713.3,191971971.3,189512225.5807026,189512225.5807026,195856107.25847483,0.4707793456234073,0.0323905226473233,0.0
163,2018,Sweden,169486451.7,176658031.2,165047642.0,162911535.9256297,162911535.9256297,193311664.40808168,0.4057572501261015,0.1572596696404059,0.0
164,2018,United Kingdom,239932528.0,243851434.2,240045948.1,240943163.3622045,240943163.3622045,247933966.7532684,0.5939681088677543,0.0281962309666944,0.0
157,2018,Denmark,250774669.5,256289956.8,244108689.0,247517256.9651277,247517256.9651277,280138074.4553029,0.4355704377663881,0.1164454976482674,0.0
158,2018,Ireland,268914667.0,262939653.8,269514916.5,260890088.39992988,260890088.39992988,280791708.02056193,0.4606354298425585,0.0708768067295444,0.0
152,2018,Denmark,407143337.2,419321010.5,400422479.1,402883682.891633,402883682.891633,441915888.59780246,0.4910221607454394,0.0883249657078827,0.0
153,2018,Denmark,253294713.6,298271455.8,249335560.6,245976100.6827093,245976100.6827093,374631163.5372133,0.3031128782288469,0.3434179411017533,0.0
154,2018,Denmark,384520684.2,419058501.2,381716179.5,394908916.0380252,394908916.0380252,439927619.68223137,0.4871809968394093,0.1023320692543107,0.0
148,2018,Finland,346645817.1,366889458.3,343661024.1,351183640.00235736,351183640.00235736,398540039.1256655,0.401178505337519,0.118824696327126,0.0
149,2018,Sweden,294214001.9,307415923.0,288197497.2,275983240.72393537,275983240.72393537,333271030.2194745,0.3137349696180788,0.171895497360849,0.0
150,2018,United Kingdom,410793353.0,419360819.9,408037810.1,408681015.95778114,408681015.95778114,449845388.1495341,0.4630788935875053,0.0915078230791363,0.0
144,2018,Sweden,598281816.6,616904598.3,586764333.6,595357576.504883,595357576.504883,660049689.1857036,0.4573481874576596,0.0980109736293195,0.0
142,2018,Germany,599089351.7,639050669.7,569055799.2,587701676.8872458,587701676.8872458,754941991.9430918,0.394181977066311,0.2215273714280987,0.0
137,2018,Germany,709316225.6,734044370.8,677579167.9,696595836.8688828,696595836.8688828,810042683.734563,0.4092182374425074,0.1400504555422351,0.0
128,2018,United Kingdom,831223905.0,893966048.4,827368021.6,807886458.3451412,807886458.3451412,1113038173.3549423,0.3694039590055515,0.2741610506403447,0.0
121,2018,Germany,1147828272.0,1194741297.4,1112504687.5,1163463220.4100497,1163463220.4100497,1473940507.4836054,0.4721464249695843,0.2106443818438914,0.0
122,2018,United Kingdom,895514044.1,1069400511.3,884372441.5,927749733.0495844,927749733.0495844,1309746657.2508392,0.3796340670470515,0.2916571094772382,0.0
123,2018,United Kingdom,996802420.2,1106906267.0,964070701.9,999077486.50738,999077486.50738,1253835740.2156675,0.4273945441937799,0.2031831168446894,0.0
116,2018,United Kingdom,1395932479.1,1416383797.8,1377925398.0,1438200447.7999892,1438200447.7999892,1573610261.0191276,0.504313222455989,0.0860504132271239,0.0
113,2018,Netherlands,1282877310.8,1365347244.9,1221126438.9,1311850440.9176877,1311850440.9176877,1530430682.4099245,0.4449363861476352,0.1428226995214477,0.0
15,2018,Netherlands,1552300549.6,1705025800.2,1484199619.2,1607407770.2880735,1607407770.2880735,1985863209.65529,0.4460561023110427,0.1905747775210104,0.0
102,2018,United Kingdom,1281028425.0,1327279500.0,1242830799.6,1257396363.8345597,1257396363.8345597,1635601642.2945025,0.3493641087590118,0.2312331246680443,0.0
10,2018,United Kingdom,2020558753.2,2070526401.2,2032298635.8,2017102512.113192,2017102512.113192,2199902972.9047747,0.5394937821254471,0.0830947832895609,0.0
99,2018,Sweden,940474174.1,1144453223.2,905880871.4,893470959.4334357,893470959.4334357,1711337611.8455756,0.2303995336245811,0.4779107563294419,0.0
100,2018,Netherlands,1490100377.5,1567957461.3,1399019773.8,1441339250.6217082,1441339250.6217082,1808139206.6992576,0.3675835604678531,0.2028604626892304,0.0
96,2018,United Kingdom,1531914135.5,1610480370.4,1487999403.1,1569730151.8699448,1569730151.8699448,1995390484.568529,0.3881627477423207,0.2133218214632443,0.0
87,2018,United Kingdom,2195067063.8,2366153012.5,2129292897.2,2297835731.512269,2297835731.512269,2574203895.419297,0.5034079366931904,0.1073606346407972,0.0
84,2018,United Kingdom,1925424772.0,1970344251.9,1890699426.2,1865091279.920562,1865091279.920562,2206442626.0914907,0.4142410387103324,0.1547066495790108,0.0
83,2018,United Kingdom,1501010657.8,1856737820.4,1479564666.0,1483589256.534274,1483589256.534274,2296148696.3707147,0.3275176070763111,0.3538792766865532,0.0
31,2018,Netherlands,1988965113.7,2261073940.1,1915387327.5,2091091095.477258,2091091095.477258,2858018703.5878115,0.4239844070310742,0.2683424034796524,0.0
80,2018,United Kingdom,2512580734.0,2636006336.3,2493897649.6,2602071355.328544,2602071355.328544,2821680270.1712213,0.5406115173540563,0.0778291279718065,0.0
73,2018,United Kingdom,2723950259.8,2948936997.1,2698454669.2,2900304396.310993,2900304396.310993,3240261585.534496,0.5270683710955135,0.1049165878277153,0.0
68,2018,Denmark,3360889682.5,3341855595.7,3339885195.9,3429659003.5593734,3429659003.5593734,3725430994.140831,0.574389880950362,0.0793926906837443,0.0
67,2018,United Kingdom,2346418206.2,2557537583.9,2335904527.6,2399738644.974613,2399738644.974613,3282101401.5541806,0.4034503206055462,0.2688407969850475,0.0
23,2018,Netherlands,3120831065.8,3326777355.6,3065075730.2,3169581162.082947,3169581162.082947,3774180216.7997775,0.513812549071197,0.1601934777850872,0.0
65,2018,Netherlands,3064199750.1,3268362675.5,3015586926.5,3134404003.3045893,3134404003.3045893,3774180216.7997775,0.5081100714576842,0.1695139544866966,0.0
20,2018,Netherlands,3413122024.2,3642331303.6,3384771343.7,3502895868.9893146,3502895868.9893146,4091702617.814407,0.528818820801527,0.1439026253427002,0.0
25,2018,Sweden,3006243383.5,3026423127.6,2898355963.4,2977753939.1077213,2977753939.1077213,3713853597.448191,0.4529867864043631,0.198203736099411,0.0
59,2018,Denmark,2949581313.1,3424261982.4,2906821148.5,3061850671.373012,3061850671.373012,4039954628.090352,0.4615669728914935,0.2421076588129111,0.0
60,2018,Denmark,3668229695.8,3824536980.3,3647206253.6,3764737944.796244,3764737944.796244,4113356640.26576,0.5669786061440126,0.0847528493048423,0.0
61,2018,Denmark,3280868510.3,3511706869.2,3238229973.3,3348843469.6286573,3348843469.6286573,4066102887.164039,0.5055010671459753,0.1763997216596859,0.0
55,2018,United Kingdom,3242588160.6,3603997710.5,3211542373.5,3436728702.5806627,3436728702.5806627,4226291791.2414174,0.4756849604944999,0.1868217169238169,0.0
51,2018,United Kingdom,3532314583.0,3789108724.1,3458484187.8,3686028491.2579927,3686028491.2579927,4258238790.829406,0.4942143435363796,0.134377222058033,0.0
49,2018,France,3108648728.6,3596976955.5,3010490795.6,3226591768.6302614,3226591768.6302614,4468139195.222875,0.3953279687508361,0.2778667745893005,0.0
43,2018,Denmark,4315111266.2,4635905853.7,4281595767.3,4516433623.078917,4516433623.078917,5085806972.2195,0.5015851972252116,0.1119533934832179,0.0
36,2018,United Kingdom,3838141830.9,4051888476.4,3757785874.5,3973330268.0548286,3973330268.0548286,4855698638.307805,0.430204058507959,0.1817181081403517,0.0
30,2018,United Kingdom,4493089744.9,4927132200.3,4383971476.5,4633717321.435495,4633717321.435495,5808323149.933271,0.4376786805587115,0.2022280438221262,0.0
29,2018,Sweden,5052820571.4,5034700695.9,4858384470.7,4985004178.843851,4985004178.843851,5945992714.7654295,0.4674298859363124,0.1616195279780946,0.0
27,2018,Denmark,5711002465.9,6064959339.2,5689794419.3,5870806732.733314,5870806732.733314,6808386702.496883,0.5324014474190524,0.137709564795978,0.0
26,2018,United Kingdom,5425072014.1,5813017273.1,5291812235.6,5642499395.659341,5642499395.659341,6391280226.623268,0.4916268249799028,0.1171566265933443,0.0
16,2018,Netherlands,6572435366.5,6865281459.9,6513742186.9,6735215822.193938,6735215822.193938,7478022100.153406,0.5543592826231374,0.0993319179872749,0.0
18,2018,Germany,6439102721.8,6881660613.2,6298225801.7,6640958674.352471,6640958674.352471,7633614573.709976,0.5341899522719078,0.1300374664940764,0.0
22,2018,Germany,5149560786.1,5540806257.3,4909326998.7,5211328866.888975,5211328866.888975,6956571315.030218,0.3986759733811246,0.2508768140377587,0.0
17,2018,United Kingdom,5917954734.5,6312498064.6,5732465344.4,6127895248.665634,6127895248.665634,7545593125.06763,0.431397613380428,0.1878842196900577,0.0
11,2018,Germany,8504463668.4,9214648460.2,8395461518.6,8832527050.137556,8832527050.137556,10546728435.69262,0.5153406839372641,0.1625339455744212,0.0
13,2018,United Kingdom,6720086839.6,6940166642.5,6665129115.9,6563725433.919494,6563725433.919494,8737185154.296839,0.3833850999196571,0.2487597186043911,0.0
7,2018,Netherlands,10416422776.1,11252415527.6,10229471394.4,10758013355.381838,10758013355.381838,12713203301.967716,0.5184319912034295,0.1537920774289245,0.0
9,2018,United Kingdom,9912976580.4,10514940709.9,9763545426.6,10144191865.660423,10144191865.660423,12122760646.123966,0.4789867367785552,0.1632110736341357,0.0
2,2018,Belgium,9196929302.7,10253160250.2,8820233710.5,9680817504.827663,9680817504.827663,12696034093.59332,0.4334615476327594,0.2374927923584576,0.0
58,2019,France,65812200.2,69984933.2,63743954.3,69530940.84362122,69530940.84362122,70008249.81856717,0.4343512046702975,0.006817896121999,0.0
162,2019,United Kingdom,194591625.8,193877768.7,196666678.9,191193296.6195064,191193296.6195064,198030172.34532827,0.4685536003418855,0.0345244143599472,0.0
163,2019,Sweden,172691344.9,207459152.8,171128980.0,193833975.02624872,193833975.02624872,224419333.9205456,0.4736321931001801,0.1362866485697949,0.0
164,2019,United Kingdom,244337812.4,252244646.4,244637543.6,248932123.3282879,248932123.3282879,256633185.9959362,0.6015759384443884,0.0300080546393958,0.0
157,2019,Denmark,253990099.6,281046311.4,257650749.6,269066274.4564326,269066274.4564326,303624584.6485592,0.4669911214683732,0.1138192094428958,0.0
158,2019,Ireland,267005130.6,266310229.3,272802311.2,267513035.9733296,267513035.9733296,285016671.64000696,0.4746757917797782,0.0614126730410545,0.0
152,2019,Denmark,414168778.1,439200506.3,415773558.4,423784785.1970452,423784785.1970452,464569736.0908327,0.506434972749815,0.0877908045344848,0.0
153,2019,Denmark,258467123.1,319588825.4,267822118.8,265900532.56529757,265900532.56529757,401501614.3254104,0.3222255605493184,0.3377348357314709,0.0
154,2019,Denmark,395915725.9,449009517.0,409011948.9,431392268.3021168,431392268.3021168,470694671.460534,0.5211310320151205,0.0834987212335854,0.0
148,2019,Finland,350315943.9,387062536.1,345215461.0,366988545.1643371,366988545.1643371,422727113.0336596,0.4125459999374272,0.1318547264908563,0.0
149,2019,Sweden,301676691.2,345572481.3,311430091.5,316507861.88332576,316507861.88332576,374514099.5465826,0.352702157261501,0.1548839889699319,0.0
150,2019,United Kingdom,421299645.9,416880767.3,421875794.4,408482633.4355128,408482633.4355128,452408066.3835564,0.4528080094838909,0.0970925061066508,0.0
144,2019,Sweden,609657679.0,692036681.2,602664801.2,656787817.5211706,656787817.5211706,736035747.0132,0.4984728426845557,0.1076685878554322,0.0
142,2019,Germany,597169957.1,670268036.0,602086370.4,618066397.0964603,618066397.0964603,785618163.878175,0.4159542345356082,0.2132737944278192,0.0
137,2019,Germany,720199103.9,821770625.2,720835020.3,781294033.8434004,781294033.8434004,901039326.3206933,0.4528295740271018,0.1328968547535668,0.0
128,2019,United Kingdom,851186398.3,917275104.4,850932375.7,815607689.7426122,815607689.7426122,1156013192.7033353,0.367713843124642,0.2944650676214908,0.0
121,2019,Germany,1165445141.4,1229692694.8,1192925061.6,1215499000.9298687,1215499000.9298687,1509320171.270795,0.4842432576111982,0.1946712009377965,0.0
122,2019,United Kingdom,904461757.1,1056951163.2,929971598.1,924734438.6404408,924734438.6404408,1314783036.2499692,0.3756792356857366,0.2966638501223951,0.0
123,2019,United Kingdom,1020143668.0,1127374781.5,991228025.0,1020239939.1358676,1020239939.1358676,1292482371.9694288,0.4265395456063663,0.2106353159917607,0.0
116,2019,United Kingdom,1400383757.1,1435350964.4,1422081947.5,1457611344.8141172,1457611344.8141172,1601033238.96443,0.5070128856009313,0.0895808348383073,0.0
113,2019,Netherlands,1303147286.6,1403516045.5,1297482342.4,1340232820.3681068,1340232820.3681068,1567462711.918005,0.4508742818780384,0.1449666967017361,0.0
15,2019,Netherlands,1565226128.8,1736322600.8,1573832895.9,1649272208.2312262,1649272208.2312262,2011030157.656425,0.4546204885140377,0.1798868843651639,0.0
102,2019,United Kingdom,1300357661.0,1344623855.0,1310354143.0,1282362534.871437,1282362534.871437,1668263687.5685277,0.3522490138364063,0.2313190388142635,0.0
99,2019,Sweden,951160886.3,1294226792.8,970322889.0,998242586.2599336,998242586.2599336,1904118344.175301,0.2539282118080824,0.4757455127127166,0.0
100,2019,Netherlands,1504209871.0,1640129319.3,1495858023.6,1504946655.7242606,1504946655.7242606,1879187990.225528,0.3824009675276102,0.1991505567552895,0.0
96,2019,United Kingdom,1540529410.5,1624425790.7,1551486714.0,1556335185.6007023,1556335185.6007023,2025427436.023124,0.3811744270391139,0.231601607680141,0.0
87,2019,United Kingdom,2214145539.3,2385938846.6,2219680373.8,2320976243.610303,2320976243.610303,2604216236.782646,0.5050079730740098,0.1087620871000594,0.0
84,2019,United Kingdom,1924933772.7,2026705863.5,1938290382.9,1907826561.411762,1907826561.411762,2281042763.3242745,0.4185923140104618,0.1636164862462317,0.0
83,2019,United Kingdom,1538452070.0,1759884807.1,1474445493.9,1383302777.7804875,1383302777.7804875,2200272351.231987,0.2971968584768477,0.3713038401787206,0.0
48,2019,United Kingdom,2486760998.9,2672342973.9,2496928186.9,2613374282.441893,2613374282.441893,2839835850.6791024,0.5372935391002174,0.0797445979784551,0.0
31,2019,Netherlands,2017215374.1,2299142303.5,2039635555.8,2115064727.5321884,2115064727.5321884,2900861009.061629,0.4269235653651828,0.2708838096947051,0.0
80,2019,United Kingdom,2589965120.8,2730526906.1,2562555861.1,2689904314.823471,2689904314.823471,2934535395.4692574,0.5446032383429444,0.0833627977442295,0.0
73,2019,United Kingdom,2737709680.8,2934921369.1,2774638107.8,2884457858.384964,2884457858.384964,3237329161.558404,0.522407594061901,0.1090007489394661,0.0
68,2019,Denmark,3395938090.0,3516514740.1,3442094007.7,3611785816.842671,3611785816.842671,3932125458.056559,0.5975424883930036,0.0814672992077456,0.0
67,2019,United Kingdom,2364367855.4,2576307139.2,2394609570.0,2364955279.2937098,2364955279.2937098,3339297898.4115257,0.3944076900603563,0.2917806822749483,0.0
23,2019,Netherlands,3186549868.3,3423040543.0,3222749717.5,3269890473.3422623,3269890473.3422623,3895070499.873072,0.517674419906952,0.1605054456783727,0.0
65,2019,Netherlands,3138978900.3,3363148181.0,3165782730.1,3217296122.8234954,3217296122.8234954,3895070499.873072,0.5093479178063002,0.1740082437716243,0.0
25,2019,Sweden,3054817763.3,3396846278.8,3031893345.3,3347498135.7744417,3347498135.7744417,4100205849.160508,0.5034740307686262,0.1835780302445494,0.0
59,2019,Denmark,2996479311.9,3604858401.0,3041997171.0,3206381753.4084,3206381753.4084,4278979562.616817,0.4768562988412254,0.2506667287170842,0.0
60,2019,Denmark,3708266419.4,4037428481.6,3761418694.4,3970702827.083457,3970702827.083457,4350324484.6701,0.5915121599159004,0.0872628372721102,0.0
61,2019,Denmark,3338590931.9,3713397431.2,3398478834.7,3539861077.60514,3539861077.60514,4297429681.965773,0.5248904326223517,0.176284118746557,0.0
10,2019,United Kingdom,3813126873.4,4071918972.8,3781614509.0,3950761273.68768,3950761273.68768,4403642937.176522,0.5479010797379014,0.1028425033432015,0.0
55,2019,United Kingdom,3258196669.2,3583534035.5,3287939595.8,3379689250.7887077,3379689250.7887077,4226843335.622842,0.4665965212981836,0.2004223997834316,0.0
51,2019,United Kingdom,3558837471.4,3802298738.6,3563159544.5,3689684515.970809,3689684515.970809,4290339559.9266815,0.4928404484257555,0.1400017494107477,0.0
49,2019,France,3156427471.9,3632030697.4,3166636183.8,3276054626.601125,3276054626.601125,4536169284.892951,0.3940734348413718,0.2777926878717807,0.0
43,2019,Denmark,4399484873.9,4889498954.2,4450507926.4,4772215396.033033,4772215396.033033,5361762996.110847,0.520937010732983,0.109954058115855,0.0
36,2019,United Kingdom,3886649223.8,4114655661.9,3847848228.9,4013273231.1794577,4013273231.1794577,4892585711.370894,0.4297252891244456,0.1797234697693328,0.0
30,2019,United Kingdom,4478068310.3,4932542561.1,4546942151.1,4623052845.90606,4623052845.90606,5865585857.041824,0.4349225602003895,0.211834425651457,0.0
29,2019,Sweden,5157105339.9,5739909980.9,5141947572.0,5672805057.091562,5672805057.091562,6700724813.319846,0.5205415963174121,0.1534042636977066,0.0
27,2019,Denmark,6028072157.0,6670111440.9,6103470218.1,6457862827.534456,6457862827.534456,7495397921.289181,0.5576940465487052,0.1384229502756369,0.0
26,2019,United Kingdom,5430481893.9,5844834046.5,5472677087.5,5691460125.278431,5691460125.278431,6451458735.473209,0.4952282447208143,0.1178025995913051,0.0
18,2019,Germany,6517012521.6,7076865053.5,6627662369.6,6837510000.312078,6837510000.312078,7831211693.429174,0.5399656949782339,0.1268899031232762,0.0
22,2019,Germany,5212012520.4,6150638717.9,5239812978.7,5787352578.348051,5787352578.348051,7595792139.722898,0.4362943234192212,0.2380843930572355,0.0
20,2019,Netherlands,7317124824.8,7843925020.0,7385624591.1,7581344478.19773,7581344478.19773,8914798547.80724,0.5383288547911456,0.1495775885970521,0.0
5,2019,United Kingdom,7958791274.6,8356317813.7,8025910786.3,8353592217.216793,8353592217.216793,8881654070.225313,0.5766172312474145,0.0594553501896436,0.0
17,2019,United Kingdom,5979656449.8,6353951770.5,5968158320.1,6157419401.119192,6157419401.119192,7648370200.698113,0.4285658187659086,0.1949370598513698,0.0
16,2019,Netherlands,8050802758.3,8514117149.4,8176543398.4,8356010924.108507,8356010924.108507,9399800437.788454,0.5564708581805975,0.111043795087795,0.0
11,2019,Germany,8653359817.1,9645766000.4,8901011648.7,9293279834.800732,9293279834.800732,11026773036.304998,0.5308843865851178,0.1572076613708147,0.0
13,2019,United Kingdom,6754994862.7,7135035903.8,6821543349.8,6746586465.631087,6746586465.631087,9041662334.895302,0.3900493714501907,0.2538333974723455,0.0
9,2019,United Kingdom,10205274797.8,10858405262.3,10016197344.8,10463113434.222515,10463113434.222515,12643692653.116436,0.4822506862525023,0.1724637950888855,0.0
7,2019,Netherlands,11305209952.5,12277270001.4,11475176168.8,11771455683.22325,11771455683.22325,13915837258.2385,0.5208910641821827,0.1540964826780886,0.0
2,2019,Belgium,11023140021.8,12278600990.5,11065154446.0,11721432539.44722,11721432539.44722,15041941027.180883,0.4465072898814165,0.2207500003977867,0.0
58,2020,France,66005331.4,77687273.3,66300803.9,77204455.23642796,77204455.23642796,77709389.1010358,0.4798884587047984,0.0064977201654659,0.0
170,2020,Portugal,92477726.5,106071437.8,92901551.8,104830526.31366529,104830526.31366529,106733874.5912455,0.4692293376020109,0.0178326542053252,0.0
162,2020,United Kingdom,195315775.5,207936278.3,199892025.9,206902809.66043815,206902809.66043815,211919464.55795032,0.5053805805091309,0.0236724592900257,0.0
163,2020,Sweden,174639197.1,220741490.5,176983471.5,206832400.9120429,206832400.9120429,236383596.1811809,0.5020813227625752,0.125013730844876,0.0
164,2020,United Kingdom,242492322.4,244367770.5,243956340.8,241464699.6968003,241464699.6968003,248401474.75760972,0.5891538360297677,0.0279256597312007,0.0
157,2020,Denmark,255936326.8,282689510.3,257685195.2,270068515.80180943,270068515.80180943,305051290.86264724,0.4668588642680982,0.1146783380654146,0.0
158,2020,Ireland,270439050.3,293683224.2,272956033.5,295562096.3582753,295562096.3582753,311956217.2840169,0.5173138522740842,0.0525526340474111,0.0
152,2020,Denmark,412028668.2,451184310.1,418021280.8,437183747.98326033,437183747.98326033,473621118.6978784,0.5256507730951789,0.0769335852564913,0.0
153,2020,Denmark,256191152.3,331106723.5,261946120.0,271165723.3672504,271165723.3672504,409915893.5624645,0.3316606205568131,0.3384844851693237,0.0
154,2020,Denmark,392510415.2,449539795.9,397587462.0,416706358.8611196,416706358.8611196,470837029.0601552,0.5050986168013571,0.1149668926997662,0.0
148,2020,Finland,357889366.7,438629378.4,360484565.7,420651366.1272304,420651366.1272304,471811104.60719377,0.4640338949677668,0.1084326714237818,0.0
149,2020,Sweden,301525490.4,354737959.6,297543486.6,315803535.1208039,315803535.1208039,383452371.00777423,0.3526521592397671,0.1764204396733246,0.0
150,2020,United Kingdom,412830710.5,417617765.4,414344955.6,405219499.3489429,405219499.3489429,447327477.1223626,0.4579010106208745,0.0941323301763137,0.0
144,2020,Sweden,609697624.3,728418475.4,636532529.8,711052869.6862262,711052869.6862262,772000537.4214076,0.5395265795239668,0.0789477011748661,0.0
142,2020,Germany,590857066.1,679788195.5,600133460.5,632286389.3151032,632286389.3151032,789732342.6637454,0.4271801243903301,0.1993662217474611,0.0
137,2020,Germany,728085586.2,815820123.8,716464164.2,770286385.0461631,770286385.0461631,890639943.2336779,0.4451493209929282,0.1351315524324486,0.0
128,2020,United Kingdom,838676180.0,996008664.3,868846470.2,921943197.2767122,921943197.2767122,1208782629.8299625,0.4182514005828262,0.237296123781659,0.0
121,2020,Germany,1148753388.5,1263482936.8,1158932869.8,1234179283.218207,1234179283.218207,1512267082.0230703,0.5014542837714151,0.1838880195903259,0.0
122,2020,United Kingdom,909377002.1,1171208665.2,939198604.4,1041762389.1579332,1041762389.1579332,1402615500.6896708,0.423016359750653,0.257271583947493,0.0
123,2020,United Kingdom,1027776772.2,1237723995.6,1030765994.2,1142167493.238256,1142167493.238256,1386054381.150243,0.4717166370289745,0.175957661711363,0.0
116,2020,United Kingdom,1415336016.1,1539359401.2,1449696571.6,1563622690.8039908,1563622690.8039908,1688034305.2658606,0.539487187815133,0.0737020652209288,0.0
113,2020,Netherlands,1278530503.1,1504961075.1,1302706182.7,1448676309.399679,1448676309.399679,1645542518.4042945,0.4932100575368982,0.1196360512127752,0.0
15,2020,Netherlands,1553732133.2,1888005075.2,1579821344.8,1798083616.4518995,1798083616.4518995,2124016201.718204,0.5000065672035137,0.1534510824364919,0.0
102,2020,United Kingdom,1310656217.4,1594999379.0,1364796978.1,1522226109.9353552,1522226109.9353552,1898211229.7707431,0.4140928741272167,0.1980733829505358,0.0
99,2020,Sweden,954311179.0,1337806113.0,980094533.9,1061121967.7426112,1061121967.7426112,1911450921.871253,0.2688072429633317,0.444860469290101,0.0
100,2020,Netherlands,1484266209.1,1749197431.4,1484454066.5,1601655043.201281,1601655043.201281,1968054289.2399068,0.4125085103229903,0.1861733429010918,0.0
96,2020,United Kingdom,1556940941.0,1885931891.6,1604536296.9,1810447284.1270428,1810447284.1270428,2260155810.068233,0.4401233217763566,0.1989723557720623,0.0
87,2020,United Kingdom,2228355376.8,2632603244.2,2279484681.0,2571120115.6520867,2571120115.6520867,2819110735.144769,0.5546371008464964,0.0879676759061213,0.0
84,2020,United Kingdom,1963382102.6,2256214210.4,2001608989.0,2152546876.9870467,2152546876.9870467,2494802780.503566,0.4665675846061077,0.1371875589490228,0.0
83,2020,United Kingdom,1541875877.3,2051802629.6,1529427390.7,1696281370.7212653,1696281370.7212653,2447446684.932493,0.3640307509295119,0.3069179479314978,0.0
31,2020,Netherlands,2012184439.6,2440740987.1,2057546536.7,2289923336.741902,2289923336.741902,2960332929.5872345,0.4635660020126122,0.2264642554710254,0.0
80,2020,United Kingdom,2574594210.8,2863573639.0,2575789658.4,2820215887.983245,2820215887.983245,3044396849.611009,0.5721679626665135,0.073637233482359,0.0
73,2020,United Kingdom,2732707707.2,3113234193.6,2791083674.4,3081540328.007839,3081540328.007839,3382864179.106035,0.558372456282598,0.0890735882803975,0.0
68,2020,Denmark,3376516800.1,3392196912.1,3394837681.7,3456856331.450074,3456856331.450074,3753506228.707561,0.5752683140709578,0.0790327441016746,0.0
67,2020,United Kingdom,2402529505.4,2836494379.6,2439247414.8,2650451993.0693946,2650451993.0693946,3520757265.268795,0.4384441679615483,0.2471926368752252,0.0
23,2020,Netherlands,3124496183.9,3438052428.9,3165104604.0,3310495211.788773,3310495211.788773,3855154968.286877,0.5321911762380473,0.1412808981684425,0.0
65,2020,Netherlands,3103649844.4,3390390752.7,3122609870.7,3276704717.701836,3276704717.701836,3855154968.286877,0.5267590575840906,0.1500459139369146,0.0
25,2020,Sweden,3041169943.7,3291649466.6,2993289174.9,3237062733.072706,3237062733.072706,3942444430.602945,0.4872159441710876,0.1789198833228347,0.0
59,2020,Denmark,2974822362.8,3539350087.0,2973092633.4,3132266468.213072,3132266468.213072,4120587813.7061625,0.4705363640507558,0.2398496016043326,0.0
60,2020,Denmark,3686049473.4,3883818769.5,3702002336.3,3819363623.1113,3819363623.1113,4154828696.183711,0.5741677124340498,0.0807410118690435,0.0
61,2020,Denmark,3299683965.8,3632008113.1,3322613209.7,3480480364.9833503,3480480364.9833503,4138158136.274469,0.5222809671343562,0.1589300721801843,0.0
10,2020,United Kingdom,3758675243.2,3999038384.6,3804427982.8,3890959640.50778,3890959640.50778,4313574619.071435,0.5439893019231752,0.0979732625222626,0.0
55,2020,United Kingdom,3257186264.4,3852167985.3,3307644313.5,3691095239.442708,3691095239.442708,4433262088.525036,0.5098366851170077,0.1674087464856493,0.0
51,2020,United Kingdom,3563119326.9,4085768199.4,3621910445.2,3998533878.656731,3998533878.656731,4523050851.754856,0.5317029614289878,0.1159653053413322,0.0
49,2020,France,3141074200.8,4144898825.4,3251327979.9,3810521171.014424,3810521171.014424,4944604807.888544,0.457807697928424,0.2293577911554875,0.0
48,2020,United Kingdom,4187985550.5,4841084490.2,4294237924.1,4756372562.201773,4756372562.201773,5180210665.100568,0.5665302338840696,0.0818187001069708,0.0
43,2020,Denmark,4364393059.4,5126830963.9,4453704711.9,5013448981.787352,5013448981.787352,5544576531.601929,0.5530330236700048,0.095792265971505,0.0
36,2020,United Kingdom,3908774448.2,4807243279.7,3971071173.3,4698370113.1242695,4698370113.1242695,5535318539.26898,0.5024586357819332,0.151201492778994,0.0
30,2020,United Kingdom,4513249433.1,5417173710.6,4607657112.8,5133701609.321654,5133701609.321654,6235864632.176106,0.4806877220240296,0.1767458224104897,0.0
29,2020,Sweden,5163046738.6,5611521655.8,5171112906.8,5545889230.21181,5545889230.21181,6501110395.781458,0.509569478715614,0.1469320019837667,0.0
27,2020,Denmark,5948447373.0,6464233174.3,6031170685.1,6266257202.929502,6266257202.929502,7187233530.411548,0.5455028939307243,0.1281405875550157,0.0
26,2020,United Kingdom,5494964675.8,6416769695.4,5602468232.0,6265097210.29279,6265097210.29279,6950098220.245715,0.5413172173610042,0.098559903507192,0.0
18,2020,Germany,6434693594.4,7114140754.9,6470769529.1,6884488316.172193,6884488316.172193,7794862518.890934,0.5525040942249756,0.1167915663056839,0.0
22,2020,Germany,5277242583.4,6108894776.9,5307437559.7,5814768089.8623,5814768089.8623,7488583433.7534895,0.4341977877701654,0.2235156166314122,0.0
20,2020,Netherlands,7198117841.5,7804112164.6,7304394852.0,7593279867.797956,7593279867.797956,8745719277.755196,0.5451887496803484,0.1317718272627933,0.0
5,2020,United Kingdom,7942517590.7,8514093550.7,8049615290.5,8520016711.795334,8520016711.795334,8976752131.461056,0.5896629730994711,0.0508798074155338,0.0
17,2020,United Kingdom,6062013508.6,7244520842.9,6209714607.1,7086104826.237043,7086104826.237043,8407492714.768025,0.4896846968012745,0.1571678898049977,0.0
16,2020,Netherlands,7966245708.8,8482146281.6,8020596253.4,8327040069.520033,8327040069.520033,9256536362.864838,0.5620029311156608,0.1004151290404623,0.0
11,2020,Germany,8598962444.7,9514483770.0,8716211670.1,9144590349.40368,9144590349.40368,10754552862.41285,0.5276569452691476,0.1497005532081196,0.0
13,2020,United Kingdom,6866080759.7,8014101398.1,6997110679.4,7656070713.64617,7656070713.64617,9791390610.026567,0.4384342677451521,0.2180813718322901,0.0
9,2020,United Kingdom,10236980748.2,11624632173.8,10230001330.3,11322235168.023449,11322235168.023449,13221804310.978683,0.5183397526113741,0.1436694340860827,0.0
7,2020,Netherlands,11731158472.6,13042793643.8,11818677513.3,12578992482.191376,12578992482.191376,14597269913.779982,0.5366803229125122,0.1382640345427421,0.0
2,2020,Belgium,20775898989.5,25063116813.0,21364319142.8,24605657778.32476,24605657778.32476,28855690064.549995,0.5219228855598216,0.1472857615505967,0.0
58,2021,France,66090869.0,69862716.8,63629889.1,69377748.65210518,69377748.65210518,69887700.02603029,0.4296367887794475,0.0072967256575215,0.0
93,2021,United Kingdom,86350889.6,83041032.6,85424491.5,82602316.83826888,82602316.83826888,83053889.24099052,0.5261294066131775,0.0054371012224527,0.0
155,2021,Italy,37711629.7,35356471.6,36902417.2,34608777.010929346,34608777.010929346,35613595.62308484,0.2764279313971992,0.0282144668230063,0.0
170,2021,Portugal,92443845.9,100434805.7,91041228.4,99201471.21555552,99201471.21555552,100991557.11452796,0.4451091273637345,0.017725104455439,0.0
40,2021,United Kingdom,230925043.3,227873262.6,229207947.7,226073423.3984897,226073423.3984897,229442342.7432749,0.5732084771766981,0.014683075950609,0.0
161,2021,United Kingdom,220796054.9,214263564.0,219639718.0,211448757.82281208,211448757.82281208,217630239.67108116,0.5413434660082235,0.0284035980367963,0.0
162,2021,United Kingdom,185890502.4,175032739.2,184806019.0,173182440.61485302,173182440.61485302,178672104.50488266,0.442582265818689,0.0307247955982945,0.0
163,2021,Sweden,172546107.0,198811097.8,170202873.1,183507985.5208261,183507985.5208261,216019782.63301405,0.4524358617377369,0.1505037951427843,0.0
164,2021,United Kingdom,233685771.3,229309580.6,234000575.0,226893967.08795947,226893967.08795947,233431538.71898308,0.5716653239807494,0.0280063768028101,0.0
157,2021,Denmark,252857675.6,252061827.3,246451198.9,238900611.78562692,238900611.78562692,272766301.42762536,0.4168640384331029,0.1241564279192464,0.0
158,2021,Ireland,260897361.1,241125050.0,256838072.5,237203291.765858,237203291.765858,257741344.42067543,0.4293738537503764,0.0796847424730432,0.0
152,2021,Denmark,405481959.7,401328979.4,398228540.3,385776910.52823,385776910.52823,423803288.9562134,0.47132182104854,0.0897264825896908,0.0
153,2021,Denmark,253604005.7,284892873.6,248940972.7,230435456.92421737,230435456.92421737,359806220.34776896,0.2842075196401299,0.3595567728053976,0.0
154,2021,Denmark,389373469.0,401723912.1,380667359.5,374657741.78209984,374657741.78209984,422293658.8485789,0.4575692987079871,0.1128028235052417,0.0
148,2021,Finland,348771392.5,388871113.4,338702052.3,371665841.3891386,371665841.3891386,422447667.7141379,0.4213993983867418,0.1202085612160661,0.0
149,2021,Sweden,293664918.7,297434640.3,281112398.1,260075258.1399236,260075258.1399236,323905148.9822291,0.294289336388444,0.1970635262911721,0.0
150,2021,United Kingdom,401199028.6,387536201.3,404938838.0,378177638.6562172,378177638.6562172,418487497.3337516,0.4407664786202998,0.0963227311075115,0.0
144,2021,Sweden,600890981.2,671617997.7,602246437.5,644633923.4429207,644633923.4429207,714926924.6336389,0.4936243594116949,0.0983219386047595,0.0
142,2021,Germany,587596517.0,602891384.8,567797180.3,555787309.893925,555787309.893925,708212407.9276257,0.3782564347897185,0.2152251165433936,0.0
137,2021,Germany,717512147.0,745346897.7,697381355.6,703534345.5076507,703534345.5076507,820300646.7266896,0.4100065536698607,0.1423457383399374,0.0
128,2021,United Kingdom,817242445.9,814244280.9,799786540.2,728116868.0037446,728116868.0037446,1018755564.9262996,0.3420508803595395,0.2852879600648669,0.0
121,2021,Germany,1146418744.8,1116957359.8,1133566087.4,1109313138.7534158,1109313138.7534158,1365643414.74414,0.4508853142923285,0.1876992729018863,0.0
122,2021,United Kingdom,906103098.8,1027857903.0,899150121.1,897473586.5305316,897473586.5305316,1264696655.480602,0.3642935486810081,0.2903645450145676,0.0
123,2021,United Kingdom,954406956.4,946929634.3,913719195.8,861632129.104409,861632129.104409,1082189473.6974463,0.3808150486627813,0.2038065883596829,0.0
116,2021,United Kingdom,1373777296.2,1302613462.0,1367862299.3,1323079348.9843192,1323079348.9843192,1448456443.7358048,0.4691853929978614,0.0865591059321864,0.0
113,2021,Netherlands,1261208144.6,1295776372.6,1257684869.0,1241938718.839801,1241938718.839801,1448269231.19245,0.42480356785556,0.1424669584278637,0.0
15,2021,Netherlands,1555512524.7,1633089226.7,1529497025.0,1536965749.033245,1536965749.033245,1895084464.1670904,0.4268732708145616,0.1889724294116051,0.0
102,2021,United Kingdom,1311666066.4,1343841402.6,1313587508.7,1285230201.1878123,1285230201.1878123,1652215024.352041,0.349879592521217,0.2221168659982082,0.0
99,2021,Sweden,935925490.6,1099455109.7,906258231.1,848483580.4846663,848483580.4846663,1662639777.272046,0.2182044347623406,0.4896768427633769,0.0
100,2021,Netherlands,1451625105.4,1491203079.6,1405713404.1,1337249927.2619183,1337249927.2619183,1710947277.8481004,0.3485907593171083,0.2184154681003322,0.0
96,2021,United Kingdom,1559524913.4,1604014785.5,1557240914.2,1545328846.8212545,1545328846.8212545,1996327411.1907551,0.3734933768752276,0.2259141270321446,0.0
87,2021,United Kingdom,2240891307.5,2365204522.8,2224459226.9,2295032019.00654,2295032019.00654,2587657261.2149944,0.491458383800417,0.1130850080474171,0.0
84,2021,United Kingdom,1871265070.9,1748594641.0,1808262483.7,1662027545.0176134,1662027545.0176134,1958482086.435934,0.3794193621700084,0.1513695445424327,0.0
83,2021,United Kingdom,1419706630.7,1529309618.1,1341182532.9,1207539990.8078165,1207539990.8078165,1912874518.400308,0.2820709255375677,0.3687301601896742,0.0
31,2021,Netherlands,2000114491.1,2110410480.1,1959618292.8,1956354800.9023535,1956354800.9023535,2670820068.5750995,0.3984104759087556,0.2675078250606068,0.0
80,2021,United Kingdom,2451676532.8,2294744612.0,2378737111.2,2262164480.5019674,2262164480.5019674,2478814717.320221,0.4813320738120701,0.0874007384676448,0.0
73,2021,United Kingdom,2706937547.3,2757763735.3,2683898262.1,2717556894.152357,2717556894.152357,3049024508.9840674,0.4959108773565277,0.1087126764166796,0.0
68,2021,Denmark,3317894126.3,3102078731.0,3244139166.1,3151460864.571331,3151460864.571331,3474119567.8341074,0.5343052952357535,0.0928749563630976,0.0
67,2021,United Kingdom,2323739064.0,2350077325.6,2301983880.8,2187550123.9878225,2187550123.9878225,3021066296.934678,0.3719304958995619,0.2759013179527314,0.0
23,2021,Netherlands,3090280229.0,3068236201.4,3008698721.6,2924587639.202564,2924587639.202564,3490662939.8656626,0.4769386234837839,0.1621684219917505,0.0
65,2021,Netherlands,3054915744.6,3013445789.5,2981134474.0,2904153949.769415,2904153949.769415,3490662939.8656626,0.4736063192709417,0.1680222353748137,0.0
59,2021,Denmark,2913457428.6,3190495422.9,2860499329.9,2822428496.5221114,2822428496.5221114,3798759056.7159095,0.4316167874544457,0.2570130259953502,0.0
60,2021,Denmark,3614821809.8,3557731056.2,3548486616.8,3490190492.425705,3490190492.425705,3844863289.7658615,0.5313931931220622,0.0922458799209359,0.0
61,2021,Denmark,3239662314.7,3318150307.1,3145281813.6,3166449564.913385,3166449564.913385,3851350356.10952,0.4838115091237906,0.1778339355986284,0.0
55,2021,United Kingdom,3212175252.0,3377333630.1,3173478678.2,3224520955.9154696,3224520955.9154696,3989810760.117734,0.4492127447584715,0.1918110532589975,0.0
54,2021,Netherlands,2994630872.0,3070391187.8,2961919512.0,2890759581.434748,2890759581.434748,3743870237.8186817,0.3999069777791416,0.2278686498709923,0.0
53,2021,United Kingdom,3734251312.7,3718125207.7,3679999972.1,3675502075.112845,3675502075.112845,3972215996.144399,0.5033141723650267,0.0746973279699688,0.0
51,2021,United Kingdom,3517379329.6,3573578035.5,3469513830.2,3486171756.528878,3486171756.528878,4038360835.860215,0.4694801438979851,0.1367359435610499,0.0
49,2021,France,3188648656.5,3619216718.5,3182202449.6,3284483025.18865,3284483025.18865,4521763222.720759,0.3908609845283523,0.2736278165373803,0.0
48,2021,United Kingdom,4248473131.4,4366757365.9,4201933967.0,4289163197.6072936,4289163197.6072936,4768159164.702825,0.5048093587561252,0.1004572101202885,0.0
43,2021,Denmark,4297765956.2,4397955102.4,4230986772.3,4281092011.516526,4281092011.516526,4824083203.492024,0.4755659247860528,0.1125584217914072,0.0
36,2021,United Kingdom,3875009345.9,3900553335.4,3854251263.2,3802912795.6940417,3802912795.6940417,4675338309.458159,0.4095406745454394,0.1866015796117276,0.0
30,2021,United Kingdom,4467892549.4,4649053737.9,4400779122.7,4378635042.040028,4378635042.040028,5510083496.242675,0.4161199865469642,0.2053414353837254,0.0
29,2021,Sweden,5077852618.3,5147431036.4,5001342454.5,5092354277.008609,5092354277.008609,6056516090.839277,0.473367430738912,0.1591941306469905,0.0
27,2021,Denmark,5886860058.7,5882248201.0,5806311604.9,5701153758.025275,5701153758.025275,6642949904.003377,0.5025265587092507,0.1417737841753898,0.0
26,2021,United Kingdom,5528737234.8,5753706684.5,5481904732.8,5589335563.399986,5589335563.399986,6373422756.799472,0.4784161228622773,0.1230245071320561,0.0
18,2021,Germany,6405186817.2,6419517066.1,6264732102.9,6222874816.63336,6222874816.63336,7112896114.180285,0.500803153492322,0.1251278358716047,0.0
25,2021,Sweden,6215169466.1,6119845279.8,6004290382.5,6074634913.019321,6074634913.019321,6984353391.444571,0.484127236524859,0.1302509233767583,0.0
22,2021,Germany,5166989966.8,5469762014.3,5002015954.8,5181503298.802356,5181503298.802356,6849193556.462235,0.393823425148314,0.2434870972636492,0.0
20,2021,Netherlands,7087799882.9,7001640899.6,6928087089.6,6793449116.906526,6793449116.906526,7946937878.224475,0.4974240160110099,0.1451488332982495,0.0
17,2021,United Kingdom,6072451915.0,6280862680.5,6025306730.7,6110117146.091569,6110117146.091569,7570254626.530961,0.4200042718696409,0.1928782521161371,0.0
16,2021,Netherlands,7777891412.9,7606333701.9,7638486066.6,7469097288.471281,7469097288.471281,8396255311.226254,0.5143567139219021,0.1104251822256181,0.0
10,2021,United Kingdom,7947098740.4,7824385885.0,7845407679.3,7688559569.505647,7688559569.505647,8426467640.686092,0.5233110744592446,0.0875702729359041,0.0
11,2021,Germany,8485194427.9,8738714513.6,8329154168.1,8413650407.12335,8413650407.12335,9990940692.833488,0.4919757035020577,0.1578720497101467,0.0
13,2021,United Kingdom,6523034725.0,6185465280.1,6373246511.0,5869949294.55784,5869949294.55784,7774940130.631114,0.3521941401203494,0.2450167852184657,0.0
9,2021,United Kingdom,9638294150.1,9081055123.9,9300415565.7,8775133426.874964,8775133426.874964,10623836038.84621,0.4248955173296613,0.1740146031255978,0.0
7,2021,Netherlands,11695235671.7,11661936067.2,11410915483.1,11212477935.503592,11212477935.503592,13263476404.339424,0.4803571737550571,0.1546350599428671,0.0
5,2021,United Kingdom,14905933284.2,14120746204.0,14666444223.2,14155154792.079172,14155154792.079172,15183764017.545397,0.5187356544711985,0.0677440208025906,0.0
2,2021,Belgium,20843595633.0,21680779475.2,20595527686.5,21254596830.77013,21254596830.77013,26081809060.09065,0.4505685227086207,0.1850796552570017,0.0
93,2022,United Kingdom,90878936.6,99279583.9,91564766.4,98820425.74223804,98820425.74223804,99289901.84422232,0.601683059804177,0.0047283368526324,0.0
170,2022,Portugal,91834439.3,96445223.6,91593096.8,95518494.3137932,95518494.3137932,97067488.56420696,0.4313126267217249,0.0159579100410037,0.0
161,2022,United Kingdom,227875217.1,249846516.8,230116554.6,246409072.04250905,246409072.04250905,253153296.2480277,0.610754918930497,0.0266408705929353,0.0
162,2022,United Kingdom,191110029.1,204222656.6,194831382.4,201288107.4993115,201288107.4993115,208353895.6275558,0.5010282700667368,0.0339124358916464,0.0
163,2022,Sweden,171097778.0,189985603.4,171530886.9,176305326.24170607,176305326.24170607,206935922.39427635,0.4366695386791481,0.1480197144998808,0.0
164,2022,United Kingdom,243249731.2,259073060.1,246088152.8,255436230.81364715,255436230.81364715,262960375.66135415,0.6184896629870391,0.0286132267220243,0.0
157,2022,Denmark,246027649.6,263755336.5,247153628.7,254068332.35705847,254068332.35705847,285656462.9713825,0.4561452312556032,0.1105808364556015,0.0
158,2022,Ireland,263767838.8,271610825.5,268058880.5,272051557.63125503,272051557.63125503,289272537.12867063,0.4893541706501691,0.0595320235662591,0.0
127,2022,Sweden,393243212.9,409972767.5,387758127.5,402722345.8266768,402722345.8266768,419775972.2155477,0.5548974121289088,0.0406255419977067,0.0
155,2022,Italy,135202749.2,142120941.2,139165403.9,131527746.4744658,131527746.4744658,164808012.19306928,0.2427203795502145,0.2019335424033652,0.0
152,2022,Denmark,407182137.8,440630242.2,414828677.3,426060723.5872537,426060723.5872537,464564449.2891383,0.5149392356626223,0.0828813435053021,0.0
153,2022,Denmark,250072235.4,314581253.1,258668361.4,260970970.1921947,260970970.1921947,390064763.3743112,0.3267855875184006,0.3309547677810528,0.0
154,2022,Denmark,383005407.5,428178513.5,394368871.0,411353127.0037965,411353127.0037965,448567350.2498426,0.512334197289571,0.0829623984565942,0.0
148,2022,Finland,355077890.0,386784841.0,354040387.1,368412427.695308,368412427.695308,421735214.3699445,0.411702997927371,0.1264366475877492,0.0
149,2022,Sweden,290396502.6,322563108.3,292411868.2,291354099.1462543,291354099.1462543,350785578.474679,0.3372817558388274,0.1694239529083567,0.0
150,2022,United Kingdom,412222056.7,439286950.5,413741473.6,427215115.2938257,427215115.2938257,471360511.7704133,0.4834773777416177,0.0936552710170375,0.0
144,2022,Sweden,601240119.4,646372924.4,610127648.5,623872323.8479342,623872323.8479342,688973093.6075634,0.4784296962024035,0.0944895676821746,0.0
142,2022,Germany,592446206.2,644016545.9,586450923.2,596449813.6929076,596449813.6929076,746495304.1795144,0.4034591593901995,0.2009999120510535,0.0
137,2022,Germany,698055310.3,766752666.2,697156016.8,728537732.8927337,728537732.8927337,838853064.933089,0.4351219490140735,0.1315073362092974,0.0
128,2022,United Kingdom,833343289.5,942663752.0,850291735.7,846670951.6694245,846670951.6694245,1175200709.1625628,0.3849519199013488,0.2795520415633901,0.0
121,2022,Germany,1150331677.5,1178630480.0,1161786491.9,1170713864.2795217,1170713864.2795217,1429572393.0540009,0.4750309857088747,0.181074096024951,0.0
122,2022,United Kingdom,896728346.3,1066764336.8,913366034.3,936535429.0492046,936535429.0492046,1309520666.614987,0.382337386833723,0.2848257740978775,0.0
123,2022,United Kingdom,999523735.3,1127265830.2,974713678.2,1021569947.5389388,1021569947.5389388,1277623558.2663198,0.4353404702714304,0.2004139709781453,0.0
116,2022,United Kingdom,1385589014.9,1449393743.9,1407558713.2,1469036791.6965957,1469036791.6965957,1609706489.8825593,0.5146839946383799,0.0873884146396319,0.0
113,2022,Netherlands,1269464701.4,1314298754.3,1247277694.1,1249543223.323846,1249543223.323846,1463806389.3895166,0.4285127652002216,0.1463739792494206,0.0
102,2022,United Kingdom,1294009689.8,1338672262.1,1298498437.7,1274537442.7402709,1274537442.7402709,1651268231.0331812,0.3510107111552501,0.228146330930859,0.0
99,2022,Sweden,919582809.4,1201734090.6,925240459.6,920052387.6754284,920052387.6754284,1775721848.376238,0.2418339399012292,0.4818713367092114,0.0
100,2022,Netherlands,1466077630.1,1547120041.0,1422817891.1,1438810851.1065946,1438810851.1065946,1759770284.077432,0.373709338794673,0.1823871194296827,0.0
96,2022,United Kingdom,1543320563.6,1613212659.6,1528387753.8,1543049893.8898938,1543049893.8898938,2006574327.249996,0.3786625506478266,0.2310028724404946,0.0
87,2022,United Kingdom,2205104119.9,2338491902.7,2181944318.3,2276782288.810594,2276782288.810594,2556319051.758024,0.4972095705748253,0.1093512809972556,0.0
84,2022,United Kingdom,1922068247.5,2015166199.0,1924989833.2,1906876144.5454693,1906876144.5454693,2250037823.064949,0.4228791233493379,0.1525137377699867,0.0
83,2022,United Kingdom,1510221704.4,1875616136.6,1499493374.4,1524435866.9315205,1524435866.9315205,2279579232.8547616,0.3329116784808195,0.3312643645106208,0.0
31,2022,Netherlands,1993813648.2,2166430878.6,1968471593.2,2004894307.0484607,2004894307.0484607,2711510623.8741574,0.4107548262750381,0.2605987638787472,0.0
80,2022,United Kingdom,2519140762.9,2656680410.9,2513720411.1,2622717572.925851,2622717572.925851,2848281158.28929,0.5435458784974407,0.0791928790832275,0.0
73,2022,United Kingdom,2722555224.7,2912912790.8,2740770370.6,2863490622.3987207,2863490622.3987207,3199558787.8375754,0.5218396337722961,0.1050357839075639,0.0
68,2022,Denmark,3375125592.9,3425120863.5,3412398317.2,3507387969.357886,3507387969.357886,3797544197.420484,0.5841674277088057,0.0764062807378751,0.0
40,2022,United Kingdom,3422917177.3,3829132444.0,3451845303.8,3801666276.316767,3801666276.316767,3935683314.723321,0.634319369348567,0.0340517840714467,0.0
67,2022,United Kingdom,2355182348.0,2626655285.0,2392942755.3,2434525229.78451,2434525229.78451,3357387821.755052,0.4089474025993818,0.2748751830189583,0.0
23,2022,Netherlands,3141336762.5,3288443149.1,3158234080.5,3156143149.1918173,3156143149.1918173,3715039971.7883153,0.5069498693638224,0.1504416713792344,0.0
65,2022,Netherlands,3099713942.7,3229507213.8,3101029501.5,3104085237.959176,3104085237.959176,3715039971.7883153,0.498588160134791,0.1644544173060521,0.0
59,2022,Denmark,2956843632.8,3556074213.1,3016735392.2,3186642612.9840736,3186642612.9840736,4182470281.532314,0.4783025055511637,0.2380955754653691,0.0
60,2022,Denmark,3661496099.7,3937155758.4,3713022543.3,3881265331.4710536,3881265331.4710536,4223825988.127216,0.582772572292951,0.0811019813834822,0.0
61,2022,Denmark,3284618511.8,3619775003.1,3303863661.4,3469487852.7661395,3469487852.7661395,4157991550.056432,0.5238386056235868,0.1655856412889892,0.0
58,2022,France,2345140516.7,2364469787.3,2217852213.0,2360075607.164348,2360075607.164348,2732670117.6168704,0.3638907941915558,0.1363481483002632,0.0
55,2022,United Kingdom,3229036516.4,3575144573.9,3247794801.6,3373379838.9557004,3373379838.9557004,4199603235.65146,0.4673151506316564,0.1967384417846301,0.0
54,2022,Netherlands,3028668409.6,3175195177.3,2990019792.6,2992501995.8940907,2992501995.8940907,3844396265.256018,0.4119531724013021,0.2215937719690806,0.0
53,2022,United Kingdom,3733746349.9,4015911323.7,3758446431.4,3960140396.664081,3960140396.664081,4282541533.816949,0.5398302044280976,0.0752826644194895,0.0
51,2022,United Kingdom,3511871545.7,3790999828.8,3508940839.8,3688651270.562133,3688651270.562133,4274739559.11,0.497601636960921,0.1371050283750831,0.0
49,2022,France,3104673009.9,3577249103.6,3065232459.0,3193710773.8270483,3193710773.8270483,4472041271.050889,0.3899001079008983,0.2858494409474545,0.0
48,2022,United Kingdom,4168218131.4,4359479624.0,4147128940.6,4270042130.8329663,4270042130.8329663,4731357664.103896,0.5122128734298451,0.0975017248792797,0.0
43,2022,Denmark,4274014982.4,4740236739.7,4333938235.5,4634094995.064331,4634094995.064331,5150856726.567586,0.5187450740449567,0.100325394188864,0.0
36,2022,United Kingdom,3887927549.7,3956135839.2,3832464189.9,3884990993.996905,3884990993.996905,4780288337.503474,0.4166102957132369,0.1872894018719678,0.0
30,2022,United Kingdom,4454000988.4,4923421751.4,4482429949.1,4636362427.69827,4636362427.69827,5840086008.486434,0.4408831454019244,0.2061140159646606,0.0
29,2022,Sweden,4986726993.2,5258817477.2,4942044851.7,5198307588.834542,5198307588.834542,6112817273.044136,0.4929408362651882,0.1496052709185882,0.0
15,2022,Netherlands,5077890879.6,5143707241.1,5004094576.8,5061538365.605189,5061538365.605189,5677106333.2556095,0.4685629086510776,0.1084298816184784,0.0
27,2022,Denmark,5966929606.6,6578155540.3,6054515659.2,6382178983.636505,6382178983.636505,7360934387.2482815,0.554861113310947,0.1329661904482294,0.0
26,2022,United Kingdom,5432427354.6,5741430134.2,5377307611.0,5582261340.830072,5582261340.830072,6337280967.483636,0.4876870754848749,0.1191393644257754,0.0
18,2022,Germany,6392264014.6,6749999420.0,6442755488.3,6544807850.604874,6544807850.604874,7444633706.191128,0.5262000527907812,0.1208690569742791,0.0
25,2022,Sweden,6058445572.6,6286199043.0,5987906426.1,6228796470.566017,6228796470.566017,7075602310.327904,0.5072904697754473,0.1196796827495302,0.0
22,2022,Germany,5106882862.0,5694753037.4,5029107728.2,5336791005.070319,5336791005.070319,7015465416.016256,0.4111606328185074,0.2392819736682809,0.0
20,2022,Netherlands,7199048481.8,7625906056.4,7220929066.4,7406601516.01853,7406601516.01853,8578843017.330494,0.5353803389853704,0.1366433094700378,0.0
17,2022,United Kingdom,5930442924.2,6292651961.0,5888384543.1,6114138934.153371,6114138934.153371,7567888119.900528,0.4276369249276706,0.1920944341030064,0.0
16,2022,Netherlands,7884546559.5,8224376687.2,7968560010.8,8087497527.001479,8087497527.001479,9026687733.841871,0.5472164201514735,0.1040459396107483,0.0
10,2022,United Kingdom,8315439189.2,9076947679.8,8395083853.3,8907111701.993082,8907111701.993082,9640035585.038244,0.5791231989665432,0.0760291677950538,0.0
13,2022,United Kingdom,6720304243.1,7032557998.9,6773545652.9,6666365833.68178,6666365833.68178,8806915004.954348,0.3898208789891749,0.2430532337451193,0.0
11,2022,Germany,9993302713.4,10792090586.4,10094482736.3,10487268245.124037,10487268245.124037,12404603311.627676,0.5170548420636323,0.1545664152521824,0.0
9,2022,United Kingdom,10018573686.5,10710368058.1,9874348609.5,10360290791.351206,10360290791.351206,12361024161.757193,0.4872248522542078,0.1618582201785431,0.0
7,2022,Netherlands,11755276902.0,12383372480.8,11755668036.1,11953117101.427572,11953117101.427572,14005404113.089348,0.5105342127363466,0.1465353655696177,0.0
5,2022,United Kingdom,15263434065.2,15774136278.7,15432521506.6,15787189115.258036,15787189115.258036,16841897815.210987,0.5641414826897808,0.0626241004146443,0.0
2,2022,Belgium,20418119255.8,21344768452.2,20193307106.7,20886145847.02437,20886145847.02437,25500344805.920475,0.4521887429263325,0.1809465320572768,0.0
95,2023,Sweden,136720051.1,147207365.0,137958586.0,146524592.75400567,146524592.75400567,147676955.41042107,0.5966470915954298,0.0078032666180906,0.0
167,2023,France,107049926.2,117448427.9,109391684.4,117248184.57649514,117248184.57649514,118174708.37092148,0.5293610753374651,0.0078402883933354,0.0
170,2023,Portugal,88366194.6,100701998.6,87045587.5,99021554.35120831,99021554.35120831,101301255.28467505,0.464693577132706,0.0225041725994443,0.0
129,2023,United Kingdom,242278832.3,242085428.8,242947976.7,239898031.71027964,239898031.71027964,243051811.5307787,0.5829134533113344,0.0129757511397922,0.0
161,2023,United Kingdom,224441797.8,220308692.8,220473842.2,216680817.88741195,216680817.88741195,223906693.3318549,0.5459330256674526,0.0322718152678598,0.0
162,2023,United Kingdom,190843533.8,183008013.4,191707613.5,181477782.70944592,181477782.70944592,187025270.76609483,0.4514934263203033,0.0296617031159758,0.0
163,2023,Sweden,172710367.6,197960993.6,171299924.0,185004987.4754521,185004987.4754521,215158416.79315773,0.452722347914969,0.1401452463125976,0.0
164,2023,United Kingdom,238617099.2,231617932.6,235013516.9,228632320.8627202,228632320.8627202,235847626.2287796,0.5665526474110276,0.0305930802926985,0.0
157,2023,Denmark,251662031.5,270607072.0,248101319.6,256478781.03761044,256478781.03761044,290689347.1684088,0.450729805173032,0.1176877187418179,0.0
158,2023,Ireland,270957947.5,280013045.1,276184308.0,280899271.91324365,280899271.91324365,299091990.21560407,0.4918307073927891,0.060826497858555,0.0
155,2023,Italy,137106484.8,139773419.9,131935072.1,129552032.87119336,129552032.87119336,161757528.5792584,0.2355919855813663,0.1990973526297721,0.0
152,2023,Denmark,402057441.0,414425035.1,399193908.0,400618882.3742386,400618882.3742386,436464387.13940257,0.4913157743122867,0.0821269863506991,0.0
153,2023,Denmark,255494397.5,318038878.6,259979860.9,266608377.08344445,266608377.08344445,390208953.3405567,0.3287402923347033,0.3167548442929736,0.0
154,2023,Denmark,389147734.6,429602542.2,397407626.6,409472213.8993551,409472213.8993551,449044761.6010012,0.5021734288684757,0.0881260646723862,0.0
148,2023,Finland,347253815.6,363175956.9,334767893.2,346717144.67387587,346717144.67387587,395151537.9133758,0.3938982807410373,0.1225716936223024,0.0
149,2023,Sweden,294967350.4,341749870.8,303219760.8,313840368.9756807,313840368.9756807,369190259.71395135,0.3571725417395192,0.1499224025605544,0.0
150,2023,United Kingdom,406245172.1,385256639.1,401202562.9,375434415.60339177,375434415.60339177,417708787.6432494,0.4332368801534674,0.1012053691242012,0.0
144,2023,Sweden,608973532.6,682854644.4,612785170.8,657987445.0824249,657987445.0824249,727006241.5862862,0.4977513352414858,0.0949356312997619,0.0
142,2023,Germany,589131019.4,664091718.7,579378780.9,618445627.0607531,618445627.0607531,764402115.4608197,0.4221932955549774,0.1909420257321982,0.0
134,2023,Netherlands,555707972.6,627921646.8,549831235.0,592658495.1191757,592658495.1191757,685656724.5193074,0.3807684616051447,0.1356338034390749,0.0
140,2023,Denmark,921526215.6,955380012.1,920177248.9,938542876.9476088,938542876.9476088,965931463.3058084,0.5713068401190703,0.028354585598097,0.0
136,2023,Denmark,984221604.4,1009855286.6,984666266.3,993892698.3243244,993892698.3243244,1020134150.6090438,0.574580839258586,0.0257235308405788,0.0
137,2023,Germany,713760913.4,806534464.7,712506825.8,765080433.3397473,765080433.3397473,878163829.3408393,0.4487854346835059,0.1287725504317045,0.0
127,2023,Sweden,1162113940.8,1269272791.2,1176846101.1,1253315132.7767868,1253315132.7767868,1329092598.6937895,0.5670544709471396,0.057014436760445,0.0
128,2023,United Kingdom,840875057.6,864629916.7,838543185.1,774450232.3104539,774450232.3104539,1083260352.970239,0.3514254096719458,0.2850747004753244,0.0
121,2023,Germany,1152446492.1,1218483809.2,1152261756.1,1198458351.5906048,1198458351.5906048,1461945968.4414554,0.4821217924171714,0.180230748973403,0.0
122,2023,United Kingdom,909328022.7,1100327381.9,937292000.7,968073453.810526,968073453.810526,1340543957.8571486,0.3923296671977816,0.2778502725431058,0.0
123,2023,United Kingdom,1023976821.5,1117897600.1,1006789141.9,1015927461.763512,1015927461.763512,1274984247.791158,0.4233031090681299,0.2031843032386071,0.0
93,2023,United Kingdom,1345070206.7,1320108523.7,1322354167.0,1314090761.6709056,1314090761.6709056,1393083890.9947696,0.515831381763796,0.0567037849152478,0.0
116,2023,United Kingdom,1419581854.9,1404154959.8,1437280452.2,1422830977.896338,1422830977.896338,1561825460.4908588,0.4906144539486011,0.0889948884242397,0.0
113,2023,Netherlands,1288569872.9,1494446621.0,1295348964.1,1438639206.7745488,1438639206.7745488,1638335495.36048,0.4860990170074432,0.1218897406248239,0.0
69,2023,France,1632784007.3,1885465093.3,1678893940.9,1913360122.917968,1913360122.917968,2057451250.6376967,0.5398780277190477,0.0700337991848255,0.0
102,2023,United Kingdom,1304595198.1,1500230863.8,1355856629.1,1429753165.913869,1429753165.913869,1833843681.6337316,0.3892232338094298,0.2203516688837224,0.0
99,2023,Sweden,935565119.0,1301507828.2,953497059.1,1033760324.927129,1033760324.927129,1849699903.367181,0.2669063506751996,0.441119976789057,0.0
100,2023,Netherlands,1503972253.5,1733642288.0,1493834622.1,1609557398.9701114,1609557398.9701114,1951028239.8402884,0.4079372969814759,0.1750209627402061,0.0
96,2023,United Kingdom,1576015040.0,1782434344.4,1604868956.6,1719066369.517853,1719066369.517853,2196907834.691592,0.4150830301866118,0.2175063776586785,0.0
87,2023,United Kingdom,2253930760.5,2598625854.1,2269465124.5,2533601947.757852,2533601947.757852,2800599577.73757,0.5425457719660313,0.0953358816812394,0.0
84,2023,United Kingdom,1947498013.6,2037658106.7,1976767710.2,1930259951.6656156,1930259951.6656156,2280408752.4529333,0.4197348745456634,0.1535465080155821,0.0
83,2023,United Kingdom,1523812419.3,1781803923.9,1461676389.1,1441832176.0791926,1441832176.0791926,2204855568.712337,0.3146332799600209,0.3460650227891162,0.0
80,2023,United Kingdom,2577559477.0,2684699373.8,2564310321.0,2649650823.7813125,2649650823.7813125,2887996911.41557,0.5387440168722932,0.0825298969995887,0.0
75,2023,France,2077106968.5,2462354636.1,2210730883.1,2411648906.533496,2411648906.533496,2623229579.105967,0.4828396599876461,0.0806565594783285,0.0
73,2023,United Kingdom,2731595197.4,2929462271.7,2754540748.9,2894058513.141513,2894058513.141513,3213569316.239809,0.5258052730519368,0.0994255208635597,0.0
68,2023,Denmark,3330113918.2,3198470214.0,3336824729.3,3260899124.64056,3260899124.64056,3557965603.0011177,0.5477777651186233,0.0834933530863774,0.0
67,2023,United Kingdom,2402060871.2,2540516283.5,2431721979.0,2387274935.3514166,2387274935.3514166,3257521674.738077,0.3946704848500716,0.267149945965174,0.0
23,2023,Netherlands,3127391775.5,3274899561.8,3105753501.1,3156232953.563555,3156232953.563555,3701322714.563321,0.5090493050382734,0.1472689098021747,0.0
65,2023,Netherlands,3085369306.9,3229173803.6,3067718967.7,3119865493.70809,3119865493.70809,3701322714.563321,0.5031838222181508,0.1570944404732434,0.0
59,2023,Denmark,2973496110.2,3346483331.4,2947855347.5,3005208057.9072003,3005208057.9072003,3944072670.386735,0.4517207879249639,0.2380444507345941,0.0
60,2023,Denmark,3642795788.8,3678528816.0,3642551743.6,3625978052.327077,3625978052.327077,3955953741.899652,0.5480619788886151,0.0834124236786751,0.0
61,2023,Denmark,3262604514.5,3438781752.5,3250543979.6,3292907996.693825,3292907996.693825,3952639005.8762784,0.4975383773561321,0.1669089962937799,0.0
58,2023,France,2376281630.2,2663629142.0,2385456640.9,2640617453.744072,2640617453.744072,3021104953.968225,0.4027203888612956,0.1259431585534234,0.0
55,2023,United Kingdom,3260305416.4,3601738126.9,3281317748.6,3434648067.188142,3434648067.188142,4208394901.729128,0.4743569721997146,0.1838579440876787,0.0
54,2023,Netherlands,3033642028.4,3473836969.1,3046150115.0,3279668815.3658414,3279668815.3658414,4128616653.39545,0.4459664941135781,0.2056252515794651,0.0
53,2023,United Kingdom,3792840584.8,3972245699.3,3844407816.6,3935906095.868982,3935906095.868982,4241743226.232722,0.5290623028562763,0.0721017548804733,0.0
51,2023,United Kingdom,3570089725.7,3796967118.7,3611259492.6,3712185931.621821,3712185931.621821,4274928074.691136,0.4916626732053053,0.1316378037798855,0.0
49,2023,France,3182847433.4,4056164873.4,3237325594.7,3676177588.9526863,3676177588.9526863,4930305793.660474,0.4384220418022481,0.2543712818625532,0.0
48,2023,United Kingdom,4263773545.2,4745884032.0,4306439640.5,4686079391.869922,4686079391.869922,5128374505.064201,0.5506646868303264,0.0862446985409351,0.0
43,2023,Denmark,4367107183.1,4718964945.4,4378091185.2,4616912471.279832,4616912471.279832,5144125823.79681,0.5082953201462307,0.1024884247733756,0.0
40,2023,United Kingdom,5152793529.8,5150659265.1,5060761294.7,5084984651.091147,5084984651.091147,5411856944.82968,0.554997244224753,0.0603992856926522,0.0
36,2023,United Kingdom,3968890248.7,4538198761.9,4041239940.6,4424965440.879217,4424965440.879217,5385809552.701335,0.4655956768056012,0.1784029127692032,0.0
30,2023,United Kingdom,4569063327.1,4946646430.9,4602385399.3,4683619005.124683,4683619005.124683,5837367213.940992,0.4362788280549625,0.1976487287044216,0.0
31,2023,Netherlands,4996897004.4,5579113831.5,5004972545.6,5394115566.52224,5394115566.52224,6306575276.570772,0.5036113375031384,0.1446838688247112,0.0
29,2023,Sweden,5087219316.9,5601758887.4,5164292544.9,5551873702.479394,5551873702.479394,6454914749.243105,0.5161456008537602,0.1398997634894559,0.0
27,2023,Denmark,5944377216.0,6152999350.4,5945044569.0,5977637789.6521015,5977637789.6521015,6897450733.358386,0.5223226319431353,0.1333554931038159,0.0
26,2023,United Kingdom,5546370037.2,6306892331.9,5591803623.8,6157621205.442255,6157621205.442255,6883230306.225398,0.5271213879470497,0.1054169435718111,0.0
18,2023,Germany,6461037010.3,6767456480.2,6398544829.4,6568146450.528038,6568146450.528038,7444202809.890327,0.5252071795794309,0.1176830322514004,0.0
25,2023,Sweden,6115571933.6,6698415374.3,6153051991.4,6630140262.622079,6630140262.622079,7507015148.478986,0.5341580190183688,0.1168073952847387,0.0
22,2023,Germany,5132732242.3,6001422589.6,5162981039.6,5712224038.46578,5712224038.46578,7309187290.948358,0.43883305396204,0.2184871161339981,0.0
20,2023,Netherlands,7187050987.7,7308637893.7,7158386242.0,7124795214.279951,7124795214.279951,8268531765.860284,0.5140174023721197,0.138324019785795,0.0
17,2023,United Kingdom,6078281121.3,7008046118.7,6161095324.1,6765995672.3196745,6765995672.3196745,8273513032.476291,0.4662666716504496,0.1822100665387374,0.0
16,2023,Netherlands,7899741125.1,8033031390.7,7850577725.3,7889082500.229739,7889082500.229739,8825259599.439938,0.5364401864383668,0.1060792703785857,0.0
15,2023,Netherlands,7040571562.0,8071410073.2,7101829156.5,7971220709.98459,7971220709.98459,8786002819.37856,0.5311413532491671,0.0927363815086505,0.0
10,2023,United Kingdom,8172953094.9,7985938306.4,8055837527.1,7855332728.942688,7855332728.942688,8574001899.993692,0.5231273585646531,0.0838195721710223,0.0
13,2023,United Kingdom,6892185584.2,7195211597.1,6964595244.9,6885977529.655709,6885977529.655709,9022290307.90407,0.393607010735098,0.2367816491536325,0.0
11,2023,Germany,9985824603.8,10533408063.5,10003055070.3,10227019558.50689,10227019558.50689,12113768445.102057,0.5016682784823565,0.1557524312228399,0.0
9,2023,United Kingdom,10190978384.4,10682920479.6,10087360677.9,10350247385.4063,10350247385.4063,12436548369.642042,0.4773423406098076,0.1677556281876777,0.0
7,2023,Netherlands,11748514029.2,12405649068.1,11677145033.4,11995371734.961544,11995371734.961544,13990441982.793385,0.5109753740488588,0.1426023745558249,0.0
5,2023,United Kingdom,15320375254.8,15429289392.5,15356757109.5,15494101816.48863,15494101816.48863,16572991771.53031,0.5531991659753911,0.0650992874379528,0.0
2,2023,Belgium,20937391733.6,24739390768.3,21159388803.3,24274673734.974377,24274673734.974377,28747735967.35076,0.5134693381174803,0.155597026404323,0.0
167,2024,France,109940632.2,122332036.3,115581469.1,122160011.35230494,122160011.35230494,123111440.5657908,0.5360011028577286,0.0077281949517714,0.0
170,2024,Portugal,95657288.5,111182968.0,93128084.0,110029355.50097008,110029355.50097008,111825803.2040429,0.4787423552232958,0.0160646975170385,0.0
161,2024,United Kingdom,231180272.5,246113214.2,229482967.0,242622667.3673352,242622667.3673352,249688317.5162072,0.5945905339231349,0.0282978804100971,0.0
162,2024,United Kingdom,192670329.6,198164924.3,196363211.6,195894054.7501977,195894054.7501977,202279728.7906744,0.4817856732665955,0.0315685317488474,0.0
163,2024,Sweden,170789214.5,205159763.1,168592666.5,191546256.5386052,191546256.5386052,220829604.2398586,0.4739484264223808,0.1326060778945503,0.0
164,2024,United Kingdom,242504533.7,259217769.1,241434878.3,256609148.47253516,256609148.47253516,263485385.13895577,0.6246571287062685,0.0260972222910742,0.0
157,2024,Denmark,254442144.1,276204936.9,250601523.1,261278391.19853625,261278391.19853625,296376456.8634928,0.4536398208183488,0.118423932981702,0.0
158,2024,Ireland,272237972.6,271262441.2,272362368.2,271505865.72631574,271505865.72631574,289461980.9301692,0.4731798492938457,0.062032724111652,0.0
155,2024,Italy,136011153.7,131003904.9,138640651.3,121576326.64015073,121576326.64015073,151683831.40912914,0.222765183670754,0.1984885566858538,0.0
152,2024,Denmark,408174294.4,433909409.9,408709505.7,420999454.3970871,420999454.3970871,457341104.7907081,0.5103023689661662,0.0794628998201505,0.0
153,2024,Denmark,260210802.0,316060594.0,263208853.0,263752723.3876038,263752723.3876038,393001761.8237138,0.3189271141325318,0.3288764860399948,0.0
154,2024,Denmark,393109637.1,435840657.7,401685314.1,415595438.3183655,415595438.3183655,454722882.28105295,0.504669627587572,0.0860467891266219,0.0
148,2024,Finland,347018045.9,394873208.0,353165874.8,377832349.331865,377832349.331865,426731114.7538262,0.430592897001453,0.1145891727397709,0.0
149,2024,Sweden,295956375.6,338381837.1,302621266.5,309910501.6652889,309910501.6652889,366272566.9631844,0.3512052102913453,0.153880116562376,0.0
150,2024,United Kingdom,409790692.8,434529755.4,406872374.8,423131137.24545455,423131137.24545455,467535724.6716085,0.4808909491475691,0.0949758169973923,0.0
144,2024,Sweden,606134702.8,688355250.2,604701273.7,661368325.46705,661368325.46705,729847396.1412446,0.5029263942291109,0.0938265602319723,0.0
142,2024,Germany,591778461.2,655346709.0,592975991.9,607959191.7406021,607959191.7406021,765136178.730418,0.4117458326497095,0.2054235459766363,0.0
140,2024,Denmark,936252911.2,997733426.6,937822308.2,974542383.49753,974542383.49753,1008123661.6631272,0.5825815300678683,0.0333106735241163,0.0
136,2024,Denmark,1000221099.7,1059335341.4,1006610652.4,1037928997.0698222,1037928997.0698222,1068956730.4305716,0.5909276702135127,0.0290261827045623,0.0
137,2024,Germany,705948922.7,789704083.9,698055258.3,747684774.4897487,747684774.4897487,863168629.7082508,0.4419019098977811,0.1337906073550603,0.0
129,2024,United Kingdom,1083937163.8,1152584538.7,1092036669.9,1143914331.5381756,1143914331.5381756,1164973359.0311947,0.6160676063863505,0.0180768318260359,0.0
134,2024,Netherlands,677084804.0,714535919.4,685371170.5,670106554.4866357,670106554.4866357,804057783.9424927,0.3458150413294916,0.1665940335768671,0.0
127,2024,Sweden,1164077813.7,1258184943.8,1163182915.3,1237989563.2709768,1237989563.2709768,1317576745.8758855,0.5579394658838218,0.0604042101183271,0.0
128,2024,United Kingdom,838466576.7,927555243.8,845325606.0,834683117.3326592,834683117.3326592,1148257317.8814025,0.380669739328152,0.2730870473591273,0.0
121,2024,Germany,1157304448.6,1228102734.5,1167634255.1,1197374981.8048396,1197374981.8048396,1488296712.274126,0.4821514785394377,0.1954729376676216,0.0
122,2024,United Kingdom,912727005.5,1114139906.6,938940756.7,973333689.0526168,973333689.0526168,1365712966.3903782,0.391321388273476,0.2873072797828316,0.0
123,2024,United Kingdom,1010441939.8,1112132645.9,985272180.2,1008586633.3373308,1008586633.3373308,1264758619.8987722,0.4234200811659659,0.2025461479613752,0.0
116,2024,United Kingdom,1430940796.6,1480839742.5,1449521034.8,1497151653.217775,1497151653.217775,1641741782.5184252,0.5106334191298539,0.0880711758939638,0.0
113,2024,Netherlands,1296639489.1,1436603394.0,1315496203.5,1370098686.9802146,1370098686.9802146,1593550841.6054718,0.4611450001279718,0.1402227960296098,0.0
93,2024,United Kingdom,1672998887.3,1764334382.8,1673740602.8,1758705419.5144656,1758705419.5144656,1858597880.3078823,0.5500733197948423,0.0537461394160576,0.0
102,2024,United Kingdom,1275063932.3,1417206572.1,1310209637.7,1348917739.5659373,1348917739.5659373,1735653668.8453732,0.3765349801297819,0.2228186050139301,0.0
99,2024,Sweden,938816966.9,1275725858.7,952013744.5,1003295062.6210454,1003295062.6210454,1849825807.099946,0.2575721561462942,0.4576272756222622,0.0
100,2024,Netherlands,1487202100.3,1633558319.2,1503723932.6,1515798887.5093634,1515798887.5093634,1865395885.767682,0.3890015211847549,0.1874116914943479,0.0
95,2024,Sweden,2082595125.2,2237741424.3,2081394847.5,2222500675.4149656,2222500675.4149656,2439956936.8071947,0.5408860246811793,0.0891229915216378,0.0
96,2024,United Kingdom,1535716680.6,1704110278.1,1548498416.4,1640301603.4220943,1640301603.4220943,2103702820.6945384,0.40586455608613,0.2202788401070128,0.0
87,2024,United Kingdom,2211704238.6,2481239331.6,2232591563.0,2412640492.9442987,2412640492.9442987,2683986236.650477,0.5243138121630024,0.1010980384328678,0.0
84,2024,United Kingdom,1936418533.6,1990942882.1,1923568120.1,1885789668.909211,1885789668.909211,2224694373.1300626,0.415471923635677,0.1523376461567731,0.0
83,2024,United Kingdom,1535996636.0,1873890930.3,1497842155.1,1530618087.830369,1530618087.830369,2289730906.5330124,0.3303287899806995,0.3315292712068298,0.0
80,2024,United Kingdom,2577083994.7,2651558621.3,2542446832.0,2615552945.9635787,2615552945.9635787,2847406119.09407,0.5315516290622239,0.0814260992050749,0.0
75,2024,France,2038745255.8,2106647713.8,2111291068.6,2052979665.4701247,2052979665.4701247,2268113366.022185,0.4165627783308358,0.0948513878428226,0.0
73,2024,United Kingdom,2781059412.4,3077229356.0,2793679342.3,3027048547.860901,3027048547.860901,3382818540.8318253,0.5412702656349677,0.1051696946426933,0.0
69,2024,France,2555599685.5,2595350787.7,2565525004.8,2646094703.0734925,2646094703.0734925,2962884327.044354,0.4678501064512722,0.1069193356889761,0.0
68,2024,Denmark,3380922338.8,3421921406.8,3396038661.2,3497721319.5475664,3497721319.5475664,3781504162.625445,0.5808161498265659,0.0750449638222404,0.0
67,2024,United Kingdom,2419953953.7,2680451830.0,2451738987.8,2497089985.043908,2497089985.043908,3424204289.252715,0.4083408394877539,0.2707532103498232,0.0
65,2024,Netherlands,3100060345.3,3338976964.5,3137770727.8,3217626380.0018225,3217626380.0018225,3838363355.6968136,0.5160794546696856,0.16171918033078,0.0
59,2024,Denmark,2980816423.7,3524933292.3,2967585630.4,3121987506.322865,3121987506.322865,4109448988.2434063,0.4677555295341702,0.240290482920104,0.0
60,2024,Denmark,3696969881.9,3906546730.8,3720398702.5,3843458356.216071,3843458356.216071,4180437865.2772255,0.5734450877620063,0.0806086634752093,0.0
61,2024,Denmark,3285236215.0,3628785291.9,3322691462.7,3477155883.3351483,3477155883.3351483,4148336704.770432,0.5200340816186809,0.1617951649545347,0.0
58,2024,France,2324196680.1,2241460411.6,2297154144.4,2238516201.6277194,2238516201.6277194,2592117520.035211,0.3482359184630935,0.1364140767825559,0.0
55,2024,United Kingdom,3318472276.2,3768364546.7,3324199108.0,3605496206.822798,3605496206.822798,4430838137.047167,0.4906184625171179,0.1862721915575096,0.0
54,2024,Netherlands,3013121503.7,3366658605.2,3069638645.7,3144741075.60595,3144741075.60595,4077061297.406956,0.4304320792889621,0.2286745657697051,0.0
53,2024,United Kingdom,3846218818.1,4183092040.1,3893266168.5,4131964491.1303306,4131964491.1303306,4464545424.251118,0.5461660310268235,0.0744937953401099,0.0
51,2024,United Kingdom,3611984531.1,3972345715.3,3621851556.4,3874463939.05348,3874463939.05348,4478823801.410614,0.5096543787740663,0.1349371819821957,0.0
49,2024,France,3119202440.6,3795113755.7,3139586040.9,3406536506.704241,3406536506.704241,4645620581.967688,0.4153193476763263,0.2667208940982054,0.0
48,2024,United Kingdom,4217077846.0,4667170671.9,4289482651.4,4584817629.946016,4584817629.946016,5053921814.797829,0.5416217911850962,0.0928198341886256,0.0
43,2024,Denmark,4399724260.6,4814286542.3,4469414217.2,4716632372.022358,4716632372.022358,5234993201.900923,0.5158070348595891,0.0990184341959295,0.0
40,2024,United Kingdom,5353609059.4,5717959910.5,5325943014.1,5662348534.210602,5662348534.210602,5955799207.773645,0.5955602396199463,0.0492714182137008,0.0
36,2024,United Kingdom,3884109815.7,4073584176.2,3886462435.4,3999329274.896146,3999329274.896146,4884176711.2385845,0.4294590994983233,0.1811661388717545,0.0
30,2024,United Kingdom,4595715860.7,5151217442.6,4621573724.2,4861434956.8264885,4861434956.8264885,6095050548.153399,0.4501916413926715,0.2023962855731615,0.0
31,2024,Netherlands,4951647242.3,5513921057.9,5053051179.3,5316734627.078483,5316734627.078483,6293344983.744782,0.499575722534976,0.1551814431258429,0.0
29,2024,Sweden,5111531872.1,5552176625.3,5095044586.5,5491015947.827104,5491015947.827104,6406405475.469659,0.5093092621323128,0.1428866048437946,0.0
27,2024,Denmark,6013145998.6,6447711478.3,6029991432.1,6243316204.801466,6243316204.801466,7177263399.018117,0.5398093517948176,0.1301258073299106,0.0
26,2024,United Kingdom,5467781532.7,6104585860.6,5520639510.5,5936384015.643139,5936384015.643139,6678851637.912872,0.5150964889319675,0.1111669584116938,0.0
25,2024,Sweden,6156598180.7,6644921639.9,6120989162.6,6575457762.743865,6575457762.743865,7450203698.756931,0.5269134049253049,0.1174123515789263,0.0
23,2024,Netherlands,6670518757.8,7110403933.7,6765131939.6,6945391206.028647,6945391206.028647,7983795779.849373,0.5355676470610325,0.1300640199792681,0.0
22,2024,Germany,5095135457.3,5926733811.2,5125076250.5,5611294898.297874,5611294898.297874,7297412973.278827,0.4323091459124914,0.2310569623995607,0.0
20,2024,Netherlands,7211031821.8,7740688205.1,7295051853.1,7527184539.368542,7527184539.368542,8700382824.736835,0.5396020748663245,0.1348444440895944,0.0
18,2024,Germany,7509603130.3,8033819342.5,7557985658.8,7803885896.524996,7803885896.524996,8848915496.449165,0.5369318681377464,0.1180969125926801,0.0
17,2024,United Kingdom,5899734929.0,6673041339.4,5990206427.2,6488787650.057416,6488787650.057416,7914425455.8685055,0.4564104698640652,0.1801315602453475,0.0
16,2024,Netherlands,7975526812.4,8410158657.3,8043604803.5,8257519132.546177,8257519132.546177,9224806928.255802,0.5558418035516023,0.1048572401821007,0.0
15,2024,Netherlands,7019554150.5,7730274601.0,7155957335.8,7626472080.422853,7626472080.422853,8482563158.784256,0.5101496560698334,0.1009236314939622,0.0
13,2024,United Kingdom,6768120161.5,7042824231.4,6812548152.7,6688201166.715088,6688201166.715088,8853243465.44383,0.3873479318058273,0.2445479227109682,0.0
10,2024,United Kingdom,11088085454.2,11919230321.0,11135985352.2,11696698340.725054,11696698340.725054,12671544461.83453,0.5720350605220121,0.0769319102375893,0.0
11,2024,Germany,10082441116.5,10965748470.4,10109331118.8,10597248352.065622,10597248352.065622,12601049123.441944,0.5173942509440318,0.1590185667674779,0.0
9,2024,United Kingdom,10139653006.5,10567263640.7,9987361336.8,10221227015.801208,10221227015.801208,12259840547.316525,0.4716243578027715,0.1662838536641109,0.0
7,2024,Netherlands,11888705862.0,12775179410.0,11980482917.9,12315417041.04695,12315417041.04695,14456185134.32672,0.5188960692919552,0.1480866544934073,0.0
5,2024,United Kingdom,15615266375.6,16465065128.5,15676429069.9,16503487917.042423,16503487917.042423,17589146417.199226,0.5787310415182421,0.0617232055726826,0.0
2,2024,Belgium,20924986687.0,23273265805.1,21167505003.5,22741234989.131702,22741234989.131702,27327191272.65482,0.4817327496322952,0.1678165984117106,0.0
160,2016,United States of America,201173793.9,219799345.3,203094580.8,218035302.19567385,218035302.19567385,228935986.5674979,0.5332240210214572,0.0476145517149188,0.0
160,2017,United States of America,202077276.6,224891947.5,204272215.9,224524370.90074533,224524370.90074533,234153339.1576497,0.5498331600361095,0.0411224896110553,0.0
160,2018,United States of America,202552349.8,227796626.9,203959979.7,222623051.4534611,222623051.4534611,234023082.04727617,0.5437124226485801,0.0487132743235647,0.0
160,2019,United States of America,203180820.6,222508444.8,203992937.8,219009316.96640325,219009316.96640325,228742368.80201545,0.5342342162858964,0.0425502799791169,0.0
160,2020,United States of America,201353154.5,225371355.6,202932419.1,219117152.23985228,219117152.23985228,231511487.46446332,0.535542349358065,0.0535365884447249,0.0
160,2021,United States of America,201335881.9,217445917.2,203245927.4,213937544.51696095,213937544.51696095,223881599.5776292,0.5241640193971848,0.0444165803685004,0.0
160,2022,United States of America,202374911.6,227681399.2,204564525.8,221557591.40518737,221557591.40518737,233836999.7872104,0.5420369208689599,0.0525126835924047,0.0
160,2023,United States of America,200804616.5,207778674.3,201120033.8,204712231.4327592,204712231.4327592,214029527.4498035,0.5045279887437072,0.0435327598395482,0.0
117,2023,United States of America,295838293.2,307071381.7,294036618.8,303414312.1294863,303414312.1294863,308108190.7861597,0.5436460771702466,0.0152345143590524,0.0
146,2023,United States of America,413606337.3,428390313.5,413898390.7,421100191.7651699,421100191.7651699,431666180.09763527,0.5207768881587558,0.0244772206385858,0.0
160,2024,United States of America,201048090.8,217183864.5,202787208.8,212492419.8520781,212492419.8520781,223925227.38967255,0.5208147545394072,0.0510563622994526,0.0
156,2024,United States of America,233517627.5,251648819.1,236405139.0,248791377.74691293,248791377.74691293,252767895.2781725,0.5109701740540418,0.0157318931934902,0.0
138,2024,United States of America,419024982.8,453012963.8,422408636.2,447822694.35419977,447822694.35419977,454639354.64941615,0.5509629605735725,0.0149935552773975,0.0
146,2024,United States of America,500484401.0,537542792.4,501582748.9,529043884.4461568,529043884.4461568,542218353.9612869,0.5407456196555018,0.0242973507238945,0.0
117,2024,United States of America,1357262455.6,1473014083.8,1361045732.8,1449268830.1725254,1449268830.1725254,1491598906.438202,0.5567943317296707,0.0283789938990748,0.0
