farm_id,A_built_S_A,A_fixed_S_A,A_C0_S_A,A_C1_S_A,A_C2_S_A,A_C3_S_A,A_built_S_B0,A_fixed_S_B0,A_C0_S_B0,A_C1_S_B0,A_C2_S_B0,A_C3_S_B0,A_built_S_B45,A_fixed_S_B45,A_C0_S_B45,A_C1_S_B45,A_C2_S_B45,A_C3_S_B45,A_built_S_C,A_fixed_S_C,A_C0_S_C,A_C1_S_C,A_C2_S_C,A_C3_S_C,A_built_S_D,A_fixed_S_D,A_C0_S_D,A_C1_S_D,A_C2_S_D,A_C3_S_D,A_built_S_E,A_fixed_S_E,A_C0_S_E,A_C1_S_E,A_C2_S_E,A_C3_S_E
0,0.3420169128064458,0.3420169128064458,0.3420169128064458,0.26389580312510186,0.2318192514210697,-2.008299275657833e-14,0.8733103719144024,0.8733103719144024,0.8733103719144024,0.6906985012620118,0.5764903766155485,2.884342791002675e-14,0.873311552165914,0.8733115521658997,0.873311552165914,0.6906979392162373,0.5764898774871529,0.0,0.7334498370663981,0.7334498370663981,0.7334498370663981,0.5433781820400129,0.4673377064072328,-2.3172323697493624e-14,1.4352726313853716,1.4352726313853716,1.4352726313853716,1.0665783935701638,0.9088495232094405,1.293016526739487e-14,0.33080292661198785,0.33080292661198785,0.33080292661198785,0.2621441825056991,0.23276205241287515,1.9761223370604673e-14
1,0.3875910036979701,0.38759100369799043,0.3875910036979701,0.28830715688310116,0.2556667036695588,2.027114888604428e-14,0.7851080844501159,0.7851080844501159,0.7851080844501159,0.5960823960958889,0.5021276873504349,-1.4501626785746346e-14,0.7851112873192345,0.7851112873192346,0.7851112873192345,0.5960818639968608,0.5021271878429332,0.0,0.6995589013096455,0.6995589013096455,0.6995589013096455,0.5261042500516943,0.4556179639351913,0.0,1.536218908296018,1.536218908296018,1.536218908296018,1.117998876178042,0.9621848288700723,0.0,0.38042358346435057,0.38042358346433053,0.38042358346435057,0.3003574817111953,0.2698535660418623,0.0
2,0.19445012026707637,0.194450120267062,0.19445012026707637,0.1660944029233628,0.221745587170681,-1.437158580016553e-14,0.6492116555152504,0.6492116555152504,0.6492116555152504,0.5073171258989372,0.6214311870462983,1.81319218037632e-14,0.6492514875529539,0.6492514875529539,0.6492514875529539,0.5073421028300783,0.6214568280905889,1.8131867296897772e-14,0.5372563679694048,0.5372563679693889,0.5372563679694048,0.4457296241132131,0.5625322708295944,1.574542839170776e-14,0.8822162497299456,0.8822162497299456,0.8822162497299456,0.7943611605293017,1.02023997915746,-1.6912215428301056e-14,0.17282168313718363,0.17282168313716942,0.17282168313718363,0.17199648523711306,0.23587768101593284,1.4225168198009573e-14
3,0.3253298306838976,0.32532983068385807,0.3253298306838976,0.2500336534253699,0.2261084235621306,1.9694475392930482e-14,0.835792251993987,0.835792251993987,0.835792251993987,0.47956814057747676,0.40990575693809866,1.3988087796400323e-14,0.835790739487735,0.8357907394877209,0.835790739487735,0.47956622609740607,0.40990380874685167,2.7976161806752493e-14,0.6076605743506589,0.6076605743506589,0.6076605743506589,0.4207394784294922,0.3702393741602217,-1.1312730093617784e-14,1.210572408344785,1.210572408344785,1.210572408344785,0.9757088370432886,0.8553737644710335,1.2584090624506026e-14,0.33260450406487546,0.33260450406487546,0.33260450406487546,0.2660234793145133,0.243661643356924,1.938831463011675e-14
4,0.8275236322268463,0.827523632226826,0.8275236322268463,0.7269157805784136,0.5700798286127987,2.0127846065127133e-14,5.278826149115037,5.278826149115037,5.278826149115037,3.093544633133724,2.286555201042742,0.0,5.278802544751508,5.278802544751509,5.278802544751508,3.0934605506685315,2.28644981138647,1.5184529377471114e-14,3.0173147115338055,3.01731471153383,3.0173147115338055,2.047182349792899,1.5677522702707718,0.0,4.216137838241268,4.216137838241268,4.216137838241268,2.6104881412210763,1.9752215226925596,2.6801406452207546e-14,0.6317082430187965,0.6317082430187965,0.6317082430187965,0.5108236008023801,0.40194282583325647,3.952449022463342e-14
5,0.10923143934730871,0.10923143934730871,0.10923143934730871,0.1346438671852131,0.19496446545179116,-1.3574662845937757e-14,0.4712612666701817,0.4712612666701817,0.4712612666701817,0.3581991458442439,0.464313631664006,1.6845326429746434e-14,0.47128637176789695,0.4712863717679139,0.47128637176789695,0.3582115433060601,0.4643266047561568,1.6845277290225638e-14,0.33006789445304147,0.33006789445304147,0.33006789445304147,0.28748593793668625,0.40131035033094725,-1.476889692447518e-14,0.4770185914727638,0.4770185914727638,0.4770185914727638,0.3745455886235183,0.5052013837477496,1.578638760066487e-14,0.09318337192167356,0.09318337192167356,0.09318337192167356,0.12408597026548997,0.1872574332038109,0.0
6,0.4719206621164338,0.4719206621164576,0.4719206621164338,0.41454690551643053,0.3411514024675109,0.0,1.4878958821573645,1.4878958821573645,1.4878958821573645,1.0108318405777306,0.8076828594961482,-3.493391606231927e-14,1.4880267506693148,1.4880267506693148,1.4880267506693148,1.0108921714698977,0.8077257988463112,1.7467062831618797e-14,1.1848935550762894,1.1848935550762756,1.1848935550762894,0.8953139581324693,0.7315094198400983,-2.7646132676229112e-14,1.631931785658756,1.631931785658756,1.631931785658756,1.2346561309976125,0.9969175233935463,3.1090771603271845e-14,0.5354282898453703,0.5354282898453703,0.5354282898453703,0.43856686876272566,0.36104182172541693,-2.3288659998649182e-14
7,0.21068698033589703,0.21068698033589697,0.21068698033589703,0.18817425466625454,0.2596009187809089,1.3609821231550035e-14,0.2930692334109125,0.2930692334109125,0.2930692334109125,0.25039964762534606,0.3147876443993026,3.4037653985166486e-14,0.2930885845063201,0.2930885845063372,0.2930885845063201,0.2504033155259985,0.31479123387154473,-1.701877521302545e-14,0.364861925851166,0.364861925851166,0.364861925851166,0.28456856756689775,0.35427472274428645,-1.4850280909137692e-14,0.5700581665170856,0.5700581665170856,0.5700581665170856,0.491535949847663,0.6476490700308908,-1.5910688012310715e-14,0.18755907807434907,0.18755907807436256,0.18755907807434907,0.17450292698386505,0.25207646309435694,0.0
8,0.7939286644598808,0.7939286644598808,0.7939286644598808,0.6491469709247507,0.5566445800531881,1.8330879337291634e-14,4.33931939759832,4.33931939759832,4.33931939759832,2.6014128289043565,2.030643966047166,-1.3406982862361651e-14,4.339625648742091,4.339625648742091,4.339625648742091,2.601471963264451,2.0306832422793755,0.0,2.5283476713514372,2.5283476713514372,2.5283476713514372,1.7942144796497974,1.4725091923582116,-2.126790393534419e-14,3.683433029916613,3.683433029916613,3.683433029916613,2.269867543145983,1.8225877973289335,-1.1938438644995114e-14,0.5009489641788903,0.5009489641788903,0.5009489641788903,0.44179918712466537,0.3812479864549547,1.8027225516077866e-14
9,0.25141688200398465,0.25141688200398465,0.25141688200398465,0.22893262466084768,0.3168899137143147,-1.4387413785433e-14,0.5073537419551202,0.5073537419551202,0.5073537419551202,0.48856963910246803,0.6400576981850108,0.0,0.5073625352749715,0.5073625352749535,0.5073625352749715,0.48854148701881345,0.6400266728688195,0.0,0.5448309605943658,0.5448309605943814,0.5448309605943658,0.4425017316435681,0.5610825142730301,1.5699691761237827e-14,0.6367377258581697,0.6367377258581697,0.6367377258581697,0.6334055340189237,0.8539202865381548,-1.6813039121706415e-14,0.20981694276675114,0.20981694276676544,0.20981694276675114,0.2013214450931443,0.2888166719906832,-1.4247442204347945e-14
10,0.1498375517430431,0.1498375517430431,0.1498375517430431,0.11937044011805681,0.16973075007951624,1.369820636877903e-14,0.7197273350614822,0.7197273350614822,0.7197273350614822,0.4602996280276773,0.5781398037807712,1.7092597222480026e-14,0.7197159560098287,0.719715956009846,0.7197159560098287,0.4603059393994737,0.5781158846081483,-3.418509053953378e-14,0.4318888591457233,0.43188885914573827,0.4318888591457233,0.37131160789809875,0.5012437078296701,2.986293938829041e-14,0.5667320140259383,0.5667320140259383,0.5667320140259383,0.5147785728568022,0.6767246514331037,-1.5988370892624065e-14,0.11622179712736971,0.11622179712736974,0.11622179712736971,0.10125740089446467,0.1490171743763551,-1.3567625453399404e-14
11,0.19298929156698133,0.19298929156698133,0.19298929156698133,0.18798529237102735,0.26022211229173353,1.3419504702400471e-14,0.15212001764925626,0.15212001764925626,0.15212001764925626,0.23296290082541432,0.2878899339327247,3.345853535590987e-14,0.15211708878573896,0.15211708878572222,0.15211708878573896,0.23295141807207145,0.28787826951782,-1.6729215636711694e-14,0.3160972150375915,0.3160972150375915,0.3160972150375915,0.3035344153424741,0.3692357449171145,-2.9236269673740344e-14,0.4587911112959361,0.4587911112959361,0.4587911112959361,0.4954523855336515,0.6468079600301361,1.5649538841077817e-14,0.1798797048381771,0.1798797048381904,0.1798797048381771,0.18119514270111534,0.26653560284154354,-1.329323179970102e-14
12,1.2580341087862994,1.2580341087863185,1.2580341087862994,0.9077879413388628,0.8067882966070627,0.0,6.499060024015721,6.499060024015721,6.499060024015721,4.097287383430123,3.2575855457383116,0.0,6.498992470054563,6.498992470054563,6.498992470054563,4.097134289941646,3.2573688378820638,0.0,4.098477370137959,4.098477370137959,4.098477370137959,2.7968810772984294,2.3769805616073825,4.3655011060186233e-14,7.141728626063,7.141728626063,7.141728626063,5.060462906610863,4.172008172685729,1.2205039384447566e-14,0.8038763749108823,0.8038763749108823,0.8038763749108823,0.5895488898861136,0.5230895741122682,0.0
13,0.269164767660624,0.269164767660624,0.269164767660624,0.2690273992801465,0.3056959981618924,-1.6161111229567696e-14,0.8198454802173125,0.8198454802173125,0.8198454802173125,0.6994493326628468,0.7573777499783994,-2.124103980521429e-14,0.8198086481273748,0.8198086481273748,0.8198086481273748,0.6994222484979045,0.7573520864399786,2.1240969104532427e-14,0.6148811926839166,0.6148811926839166,0.6148811926839166,0.5412574076521296,0.5820469740335299,1.799862209788301e-14,0.8364842921445941,0.8364842921445941,0.8364842921445941,0.7712152254754785,0.8536530814765159,1.9569148281847636e-14,0.23094859601672812,0.23094859601672812,0.23094859601672812,0.24023404943627288,0.2797731195741238,1.5966128169731666e-14
14,0.4644429157178079,0.4644429157178293,0.4644429157178079,0.33469182394490615,0.2967544354834149,0.0,1.7775383531245579,1.7775383531245579,1.7775383531245579,1.1763706270469756,0.9909227166043878,0.0,1.7776112038207292,1.7776112038207137,1.7776112038207292,1.1764084053399002,0.990953650721295,0.0,1.3847902110266919,1.3847902110266919,1.3847902110266919,0.9781002298320696,0.8503953634620525,0.0,1.959792471345388,1.959792471345388,1.959792471345388,1.2183991246868222,1.0483875023941123,0.0,0.4177193222582205,0.4177193222582205,0.4177193222582205,0.33520551293649525,0.3006955410600009,0.0
15,0.2059942645882954,0.20599426458831044,0.2059942645882954,0.19347276781048894,0.24314598146584515,0.0,0.6328121377803376,0.6328121377803376,0.6328121377803376,0.5094274718703098,0.5979807318980213,0.0,0.6328627363711075,0.6328627363711075,0.6328627363711075,0.5094420784816243,0.5979955382301232,0.0,0.44934289973524405,0.4493428997352441,0.44934289973524405,0.4574360288470522,0.5485113325795219,3.314952179081946e-14,0.868908057934236,0.868908057934236,0.868908057934236,0.7922115873105376,0.9590697516450377,1.788429240474257e-14,0.17560734811215295,0.17560734811216785,0.17560734811215295,0.1606381834182638,0.20533664569249688,1.4862054081655168e-14
16,0.2219020769316082,0.2219020769316082,0.2219020769316082,0.1869035581522916,0.2690560843708661,0.0,0.354366661817193,0.354366661817193,0.354366661817193,0.29732598553427847,0.3847429092487912,1.659019490756926e-14,0.35439000537221377,0.35439000537221377,0.35439000537221377,0.29732606769446224,0.3847427405409321,0.0,0.4413896380312821,0.4413896380313113,0.4413896380312821,0.31589690609379517,0.4082842231857828,1.455394227116598e-14,0.6204881600632962,0.6204881600632962,0.6204881600632962,0.5239339188934738,0.7051525486246104,-1.5551967714214352e-14,0.1915702050843215,0.19157020508433478,0.1915702050843215,0.16924859109166465,0.25455063170056164,1.3259640245249797e-14
17,0.28346953039668926,0.28346953039668926,0.28346953039668926,0.2387129348836198,0.284346238771523,0.0,0.9917290170792034,0.9917290170792034,0.9917290170792034,0.8646441555552741,0.9408648481967834,0.0,0.9917140409481494,0.9917140409481695,0.9917140409481494,0.8646282717460192,0.9408501588670767,1.9823914441861554e-14,0.7678559338356332,0.7678559338356161,0.7678559338356332,0.6679691965970809,0.760860764531116,0.0,1.0738615080093172,1.0738615080093172,1.0738615080093172,0.8863722519800366,0.984160555107136,-1.8310969947983773e-14,0.22651755156336337,0.22651755156336337,0.22651755156336337,0.1912967637821607,0.2331427948158266,-3.011088233468582e-14
18,0.1775410600865993,0.1775410600866129,0.1775410600865993,0.19001193571842245,0.2627176371763867,-2.7172143223480286e-14,0.18742014972731103,0.18742014972731103,0.18742014972731103,0.23482270036553152,0.29726252940274495,0.0,0.18746722164122598,0.18746722164119195,0.18746722164122598,0.23482628101620262,0.2972659955434673,0.0,0.30127263329969783,0.30127263329969783,0.30127263329969783,0.2910158993130527,0.3586199047832243,-1.482292211144483e-14,0.47172288511472027,0.47172288511472027,0.47172288511472027,0.4917159625938828,0.6419752019935501,0.0,0.1663592563589533,0.16635925635896676,0.1663592563589533,0.1784912898898047,0.2586409553301829,0.0
19,0.3933088596995494,0.3933088596995377,0.3933088596995494,0.27891036395713703,0.22310542221080898,-1.158692609498449e-14,0.9800618727391147,0.9800618727391147,0.9800618727391147,0.610162644694976,0.47444971873868996,3.4620088361299555e-14,0.980063152517077,0.980063152517077,0.980063152517077,0.6101641005676117,0.4744509239598059,-1.731003322676137e-14,0.8906291636253767,0.8906291636253767,0.8906291636253767,0.5302614062369039,0.4255041454508721,-2.7179427193703697e-14,1.7579671406637376,1.7579671406637376,1.7579671406637376,1.0795858387645085,0.8450154161609287,0.0,0.40454960228923825,0.40454960228928394,0.40454960228923825,0.29785476972030406,0.23730061503572641,-3.413598516441676e-14
20,0.24006353926935955,0.24006353926934623,0.24006353926935955,0.19506824613549273,0.28412497416318006,-2.6581535508022378e-14,0.40550330748715374,0.40550330748715374,0.40550330748715374,0.33379557808026505,0.43477829662550316,1.6442435866737053e-14,0.40550871474815725,0.40550871474817374,0.40550871474815725,0.33379301811583006,0.43477532274313585,1.644238691488349e-14,0.4435996278806184,0.4435996278806184,0.4435996278806184,0.34179687376568707,0.4452855959933099,-2.8880027482198953e-14,0.6064238134799037,0.6064238134799037,0.6064238134799037,0.5329911507899437,0.72180218825876,0.0,0.2047705399919723,0.20477053999195913,0.2047705399919723,0.1755776284453618,0.26749941021552015,0.0
21,0.7905460347857161,0.7905460347857322,0.7905460347857161,0.7282152927805426,0.873146671554965,0.0,3.9666300105065937,3.9666300105065937,3.9666300105065937,3.328117334874211,3.4442789784955115,-2.112355183428544e-14,3.966630144991636,3.9666301449916577,3.966630144991636,3.3281136200467842,3.4442740903194147,2.1123505291573056e-14,2.6324553816923912,2.632455381692373,2.6324553816923912,2.239604529305783,2.4791126574777054,3.570263940034396e-14,4.239897813672215,4.239897813672215,4.239897813672215,3.3122251028945087,3.5949856113337986,3.884791688565027e-14,0.48009787834393225,0.48009787834393225,0.48009787834393225,0.4472763962930629,0.5412275354993948,1.584296878237255e-14
22,0.24792408828536414,0.24792408828536414,0.24792408828536414,0.2142735374923579,0.2411144286338187,1.5013396577143883e-14,0.7023145794078804,0.7023145794078804,0.7023145794078804,0.5285656833964735,0.5555462719700399,-1.968053266254332e-14,0.70229630664816,0.70229630664816,0.70229630664816,0.528567372682143,0.5555476401782421,-1.9680460056042484e-14,0.5717082172141252,0.5717082172141085,0.5717082172141252,0.42553364895913387,0.45259140292211086,1.6679487195882006e-14,0.7176076894416543,0.7176076894416543,0.7176076894416543,0.6095501395542657,0.697327315993263,-3.6256638122973906e-14,0.24367754713032394,0.24367754713032394,0.24367754713032394,0.23395718004661964,0.2797964438100968,0.0
23,0.24470722193771327,0.24470722193769964,0.24470722193771327,0.19969719365748317,0.28134625733802426,0.0,0.3339047853435656,0.3339047853435656,0.3339047853435656,0.2728129463756648,0.3457848765449837,1.6924873652115242e-14,0.33389655230833687,0.33389655230833687,0.33389655230833687,0.2728197718782482,0.34579190906264895,1.6924823697642023e-14,0.42925565080049566,0.42925565080049566,0.42925565080049566,0.31835407194269655,0.4018369813308807,1.4797557281993586e-14,0.6340433378300968,0.6340433378300968,0.6340433378300968,0.5410116660672094,0.7157516154992979,1.5838729530497214e-14,0.2110214723296915,0.21102147232963767,0.2110214723296915,0.18027373568453245,0.2646453140515309,-1.3448143037016093e-14
24,0.38339344923338303,0.38339344923338303,0.38339344923338303,0.2706405094634324,0.2071885943810476,0.0,1.180820653635798,1.180820653635798,1.180820653635798,0.7399657396460422,0.5556332542696056,0.0,1.1808231599256336,1.180823159925597,1.1808231599256336,0.7399698237107709,0.5556360720736336,-1.831488744408048e-14,0.9215966476303307,0.9215966476303307,0.9215966476303307,0.5584178295515838,0.4294185334930907,0.0,1.5780530332704816,1.5780530332704816,1.5780530332704816,0.9125519174066131,0.6903169463375508,-1.6146506272966302e-14,0.35617364552046926,0.35617364552046926,0.35617364552046926,0.2511191548448874,0.19042618770982855,2.3622271415625882e-14
25,0.19584702541431526,0.19584702541431526,0.19584702541431526,0.1735187372136571,0.219169523446682,0.0,0.74248647781225,0.74248647781225,0.74248647781225,0.5772273130452084,0.698802872457174,1.759079591260178e-14,0.742506876924833,0.7425068769248153,0.742506876924833,0.5772368831716579,0.6988192385216038,0.0,0.49704766714832543,0.4970476671483101,0.49704766714832543,0.40615162327870946,0.5202083287283559,0.0,0.6541335633901489,0.6541335633901489,0.6541335633901489,0.6906204443689686,0.8871030335857387,0.0,0.22223902798909664,0.22223902798911047,0.22223902798909664,0.21884669895229142,0.3027530055271413,0.0
26,0.24243628574546766,0.24243628574546766,0.24243628574546766,0.2055083799302819,0.26382785905323336,0.0,0.8307964051781762,0.8307964051781762,0.8307964051781762,0.7010107616957009,0.8063369563340738,1.853115719324512e-14,0.830758756741461,0.830758756741461,0.830758756741461,0.7009931811247259,0.8063195334704912,1.8531097790550007e-14,0.5941910410630121,0.5941910410630442,0.5941910410630121,0.5497410242943015,0.6707720707312522,-1.5960464406825787e-14,0.8900295555868283,0.8900295555868283,0.8900295555868283,0.6870862770093896,0.8158631244396122,-1.7211387101483323e-14,0.1915808085810334,0.19158080858100465,0.1915808085810334,0.15699244232030982,0.2063287339187859,1.434785528016838e-14
27,0.2479275224567558,0.2479275224567558,0.2479275224567558,0.21289325352483537,0.3163519430178019,0.0,0.7435404854624351,0.7435404854624351,0.7435404854624351,0.5373073743956556,0.7076392560323788,1.6147400136252573e-14,0.743596061034885,0.7435960610348686,0.743596061034885,0.5373117081782405,0.707643475351501,-1.614735346553709e-14,0.6040724169578272,0.6040724169578415,0.6040724169578272,0.46934701733306444,0.631921706985655,-1.4220492947013006e-14,0.8447813540844903,0.8447813540844903,0.8447813540844903,0.6821978989963192,0.9201793512848639,0.0,0.2189425486443186,0.21894254864429255,0.2189425486443186,0.1948706416606451,0.3051778607606193,1.3002688950196141e-14
28,0.33314820511197585,0.33314820511199494,0.33314820511197585,0.2255799488445485,0.2108262373595045,-3.797907696560265e-14,1.1269427757178132,1.1269427757178132,1.1269427757178132,0.6673745398114314,0.5946571509855915,0.0,1.1269418661068251,1.1269418661068118,1.1269418661068251,0.6673784858342918,0.5946617788058968,1.3297356980129719e-14,0.6809398362738541,0.6809398362738325,0.6809398362738541,0.41051652348890433,0.3764721423981838,-2.169583773483876e-14,1.0548401791686406,1.0548401791686406,1.0548401791686406,0.6938511075505659,0.637727204121349,1.2016127219697037e-14,0.35645980896880136,0.35645980896880136,0.35645980896880136,0.27897329228222184,0.2657603310432729,0.0
29,0.21808802041436232,0.21808802041436232,0.21808802041436232,0.1593701034900552,0.21416972895075212,-1.3975813642596238e-14,0.549185950208637,0.549185950208637,0.549185950208637,0.5983768040055858,0.6957451349019483,-3.550491250074811e-14,0.5492072402310545,0.5492072402310189,0.5492072402310545,0.5984078113948964,0.6957946901991833,-1.7752503549414677e-14,0.41440351000737646,0.4144035100073611,0.41440351000737646,0.4369586092923854,0.5527015560864083,0.0,0.7469765238843663,0.7469765238843663,0.7469765238843663,0.7735893322657574,0.9532982986345399,-1.6509918247778398e-14,0.23581171147126503,0.23581171147126503,0.23581171147126503,0.20985601755011893,0.2848878613194451,-1.383337025776741e-14
30,0.1738402623725251,0.17384026237255507,0.1738402623725251,0.1524257205955474,0.18109179616284138,-1.4968088852467374e-14,0.5443415971098982,0.5443415971098982,0.5443415971098982,0.4205108915115883,0.4566682407208981,1.9479436931509244e-14,0.5443866290904219,0.5443866290904024,0.5443866290904219,0.4205107458770282,0.45666804507577374,1.9479369461578444e-14,0.3723802532860655,0.37238025328608215,0.3723802532860655,0.3443684027485827,0.39216874201246726,-3.3184875692141576e-14,0.7811439795039335,0.7811439795039335,0.7811439795039335,0.609785338893098,0.6874118626740534,0.0,0.1639727869916232,0.16397278699163803,0.1639727869916232,0.14934099174713056,0.1821016127096851,0.0
31,0.20210083988791477,0.20210083988792918,0.20210083988791477,0.1669236140462512,0.22117373465013293,0.0,0.5083787920405248,0.5083787920405248,0.5083787920405248,0.36681918540084385,0.4639297276576798,3.626096530542031e-14,0.5083268258128716,0.5083268258128898,0.5083268258128716,0.3668041608315456,0.46391374168914457,-1.8130428367742997e-14,0.36825537654328866,0.3682553765432729,0.36825537654328866,0.2730338488177358,0.3374939216759773,1.5746963283549404e-14,0.6314728530490257,0.6314728530490257,0.6314728530490257,0.5639006317519522,0.726763687400011,0.0,0.1706369116227231,0.17063691162273734,0.1706369116227231,0.14445025069443146,0.1971453910975185,-1.4220179778606563e-14
32,0.718251438552189,0.7182514385522119,0.718251438552189,0.5324874170049111,0.38772417236680684,0.0,4.938974489286446,4.938974489286446,4.938974489286446,2.5873177203824205,1.828552369170702,-1.759065519833293e-14,4.938956373850158,4.938956373850139,4.938956373850158,2.587250954228515,1.828490017529225,-1.7590573056159628e-14,2.6428371576942347,2.642837157694249,2.6428371576942347,1.508665687926618,1.0861657564506715,0.0,5.542088315548978,5.542088315548978,5.542088315548978,3.338562199454897,2.387539507100128,3.080820025498016e-14,0.669592148290398,0.669592148290398,0.669592148290398,0.537871346169222,0.3928272876125329,0.0
33,0.7378831792428121,0.7378831792427895,0.7378831792428121,0.5466604063313771,0.4241341285181062,-1.1217347595940332e-14,3.5628527362701914,3.5628527362701914,3.5628527362701914,1.9705018906737262,1.4712187314145146,-3.396197560738769e-14,3.5630531845348203,3.5630531845347853,3.5630531845348203,1.9706517705178328,1.4713116288918857,1.6981105203807084e-14,2.3022339030552086,2.3022339030552086,2.3022339030552086,1.4959101448119225,1.1562222245725473,0.0,4.024225553578635,4.024225553578635,4.024225553578635,2.4643723007041793,1.8722342532598775,1.4977550761470038e-14,0.6866939264588557,0.6866939264588335,0.6866939264588557,0.5071526567491599,0.39305327714483385,4.404259157427173e-14
34,0.9146656007041912,0.9146656007041912,0.9146656007041912,0.8865870955022356,1.5638714353099241,0.0,5.141418724447145,5.141418724447145,5.141418724447145,4.6739309018071875,6.5885170026771425,0.0,5.141494332313617,5.141494332313633,5.141494332313617,4.673998909558833,6.588573256440961,0.0,2.9802151271894775,2.9802151271894637,2.9802151271894775,2.7678945406182294,4.27545871184346,-2.6610214553270943e-14,4.977216562310874,4.977216562310874,4.977216562310874,4.769824649073081,7.106318326746781,0.0,0.5628303516110592,0.5628303516110592,0.5628303516110592,0.5608340445315466,1.010662584307026,1.2243428091226169e-14
35,0.8437785261229748,0.8437785261229946,0.8437785261229748,0.7037294638551451,0.5521021557683702,-1.9635595753624073e-14,4.132748872563891,4.132748872563891,4.132748872563891,2.47576314488219,1.824703318116739,-1.482021793466093e-14,4.132973860380765,4.132973860380765,4.132973860380765,2.475905289836963,1.8247900555737415,-1.482032151702133e-14,2.711084403083571,2.7110844030835364,2.711084403083571,1.8977463564066852,1.4511292980856396,-1.1539170026204775e-14,3.1765586962882626,3.1765586962882626,3.1765586962882626,2.1785230985389417,1.6518248175800363,2.6145118794742655e-14,0.6251445095871149,0.6251445095871537,0.6251445095871149,0.5343855780172184,0.42103517558203135,1.9280366033124757e-14
36,0.2381717920982043,0.23817179209825126,0.2381717920982043,0.21454908596043104,0.24971323093696504,-1.5629206329533393e-14,1.263613598129761,1.263613598129761,1.263613598129761,0.7719666880410968,0.8697618162252976,0.0,1.2636213288198028,1.2636213288198235,1.2636213288198028,0.7719736875604851,0.8697719476083727,4.0609116366653213e-14,0.7539037048213146,0.7539037048213321,0.7539037048213146,0.5770887914941665,0.6520003453440897,1.733286003729923e-14,1.2210619640145195,1.2210619640145195,1.2210619640145195,1.113557752798168,1.2958373142809478,-1.8777374286599023e-14,0.24954772656686303,0.24954772656686303,0.24954772656686303,0.23603749933500212,0.286236611157035,-3.0895763242254065e-14
37,0.49947780715028217,0.49947780715026885,0.49947780715028217,0.36625266553505387,0.2621948617277874,1.3261892627000024e-14,2.0242504463632924,2.0242504463632924,2.0242504463632924,1.3010201261878285,0.9239062498508289,2.0875969513217625e-14,2.0242551382907665,2.024255138290745,2.0242551382907665,1.3010201151530802,0.9239063730250957,2.0875951163813046e-14,1.5581537122009197,1.5581537122009197,1.5581537122009197,1.0286622366071532,0.7458824599244765,1.5894494201659726e-14,2.7241313081964935,2.7241313081964935,2.7241313081964935,1.7620862164003888,1.2427289300747162,0.0,0.4917188425152734,0.4917188425152734,0.4917188425152734,0.3525629447866749,0.24804462941256203,0.0
38,0.33074529204326825,0.33074529204326836,0.33074529204326825,0.2279990299256112,0.20450718590147024,-1.937036001597913e-14,1.3324346941942566,1.3324346941942566,1.3324346941942566,0.5588579886599313,0.47651969827012736,-1.377779851728384e-14,1.332429228511632,1.332429228511632,1.332429228511632,0.5588614286928677,0.47652330224148176,1.3777791697040117e-14,0.8654412262853076,0.8654412262853076,0.8654412262853076,0.47102311455157747,0.41583482331744104,0.0,1.2259982465769044,1.2259982465769044,1.2259982465769044,0.8022286935692171,0.7016624314047273,1.2388784354891017e-14,0.37285341029477137,0.3728534102947713,0.37285341029477137,0.2904055666686095,0.2649473014770692,1.9068236452680027e-14
39,1.1736885256303866,1.1736885256303866,1.1736885256303866,1.0493978082078113,1.552215312386589,0.0,6.406352599489845,6.406352599489845,6.406352599489845,4.712832486044384,6.738602578570816,0.0,6.406411892341126,6.406411892341147,6.406411892341126,4.7128775235090705,6.738651950234701,2.04162726945015e-14,3.524457311043406,3.524457311043406,3.524457311043406,3.039266190291839,4.360304523177859,-1.795057125351201e-14,6.335633945282199,6.335633945282199,6.335633945282199,5.152100757849478,7.453846950340153,0.0,0.7051784228467549,0.7051784228467549,0.7051784228467549,0.6276899099238713,0.9294610189291913,0.0
40,0.23413570187241195,0.23413570187241195,0.23413570187241195,0.24501652547599592,0.35951671308200633,1.3328686714638185e-14,0.8108703843378112,0.8108703843378112,0.8108703843378112,0.7977891738074304,1.0646844400840758,3.29624101727021e-14,0.8108197620742696,0.8108197620742696,0.8108197620742696,0.7977404918940473,1.0646337661776974,-1.6481154907684294e-14,0.6297380784293726,0.6297380784293726,0.6297380784293726,0.5740370652491537,0.7584812859986985,2.8946657117395044e-14,0.8013253599032784,0.8013253599032784,0.8013253599032784,0.8086833073848486,1.0898229879533656,-1.5456602690369167e-14,0.1915275446183118,0.1915275446183118,0.1915275446183118,0.20834909204181948,0.31936433953750026,1.320790153859947e-14
41,1.053838953195277,1.053838953195277,1.053838953195277,0.7755948044387145,0.7644764389579939,-1.7792272260167305e-14,4.897502035974947,4.897502035974947,4.897502035974947,3.3780756207980316,2.995502531273491,0.0,4.897484572144502,4.897484572144502,4.897484572144502,3.378050154042841,2.99546389027923,1.2366940435833728e-14,3.4221686038679127,3.422168603867892,3.4221686038679127,2.4808915357931824,2.3426519129571277,0.0,5.630729650347965,5.630729650347965,5.630729650347965,4.194897778049535,3.8497928979586886,-2.2374599701811514e-14,0.6701605646085538,0.6701605646085361,0.6701605646085538,0.4945023661502656,0.4914307640439796,-1.753834895840644e-14
42,0.818356681291052,0.818356681290999,0.818356681291052,0.8625473489238492,1.8100997449020793,-1.3174344706750744e-14,4.116748048801463,4.116748048801463,4.116748048801463,3.8083119442115327,7.420618426663106,-1.5391545466637448e-14,4.116793735249258,4.116793735249258,4.116793735249258,3.80835155836339,7.4206742076953605,-1.5391551501249748e-14,2.4374573172033394,2.4374573172033536,2.4374573172033394,2.450641273576091,4.875913521210178,1.4025020385235198e-14,4.119701879602364,4.119701879602364,4.119701879602364,4.322667286905432,8.612872486382557,0.0,0.5003640942567048,0.5003640942567048,0.5003640942567048,0.5372663443753989,1.1146065581669862,0.0
43,0.16644893680251235,0.16644893680249814,0.16644893680251235,0.14583443261865853,0.18207054808633363,-1.4174672415944685e-14,0.3028451525033976,0.3028451525033976,0.3028451525033976,0.3692989712721088,0.427387572705413,0.0,0.30287543256181154,0.3028754325617934,0.30287543256181154,0.3693413377946197,0.42742646350898056,-3.621160826516249e-14,0.26142311772353194,0.26142311772353194,0.26142311772353194,0.26106677669543926,0.31821390752486733,1.558339790878171e-14,0.6379141626994591,0.6379141626994591,0.6379141626994591,0.5795075604441768,0.7056616832840352,0.0,0.17465331289901428,0.17465331289901428,0.17465331289901428,0.15723283756894818,0.21049900048887082,1.4026819208742511e-14
44,0.22980355698272306,0.22980355698274457,0.22980355698272306,0.20300443113527192,0.17929366430016877,4.2903826762643755e-14,0.6343971098267033,0.6343971098267033,0.6343971098267033,0.42117613294976836,0.358157741449305,3.073658752711674e-14,0.6344328496131686,0.6344328496131686,0.6344328496131686,0.4212001734756493,0.3581769029050351,1.5368376058383337e-14,0.49788384828473226,0.49788384828473226,0.49788384828473226,0.3465699725960776,0.30207128395695937,-1.237047638858814e-14,0.972981141734745,0.972981141734745,0.972981141734745,0.6077258332145448,0.525151097235654,-1.3796252649580296e-14,0.2299760839580676,0.2299760839580676,0.2299760839580676,0.19913601049610963,0.17672544797448828,0.0
45,0.9146656007041912,0.9146656007041912,0.9146656007041912,0.8865870955022356,1.5638714353099241,0.0,5.141418724447145,5.141418724447145,5.141418724447145,4.6739309018071875,6.5885170026771425,0.0,5.141494332313617,5.141494332313633,5.141494332313617,4.673998909558833,6.588573256440961,0.0,2.9802151271894775,2.9802151271894637,2.9802151271894775,2.7678945406182294,4.27545871184346,-2.6610214553270943e-14,4.977216562310874,4.977216562310874,4.977216562310874,4.769824649073081,7.106318326746781,0.0,0.5628303516110592,0.5628303516110592,0.5628303516110592,0.5608340445315466,1.010662584307026,1.2243428091226169e-14
46,0.6319669283359283,0.6319669283359162,0.6319669283359283,0.6805873986331672,1.2588772492642903,1.195787960323548e-14,3.615335007668828,3.615335007668828,3.615335007668828,3.5378968150447365,5.0779642634424,1.443741402194945e-14,3.6154105238988796,3.61541052389891,3.6154105238988796,3.53795931287843,5.078015525199751,2.887484775161351e-14,2.2023752941517043,2.202375294151678,2.2023752941517043,2.2113291106183253,3.5403886060903664,1.28465132023666e-14,3.692710407133758,3.692710407133758,3.692710407133758,3.8179142245463575,5.75042936726852,1.3621154986544731e-14,0.3795319629679721,0.3795319629679482,0.3795319629679721,0.41567946258044797,0.7858987574288315,0.0
47,0.9580299045228322,0.9580299045228524,0.9580299045228322,0.6499422347058303,0.521368185920465,2.0088337759105134e-14,4.522518718312403,4.522518718312403,4.522518718312403,2.5754680463579827,1.9099263530571522,1.5050140111137094e-14,4.522498257273393,4.522498257273393,4.522498257273393,2.5753724711290733,1.909809623867784,3.010016931720781e-14,3.0128992681084736,3.0128992681084736,3.0128992681084736,1.814482824722484,1.405763716827626,0.0,4.977246955731829,4.977246955731829,4.977246955731829,3.1370011238317455,2.3830156897294326,0.0,0.6835950203681802,0.6835950203681802,0.6835950203681802,0.5225341254260062,0.41973372875060244,1.9734488881512743e-14
48,0.1952720239563019,0.19527202395628784,0.1952720239563019,0.1651958463800717,0.23117624458594935,1.4027337150917284e-14,0.8055306612230765,0.8055306612230765,0.8055306612230765,0.617652059812821,0.7548473580263803,-1.7651327806755177e-14,0.8055267365025359,0.8055267365025359,0.8055267365025359,0.6176453639683885,0.7548401991342663,1.7651273377077097e-14,0.5959974583287292,0.5959974583287138,0.5959974583287292,0.4989995435718115,0.6489401431860987,-1.534615146972421e-14,0.8011634886403942,0.8011634886403942,0.8011634886403942,0.5981961002383983,0.7462022740267947,0.0,0.15572260428491255,0.15572260428488477,0.15572260428491255,0.15233373070762096,0.2129092889253186,1.3887411142543917e-14
49,0.30928503380324157,0.3092850338032119,0.30928503380324157,0.2645732307076274,0.33007085379785794,1.4819972382720184e-14,1.0653940376353606,1.0653940376353606,1.0653940376353606,0.9102788997563366,1.0336020631491742,0.0,1.0653329437000947,1.0653329437000947,1.0653329437000947,0.9102487432460608,1.0335694000850133,0.0,0.8293588468304296,0.8293588468304622,0.8293588468304296,0.7235434862107313,0.8558286756176843,-1.6352103631230487e-14,1.0030220213597414,1.0030220213597414,1.0030220213597414,0.8755249291097675,1.0130087914311978,-1.7668136311372067e-14,0.2489148057183669,0.2489148057183669,0.2489148057183669,0.2079229431085531,0.2657029340400452,1.4657943454871188e-14
50,0.43094768709584846,0.43094768709584846,0.43094768709584846,0.27308400472852407,0.21983551207177296,-1.1628556926508014e-14,0.9851209952658706,0.9851209952658706,0.9851209952658706,0.506964560361113,0.3950049612592141,-1.7325121960533877e-14,0.9851216003767655,0.9851216003767655,0.9851216003767655,0.506965540596913,0.3950057890117499,1.7325111113678517e-14,0.9363011134027406,0.9363011134027542,0.9363011134027406,0.49950475033453784,0.4039429527510618,1.362370803565126e-14,1.6541584463240901,1.6541584463240901,1.6541584463240901,0.9815637957142989,0.7715929546539586,1.536597548565569e-14,0.4157883437837587,0.41578834378373586,0.4157883437837587,0.2835061215670845,0.22749925513480618,1.1420995605459037e-14
51,0.15344036891131774,0.15344036891130336,0.15344036891131774,0.14603546162932493,0.18737891591215564,2.8700060829255754e-14,0.415967342636507,0.415967342636507,0.415967342636507,0.39252855065610054,0.45144122006662135,-1.83086578366159e-14,0.41601801011535355,0.41601801011537193,0.41601801011535355,0.3925209942478711,0.4514339279043833,0.0,0.34875843241327953,0.34875843241327953,0.34875843241327953,0.36474421995954137,0.4466292880368775,1.5781682252913704e-14,0.6091473594220959,0.6091473594220959,0.6091473594220959,0.4784011925311675,0.5788424077474148,-1.7011418276222576e-14,0.13295968536488095,0.13295968536489516,0.13295968536488095,0.14139068399519014,0.18846250287177413,-1.419882116763373e-14
52,0.9741072987210145,0.9741072987210145,0.9741072987210145,0.9564598664665951,1.4059103803101811,2.6042286811529837e-14,5.055415558579035,5.055415558579035,5.055415558579035,4.3430702481954375,5.034473755474314,1.648113868745097e-14,5.055503284076586,5.055503284076586,5.055503284076586,4.343145072712324,5.0345275852521265,1.6481151311865904e-14,3.1429658997641163,3.1429658997641305,3.1429658997641163,2.9559764141569334,3.825579545137613,-2.8501114921890855e-14,5.241352168714507,5.241352168714507,5.241352168714507,5.001330731328719,6.1777177270542385,1.5324824877892214e-14,0.5854859870377324,0.5854859870377324,0.5854859870377324,0.5893831129604203,0.8825894246109398,1.2895826068908528e-14
53,0.15937574450830533,0.1593757445082911,0.15937574450830533,0.1624940393018345,0.210028514486592,-1.42390074601951e-14,0.31652639225236434,0.31652639225236434,0.31652639225236434,0.3051693637129113,0.35519710419377676,1.8107803770234406e-14,0.316538774741871,0.316538774741871,0.316538774741871,0.3051684980947098,0.35519612613077656,0.0,0.3121069434445777,0.3121069434445777,0.3121069434445777,0.30227099500311605,0.38043255702537243,1.563958509066261e-14,0.4413698826370556,0.4413698826370556,0.4413698826370556,0.3494085611112851,0.42305574080421804,1.684165266229045e-14,0.13801669984832252,0.13801669984832252,0.13801669984832252,0.16025210233315693,0.21668624446824558,0.0
54,0.20691714499944439,0.20691714499945954,0.20691714499944439,0.1752275725251047,0.21347605352528332,-3.026414488665358e-14,0.4474344360371782,0.4474344360371782,0.4474344360371782,0.3089305100384491,0.3573156036410481,1.9518623214943228e-14,0.4473977059677915,0.4473977059677915,0.4473977059677915,0.3089234985514405,0.3573084849111144,0.0,0.3138793263278582,0.3138793263278582,0.3138793263278582,0.24999350805311524,0.2920825841585315,-1.6730787203828398e-14,0.5329139204836215,0.5329139204836215,0.5329139204836215,0.5081375743946608,0.6058837982899001,1.8087972138086218e-14,0.18152514998063585,0.18152514998063585,0.18152514998063585,0.15600817956628385,0.1950618944379128,0.0
55,0.14628761910488025,0.14628761910488025,0.14628761910488025,0.17140185048407566,0.2305497008724643,0.0,0.4569918536837538,0.4569918536837538,0.4569918536837538,0.43408242818353443,0.5192624162583045,1.7683393496037036e-14,0.4569939943445262,0.4569939943445262,0.4569939943445262,0.4340960289186696,0.5192754533331018,-1.7683336768428287e-14,0.36575083716980905,0.3657508371698245,0.36575083716980905,0.38345723636519446,0.4941547533553507,-3.070714765074618e-14,0.5848244752565288,0.5848244752565288,0.5848244752565288,0.49772938065717376,0.621587368701698,1.6490935506804603e-14,0.12032653007322164,0.12032653007323554,0.12032653007322164,0.1545486006602907,0.21615400583778435,1.3886190641294116e-14
56,1.3068121164556101,1.3068121164556101,1.3068121164556101,1.0614850598868644,1.0275392040698115,2.1546840696091407e-14,7.919120374930966,7.919120374930966,7.919120374930966,4.749804059501168,4.268870686383642,1.5051548138807156e-14,7.918981863536689,7.918981863536672,7.918981863536689,4.749518189723453,4.268588483729655,0.0,4.002451823615363,4.002451823615389,4.002451823615363,2.6920005306144086,2.51368979473253,0.0,7.273302016091985,7.273302016091985,7.273302016091985,4.282403073924455,3.925429885302051,0.0,0.8275818334370011,0.8275818334370011,0.8275818334370011,0.6719207378910413,0.6529981978378201,0.0
57,2.011830524051809,2.011830524051847,2.011830524051809,1.1375705463720838,0.6552522762407806,3.741424730928613e-14,8.00356017919855,8.00356017919855,8.00356017919855,3.6095254752350145,2.3058839992844318,-1.621497360108767e-14,8.003291373903698,8.003291373903679,8.003291373903698,3.6101749066224094,2.306132517919138,1.6215157466087432e-14,5.692596198251281,5.69259619825127,5.692596198251281,3.3533261157726884,2.0018393172954365,0.0,9.80669565925013,9.80669565925013,9.80669565925013,5.409598832612586,3.1853465662102054,0.0,1.2302229494259007,1.2302229494259376,1.2302229494259007,0.7882102141527727,0.46224137762468814,-1.8234377690810773e-14
58,0.410660237745461,0.41066023774542126,0.410660237745461,0.34321196522040726,0.3187113120248241,-1.9800587410962472e-14,0.7986285947722697,0.7986285947722697,0.7986285947722697,0.6017310667393855,0.5499912049208118,0.0,0.7986551218585238,0.7986551218585098,0.7986551218585238,0.6017411839244212,0.5499994695649578,1.3896305109200574e-14,0.851932347383437,0.851932347383437,0.851932347383437,0.5737994986788943,0.5322266385714958,-2.2674098859159024e-14,1.6180247955716829,1.6180247955716829,1.6180247955716829,1.2411386748338893,1.1430746750915184,1.2563062180782398e-14,0.3920447894524673,0.3920447894524673,0.3920447894524673,0.3415478024851885,0.3171491483588536,1.9495881026999978e-14
59,0.23380624048355117,0.2338062404835778,0.23380624048355117,0.19895695172818745,0.28746332340180797,0.0,0.6703566286104414,0.6703566286104414,0.6703566286104414,0.4624436204750528,0.5894114397621919,0.0,0.6703663765054128,0.6703663765054128,0.6703663765054128,0.4624455582718406,0.5894131389347831,-1.6503658383897086e-14,0.5724028600858252,0.5724028600858397,0.5724028600858252,0.43533816492144856,0.5707167456066708,1.447298072105576e-14,0.7880087261045314,0.7880087261045314,0.7880087261045314,0.6118623563133577,0.7982785035465872,3.0933467913130676e-14,0.20365984432755194,0.20365984432755194,0.20365984432755194,0.18511018705076224,0.2798722721120722,0.0
60,0.2646402147877483,0.2646402147877879,0.2646402147877483,0.22322018209203925,0.3283756944226873,1.3180520128264646e-14,0.6705850997610173,0.6705850997610173,0.6705850997610173,0.4982108646849506,0.6492089477371492,-1.626899068533266e-14,0.670610312178325,0.6706103121783087,0.670610312178325,0.49821714122546507,0.6492151019218119,1.6268942171412754e-14,0.5712656682603878,0.5712656682603449,0.5712656682603878,0.4547859939496368,0.6056399491096628,-2.8604066639714084e-14,0.8069743576061983,0.8069743576061983,0.8069743576061983,0.6768091903561925,0.9057928956725817,-1.5265535363218048e-14,0.2250130985178038,0.2250130985178038,0.2250130985178038,0.20079718308068767,0.31069031013338044,-1.3062179065447981e-14
61,0.22413644790018758,0.22413644790017426,0.22413644790018758,0.2098142781353181,0.29976400978482104,-1.327692340072654e-14,0.4706068864519049,0.4706068864519049,0.4706068864519049,0.3989423985950306,0.5103844985130694,1.6472839101091987e-14,0.47063295109983205,0.47063295109983205,0.47063295109983205,0.3989541137607521,0.510396094441366,1.6472788529612886e-14,0.46500605758318686,0.4650060575831724,0.46500605758318686,0.3882248653279218,0.4991362229413264,1.443528731122621e-14,0.6561444980596907,0.6561444980596907,0.6561444980596907,0.5972299646628205,0.7859847636270727,0.0,0.20189270622845032,0.20189270622846348,0.20189270622845032,0.19486733989131585,0.29400906167493857,0.0
62,1.3823734724298888,1.3823734724298886,1.3823734724298888,1.1486134451497838,1.4650027497085774,-1.7604145329288544e-14,6.817742671539886,6.817742671539886,6.817742671539886,4.950646252762155,5.963886163225699,3.3918745004611063e-14,6.8177565550844506,6.817756555084475,6.8177565550844506,4.950639568522942,5.963880165379277,-3.39187635143839e-14,4.059773131560599,4.059773131560578,4.059773131560599,3.2653098890508803,4.035656962035583,-1.9463303157636704e-14,7.073955140708874,7.073955140708874,7.073955140708874,5.624361496324574,6.9394361535613704,0.0,0.8535434296978586,0.8535434296978935,0.8535434296978586,0.7008078316707443,0.8959391191732379,0.0
63,0.2938936758249266,0.2938936758249493,0.2938936758249266,0.22851768467803696,0.18970099404401533,-1.1324241470256504e-14,1.4454415080530294,1.4454415080530294,1.4454415080530294,0.7360486933326342,0.5908473848077568,-1.6648851337081466e-14,1.4455014720208499,1.4455014720208166,1.4455014720208499,0.7361039141043032,0.5908869420331962,-3.329790178450995e-14,0.944989570864329,0.944989570864329,0.944989570864329,0.5945926606253655,0.48815550884465425,-1.3193892617313758e-14,1.2359499668850027,1.2359499668850027,1.2359499668850027,0.6831079597458043,0.5592476260974609,-1.4827299344598294e-14,0.26112831102150236,0.26112831102148004,0.26112831102150236,0.20423081769342769,0.1693429248348092,-1.1128900732443222e-14
64,1.7260761046449566,1.7260761046449566,1.7260761046449566,0.8908431690056721,0.5210268654278838,-2.1839068815680995e-14,6.908992317226866,6.908992317226866,6.908992317226866,3.9624128065851485,2.412938795417195,-3.887100233218693e-14,6.910168285537966,6.910168285537988,6.910168285537966,3.9626492807977085,2.4130206842320416,1.9435729794866373e-14,5.368556161915532,5.368556161915561,5.368556161915532,2.938401181025797,1.7548242025531056,2.7569876591453534e-14,7.807270300041366,7.807270300041366,7.807270300041366,4.128900494289254,2.4736866234022767,3.27315196609866e-14,1.1109704541147312,1.1109704541147527,1.1109704541147312,0.8247693922927257,0.4589585064421257,-4.250865023331912e-14
65,0.24470722193771327,0.24470722193769964,0.24470722193771327,0.19969719365748317,0.28134625733802426,0.0,0.3339047853435656,0.3339047853435656,0.3339047853435656,0.2728129463756648,0.3457848765449837,1.6924873652115242e-14,0.33389655230833687,0.33389655230833687,0.33389655230833687,0.2728197718782482,0.34579190906264895,1.6924823697642023e-14,0.42925565080049566,0.42925565080049566,0.42925565080049566,0.31835407194269655,0.4018369813308807,1.4797557281993586e-14,0.6340433378300968,0.6340433378300968,0.6340433378300968,0.5410116660672094,0.7157516154992979,1.5838729530497214e-14,0.2110214723296915,0.21102147232963767,0.2110214723296915,0.18027373568453245,0.2646453140515309,-1.3448143037016093e-14
66,0.4071869824566501,0.4071869824566501,0.4071869824566501,0.3152818142893956,0.2479031707353812,2.2486269482214538e-14,1.7544790735033111,1.7544790735033111,1.7544790735033111,1.004578848003783,0.765949340487177,-1.6911213903659267e-14,1.754484696004945,1.7544846960049276,1.754484696004945,1.0045818372414448,0.7659517492163944,1.6911202993397403e-14,1.290924238721265,1.290924238721265,1.290924238721265,0.837594334473476,0.6464296615561637,2.6436345708475923e-14,2.0928936428647926,2.0928936428647926,2.0928936428647926,1.3313688878064203,1.022147417253075,-1.4951221619191064e-14,0.37088015124572266,0.3708801512457005,0.37088015124572266,0.26237808854744105,0.20617900664237745,2.2076563678768922e-14
67,0.223728148952055,0.223728148952055,0.223728148952055,0.22718217435930968,0.268150159996241,-1.496815488028207e-14,0.43930641872984516,0.43930641872984516,0.43930641872984516,0.2946112865400179,0.32150308999553817,0.0,0.43927262288267926,0.43927262288267926,0.43927262288267926,0.2946137998809026,0.32150523795521047,-1.9519646280830613e-14,0.45285240289044404,0.45285240289044404,0.45285240289044404,0.3013558212104426,0.3290116670190707,0.0,0.6460030111099462,0.6460030111099462,0.6460030111099462,0.441346535426437,0.489558654694288,0.0,0.1903905684052617,0.19039056840524687,0.1903905684052617,0.21030299274413647,0.25660667869407017,-1.479529374805304e-14
68,0.28144933630293983,0.2814493363029267,0.28144933630293983,0.22720972858117244,0.3403667191427808,1.3136079587576566e-14,0.5545907950310974,0.5545907950310974,0.5545907950310974,0.4447802971147459,0.5853890805294435,1.6181656113645405e-14,0.5545979899831089,0.5545979899830926,0.5545979899831089,0.4447894762082849,0.5853984441050831,0.0,0.5626960589871549,0.5626960589871691,0.5626960589871549,0.44947107434591693,0.6013984722546105,0.0,0.7202594053961672,0.7202594053961672,0.7202594053961672,0.6254855635942501,0.8452098013326668,-1.5193637152794044e-14,0.2366934873259751,0.2366934873259751,0.2366934873259751,0.20058384650382227,0.31449264631431756,1.3019061021963389e-14
69,0.2556949493289589,0.2556949493289434,0.2556949493289589,0.21347081141569163,0.2585265179021124,3.111510833262844e-14,0.8766565573631239,0.8766565573631239,0.8766565573631239,0.5568792676465044,0.6378088917175398,-2.0096448027092973e-14,0.8766773441157061,0.8766773441157061,0.8766773441157061,0.5568782472639875,0.6378068719075691,-2.0096514788998382e-14,0.6860975911039389,0.6860975911039041,0.6860975911039389,0.43672337174436293,0.5012442450101927,3.442597348693584e-14,0.8301321052894384,0.8301321052894384,0.8301321052894384,0.7014882044430261,0.8275300632197393,-1.8616681478951826e-14,0.2279866435400383,0.2279866435400383,0.2279866435400383,0.21882204177703485,0.2703163507679804,0.0
70,0.508050955468524,0.5080509554685111,0.508050955468524,0.42535761392056715,0.33447988312939664,-2.5467046829364296e-14,1.5596766485708888,1.5596766485708888,1.5596766485708888,0.8874926479862997,0.6868341588275669,-1.913642786601403e-14,1.5598219319515638,1.559821931951525,1.5598219319515638,0.8875776689482142,0.6868906648937492,-1.9136550103914385e-14,1.2387260533416802,1.2387260533416802,1.2387260533416802,0.8485587702818955,0.6699070041416911,0.0,1.9933980525699488,1.9933980525699488,1.9933980525699488,1.4945209158469934,1.1542810088321604,1.6933133705370367e-14,0.5773082367584964,0.5773082367584964,0.5773082367584964,0.4307115398310023,0.3375618633157272,-2.4999424731786687e-14
71,1.27049392707946,1.27049392707946,1.27049392707946,1.18299151152195,1.6978764797806047,1.5159591603701613e-14,6.091996067583679,6.091996067583679,6.091996067583679,5.266165539532968,6.177285790742094,3.845484801379262e-14,6.092079187960608,6.092079187960608,6.092079187960608,5.266108726909729,6.177242534537097,0.0,4.027572387070518,4.027572387070518,4.027572387070518,3.4951189220685595,4.5591288302212485,-3.324858796306798e-14,6.63622894649479,6.63622894649479,6.63622894649479,5.7782595677073525,7.281794471567902,-1.7882613198564827e-14,0.7930796997968762,0.7930796997968914,0.7930796997968762,0.7389066040607473,1.0730417598921158,0.0
72,0.8437785261229748,0.8437785261229946,0.8437785261229748,0.7037294638551451,0.5521021557683702,-1.9635595753624073e-14,4.132748872563891,4.132748872563891,4.132748872563891,2.47576314488219,1.824703318116739,-1.482021793466093e-14,4.132973860380765,4.132973860380765,4.132973860380765,2.475905289836963,1.8247900555737415,-1.482032151702133e-14,2.711084403083571,2.7110844030835364,2.711084403083571,1.8977463564066852,1.4511292980856396,-1.1539170026204775e-14,3.1765586962882626,3.1765586962882626,3.1765586962882626,2.1785230985389417,1.6518248175800363,2.6145118794742655e-14,0.6251445095871149,0.6251445095871537,0.6251445095871149,0.5343855780172184,0.42103517558203135,1.9280366033124757e-14
73,0.15847874508383575,0.15847874508386375,0.15847874508383575,0.1824273730003344,0.24854281829110147,0.0,0.48609186439283153,0.48609186439283153,0.48609186439283153,0.37170496645948736,0.4476160700517401,1.7586534853975595e-14,0.48611946793596983,0.48611946793596983,0.48611946793596983,0.3717237002842074,0.4476344255489455,0.0,0.3671082758523714,0.3671082758523714,0.3671082758523714,0.3242772319613113,0.4234930613854794,0.0,0.5631160659635671,0.5631160659635671,0.5631160659635671,0.4466230050121742,0.5599703329442534,-1.6411636826454035e-14,0.13026047485776338,0.13026047485777723,0.13026047485776338,0.16252906608439222,0.22994166852248088,0.0
74,0.5000265906568228,0.5000265906568412,0.5000265906568228,0.432775754057036,0.4240623777225177,1.8357358453746478e-14,3.09424564646759,3.09424564646759,3.09424564646759,1.97772741321626,1.8120340620281252,0.0,3.094244874723928,3.0942448747239157,3.094244874723928,1.9777296833338034,1.812036964747587,0.0,2.020269795763339,2.020269795763339,2.020269795763339,1.468472212697356,1.403289369121966,-2.0833438900914555e-14,3.2447105088563433,3.2447105088563433,3.2447105088563433,2.2952127255110812,2.1641485719736524,-1.148901878483376e-14,0.5021909956105233,0.5021909956105052,0.5021909956105233,0.4417564605129004,0.443596001258481,-1.8098690447077842e-14
75,0.30455053892553535,0.3045505389255354,0.30455053892553535,0.296301658263035,0.30948425511169403,-1.737756330921612e-14,1.0984353190090284,1.0984353190090284,1.0984353190090284,0.9008715254315242,0.8846099719203677,0.0,1.098444752632514,1.098444752632514,1.098444752632514,0.9008805610091875,0.8846188867329239,-2.352496706222379e-14,0.8732663557493267,0.8732663557493464,0.8732663557493267,0.7142009330561784,0.7202030828255528,1.9587409776852632e-14,1.1936258694415824,1.1936258694415824,1.1936258694415824,0.9841376654062491,0.98180141574569,-4.296524533220788e-14,0.2452115465466796,0.24521154654671395,0.2452115465466796,0.2426335391751518,0.25614566939151745,-1.7143726716238533e-14
76,0.2888323350256558,0.28883233502568023,0.2888323350256558,0.20922807846312616,0.17038273901122974,2.439513180477449e-14,1.2221248309309645,1.2221248309309645,1.2221248309309645,0.6788751962551524,0.5498848263966576,1.805672755931181e-14,1.2221492958099807,1.222149295809999,1.2221492958099807,0.6789418823723175,0.5499306492709463,-1.8056840568476473e-14,0.8705505567537806,0.8705505567537518,0.8705505567537806,0.5932938604946636,0.4820678379196436,1.4263364261073366e-14,1.1989516328355327,1.1989516328355327,1.1989516328355327,0.650123064022805,0.5316937726498231,1.6058143543034072e-14,0.25498815403629993,0.25498815403629993,0.25498815403629993,0.19576649181623573,0.1582932989963223,-1.1980893393153792e-14
77,0.6477408235017523,0.6477408235017523,0.6477408235017523,0.5206977052248213,0.37472192395355514,-1.2412900164192506e-14,2.824319463017162,2.824319463017162,2.824319463017162,1.27372763563894,0.8911552568112061,1.953410347905932e-14,2.8243866002495963,2.8243866002495963,2.8243866002495963,1.2737896425799826,0.891186030044425,-1.9534272420815165e-14,1.8020441683293065,1.8020441683293065,1.8020441683293065,0.9261272154192889,0.680223203190868,1.48630933775183e-14,3.4423831376460603,3.4423831376460603,3.4423831376460603,1.7671387568199366,1.2488144276940631,0.0,0.6708117781435109,0.6708117781434864,0.6708117781435109,0.5434672464118429,0.3836392935682609,-2.43181006320647e-14
78,0.4691657682244959,0.4691657682244959,0.4691657682244959,0.3312293663840843,0.27514779268014933,-2.2908357688945016e-14,1.4878344878244498,1.4878344878244498,1.4878344878244498,0.9849783950332749,0.7854843354011182,-3.3659133798149626e-14,1.4879144534944058,1.4879144534944229,1.4879144534944058,0.9850281520195341,0.7855201414777211,0.0,1.2227588641608638,1.2227588641608638,1.2227588641608638,0.8784614764495734,0.7185731385323731,-1.3336819220895816e-14,1.9679714243144375,1.9679714243144375,1.9679714243144375,1.2075468724746028,0.9763027753901632,0.0,0.4398345198526829,0.4398345198526829,0.4398345198526829,0.3623714518087235,0.3022212195675142,-1.1257797627189533e-14
79,0.4087867936525254,0.40878679365254816,0.4087867936525254,0.3225371280307661,0.2789969757205413,0.0,2.221941303852635,2.221941303852635,2.221941303852635,1.130663850036373,0.9323072833021688,1.6413540026624172e-14,2.2219692157190942,2.2219692157190942,2.2219692157190942,1.1306927417391621,0.9323290406752776,0.0,1.4226098427924667,1.4226098427924667,1.4226098427924667,0.9372316611502106,0.7953036068334949,2.6253865019641043e-14,1.891454133444886,1.891454133444886,1.891454133444886,1.3255874816715487,1.1098089483567566,1.4685673162935564e-14,0.32250332240995677,0.32250332240995677,0.32250332240995677,0.2557484471590387,0.22150812679015436,1.1152660212063227e-14
80,0.2410858476376383,0.2410858476376383,0.2410858476376383,0.2235679800805308,0.3229995358297592,0.0,0.514357905178413,0.514357905178413,0.514357905178413,0.40756141555472036,0.5585983942631311,-3.4785188006455594e-14,0.514334190712202,0.514334190712202,0.514334190712202,0.4075282561871535,0.5585617172389149,-1.739254419085246e-14,0.5519235436271234,0.5519235436271694,0.5519235436271234,0.4550281102538686,0.6030843500899525,-1.5258198135223415e-14,0.625423563076774,0.625423563076774,0.625423563076774,0.5449643301968642,0.7102545578353401,0.0,0.1930285712527036,0.1930285712527036,0.1930285712527036,0.1938160847128412,0.28950409703518587,1.389163642382448e-14
81,1.1339133943056594,1.1339133943056459,1.1339133943056594,1.0556387354067052,1.4421452452244443,1.3520017869879297e-14,6.019969915477937,6.019969915477937,6.019969915477937,4.99511647830604,5.46494179352398,-1.7400079657504964e-14,6.020059238089768,6.020059238089768,6.020059238089768,4.995193293818596,5.464996707244331,3.480018590827076e-14,3.592447920726203,3.5924479207261872,3.592447920726203,3.2500782954756953,3.9514273499165435,-1.4896761025521084e-14,6.153640238232171,6.153640238232171,6.153640238232171,5.605972097488978,6.524860984875707,1.6098603019463513e-14,0.6967030082609135,0.6967030082609135,0.6967030082609135,0.6478029662213366,0.9001480125206833,-1.3379559330852002e-14
82,0.3780133689024281,0.3780133689024281,0.3780133689024281,0.2736322359578269,0.24717868021330439,1.9880616504185266e-14,0.6560201177593571,0.6560201177593571,0.6560201177593571,0.5014945953210328,0.42857582124793986,1.4126928476166705e-14,0.6560203163393266,0.6560203163393264,0.6560203163393266,0.5014936033576105,0.42857480743329635,0.0,0.5668501085034161,0.5668501085034275,0.5668501085034161,0.4605347173920653,0.40421691349572936,0.0,1.2994686278363832,1.2994686278363832,1.2994686278363832,0.9720235210700807,0.8512878497020016,0.0,0.37306136144841634,0.3730613614483967,0.37306136144841634,0.2843927219677139,0.2605708386579567,-1.9571841031912316e-14
83,0.28137216903052154,0.2813721690305387,0.28137216903052154,0.27349056741557226,0.3159552445833329,-1.7104187121531843e-14,0.9825117765543401,0.9825117765543401,0.9825117765543401,0.9203668513051043,1.0156471125271043,-2.2400339067179874e-14,0.9825664423802734,0.982566442380296,0.9825664423802734,0.9203765362285797,1.0156561240438962,0.0,0.7439148892457091,0.7439148892457284,0.7439148892457091,0.719218735303962,0.8051047973658351,-1.903471169516106e-14,1.3451380353286948,1.3451380353286948,1.3451380353286948,1.2193295658492131,1.370699818656859,0.0,0.27060838592300196,0.27060838592296804,0.27060838592300196,0.2528950838998683,0.2974089755799045,-3.379665977546809e-14
84,0.20949280039857876,0.20949280039857876,0.20949280039857876,0.21812386524742533,0.23328724377637258,3.3720261241592847e-14,0.7768252328326422,0.7768252328326422,0.7768252328326422,0.7068305824010809,0.7272092582613454,0.0,0.776788795243384,0.776788795243384,0.776788795243384,0.7067864187896322,0.7271699778451208,-3.380882328952455e-14,0.5777687645382096,0.5777687645382475,0.5777687645382096,0.48760121270062506,0.5030478594230378,3.7816295935809544e-14,0.8831158537418954,0.8831158537418954,0.8831158537418954,0.8852409298612361,0.927048794029521,4.132266407168655e-14,0.20010177239065968,0.20010177239065968,0.20010177239065968,0.20730171864162114,0.22679577486525185,1.6643176756864882e-14
85,0.8231507106543495,0.8231507106543495,0.8231507106543495,0.5834870472113378,0.5447574443203413,1.9487863741296544e-14,4.342614826402018,4.342614826402018,4.342614826402018,2.7678943500732793,2.3577120248567414,-1.3764895110026298e-14,4.342610442691939,4.342610442691953,4.342610442691939,2.767898449377987,2.3577169732067826,0.0,2.8587411038719392,2.8587411038719734,2.8587411038719392,1.969600091770016,1.7523253246290824,1.1158382727849765e-14,4.729748304343058,4.729748304343058,4.729748304343058,3.215767777042739,2.826134955307665,1.2395280086426483e-14,0.6314212563943219,0.6314212563943026,0.6314212563943219,0.5330815562306429,0.5025349774733415,0.0
86,1.9112744116841247,1.9112744116841418,1.9112744116841247,1.049729366782418,0.6386879871643302,0.0,8.033729468847518,8.033729468847518,8.033729468847518,3.4629833591827666,2.256134734441151,1.4216948272640444e-14,8.033474807122907,8.033474807122893,8.033474807122907,3.463570982024558,2.256382125304323,0.0,5.476020724046537,5.476020724046514,5.476020724046537,3.1197791683995995,1.9403419350710853,0.0,9.416778303780657,9.416778303780657,9.416778303780657,5.187027222368177,3.1771601061113186,0.0,1.1727912563431055,1.1727912563430725,1.1727912563431055,0.7586966421719612,0.4672710432494911,1.6443462141147372e-14
87,0.2730549599546902,0.2730549599547046,0.2730549599546902,0.22846155069155805,0.302933789187742,1.4325205862585895e-14,0.9451594895791292,0.9451594895791292,0.9451594895791292,0.7899868394428932,0.9334072874255687,-3.6322230852440695e-14,0.9451179515750011,0.9451179515750011,0.9451179515750011,0.7899659027949758,0.9333857263570464,0.0,0.7114927190298798,0.7114927190298956,0.7114927190298798,0.6171064358425654,0.772912204556224,0.0,0.9336090260280622,0.9336090260280622,0.9336090260280622,0.7489835867137046,0.9010640904540543,3.381758184173371e-14,0.21458107410292124,0.21458107410292124,0.21458107410292124,0.17934478905284046,0.2438365617151581,1.4177571201281884e-14
88,0.43771402901750434,0.43771402901750434,0.43771402901750434,0.24767992852581805,0.1904078700422423,0.0,0.997962075900624,0.997962075900624,0.997962075900624,0.5615652997828757,0.42444018191398464,0.0,0.9979616136934941,0.9979616136934941,0.9979616136934941,0.561567360246356,0.4244416314980088,0.0,0.8936279671215891,0.8936279671216041,0.8936279671215891,0.4206200082344654,0.3299677757987223,-2.9649256506579065e-14,1.5426141764538368,1.5426141764538368,1.5426141764538368,0.884643814847355,0.67055998700989,-1.6816030989022176e-14,0.40985089834074195,0.40985089834076666,0.40985089834074195,0.2585241407585723,0.19652577365330934,-1.2309122563701023e-14
89,0.3593236856947559,0.3593236856947759,0.3593236856947559,0.2603967365768831,0.22930750631533078,3.981263456762802e-14,1.2508966554223009,1.2508966554223009,1.2508966554223009,0.49420907525802127,0.41367594500167687,-2.8557632741628115e-14,1.250893096802604,1.250893096802604,1.250893096802604,0.4942131892046429,0.4136800136390629,-1.427880896039722e-14,0.8655364136716895,0.8655364136716779,0.8655364136716895,0.4369756389305466,0.3782926041014123,-2.296079091022368e-14,1.3010828156660195,1.3010828156660195,1.3010828156660195,0.7803963967770071,0.6683028801205761,0.0,0.4005925110476599,0.4005925110476402,0.4005925110476599,0.3182175967598726,0.283224367728326,0.0
90,1.4090369932226574,1.4090369932226574,1.4090369932226574,0.8931890799170041,0.6225758014845688,-1.1870822520205176e-14,6.956446191916443,6.956446191916443,6.956446191916443,3.6137552026854585,2.4624281137345494,-1.877043969424603e-14,6.956486703849808,6.956486703849826,6.956486703849808,3.613570989996922,2.4622702157925693,0.0,4.112622638713934,4.112622638713906,4.112622638713934,2.631062293895153,1.8132622246399952,1.4233692563758945e-14,7.860930636827337,7.860930636827337,7.860930636827337,5.15977901888407,3.5284053395986974,1.63320847524183e-14,0.8768845399863283,0.8768845399863283,0.8768845399863283,0.7474857583391408,0.5266057739932999,1.1628532638308609e-14
91,1.048919236897151,1.048919236897151,1.048919236897151,0.5897677734760265,0.4155783459010029,0.0,4.398346715916954,4.398346715916954,4.398346715916954,2.5337751362324474,1.812794092579541,-3.8510511342117016e-14,4.398251543045293,4.398251543045273,4.398251543045293,2.5335892457585225,1.8126519351204053,-1.9255143246780728e-14,3.3058192264343704,3.305819226434371,3.3058192264343704,1.9644095987610544,1.3795268231309858,0.0,4.72766891809028,4.72766891809028,4.72766891809028,3.0650720909329716,2.200028731711899,-1.682608623425694e-14,0.666516509273511,0.6665165092734625,0.666516509273511,0.49886521087499913,0.35668359140716605,-1.2060126811668962e-14
92,0.3340798962537569,0.3340798962537189,0.3340798962537569,0.22469509292446588,0.20527044523640384,0.0,1.250553917014115,1.250553917014115,1.250553917014115,0.5726685346612966,0.4925987413061032,1.337851512994017e-14,1.2505526412577057,1.2505526412577057,1.2505526412577057,0.5726695190160525,0.4925998837753662,-1.3378508818863331e-14,0.7896179494109303,0.7896179494108647,0.7896179494109303,0.5026069127496174,0.4495952762297848,-2.1708880515896856e-14,1.3687456959005648,1.3687456959005648,1.3687456959005648,0.9034647002188971,0.8026255185740465,0.0,0.37123238513854434,0.3712323851385631,0.37123238513854434,0.2847458024197143,0.2661415330293164,-1.865991271264984e-14
93,0.2692050256359823,0.26920502563599674,0.2692050256359823,0.2701003909360339,0.3581757455263513,1.441168309501076e-14,1.1125314967761788,1.1125314967761788,1.1125314967761788,0.9598725289491769,1.1170091060831133,-3.678587558586164e-14,1.1126155940004843,1.1126155940004656,1.1126155940004843,0.9599337647294504,1.1170656955649803,1.839287618699219e-14,0.7556445548194983,0.7556445548194983,0.7556445548194983,0.7289049285133664,0.904446821494621,1.585067977660043e-14,1.0747542226186984,1.0747542226186984,1.0747542226186984,1.1190468369224673,1.3660390511385692,-3.4175583042305007e-14,0.19772847630932544,0.19772847630933973,0.19772847630932544,0.20694021885834724,0.27566741536389133,1.4259700239811728e-14
94,0.40813862983841126,0.40813862983843535,0.40813862983841126,0.3178236989534346,0.26363651930912274,0.0,1.8763779208705653,1.8763779208705653,1.8763779208705653,1.2091790822807273,0.9597317620811633,-1.761783545713305e-14,1.8763337636477102,1.8763337636477102,1.8763337636477102,1.2091519995054414,0.9597109334896848,1.761793923217877e-14,1.1161409271657505,1.1161409271657365,1.1161409271657505,0.7785560310860172,0.6372148731884169,-1.3954730930552171e-14,2.294713876546607,2.294713876546607,2.294713876546607,1.5025377106770164,1.2076828016185648,-1.5685776374180495e-14,0.49152882609079335,0.4915288260907697,0.49152882609079335,0.39032634800807864,0.3239909620931889,-1.176977310629469e-14
95,0.22060764213002634,0.22060764213002632,0.22060764213002634,0.164723433853923,0.20575468138126635,-1.3970621410592437e-14,0.5336611048687602,0.5336611048687602,0.5336611048687602,0.5550232891971733,0.6451592688874058,3.5485632473219374e-14,0.5336647166840949,0.5336647166840949,0.5336647166840949,0.5550503808428872,0.6452021442434844,-1.7742863110059205e-14,0.4090486368244729,0.4090486368244729,0.4090486368244729,0.41788246322448713,0.5177132880277036,3.065759220362937e-14,0.7430119070001414,0.7430119070001414,0.7430119070001414,0.7729333652769016,0.9626292040673532,1.6502785243028585e-14,0.24222518147645203,0.24222518147645203,0.24222518147645203,0.21981325524848355,0.2984071878320585,1.3828093709725193e-14
96,0.31495578087737086,0.31495578087735443,0.31495578087737086,0.2760547980912288,0.2969197447075392,0.0,0.9420905813853514,0.9420905813853514,0.9420905813853514,0.9425236457828011,0.9444077028061914,-2.200116567445178e-14,0.9420296217986774,0.9420296217986774,0.9420296217986774,0.9425257472082952,0.9444095775575206,2.200108674529093e-14,0.8018540146917232,0.8018540146917232,0.8018540146917232,0.7343962504034598,0.7609015897522805,-1.8420428219021368e-14,1.0919340475845876,1.0919340475845876,1.0919340475845876,1.017924757312447,1.0424243497525103,0.0,0.2570965160062401,0.2570965160062077,0.2570965160062401,0.22444617156493843,0.24544658028828092,-1.6204224458351596e-14
97,0.9611635634440453,0.9611635634440453,0.9611635634440453,0.5873988788722962,0.41267894894612617,0.0,4.696509803569977,4.696509803569977,4.696509803569977,2.7079061634965704,1.9165536378874874,-1.8837805247265642e-14,4.696426045359546,4.696426045359527,4.696426045359546,2.707757937340588,1.9164336278502965,1.8837701826709848e-14,3.17024584613983,3.1702458461398297,3.17024584613983,1.906314173372272,1.3335729665777056,-1.4394384512628778e-14,4.829675503830819,4.829675503830819,4.829675503830819,3.105121306643164,2.22184746250515,-1.6459622243810768e-14,0.6879262339545643,0.6879262339545525,0.6879262339545643,0.521470197810819,0.37311669606703973,-1.1803791832736448e-14
98,0.44176776731882506,0.44176776731884065,0.44176776731882506,0.20600485773364577,0.1428272835829206,0.0,1.245211351467647,1.245211351467647,1.245211351467647,0.5633360751288387,0.3939253104863757,-1.250180641663247e-14,1.245217577513085,1.2452175775130976,1.245217577513085,0.5633421432985369,0.39392814157535294,0.0,0.9026657861070916,0.9026657861071107,0.9026657861070916,0.46871072038881656,0.32700639858014297,-1.8837193596020117e-14,1.3471811349914256,1.3471811349914256,1.3471811349914256,0.6797141592038397,0.47051907428757206,0.0,0.4331690751541845,0.43316907515415387,0.4331690751541845,0.2229109085992069,0.14930258188379206,0.0
99,0.2605543122213153,0.26055431222129743,0.2605543122213153,0.23198198258365926,0.21861509609293187,0.0,0.26397831601817306,0.26397831601817306,0.26397831601817306,0.28485368740270783,0.25598253050186703,0.0,0.26394229223003113,0.26394229223003113,0.26394229223003113,0.2848392703219533,0.25596934642796476,0.0,0.3557703393577631,0.3557703393577631,0.3557703393577631,0.2820914762220949,0.25493788999097233,0.0,0.7786190232403915,0.7786190232403915,0.7786190232403915,0.676401998218755,0.6272395002063212,-3.359760848198345e-14,0.3143213639310098,0.3143213639310098,0.3143213639310098,0.2875439772880777,0.2788948011688732,0.0
100,0.26924353147525143,0.2692435314752693,0.26924353147525143,0.222895473523729,0.22224883511784957,3.5588245460639937e-14,0.5808047074193466,0.5808047074193466,0.5808047074193466,0.31553446436552907,0.30187550638441873,-1.2200326389507791e-14,0.5808302037042518,0.580830203704264,0.5808302037042518,0.3155150083950565,0.3018588066525167,0.0,0.4998474473835261,0.49984744738350584,0.4998474473835261,0.3401000083589854,0.33018410431967876,2.016453269281899e-14,0.7873582164300731,0.7873582164300731,0.7873582164300731,0.5368374566037298,0.5261641343135337,0.0,0.22763822120586188,0.2276382212058443,0.22763822120586188,0.19129246790152105,0.19259578197682092,1.7543359887370243e-14
101,1.1339133943056594,1.1339133943056459,1.1339133943056594,1.0556387354067052,1.4421452452244443,1.3520017869879297e-14,6.019969915477937,6.019969915477937,6.019969915477937,4.99511647830604,5.46494179352398,-1.7400079657504964e-14,6.020059238089768,6.020059238089768,6.020059238089768,4.995193293818596,5.464996707244331,3.480018590827076e-14,3.592447920726203,3.5924479207261872,3.592447920726203,3.2500782954756953,3.9514273499165435,-1.4896761025521084e-14,6.153640238232171,6.153640238232171,6.153640238232171,5.605972097488978,6.524860984875707,1.6098603019463513e-14,0.6967030082609135,0.6967030082609135,0.6967030082609135,0.6478029662213366,0.9001480125206833,-1.3379559330852002e-14
102,0.31920936432050834,0.31920936432052627,0.31920936432050834,0.30835679168338914,0.30202390731686596,-3.569754087947264e-14,1.172294089010991,1.172294089010991,1.172294089010991,0.9646339807259485,0.9012238626940632,1.2306333283732611e-14,1.1722487654803457,1.1722487654803209,1.1722487654803457,0.9646267632353871,0.9012181427860616,0.0,0.8517317766181624,0.8517317766181622,0.8517317766181624,0.8130657934648348,0.7779234191604911,0.0,1.1061676734851964,1.1061676734851964,1.1061676734851964,1.081504482593197,1.0280650885081053,-2.234964857793898e-14,0.27602396041351784,0.27602396041355304,0.27602396041351784,0.26146767697191137,0.2590091338508488,-1.7593884578786548e-14
103,0.8231507106543495,0.8231507106543495,0.8231507106543495,0.5834870472113378,0.5447574443203413,1.9487863741296544e-14,4.342614826402018,4.342614826402018,4.342614826402018,2.7678943500732793,2.3577120248567414,-1.3764895110026298e-14,4.342610442691939,4.342610442691953,4.342610442691939,2.767898449377987,2.3577169732067826,0.0,2.8587411038719392,2.8587411038719734,2.8587411038719392,1.969600091770016,1.7523253246290824,1.1158382727849765e-14,4.729748304343058,4.729748304343058,4.729748304343058,3.215767777042739,2.826134955307665,1.2395280086426483e-14,0.6314212563943219,0.6314212563943026,0.6314212563943219,0.5330815562306429,0.5025349774733415,0.0
104,0.3628561669502408,0.3628561669502208,0.3628561669502408,0.2775519086129269,0.24163151817674022,-3.98884782906153e-14,0.8621597446040157,0.8621597446040157,0.8621597446040157,0.6585060429516335,0.5422258211548205,2.875734301203862e-14,0.862163260645475,0.862163260645475,0.862163260645475,0.6585052446600201,0.5422250909747226,-1.437866405685806e-14,0.7185991192046188,0.718599119204642,0.7185991192046188,0.5638754258722202,0.48031270304518403,-1.1523324396318857e-14,1.492174446083969,1.492174446083969,1.492174446083969,1.163517127211144,0.9804717811676474,1.2875199755934827e-14,0.37911619092943016,0.37911619092943016,0.37911619092943016,0.30055698540217823,0.2640764283381966,-1.962092846828591e-14
105,1.0798529781921418,1.0798529781921418,1.0798529781921418,0.7197177417613955,0.5512984262870047,1.1898652168834308e-14,5.620366153453776,5.620366153453776,5.620366153453776,3.474886781322719,2.5501223923351044,-3.6250126552878946e-14,5.6203548351005885,5.62035483510055,5.6203548351005885,3.4748937446486736,2.5501280613281683,-1.812505131158159e-14,4.047231128299928,4.047231128299914,4.047231128299928,2.523241096232727,1.9067704118841018,-1.4050936894105686e-14,6.232101451984559,6.232101451984559,6.232101451984559,4.239064523721884,3.1445733090806685,0.0,0.888062017855961,0.888062017855961,0.888062017855961,0.7364714984338684,0.5650025315293677,-1.1676651974076898e-14
106,0.27499986446552604,0.27499986446554736,0.27499986446552604,0.19545002990901916,0.17806799463300402,0.0,1.0554467452150809,1.0554467452150809,1.0554467452150809,0.7216266819622095,0.62777565531177,1.5098887527088655e-14,1.055433440828627,1.0554334408286117,1.055433440828627,0.7216198070559866,0.6277693757523535,0.0,0.6934768921493293,0.6934768921493293,0.6934768921493293,0.4685134541031815,0.41815635883973157,-1.222235346610198e-14,1.3528584717346448,1.3528584717346448,1.3528584717346448,0.9342328159762171,0.8257892955140211,1.3593869919916473e-14,0.2507092817255496,0.25070928172557067,0.2507092817255496,0.21217699397703954,0.19307575218119208,-2.0940687803645774e-14
107,1.9112744116841247,1.9112744116841418,1.9112744116841247,1.049729366782418,0.6386879871643302,0.0,8.033729468847518,8.033729468847518,8.033729468847518,3.4629833591827666,2.256134734441151,1.4216948272640444e-14,8.033474807122907,8.033474807122893,8.033474807122907,3.463570982024558,2.256382125304323,0.0,5.476020724046537,5.476020724046514,5.476020724046537,3.1197791683995995,1.9403419350710853,0.0,9.416778303780657,9.416778303780657,9.416778303780657,5.187027222368177,3.1771601061113186,0.0,1.1727912563431055,1.1727912563430725,1.1727912563431055,0.7586966421719612,0.4672710432494911,1.6443462141147372e-14
108,0.40813862983841126,0.40813862983843535,0.40813862983841126,0.3178236989534346,0.26363651930912274,0.0,1.8763779208705653,1.8763779208705653,1.8763779208705653,1.2091790822807273,0.9597317620811633,-1.761783545713305e-14,1.8763337636477102,1.8763337636477102,1.8763337636477102,1.2091519995054414,0.9597109334896848,1.761793923217877e-14,1.1161409271657505,1.1161409271657365,1.1161409271657505,0.7785560310860172,0.6372148731884169,-1.3954730930552171e-14,2.294713876546607,2.294713876546607,2.294713876546607,1.5025377106770164,1.2076828016185648,-1.5685776374180495e-14,0.49152882609079335,0.4915288260907697,0.49152882609079335,0.39032634800807864,0.3239909620931889,-1.176977310629469e-14
109,0.3786713118259905,0.37867131182601205,0.3786713118259905,0.2764668034314988,0.23034900750002926,-2.1509778833072508e-14,0.9118233911272638,0.9118233911272638,0.9118233911272638,0.5401332652651174,0.43361506943141603,1.5790452651333065e-14,0.9118198989667954,0.9118198989668113,0.9118198989667954,0.5401312996007663,0.4336134692400216,-1.57904432776974e-14,0.6534310506328141,0.6534310506328141,0.6534310506328141,0.4442742789502234,0.36756999488275216,0.0,1.4581617154625355,1.4581617154625355,1.4581617154625355,1.0336780154484464,0.8380971142907975,-1.4067393888811792e-14,0.3909735447417377,0.3909735447417377,0.3909735447417377,0.2912067498575614,0.24260009795239754,0.0
110,0.8324286435582421,0.8324286435582421,0.8324286435582421,0.6287606899677765,0.5014472874784637,-1.1885150096057367e-14,5.180209024860598,5.180209024860598,5.180209024860598,2.8279340720731803,2.1504680229767668,0.0,5.180207529753197,5.18020752975316,5.180207529753197,2.827938631826494,2.1504717750130595,1.7795867947876353e-14,3.2169774435291254,3.2169774435291254,3.2169774435291254,2.0148817928190526,1.5758190872264253,1.394412617711937e-14,4.907509617993131,4.907509617993131,4.907509617993131,3.015410530137611,2.3326912174637973,1.5752769748132518e-14,0.7773189099976909,0.7773189099976909,0.7773189099976909,0.6056073638497218,0.48284686263917803,2.334367669447215e-14
111,1.4090369932226574,1.4090369932226574,1.4090369932226574,0.8931890799170041,0.6225758014845688,-1.1870822520205176e-14,6.956446191916443,6.956446191916443,6.956446191916443,3.6137552026854585,2.4624281137345494,-1.877043969424603e-14,6.956486703849808,6.956486703849826,6.956486703849808,3.613570989996922,2.4622702157925693,0.0,4.112622638713934,4.112622638713906,4.112622638713934,2.631062293895153,1.8132622246399952,1.4233692563758945e-14,7.860930636827337,7.860930636827337,7.860930636827337,5.15977901888407,3.5284053395986974,1.63320847524183e-14,0.8768845399863283,0.8768845399863283,0.8768845399863283,0.7474857583391408,0.5266057739932999,1.1628532638308609e-14
112,2.099506351294685,2.0995063512947176,2.099506351294685,1.1401260766873746,0.6987710000671701,1.6127147046693105e-14,8.805170282672941,8.805170282672941,8.805170282672941,3.9708187259172116,2.5182034519304404,-1.353351740392169e-14,8.804655247375264,8.804655247375294,8.804655247375264,3.9704652862489334,2.5184785093533666,-1.3533650510846859e-14,6.036615019793701,6.0366150197936586,6.036615019793701,3.418785146883004,2.1378922780296836,1.982435181502699e-14,10.548671413431272,10.548671413431272,10.548671413431272,5.822779887677467,3.6122768360617807,2.3151974205798972e-14,1.3047072229544072,1.3047072229544232,1.3047072229544072,0.7786603558203827,0.48576103901719736,3.1498515434912895e-14
113,0.19721151900098208,0.197211519000998,0.19721151900098208,0.20187830854322095,0.23445028718129596,1.588394590359751e-14,0.6227035520339594,0.6227035520339594,0.6227035520339594,0.3605173555829499,0.3999807809590895,4.155757811894979e-14,0.6226954948845494,0.6226954948845703,0.6226954948845494,0.3604955441973163,0.39995920307196775,0.0,0.4411523088347373,0.44115230883475504,0.4411523088347373,0.3854571193561889,0.4291651971390782,1.7666918584661847e-14,0.6835890397850478,0.6835890397850478,0.6835890397850478,0.6645427437767089,0.7522517682920853,0.0,0.1802080791383149,0.18020807913833065,0.1802080791383149,0.17020101852302794,0.2008702827592891,1.5693656069233988e-14
114,0.4038881503301487,0.4038881503301297,0.4038881503301487,0.3585277866410843,0.3431053769619296,-1.8944145915271774e-14,1.497387297367006,1.497387297367006,1.497387297367006,0.993144350364234,0.8894624214195,-1.3182180361850788e-14,1.4974346308316526,1.4974346308316526,1.4974346308316526,0.9932036606738425,0.8895169433041535,2.6364484316344578e-14,0.9850611079538184,0.9850611079538184,0.9850611079538184,0.7890887586349732,0.7372923783145163,2.1573514646982834e-14,1.271165963187922,1.271165963187922,1.271165963187922,1.0061390668388404,0.9364350189434677,0.0,0.36665899572767513,0.3666589957276939,0.36665899572767513,0.3389775532012163,0.3302479728782479,-1.8668623005752966e-14
115,1.9326017720202522,1.9326017720202369,1.9326017720202522,1.125708632407377,0.714148231972936,2.9995249171969546e-14,7.735874586497735,7.735874586497735,7.735874586497735,3.6425641410221186,2.4327016027126454,0.0,7.736872315323251,7.736872315323251,7.736872315323251,3.6431030808325318,2.4329511094035166,-1.2394014017594585e-14,5.720787696347004,5.720787696346984,5.720787696347004,3.306242476668885,2.117407659079664,1.8312405623386465e-14,9.288644524389001,9.288644524389001,9.288644524389001,5.102187435395768,3.2802161639717307,2.129381951929009e-14,1.2190976336471726,1.2190976336471875,1.2190976336471726,0.7070738299780844,0.45590925736410676,1.4658390926610547e-14
116,0.223728148952055,0.223728148952055,0.223728148952055,0.22718217435930968,0.268150159996241,-1.496815488028207e-14,0.43930641872984516,0.43930641872984516,0.43930641872984516,0.2946112865400179,0.32150308999553817,0.0,0.43927262288267926,0.43927262288267926,0.43927262288267926,0.2946137998809026,0.32150523795521047,-1.9519646280830613e-14,0.45285240289044404,0.45285240289044404,0.45285240289044404,0.3013558212104426,0.3290116670190707,0.0,0.6460030111099462,0.6460030111099462,0.6460030111099462,0.441346535426437,0.489558654694288,0.0,0.1903905684052617,0.19039056840524687,0.1903905684052617,0.21030299274413647,0.25660667869407017,-1.479529374805304e-14
117,0.2691874579304728,0.26918745793050175,0.2691874579304728,0.23715996833063552,0.30908070609835786,-1.4461696169873922e-14,0.6278536145257142,0.6278536145257142,0.6278536145257142,0.5228449214038844,0.6226039887405644,0.0,0.6278825600378961,0.6278825600378961,0.6278825600378961,0.5228792213840395,0.6226548854472055,1.8340410654129255e-14,0.580611124123602,0.580611124123618,0.580611124123602,0.5020521991499841,0.6133835025082188,0.0,0.9243240321963108,0.9243240321963108,0.9243240321963108,0.7840965895990551,0.9682094561385509,0.0,0.23525198060557204,0.23525198060557204,0.23525198060557204,0.20381809321608932,0.27385561203657194,0.0
118,0.3494308632878308,0.34943086328780915,0.3494308632878308,0.2671434802256527,0.2191017402538667,-2.1602224430055276e-14,1.1076942409622825,1.1076942409622825,1.1076942409622825,0.6612808095422139,0.5188744652382646,0.0,1.1076894130821213,1.1076894130821213,1.1076894130821213,0.6612795757309068,0.5188735152514056,-3.1942219048009076e-14,0.6825048077114926,0.6825048077114926,0.6825048077114926,0.54558323981379,0.443747444372475,0.0,1.6476894952969405,1.6476894952969405,1.6476894952969405,1.262783890782885,1.0040430616642664,1.4194728794557715e-14,0.3911127604677245,0.39111276046770316,0.3911127604677245,0.30285483304448496,0.24833301014597073,-2.1225790158447297e-14
119,1.278467161812162,1.2784671618121852,1.278467161812162,0.9385963584856066,0.7305017846443428,0.0,4.782099489285153,4.782099489285153,4.782099489285153,3.2497913188287724,2.4196902224220556,0.0,4.782117001163587,4.782117001163569,4.782117001163587,3.2498205769786983,2.4197144633417556,0.0,4.000949214454407,4.000949214454435,4.000949214454407,2.84525519370999,2.1710538338197156,-1.3470062661843864e-14,5.923847637417223,5.923847637417223,5.923847637417223,4.163681001312249,3.129914527897371,-1.5267759756669228e-14,0.8392387102634091,0.8392387102633977,0.8392387102634091,0.6865069134984193,0.5359007029628822,-1.1231691857631467e-14
120,0.6794602699706492,0.6794602699706619,0.6794602699706492,0.4962350112135171,0.3351989935193338,1.2641350035531009e-14,3.204097379085375,3.204097379085375,3.204097379085375,1.6645919621426426,1.129816977827098,0.0,3.2043382490957706,3.204338249095812,3.2043382490957706,1.6647618006125982,1.1298896866984276,0.0,2.225091793105969,2.2250917931059537,2.225091793105969,1.3866243387946162,0.9500777179386733,0.0,3.057750236205384,3.057750236205384,3.057750236205384,1.9796051050929238,1.3420557612783859,1.7683411548188605e-14,0.5668549618081616,0.5668549618081865,0.5668549618081616,0.424922849502092,0.28218706454889353,0.0
121,0.19525487487635232,0.19525487487633839,0.19525487487635232,0.19014687630229576,0.2501941087984076,-2.79341331258036e-14,0.26810848193367337,0.26810848193367337,0.26810848193367337,0.21756657856502837,0.26269703176240666,1.767177422122408e-14,0.2681361517048087,0.2681361517048264,0.2681361517048087,0.21757648113471356,0.2627063754957633,1.7671716548500404e-14,0.3292398198675441,0.3292398198675287,0.3292398198675441,0.28475288974941365,0.3381329741463403,-1.5311013241280823e-14,0.5225090521338227,0.5225090521338227,0.5225090521338227,0.4876863413623988,0.6104067353261745,1.6462406623113122e-14,0.1765226559048804,0.17652265590486654,0.1765226559048804,0.17742135694551692,0.24382356647495113,0.0
122,0.1716301169861578,0.17163011698618863,0.1716301169861578,0.15089049097921892,0.16893688802844437,-1.539289252592562e-14,0.3262309778677993,0.3262309778677993,0.3262309778677993,0.14162812005461442,0.1474768445897933,2.028813868305684e-14,0.32622093987227224,0.32622093987225187,0.32622093987227224,0.14164071454698243,0.1474878942165424,-2.028806655562076e-14,0.3468831868442747,0.3468831868442747,0.3468831868442747,0.21509687954083234,0.22086351965494747,0.0,0.5968216426867636,0.5968216426867636,0.5968216426867636,0.4825680388608847,0.5315185561840773,0.0,0.17797312565077733,0.17797312565077733,0.17797312565077733,0.16771243177787834,0.19462409348204165,-1.5206955237155025e-14
123,0.22216159469686583,0.22216159469686583,0.22216159469686583,0.21834521893878542,0.2715340965822412,-1.5541488624251357e-14,0.42646456469779614,0.42646456469779614,0.42646456469779614,0.42137101039896063,0.5008348230176853,1.9871160840754508e-14,0.426453116923006,0.426453116923006,0.426453116923006,0.4213576888655072,0.500821327714538,-1.9871098299327937e-14,0.4045922284157919,0.40459222841575754,0.4045922284157919,0.36210052335991455,0.41416314504323376,0.0,0.6750340017540526,0.6750340017540526,0.6750340017540526,0.70130854001438,0.8571408478800722,0.0,0.21218748588031738,0.21218748588031738,0.21218748588031738,0.21355434874670057,0.2762466271140938,-3.0746972230506536e-14
124,1.171725122201991,1.1717251222019769,1.171725122201991,1.0541954448643789,1.3685689169471422,1.4076125783784587e-14,6.202926708569372,6.202926708569372,6.202926708569372,5.196121104901037,5.633935351364471,-1.8265942613592123e-14,6.203014862429646,6.203014862429684,6.203014862429646,5.1961945221346735,5.633988337579802,1.8265956299065878e-14,3.7108852350808466,3.7108852350808625,3.7108852350808466,3.2038537448013282,3.7463329136558507,0.0,6.121976885369103,6.121976885369103,6.121976885369103,5.470453068601876,6.234859814137466,0.0,0.7155954171179238,0.7155954171179519,0.7155954171179238,0.6599094617347393,0.8708339385942665,1.3923239206870951e-14
125,0.7793304469941269,0.7793304469941269,0.7793304469941269,0.7645120375149186,1.2340477025720304,-2.7688904220895633e-14,4.513384234734312,4.513384234734312,4.513384234734312,3.9457825533260795,5.585071389397403,0.0,4.513444948293927,4.513444948293909,4.513444948293927,3.9458321089125294,5.585120928851325,-1.7007057411715318e-14,2.5979424793352286,2.5979424793352286,2.5979424793352286,2.4198101710621867,3.59760954751492,0.0,4.518112739044818,4.518112739044818,4.518112739044818,4.131836674067943,5.977521675206661,3.1980377522438825e-14,0.45920226942722164,0.45920226942722164,0.45920226942722164,0.4667759898237314,0.7466439108665113,0.0
126,1.8293193101650167,1.8293193101650047,1.8293193101650167,1.0614890936632544,0.7678677791334895,0.0,8.398004789152758,8.398004789152758,8.398004789152758,4.619365813258271,3.177451995364367,-3.763942484591579e-14,8.397782993466153,8.397782993466134,8.397782993466153,4.619196748301563,3.177347658174746,-3.7639709280748875e-14,5.5914105581045845,5.5914105581045845,5.5914105581045845,3.3839641561214537,2.396549638205988,2.874440582282118e-14,9.825909439656671,9.825909439656671,9.825909439656671,6.027955768359184,4.217033157008334,-3.287816137555609e-14,1.1214844237393387,1.1214844237393387,1.1214844237393387,0.7138036563847433,0.5203894787545039,0.0
127,0.22060764213002634,0.22060764213002632,0.22060764213002634,0.164723433853923,0.20575468138126635,-1.3970621410592437e-14,0.5336611048687602,0.5336611048687602,0.5336611048687602,0.5550232891971733,0.6451592688874058,3.5485632473219374e-14,0.5336647166840949,0.5336647166840949,0.5336647166840949,0.5550503808428872,0.6452021442434844,-1.7742863110059205e-14,0.4090486368244729,0.4090486368244729,0.4090486368244729,0.41788246322448713,0.5177132880277036,3.065759220362937e-14,0.7430119070001414,0.7430119070001414,0.7430119070001414,0.7729333652769016,0.9626292040673532,1.6502785243028585e-14,0.24222518147645203,0.24222518147645203,0.24222518147645203,0.21981325524848355,0.2984071878320585,1.3828093709725193e-14
128,0.2442571203663579,0.2442571203663579,0.2442571203663579,0.19180849906804212,0.2094388744188695,1.6148288984104186e-14,0.4026013356180892,0.4026013356180892,0.4026013356180892,0.23894378366033658,0.2473659191339642,0.0,0.4026197492766932,0.4026197492766932,0.4026197492766932,0.2389518125188963,0.2473728993428167,-4.304060608650348e-14,0.3961745485226643,0.39617454852268247,0.3961745485226643,0.29056513355457647,0.29528525425131275,1.808057629483687e-14,0.6224052555657158,0.6224052555657158,0.6224052555657158,0.5264853942318614,0.5545763676417726,-1.9740538304244814e-14,0.24037029874537233,0.2403702987453564,0.24037029874537233,0.1962858788083699,0.21846426047298875,0.0
129,0.08446761633261825,0.08446761633261825,0.08446761633261825,0.09128951726099004,0.1355695748329924,-1.3368104381213812e-14,0.41236791530530886,0.41236791530530886,0.41236791530530886,0.2616456558187449,0.35178249024700964,1.6496406260336584e-14,0.412381961779712,0.412381961779712,0.412381961779712,0.26165353756029613,0.35179071024320485,-3.2992717086725004e-14,0.24249808437087503,0.24249808437088957,0.24249808437087503,0.1992252040675252,0.27961926290271105,0.0,0.37554657850358436,0.37554657850358436,0.37554657850358436,0.2657983873950406,0.3669504126511757,-1.5487106804130465e-14,0.07944048735890027,0.07944048735891353,0.07944048735890027,0.07158423295982759,0.10961581479546122,-1.32462766804251e-14
130,2.011830524051809,2.011830524051847,2.011830524051809,1.1375705463720838,0.6552522762407806,3.741424730928613e-14,8.00356017919855,8.00356017919855,8.00356017919855,3.6095254752350145,2.3058839992844318,-1.621497360108767e-14,8.003291373903698,8.003291373903679,8.003291373903698,3.6101749066224094,2.306132517919138,1.6215157466087432e-14,5.692596198251281,5.69259619825127,5.692596198251281,3.3533261157726884,2.0018393172954365,0.0,9.80669565925013,9.80669565925013,9.80669565925013,5.409598832612586,3.1853465662102054,0.0,1.2302229494259007,1.2302229494259376,1.2302229494259007,0.7882102141527727,0.46224137762468814,-1.8234377690810773e-14
131,0.43094768709584846,0.43094768709584846,0.43094768709584846,0.27308400472852407,0.21983551207177296,-1.1628556926508014e-14,0.9851209952658706,0.9851209952658706,0.9851209952658706,0.506964560361113,0.3950049612592141,-1.7325121960533877e-14,0.9851216003767655,0.9851216003767655,0.9851216003767655,0.506965540596913,0.3950057890117499,1.7325111113678517e-14,0.9363011134027406,0.9363011134027542,0.9363011134027406,0.49950475033453784,0.4039429527510618,1.362370803565126e-14,1.6541584463240901,1.6541584463240901,1.6541584463240901,0.9815637957142989,0.7715929546539586,1.536597548565569e-14,0.4157883437837587,0.41578834378373586,0.4157883437837587,0.2835061215670845,0.22749925513480618,1.1420995605459037e-14
132,0.2782599698786261,0.2782599698786261,0.2782599698786261,0.215453962531201,0.17787172366102502,0.0,1.4874898700938834,1.4874898700938834,1.4874898700938834,0.714305518509241,0.5746241087943138,1.7569226172439035e-14,1.4874793304689642,1.4874793304689462,1.4874793304689642,0.7143246840401569,0.5746372831617399,0.0,0.8090823202783399,0.8090823202783399,0.8090823202783399,0.5228837743149358,0.4302296035970812,1.3920945264468207e-14,1.3194609894543419,1.3194609894543419,1.3194609894543419,0.7103054025360555,0.5799782646231963,0.0,0.24179296318826105,0.24179296318826105,0.24179296318826105,0.19422804147374212,0.15967485394246025,0.0
133,1.812080658950292,1.812080658950292,1.812080658950292,0.9881850601853703,0.6183673211060505,1.609403491026553e-14,8.96419991298641,8.96419991298641,8.96419991298641,3.9529864585081347,2.463447805544182,-1.3415496620554065e-14,8.963985065348036,8.963985065348036,8.963985065348036,3.952757462625268,2.4633386241115485,-1.3415627561779334e-14,5.254792860701948,5.254792860701948,5.254792860701948,2.9068850055450604,1.8491167214408257,1.972947037863331e-14,9.425164927447627,9.425164927447627,9.425164927447627,5.195688742257135,3.2451962127532887,-1.1498311144681258e-14,1.1186551252932535,1.1186551252932377,1.1186551252932535,0.830710383399306,0.5228222024095642,1.572193449386688e-14
134,0.34828156853321285,0.3482815685332336,0.34828156853321285,0.2714969411996755,0.23414388581963372,-4.134913479317276e-14,0.6403776425302521,0.6403776425302521,0.6403776425302521,0.49403472945460725,0.4145797219310193,1.4942940426958427e-14,0.6403207680784715,0.6403207680784715,0.6403207680784715,0.49398875914143614,0.4145404042705239,1.494288573400159e-14,0.5966840220724383,0.5966840220724383,0.5966840220724383,0.49188698359314975,0.42124778265737745,1.1969756055230236e-14,1.034656647967549,1.034656647967549,1.034656647967549,0.7458949147287153,0.63139324426304,-2.676511379360118e-14,0.3081737373388133,0.3081737373388133,0.3081737373388133,0.23991063338606802,0.2064562318342344,2.0330783920667115e-14
135,0.5592473418603464,0.5592473418603464,0.5592473418603464,0.32048013649489604,0.24588783481538026,-1.4547909641069408e-14,2.550121452905763,2.550121452905763,2.550121452905763,1.3349931530725885,0.9995140419694458,4.4413555653185527e-14,2.550053608769534,2.550053608769534,2.550053608769534,1.3349812583262302,0.9995045984981369,1.110346241239102e-14,1.7942203773561036,1.794220377356086,1.7942203773561036,0.9418672223896962,0.7153504078840381,-1.722013220832126e-14,2.359519159648412,2.359519159648412,2.359519159648412,1.1893788775205474,0.898373861410719,3.912578378454064e-14,0.461884931117308,0.4618849311172793,0.461884931117308,0.3101628235257443,0.2345645533067148,-1.4269112045493502e-14
136,0.25810574458593827,0.2581057445859248,0.25810574458593827,0.2271944102984602,0.31767948112672056,-2.690971881865207e-14,0.8690062338377819,0.8690062338377819,0.8690062338377819,0.5769914786151481,0.733706460962198,-3.3507146502072085e-14,0.8689825742476787,0.8689825742476955,0.8689825742476787,0.5769654329260339,0.7336798164415734,1.6753521290202857e-14,0.6527624016126022,0.6527624016126022,0.6527624016126022,0.5162737627860281,0.6590388899835901,-1.4655207162553876e-14,1.036976060470517,1.036976060470517,1.036976060470517,0.7858732954565303,1.0250653388887097,1.5682514133749307e-14,0.2352660860647063,0.2352660860647197,0.2352660860647063,0.20911664634787475,0.3065735241568189,-1.3327839846191508e-14
137,0.2786816921691968,0.2786816921691968,0.2786816921691968,0.231882587455667,0.2363119481148695,1.657538095702357e-14,0.8733915863367696,0.8733915863367696,0.8733915863367696,0.6852437236423984,0.6528032278725929,0.0,0.8734496557663651,0.8734496557663651,0.8734496557663651,0.6852792598150326,0.6528392209483138,0.0,0.7099837392994521,0.7099837392994521,0.7099837392994521,0.5504775736715222,0.5443693802045954,-1.8713417140190898e-14,0.9175682422488184,0.9175682422488184,0.9175682422488184,0.745722688122779,0.7354499743129228,-4.112659963102207e-14,0.2843643099134196,0.2843643099134196,0.2843643099134196,0.28712416822783865,0.2977309165854145,3.2702034312726427e-14
138,0.2751058857513537,0.2751058857513686,0.2751058857513537,0.2500033766037161,0.3121007315639914,-1.477789108715431e-14,0.7448353444966188,0.7448353444966188,0.7448353444966188,0.5375799975231312,0.6094512772553519,3.7869742262625114e-14,0.7448401232278173,0.7448401232277982,0.7448401232278173,0.5376176014855314,0.6095045542701764,-1.8934929671637737e-14,0.6152193252024063,0.6152193252024063,0.6152193252024063,0.5473936257124259,0.6417765501556584,1.628842944516268e-14,1.0404463532539518,1.0404463532539518,1.0404463532539518,0.8675623032706146,1.0268194084114306,-3.515365256466282e-14,0.2456343856613761,0.2456343856613762,0.2456343856613761,0.22021763500920935,0.2837884093350628,0.0
139,0.44246344762341977,0.442463447623443,0.44246344762341977,0.3650581734788569,0.33755031053092266,0.0,1.984581051140158,1.984581051140158,1.984581051140158,1.2497945652026667,1.116106687054207,0.0,1.9845850543599115,1.9845850543598949,1.9845850543599115,1.2497997773848444,1.1161115949098983,0.0,1.3477329053470162,1.3477329053470162,1.3477329053470162,0.8178952704237159,0.74845157703969,-1.3245432423777674e-14,1.9912969450620088,1.9912969450620088,1.9912969450620088,1.6550135599528317,1.4986575992736175,0.0,0.5432810531813187,0.5432810531812958,0.5432810531813187,0.43736415906656695,0.4066970631773357,3.4139881322215345e-14
140,0.25775292125678834,0.2577529212567611,0.25775292125678834,0.2450878151998785,0.34510319629247,1.3610675264955615e-14,0.9052290787210543,0.9052290787210543,0.9052290787210543,0.6591357738148159,0.8270722032873171,1.7009716562581603e-14,0.905267339882663,0.9052673398826457,0.905267339882663,0.6591404444775742,0.827076443362918,0.0,0.7013119872167182,0.7013119872167778,0.7013119872167182,0.5903036454985767,0.7622003711540993,0.0,0.9398373140609001,0.9398373140609001,0.9398373140609001,0.7446917087297256,0.9359001749735313,0.0,0.21346494922286202,0.2134649492228485,0.21346494922286202,0.20840629584322176,0.3043279939019238,1.3480408983082192e-14
141,2.099506351294685,2.0995063512947176,2.099506351294685,1.1401260766873746,0.6987710000671701,1.6127147046693105e-14,8.805170282672941,8.805170282672941,8.805170282672941,3.9708187259172116,2.5182034519304404,-1.353351740392169e-14,8.804655247375264,8.804655247375294,8.804655247375264,3.9704652862489334,2.5184785093533666,-1.3533650510846859e-14,6.036615019793701,6.0366150197936586,6.036615019793701,3.418785146883004,2.1378922780296836,1.982435181502699e-14,10.548671413431272,10.548671413431272,10.548671413431272,5.822779887677467,3.6122768360617807,2.3151974205798972e-14,1.3047072229544072,1.3047072229544232,1.3047072229544072,0.7786603558203827,0.48576103901719736,3.1498515434912895e-14
142,0.23331948164359506,0.23331948164361127,0.23331948164359506,0.24850676636596714,0.2596195653922872,1.6185837497564878e-14,0.5719620998658688,0.5719620998658688,0.5719620998658688,0.42816607992722017,0.4156525414099617,2.1842962193090126e-14,0.5719570151192473,0.5719570151192473,0.5719570151192473,0.42815532720263005,0.41564366010844517,-2.184288035068325e-14,0.5359735064214639,0.5359735064214821,0.5359735064214639,0.44316432841845455,0.4380188115824975,1.8206360022817068e-14,0.854782685385358,0.854782685385358,0.854782685385358,0.7002286386534925,0.7015777315468119,0.0,0.20820613115710732,0.20820613115709133,0.20820613115710732,0.2282934643402127,0.24450208208535884,0.0
143,1.4851682037029759,1.4851682037029894,1.4851682037029759,0.7907089702880252,0.5446827902660942,0.0,8.190549872133632,8.190549872133632,8.190549872133632,3.674351874818782,2.43242010763775,-4.3408617571333676e-14,8.190420883670559,8.190420883670559,8.190420883670559,3.6741890544701388,2.4323292091933078,0.0,4.442015714162667,4.44201571416265,4.442015714162667,2.379185749351387,1.6266807497086568,3.272155873120534e-14,8.071738707803991,8.071738707803991,8.071738707803991,4.577576602525717,3.0708492376933396,0.0,0.9391066929521916,0.9391066929522053,0.9391066929521916,0.7649260567898749,0.5297262713766354,0.0
144,0.2129454158866442,0.2129454158866442,0.2129454158866442,0.2021612583472526,0.22653667701077052,1.519219875771961e-14,0.5155746531724653,0.5155746531724653,0.5155746531724653,0.30962067886697403,0.3132138866067379,2.0168355851999247e-14,0.5155803517701082,0.5155803517701082,0.5155803517701082,0.3096281785110876,0.3132224436148069,-2.0168428792653288e-14,0.38761320654401976,0.3876132065440368,0.38761320654401976,0.3327980932746854,0.3487014152325699,-1.6964264472089855e-14,0.7181859089118596,0.7181859089118596,0.7181859089118596,0.48967542302671474,0.5119950804565762,0.0,0.19001898389575364,0.19001898389573862,0.19001898389575364,0.18828262222659997,0.2171002804590934,3.001350032738211e-14
145,0.542549893512992,0.5425498935129569,0.542549893512992,0.4679690098775996,0.4888889709557487,1.7397055407644892e-14,2.469400770767,2.469400770767,2.469400770767,1.924875229455335,1.8992305840996087,-1.1750802522730222e-14,2.469409143329464,2.469409143329464,2.469409143329464,1.9248894880833998,1.8992467827761188,-1.1750851314091637e-14,1.7093343584876615,1.7093343584876615,1.7093343584876615,1.42068990437236,1.4321404794045316,-1.9588978199256855e-14,2.6866830848494088,2.6866830848494088,2.6866830848494088,2.1467682683684397,2.180632189657276,2.1472505287363432e-14,0.4667695445727031,0.4667695445727031,0.4667695445727031,0.4433654499021615,0.4690611637928207,1.7165502152876958e-14
146,0.31033678422447086,0.310336784224456,0.31033678422447086,0.2678205572161783,0.33145755045874276,0.0,0.765589593966322,0.765589593966322,0.765589593966322,0.5831238191975665,0.6563441897179757,0.0,0.7655801981710808,0.7655801981710616,0.7655801981710808,0.5831583752891009,0.656393220285946,3.807785885305904e-14,0.6976755251292436,0.6976755251292271,0.6976755251292436,0.590943559800016,0.6885816569172244,-3.2709433663240765e-14,1.1240739545255027,1.1240739545255027,1.1240739545255027,0.9235252421970533,1.0838388004399881,-1.766066263677756e-14,0.27083635155668073,0.27083635155668073,0.27083635155668073,0.2344147983946657,0.2992855194575449,-1.4661984183811296e-14
147,0.3227394004182401,0.3227394004182269,0.3227394004182401,0.24924420481610324,0.1904356004336397,1.3180962368427982e-14,1.8472036780344239,1.8472036780344239,1.8472036780344239,0.9391869760137617,0.7122781079389353,0.0,1.8471171454644761,1.847117145464476,1.8471171454644761,0.9392240802442208,0.712301382626864,0.0,1.0220466655901983,1.0220466655901983,1.0220466655901983,0.700597963424976,0.5319075871876578,-1.5559319117285272e-14,1.57481604932605,1.57481604932605,1.57481604932605,0.8756717408801934,0.6702027251329021,-1.7639244823884472e-14,0.24530337479765107,0.24530337479765107,0.24530337479765107,0.18956816123369222,0.14523954725632804,2.586543130410578e-14
148,0.25913834539809666,0.2591383453981145,0.25913834539809666,0.23112744520281378,0.23002508183572654,-1.7846494604597533e-14,1.0938189230964162,1.0938189230964162,1.0938189230964162,0.8826499708201778,0.8320779809705914,-1.2239108657694446e-14,1.0937889623532366,1.0937889623532366,1.0937889623532366,0.882622270322182,0.8320511264814358,2.447832722034594e-14,0.7262427142239585,0.7262427142239383,0.7262427142239585,0.6102040677370689,0.5884813373309857,2.021649163207076e-14,1.2547625951889594,1.2547625951889594,1.2547625951889594,0.9974265339175525,0.9579890778172329,0.0,0.24151630033118582,0.24151630033120347,0.24151630033118582,0.2120054366279905,0.21426635272509514,3.5193774498226235e-14
149,0.32604327355795876,0.32604327355795876,0.32604327355795876,0.24631580545102497,0.20509560928908316,-4.1333715622642345e-14,0.5512923883364598,0.5512923883364598,0.5512923883364598,0.5151884873380513,0.4087003458408166,3.036217302022125e-14,0.5513124747335619,0.5513124747335619,0.5513124747335619,0.5151795042279697,0.40869352372892126,1.5181181057984006e-14,0.437678414356388,0.43767841435641214,0.437678414356388,0.38966740283914086,0.32376623647741665,1.2031192033547104e-14,1.1140222679250016,1.1140222679250016,1.1140222679250016,0.934980914264187,0.7570977278422587,2.703707575087254e-14,0.3815581447368377,0.38155814473685806,0.3815581447368377,0.3088108545023077,0.2571903907291258,-2.0312450739535523e-14
150,0.2937562588557801,0.2937562588557967,0.2937562588557801,0.23009026518548853,0.2455279060833501,1.656568541655826e-14,0.6495911068688455,0.6495911068688455,0.6495911068688455,0.46874760389980147,0.47666916182633184,0.0,0.6495552926656101,0.6495552926656324,0.6495552926656101,0.4687363686501003,0.47665917833442756,0.0,0.5866354551900714,0.5866354551900715,0.5866354551900714,0.4093441066180592,0.4115310676932982,-3.7173059331440786e-14,1.0753541854002664,1.0753541854002664,1.0753541854002664,0.9173459512596767,0.9600045436243385,0.0,0.2824337918937439,0.2824337918937603,0.2824337918937439,0.24244827605779165,0.2650725534511162,0.0
151,0.4460423248643294,0.4460423248643294,0.4460423248643294,0.36983460852320527,0.3546449912152614,2.0639276057522827e-14,1.2428709616222584,1.2428709616222584,1.2428709616222584,0.9117344487519305,0.8446482955384645,0.0,1.2428730950124107,1.2428730950123965,1.2428730950124107,0.9117392670487504,0.8446536330252234,0.0,1.10838279015958,1.10838279015958,1.10838279015958,0.7669163522271476,0.727010846390698,0.0,1.5798697706055431,1.5798697706055431,1.5798697706055431,1.1657467831912909,1.1029244684713257,1.2980833392676899e-14,0.5080810228790629,0.5080810228790424,0.5080810228790629,0.439546772657386,0.42784189874848727,-2.0337038846608188e-14
152,0.3106270940102731,0.3106270940103032,0.3106270940102731,0.28132556573558903,0.3202253349977899,-1.503897495977138e-14,0.9757947269128081,0.9757947269128081,0.9757947269128081,0.6454765484779669,0.6900042234132483,-3.9443476728017016e-14,0.9757686371973581,0.9757686371973779,0.9757686371973581,0.6454506395969931,0.6899809745010371,-3.944333848319947e-14,0.7157572693693343,0.7157572693693007,0.7157572693693343,0.5475572396401104,0.578765108947883,0.0,1.3088445734188812,1.3088445734188812,1.3088445734188812,0.9986787017832109,1.0932307164851451,1.817149219825253e-14,0.2989836368388992,0.2989836368388992,0.2989836368388992,0.27639389537604087,0.32746949922027035,0.0
153,0.3268952006286629,0.32689520062866273,0.3268952006286629,0.2609520406353751,0.2418117481827539,0.0,0.6902612670773545,0.6902612670773545,0.6902612670773545,0.5933049204656894,0.5220052986355225,0.0,0.6902630416765543,0.6902630416765543,0.6902630416765543,0.5932604653010285,0.5219720733405526,0.0,0.5992329105888152,0.5992329105888152,0.5992329105888152,0.4734065664521602,0.4198731283101172,1.9717238159117604e-14,1.2159511324726537,1.2159511324726537,1.2159511324726537,1.086814320408618,0.9851616345254763,4.370376149385401e-14,0.3295322151139546,0.3295322151139546,0.3295322151139546,0.3003223082204358,0.2879033822166458,-1.7029700703898375e-14
154,0.2422456277513486,0.2422456277513486,0.2422456277513486,0.20358009926785686,0.22834772009919943,-1.4827006248824975e-14,0.48655843996634324,0.48655843996634324,0.48655843996634324,0.3291313535344724,0.3521038722400475,3.882146574306239e-14,0.48652222227333575,0.48652222227333575,0.48652222227333575,0.32910821479123503,0.35208417945812315,-1.9410661283774693e-14,0.4743217262800668,0.47432172628008334,0.4743217262800668,0.345466841010441,0.3472849083940052,-3.292602260524449e-14,0.9418851583026318,0.9418851583026318,0.9418851583026318,0.7934467254982469,0.8849426903153138,0.0,0.24062397851668493,0.24062397851669964,0.24062397851668493,0.22265038527811554,0.26656384475565514,-2.9311390835597625e-14
155,1.0322253908082104,1.032225390808195,1.0322253908082104,0.8475948202652874,0.6714896653002574,-3.0361243778070765e-14,3.6321405265895805,3.6321405265895805,3.6321405265895805,3.1784312610469176,2.5056147284465764,2.2690249626740944e-14,3.631954531418514,3.631954531418502,3.631954531418514,3.178297460153293,2.5054887068844147,1.1345087245184564e-14,2.3082165069810627,2.3082165069810627,2.3082165069810627,2.171426542522718,1.7240205696681128,3.567515353950129e-14,4.633446457235848,4.633446457235848,4.633446457235848,3.4022386081628255,2.648183289954482,2.0134824980565172e-14,0.8058720927871843,0.8058720927871843,0.8058720927871843,0.7014705807213231,0.5508184855492725,1.4899936860863175e-14
156,0.28693837638892894,0.28693837638894476,0.28693837638892894,0.26626539023901036,0.2994052425646184,0.0,0.978333379236732,0.978333379236732,0.978333379236732,0.7851573891025232,0.8217802957939884,-2.079901535958713e-14,0.9784142490755912,0.9784142490755912,0.9784142490755912,0.7852143543332372,0.8218487186197722,0.0,0.8404380762153126,0.8404380762152949,0.8404380762153126,0.7126098025285563,0.7696221333315498,1.7594973770122172e-14,1.3130422609307777,1.3130422609307777,1.3130422609307777,1.0428425382159914,1.1208745313046182,1.9145358543622315e-14,0.2595959952767276,0.25959599527671195,0.2595959952767276,0.22713168530189196,0.2613760036882817,1.5591441913908282e-14
157,0.3240896507130896,0.32408965071307333,0.3240896507130896,0.24762370363161712,0.2506119287738755,-3.2408117927301553e-14,0.6939492644789319,0.6939492644789319,0.6939492644789319,0.5618597826618497,0.5292356097246195,-4.4053966107341646e-14,0.6939396523160284,0.6939396523160506,0.6939396523160284,0.5618452491381444,0.5292241512809196,-2.202689679862554e-14,0.6558426655923345,0.6558426655923161,0.6558426655923345,0.5153975625318225,0.49177573332825997,0.0,1.0078173044757053,1.0078173044757053,1.0078173044757053,0.851021476316537,0.8273141390294035,4.0137181141963165e-14,0.30506132098927663,0.30506132098930866,0.30506132098927663,0.251240952042833,0.26373357385102913,1.5988035084260477e-14
158,0.35040806652173395,0.3504080665217505,0.35040806652173395,0.2999437367646761,0.3363439899268362,1.6465525095159022e-14,0.9837123166641751,0.9837123166641751,0.9837123166641751,0.9636027567659593,1.0054750948382754,4.37361538617901e-14,0.9837256399684945,0.9837256399684724,0.9837256399684945,0.9636099568875827,1.0054832277309296,0.0,0.833646376612354,0.8336463766123541,0.833646376612354,0.72980512768111,0.7855866928633961,-1.8418822463945045e-14,1.015758958106431,1.015758958106431,1.015758958106431,0.8617668633861499,0.9031447401913991,0.0,0.2646486074681555,0.26464860746815544,0.2646486074681555,0.22215380641133012,0.25098082141459954,-1.6258402754513118e-14
159,2.027099652388251,2.0270996523882365,2.027099652388251,1.1234228467967682,0.7175092968102583,1.4589411625391886e-14,8.907111544988982,8.907111544988982,8.907111544988982,4.233257933158746,2.7173964593483095,0.0,8.906708831296111,8.906708831296111,8.906708831296111,4.232868752136834,2.717679034175019,1.201255749058339e-14,5.9617906123870075,5.961790612387046,5.9617906123870075,3.4279950161045383,2.2017382608684755,-1.7785212721351583e-14,10.154089874980055,10.154089874980055,10.154089874980055,5.958810907606402,3.813139002531196,0.0,1.2203560830395048,1.2203560830395048,1.2203560830395048,0.7964441001082392,0.5150749503375638,0.0
160,0.30223988477060837,0.3022398847706083,0.30223988477060837,0.2658174286825809,0.32295278250791554,-2.988598889558576e-14,0.7689644600638763,0.7689644600638763,0.7689644600638763,0.5917133682143388,0.6601720266993716,-1.9265005811731437e-14,0.7690225302990583,0.7690225302990195,0.7690225302990583,0.5917538240351017,0.6602277814560011,1.9265066723278763e-14,0.7053081561395209,0.7053081561395375,0.7053081561395209,0.6009923868754596,0.6915665164180752,3.302371929767122e-14,1.1658885757922621,1.1658885757922621,1.1658885757922621,0.9198758505191246,1.0651557119632122,0.0,0.2624444254585866,0.2624444254585718,0.2624444254585866,0.23097054178563653,0.28923164089162356,0.0
161,0.24995452419548914,0.2499545241955174,0.24995452419548914,0.21064253142449502,0.28280834097415386,-1.4089771274063975e-14,0.5802807169866924,0.5802807169866924,0.5802807169866924,0.5234007233538968,0.641916747526409,0.0,0.58028433241879,0.5802843324188077,0.58028433241879,0.5233881967163172,0.641904152934764,-1.769449998885109e-14,0.5959069723285486,0.595906972328564,0.5959069723285486,0.49204065635697897,0.6084246646962642,-1.5401122963860915e-14,0.7643369571672466,0.7643369571672466,0.7643369571672466,0.7613159874132778,0.9692675559229679,0.0,0.21278104364300227,0.21278104364301623,0.21278104364300227,0.19849109865181355,0.2800816683849487,1.3950954988593256e-14
162,0.2930062607944577,0.29300626079450903,0.2930062607944577,0.28266424326494494,0.28885051536275114,-1.708122521234628e-14,1.1387839149610774,1.1387839149610774,1.1387839149610774,0.7025254071048143,0.6698735333669115,1.162795984375679e-14,1.1387888810847342,1.1387888810847342,1.1387888810847342,0.7025387907976605,0.6698849335312239,-1.1627916422083627e-14,0.8158198291952983,0.8158198291952983,0.8158198291952983,0.6372409188918645,0.6264598614637393,1.928892094316633e-14,1.057485876167302,1.057485876167302,1.057485876167302,0.6806077576182991,0.6605655760984297,2.119454576676657e-14,0.22753003688148585,0.22753003688148585,0.22753003688148585,0.23423690140583783,0.24283806093680974,-1.684831869541118e-14
163,0.17954712986470994,0.17954712986469423,0.17954712986470994,0.18454793472503955,0.2058073167685653,3.136584311973385e-14,0.9577047090383071,0.9577047090383071,0.9577047090383071,0.8252449946389834,0.8291942405485134,-2.0898541045590208e-14,0.957694299229437,0.957694299229437,0.957694299229437,0.8252503321167411,0.829200736162057,0.0,0.5832072034828445,0.5832072034828445,0.5832072034828445,0.5706488620890683,0.6072143917389454,0.0,0.82853111011637,0.82853111011637,0.82853111011637,0.6920429655521143,0.7138799683083679,0.0,0.17789920093339373,0.17789920093342476,0.17789920093339373,0.17352344364492597,0.1944511227582737,1.5487395711296202e-14
164,0.13682984819856533,0.13682984819856533,0.13682984819856533,0.19352792605806418,0.29108282145641395,-2.6814248457424524e-14,0.37293799304390013,0.37293799304390013,0.37293799304390013,0.2861869405057534,0.3877804729471669,-1.6505761084177337e-14,0.3728935699298053,0.37289356992982187,0.3728935699298053,0.28619809099337573,0.38779260646429625,1.6505714778972902e-14,0.323506404738504,0.323506404738504,0.323506404738504,0.32056337412679403,0.43384489344844235,1.4542116946537538e-14,0.5605835564366488,0.5605835564366488,0.5605835564366488,0.511487677873526,0.7352974217627366,1.5506233857823345e-14,0.13111024605655283,0.13111024605659272,0.13111024605655283,0.17106708687511482,0.26716105965631487,1.3286320714210822e-14
165,0.4028354430161795,0.4028354430161943,0.4028354430161795,0.2660945868978015,0.19495746027402683,1.4712234975346146e-14,1.4724555655273996,1.4724555655273996,1.4724555655273996,0.6994044883613642,0.5212191558410688,1.1500088423426583e-14,1.472535564961929,1.472535564961929,1.472535564961929,0.6994861809729709,0.521264381950463,0.0,1.1162555025121024,1.1162555025121201,1.1162555025121024,0.6367033309151369,0.46479634452869184,0.0,1.5617741073420854,1.5617741073420854,1.5617741073420854,0.8277481077450828,0.6054032161449339,-4.025171604818235e-14,0.3915723465318508,0.3915723465318508,0.3915723465318508,0.2588905047296572,0.18475910714239033,-1.4411642076130015e-14
166,0.6682055814688146,0.6682055814688362,0.6682055814688146,0.49239863782975873,0.45693960066961825,4.3005288671071736e-14,3.358600675178851,3.358600675178851,3.358600675178851,2.2333642895069477,1.9746840513884025,0.0,3.358616627300824,3.358616627300824,3.358616627300824,2.2333963890996578,1.974711545474029,-1.5158762183112322e-14,2.145714863706084,2.145714863706084,2.145714863706084,1.5476419432709783,1.4030319265669875,0.0,2.926869610294045,2.926869610294045,2.926869610294045,2.0492730471959155,1.8394549816969537,0.0,0.4494162717329113,0.4494162717329113,0.4494162717329113,0.3765370075231025,0.34915245703265463,4.234520576830476e-14
167,0.4082567166411842,0.4082567166411842,0.4082567166411842,0.38838982374627823,0.5441390950803655,0.0,2.1399149620064915,2.1399149620064915,2.1399149620064915,1.9385413280039479,2.361236838943684,1.981582171180424e-14,2.1399516489710706,2.1399516489710706,2.1399516489710706,1.9386080801930015,2.36130214850397,1.9815759627793713e-14,1.34814072899239,1.34814072899239,1.34814072899239,1.302793568017263,1.699007053949388,0.0,1.8920395563290984,1.8920395563290984,1.8920395563290984,1.897645004187934,2.3930406848945918,0.0,0.3683995701457931,0.3683995701457775,0.3683995701457931,0.29296150794313136,0.40676009709315253,0.0
168,0.6320321213664118,0.6320321213664281,0.6320321213664118,0.3757773075593884,0.24678976631952304,1.6135699084095853e-14,2.708170406801021,2.708170406801021,2.708170406801021,1.200917833574188,0.8199898755354865,1.2950437237584466e-14,2.7080670980951056,2.7080670980951056,2.7080670980951056,1.2009287327577782,0.8199945048983099,0.0,1.7233106290378017,1.7233106290378413,1.7233106290378017,0.9322591067769598,0.6261114274013133,-1.9502461373614266e-14,2.5147844100530006,2.5147844100530006,2.5147844100530006,1.1506195766012872,0.7869846832887725,-2.2479540362574533e-14,0.4065648008730182,0.4065648008730024,0.4065648008730182,0.262238726885451,0.17606016240902495,0.0
169,0.43771402901750434,0.43771402901750434,0.43771402901750434,0.24767992852581805,0.1904078700422423,0.0,0.997962075900624,0.997962075900624,0.997962075900624,0.5615652997828757,0.42444018191398464,0.0,0.9979616136934941,0.9979616136934941,0.9979616136934941,0.561567360246356,0.4244416314980088,0.0,0.8936279671215891,0.8936279671216041,0.8936279671215891,0.4206200082344654,0.3299677757987223,-2.9649256506579065e-14,1.5426141764538368,1.5426141764538368,1.5426141764538368,0.884643814847355,0.67055998700989,-1.6816030989022176e-14,0.40985089834074195,0.40985089834076666,0.40985089834074195,0.2585241407585723,0.19652577365330934,-1.2309122563701023e-14
170,0.5978898725719531,0.5978898725719162,0.5978898725719531,0.44482811567880465,0.49203886794702884,-1.8378838235068585e-14,3.380817837297045,3.380817837297045,3.380817837297045,2.14456487787403,2.1605151199335477,0.0,3.3808804192616337,3.3808804192616337,3.3808804192616337,2.1446416786472726,2.160606386834146,1.229236469544864e-14,2.3400669129710603,2.340066912971039,2.3400669129710603,1.6064664139217255,1.699856387546256,-4.121646238904752e-14,2.808450814696109,2.808450814696109,2.808450814696109,1.7314480831858043,1.763301947452899,-2.2525672654915917e-14,0.5092412470943504,0.5092412470943322,0.5092412470943504,0.4668473392141718,0.5189811767208233,1.8143297716453876e-14
