farm_id,template_id,morphology,spacing_D,rep,A_pct,A_full_pct,A_C0,A_C1,A_C2,A_C3,theta_star_deg,pos_frac,drift_deg,wake_loss,aep_MWh_turb
0,RU3r1,rule_grid,3.0,1,0.7383,0.7384,0.7383,0.6078,0.53,-0.0,85,1.0,9.71,0.2864,28.0
0,RU3r2,rule_grid,3.0,2,0.8587,0.8588,0.8587,0.5184,0.4506,-0.0,155,1.0,20.86,0.2859,28.0
0,RU3r3,rule_grid,3.0,3,1.1403,1.1406,1.1403,0.6852,0.5902,-0.0,145,1.0,26.22,0.2848,28.1
0,RU5r1,rule_grid,5.0,1,0.4074,0.4074,0.4074,0.4014,0.3513,-0.0,90,1.0,10.25,0.1392,33.6
0,RU5r2,rule_grid,5.0,2,0.4386,0.4386,0.4386,0.3203,0.2794,0.0,155,1.0,21.88,0.1392,33.6
0,RU5r3,rule_grid,5.0,3,0.4582,0.4585,0.4582,0.4073,0.3564,-0.0,145,1.0,26.92,0.1382,33.7
0,RU7r1,rule_grid,7.0,1,0.2565,0.2566,0.2565,0.2733,0.2391,0.0,0,0.8,26.07,0.0831,35.8
0,RU7r2,rule_grid,7.0,2,0.2607,0.2608,0.2607,0.2163,0.1892,-0.0,155,1.0,20.54,0.0822,35.8
0,RU7r3,rule_grid,7.0,3,0.301,0.301,0.301,0.2816,0.2461,0.0,170,1.0,21.72,0.0816,35.8
0,BE3r1,belt,3.0,1,3.1808,3.1808,3.1808,2.1685,1.9054,-0.0,0,1.0,27.57,0.1793,32.9
0,BE3r2,belt,3.0,2,2.1729,2.1729,2.1729,1.5048,1.3085,0.0,0,1.0,31.73,0.2593,29.4
0,BE3r3,belt,3.0,3,2.0754,2.0755,2.0754,1.3319,1.1555,-0.0,25,1.0,11.04,0.2587,29.4
0,BE5r1,belt,5.0,1,1.3434,1.3434,1.3434,1.0401,0.9157,0.0,0,1.0,22.88,0.0883,35.9
0,BE5r2,belt,5.0,2,0.952,0.9521,0.952,0.7781,0.6802,-0.0,0,1.0,27.78,0.1261,34.3
0,BE5r3,belt,5.0,3,0.8361,0.8361,0.8361,0.6759,0.5907,-0.0,25,0.8,10.95,0.1256,34.3
0,BE7r1,belt,7.0,1,0.7474,0.7474,0.7474,0.6186,0.547,0.0,0,1.0,22.76,0.0522,37.2
0,BE7r2,belt,7.0,2,0.5579,0.5579,0.5579,0.5,0.4399,0.0,0,1.0,22.57,0.0746,36.2
0,BE7r3,belt,7.0,3,0.4694,0.4695,0.4694,0.4235,0.3725,-0.0,25,0.8,16.82,0.0739,36.2
0,CL3r1,cluster,3.0,1,0.4408,0.4407,0.4408,0.4548,0.3953,0.0,170,1.0,15.03,0.1534,33.1
0,CL3r2,cluster,3.0,2,0.4947,0.4987,0.4947,0.3925,0.3411,0.0,170,0.8,15.64,0.1535,33.1
0,CL3r3,cluster,3.0,3,0.5972,0.6026,0.5972,0.4816,0.4175,0.0,80,1.0,5.18,0.1601,32.9
0,CL5r1,cluster,5.0,1,0.2904,0.2904,0.2904,0.3261,0.2866,-0.0,90,0.8,11.42,0.0747,36.1
0,CL5r2,cluster,5.0,2,0.2561,0.2563,0.2561,0.2803,0.2466,0.0,175,0.8,18.4,0.075,36.1
0,CL5r3,cluster,5.0,3,0.2918,0.2922,0.2918,0.2855,0.2506,0.0,85,0.8,5.02,0.0778,36.0
0,CL7r1,cluster,7.0,1,0.1845,0.1845,0.1845,0.2254,0.1993,0.0,90,0.8,18.39,0.0449,37.2
0,CL7r2,cluster,7.0,2,0.1815,0.1822,0.1815,0.1999,0.1769,-0.0,0,0.8,19.33,0.0447,37.2
0,CL7r3,cluster,7.0,3,0.1896,0.1919,0.1896,0.2127,0.1878,-0.0,90,0.8,7.51,0.0467,37.2
0,MU3r1,multi_cluster,3.0,1,1.0372,1.0372,1.0372,0.8214,0.7112,-0.0,175,1.0,25.0,0.2119,31.0
0,MU3r2,multi_cluster,3.0,2,1.6743,1.6743,1.6743,1.2234,1.0611,-0.0,0,1.0,31.55,0.2418,30.0
0,MU3r3,multi_cluster,3.0,3,0.6762,0.6762,0.6762,0.5586,0.4859,0.0,175,1.0,15.57,0.2193,30.6
0,MU5r1,multi_cluster,5.0,1,0.5447,0.5448,0.5447,0.5118,0.4491,0.0,0,0.8,26.94,0.1034,35.1
0,MU5r2,multi_cluster,5.0,2,0.7795,0.7795,0.7795,0.6623,0.58,-0.0,0,1.0,31.55,0.1174,34.6
0,MU5r3,multi_cluster,5.0,3,0.3782,0.3782,0.3782,0.3871,0.3389,0.0,0,0.8,22.09,0.1068,34.9
0,MU7r1,multi_cluster,7.0,1,0.3383,0.3383,0.3383,0.3418,0.3015,0.0,0,0.8,29.5,0.0606,36.7
0,MU7r2,multi_cluster,7.0,2,0.4622,0.4622,0.4622,0.4295,0.3782,-0.0,0,0.8,27.83,0.0692,36.4
0,MU7r3,multi_cluster,7.0,3,0.2466,0.2467,0.2466,0.269,0.2364,0.0,90,0.8,14.16,0.0626,36.6
1,RU3r1,rule_grid,3.0,1,0.6634,0.6635,0.6634,0.5949,0.5219,0.0,85,1.0,8.6,0.2841,27.8
1,RU3r2,rule_grid,3.0,2,0.7956,0.7956,0.7956,0.5573,0.4849,-0.0,150,1.0,21.62,0.2837,27.8
1,RU3r3,rule_grid,3.0,3,1.3243,1.3246,1.3243,0.8977,0.7797,-0.0,145,1.0,21.37,0.2825,28.0
1,RU5r1,rule_grid,5.0,1,0.4618,0.4617,0.4618,0.4147,0.3653,0.0,90,1.0,10.94,0.1378,33.4
1,RU5r2,rule_grid,5.0,2,0.3817,0.3818,0.3817,0.3176,0.279,-0.0,25,0.8,18.37,0.1379,33.3
1,RU5r3,rule_grid,5.0,3,0.6079,0.6081,0.6079,0.4601,0.4042,-0.0,145,0.8,11.98,0.1369,33.5
1,RU7r1,rule_grid,7.0,1,0.3297,0.3297,0.3297,0.2908,0.2565,0.0,0,1.0,17.68,0.0822,35.5
1,RU7r2,rule_grid,7.0,2,0.2693,0.2693,0.2693,0.2282,0.2009,-0.0,25,0.8,23.05,0.0813,35.5
1,RU7r3,rule_grid,7.0,3,0.3782,0.3782,0.3782,0.3075,0.2723,0.0,145,0.8,21.51,0.0807,35.5
1,BE3r1,belt,3.0,1,3.5893,3.5893,3.5893,2.4921,2.2076,-0.0,0,1.0,22.78,0.1778,32.8
1,BE3r2,belt,3.0,2,2.4052,2.4052,2.4052,1.6913,1.4814,0.0,0,1.0,28.67,0.2573,29.3
1,BE3r3,belt,3.0,3,2.2124,2.2125,2.2124,1.4678,1.2832,-0.0,20,1.0,21.07,0.2566,29.3
1,BE5r1,belt,5.0,1,1.5697,1.5697,1.5697,1.1973,1.0644,0.0,0,1.0,12.18,0.0875,35.7
1,BE5r2,belt,5.0,2,1.1107,1.1109,1.1107,0.8734,0.7706,0.0,0,1.0,17.75,0.1248,34.1
1,BE5r3,belt,5.0,3,0.965,0.965,0.965,0.7463,0.6581,0.0,25,1.0,21.32,0.1243,34.1
1,BE7r1,belt,7.0,1,0.8965,0.8965,0.8965,0.7141,0.6382,0.0,0,1.0,12.21,0.0516,36.9
1,BE7r2,belt,7.0,2,0.6896,0.6896,0.6896,0.5659,0.5032,0.0,0,1.0,17.67,0.0738,35.9
1,BE7r3,belt,7.0,3,0.5766,0.5766,0.5766,0.4676,0.4155,-0.0,25,1.0,21.05,0.0731,35.9
1,CL3r1,cluster,3.0,1,0.414,0.4139,0.414,0.4293,0.3768,-0.0,140,0.8,10.66,0.1519,32.8
1,CL3r2,cluster,3.0,2,0.4407,0.4449,0.4407,0.3376,0.2966,0.0,140,1.0,15.22,0.152,32.8
1,CL3r3,cluster,3.0,3,0.4645,0.4673,0.4645,0.3747,0.3274,0.0,80,1.0,4.82,0.1585,32.6
1,CL5r1,cluster,5.0,1,0.3464,0.3466,0.3464,0.3345,0.297,-0.0,90,1.0,7.34,0.0739,35.8
1,CL5r2,cluster,5.0,2,0.2737,0.274,0.2737,0.2804,0.2492,0.0,90,1.0,17.78,0.0741,35.8
1,CL5r3,cluster,5.0,3,0.2604,0.2647,0.2604,0.2585,0.2288,0.0,90,1.0,5.15,0.077,35.7
1,CL7r1,cluster,7.0,1,0.2345,0.2345,0.2345,0.2299,0.2055,0.0,90,1.0,16.79,0.0444,36.9
1,CL7r2,cluster,7.0,2,0.2043,0.2044,0.2043,0.2033,0.1818,0.0,90,1.0,17.53,0.0442,36.9
1,CL7r3,cluster,7.0,3,0.2134,0.2154,0.2134,0.2029,0.1808,0.0,90,1.0,5.49,0.0462,36.8
1,MU3r1,multi_cluster,3.0,1,1.0041,1.004,1.0041,0.8316,0.7258,0.0,175,1.0,28.2,0.2101,30.7
1,MU3r2,multi_cluster,3.0,2,1.8284,1.8284,1.8284,1.3396,1.1707,0.0,0,1.0,34.01,0.2398,29.8
1,MU3r3,multi_cluster,3.0,3,0.5623,0.5623,0.5623,0.5197,0.4555,0.0,175,1.0,8.55,0.2174,30.3
1,MU5r1,multi_cluster,5.0,1,0.6172,0.6172,0.6172,0.5367,0.4752,0.0,0,1.0,26.97,0.1024,34.8
1,MU5r2,multi_cluster,5.0,2,0.904,0.904,0.904,0.7297,0.6448,0.0,0,1.0,22.68,0.1163,34.4
1,MU5r3,multi_cluster,5.0,3,0.4199,0.4199,0.4199,0.3879,0.342,0.0,0,1.0,13.06,0.1057,34.6
1,MU7r1,multi_cluster,7.0,1,0.4167,0.4167,0.4167,0.3644,0.3246,0.0,0,1.0,17.56,0.0599,36.4
1,MU7r2,multi_cluster,7.0,2,0.5726,0.5726,0.5726,0.4783,0.4255,0.0,0,1.0,12.09,0.0684,36.1
1,MU7r3,multi_cluster,7.0,3,0.3074,0.3074,0.3074,0.2784,0.2466,0.0,90,1.0,13.92,0.0619,36.3
2,RU3r1,rule_grid,3.0,1,0.6237,0.6241,0.6237,0.538,0.6218,-0.0,90,0.8,14.29,0.2219,41.8
2,RU3r2,rule_grid,3.0,2,0.5197,0.5198,0.5197,0.4586,0.5559,0.0,70,0.8,17.65,0.2213,41.8
2,RU3r3,rule_grid,3.0,3,0.8782,0.8785,0.8782,0.7771,0.9471,-0.0,110,1.0,6.3,0.2203,42.0
2,RU5r1,rule_grid,5.0,1,0.3826,0.3828,0.3826,0.3063,0.3656,0.0,90,1.0,7.07,0.1075,47.9
2,RU5r2,rule_grid,5.0,2,0.2564,0.2565,0.2564,0.2718,0.3391,0.0,0,0.8,15.09,0.1075,47.8
2,RU5r3,rule_grid,5.0,3,0.3754,0.3755,0.3754,0.3622,0.4615,-0.0,105,1.0,6.65,0.1065,47.9
2,RU7r1,rule_grid,7.0,1,0.2607,0.2607,0.2607,0.1993,0.2483,0.0,90,1.0,3.14,0.0639,50.1
2,RU7r2,rule_grid,7.0,2,0.1575,0.1575,0.1575,0.1653,0.2132,-0.0,0,0.8,18.44,0.0634,50.1
2,RU7r3,rule_grid,7.0,3,0.2395,0.2394,0.2395,0.232,0.3078,0.0,105,1.0,8.41,0.0628,50.2
2,BE3r1,belt,3.0,1,2.4286,2.4286,2.4286,2.1425,2.6378,-0.0,145,1.0,8.23,0.1333,47.4
2,BE3r2,belt,3.0,2,1.6572,1.6571,1.6572,1.4016,1.6992,-0.0,145,1.0,7.27,0.1982,43.5
2,BE3r3,belt,3.0,3,1.9114,1.9114,1.9114,1.7232,2.1196,0.0,125,1.0,2.25,0.1976,43.7
2,BE5r1,belt,5.0,1,0.9459,0.946,0.9459,0.9431,1.2317,0.0,140,1.0,7.95,0.066,50.4
2,BE5r2,belt,5.0,2,0.6627,0.6628,0.6627,0.6486,0.8451,0.0,150,1.0,6.95,0.0964,48.6
2,BE5r3,belt,5.0,3,0.7322,0.7322,0.7322,0.77,1.0098,-0.0,125,1.0,4.72,0.0958,48.7
2,BE7r1,belt,7.0,1,0.4915,0.4915,0.4915,0.5328,0.7186,-0.0,150,1.0,7.97,0.039,51.6
2,BE7r2,belt,7.0,2,0.359,0.359,0.359,0.393,0.5337,0.0,150,1.0,8.24,0.057,50.6
2,BE7r3,belt,7.0,3,0.3895,0.3895,0.3895,0.4434,0.602,0.0,135,1.0,5.03,0.0563,50.6
2,CL3r1,cluster,3.0,1,0.4463,0.4463,0.4463,0.4268,0.5899,0.0,90,1.0,11.03,0.1139,47.5
2,CL3r2,cluster,3.0,2,0.4593,0.4595,0.4593,0.4409,0.6039,-0.0,85,1.0,9.56,0.1136,47.6
2,CL3r3,cluster,3.0,3,0.5569,0.5586,0.5569,0.4768,0.6192,0.0,0,1.0,27.5,0.1196,47.3
2,CL5r1,cluster,5.0,1,0.2973,0.298,0.2973,0.2544,0.3514,0.0,0,1.0,11.2,0.0572,50.5
2,CL5r2,cluster,5.0,2,0.2931,0.2936,0.2931,0.2428,0.33,0.0,90,1.0,9.69,0.057,50.5
2,CL5r3,cluster,5.0,3,0.3311,0.3336,0.3311,0.2737,0.3621,-0.0,0,1.0,32.63,0.0593,50.4
2,CL7r1,cluster,7.0,1,0.2322,0.2322,0.2322,0.1828,0.2399,0.0,90,1.0,9.73,0.0348,51.7
2,CL7r2,cluster,7.0,2,0.2262,0.2264,0.2262,0.1827,0.2419,0.0,90,1.0,9.69,0.0344,51.7
2,CL7r3,cluster,7.0,3,0.2491,0.249,0.2491,0.2062,0.2753,-0.0,0,1.0,31.3,0.0361,51.6
2,MU3r1,multi_cluster,3.0,1,0.7398,0.7399,0.7398,0.6398,0.8113,-0.0,150,1.0,9.22,0.1578,45.3
2,MU3r2,multi_cluster,3.0,2,1.2846,1.2846,1.2846,1.0911,1.3343,-0.0,150,1.0,7.5,0.1833,44.2
2,MU3r3,multi_cluster,3.0,3,0.6237,0.6237,0.6237,0.528,0.6384,0.0,90,0.8,9.22,0.1646,44.9
2,MU5r1,multi_cluster,5.0,1,0.4488,0.4488,0.4488,0.3747,0.4783,0.0,90,1.0,11.2,0.0782,49.5
2,MU5r2,multi_cluster,5.0,2,0.5363,0.5363,0.5363,0.5253,0.6841,0.0,150,1.0,6.88,0.0894,48.9
2,MU5r3,multi_cluster,5.0,3,0.3991,0.3991,0.3991,0.3233,0.3979,0.0,90,1.0,3.86,0.0813,49.3
2,MU7r1,multi_cluster,7.0,1,0.3087,0.3087,0.3087,0.2464,0.3159,0.0,90,1.0,12.95,0.046,51.1
2,MU7r2,multi_cluster,7.0,2,0.3305,0.3305,0.3305,0.3161,0.4277,-0.0,90,1.0,9.24,0.0526,50.8
2,MU7r3,multi_cluster,7.0,3,0.2797,0.2797,0.2797,0.2182,0.2759,0.0,90,1.0,3.29,0.0478,51.0
3,RU3r1,rule_grid,3.0,1,0.6848,0.6849,0.6848,0.4592,0.4071,-0.0,70,1.0,6.44,0.2798,28.7
3,RU3r2,rule_grid,3.0,2,0.7421,0.7422,0.7421,0.4304,0.3809,0.0,150,1.0,22.23,0.2793,28.8
3,RU3r3,rule_grid,3.0,3,1.2162,1.2164,1.2162,0.715,0.6303,0.0,145,1.0,16.81,0.2782,28.9
3,RU5r1,rule_grid,5.0,1,0.3309,0.3312,0.3309,0.3399,0.3039,-0.0,70,0.8,7.16,0.1355,34.4
3,RU5r2,rule_grid,5.0,2,0.3489,0.3489,0.3489,0.2845,0.2538,0.0,155,1.0,16.93,0.1355,34.4
3,RU5r3,rule_grid,5.0,3,0.4958,0.4961,0.4958,0.386,0.3455,0.0,145,1.0,23.94,0.1345,34.5
3,RU7r1,rule_grid,7.0,1,0.2233,0.2233,0.2233,0.2435,0.2189,-0.0,0,0.8,28.43,0.0808,36.5
3,RU7r2,rule_grid,7.0,2,0.2199,0.2199,0.2199,0.2048,0.1838,0.0,155,0.8,15.14,0.0799,36.5
3,RU7r3,rule_grid,7.0,3,0.2814,0.2814,0.2814,0.2692,0.2418,0.0,145,1.0,19.92,0.0793,36.6
3,BE3r1,belt,3.0,1,3.1371,3.1372,3.1371,2.2258,1.9999,0.0,0,1.0,26.97,0.1751,33.7
3,BE3r2,belt,3.0,2,1.9908,1.9908,1.9908,1.4851,1.3191,0.0,0,1.0,29.7,0.2533,30.2
3,BE3r3,belt,3.0,3,2.1759,2.1758,2.1759,1.4349,1.2741,0.0,10,1.0,11.92,0.2527,30.3
3,BE5r1,belt,5.0,1,1.3241,1.3241,1.3241,1.0586,0.9575,0.0,0,1.0,22.31,0.086,36.7
3,BE5r2,belt,5.0,2,0.8918,0.892,0.8918,0.767,0.6887,0.0,0,1.0,22.24,0.1227,35.1
3,BE5r3,belt,5.0,3,0.8952,0.8952,0.8952,0.7056,0.6337,0.0,25,1.0,12.14,0.1222,35.1
3,BE7r1,belt,7.0,1,0.7435,0.7436,0.7435,0.6288,0.5725,0.0,0,1.0,22.31,0.0507,37.9
3,BE7r2,belt,7.0,2,0.5486,0.5486,0.5486,0.4978,0.4511,0.0,0,1.0,22.31,0.0725,37.0
3,BE7r3,belt,7.0,3,0.5196,0.5197,0.5196,0.4403,0.399,-0.0,25,1.0,4.14,0.0718,37.0
3,CL3r1,cluster,3.0,1,0.3775,0.3776,0.3775,0.2962,0.2653,0.0,75,1.0,14.5,0.1492,33.8
3,CL3r2,cluster,3.0,2,0.4106,0.4134,0.4106,0.2963,0.2655,-0.0,160,1.0,16.23,0.1493,33.8
3,CL3r3,cluster,3.0,3,0.4885,0.4917,0.4885,0.3226,0.2875,-0.0,70,1.0,5.13,0.1558,33.6
3,CL5r1,cluster,5.0,1,0.2149,0.2149,0.2149,0.2561,0.2317,0.0,90,0.8,10.98,0.0726,36.8
3,CL5r2,cluster,5.0,2,0.2062,0.2062,0.2062,0.2083,0.1887,-0.0,160,1.0,15.91,0.0728,36.8
3,CL5r3,cluster,5.0,3,0.2373,0.2361,0.2373,0.199,0.1794,0.0,70,1.0,5.68,0.0756,36.7
3,CL7r1,cluster,7.0,1,0.1419,0.1419,0.1419,0.1775,0.1616,0.0,90,0.8,13.94,0.0436,37.9
3,CL7r2,cluster,7.0,2,0.1323,0.1328,0.1323,0.1552,0.1415,0.0,0,1.0,17.04,0.0434,38.0
3,CL7r3,cluster,7.0,3,0.1439,0.1442,0.1439,0.1603,0.1456,-0.0,70,1.0,6.69,0.0454,37.9
3,MU3r1,multi_cluster,3.0,1,0.9104,0.9104,0.9104,0.6795,0.6017,-0.0,165,1.0,24.7,0.2067,31.7
3,MU3r2,multi_cluster,3.0,2,1.456,1.456,1.456,1.1563,1.0249,0.0,165,1.0,29.14,0.2361,30.7
3,MU3r3,multi_cluster,3.0,3,0.6179,0.618,0.6179,0.3858,0.3423,-0.0,160,1.0,16.08,0.214,31.3
3,MU5r1,multi_cluster,5.0,1,0.4352,0.4353,0.4352,0.4499,0.4052,-0.0,0,0.8,29.14,0.1006,35.8
3,MU5r2,multi_cluster,5.0,2,0.7011,0.7011,0.7011,0.6322,0.5683,0.0,0,1.0,27.52,0.1143,35.3
3,MU5r3,multi_cluster,5.0,3,0.309,0.309,0.309,0.3099,0.2776,0.0,160,1.0,21.65,0.1039,35.6
3,MU7r1,multi_cluster,7.0,1,0.2989,0.2989,0.2989,0.3085,0.2801,0.0,0,0.8,25.49,0.0589,37.4
3,MU7r2,multi_cluster,7.0,2,0.4416,0.4416,0.4416,0.4154,0.3767,-0.0,0,0.8,22.31,0.0672,37.1
3,MU7r3,multi_cluster,7.0,3,0.2002,0.2002,0.2002,0.227,0.2049,0.0,90,0.8,14.36,0.0608,37.3
4,RU3r1,rule_grid,3.0,1,4.14,4.1404,4.14,2.4171,1.9071,0.0,70,1.0,0.82,0.3026,28.4
4,RU3r2,rule_grid,3.0,2,2.6698,2.6697,2.6698,1.5385,1.2049,0.0,65,1.0,6.84,0.302,28.0
4,RU3r3,rule_grid,3.0,3,3.9864,3.9868,3.9864,2.6624,2.0917,-0.0,70,1.0,1.7,0.301,28.4
4,RU5r1,rule_grid,5.0,1,1.9482,1.948,1.9482,1.2756,0.9999,0.0,70,1.0,8.33,0.1468,34.0
4,RU5r2,rule_grid,5.0,2,1.3314,1.3316,1.3314,0.8847,0.689,0.0,65,1.0,7.22,0.1467,33.8
4,RU5r3,rule_grid,5.0,3,1.7458,1.7456,1.7458,1.3329,1.0395,0.0,70,1.0,8.52,0.1459,34.0
4,RU7r1,rule_grid,7.0,1,1.1306,1.1308,1.1306,0.7868,0.611,-0.0,155,1.0,13.56,0.0875,36.1
4,RU7r2,rule_grid,7.0,2,0.7431,0.7431,0.7431,0.5377,0.4172,-0.0,65,1.0,9.1,0.0864,36.0
4,RU7r3,rule_grid,7.0,3,0.9955,0.9957,0.9955,0.8156,0.6333,0.0,70,1.0,1.95,0.086,36.1
4,BE3r1,belt,3.0,1,5.9514,5.9515,5.9514,4.2036,3.3325,0.0,155,1.0,6.37,0.1923,33.4
4,BE3r2,belt,3.0,2,5.2323,5.2326,5.2323,2.9399,2.3114,0.0,155,1.0,4.54,0.2751,29.8
4,BE3r3,belt,3.0,3,4.7981,4.7983,4.7981,3.1178,2.4506,0.0,135,1.0,3.86,0.2744,29.7
4,BE5r1,belt,5.0,1,2.8001,2.8,2.8001,1.9438,1.5234,0.0,155,1.0,6.29,0.0941,36.4
4,BE5r2,belt,5.0,2,2.4751,2.475,2.4751,1.587,1.2376,-0.0,155,1.0,3.38,0.1333,34.7
4,BE5r3,belt,5.0,3,1.9864,1.9865,1.9864,1.4921,1.1589,-0.0,135,1.0,3.86,0.1328,34.6
4,BE7r1,belt,7.0,1,1.6265,1.6266,1.6265,1.106,0.865,0.0,155,1.0,4.61,0.0555,37.5
4,BE7r2,belt,7.0,2,1.4548,1.4548,1.4548,0.986,0.7663,-0.0,155,1.0,3.33,0.0788,36.5
4,BE7r3,belt,7.0,3,1.1099,1.1098,1.1099,0.8934,0.6929,-0.0,135,1.0,3.86,0.078,36.4
4,CL3r1,cluster,3.0,1,2.8832,2.8833,2.8832,1.8761,1.4434,0.0,70,1.0,0.82,0.1641,33.6
4,CL3r2,cluster,3.0,2,2.8908,2.8902,2.8908,1.9004,1.4606,0.0,70,1.0,0.82,0.1641,33.6
4,CL3r3,cluster,3.0,3,3.0157,3.0338,3.0157,1.8938,1.4587,-0.0,160,1.0,8.15,0.1708,33.4
4,CL5r1,cluster,5.0,1,1.4749,1.4737,1.4749,1.0137,0.7915,-0.0,70,1.0,0.98,0.0787,36.5
4,CL5r2,cluster,5.0,2,1.5128,1.5131,1.5128,1.052,0.821,-0.0,70,1.0,0.98,0.079,36.5
4,CL5r3,cluster,5.0,3,1.5441,1.5457,1.5441,1.0349,0.8069,-0.0,160,1.0,8.1,0.0821,36.4
4,CL7r1,cluster,7.0,1,0.9276,0.9276,0.9276,0.6597,0.5165,-0.0,70,1.0,1.02,0.047,37.6
4,CL7r2,cluster,7.0,2,0.9318,0.9339,0.9318,0.6666,0.5218,0.0,70,1.0,1.02,0.0469,37.6
4,CL7r3,cluster,7.0,3,0.9662,0.9674,0.9662,0.6675,0.5218,-0.0,160,1.0,13.31,0.049,37.5
4,MU3r1,multi_cluster,3.0,1,4.1331,4.133,4.1331,2.4435,1.902,0.0,160,1.0,7.3,0.2265,31.5
4,MU3r2,multi_cluster,3.0,2,4.7499,4.75,4.7499,2.6953,2.1123,0.0,160,1.0,3.56,0.2572,30.4
4,MU3r3,multi_cluster,3.0,3,3.8404,3.8405,3.8404,2.3179,1.8088,-0.0,160,1.0,0.82,0.2338,31.1
4,MU5r1,multi_cluster,5.0,1,2.0578,2.0579,2.0578,1.3569,1.0618,0.0,155,1.0,7.23,0.1097,35.5
4,MU5r2,multi_cluster,5.0,2,2.2889,2.2891,2.2889,1.4842,1.1598,0.0,155,1.0,3.44,0.1243,35.0
4,MU5r3,multi_cluster,5.0,3,1.9176,1.9177,1.9176,1.2694,0.9935,0.0,70,1.0,7.56,0.1131,35.3
4,MU7r1,multi_cluster,7.0,1,1.2467,1.2467,1.2467,0.8558,0.6677,0.0,155,1.0,7.19,0.0642,37.0
4,MU7r2,multi_cluster,7.0,2,1.3582,1.3582,1.3582,0.9259,0.7209,-0.0,155,1.0,3.32,0.0731,36.7
4,MU7r3,multi_cluster,7.0,3,1.1477,1.1477,1.1477,0.7852,0.6124,0.0,65,1.0,14.9,0.0662,36.9
5,RU3r1,rule_grid,3.0,1,0.4642,0.4642,0.4642,0.3588,0.4436,0.0,175,0.6,7.58,0.2091,44.8
5,RU3r2,rule_grid,3.0,2,0.4789,0.4789,0.4789,0.3691,0.4401,0.0,150,0.8,8.97,0.2084,44.9
5,RU3r3,rule_grid,3.0,3,0.6712,0.6718,0.6712,0.5981,0.7446,-0.0,90,1.0,6.2,0.2075,45.0
5,RU5r1,rule_grid,5.0,1,0.276,0.2761,0.276,0.204,0.2753,-0.0,85,0.6,9.52,0.1002,50.9
5,RU5r2,rule_grid,5.0,2,0.2577,0.2577,0.2577,0.2158,0.2777,0.0,150,0.8,10.35,0.1001,50.9
5,RU5r3,rule_grid,5.0,3,0.3097,0.3099,0.3097,0.3258,0.4221,0.0,90,1.0,8.92,0.0992,51.0
5,RU7r1,rule_grid,7.0,1,0.1679,0.1679,0.1679,0.1412,0.1864,-0.0,85,0.8,8.45,0.0592,53.2
5,RU7r2,rule_grid,7.0,2,0.1456,0.1456,0.1456,0.144,0.1947,0.0,150,0.8,18.49,0.0587,53.2
5,RU7r3,rule_grid,7.0,3,0.1854,0.1854,0.1854,0.2149,0.2959,-0.0,90,0.6,11.54,0.0581,53.2
5,BE3r1,belt,3.0,1,1.1277,1.1277,1.1277,1.0834,1.403,0.0,135,1.0,12.16,0.1251,49.9
5,BE3r2,belt,3.0,2,0.7237,0.7237,0.7237,0.623,0.7809,-0.0,130,1.0,14.11,0.1865,46.2
5,BE3r3,belt,3.0,3,0.9971,0.9971,0.9971,0.8818,1.1173,0.0,150,1.0,4.86,0.186,46.4
5,BE5r1,belt,5.0,1,0.4266,0.4267,0.4266,0.4658,0.6437,-0.0,135,1.0,13.55,0.0614,53.2
5,BE5r2,belt,5.0,2,0.2902,0.2903,0.2902,0.27,0.3787,0.0,155,1.0,14.6,0.0898,51.5
5,BE5r3,belt,5.0,3,0.4271,0.4272,0.4271,0.4309,0.5903,0.0,150,1.0,6.9,0.0892,51.6
5,BE7r1,belt,7.0,1,0.2354,0.2354,0.2354,0.2591,0.3757,0.0,135,0.8,13.26,0.0361,54.5
5,BE7r2,belt,7.0,2,0.1731,0.1731,0.1731,0.1682,0.25,0.0,175,0.8,14.97,0.0527,53.5
5,BE7r3,belt,7.0,3,0.2327,0.2327,0.2327,0.2609,0.3756,-0.0,150,0.8,12.68,0.0521,53.6
5,CL3r1,cluster,3.0,1,0.2491,0.2491,0.2491,0.2351,0.3335,0.0,85,0.8,14.79,0.1059,50.6
5,CL3r2,cluster,3.0,2,0.25,0.2515,0.25,0.2485,0.3498,0.0,85,0.8,14.97,0.1055,50.6
5,CL3r3,cluster,3.0,3,0.2577,0.2595,0.2577,0.2376,0.3363,-0.0,170,0.6,26.19,0.1114,50.3
5,CL5r1,cluster,5.0,1,0.1628,0.1638,0.1628,0.1475,0.2164,-0.0,85,0.8,15.25,0.0528,53.5
5,CL5r2,cluster,5.0,2,0.1622,0.163,0.1622,0.1573,0.23,0.0,85,0.8,14.18,0.0526,53.5
5,CL5r3,cluster,5.0,3,0.1601,0.1606,0.1601,0.1454,0.2101,0.0,175,0.6,22.62,0.0549,53.4
5,CL7r1,cluster,7.0,1,0.1254,0.1254,0.1254,0.1249,0.1759,-0.0,90,0.8,14.18,0.0321,54.7
5,CL7r2,cluster,7.0,2,0.1168,0.1171,0.1168,0.1155,0.1639,0.0,90,0.8,14.24,0.0317,54.7
5,CL7r3,cluster,7.0,3,0.1073,0.1073,0.1073,0.0999,0.1404,0.0,0,0.8,20.52,0.0333,54.6
5,MU3r1,multi_cluster,3.0,1,0.3975,0.3975,0.3975,0.3246,0.4226,-0.0,175,0.6,15.54,0.1479,48.3
5,MU3r2,multi_cluster,3.0,2,0.5097,0.5097,0.5097,0.4769,0.612,0.0,150,1.0,14.91,0.1722,46.9
5,MU3r3,multi_cluster,3.0,3,0.3917,0.3918,0.3917,0.3116,0.4032,0.0,85,0.6,4.49,0.1542,47.9
5,MU5r1,multi_cluster,5.0,1,0.264,0.2641,0.264,0.2087,0.2884,-0.0,175,0.8,16.61,0.0728,52.4
5,MU5r2,multi_cluster,5.0,2,0.2754,0.2754,0.2754,0.2173,0.307,-0.0,175,1.0,15.29,0.0833,51.9
5,MU5r3,multi_cluster,5.0,3,0.2562,0.2562,0.2562,0.2002,0.2755,-0.0,85,0.8,12.3,0.0756,52.3
5,MU7r1,multi_cluster,7.0,1,0.1615,0.1615,0.1615,0.1423,0.1897,0.0,175,0.8,17.85,0.0426,54.1
5,MU7r2,multi_cluster,7.0,2,0.1687,0.1687,0.1687,0.1506,0.2001,-0.0,175,0.8,17.72,0.0487,53.8
5,MU7r3,multi_cluster,7.0,3,0.1575,0.1576,0.1575,0.1367,0.1814,-0.0,90,0.8,9.11,0.0442,54.0
6,RU3r1,rule_grid,3.0,1,1.3389,1.3392,1.3389,0.9186,0.7642,0.0,115,1.0,12.25,0.3145,23.0
6,RU3r2,rule_grid,3.0,2,0.9983,0.9985,0.9983,0.7983,0.6652,0.0,110,1.0,14.46,0.3141,22.9
6,RU3r3,rule_grid,3.0,3,1.6164,1.6165,1.6164,1.2805,1.0505,0.0,115,1.0,5.6,0.3127,23.1
6,RU5r1,rule_grid,5.0,1,0.6215,0.6217,0.6215,0.4864,0.4057,0.0,25,1.0,11.28,0.1581,28.1
6,RU5r2,rule_grid,5.0,2,0.5326,0.5326,0.5326,0.4718,0.391,0.0,30,1.0,16.29,0.1583,28.0
6,RU5r3,rule_grid,5.0,3,0.7921,0.7923,0.7921,0.6747,0.5578,0.0,145,1.0,5.76,0.1569,28.1
6,RU7r1,rule_grid,7.0,1,0.362,0.362,0.362,0.3047,0.2521,0.0,115,1.0,4.47,0.0962,30.0
6,RU7r2,rule_grid,7.0,2,0.308,0.308,0.308,0.3045,0.2517,-0.0,30,0.8,16.07,0.0953,30.1
6,RU7r3,rule_grid,7.0,3,0.5492,0.5492,0.5492,0.4743,0.3897,-0.0,145,1.0,6.0,0.0945,30.1
6,BE3r1,belt,3.0,1,5.1795,5.1795,5.1795,3.7351,3.1403,-0.0,5,1.0,11.65,0.1957,28.0
6,BE3r2,belt,3.0,2,3.1976,3.1977,3.1976,2.2885,1.9067,-0.0,5,1.0,2.08,0.2844,24.5
6,BE3r3,belt,3.0,3,3.2872,3.2872,3.2872,2.4221,2.018,0.0,175,1.0,21.7,0.2836,24.5
6,BE5r1,belt,5.0,1,2.2648,2.2648,2.2648,1.7084,1.4166,0.0,5,1.0,1.9,0.0993,30.5
6,BE5r2,belt,5.0,2,1.423,1.4231,1.423,1.0916,0.9015,-0.0,5,1.0,2.09,0.1426,28.8
6,BE5r3,belt,5.0,3,1.467,1.4669,1.467,1.1966,0.9835,-0.0,0,1.0,22.26,0.1421,28.8
6,BE7r1,belt,7.0,1,1.2522,1.2522,1.2522,1.004,0.8294,-0.0,0,1.0,2.18,0.0596,31.5
6,BE7r2,belt,7.0,2,0.876,0.876,0.876,0.7243,0.5958,0.0,0,1.0,2.35,0.086,30.5
6,BE7r3,belt,7.0,3,0.8798,0.8798,0.8798,0.751,0.6162,0.0,0,1.0,27.57,0.0851,30.6
6,CL3r1,cluster,3.0,1,1.1069,1.1069,1.1069,0.8768,0.706,-0.0,110,1.0,7.05,0.1721,27.7
6,CL3r2,cluster,3.0,2,1.1443,1.1466,1.1443,0.898,0.7266,0.0,115,1.0,3.21,0.1722,27.7
6,CL3r3,cluster,3.0,3,1.1436,1.1468,1.1436,0.8828,0.7199,0.0,25,1.0,8.82,0.1791,27.5
6,CL5r1,cluster,5.0,1,0.5965,0.6002,0.5965,0.4891,0.3998,0.0,115,1.0,6.56,0.0866,30.4
6,CL5r2,cluster,5.0,2,0.6134,0.6149,0.6134,0.4966,0.407,0.0,115,1.0,3.87,0.0867,30.4
6,CL5r3,cluster,5.0,3,0.5765,0.5778,0.5765,0.4719,0.3876,0.0,25,1.0,7.17,0.0898,30.3
6,CL7r1,cluster,7.0,1,0.3682,0.3682,0.3682,0.2958,0.244,-0.0,115,1.0,7.22,0.0527,31.5
6,CL7r2,cluster,7.0,2,0.3776,0.3777,0.3776,0.3087,0.2543,0.0,115,1.0,4.88,0.0524,31.5
6,CL7r3,cluster,7.0,3,0.3779,0.3781,0.3779,0.3121,0.2573,0.0,30,1.0,10.04,0.0547,31.4
6,MU3r1,multi_cluster,3.0,1,1.6607,1.6607,1.6607,1.2252,1.0068,-0.0,25,1.0,3.43,0.2327,25.8
6,MU3r2,multi_cluster,3.0,2,2.4465,2.4466,2.4465,1.7379,1.4401,0.0,10,1.0,2.53,0.2653,24.9
6,MU3r3,multi_cluster,3.0,3,1.2967,1.2967,1.2967,0.9479,0.7818,-0.0,115,1.0,2.65,0.2416,25.4
6,MU5r1,multi_cluster,5.0,1,0.8281,0.8281,0.8281,0.6614,0.5475,-0.0,25,1.0,3.42,0.1167,29.5
6,MU5r2,multi_cluster,5.0,2,1.1001,1.1002,1.1001,0.8387,0.69,0.0,5,1.0,2.97,0.1327,29.0
6,MU5r3,multi_cluster,5.0,3,0.655,0.655,0.655,0.5212,0.4329,0.0,115,1.0,3.68,0.121,29.3
6,MU7r1,multi_cluster,7.0,1,0.4948,0.4948,0.4948,0.4104,0.339,0.0,25,1.0,3.19,0.0696,31.0
6,MU7r2,multi_cluster,7.0,2,0.663,0.663,0.663,0.5592,0.4615,-0.0,0,1.0,2.98,0.0795,30.7
6,MU7r3,multi_cluster,7.0,3,0.395,0.395,0.395,0.3277,0.2712,0.0,25,1.0,14.99,0.0721,30.8
7,RU3r1,rule_grid,3.0,1,0.2796,0.2798,0.2796,0.2718,0.3172,-0.0,90,0.8,8.5,0.2152,44.3
7,RU3r2,rule_grid,3.0,2,0.381,0.381,0.381,0.4532,0.5323,-0.0,90,1.0,17.12,0.2146,44.4
7,RU3r3,rule_grid,3.0,3,0.3925,0.3931,0.3925,0.4945,0.6009,0.0,90,1.0,11.8,0.2136,44.5
7,RU5r1,rule_grid,5.0,1,0.2246,0.2248,0.2246,0.1737,0.2119,0.0,0,1.0,18.28,0.1033,50.6
7,RU5r2,rule_grid,5.0,2,0.2158,0.2158,0.2158,0.2554,0.3116,-0.0,90,0.8,13.29,0.1033,50.6
7,RU5r3,rule_grid,5.0,3,0.1912,0.1913,0.1912,0.258,0.3243,0.0,90,0.6,18.3,0.1023,50.7
7,RU7r1,rule_grid,7.0,1,0.1689,0.169,0.1689,0.1186,0.1523,0.0,90,1.0,8.97,0.0611,53.0
7,RU7r2,rule_grid,7.0,2,0.1482,0.1482,0.1482,0.1648,0.2113,-0.0,90,0.6,13.0,0.0606,53.0
7,RU7r3,rule_grid,7.0,3,0.1207,0.1207,0.1207,0.167,0.2194,0.0,90,1.0,16.96,0.06,53.0
7,BE3r1,belt,3.0,1,1.7235,1.7235,1.7235,1.6255,1.9829,-0.0,90,1.0,5.49,0.1287,49.9
7,BE3r2,belt,3.0,2,1.1214,1.1215,1.1214,1.0323,1.236,-0.0,90,1.0,5.87,0.192,46.0
7,BE3r3,belt,3.0,3,1.1553,1.1554,1.1553,1.1953,1.4503,-0.0,90,1.0,4.99,0.1915,46.1
7,BE5r1,belt,5.0,1,0.7639,0.7639,0.7639,0.7204,0.9386,-0.0,90,1.0,8.48,0.0633,53.2
7,BE5r2,belt,5.0,2,0.5247,0.5248,0.5247,0.4711,0.6145,-0.0,90,1.0,4.98,0.0926,51.4
7,BE5r3,belt,5.0,3,0.511,0.511,0.511,0.5615,0.7332,0.0,90,1.0,8.39,0.0921,51.4
7,BE7r1,belt,7.0,1,0.4413,0.4413,0.4413,0.4105,0.5597,-0.0,90,1.0,8.18,0.0373,54.5
7,BE7r2,belt,7.0,2,0.3312,0.3312,0.3312,0.2887,0.3979,-0.0,90,1.0,4.98,0.0545,53.4
7,BE7r3,belt,7.0,3,0.3119,0.3119,0.3119,0.3383,0.4624,0.0,90,1.0,8.38,0.0538,53.5
7,CL3r1,cluster,3.0,1,0.2452,0.2452,0.2452,0.2066,0.245,0.0,90,0.8,13.57,0.1093,50.3
7,CL3r2,cluster,3.0,2,0.2206,0.221,0.2206,0.1907,0.2352,0.0,90,0.8,11.64,0.1089,50.3
7,CL3r3,cluster,3.0,3,0.2272,0.229,0.2272,0.1814,0.2379,-0.0,0,0.8,20.37,0.1149,50.0
7,CL5r1,cluster,5.0,1,0.1701,0.1709,0.1701,0.1172,0.1661,-0.0,0,1.0,23.31,0.0546,53.3
7,CL5r2,cluster,5.0,2,0.1533,0.1538,0.1533,0.1151,0.1496,0.0,90,1.0,17.53,0.0544,53.3
7,CL5r3,cluster,5.0,3,0.1633,0.1679,0.1633,0.1147,0.1551,0.0,0,0.8,21.77,0.0567,53.2
7,CL7r1,cluster,7.0,1,0.1381,0.1381,0.1381,0.1008,0.1326,-0.0,90,1.0,15.37,0.0331,54.5
7,CL7r2,cluster,7.0,2,0.1281,0.1283,0.1281,0.0975,0.1313,0.0,90,1.0,14.63,0.0327,54.5
7,CL7r3,cluster,7.0,3,0.1325,0.1324,0.1325,0.0957,0.1316,0.0,0,1.0,24.18,0.0344,54.5
7,MU3r1,multi_cluster,3.0,1,0.4896,0.4896,0.4896,0.4492,0.5691,0.0,90,1.0,7.49,0.1524,48.0
7,MU3r2,multi_cluster,3.0,2,0.8701,0.8702,0.8701,0.7999,0.9688,-0.0,90,1.0,5.32,0.1773,46.7
7,MU3r3,multi_cluster,3.0,3,0.2818,0.2818,0.2818,0.246,0.3,-0.0,90,0.8,15.28,0.159,47.5
7,MU5r1,multi_cluster,5.0,1,0.3249,0.325,0.3249,0.2718,0.358,-0.0,90,1.0,8.61,0.0751,52.3
7,MU5r2,multi_cluster,5.0,2,0.4409,0.4409,0.4409,0.3862,0.5026,0.0,90,1.0,4.95,0.0859,51.7
7,MU5r3,multi_cluster,5.0,3,0.227,0.227,0.227,0.1705,0.2142,-0.0,90,1.0,10.36,0.078,52.0
7,MU7r1,multi_cluster,7.0,1,0.2223,0.2223,0.2223,0.1772,0.2416,0.0,90,1.0,4.98,0.044,54.0
7,MU7r2,multi_cluster,7.0,2,0.2823,0.2823,0.2823,0.2382,0.3259,0.0,90,1.0,4.98,0.0503,53.6
7,MU7r3,multi_cluster,7.0,3,0.1686,0.1687,0.1686,0.1199,0.1558,-0.0,90,1.0,9.1,0.0457,53.8
8,RU3r1,rule_grid,3.0,1,3.7116,3.7121,3.7116,2.1697,1.7947,0.0,70,1.0,0.71,0.3102,30.5
8,RU3r2,rule_grid,3.0,2,3.3472,3.3471,3.3472,1.9849,1.6352,0.0,65,1.0,7.3,0.3098,30.5
8,RU3r3,rule_grid,3.0,3,3.4988,3.4991,3.4988,2.3034,1.8989,0.0,70,1.0,12.36,0.3085,30.6
8,RU5r1,rule_grid,5.0,1,1.754,1.7538,1.754,1.163,0.9726,0.0,70,1.0,0.79,0.1542,36.7
8,RU5r2,rule_grid,5.0,2,1.7381,1.7384,1.7381,1.1581,0.9646,0.0,65,1.0,1.06,0.1545,36.7
8,RU5r3,rule_grid,5.0,3,1.5484,1.548,1.5484,1.1616,0.9677,-0.0,65,1.0,15.02,0.153,36.7
8,RU7r1,rule_grid,7.0,1,1.0021,1.0024,1.0021,0.7087,0.5909,0.0,155,1.0,7.88,0.0931,39.1
8,RU7r2,rule_grid,7.0,2,1.0052,1.0052,1.0052,0.7162,0.5979,-0.0,65,1.0,0.71,0.0922,39.1
8,RU7r3,rule_grid,7.0,3,0.8542,0.8545,0.8542,0.7046,0.5902,0.0,65,1.0,14.95,0.0914,39.1
8,BE3r1,belt,3.0,1,6.0569,6.057,6.0569,3.6641,3.092,0.0,155,1.0,3.24,0.1913,36.6
8,BE3r2,belt,3.0,2,5.2526,5.253,5.2526,2.9041,2.3979,-0.0,155,1.0,3.38,0.2799,32.4
8,BE3r3,belt,3.0,3,4.6818,4.6821,4.6818,2.9425,2.4411,0.0,130,1.0,1.66,0.2792,32.2
8,BE5r1,belt,5.0,1,2.7807,2.7806,2.7807,1.7578,1.4838,0.0,155,1.0,2.85,0.0965,39.6
8,BE5r2,belt,5.0,2,2.383,2.3828,2.383,1.5547,1.2975,-0.0,155,1.0,2.89,0.139,37.6
8,BE5r3,belt,5.0,3,1.9539,1.9539,1.9539,1.3964,1.1661,0.0,125,1.0,2.07,0.1385,37.5
8,BE7r1,belt,7.0,1,1.5882,1.5882,1.5882,1.0658,0.9042,0.0,155,1.0,2.85,0.0576,40.9
8,BE7r2,belt,7.0,2,1.3871,1.3871,1.3871,0.9759,0.8193,0.0,155,1.0,2.89,0.0831,39.7
8,BE7r3,belt,7.0,3,1.0952,1.0952,1.0952,0.8355,0.7033,-0.0,125,1.0,1.97,0.0823,39.6
8,CL3r1,cluster,3.0,1,2.5606,2.5609,2.5606,1.7236,1.4276,0.0,70,1.0,0.77,0.1675,36.5
8,CL3r2,cluster,3.0,2,2.581,2.5803,2.581,1.7545,1.4522,0.0,70,1.0,0.77,0.1675,36.5
8,CL3r3,cluster,3.0,3,2.7247,2.7329,2.7247,1.7502,1.4444,0.0,160,1.0,8.1,0.1748,36.2
8,CL5r1,cluster,5.0,1,1.3859,1.3861,1.3859,0.9679,0.8161,-0.0,65,1.0,1.02,0.0835,39.7
8,CL5r2,cluster,5.0,2,1.4157,1.4204,1.4157,1.0144,0.8548,-0.0,65,1.0,1.04,0.0836,39.7
8,CL5r3,cluster,5.0,3,1.4197,1.42,1.4197,0.9889,0.8312,0.0,160,1.0,13.38,0.0868,39.5
8,CL7r1,cluster,7.0,1,0.9031,0.9031,0.9031,0.646,0.5496,0.0,65,1.0,0.92,0.0505,40.9
8,CL7r2,cluster,7.0,2,0.8979,0.9004,0.8979,0.6543,0.5571,-0.0,65,1.0,1.06,0.0502,40.9
8,CL7r3,cluster,7.0,3,0.9296,0.9298,0.9296,0.6513,0.5532,0.0,155,1.0,12.94,0.0525,40.8
8,MU3r1,multi_cluster,3.0,1,3.8354,3.8353,3.8354,2.3023,1.8925,0.0,160,1.0,0.77,0.2283,34.2
8,MU3r2,multi_cluster,3.0,2,4.6209,4.621,4.6209,2.6301,2.1677,0.0,155,1.0,3.44,0.2608,33.0
8,MU3r3,multi_cluster,3.0,3,3.44,3.4403,3.44,2.103,1.7295,0.0,160,1.0,14.98,0.2371,33.7
8,MU5r1,multi_cluster,5.0,1,1.9539,1.954,1.9539,1.316,1.1038,-0.0,155,1.0,0.79,0.1136,38.6
8,MU5r2,multi_cluster,5.0,2,2.181,2.1813,2.181,1.44,1.2051,-0.0,155,1.0,0.61,0.1293,38.0
8,MU5r3,multi_cluster,5.0,3,1.7518,1.7519,1.7518,1.1913,0.9968,0.0,70,1.0,12.33,0.1177,38.3
8,MU7r1,multi_cluster,7.0,1,1.1796,1.1795,1.1796,0.8321,0.7012,0.0,155,1.0,0.96,0.0673,40.3
8,MU7r2,multi_cluster,7.0,2,1.2817,1.2817,1.2817,0.9039,0.7598,0.0,155,1.0,0.96,0.0769,39.9
8,MU7r3,multi_cluster,7.0,3,1.0649,1.0649,1.0649,0.7421,0.6233,0.0,65,1.0,7.77,0.0697,40.1
9,RU3r1,rule_grid,3.0,1,0.4452,0.4455,0.4452,0.4076,0.5028,0.0,95,0.8,19.11,0.2143,42.1
9,RU3r2,rule_grid,3.0,2,0.705,0.705,0.705,0.65,0.7806,0.0,90,1.0,21.86,0.2136,42.2
9,RU3r3,rule_grid,3.0,3,0.8042,0.8046,0.8042,0.6125,0.7634,-0.0,30,1.0,13.84,0.2127,42.3
9,RU5r1,rule_grid,5.0,1,0.3016,0.3018,0.3016,0.2162,0.2831,-0.0,0,1.0,19.67,0.1032,47.9
9,RU5r2,rule_grid,5.0,2,0.3755,0.3755,0.3755,0.3564,0.446,0.0,90,1.0,20.48,0.1032,48.0
9,RU5r3,rule_grid,5.0,3,0.4092,0.4094,0.4092,0.3222,0.417,-0.0,30,1.0,12.74,0.1022,48.0
9,RU7r1,rule_grid,7.0,1,0.2236,0.2236,0.2236,0.1403,0.1806,-0.0,0,1.0,14.7,0.0612,50.1
9,RU7r2,rule_grid,7.0,2,0.2182,0.2182,0.2182,0.2139,0.279,0.0,90,1.0,20.12,0.0607,50.2
9,RU7r3,rule_grid,7.0,3,0.2514,0.2515,0.2514,0.1904,0.2562,0.0,30,1.0,16.57,0.0601,50.2
9,BE3r1,belt,3.0,1,2.0099,2.0099,2.0099,1.8988,2.3676,0.0,85,1.0,2.49,0.1285,47.4
9,BE3r2,belt,3.0,2,1.2436,1.2436,1.2436,1.2018,1.4929,-0.0,90,1.0,3.15,0.1913,43.6
9,BE3r3,belt,3.0,3,1.4538,1.4538,1.4538,1.4335,1.7466,-0.0,90,1.0,2.93,0.1907,43.8
9,BE5r1,belt,5.0,1,0.8903,0.8903,0.8903,0.8243,1.0847,0.0,90,1.0,2.55,0.0633,50.4
9,BE5r2,belt,5.0,2,0.6048,0.6048,0.6048,0.5269,0.7095,-0.0,90,1.0,2.95,0.0925,48.7
9,BE5r3,belt,5.0,3,0.6641,0.6641,0.6641,0.6745,0.8842,-0.0,90,1.0,6.79,0.092,48.7
9,BE7r1,belt,7.0,1,0.5217,0.5218,0.5217,0.4681,0.6396,0.0,90,1.0,2.29,0.0374,51.6
9,BE7r2,belt,7.0,2,0.3938,0.3939,0.3938,0.3215,0.4419,0.0,90,1.0,6.03,0.0545,50.6
9,BE7r3,belt,7.0,3,0.3956,0.3957,0.3956,0.4064,0.5572,0.0,90,1.0,6.35,0.0539,50.6
9,CL3r1,cluster,3.0,1,0.3785,0.3787,0.3785,0.3023,0.4413,0.0,0,1.0,18.88,0.1093,47.6
9,CL3r2,cluster,3.0,2,0.3601,0.3604,0.3601,0.2824,0.4101,0.0,0,1.0,21.65,0.1089,47.7
9,CL3r3,cluster,3.0,3,0.4439,0.4473,0.4439,0.3649,0.4973,0.0,0,1.0,22.91,0.1148,47.4
9,CL5r1,cluster,5.0,1,0.2845,0.2855,0.2845,0.1926,0.2783,-0.0,0,1.0,27.74,0.0547,50.5
9,CL5r2,cluster,5.0,2,0.2727,0.2734,0.2727,0.1745,0.2514,0.0,0,1.0,28.66,0.0545,50.5
9,CL5r3,cluster,5.0,3,0.2813,0.2836,0.2813,0.1965,0.2702,-0.0,90,1.0,19.55,0.0568,50.4
9,CL7r1,cluster,7.0,1,0.2049,0.2049,0.2049,0.1305,0.178,-0.0,0,1.0,23.41,0.0333,51.6
9,CL7r2,cluster,7.0,2,0.1977,0.1979,0.1977,0.1239,0.1697,-0.0,0,1.0,25.58,0.0329,51.6
9,CL7r3,cluster,7.0,3,0.2201,0.22,0.2201,0.152,0.2108,-0.0,0,1.0,23.63,0.0345,51.6
9,MU3r1,multi_cluster,3.0,1,0.6892,0.6892,0.6892,0.6191,0.8168,-0.0,90,1.0,3.32,0.152,45.5
9,MU3r2,multi_cluster,3.0,2,1.0118,1.0118,1.0118,0.9641,1.214,0.0,90,1.0,3.15,0.1767,44.3
9,MU3r3,multi_cluster,3.0,3,0.4629,0.463,0.4629,0.3973,0.5127,-0.0,5,1.0,9.96,0.1585,45.1
9,MU5r1,multi_cluster,5.0,1,0.4391,0.4391,0.4391,0.3454,0.4561,0.0,90,1.0,3.42,0.0751,49.5
9,MU5r2,multi_cluster,5.0,2,0.5265,0.5265,0.5265,0.4423,0.5863,0.0,90,1.0,3.53,0.0858,49.0
9,MU5r3,multi_cluster,5.0,3,0.3323,0.3324,0.3323,0.2339,0.2969,-0.0,90,1.0,18.03,0.078,49.3
9,MU7r1,multi_cluster,7.0,1,0.302,0.302,0.302,0.2199,0.2989,0.0,90,1.0,6.46,0.044,51.1
9,MU7r2,multi_cluster,7.0,2,0.3461,0.3461,0.3461,0.2699,0.368,0.0,90,1.0,6.03,0.0504,50.8
9,MU7r3,multi_cluster,7.0,3,0.2419,0.2419,0.2419,0.1557,0.2034,0.0,90,1.0,8.63,0.0457,51.0
10,RU3r1,rule_grid,3.0,1,0.6793,0.6793,0.6793,0.4725,0.5502,0.0,160,1.0,18.84,0.2139,44.3
10,RU3r2,rule_grid,3.0,2,0.4817,0.4818,0.4817,0.379,0.4604,0.0,70,1.0,18.38,0.2132,44.2
10,RU3r3,rule_grid,3.0,3,0.5492,0.5492,0.5492,0.4215,0.5053,0.0,165,1.0,20.64,0.2123,44.3
10,RU5r1,rule_grid,5.0,1,0.3282,0.3284,0.3282,0.2725,0.3278,-0.0,70,1.0,12.7,0.1024,50.4
10,RU5r2,rule_grid,5.0,2,0.3007,0.3008,0.3007,0.2185,0.2833,0.0,70,1.0,21.37,0.1023,50.4
10,RU5r3,rule_grid,5.0,3,0.2728,0.2733,0.2728,0.2525,0.3043,0.0,0,1.0,15.87,0.1014,50.4
10,RU7r1,rule_grid,7.0,1,0.1858,0.1858,0.1858,0.1736,0.2197,-0.0,90,1.0,14.12,0.0604,52.7
10,RU7r2,rule_grid,7.0,2,0.1807,0.1808,0.1807,0.1424,0.1845,0.0,70,0.8,20.19,0.0599,52.7
10,RU7r3,rule_grid,7.0,3,0.1556,0.1556,0.1556,0.1606,0.2045,-0.0,0,1.0,15.55,0.0594,52.7
10,BE3r1,belt,3.0,1,0.985,0.985,0.985,0.8809,1.0925,0.0,0,1.0,20.13,0.1278,49.3
10,BE3r2,belt,3.0,2,0.8121,0.812,0.8121,0.6828,0.817,0.0,160,1.0,19.68,0.1907,45.6
10,BE3r3,belt,3.0,3,0.5972,0.5973,0.5972,0.4173,0.4928,-0.0,0,1.0,26.58,0.1902,45.6
10,BE5r1,belt,5.0,1,0.4191,0.4193,0.4191,0.4203,0.5594,0.0,0,1.0,24.76,0.0627,52.6
10,BE5r2,belt,5.0,2,0.354,0.3541,0.354,0.3506,0.4452,0.0,0,1.0,19.21,0.0918,51.0
10,BE5r3,belt,5.0,3,0.2948,0.2948,0.2948,0.22,0.279,-0.0,70,1.0,25.4,0.0912,51.0
10,BE7r1,belt,7.0,1,0.245,0.245,0.245,0.2604,0.3592,0.0,0,1.0,23.49,0.0369,54.0
10,BE7r2,belt,7.0,2,0.2165,0.2164,0.2165,0.228,0.3022,0.0,0,1.0,15.36,0.0538,53.0
10,BE7r3,belt,7.0,3,0.1874,0.1874,0.1874,0.139,0.1871,-0.0,70,0.8,25.41,0.0532,53.1
10,CL3r1,cluster,3.0,1,0.36,0.36,0.36,0.3483,0.4676,0.0,70,1.0,24.3,0.1082,50.1
10,CL3r2,cluster,3.0,2,0.3487,0.351,0.3487,0.2926,0.4086,0.0,165,1.0,24.56,0.1078,50.1
10,CL3r3,cluster,3.0,3,0.4854,0.4873,0.4854,0.4167,0.5688,0.0,75,0.8,18.12,0.1138,49.8
10,CL5r1,cluster,5.0,1,0.2106,0.2123,0.2106,0.2196,0.3014,0.0,90,1.0,22.09,0.0539,53.0
10,CL5r2,cluster,5.0,2,0.2101,0.2113,0.2101,0.1982,0.2747,-0.0,0,1.0,25.08,0.0537,53.0
10,CL5r3,cluster,5.0,3,0.2425,0.2432,0.2425,0.2301,0.3173,-0.0,70,1.0,19.8,0.056,52.9
10,CL7r1,cluster,7.0,1,0.1643,0.1642,0.1643,0.1697,0.2346,0.0,0,1.0,19.76,0.0327,54.2
10,CL7r2,cluster,7.0,2,0.158,0.1583,0.158,0.1513,0.21,0.0,0,1.0,21.32,0.0323,54.2
10,CL7r3,cluster,7.0,3,0.1752,0.1762,0.1752,0.1734,0.2421,0.0,90,1.0,16.54,0.0339,54.1
10,MU3r1,multi_cluster,3.0,1,0.6371,0.6371,0.6371,0.5165,0.6476,-0.0,160,1.0,20.35,0.1512,47.8
10,MU3r2,multi_cluster,3.0,2,0.736,0.7361,0.736,0.6116,0.7435,0.0,160,1.0,20.35,0.1761,46.4
10,MU3r3,multi_cluster,3.0,3,0.6111,0.6111,0.6111,0.4542,0.5577,0.0,70,1.0,7.62,0.1577,47.4
10,MU5r1,multi_cluster,5.0,1,0.3286,0.3287,0.3286,0.31,0.3965,0.0,160,1.0,18.98,0.0744,51.9
10,MU5r2,multi_cluster,5.0,2,0.3365,0.3366,0.3365,0.3291,0.4178,0.0,0,1.0,19.21,0.0851,51.3
10,MU5r3,multi_cluster,5.0,3,0.3243,0.3243,0.3243,0.2824,0.3535,-0.0,160,1.0,11.42,0.0773,51.8
10,MU7r1,multi_cluster,7.0,1,0.2109,0.211,0.2109,0.2081,0.2743,-0.0,0,1.0,17.05,0.0435,53.6
10,MU7r2,multi_cluster,7.0,2,0.2099,0.2101,0.2099,0.2151,0.2835,0.0,0,1.0,15.36,0.0497,53.3
10,MU7r3,multi_cluster,7.0,3,0.2023,0.2024,0.2023,0.1917,0.2487,0.0,90,1.0,12.23,0.0451,53.5
11,RU3r1,rule_grid,3.0,1,0.1701,0.1702,0.1701,0.2159,0.2589,-0.0,100,1.0,9.38,0.213,45.0
11,RU3r2,rule_grid,3.0,2,0.3506,0.3506,0.3506,0.3617,0.4152,0.0,95,0.8,9.65,0.2124,45.1
11,RU3r3,rule_grid,3.0,3,0.4382,0.4387,0.4382,0.5162,0.6169,-0.0,90,0.8,8.75,0.2114,45.2
11,RU5r1,rule_grid,5.0,1,0.1036,0.1037,0.1036,0.111,0.1438,0.0,155,0.8,22.44,0.1016,51.3
11,RU5r2,rule_grid,5.0,2,0.1994,0.1996,0.1994,0.1952,0.2315,0.0,155,0.8,11.02,0.1015,51.4
11,RU5r3,rule_grid,5.0,3,0.236,0.2361,0.236,0.2847,0.3566,0.0,90,0.6,11.16,0.1006,51.5
11,RU7r1,rule_grid,7.0,1,0.0794,0.0794,0.0794,0.068,0.0926,0.0,65,0.8,13.39,0.0598,53.7
11,RU7r2,rule_grid,7.0,2,0.1281,0.1281,0.1281,0.1214,0.1526,0.0,155,0.8,17.94,0.0593,53.8
11,RU7r3,rule_grid,7.0,3,0.1541,0.1541,0.1541,0.1795,0.2357,-0.0,90,0.8,11.04,0.0588,53.8
11,BE3r1,belt,3.0,1,1.9503,1.9503,1.9503,1.8595,2.2782,0.0,85,1.0,5.87,0.1271,50.8
11,BE3r2,belt,3.0,2,1.1295,1.1295,1.1295,1.0927,1.323,0.0,85,1.0,5.84,0.1898,46.8
11,BE3r3,belt,3.0,3,1.2713,1.2713,1.2713,1.2481,1.506,-0.0,90,1.0,2.66,0.1893,46.9
11,BE5r1,belt,5.0,1,0.8058,0.8059,0.8058,0.7894,1.0406,-0.0,85,1.0,5.11,0.0622,54.0
11,BE5r2,belt,5.0,2,0.4637,0.4637,0.4637,0.4523,0.6115,-0.0,85,0.8,8.2,0.0911,52.1
11,BE5r3,belt,5.0,3,0.5307,0.5307,0.5307,0.5504,0.7247,0.0,90,1.0,5.73,0.0905,52.2
11,BE7r1,belt,7.0,1,0.4424,0.4424,0.4424,0.4347,0.6044,-0.0,90,1.0,5.11,0.0365,55.2
11,BE7r2,belt,7.0,2,0.2777,0.2777,0.2777,0.2649,0.377,-0.0,85,0.8,8.6,0.0533,54.2
11,BE7r3,belt,7.0,3,0.3097,0.3097,0.3097,0.3219,0.4481,-0.0,90,1.0,7.61,0.0527,54.2
11,CL3r1,cluster,3.0,1,0.1532,0.1532,0.1532,0.1769,0.2199,-0.0,90,1.0,22.9,0.1073,51.0
11,CL3r2,cluster,3.0,2,0.1197,0.12,0.1197,0.1579,0.1912,0.0,95,1.0,23.28,0.107,51.0
11,CL3r3,cluster,3.0,3,0.1553,0.1569,0.1553,0.1963,0.2656,0.0,170,1.0,14.13,0.113,50.7
11,CL5r1,cluster,5.0,1,0.1214,0.1246,0.1214,0.1078,0.1628,0.0,175,0.6,24.61,0.0534,54.1
11,CL5r2,cluster,5.0,2,0.0998,0.1031,0.0998,0.0854,0.1299,0.0,175,0.8,24.62,0.0532,54.1
11,CL5r3,cluster,5.0,3,0.1012,0.1019,0.1012,0.1034,0.1469,0.0,175,0.8,17.67,0.0554,54.0
11,CL7r1,cluster,7.0,1,0.0877,0.0877,0.0877,0.0733,0.0944,0.0,90,0.8,22.15,0.0323,55.3
11,CL7r2,cluster,7.0,2,0.0719,0.0721,0.0719,0.0662,0.0879,0.0,90,0.8,21.65,0.0319,55.3
11,CL7r3,cluster,7.0,3,0.0869,0.0868,0.0869,0.0776,0.1094,0.0,0,0.6,21.7,0.0335,55.2
11,MU3r1,multi_cluster,3.0,1,0.4104,0.4104,0.4104,0.4479,0.5873,0.0,80,1.0,9.86,0.1504,48.7
11,MU3r2,multi_cluster,3.0,2,0.8285,0.8285,0.8285,0.8308,1.0226,0.0,85,1.0,5.84,0.1752,47.5
11,MU3r3,multi_cluster,3.0,3,0.1568,0.1568,0.1568,0.2101,0.266,-0.0,80,0.8,14.84,0.1569,48.2
11,MU5r1,multi_cluster,5.0,1,0.2213,0.2213,0.2213,0.2304,0.3216,-0.0,85,0.8,9.31,0.0738,53.0
11,MU5r2,multi_cluster,5.0,2,0.3604,0.3604,0.3604,0.3552,0.4823,0.0,85,0.8,8.44,0.0844,52.4
11,MU5r3,multi_cluster,5.0,3,0.1043,0.1043,0.1043,0.1166,0.155,0.0,90,0.8,13.63,0.0766,52.8
11,MU7r1,multi_cluster,7.0,1,0.1485,0.1486,0.1485,0.1396,0.1965,-0.0,90,0.8,9.39,0.043,54.7
11,MU7r2,multi_cluster,7.0,2,0.2176,0.2176,0.2176,0.207,0.2927,-0.0,85,0.8,8.6,0.0492,54.4
11,MU7r3,multi_cluster,7.0,3,0.0858,0.0859,0.0858,0.0743,0.0974,0.0,90,0.8,10.48,0.0447,54.6
12,RU3r1,rule_grid,3.0,1,5.4704,5.4705,5.4704,3.5529,2.9599,-0.0,5,1.0,6.67,0.2783,31.5
12,RU3r2,rule_grid,3.0,2,5.0528,5.0527,5.0528,3.2619,2.7265,0.0,65,1.0,9.12,0.2776,31.4
12,RU3r3,rule_grid,3.0,3,6.5989,6.5994,6.5989,4.4518,3.7117,0.0,110,1.0,5.51,0.2768,31.9
12,RU5r1,rule_grid,5.0,1,2.5773,2.5773,2.5773,1.7965,1.5361,-0.0,95,1.0,14.22,0.1317,36.8
12,RU5r2,rule_grid,5.0,2,2.3143,2.3142,2.3143,1.5653,1.3365,0.0,0,1.0,9.56,0.1315,36.7
12,RU5r3,rule_grid,5.0,3,2.9511,2.9531,2.9511,2.1081,1.8042,0.0,110,1.0,5.59,0.1308,37.0
12,RU7r1,rule_grid,7.0,1,1.4545,1.4545,1.4545,1.0398,0.8972,-0.0,5,1.0,4.91,0.0774,38.7
12,RU7r2,rule_grid,7.0,2,1.2916,1.2916,1.2916,0.8968,0.7754,-0.0,5,1.0,9.56,0.0765,38.7
12,RU7r3,rule_grid,7.0,3,1.7298,1.7298,1.7298,1.2811,1.1116,0.0,110,1.0,4.06,0.0761,38.8
12,BE3r1,belt,3.0,1,9.6832,9.6832,9.6832,7.7151,6.6374,-0.0,145,1.0,4.06,0.1754,37.4
12,BE3r2,belt,3.0,2,7.9014,7.9015,7.9014,5.6355,4.7199,0.0,145,1.0,7.09,0.2524,33.3
12,BE3r3,belt,3.0,3,9.3193,9.3195,9.3193,6.9129,5.7928,0.0,120,1.0,0.79,0.2517,33.8
12,BE5r1,belt,5.0,1,4.3693,4.3693,4.3693,3.5588,3.1147,-0.0,145,1.0,5.59,0.0843,39.5
12,BE5r2,belt,5.0,2,3.4995,3.4996,3.4995,2.6341,2.2684,0.0,100,1.0,7.55,0.1196,37.7
12,BE5r3,belt,5.0,3,4.1263,4.1263,4.1263,3.1405,2.7055,0.0,120,1.0,0.79,0.1191,37.9
12,BE7r1,belt,7.0,1,2.432,2.432,2.432,2.0161,1.7867,0.0,145,1.0,6.52,0.0491,40.3
12,BE7r2,belt,7.0,2,2.0389,2.0389,2.0389,1.5777,1.3815,-0.0,95,1.0,8.14,0.0697,39.2
12,BE7r3,belt,7.0,3,2.3277,2.3276,2.3277,1.8201,1.594,0.0,120,1.0,0.79,0.0691,39.4
12,CL3r1,cluster,3.0,1,3.8286,3.8286,3.8286,2.822,2.4201,-0.0,5,1.0,9.33,0.147,36.6
12,CL3r2,cluster,3.0,2,3.6923,3.6912,3.6923,2.759,2.3763,0.0,60,1.0,8.68,0.147,36.6
12,CL3r3,cluster,3.0,3,3.854,3.8537,3.854,2.838,2.421,0.0,5,1.0,16.38,0.1536,36.3
12,CL5r1,cluster,5.0,1,1.9496,1.9499,1.9496,1.5133,1.3298,0.0,5,1.0,8.55,0.0697,39.2
12,CL5r2,cluster,5.0,2,1.865,1.87,1.865,1.4341,1.2652,-0.0,5,1.0,8.76,0.07,39.2
12,CL5r3,cluster,5.0,3,1.9504,1.9506,1.9504,1.4931,1.3076,-0.0,5,1.0,11.1,0.0728,39.1
12,CL7r1,cluster,7.0,1,1.2052,1.2052,1.2052,0.9454,0.8391,0.0,5,1.0,6.88,0.0414,40.1
12,CL7r2,cluster,7.0,2,1.1447,1.1447,1.1447,0.8926,0.7921,-0.0,5,1.0,8.76,0.0413,40.1
12,CL7r3,cluster,7.0,3,1.2125,1.213,1.2125,0.9472,0.8385,-0.0,5,1.0,11.13,0.0431,40.0
12,MU3r1,multi_cluster,3.0,1,5.5833,5.5833,5.5833,3.9611,3.332,-0.0,95,1.0,6.67,0.2064,34.6
12,MU3r2,multi_cluster,3.0,2,6.7815,6.7816,6.7815,4.894,4.1024,-0.0,95,1.0,7.93,0.2354,33.7
12,MU3r3,multi_cluster,3.0,3,4.9501,4.9502,4.9501,3.3585,2.8163,0.0,5,1.0,6.72,0.2131,34.1
12,MU5r1,multi_cluster,5.0,1,2.7722,2.7722,2.7722,2.0414,1.7666,0.0,95,1.0,4.91,0.0982,38.3
12,MU5r2,multi_cluster,5.0,2,3.1652,3.1652,3.1652,2.3647,2.038,0.0,95,1.0,7.29,0.1115,37.9
12,MU5r3,multi_cluster,5.0,3,2.4786,2.4787,2.4786,1.7731,1.5269,0.0,95,1.0,3.25,0.1012,38.1
12,MU7r1,multi_cluster,7.0,1,1.6292,1.6292,1.6292,1.2269,1.0743,0.0,95,1.0,4.91,0.0568,39.6
12,MU7r2,multi_cluster,7.0,2,1.8566,1.8566,1.8566,1.4202,1.2409,0.0,95,1.0,6.55,0.0648,39.4
12,MU7r3,multi_cluster,7.0,3,1.4607,1.4606,1.4607,1.0769,0.9386,-0.0,95,1.0,3.25,0.0586,39.5
13,RU3r1,rule_grid,3.0,1,0.7165,0.7164,0.7165,0.5915,0.6295,0.0,160,0.8,9.93,0.2521,36.0
13,RU3r2,rule_grid,3.0,2,0.7006,0.7007,0.7006,0.6701,0.7059,0.0,90,1.0,15.44,0.2516,36.0
13,RU3r3,rule_grid,3.0,3,0.7719,0.7724,0.7719,0.7198,0.7686,-0.0,90,1.0,15.87,0.2504,36.1
13,RU5r1,rule_grid,5.0,1,0.3784,0.3786,0.3784,0.3301,0.3625,0.0,160,0.8,20.17,0.1243,42.0
13,RU5r2,rule_grid,5.0,2,0.3223,0.3223,0.3223,0.386,0.4171,0.0,90,1.0,18.89,0.1244,42.0
13,RU5r3,rule_grid,5.0,3,0.3981,0.3983,0.3981,0.3625,0.3984,0.0,90,1.0,20.9,0.1232,42.1
13,RU7r1,rule_grid,7.0,1,0.2195,0.2195,0.2195,0.1925,0.2152,-0.0,70,1.0,11.24,0.0747,44.3
13,RU7r2,rule_grid,7.0,2,0.1883,0.1884,0.1883,0.2414,0.2663,0.0,90,1.0,17.14,0.0741,44.3
13,RU7r3,rule_grid,7.0,3,0.2324,0.2323,0.2324,0.2288,0.2512,-0.0,90,1.0,20.44,0.0734,44.4
13,BE3r1,belt,3.0,1,2.409,2.409,2.409,2.1232,2.263,0.0,90,1.0,3.72,0.1522,41.5
13,BE3r2,belt,3.0,2,1.4846,1.4847,1.4846,1.2885,1.3757,-0.0,85,1.0,5.47,0.2257,37.5
13,BE3r3,belt,3.0,3,1.6737,1.6738,1.6737,1.5689,1.6641,0.0,90,1.0,2.18,0.2251,37.6
13,BE5r1,belt,5.0,1,1.0198,1.0198,1.0198,0.9597,1.0605,0.0,90,1.0,4.07,0.0765,44.6
13,BE5r2,belt,5.0,2,0.6455,0.6456,0.6455,0.6074,0.6758,0.0,70,1.0,5.25,0.1115,42.7
13,BE5r3,belt,5.0,3,0.6844,0.6844,0.6844,0.7659,0.8467,0.0,90,1.0,3.44,0.1109,42.8
13,BE7r1,belt,7.0,1,0.5736,0.5737,0.5736,0.5629,0.6364,0.0,90,1.0,4.07,0.0456,45.9
13,BE7r2,belt,7.0,2,0.3877,0.3878,0.3877,0.3861,0.4377,0.0,70,1.0,5.37,0.0665,44.8
13,BE7r3,belt,7.0,3,0.4039,0.4039,0.4039,0.4737,0.5372,-0.0,90,1.0,3.39,0.0658,44.8
13,CL3r1,cluster,3.0,1,0.4904,0.4904,0.4904,0.3974,0.457,0.0,165,1.0,15.48,0.1324,41.7
13,CL3r2,cluster,3.0,2,0.4381,0.4416,0.4381,0.3985,0.4434,0.0,165,0.8,14.81,0.132,41.7
13,CL3r3,cluster,3.0,3,0.6078,0.6103,0.6078,0.52,0.5839,0.0,170,1.0,21.19,0.1386,41.4
13,CL5r1,cluster,5.0,1,0.2938,0.2982,0.2938,0.252,0.2904,-0.0,165,1.0,24.05,0.067,44.7
13,CL5r2,cluster,5.0,2,0.2805,0.2848,0.2805,0.2321,0.2675,0.0,165,1.0,19.54,0.0668,44.7
13,CL5r3,cluster,5.0,3,0.3147,0.3153,0.3147,0.2873,0.328,0.0,165,1.0,21.27,0.0694,44.6
13,CL7r1,cluster,7.0,1,0.1921,0.1922,0.1921,0.1659,0.1916,-0.0,165,1.0,14.91,0.0409,45.9
13,CL7r2,cluster,7.0,2,0.1849,0.1858,0.1849,0.1637,0.1868,-0.0,165,1.0,14.91,0.0404,45.9
13,CL7r3,cluster,7.0,3,0.2223,0.2225,0.2223,0.1957,0.2253,-0.0,0,1.0,25.73,0.0424,45.9
13,MU3r1,multi_cluster,3.0,1,0.88,0.8801,0.88,0.7856,0.8612,0.0,75,1.0,5.55,0.1811,39.5
13,MU3r2,multi_cluster,3.0,2,1.2165,1.2166,1.2165,1.0821,1.1648,0.0,80,1.0,5.55,0.2093,38.2
13,MU3r3,multi_cluster,3.0,3,0.6589,0.659,0.6589,0.5699,0.6185,0.0,75,1.0,7.42,0.1889,39.0
13,MU5r1,multi_cluster,5.0,1,0.4644,0.4644,0.4644,0.4266,0.4774,-0.0,75,1.0,5.42,0.0906,43.6
13,MU5r2,multi_cluster,5.0,2,0.5622,0.5622,0.5622,0.5239,0.5831,0.0,70,1.0,5.25,0.1035,43.1
13,MU5r3,multi_cluster,5.0,3,0.3583,0.3584,0.3583,0.3196,0.3547,-0.0,70,1.0,11.5,0.0942,43.4
13,MU7r1,multi_cluster,7.0,1,0.28,0.28,0.28,0.2641,0.3001,0.0,75,1.0,6.0,0.0537,45.3
13,MU7r2,multi_cluster,7.0,2,0.3386,0.3387,0.3386,0.3216,0.3629,0.0,70,1.0,6.0,0.0614,45.0
13,MU7r3,multi_cluster,7.0,3,0.2232,0.2233,0.2232,0.2005,0.2264,0.0,70,1.0,16.01,0.0558,45.2
14,RU3r1,rule_grid,3.0,1,1.7752,1.7753,1.7752,1.1617,1.0137,-0.0,135,1.0,6.95,0.2971,26.2
14,RU3r2,rule_grid,3.0,2,1.4247,1.4248,1.4247,0.8045,0.6944,0.0,125,1.0,12.15,0.2967,26.1
14,RU3r3,rule_grid,3.0,3,1.8725,1.8725,1.8725,1.3744,1.195,0.0,145,1.0,4.99,0.2954,26.3
14,RU5r1,rule_grid,5.0,1,0.9352,0.9352,0.9352,0.6767,0.595,0.0,45,1.0,2.82,0.1473,31.5
14,RU5r2,rule_grid,5.0,2,0.6689,0.669,0.6689,0.4622,0.4051,0.0,125,1.0,15.23,0.1475,31.4
14,RU5r3,rule_grid,5.0,3,0.9398,0.9401,0.9398,0.7111,0.6249,0.0,145,1.0,8.76,0.1462,31.6
14,RU7r1,rule_grid,7.0,1,0.5778,0.5778,0.5778,0.4395,0.3865,0.0,135,1.0,8.73,0.0889,33.6
14,RU7r2,rule_grid,7.0,2,0.3733,0.3734,0.3733,0.2842,0.2507,0.0,125,1.0,15.08,0.088,33.5
14,RU7r3,rule_grid,7.0,3,0.6277,0.6278,0.6277,0.483,0.4265,-0.0,145,1.0,4.01,0.0873,33.7
14,BE3r1,belt,3.0,1,4.1018,4.1018,4.1018,2.8341,2.5081,0.0,155,1.0,11.59,0.1838,31.1
14,BE3r2,belt,3.0,2,2.8538,2.8538,2.8538,1.7701,1.5456,-0.0,155,1.0,15.8,0.2681,27.6
14,BE3r3,belt,3.0,3,3.1989,3.1989,3.1989,2.2248,1.937,-0.0,0,1.0,28.49,0.2674,27.7
14,BE5r1,belt,5.0,1,1.6959,1.6959,1.6959,1.2595,1.1179,0.0,155,1.0,16.98,0.0923,33.8
14,BE5r2,belt,5.0,2,1.1981,1.1983,1.1981,0.8347,0.7354,0.0,155,1.0,15.5,0.1329,32.2
14,BE5r3,belt,5.0,3,1.3154,1.3154,1.3154,1.0717,0.9444,0.0,0,1.0,27.06,0.1324,32.2
14,BE7r1,belt,7.0,1,0.9506,0.9506,0.9506,0.7119,0.6337,0.0,150,1.0,21.61,0.0551,35.0
14,BE7r2,belt,7.0,2,0.691,0.691,0.691,0.5129,0.4556,0.0,150,1.0,23.7,0.0795,34.0
14,BE7r3,belt,7.0,3,0.7345,0.7345,0.7345,0.6575,0.5839,-0.0,0,1.0,26.69,0.0786,34.0
14,CL3r1,cluster,3.0,1,1.1209,1.121,1.1209,0.829,0.7274,0.0,140,1.0,7.66,0.16,31.1
14,CL3r2,cluster,3.0,2,1.231,1.2309,1.231,0.9184,0.8046,-0.0,135,1.0,2.7,0.16,31.2
14,CL3r3,cluster,3.0,3,1.3382,1.3401,1.3382,0.9736,0.8513,0.0,45,1.0,1.9,0.167,30.9
14,CL5r1,cluster,5.0,1,0.5977,0.6005,0.5977,0.4739,0.4201,0.0,135,1.0,12.15,0.0799,33.9
14,CL5r2,cluster,5.0,2,0.6792,0.6831,0.6792,0.5344,0.4734,-0.0,135,1.0,2.3,0.08,33.9
14,CL5r3,cluster,5.0,3,0.7195,0.7223,0.7195,0.5541,0.4902,0.0,45,1.0,2.3,0.083,33.8
14,CL7r1,cluster,7.0,1,0.4271,0.4271,0.4271,0.3428,0.3055,0.0,135,1.0,10.49,0.0484,35.0
14,CL7r2,cluster,7.0,2,0.4514,0.4523,0.4514,0.3645,0.3249,0.0,135,1.0,8.02,0.0481,35.0
14,CL7r3,cluster,7.0,3,0.4851,0.485,0.4851,0.3841,0.3421,0.0,45,1.0,2.23,0.0503,35.0
14,MU3r1,multi_cluster,3.0,1,1.7647,1.7648,1.7647,1.199,1.0446,-0.0,135,1.0,8.83,0.2184,29.1
14,MU3r2,multi_cluster,3.0,2,2.2683,2.2684,2.2683,1.3992,1.2231,0.0,150,1.0,2.58,0.2498,28.1
14,MU3r3,multi_cluster,3.0,3,1.6427,1.6428,1.6427,1.1214,0.9764,-0.0,135,1.0,13.06,0.2268,28.8
14,MU5r1,multi_cluster,5.0,1,0.9614,0.9615,0.9614,0.7035,0.6204,-0.0,135,1.0,8.95,0.1086,33.0
14,MU5r2,multi_cluster,5.0,2,1.0164,1.0164,1.0164,0.7292,0.6423,-0.0,135,1.0,9.0,0.1236,32.4
14,MU5r3,multi_cluster,5.0,3,0.9123,0.9123,0.9123,0.6707,0.5909,0.0,135,1.0,6.72,0.1125,32.8
14,MU7r1,multi_cluster,7.0,1,0.6126,0.6127,0.6126,0.467,0.4132,0.0,135,1.0,12.16,0.0643,34.5
14,MU7r2,multi_cluster,7.0,2,0.6344,0.6344,0.6344,0.4783,0.4221,0.0,135,1.0,9.01,0.0735,34.2
14,MU7r3,multi_cluster,7.0,3,0.5859,0.5859,0.5859,0.4483,0.3963,0.0,45,1.0,16.96,0.0666,34.4
15,RU3r1,rule_grid,3.0,1,0.6333,0.6336,0.6333,0.5323,0.6018,0.0,95,1.0,14.27,0.2334,39.5
15,RU3r2,rule_grid,3.0,2,0.3676,0.3677,0.3676,0.4316,0.5102,0.0,85,0.4,14.18,0.2328,39.4
15,RU3r3,rule_grid,3.0,3,0.7048,0.7051,0.7048,0.6807,0.7846,-0.0,110,0.8,5.69,0.2317,39.6
15,RU5r1,rule_grid,5.0,1,0.3381,0.3383,0.3381,0.3095,0.3599,-0.0,5,1.0,8.02,0.1144,45.5
15,RU5r2,rule_grid,5.0,2,0.1841,0.1842,0.1841,0.2243,0.2758,0.0,80,0.8,16.96,0.1145,45.4
15,RU5r3,rule_grid,5.0,3,0.2679,0.2681,0.2679,0.3253,0.3836,0.0,95,1.0,6.16,0.1133,45.5
15,RU7r1,rule_grid,7.0,1,0.2116,0.2116,0.2116,0.2001,0.2391,0.0,90,0.6,7.93,0.0685,47.8
15,RU7r2,rule_grid,7.0,2,0.0979,0.098,0.0979,0.1363,0.1628,0.0,85,0.8,15.82,0.068,47.8
15,RU7r3,rule_grid,7.0,3,0.1824,0.1824,0.1824,0.2143,0.2636,0.0,95,0.6,8.64,0.0673,47.9
15,BE3r1,belt,3.0,1,2.307,2.307,2.307,1.9116,2.2457,0.0,140,1.0,7.96,0.1408,45.0
15,BE3r2,belt,3.0,2,1.5689,1.5689,1.5689,1.1417,1.3234,-0.0,145,1.0,7.39,0.2088,41.2
15,BE3r3,belt,3.0,3,1.5785,1.5785,1.5785,1.3805,1.6277,0.0,125,1.0,7.01,0.2082,41.2
15,BE5r1,belt,5.0,1,0.9471,0.9471,0.9471,0.8404,1.0297,-0.0,140,1.0,8.43,0.0703,48.1
15,BE5r2,belt,5.0,2,0.6373,0.6373,0.6373,0.5154,0.6359,0.0,140,1.0,9.07,0.1026,46.3
15,BE5r3,belt,5.0,3,0.5961,0.5961,0.5961,0.6231,0.766,0.0,120,1.0,7.52,0.102,46.3
15,BE7r1,belt,7.0,1,0.4965,0.4964,0.4965,0.4636,0.5831,0.0,140,1.0,8.53,0.0418,49.3
15,BE7r2,belt,7.0,2,0.356,0.356,0.356,0.3143,0.401,0.0,140,1.0,9.92,0.061,48.3
15,BE7r3,belt,7.0,3,0.3431,0.3431,0.3431,0.3777,0.4769,0.0,115,1.0,7.59,0.0604,48.3
15,CL3r1,cluster,3.0,1,0.379,0.379,0.379,0.3949,0.4775,0.0,90,1.0,7.66,0.1216,45.2
15,CL3r2,cluster,3.0,2,0.3981,0.3985,0.3981,0.4052,0.4951,-0.0,90,1.0,8.16,0.1212,45.2
15,CL3r3,cluster,3.0,3,0.4399,0.4425,0.4399,0.4342,0.5311,0.0,0,1.0,25.82,0.1273,44.9
15,CL5r1,cluster,5.0,1,0.2371,0.2378,0.2371,0.2212,0.2741,0.0,0,1.0,9.59,0.0614,48.2
15,CL5r2,cluster,5.0,2,0.2615,0.262,0.2615,0.2497,0.3092,0.0,90,1.0,7.97,0.0612,48.2
15,CL5r3,cluster,5.0,3,0.2761,0.2791,0.2761,0.2584,0.3211,0.0,0,0.8,26.81,0.0636,48.1
15,CL7r1,cluster,7.0,1,0.1965,0.1966,0.1965,0.1822,0.2253,-0.0,90,0.8,8.17,0.0375,49.4
15,CL7r2,cluster,7.0,2,0.1987,0.1988,0.1987,0.1846,0.2301,0.0,90,1.0,8.37,0.037,49.4
15,CL7r3,cluster,7.0,3,0.2091,0.209,0.2091,0.1935,0.2422,-0.0,0,0.8,26.77,0.0388,49.3
15,MU3r1,multi_cluster,3.0,1,0.71,0.7101,0.71,0.6261,0.7475,0.0,95,1.0,8.15,0.1671,43.0
15,MU3r2,multi_cluster,3.0,2,1.1888,1.1888,1.1888,0.8898,1.0354,-0.0,145,1.0,7.87,0.1934,41.8
15,MU3r3,multi_cluster,3.0,3,0.5658,0.5658,0.5658,0.5069,0.5902,0.0,95,1.0,10.32,0.1742,42.5
15,MU5r1,multi_cluster,5.0,1,0.4018,0.4018,0.4018,0.374,0.4479,0.0,95,1.0,10.05,0.0833,47.1
15,MU5r2,multi_cluster,5.0,2,0.4992,0.4993,0.4992,0.4472,0.544,0.0,140,1.0,9.23,0.0952,46.6
15,MU5r3,multi_cluster,5.0,3,0.3307,0.3307,0.3307,0.3199,0.3791,0.0,95,1.0,7.77,0.0866,46.9
15,MU7r1,multi_cluster,7.0,1,0.2578,0.2579,0.2578,0.244,0.2973,0.0,90,1.0,10.41,0.0492,48.8
15,MU7r2,multi_cluster,7.0,2,0.287,0.287,0.287,0.2715,0.3389,-0.0,95,1.0,9.92,0.0564,48.5
15,MU7r3,multi_cluster,7.0,3,0.23,0.2301,0.23,0.2143,0.2584,-0.0,90,1.0,11.97,0.0512,48.7
16,RU3r1,rule_grid,3.0,1,0.3164,0.3166,0.3164,0.3051,0.3701,-0.0,90,0.8,7.96,0.2082,45.4
16,RU3r2,rule_grid,3.0,2,0.3606,0.3607,0.3606,0.4139,0.5013,0.0,90,0.8,10.21,0.2075,45.5
16,RU3r3,rule_grid,3.0,3,0.4659,0.4664,0.4659,0.4939,0.617,-0.0,85,0.8,11.48,0.2066,45.6
16,RU5r1,rule_grid,5.0,1,0.2717,0.2719,0.2717,0.1865,0.2398,0.0,90,1.0,19.68,0.0997,51.6
16,RU5r2,rule_grid,5.0,2,0.2125,0.2126,0.2125,0.2222,0.2786,0.0,95,1.0,11.97,0.0996,51.6
16,RU5r3,rule_grid,5.0,3,0.2454,0.2456,0.2454,0.2623,0.3418,0.0,85,1.0,13.84,0.0987,51.7
16,RU7r1,rule_grid,7.0,1,0.1946,0.1946,0.1946,0.1203,0.1627,0.0,90,1.0,13.94,0.0588,53.9
16,RU7r2,rule_grid,7.0,2,0.1283,0.1283,0.1283,0.1387,0.1832,0.0,90,1.0,15.05,0.0583,53.9
16,RU7r3,rule_grid,7.0,3,0.1483,0.1483,0.1483,0.169,0.2312,0.0,90,1.0,8.83,0.0578,54.0
16,BE3r1,belt,3.0,1,1.6939,1.6939,1.6939,1.5698,1.9753,0.0,90,1.0,5.16,0.1245,50.9
16,BE3r2,belt,3.0,2,1.1153,1.1153,1.1153,1.0098,1.2479,0.0,90,1.0,5.63,0.1857,47.1
16,BE3r3,belt,3.0,3,1.0694,1.0694,1.0694,1.1071,1.3838,0.0,95,1.0,7.32,0.1852,47.1
16,BE5r1,belt,5.0,1,0.7792,0.7792,0.7792,0.6979,0.9447,0.0,90,1.0,4.56,0.0611,54.1
16,BE5r2,belt,5.0,2,0.5498,0.5499,0.5498,0.461,0.6256,-0.0,90,1.0,4.46,0.0893,52.4
16,BE5r3,belt,5.0,3,0.4746,0.4746,0.4746,0.5079,0.6869,-0.0,95,1.0,8.18,0.0888,52.4
16,BE7r1,belt,7.0,1,0.4565,0.4566,0.4565,0.3952,0.5613,0.0,90,1.0,4.65,0.0359,55.4
16,BE7r2,belt,7.0,2,0.3478,0.3478,0.3478,0.278,0.3996,0.0,90,1.0,5.24,0.0524,54.4
16,BE7r3,belt,7.0,3,0.2859,0.2859,0.2859,0.3016,0.4281,0.0,90,1.0,8.11,0.0518,54.4
16,CL3r1,cluster,3.0,1,0.2891,0.2891,0.2891,0.2281,0.2864,-0.0,90,1.0,16.18,0.1053,51.3
16,CL3r2,cluster,3.0,2,0.2736,0.2748,0.2736,0.2273,0.3025,0.0,90,1.0,12.51,0.105,51.3
16,CL3r3,cluster,3.0,3,0.2966,0.2984,0.2966,0.2317,0.3213,0.0,0,1.0,20.49,0.1108,51.0
16,CL5r1,cluster,5.0,1,0.2235,0.2242,0.2235,0.138,0.2043,-0.0,0,1.0,14.21,0.0525,54.3
16,CL5r2,cluster,5.0,2,0.2009,0.2013,0.2009,0.1282,0.1799,-0.0,0,1.0,15.92,0.0523,54.3
16,CL5r3,cluster,5.0,3,0.2133,0.2177,0.2133,0.1347,0.1944,0.0,0,1.0,19.59,0.0545,54.2
16,CL7r1,cluster,7.0,1,0.1612,0.1613,0.1612,0.1076,0.1496,-0.0,90,1.0,15.74,0.0318,55.5
16,CL7r2,cluster,7.0,2,0.1557,0.1558,0.1557,0.102,0.1444,-0.0,90,1.0,14.74,0.0314,55.5
16,CL7r3,cluster,7.0,3,0.1662,0.1661,0.1662,0.1035,0.1494,0.0,0,1.0,16.41,0.033,55.4
16,MU3r1,multi_cluster,3.0,1,0.546,0.5461,0.546,0.4665,0.613,0.0,90,1.0,6.22,0.1472,49.1
16,MU3r2,multi_cluster,3.0,2,0.8886,0.8886,0.8886,0.7935,0.9937,0.0,90,1.0,5.44,0.1714,47.8
16,MU3r3,multi_cluster,3.0,3,0.3475,0.3475,0.3475,0.2774,0.3527,-0.0,0,1.0,11.73,0.1535,48.6
16,MU5r1,multi_cluster,5.0,1,0.3713,0.3713,0.3713,0.2797,0.3842,0.0,90,1.0,5.11,0.0724,53.3
16,MU5r2,multi_cluster,5.0,2,0.4729,0.4729,0.4729,0.3834,0.5195,0.0,90,1.0,4.97,0.0828,52.7
16,MU5r3,multi_cluster,5.0,3,0.2774,0.2774,0.2774,0.1855,0.245,-0.0,90,1.0,10.84,0.0752,53.1
16,MU7r1,multi_cluster,7.0,1,0.2516,0.2516,0.2516,0.1775,0.2531,0.0,90,1.0,4.97,0.0423,54.9
16,MU7r2,multi_cluster,7.0,2,0.3034,0.3034,0.3034,0.2322,0.3317,-0.0,90,1.0,5.24,0.0484,54.6
16,MU7r3,multi_cluster,7.0,3,0.1999,0.1999,0.1999,0.124,0.1696,0.0,90,1.0,12.11,0.044,54.8
17,RU3r1,rule_grid,3.0,1,0.8555,0.8554,0.8555,0.7646,0.8268,0.0,175,0.8,24.08,0.2452,38.5
17,RU3r2,rule_grid,3.0,2,0.6836,0.6836,0.6836,0.5346,0.5906,0.0,85,1.0,12.32,0.2446,38.5
17,RU3r3,rule_grid,3.0,3,1.2552,1.2557,1.2552,1.0654,1.1656,0.0,85,1.0,2.49,0.2435,38.8
17,RU5r1,rule_grid,5.0,1,0.4667,0.4669,0.4667,0.4061,0.4463,0.0,90,0.8,14.45,0.12,44.7
17,RU5r2,rule_grid,5.0,2,0.3734,0.3734,0.3734,0.2788,0.3184,-0.0,85,1.0,10.56,0.1201,44.7
17,RU5r3,rule_grid,5.0,3,0.5636,0.5638,0.5636,0.5013,0.5638,0.0,90,1.0,3.26,0.1189,44.8
17,RU7r1,rule_grid,7.0,1,0.3172,0.3172,0.3172,0.256,0.2882,-0.0,90,0.8,3.19,0.0717,47.1
17,RU7r2,rule_grid,7.0,2,0.2074,0.2074,0.2074,0.1652,0.1875,0.0,85,0.8,16.15,0.0712,47.1
17,RU7r3,rule_grid,7.0,3,0.3383,0.3383,0.3383,0.318,0.3717,-0.0,90,1.0,3.5,0.0705,47.2
17,BE3r1,belt,3.0,1,2.7094,2.7094,2.7094,2.3031,2.5697,-0.0,120,1.0,3.68,0.1475,44.3
17,BE3r2,belt,3.0,2,1.561,1.561,1.561,1.2459,1.3666,-0.0,115,1.0,6.73,0.2192,40.1
17,BE3r3,belt,3.0,3,2.1111,2.1112,2.1111,1.6412,1.8138,0.0,125,1.0,3.94,0.2187,40.4
17,BE5r1,belt,5.0,1,1.0263,1.0263,1.0263,0.9541,1.113,0.0,110,1.0,5.07,0.0737,47.4
17,BE5r2,belt,5.0,2,0.6721,0.6722,0.6721,0.5802,0.6509,0.0,90,1.0,6.52,0.1076,45.5
17,BE5r3,belt,5.0,3,0.8603,0.8604,0.8603,0.7255,0.851,-0.0,125,1.0,6.06,0.107,45.6
17,BE7r1,belt,7.0,1,0.5531,0.5531,0.5531,0.5237,0.6264,0.0,90,1.0,5.45,0.0438,48.7
17,BE7r2,belt,7.0,2,0.4432,0.4432,0.4432,0.3646,0.4205,-0.0,90,0.8,6.86,0.0639,47.6
17,BE7r3,belt,7.0,3,0.4755,0.4755,0.4755,0.4243,0.5131,-0.0,125,1.0,5.71,0.0632,47.6
17,CL3r1,cluster,3.0,1,0.7046,0.7047,0.7046,0.6298,0.739,0.0,85,1.0,5.99,0.1275,44.5
17,CL3r2,cluster,3.0,2,0.7522,0.7559,0.7522,0.676,0.7917,0.0,85,1.0,3.18,0.1272,44.5
17,CL3r3,cluster,3.0,3,0.7812,0.7835,0.7812,0.6996,0.8111,-0.0,175,1.0,35.4,0.1337,44.2
17,CL5r1,cluster,5.0,1,0.3919,0.3931,0.3919,0.3384,0.4043,0.0,90,1.0,9.83,0.0643,47.5
17,CL5r2,cluster,5.0,2,0.4278,0.4288,0.4278,0.3824,0.4572,-0.0,90,1.0,5.83,0.064,47.6
17,CL5r3,cluster,5.0,3,0.4516,0.4568,0.4516,0.3818,0.454,0.0,0,1.0,34.95,0.0666,47.4
17,CL7r1,cluster,7.0,1,0.3081,0.3081,0.3081,0.2586,0.3054,0.0,90,1.0,5.93,0.0391,48.8
17,CL7r2,cluster,7.0,2,0.3086,0.3089,0.3086,0.2601,0.3093,0.0,90,1.0,2.94,0.0387,48.8
17,CL7r3,cluster,7.0,3,0.3299,0.3298,0.3299,0.2749,0.3278,-0.0,0,1.0,22.54,0.0406,48.7
17,MU3r1,multi_cluster,3.0,1,0.9794,0.9794,0.9794,0.8554,0.9482,0.0,90,1.0,6.79,0.1755,42.1
17,MU3r2,multi_cluster,3.0,2,1.1624,1.1624,1.1624,1.0246,1.1128,0.0,90,1.0,8.51,0.2031,40.8
17,MU3r3,multi_cluster,3.0,3,0.8756,0.8757,0.8756,0.76,0.843,0.0,85,1.0,12.39,0.183,41.7
17,MU5r1,multi_cluster,5.0,1,0.5825,0.5826,0.5825,0.4961,0.5622,-0.0,90,1.0,11.07,0.0874,46.5
17,MU5r2,multi_cluster,5.0,2,0.6251,0.6251,0.6251,0.537,0.6035,0.0,90,0.8,6.84,0.0998,45.8
17,MU5r3,multi_cluster,5.0,3,0.511,0.511,0.511,0.4317,0.4836,-0.0,90,1.0,3.38,0.0908,46.2
17,MU7r1,multi_cluster,7.0,1,0.392,0.3921,0.392,0.3199,0.369,-0.0,90,1.0,11.04,0.0516,48.2
17,MU7r2,multi_cluster,7.0,2,0.4149,0.4149,0.4149,0.3389,0.39,-0.0,90,0.8,11.05,0.059,47.8
17,MU7r3,multi_cluster,7.0,3,0.3516,0.3517,0.3516,0.2841,0.3241,-0.0,90,1.0,3.09,0.0536,48.1
18,RU3r1,rule_grid,3.0,1,0.1755,0.1757,0.1755,0.2525,0.3001,-0.0,90,0.4,8.52,0.2153,44.3
18,RU3r2,rule_grid,3.0,2,0.3641,0.3641,0.3641,0.3985,0.4614,0.0,95,0.8,10.86,0.2146,44.5
18,RU3r3,rule_grid,3.0,3,0.387,0.3875,0.387,0.4995,0.6056,0.0,80,0.8,13.6,0.2137,44.5
18,RU5r1,rule_grid,5.0,1,0.1392,0.1393,0.1392,0.1465,0.1818,0.0,5,0.6,19.02,0.1032,50.7
18,RU5r2,rule_grid,5.0,2,0.2138,0.2139,0.2138,0.2179,0.2615,0.0,95,1.0,11.0,0.1032,50.7
18,RU5r3,rule_grid,5.0,3,0.1893,0.1894,0.1893,0.2518,0.3171,0.0,90,0.8,16.21,0.1023,50.7
18,RU7r1,rule_grid,7.0,1,0.0927,0.0927,0.0927,0.0928,0.12,-0.0,95,0.6,8.45,0.061,53.0
18,RU7r2,rule_grid,7.0,2,0.1272,0.1272,0.1272,0.1395,0.1773,0.0,155,1.0,8.61,0.0605,53.1
18,RU7r3,rule_grid,7.0,3,0.1337,0.1337,0.1337,0.1581,0.2082,0.0,90,0.6,16.12,0.0599,53.1
18,BE3r1,belt,3.0,1,1.6942,1.6941,1.6942,1.6871,2.0589,0.0,95,1.0,8.48,0.1287,50.0
18,BE3r2,belt,3.0,2,1.0618,1.0619,1.0618,1.0471,1.2543,0.0,95,1.0,5.61,0.192,46.1
18,BE3r3,belt,3.0,3,1.1972,1.1972,1.1972,1.1706,1.4133,0.0,95,1.0,6.2,0.1915,46.2
18,BE5r1,belt,5.0,1,0.6901,0.6902,0.6901,0.7343,0.9605,0.0,95,1.0,9.51,0.0633,53.2
18,BE5r2,belt,5.0,2,0.4349,0.435,0.4349,0.4586,0.6029,0.0,95,1.0,10.54,0.0926,51.4
18,BE5r3,belt,5.0,3,0.5008,0.5008,0.5008,0.5328,0.6946,0.0,95,1.0,8.05,0.092,51.5
18,BE7r1,belt,7.0,1,0.3639,0.3639,0.3639,0.4092,0.5612,-0.0,90,1.0,8.48,0.0372,54.5
18,BE7r2,belt,7.0,2,0.2469,0.247,0.2469,0.2715,0.378,-0.0,95,1.0,9.83,0.0544,53.5
18,BE7r3,belt,7.0,3,0.2852,0.2852,0.2852,0.3169,0.4339,0.0,90,1.0,8.46,0.0537,53.5
18,CL3r1,cluster,3.0,1,0.1742,0.1742,0.1742,0.2153,0.2596,0.0,95,0.8,14.72,0.1092,50.3
18,CL3r2,cluster,3.0,2,0.1589,0.16,0.1589,0.1961,0.2442,0.0,95,0.6,14.08,0.1088,50.4
18,CL3r3,cluster,3.0,3,0.1338,0.137,0.1338,0.1878,0.2492,-0.0,0,0.4,17.5,0.1148,50.0
18,CL5r1,cluster,5.0,1,0.0916,0.0925,0.0916,0.1043,0.151,0.0,5,0.6,22.92,0.0545,53.4
18,CL5r2,cluster,5.0,2,0.0894,0.0899,0.0894,0.1059,0.1385,0.0,95,0.6,16.6,0.0543,53.4
18,CL5r3,cluster,5.0,3,0.0895,0.0943,0.0895,0.1078,0.1479,0.0,5,0.4,15.95,0.0566,53.3
18,CL7r1,cluster,7.0,1,0.0784,0.0784,0.0784,0.0902,0.1197,-0.0,90,0.6,19.15,0.0331,54.6
18,CL7r2,cluster,7.0,2,0.0694,0.0696,0.0694,0.085,0.1152,0.0,90,0.6,17.89,0.0326,54.6
18,CL7r3,cluster,7.0,3,0.069,0.0689,0.069,0.0844,0.1173,0.0,0,0.6,18.86,0.0343,54.5
18,MU3r1,multi_cluster,3.0,1,0.3798,0.3799,0.3798,0.4457,0.5705,-0.0,95,1.0,10.75,0.1524,48.0
18,MU3r2,multi_cluster,3.0,2,0.7918,0.7918,0.7918,0.8079,0.9808,-0.0,95,1.0,5.62,0.1773,46.8
18,MU3r3,multi_cluster,3.0,3,0.1699,0.1699,0.1699,0.2345,0.2913,0.0,5,0.4,13.83,0.1589,47.5
18,MU5r1,multi_cluster,5.0,1,0.2265,0.2266,0.2265,0.2535,0.3391,0.0,95,0.8,10.53,0.075,52.3
18,MU5r2,multi_cluster,5.0,2,0.35,0.35,0.35,0.3708,0.4873,0.0,95,1.0,10.54,0.0858,51.8
18,MU5r3,multi_cluster,5.0,3,0.1336,0.1337,0.1336,0.1481,0.1895,-0.0,95,0.6,14.97,0.0779,52.1
18,MU7r1,multi_cluster,7.0,1,0.1374,0.1375,0.1374,0.1573,0.2179,0.0,95,0.6,11.19,0.0439,54.0
18,MU7r2,multi_cluster,7.0,2,0.1992,0.1992,0.1992,0.2196,0.304,0.0,95,1.0,10.55,0.0502,53.7
18,MU7r3,multi_cluster,7.0,3,0.0875,0.0876,0.0875,0.0981,0.1292,0.0,95,0.6,14.92,0.0456,53.9
19,RU3r1,rule_grid,3.0,1,0.9256,0.9255,0.9256,0.5148,0.4287,0.0,0,1.0,10.34,0.3094,23.6
19,RU3r2,rule_grid,3.0,2,1.088,1.0881,1.088,0.6759,0.5523,-0.0,155,1.0,14.18,0.309,23.7
19,RU3r3,rule_grid,3.0,3,1.3231,1.3235,1.3231,0.7913,0.6334,0.0,145,0.8,8.67,0.3076,23.8
19,RU5r1,rule_grid,5.0,1,0.5307,0.5306,0.5307,0.3334,0.2739,0.0,90,1.0,8.88,0.1529,28.9
19,RU5r2,rule_grid,5.0,2,0.5499,0.5498,0.5499,0.4044,0.3267,0.0,155,1.0,14.24,0.153,28.9
19,RU5r3,rule_grid,5.0,3,0.5691,0.5694,0.5691,0.4039,0.3216,0.0,15,0.8,20.09,0.1519,28.9
19,RU7r1,rule_grid,7.0,1,0.3217,0.3217,0.3217,0.2312,0.1865,0.0,0,1.0,23.69,0.0922,30.9
19,RU7r2,rule_grid,7.0,2,0.3348,0.3349,0.3348,0.2727,0.2179,0.0,155,1.0,14.91,0.0912,30.9
19,RU7r3,rule_grid,7.0,3,0.3776,0.3776,0.3776,0.2721,0.2157,0.0,15,0.8,24.48,0.0906,31.0
19,BE3r1,belt,3.0,1,4.089,4.089,4.089,2.5478,2.0838,0.0,0,1.0,36.94,0.1949,28.4
19,BE3r2,belt,3.0,2,2.7651,2.7651,2.7651,1.6422,1.3388,-0.0,0,1.0,28.46,0.2807,25.1
19,BE3r3,belt,3.0,3,2.3412,2.3413,2.3412,1.4446,1.1709,-0.0,25,1.0,20.25,0.2801,25.0
19,BE5r1,belt,5.0,1,1.8001,1.8002,1.8001,1.2024,0.9654,0.0,0,1.0,28.73,0.0972,31.2
19,BE5r2,belt,5.0,2,1.2513,1.2515,1.2513,0.8214,0.658,-0.0,0,1.0,36.67,0.1386,29.6
19,BE5r3,belt,5.0,3,1.062,1.062,1.062,0.7135,0.5696,-0.0,25,1.0,28.33,0.138,29.6
19,BE7r1,belt,7.0,1,1.0072,1.0072,1.0072,0.7091,0.5662,-0.0,0,1.0,28.81,0.0579,32.3
19,BE7r2,belt,7.0,2,0.7428,0.7428,0.7428,0.5297,0.4217,0.0,0,1.0,36.33,0.0827,31.3
19,BE7r3,belt,7.0,3,0.6202,0.6202,0.6202,0.44,0.3495,0.0,25,0.8,25.58,0.0819,31.3
19,CL3r1,cluster,3.0,1,0.7375,0.7376,0.7375,0.5001,0.3923,-0.0,90,1.0,10.97,0.1689,28.4
19,CL3r2,cluster,3.0,2,0.6007,0.6022,0.6007,0.4064,0.3159,-0.0,85,1.0,11.14,0.169,28.4
19,CL3r3,cluster,3.0,3,0.7345,0.7369,0.7345,0.4683,0.3704,0.0,85,1.0,3.29,0.1757,28.2
19,CL5r1,cluster,5.0,1,0.4741,0.4745,0.4741,0.3404,0.2711,-0.0,90,1.0,10.71,0.083,31.3
19,CL5r2,cluster,5.0,2,0.3956,0.3962,0.3956,0.2861,0.2278,0.0,90,0.8,11.12,0.0833,31.2
19,CL5r3,cluster,5.0,3,0.3903,0.3939,0.3903,0.2695,0.2157,0.0,90,1.0,3.66,0.0863,31.1
19,CL7r1,cluster,7.0,1,0.2855,0.2855,0.2855,0.2264,0.1809,0.0,90,0.8,15.32,0.0501,32.3
19,CL7r2,cluster,7.0,2,0.2486,0.2488,0.2486,0.1982,0.1585,0.0,90,0.8,11.63,0.0499,32.3
19,CL7r3,cluster,7.0,3,0.2665,0.2683,0.2665,0.2029,0.1624,-0.0,90,1.0,3.51,0.0521,32.2
19,MU3r1,multi_cluster,3.0,1,1.3789,1.379,1.3789,0.8344,0.6705,0.0,0,1.0,33.03,0.2306,26.5
19,MU3r2,multi_cluster,3.0,2,2.1915,2.1915,2.1915,1.3053,1.0588,0.0,0,1.0,34.62,0.2623,25.6
19,MU3r3,multi_cluster,3.0,3,0.863,0.863,0.863,0.4998,0.41,0.0,90,1.0,11.01,0.2386,26.1
19,MU5r1,multi_cluster,5.0,1,0.7424,0.7424,0.7424,0.4969,0.4001,0.0,0,1.0,35.51,0.1138,30.3
19,MU5r2,multi_cluster,5.0,2,1.0291,1.0291,1.0291,0.6776,0.5448,0.0,0,1.0,34.52,0.1291,29.8
19,MU5r3,multi_cluster,5.0,3,0.5148,0.5148,0.5148,0.3363,0.2738,0.0,0,1.0,19.13,0.1176,30.1
19,MU7r1,multi_cluster,7.0,1,0.4504,0.4504,0.4504,0.33,0.2647,0.0,0,1.0,35.86,0.0672,31.8
19,MU7r2,multi_cluster,7.0,2,0.6122,0.6122,0.6122,0.4395,0.3511,-0.0,0,1.0,35.86,0.0767,31.5
19,MU7r3,multi_cluster,7.0,3,0.3217,0.3217,0.3217,0.2368,0.191,0.0,90,0.8,15.9,0.0695,31.7
20,RU3r1,rule_grid,3.0,1,0.3631,0.3631,0.3631,0.3164,0.3937,0.0,175,1.0,7.98,0.2067,45.8
20,RU3r2,rule_grid,3.0,2,0.3542,0.3542,0.3542,0.4413,0.5371,-0.0,90,0.6,16.03,0.206,45.9
20,RU3r3,rule_grid,3.0,3,0.4635,0.464,0.4635,0.5377,0.6738,0.0,85,0.8,4.57,0.2051,46.0
20,RU5r1,rule_grid,5.0,1,0.2306,0.2308,0.2306,0.1678,0.2212,0.0,90,1.0,18.43,0.0987,52.0
20,RU5r2,rule_grid,5.0,2,0.2123,0.2123,0.2123,0.2358,0.2984,-0.0,95,1.0,19.51,0.0986,52.0
20,RU5r3,rule_grid,5.0,3,0.2495,0.2497,0.2495,0.2932,0.3846,-0.0,85,1.0,13.17,0.0977,52.1
20,RU7r1,rule_grid,7.0,1,0.1579,0.1579,0.1579,0.1028,0.1392,0.0,90,0.8,15.64,0.0581,54.3
20,RU7r2,rule_grid,7.0,2,0.1433,0.1433,0.1433,0.1457,0.1943,-0.0,90,1.0,14.46,0.0576,54.3
20,RU7r3,rule_grid,7.0,3,0.1625,0.1625,0.1625,0.1867,0.257,0.0,90,1.0,10.86,0.0571,54.4
20,BE3r1,belt,3.0,1,1.7115,1.7115,1.7115,1.6097,2.0343,-0.0,85,1.0,6.16,0.1234,51.3
20,BE3r2,belt,3.0,2,1.145,1.1451,1.145,1.018,1.2642,-0.0,85,1.0,5.15,0.1842,47.5
20,BE3r3,belt,3.0,3,1.0921,1.0922,1.0921,1.1428,1.4321,0.0,90,1.0,7.49,0.1837,47.5
20,BE5r1,belt,5.0,1,0.7615,0.7616,0.7615,0.7008,0.9554,0.0,90,1.0,6.23,0.0604,54.5
20,BE5r2,belt,5.0,2,0.5125,0.5126,0.5125,0.4472,0.6122,0.0,90,1.0,6.38,0.0885,52.8
20,BE5r3,belt,5.0,3,0.4879,0.4879,0.4879,0.5205,0.7082,0.0,90,1.0,7.7,0.0879,52.8
20,BE7r1,belt,7.0,1,0.4327,0.4327,0.4327,0.3912,0.5608,0.0,90,1.0,6.24,0.0355,55.8
20,BE7r2,belt,7.0,2,0.312,0.312,0.312,0.2633,0.3829,0.0,90,1.0,6.28,0.0518,54.8
20,BE7r3,belt,7.0,3,0.2964,0.2964,0.2964,0.308,0.4412,-0.0,90,1.0,7.03,0.0512,54.8
20,CL3r1,cluster,3.0,1,0.2938,0.2938,0.2938,0.2376,0.3031,-0.0,90,1.0,24.93,0.1043,51.7
20,CL3r2,cluster,3.0,2,0.2996,0.3014,0.2996,0.2372,0.3172,0.0,85,1.0,20.64,0.1039,51.8
20,CL3r3,cluster,3.0,3,0.338,0.3398,0.338,0.2576,0.3599,0.0,175,1.0,23.82,0.1098,51.4
20,CL5r1,cluster,5.0,1,0.2154,0.2161,0.2154,0.1357,0.2048,0.0,0,0.8,25.74,0.0519,54.7
20,CL5r2,cluster,5.0,2,0.1924,0.1928,0.1924,0.1328,0.1878,0.0,0,0.8,21.27,0.0517,54.7
20,CL5r3,cluster,5.0,3,0.2095,0.213,0.2095,0.1472,0.2148,0.0,175,0.8,17.56,0.0539,54.6
20,CL7r1,cluster,7.0,1,0.1558,0.1558,0.1558,0.1032,0.1446,0.0,90,1.0,17.48,0.0315,55.9
20,CL7r2,cluster,7.0,2,0.1458,0.146,0.1458,0.0976,0.1396,-0.0,90,1.0,20.07,0.0311,55.9
20,CL7r3,cluster,7.0,3,0.16,0.1598,0.16,0.1004,0.1482,0.0,0,1.0,21.74,0.0326,55.8
20,MU3r1,multi_cluster,3.0,1,0.5646,0.5647,0.5646,0.4773,0.6398,-0.0,85,1.0,7.65,0.1459,49.5
20,MU3r2,multi_cluster,3.0,2,0.9107,0.9107,0.9107,0.7997,1.0084,-0.0,85,1.0,7.09,0.1701,48.2
20,MU3r3,multi_cluster,3.0,3,0.3682,0.3682,0.3682,0.2953,0.3855,0.0,85,0.8,14.66,0.1522,49.0
20,MU5r1,multi_cluster,5.0,1,0.3421,0.3421,0.3421,0.2679,0.3725,0.0,90,1.0,6.38,0.0717,53.6
20,MU5r2,multi_cluster,5.0,2,0.4392,0.4392,0.4392,0.3702,0.5064,0.0,90,1.0,6.38,0.082,53.1
20,MU5r3,multi_cluster,5.0,3,0.2505,0.2505,0.2505,0.1734,0.232,0.0,90,0.8,14.47,0.0745,53.4
20,MU7r1,multi_cluster,7.0,1,0.2252,0.2252,0.2252,0.1656,0.239,0.0,90,1.0,6.62,0.0418,55.3
20,MU7r2,multi_cluster,7.0,2,0.2714,0.2714,0.2714,0.2182,0.3153,-0.0,90,1.0,6.28,0.0479,55.0
20,MU7r3,multi_cluster,7.0,3,0.1754,0.1754,0.1754,0.1121,0.1546,0.0,90,0.8,9.75,0.0435,55.2
21,RU3r1,rule_grid,3.0,1,3.3764,3.3765,3.3764,2.8157,2.8538,-0.0,0,1.0,3.9,0.2215,38.7
21,RU3r2,rule_grid,3.0,2,4.2424,4.2423,4.2424,3.1453,3.2584,0.0,95,1.0,6.2,0.2207,39.1
21,RU3r3,rule_grid,3.0,3,4.572,4.5723,4.572,3.6452,3.7878,0.0,90,1.0,0.79,0.2203,39.2
21,RU5r1,rule_grid,5.0,1,1.4891,1.4889,1.4891,1.3986,1.5211,0.0,90,1.0,3.9,0.1007,43.9
21,RU5r2,rule_grid,5.0,2,1.8146,1.8147,1.8146,1.4692,1.6286,-0.0,95,1.0,6.15,0.1005,44.1
21,RU5r3,rule_grid,5.0,3,1.8928,1.8925,1.8928,1.6316,1.8066,0.0,90,1.0,4.45,0.0999,44.1
21,RU7r1,rule_grid,7.0,1,0.8399,0.84,0.8399,0.8191,0.9234,-0.0,90,1.0,8.55,0.0581,45.7
21,RU7r2,rule_grid,7.0,2,0.9854,0.9854,0.9854,0.8472,0.9675,-0.0,90,1.0,6.15,0.0574,45.8
21,RU7r3,rule_grid,7.0,3,1.0695,1.0696,1.0695,0.9648,1.1117,-0.0,90,1.0,4.43,0.0571,45.9
21,BE3r1,belt,3.0,1,6.5913,6.5913,6.5913,5.9627,6.4707,0.0,125,1.0,18.51,0.1386,44.2
21,BE3r2,belt,3.0,2,5.2043,5.2044,5.2043,4.4555,4.6476,0.0,0,1.0,24.84,0.2002,40.5
21,BE3r3,belt,3.0,3,6.5748,6.5749,6.5748,5.5081,5.8235,-0.0,150,1.0,0.82,0.1995,41.0
21,BE5r1,belt,5.0,1,2.7631,2.7633,2.7631,2.5804,2.9622,-0.0,125,1.0,24.75,0.0643,46.3
21,BE5r2,belt,5.0,2,2.1888,2.1887,2.1888,2.0477,2.2894,0.0,0,1.0,20.09,0.0915,44.7
21,BE5r3,belt,5.0,3,2.7286,2.7286,2.7286,2.4115,2.739,0.0,150,1.0,0.82,0.091,44.9
21,BE7r1,belt,7.0,1,1.5329,1.5329,1.5329,1.4796,1.7444,0.0,0,1.0,21.75,0.0369,47.1
21,BE7r2,belt,7.0,2,1.2696,1.2697,1.2696,1.2311,1.4271,-0.0,0,1.0,20.09,0.0524,46.2
21,BE7r3,belt,7.0,3,1.5095,1.5095,1.5095,1.3801,1.623,0.0,150,1.0,0.92,0.0519,46.3
21,CL3r1,cluster,3.0,1,2.7122,2.7123,2.7122,2.4391,2.8088,0.0,95,1.0,8.46,0.1121,43.9
21,CL3r2,cluster,3.0,2,2.7262,2.7261,2.7262,2.4453,2.8194,0.0,95,1.0,6.23,0.1121,43.9
21,CL3r3,cluster,3.0,3,2.7123,2.7131,2.7123,2.314,2.6053,-0.0,10,1.0,2.29,0.1178,43.6
21,CL5r1,cluster,5.0,1,1.3089,1.3084,1.3089,1.2555,1.476,-0.0,95,1.0,8.05,0.0523,46.2
21,CL5r2,cluster,5.0,2,1.3424,1.3439,1.3424,1.2497,1.4693,0.0,95,1.0,5.66,0.0525,46.2
21,CL5r3,cluster,5.0,3,1.2577,1.2578,1.2577,1.1261,1.3111,0.0,5,1.0,2.33,0.0547,46.1
21,CL7r1,cluster,7.0,1,0.8124,0.8124,0.8124,0.7904,0.9417,0.0,95,1.0,8.11,0.0308,47.0
21,CL7r2,cluster,7.0,2,0.8141,0.8153,0.8141,0.7798,0.9302,0.0,95,1.0,1.26,0.0307,47.0
21,CL7r3,cluster,7.0,3,0.7874,0.7874,0.7874,0.7104,0.8419,0.0,5,1.0,2.25,0.0321,46.9
21,MU3r1,multi_cluster,3.0,1,3.5395,3.5394,3.5395,3.0783,3.2911,0.0,0,1.0,13.6,0.1617,41.8
21,MU3r2,multi_cluster,3.0,2,4.4933,4.4933,4.4933,3.8698,4.0666,0.0,0,1.0,17.5,0.1859,40.9
21,MU3r3,multi_cluster,3.0,3,3.1065,3.1065,3.1065,2.6257,2.7634,0.0,5,1.0,3.72,0.167,41.3
21,MU5r1,multi_cluster,5.0,1,1.685,1.6851,1.685,1.584,1.7792,0.0,0,1.0,19.61,0.075,45.3
21,MU5r2,multi_cluster,5.0,2,1.9591,1.9592,1.9591,1.8385,2.0553,-0.0,0,1.0,20.09,0.0852,44.9
21,MU5r3,multi_cluster,5.0,3,1.4703,1.4703,1.4703,1.3777,1.525,0.0,90,1.0,3.81,0.0772,45.1
21,MU7r1,multi_cluster,7.0,1,0.9883,0.9883,0.9883,0.9583,1.1081,0.0,0,1.0,19.61,0.0427,46.5
21,MU7r2,multi_cluster,7.0,2,1.1393,1.1393,1.1393,1.1068,1.28,0.0,0,1.0,20.09,0.0487,46.3
21,MU7r3,multi_cluster,7.0,3,0.8642,0.8641,0.8642,0.8385,0.959,0.0,90,1.0,3.83,0.044,46.4
22,RU3r1,rule_grid,3.0,1,0.6512,0.6511,0.6512,0.4703,0.4893,0.0,130,0.8,4.77,0.2511,38.7
22,RU3r2,rule_grid,3.0,2,0.4073,0.4074,0.4073,0.2817,0.302,0.0,110,1.0,11.87,0.2506,38.6
22,RU3r3,rule_grid,3.0,3,0.9982,0.9987,0.9982,0.9066,0.9655,-0.0,65,1.0,3.49,0.2494,38.9
22,RU5r1,rule_grid,5.0,1,0.3708,0.3709,0.3708,0.2444,0.2646,0.0,40,0.8,8.63,0.1223,45.2
22,RU5r2,rule_grid,5.0,2,0.2364,0.2365,0.2364,0.147,0.1631,0.0,110,0.8,13.42,0.1224,45.2
22,RU5r3,rule_grid,5.0,3,0.3777,0.3779,0.3777,0.3624,0.406,0.0,45,1.0,4.31,0.1211,45.3
22,RU7r1,rule_grid,7.0,1,0.2293,0.2294,0.2293,0.1424,0.1568,-0.0,40,0.8,3.14,0.0728,47.7
22,RU7r2,rule_grid,7.0,2,0.145,0.145,0.145,0.0908,0.1045,0.0,110,0.8,12.43,0.0723,47.7
22,RU7r3,rule_grid,7.0,3,0.2186,0.2186,0.2186,0.2161,0.2545,-0.0,50,1.0,8.69,0.0716,47.8
22,BE3r1,belt,3.0,1,3.0899,3.0899,3.0899,2.7504,2.9675,0.0,90,1.0,4.66,0.1506,45.0
22,BE3r2,belt,3.0,2,1.8584,1.8585,1.8584,1.5496,1.6287,0.0,85,1.0,5.65,0.2243,40.6
22,BE3r3,belt,3.0,3,2.1278,2.1279,2.1278,1.7784,1.8683,-0.0,105,1.0,5.79,0.2238,40.7
22,BE5r1,belt,5.0,1,1.2567,1.2567,1.2567,1.1586,1.3106,0.0,85,1.0,5.54,0.075,48.1
22,BE5r2,belt,5.0,2,0.7596,0.7597,0.7596,0.6605,0.7608,0.0,85,1.0,6.47,0.1096,46.1
22,BE5r3,belt,5.0,3,0.8468,0.8468,0.8468,0.779,0.8805,0.0,105,1.0,6.18,0.1091,46.1
22,BE7r1,belt,7.0,1,0.6688,0.6688,0.6688,0.6235,0.7315,-0.0,85,1.0,5.61,0.0445,49.4
22,BE7r2,belt,7.0,2,0.4435,0.4436,0.4435,0.39,0.4749,0.0,85,1.0,7.44,0.0649,48.2
22,BE7r3,belt,7.0,3,0.4716,0.4716,0.4716,0.4551,0.5361,-0.0,110,1.0,6.11,0.0642,48.3
22,CL3r1,cluster,3.0,1,0.4306,0.4308,0.4306,0.3865,0.4586,0.0,40,0.8,10.71,0.1298,44.9
22,CL3r2,cluster,3.0,2,0.4715,0.4717,0.4715,0.401,0.4722,-0.0,40,0.8,3.86,0.1295,44.9
22,CL3r3,cluster,3.0,3,0.5196,0.5216,0.5196,0.4166,0.4729,0.0,130,0.8,9.65,0.1363,44.6
22,CL5r1,cluster,5.0,1,0.2856,0.2871,0.2856,0.2427,0.2894,0.0,40,0.8,8.03,0.0652,48.1
22,CL5r2,cluster,5.0,2,0.2917,0.2931,0.2917,0.2378,0.2847,0.0,40,0.8,7.95,0.0649,48.2
22,CL5r3,cluster,5.0,3,0.3035,0.3039,0.3035,0.2316,0.2702,-0.0,130,0.8,3.61,0.0676,48.0
22,CL7r1,cluster,7.0,1,0.1911,0.1911,0.1911,0.1468,0.1763,0.0,40,0.8,11.15,0.0396,49.4
22,CL7r2,cluster,7.0,2,0.1924,0.1927,0.1924,0.1465,0.1757,0.0,40,0.6,7.95,0.0391,49.4
22,CL7r3,cluster,7.0,3,0.2041,0.2049,0.2041,0.1504,0.1779,0.0,130,0.8,8.89,0.0411,49.3
22,MU3r1,multi_cluster,3.0,1,0.8386,0.8387,0.8386,0.6763,0.7346,0.0,125,1.0,9.55,0.1793,42.5
22,MU3r2,multi_cluster,3.0,2,1.3635,1.3635,1.3635,1.1244,1.188,0.0,125,1.0,6.91,0.2077,41.2
22,MU3r3,multi_cluster,3.0,3,0.6267,0.6267,0.6267,0.4586,0.4908,-0.0,40,0.8,15.51,0.187,42.0
22,MU5r1,multi_cluster,5.0,1,0.4391,0.4392,0.4391,0.3662,0.4133,-0.0,130,1.0,10.57,0.089,47.0
22,MU5r2,multi_cluster,5.0,2,0.5543,0.5543,0.5543,0.4909,0.5486,-0.0,125,1.0,7.38,0.1017,46.4
22,MU5r3,multi_cluster,5.0,3,0.3777,0.3778,0.3777,0.257,0.2837,0.0,40,0.8,3.4,0.0924,46.8
22,MU7r1,multi_cluster,7.0,1,0.2717,0.2717,0.2717,0.2271,0.2634,-0.0,130,0.8,10.68,0.0524,48.8
22,MU7r2,multi_cluster,7.0,2,0.3168,0.3168,0.3168,0.2935,0.3402,0.0,85,1.0,7.44,0.0599,48.4
22,MU7r3,multi_cluster,7.0,3,0.2424,0.2425,0.2424,0.1584,0.1787,0.0,130,0.8,10.61,0.0544,48.7
23,RU3r1,rule_grid,3.0,1,0.3012,0.3015,0.3012,0.3116,0.3704,0.0,90,0.6,7.26,0.2126,44.6
23,RU3r2,rule_grid,3.0,2,0.394,0.3941,0.394,0.4727,0.5617,0.0,90,0.8,14.41,0.212,44.6
23,RU3r3,rule_grid,3.0,3,0.4069,0.4074,0.4069,0.4983,0.6109,-0.0,80,0.8,11.58,0.211,44.7
23,RU5r1,rule_grid,5.0,1,0.2692,0.2693,0.2692,0.1967,0.2474,0.0,90,1.0,16.7,0.102,50.8
23,RU5r2,rule_grid,5.0,2,0.2557,0.2557,0.2557,0.2701,0.3358,0.0,90,1.0,14.52,0.102,50.8
23,RU5r3,rule_grid,5.0,3,0.2165,0.2167,0.2165,0.2652,0.3388,0.0,90,0.8,15.51,0.1011,50.8
23,RU7r1,rule_grid,7.0,1,0.207,0.207,0.207,0.1304,0.1723,0.0,90,1.0,7.0,0.0604,53.1
23,RU7r2,rule_grid,7.0,2,0.1835,0.1835,0.1835,0.1723,0.2252,0.0,90,0.8,14.0,0.0598,53.2
23,RU7r3,rule_grid,7.0,3,0.1462,0.1462,0.1462,0.1741,0.2334,0.0,90,0.8,11.55,0.0593,53.2
23,BE3r1,belt,3.0,1,1.7097,1.7097,1.7097,1.5986,1.9694,-0.0,90,1.0,5.21,0.1272,50.1
23,BE3r2,belt,3.0,2,1.123,1.123,1.123,1.036,1.2556,0.0,90,1.0,6.26,0.1897,46.2
23,BE3r3,belt,3.0,3,1.1449,1.1449,1.1449,1.1806,1.4473,0.0,90,1.0,5.32,0.1892,46.3
23,BE5r1,belt,5.0,1,0.8025,0.8025,0.8025,0.72,0.9507,-0.0,90,1.0,4.97,0.0626,53.3
23,BE5r2,belt,5.0,2,0.5689,0.5689,0.5689,0.4819,0.6389,0.0,90,1.0,5.16,0.0915,51.6
23,BE5r3,belt,5.0,3,0.5496,0.5496,0.5496,0.5625,0.7438,0.0,90,1.0,6.95,0.0909,51.6
23,BE7r1,belt,7.0,1,0.4788,0.4788,0.4788,0.4108,0.5678,0.0,90,1.0,4.14,0.0368,54.6
23,BE7r2,belt,7.0,2,0.3708,0.3709,0.3708,0.2939,0.4112,-0.0,90,1.0,4.91,0.0538,53.6
23,BE7r3,belt,7.0,3,0.346,0.3461,0.346,0.3394,0.4699,-0.0,90,1.0,4.14,0.0531,53.6
23,CL3r1,cluster,3.0,1,0.2624,0.2624,0.2624,0.2299,0.2802,-0.0,90,0.8,19.58,0.1079,50.5
23,CL3r2,cluster,3.0,2,0.2506,0.2525,0.2506,0.2071,0.2673,-0.0,90,0.8,9.59,0.1076,50.5
23,CL3r3,cluster,3.0,3,0.2524,0.2542,0.2524,0.1984,0.2627,0.0,0,0.6,22.27,0.1135,50.2
23,CL5r1,cluster,5.0,1,0.2089,0.2097,0.2089,0.1338,0.1922,-0.0,0,1.0,25.6,0.0539,53.5
23,CL5r2,cluster,5.0,2,0.188,0.1885,0.188,0.1305,0.1743,0.0,90,0.8,18.18,0.0537,53.5
23,CL5r3,cluster,5.0,3,0.1952,0.1997,0.1952,0.129,0.1779,0.0,0,0.8,21.84,0.056,53.4
23,CL7r1,cluster,7.0,1,0.1634,0.1634,0.1634,0.1124,0.152,0.0,90,1.0,13.99,0.0327,54.7
23,CL7r2,cluster,7.0,2,0.1558,0.156,0.1558,0.1062,0.1463,0.0,90,1.0,18.16,0.0323,54.7
23,CL7r3,cluster,7.0,3,0.1608,0.1606,0.1608,0.1042,0.1459,0.0,0,1.0,23.09,0.0339,54.6
23,MU3r1,multi_cluster,3.0,1,0.5237,0.5237,0.5237,0.4715,0.6047,0.0,90,1.0,7.47,0.1505,48.2
23,MU3r2,multi_cluster,3.0,2,0.8819,0.8819,0.8819,0.8113,0.995,-0.0,90,1.0,6.44,0.1752,47.0
23,MU3r3,multi_cluster,3.0,3,0.3192,0.3192,0.3192,0.2775,0.3441,0.0,90,0.8,14.58,0.157,47.7
23,MU5r1,multi_cluster,5.0,1,0.3788,0.3788,0.3788,0.2912,0.3905,0.0,90,1.0,5.16,0.0742,52.4
23,MU5r2,multi_cluster,5.0,2,0.4881,0.4881,0.4881,0.4008,0.5305,0.0,90,1.0,5.16,0.0848,51.9
23,MU5r3,multi_cluster,5.0,3,0.2785,0.2786,0.2785,0.1937,0.2501,-0.0,90,1.0,9.97,0.0771,52.2
23,MU7r1,multi_cluster,7.0,1,0.2633,0.2633,0.2633,0.1867,0.2589,-0.0,90,1.0,4.91,0.0434,54.1
23,MU7r2,multi_cluster,7.0,2,0.3228,0.3228,0.3228,0.2457,0.3416,-0.0,90,1.0,4.91,0.0497,53.8
23,MU7r3,multi_cluster,7.0,3,0.2084,0.2085,0.2084,0.1315,0.1754,-0.0,90,1.0,12.79,0.0451,54.0
24,RU3r1,rule_grid,3.0,1,0.9252,0.9254,0.9252,0.5991,0.4937,0.0,85,1.0,9.2,0.3191,22.5
24,RU3r2,rule_grid,3.0,2,0.7524,0.7526,0.7524,0.4403,0.3562,-0.0,155,1.0,17.41,0.3188,22.5
24,RU3r3,rule_grid,3.0,3,0.7982,0.7988,0.7982,0.6274,0.5137,-0.0,170,1.0,26.48,0.3174,22.5
24,RU5r1,rule_grid,5.0,1,0.5396,0.5396,0.5396,0.3996,0.3222,0.0,90,1.0,12.83,0.1591,27.7
24,RU5r2,rule_grid,5.0,2,0.4303,0.4303,0.4303,0.3257,0.2574,-0.0,155,1.0,17.73,0.1593,27.6
24,RU5r3,rule_grid,5.0,3,0.4615,0.4616,0.4615,0.4037,0.3213,-0.0,15,1.0,15.97,0.1581,27.7
24,RU7r1,rule_grid,7.0,1,0.3607,0.3608,0.3607,0.2856,0.2242,-0.0,0,1.0,29.03,0.0965,29.7
24,RU7r2,rule_grid,7.0,2,0.2783,0.2783,0.2783,0.2272,0.1769,0.0,155,1.0,21.95,0.0954,29.7
24,RU7r3,rule_grid,7.0,3,0.3067,0.3067,0.3067,0.2836,0.22,0.0,20,1.0,24.76,0.0947,29.7
24,BE3r1,belt,3.0,1,3.0182,3.0183,3.0182,1.5968,1.277,0.0,0,1.0,17.71,0.2019,26.9
24,BE3r2,belt,3.0,2,2.1243,2.1244,2.1243,1.1612,0.9337,-0.0,0,1.0,22.89,0.29,23.7
24,BE3r3,belt,3.0,3,1.9662,1.9662,1.9662,1.0191,0.8099,0.0,25,1.0,11.19,0.2893,23.7
24,BE5r1,belt,5.0,1,1.3569,1.3569,1.3569,0.8172,0.6352,-0.0,0,1.0,17.68,0.1013,29.8
24,BE5r2,belt,5.0,2,1.0104,1.0106,1.0104,0.6471,0.5066,0.0,0,1.0,18.06,0.1442,28.3
24,BE5r3,belt,5.0,3,0.8817,0.8817,0.8817,0.5155,0.3975,0.0,25,1.0,11.72,0.1437,28.3
24,BE7r1,belt,7.0,1,0.7851,0.7851,0.7851,0.5136,0.3948,0.0,0,1.0,17.57,0.0606,31.0
24,BE7r2,belt,7.0,2,0.6236,0.6236,0.6236,0.4378,0.3377,0.0,0,1.0,18.98,0.0866,30.1
24,BE7r3,belt,7.0,3,0.5049,0.505,0.5049,0.3235,0.2468,-0.0,25,1.0,11.7,0.0857,30.1
24,CL3r1,cluster,3.0,1,0.6053,0.6054,0.6053,0.4747,0.3629,-0.0,90,1.0,18.27,0.176,27.1
24,CL3r2,cluster,3.0,2,0.6547,0.6614,0.6547,0.4134,0.3179,-0.0,175,0.8,24.15,0.1761,27.2
24,CL3r3,cluster,3.0,3,0.7533,0.7576,0.7533,0.49,0.3766,0.0,85,0.8,6.38,0.1828,27.0
24,CL5r1,cluster,5.0,1,0.4164,0.4163,0.4164,0.3288,0.2537,-0.0,90,1.0,12.58,0.0869,30.0
24,CL5r2,cluster,5.0,2,0.3852,0.3896,0.3852,0.2964,0.2284,0.0,0,1.0,20.83,0.0872,30.0
24,CL5r3,cluster,5.0,3,0.4243,0.4287,0.4243,0.3221,0.2487,-0.0,90,1.0,5.95,0.0903,29.9
24,CL7r1,cluster,7.0,1,0.2869,0.2869,0.2869,0.2477,0.1908,0.0,0,1.0,18.07,0.0526,31.1
24,CL7r2,cluster,7.0,2,0.2877,0.2887,0.2877,0.2259,0.1742,0.0,0,1.0,26.51,0.0524,31.1
24,CL7r3,cluster,7.0,3,0.309,0.3117,0.309,0.247,0.19,0.0,90,1.0,4.01,0.0547,31.1
24,MU3r1,multi_cluster,3.0,1,1.1913,1.1914,1.1913,0.7651,0.6054,0.0,175,1.0,30.06,0.2388,25.2
24,MU3r2,multi_cluster,3.0,2,1.7214,1.7214,1.7214,0.9957,0.7945,-0.0,0,1.0,28.33,0.2711,24.3
24,MU3r3,multi_cluster,3.0,3,0.8811,0.8811,0.8811,0.5888,0.4742,0.0,175,1.0,19.38,0.2472,24.9
24,MU5r1,multi_cluster,5.0,1,0.6813,0.6814,0.6813,0.4883,0.384,0.0,0,1.0,24.52,0.1185,29.1
24,MU5r2,multi_cluster,5.0,2,0.8663,0.8663,0.8663,0.574,0.451,0.0,0,1.0,28.33,0.1344,28.6
24,MU5r3,multi_cluster,5.0,3,0.5361,0.5361,0.5361,0.4031,0.3206,-0.0,0,1.0,31.7,0.1225,28.9
24,MU7r1,multi_cluster,7.0,1,0.4441,0.444,0.4441,0.3418,0.2657,0.0,0,1.0,24.25,0.0703,30.6
24,MU7r2,multi_cluster,7.0,2,0.5421,0.5421,0.5421,0.3922,0.3037,0.0,0,1.0,24.23,0.0802,30.3
24,MU7r3,multi_cluster,7.0,3,0.364,0.364,0.364,0.2915,0.228,0.0,0,1.0,24.46,0.0727,30.5
25,RU3r1,rule_grid,3.0,1,0.6733,0.6732,0.6733,0.5214,0.6067,0.0,130,1.0,4.3,0.2122,43.7
25,RU3r2,rule_grid,3.0,2,0.3712,0.3713,0.3712,0.3347,0.4209,0.0,95,1.0,10.26,0.2116,43.6
25,RU3r3,rule_grid,3.0,3,1.0352,1.0356,1.0352,0.9098,1.0983,-0.0,55,1.0,4.19,0.2108,43.9
25,RU5r1,rule_grid,5.0,1,0.3083,0.3084,0.3083,0.2645,0.3263,0.0,40,0.8,16.62,0.0996,49.7
25,RU5r2,rule_grid,5.0,2,0.2343,0.2343,0.2343,0.1743,0.2314,0.0,95,1.0,12.38,0.0995,49.7
25,RU5r3,rule_grid,5.0,3,0.4395,0.4396,0.4395,0.3896,0.4986,0.0,55,1.0,4.61,0.0987,49.9
25,RU7r1,rule_grid,7.0,1,0.17,0.17,0.17,0.1512,0.194,-0.0,40,0.8,22.12,0.0582,52.0
25,RU7r2,rule_grid,7.0,2,0.1488,0.1488,0.1488,0.0989,0.1301,-0.0,95,1.0,12.03,0.0576,52.0
25,RU7r3,rule_grid,7.0,3,0.2532,0.2532,0.2532,0.233,0.3157,0.0,55,1.0,4.45,0.0572,52.1
25,BE3r1,belt,3.0,1,2.7829,2.7829,2.7829,2.6025,3.1296,-0.0,85,1.0,4.53,0.1291,49.3
25,BE3r2,belt,3.0,2,1.4961,1.4962,1.4961,1.3737,1.6207,0.0,85,1.0,6.55,0.1903,45.3
25,BE3r3,belt,3.0,3,2.0674,2.0674,2.0674,1.8868,2.2532,-0.0,95,1.0,2.94,0.1898,45.5
25,BE5r1,belt,5.0,1,1.0498,1.0498,1.0498,1.0357,1.346,-0.0,90,1.0,4.87,0.062,52.2
25,BE5r2,belt,5.0,2,0.5431,0.5431,0.5431,0.5246,0.6998,-0.0,70,1.0,6.08,0.0897,50.4
25,BE5r3,belt,5.0,3,0.8381,0.8381,0.8381,0.8016,1.0438,0.0,95,1.0,4.37,0.0893,50.6
25,BE7r1,belt,7.0,1,0.5456,0.5456,0.5456,0.5437,0.7395,0.0,90,1.0,4.3,0.036,53.4
25,BE7r2,belt,7.0,2,0.3106,0.3106,0.3106,0.306,0.4342,0.0,90,1.0,7.06,0.0521,52.4
25,BE7r3,belt,7.0,3,0.4684,0.4685,0.4684,0.4628,0.6301,0.0,95,1.0,4.53,0.0515,52.5
25,CL3r1,cluster,3.0,1,0.4502,0.4503,0.4502,0.4414,0.6058,-0.0,35,1.0,12.03,0.107,49.4
25,CL3r2,cluster,3.0,2,0.4835,0.4841,0.4835,0.4805,0.6461,0.0,35,1.0,3.77,0.1068,49.4
25,CL3r3,cluster,3.0,3,0.5126,0.5137,0.5126,0.466,0.6126,-0.0,130,1.0,3.81,0.1126,49.1
25,CL5r1,cluster,5.0,1,0.2456,0.2465,0.2456,0.246,0.3397,0.0,35,0.8,23.88,0.052,52.3
25,CL5r2,cluster,5.0,2,0.263,0.2637,0.263,0.2593,0.3546,-0.0,35,0.8,11.39,0.0521,52.3
25,CL5r3,cluster,5.0,3,0.2537,0.2539,0.2537,0.2453,0.3314,0.0,130,0.8,5.49,0.0543,52.2
25,CL7r1,cluster,7.0,1,0.1542,0.1542,0.1542,0.1506,0.2097,0.0,35,0.8,15.44,0.0311,53.4
25,CL7r2,cluster,7.0,2,0.1621,0.1623,0.1621,0.1624,0.2246,-0.0,35,0.8,11.39,0.0309,53.5
25,CL7r3,cluster,7.0,3,0.1618,0.1623,0.1618,0.1578,0.2168,0.0,130,0.6,5.7,0.0324,53.4
25,MU3r1,multi_cluster,3.0,1,0.6771,0.6771,0.6771,0.6011,0.7458,0.0,125,1.0,10.2,0.1518,47.0
25,MU3r2,multi_cluster,3.0,2,1.074,1.074,1.074,0.9193,1.0972,-0.0,120,1.0,6.85,0.1759,45.9
25,MU3r3,multi_cluster,3.0,3,0.6226,0.6226,0.6226,0.5115,0.6227,0.0,40,1.0,10.16,0.1577,46.7
25,MU5r1,multi_cluster,5.0,1,0.3216,0.3216,0.3216,0.3085,0.3988,0.0,120,0.8,7.67,0.073,51.2
25,MU5r2,multi_cluster,5.0,2,0.4305,0.4305,0.4305,0.3836,0.4995,0.0,115,1.0,7.28,0.0833,50.7
25,MU5r3,multi_cluster,5.0,3,0.3116,0.3116,0.3116,0.273,0.3461,-0.0,40,0.8,19.03,0.0755,51.1
25,MU7r1,multi_cluster,7.0,1,0.1869,0.187,0.1869,0.1834,0.2442,-0.0,40,0.8,8.03,0.0422,52.9
25,MU7r2,multi_cluster,7.0,2,0.2376,0.2376,0.2376,0.2233,0.3047,0.0,115,0.8,7.28,0.0482,52.5
25,MU7r3,multi_cluster,7.0,3,0.1833,0.1833,0.1833,0.1661,0.2173,0.0,40,0.8,14.6,0.0436,52.8
26,RU3r1,rule_grid,3.0,1,0.7255,0.7259,0.7255,0.6109,0.6874,0.0,0,0.8,23.8,0.2317,41.0
26,RU3r2,rule_grid,3.0,2,0.5487,0.5487,0.5487,0.5715,0.6489,0.0,85,1.0,8.76,0.2311,41.0
26,RU3r3,rule_grid,3.0,3,1.1114,1.1117,1.1114,0.9446,1.0889,-0.0,85,1.0,2.79,0.2301,41.3
26,RU5r1,rule_grid,5.0,1,0.4175,0.4177,0.4175,0.3419,0.3909,0.0,90,1.0,11.57,0.1123,47.3
26,RU5r2,rule_grid,5.0,2,0.3132,0.3132,0.3132,0.3449,0.4022,0.0,90,1.0,11.37,0.1124,47.2
26,RU5r3,rule_grid,5.0,3,0.4849,0.485,0.4849,0.4291,0.5082,-0.0,90,1.0,5.57,0.1113,47.3
26,RU7r1,rule_grid,7.0,1,0.2619,0.2619,0.2619,0.2207,0.2613,0.0,90,1.0,3.68,0.0668,49.6
26,RU7r2,rule_grid,7.0,2,0.2199,0.2199,0.2199,0.2229,0.2683,-0.0,90,1.0,11.11,0.0663,49.6
26,RU7r3,rule_grid,7.0,3,0.2799,0.2799,0.2799,0.2688,0.3339,0.0,90,1.0,6.14,0.0656,49.7
26,BE3r1,belt,3.0,1,2.4885,2.4885,2.4885,2.1856,2.5691,0.0,125,1.0,4.65,0.139,46.8
26,BE3r2,belt,3.0,2,1.411,1.4111,1.411,1.2555,1.4446,-0.0,120,1.0,5.58,0.2069,42.6
26,BE3r3,belt,3.0,3,1.7891,1.7891,1.7891,1.5244,1.7685,-0.0,135,1.0,4.65,0.2064,42.8
26,BE5r1,belt,5.0,1,0.9541,0.9541,0.9541,0.9175,1.1414,0.0,125,1.0,5.2,0.0689,49.8
26,BE5r2,belt,5.0,2,0.5701,0.5702,0.5701,0.5229,0.6597,-0.0,90,1.0,5.83,0.1007,47.9
26,BE5r3,belt,5.0,3,0.6788,0.6789,0.6788,0.6516,0.8171,0.0,135,1.0,5.36,0.1002,48.0
26,BE7r1,belt,7.0,1,0.4737,0.4737,0.4737,0.4966,0.6409,-0.0,125,1.0,5.04,0.0408,51.1
26,BE7r2,belt,7.0,2,0.3539,0.354,0.3539,0.316,0.4189,0.0,90,1.0,5.83,0.0595,50.0
26,BE7r3,belt,7.0,3,0.3487,0.3487,0.3487,0.3743,0.4827,-0.0,140,1.0,5.89,0.0588,50.1
26,CL3r1,cluster,3.0,1,0.6093,0.6094,0.6093,0.5409,0.6648,0.0,90,1.0,3.41,0.1191,47.0
26,CL3r2,cluster,3.0,2,0.5978,0.5989,0.5978,0.5672,0.7139,-0.0,90,1.0,3.13,0.1188,47.0
26,CL3r3,cluster,3.0,3,0.6256,0.6286,0.6256,0.5438,0.6739,-0.0,0,1.0,33.82,0.1251,46.7
26,CL5r1,cluster,5.0,1,0.3373,0.3383,0.3373,0.2977,0.3742,0.0,90,1.0,10.26,0.0598,50.0
26,CL5r2,cluster,5.0,2,0.3493,0.3501,0.3493,0.3246,0.4192,-0.0,90,1.0,3.73,0.0595,50.0
26,CL5r3,cluster,5.0,3,0.3556,0.3594,0.3556,0.3015,0.3856,0.0,0,1.0,28.18,0.062,49.9
26,CL7r1,cluster,7.0,1,0.2599,0.2599,0.2599,0.2318,0.2925,-0.0,90,1.0,3.72,0.0363,51.2
26,CL7r2,cluster,7.0,2,0.2496,0.2499,0.2496,0.2236,0.2845,-0.0,90,1.0,3.62,0.0359,51.2
26,CL7r3,cluster,7.0,3,0.2583,0.2583,0.2583,0.225,0.2866,0.0,0,1.0,35.15,0.0377,51.1
26,MU3r1,multi_cluster,3.0,1,0.8387,0.8387,0.8387,0.6791,0.7897,-0.0,90,1.0,9.07,0.165,44.6
26,MU3r2,multi_cluster,3.0,2,0.9937,0.9938,0.9937,0.8803,1.0207,-0.0,90,1.0,7.05,0.1914,43.3
26,MU3r3,multi_cluster,3.0,3,0.7284,0.7285,0.7284,0.5964,0.6937,0.0,90,1.0,9.85,0.1721,44.2
26,MU5r1,multi_cluster,5.0,1,0.4931,0.4932,0.4931,0.402,0.4777,-0.0,90,1.0,8.87,0.0817,48.9
26,MU5r2,multi_cluster,5.0,2,0.5315,0.5315,0.5315,0.4218,0.4943,0.0,90,1.0,8.5,0.0934,48.3
26,MU5r3,multi_cluster,5.0,3,0.4402,0.4402,0.4402,0.3628,0.4267,-0.0,90,1.0,3.73,0.0849,48.7
26,MU7r1,multi_cluster,7.0,1,0.3191,0.3191,0.3191,0.2638,0.3205,0.0,90,1.0,11.61,0.048,50.6
26,MU7r2,multi_cluster,7.0,2,0.3338,0.3338,0.3338,0.2696,0.3258,0.0,90,1.0,11.01,0.055,50.3
26,MU7r3,multi_cluster,7.0,3,0.2895,0.2896,0.2895,0.2428,0.2923,-0.0,90,1.0,3.68,0.0499,50.5
27,RU3r1,rule_grid,3.0,1,0.6677,0.6678,0.6677,0.4973,0.6236,-0.0,100,1.0,1.85,0.2031,46.8
27,RU3r2,rule_grid,3.0,2,0.7093,0.7093,0.7093,0.4508,0.5582,0.0,100,1.0,16.5,0.2025,46.8
27,RU3r3,rule_grid,3.0,3,0.5499,0.5502,0.5499,0.438,0.558,0.0,35,1.0,15.3,0.2016,46.8
27,RU5r1,rule_grid,5.0,1,0.3348,0.3349,0.3348,0.2502,0.3296,0.0,5,0.8,13.58,0.0963,52.9
27,RU5r2,rule_grid,5.0,2,0.3452,0.3452,0.3452,0.2125,0.2755,-0.0,100,1.0,17.04,0.0962,52.9
27,RU5r3,rule_grid,5.0,3,0.3382,0.3383,0.3382,0.241,0.3134,-0.0,90,1.0,14.58,0.0954,52.9
27,RU7r1,rule_grid,7.0,1,0.1909,0.191,0.1909,0.146,0.2023,0.0,5,1.0,16.14,0.0565,55.1
27,RU7r2,rule_grid,7.0,2,0.1781,0.1781,0.1781,0.1255,0.1695,-0.0,100,1.0,14.4,0.056,55.1
27,RU7r3,rule_grid,7.0,3,0.211,0.211,0.211,0.1435,0.1952,0.0,90,1.0,14.56,0.0555,55.2
27,BE3r1,belt,3.0,1,2.117,2.117,2.117,2.0088,2.5807,0.0,90,1.0,2.72,0.1211,52.3
27,BE3r2,belt,3.0,2,1.471,1.471,1.471,1.2978,1.6251,-0.0,95,1.0,2.38,0.1809,48.4
27,BE3r3,belt,3.0,3,1.4119,1.4119,1.4119,1.2081,1.5045,0.0,100,1.0,3.41,0.1804,48.4
27,BE5r1,belt,5.0,1,0.9031,0.9031,0.9031,0.8617,1.204,0.0,90,1.0,2.4,0.059,55.3
27,BE5r2,belt,5.0,2,0.6252,0.6252,0.6252,0.5618,0.7769,0.0,95,1.0,2.36,0.0863,53.6
27,BE5r3,belt,5.0,3,0.6009,0.6009,0.6009,0.5223,0.7216,0.0,100,1.0,3.59,0.0858,53.6
27,BE7r1,belt,7.0,1,0.5083,0.5084,0.5083,0.4835,0.7126,0.0,90,1.0,2.98,0.0345,56.6
27,BE7r2,belt,7.0,2,0.3586,0.3586,0.3586,0.3341,0.4918,-0.0,90,1.0,2.91,0.0504,55.5
27,BE7r3,belt,7.0,3,0.3224,0.3224,0.3224,0.3062,0.4509,0.0,100,1.0,5.42,0.0498,55.6
27,CL3r1,cluster,3.0,1,0.4087,0.4087,0.4087,0.3275,0.4704,0.0,95,1.0,22.87,0.1016,52.6
27,CL3r2,cluster,3.0,2,0.3918,0.3924,0.3918,0.3083,0.4707,0.0,95,1.0,21.37,0.1012,52.6
27,CL3r3,cluster,3.0,3,0.5166,0.5202,0.5166,0.4171,0.5976,0.0,5,1.0,17.03,0.107,52.3
27,CL5r1,cluster,5.0,1,0.2549,0.2554,0.2549,0.2068,0.317,-0.0,5,1.0,22.04,0.0504,55.5
27,CL5r2,cluster,5.0,2,0.2516,0.252,0.2516,0.1901,0.2926,0.0,5,1.0,24.02,0.0502,55.5
27,CL5r3,cluster,5.0,3,0.2804,0.2834,0.2804,0.2163,0.3239,0.0,95,1.0,21.82,0.0524,55.4
27,CL7r1,cluster,7.0,1,0.1611,0.1611,0.1611,0.1336,0.2037,-0.0,0,1.0,18.11,0.0305,56.6
27,CL7r2,cluster,7.0,2,0.1597,0.1599,0.1597,0.1296,0.195,0.0,5,1.0,17.77,0.0301,56.6
27,CL7r3,cluster,7.0,3,0.1889,0.1887,0.1889,0.1562,0.2337,0.0,5,1.0,16.5,0.0317,56.5
27,MU3r1,multi_cluster,3.0,1,0.8376,0.8376,0.8376,0.6748,0.9138,-0.0,95,1.0,1.8,0.1429,50.4
27,MU3r2,multi_cluster,3.0,2,1.2139,1.2139,1.2139,1.0451,1.3341,0.0,95,1.0,1.97,0.1668,49.2
27,MU3r3,multi_cluster,3.0,3,0.6248,0.6248,0.6248,0.4747,0.6301,0.0,5,1.0,15.05,0.1491,49.9
27,MU5r1,multi_cluster,5.0,1,0.4449,0.4449,0.4449,0.3639,0.5101,-0.0,95,1.0,3.41,0.0699,54.5
27,MU5r2,multi_cluster,5.0,2,0.5458,0.5458,0.5458,0.4737,0.6537,0.0,95,1.0,2.36,0.0801,53.9
27,MU5r3,multi_cluster,5.0,3,0.3483,0.3483,0.3483,0.2628,0.3603,-0.0,95,1.0,8.04,0.0726,54.2
27,MU7r1,multi_cluster,7.0,1,0.261,0.261,0.261,0.226,0.3281,0.0,95,1.0,3.46,0.0407,56.1
27,MU7r2,multi_cluster,7.0,2,0.3103,0.3103,0.3103,0.282,0.4111,0.0,90,1.0,3.71,0.0466,55.7
27,MU7r3,multi_cluster,7.0,3,0.207,0.2071,0.207,0.1655,0.2304,0.0,95,1.0,3.46,0.0423,55.9
28,RU3r1,rule_grid,3.0,1,0.9227,0.9227,0.9227,0.5384,0.4886,0.0,45,1.0,5.52,0.271,30.2
28,RU3r2,rule_grid,3.0,2,0.6929,0.6929,0.6929,0.4074,0.3708,0.0,125,0.8,15.72,0.2706,30.1
28,RU3r3,rule_grid,3.0,3,1.2035,1.2036,1.2035,0.8133,0.7414,0.0,140,1.0,16.7,0.2695,30.3
28,RU5r1,rule_grid,5.0,1,0.4953,0.4953,0.4953,0.3092,0.2866,0.0,135,1.0,8.35,0.1307,35.8
28,RU5r2,rule_grid,5.0,2,0.3516,0.3516,0.3516,0.2448,0.228,-0.0,125,1.0,20.71,0.1307,35.8
28,RU5r3,rule_grid,5.0,3,0.5246,0.525,0.5246,0.3688,0.3437,-0.0,140,1.0,20.54,0.1298,35.9
28,RU7r1,rule_grid,7.0,1,0.2893,0.2892,0.2893,0.2018,0.1883,0.0,135,1.0,16.23,0.0777,37.9
28,RU7r2,rule_grid,7.0,2,0.2084,0.2084,0.2084,0.1546,0.1452,0.0,125,1.0,18.19,0.0769,37.9
28,RU7r3,rule_grid,7.0,3,0.3128,0.3128,0.3128,0.2257,0.213,-0.0,145,1.0,18.07,0.0764,38.0
28,BE3r1,belt,3.0,1,3.3368,3.3369,3.3368,2.2998,2.1307,0.0,0,1.0,22.5,0.1695,35.2
28,BE3r2,belt,3.0,2,1.7474,1.7474,1.7474,1.2913,1.1846,0.0,0,1.0,25.06,0.2453,31.5
28,BE3r3,belt,3.0,3,2.3413,2.3412,2.3413,1.5519,1.4263,-0.0,0,1.0,27.29,0.2447,31.7
28,BE5r1,belt,5.0,1,1.3966,1.3966,1.3966,1.0263,0.9622,-0.0,0,1.0,22.09,0.0829,38.1
28,BE5r2,belt,5.0,2,0.8022,0.8024,0.8022,0.6118,0.5703,-0.0,0,1.0,24.93,0.1184,36.5
28,BE5r3,belt,5.0,3,0.9142,0.9143,0.9142,0.686,0.6427,-0.0,0,1.0,12.17,0.1179,36.5
28,BE7r1,belt,7.0,1,0.7822,0.7822,0.7822,0.5915,0.5598,0.0,0,1.0,21.85,0.0488,39.3
28,BE7r2,belt,7.0,2,0.5212,0.5213,0.5212,0.3967,0.3749,0.0,0,1.0,24.2,0.0698,38.4
28,BE7r3,belt,7.0,3,0.5122,0.5122,0.5122,0.402,0.3801,-0.0,0,1.0,11.99,0.0691,38.4
28,CL3r1,cluster,3.0,1,0.6001,0.6001,0.6001,0.4412,0.4141,0.0,130,1.0,14.23,0.1438,35.3
28,CL3r2,cluster,3.0,2,0.6361,0.6362,0.6361,0.4642,0.4353,0.0,135,1.0,14.9,0.1439,35.3
28,CL3r3,cluster,3.0,3,0.6481,0.6472,0.6481,0.4124,0.3833,0.0,45,1.0,9.74,0.1503,35.1
28,CL5r1,cluster,5.0,1,0.3263,0.3259,0.3263,0.2458,0.2334,-0.0,130,1.0,8.77,0.0699,38.3
28,CL5r2,cluster,5.0,2,0.3302,0.3301,0.3302,0.2547,0.241,0.0,130,1.0,15.46,0.0701,38.3
28,CL5r3,cluster,5.0,3,0.3183,0.3175,0.3183,0.2309,0.2177,0.0,45,1.0,7.34,0.0728,38.2
28,CL7r1,cluster,7.0,1,0.1904,0.1904,0.1904,0.1499,0.1424,0.0,130,1.0,16.23,0.0419,39.4
28,CL7r2,cluster,7.0,2,0.1996,0.1994,0.1996,0.1637,0.1556,-0.0,135,1.0,15.41,0.0418,39.4
28,CL7r3,cluster,7.0,3,0.1946,0.1945,0.1946,0.1533,0.1454,0.0,45,1.0,8.06,0.0436,39.3
28,MU3r1,multi_cluster,3.0,1,0.9706,0.9706,0.9706,0.6138,0.5635,0.0,45,1.0,22.49,0.1999,33.1
28,MU3r2,multi_cluster,3.0,2,1.3285,1.3285,1.3285,0.8831,0.8082,0.0,40,1.0,24.55,0.2285,32.1
28,MU3r3,multi_cluster,3.0,3,0.8684,0.8684,0.8684,0.5035,0.4605,0.0,135,1.0,20.63,0.2069,32.8
28,MU5r1,multi_cluster,5.0,1,0.501,0.501,0.501,0.3347,0.3128,0.0,45,1.0,22.7,0.097,37.2
28,MU5r2,multi_cluster,5.0,2,0.5871,0.5871,0.5871,0.447,0.4169,-0.0,0,1.0,22.69,0.1102,36.7
28,MU5r3,multi_cluster,5.0,3,0.4575,0.4576,0.4575,0.2956,0.2755,0.0,135,1.0,19.22,0.1002,37.1
28,MU7r1,multi_cluster,7.0,1,0.2989,0.2989,0.2989,0.22,0.2071,0.0,45,1.0,23.07,0.0567,38.8
28,MU7r2,multi_cluster,7.0,2,0.3998,0.3998,0.3998,0.2962,0.28,-0.0,0,1.0,23.97,0.0647,38.5
28,MU7r3,multi_cluster,7.0,3,0.2736,0.2737,0.2736,0.1964,0.1844,0.0,135,1.0,7.16,0.0586,38.7
29,RU3r1,rule_grid,3.0,1,0.5651,0.565,0.5651,0.5621,0.6447,0.0,135,1.0,4.06,0.2166,43.3
29,RU3r2,rule_grid,3.0,2,0.5175,0.5176,0.5175,0.417,0.466,-0.0,130,1.0,13.66,0.216,43.3
29,RU3r3,rule_grid,3.0,3,1.1724,1.1728,1.1724,1.0382,1.2174,0.0,60,1.0,4.9,0.2152,43.6
29,RU5r1,rule_grid,5.0,1,0.25,0.2501,0.25,0.274,0.3316,-0.0,45,0.8,13.33,0.1015,49.5
29,RU5r2,rule_grid,5.0,2,0.2278,0.2278,0.2278,0.2121,0.2523,-0.0,135,1.0,12.93,0.1014,49.5
29,RU5r3,rule_grid,5.0,3,0.4647,0.4648,0.4647,0.4626,0.5747,0.0,60,1.0,4.37,0.1006,49.6
29,RU7r1,rule_grid,7.0,1,0.1361,0.1361,0.1361,0.1535,0.1921,0.0,45,0.6,9.63,0.0592,51.7
29,RU7r2,rule_grid,7.0,2,0.1185,0.1185,0.1185,0.1199,0.1515,-0.0,135,1.0,11.74,0.0586,51.8
29,RU7r3,rule_grid,7.0,3,0.2624,0.2624,0.2624,0.2773,0.364,0.0,60,1.0,4.4,0.0582,51.9
29,BE3r1,belt,3.0,1,2.7847,2.7847,2.7847,2.4587,2.9339,0.0,100,1.0,4.15,0.1315,49.0
29,BE3r2,belt,3.0,2,1.6493,1.6493,1.6493,1.4053,1.6415,0.0,100,1.0,4.95,0.1942,45.0
29,BE3r3,belt,3.0,3,1.912,1.912,1.912,1.8544,2.1817,0.0,80,1.0,3.12,0.1936,45.1
29,BE5r1,belt,5.0,1,1.0969,1.0969,1.0969,0.9902,1.2735,0.0,100,1.0,3.34,0.0632,52.0
29,BE5r2,belt,5.0,2,0.612,0.6121,0.612,0.5604,0.7297,-0.0,100,1.0,8.54,0.0914,50.2
29,BE5r3,belt,5.0,3,0.7709,0.7709,0.7709,0.7759,0.9933,0.0,90,1.0,3.65,0.091,50.3
29,BE7r1,belt,7.0,1,0.5709,0.5709,0.5709,0.5257,0.7084,0.0,100,1.0,3.62,0.0367,53.2
29,BE7r2,belt,7.0,2,0.3409,0.3409,0.3409,0.3216,0.4451,0.0,100,1.0,8.09,0.053,52.2
29,BE7r3,belt,7.0,3,0.4417,0.4417,0.4417,0.4434,0.5906,0.0,90,1.0,3.65,0.0524,52.3
29,CL3r1,cluster,3.0,1,0.2985,0.2985,0.2985,0.3602,0.4692,-0.0,140,0.8,15.65,0.1091,49.1
29,CL3r2,cluster,3.0,2,0.3218,0.3218,0.3218,0.4113,0.535,0.0,45,1.0,4.92,0.109,49.1
29,CL3r3,cluster,3.0,3,0.3957,0.3967,0.3957,0.4972,0.6359,0.0,135,1.0,3.9,0.1149,48.8
29,CL5r1,cluster,5.0,1,0.2003,0.201,0.2003,0.198,0.2631,0.0,20,0.6,14.48,0.0529,52.1
29,CL5r2,cluster,5.0,2,0.1834,0.184,0.1834,0.2201,0.2922,-0.0,20,0.8,4.69,0.053,52.1
29,CL5r3,cluster,5.0,3,0.1936,0.1939,0.1936,0.2571,0.3401,-0.0,140,0.8,3.98,0.0552,52.0
29,CL7r1,cluster,7.0,1,0.108,0.108,0.108,0.1332,0.1768,-0.0,20,0.6,16.02,0.0316,53.2
29,CL7r2,cluster,7.0,2,0.1103,0.1105,0.1103,0.1418,0.19,0.0,20,0.8,4.84,0.0314,53.3
29,CL7r3,cluster,7.0,3,0.1207,0.1212,0.1207,0.1639,0.2208,-0.0,135,0.6,4.25,0.0329,53.2
29,MU3r1,multi_cluster,3.0,1,0.5771,0.5772,0.5771,0.6282,0.7611,0.0,50,1.0,10.2,0.1549,46.7
29,MU3r2,multi_cluster,3.0,2,1.1567,1.1567,1.1567,0.9796,1.1593,0.0,100,1.0,8.84,0.1795,45.6
29,MU3r3,multi_cluster,3.0,3,0.5026,0.5027,0.5026,0.5484,0.654,-0.0,45,1.0,9.64,0.161,46.3
29,MU5r1,multi_cluster,5.0,1,0.2862,0.2862,0.2862,0.3215,0.4073,-0.0,50,1.0,11.23,0.0744,51.0
29,MU5r2,multi_cluster,5.0,2,0.4504,0.4504,0.4504,0.4005,0.524,-0.0,100,1.0,10.55,0.0849,50.5
29,MU5r3,multi_cluster,5.0,3,0.2418,0.2418,0.2418,0.2862,0.3557,0.0,45,0.8,10.59,0.077,50.8
29,MU7r1,multi_cluster,7.0,1,0.1658,0.1658,0.1658,0.1904,0.2492,0.0,110,0.8,12.01,0.0429,52.7
29,MU7r2,multi_cluster,7.0,2,0.2563,0.2563,0.2563,0.2347,0.3136,0.0,110,1.0,10.32,0.0491,52.4
29,MU7r3,multi_cluster,7.0,3,0.1419,0.1419,0.1419,0.1706,0.2186,-0.0,45,0.6,13.16,0.0444,52.6
30,RU3r1,rule_grid,3.0,1,0.4086,0.4091,0.4086,0.4103,0.4338,0.0,90,1.0,19.09,0.2453,39.0
30,RU3r2,rule_grid,3.0,2,0.4039,0.404,0.4039,0.3741,0.4062,0.0,85,0.8,10.68,0.2448,39.0
30,RU3r3,rule_grid,3.0,3,0.7212,0.7218,0.7212,0.6994,0.7603,0.0,85,0.8,9.47,0.2437,39.2
30,RU5r1,rule_grid,5.0,1,0.2889,0.2891,0.2889,0.251,0.2719,0.0,90,0.8,10.11,0.1198,45.4
30,RU5r2,rule_grid,5.0,2,0.25,0.2501,0.25,0.22,0.2439,0.0,125,1.0,16.26,0.1199,45.4
30,RU5r3,rule_grid,5.0,3,0.3345,0.3347,0.3345,0.3428,0.3831,0.0,110,1.0,8.86,0.1187,45.5
30,RU7r1,rule_grid,7.0,1,0.2021,0.2021,0.2021,0.1659,0.1851,0.0,90,1.0,5.38,0.0716,47.9
30,RU7r2,rule_grid,7.0,2,0.1546,0.1546,0.1546,0.1419,0.1605,-0.0,125,1.0,15.04,0.071,47.9
30,RU7r3,rule_grid,7.0,3,0.2335,0.2336,0.2335,0.2282,0.266,-0.0,110,1.0,4.81,0.0703,48.0
30,BE3r1,belt,3.0,1,2.1653,2.1653,2.1653,1.865,2.0667,0.0,135,1.0,5.03,0.1474,44.8
30,BE3r2,belt,3.0,2,1.301,1.301,1.301,1.0369,1.1232,0.0,145,1.0,7.83,0.2193,40.7
30,BE3r3,belt,3.0,3,1.7424,1.7425,1.7424,1.3581,1.4869,0.0,125,1.0,3.07,0.2187,40.9
30,BE5r1,belt,5.0,1,0.8277,0.8278,0.8277,0.7862,0.9119,-0.0,135,1.0,5.38,0.0736,48.1
30,BE5r2,belt,5.0,2,0.5187,0.5188,0.5187,0.437,0.507,-0.0,105,1.0,6.88,0.1075,46.2
30,BE5r3,belt,5.0,3,0.7874,0.7875,0.7874,0.6202,0.7234,0.0,125,1.0,5.03,0.1069,46.3
30,BE7r1,belt,7.0,1,0.449,0.449,0.449,0.429,0.5141,0.0,105,1.0,5.94,0.0437,49.5
30,BE7r2,belt,7.0,2,0.3171,0.3172,0.3171,0.2592,0.3176,0.0,90,1.0,7.04,0.0637,48.4
30,BE7r3,belt,7.0,3,0.4404,0.4405,0.4404,0.3685,0.4446,0.0,125,1.0,5.91,0.063,48.5
30,CL3r1,cluster,3.0,1,0.3258,0.3258,0.3258,0.3565,0.4057,-0.0,90,0.6,14.79,0.1273,45.1
30,CL3r2,cluster,3.0,2,0.3468,0.3473,0.3468,0.3604,0.4157,0.0,90,0.6,9.96,0.127,45.1
30,CL3r3,cluster,3.0,3,0.378,0.3855,0.378,0.3385,0.3888,0.0,5,0.6,31.06,0.1335,44.8
30,CL5r1,cluster,5.0,1,0.1933,0.1947,0.1933,0.2016,0.2346,0.0,90,0.8,13.92,0.0641,48.3
30,CL5r2,cluster,5.0,2,0.2214,0.2226,0.2214,0.2219,0.2608,0.0,90,1.0,10.55,0.0638,48.3
30,CL5r3,cluster,5.0,3,0.2243,0.2301,0.2243,0.2049,0.2401,0.0,0,0.6,30.76,0.0665,48.2
30,CL7r1,cluster,7.0,1,0.1712,0.1712,0.1712,0.1647,0.1932,-0.0,90,1.0,15.33,0.039,49.6
30,CL7r2,cluster,7.0,2,0.1736,0.174,0.1736,0.165,0.1956,0.0,90,1.0,11.99,0.0385,49.6
30,CL7r3,cluster,7.0,3,0.1756,0.1756,0.1756,0.1588,0.1882,0.0,0,1.0,25.37,0.0405,49.5
30,MU3r1,multi_cluster,3.0,1,0.5769,0.577,0.5769,0.4808,0.5383,0.0,100,1.0,13.78,0.1754,42.7
30,MU3r2,multi_cluster,3.0,2,0.9066,0.9066,0.9066,0.7578,0.8281,-0.0,145,1.0,9.09,0.2031,41.4
30,MU3r3,multi_cluster,3.0,3,0.4239,0.4239,0.4239,0.3955,0.4294,-0.0,90,1.0,4.85,0.1829,42.2
30,MU5r1,multi_cluster,5.0,1,0.3581,0.3582,0.3581,0.2979,0.3337,0.0,90,1.0,12.99,0.0872,47.2
30,MU5r2,multi_cluster,5.0,2,0.4221,0.4221,0.4221,0.3385,0.3933,0.0,100,1.0,11.49,0.0997,46.5
30,MU5r3,multi_cluster,5.0,3,0.2927,0.2927,0.2927,0.2562,0.2833,0.0,90,0.6,5.46,0.0906,47.0
30,MU7r1,multi_cluster,7.0,1,0.2475,0.2476,0.2475,0.2002,0.229,0.0,90,1.0,11.51,0.0514,49.0
30,MU7r2,multi_cluster,7.0,2,0.2843,0.2843,0.2843,0.2182,0.2493,0.0,90,1.0,7.53,0.0589,48.6
30,MU7r3,multi_cluster,7.0,3,0.2088,0.2089,0.2088,0.1771,0.2002,-0.0,90,1.0,7.33,0.0534,48.8
31,RU3r1,rule_grid,3.0,1,0.4993,0.4993,0.4993,0.3508,0.4196,0.0,155,1.0,13.62,0.2216,41.8
31,RU3r2,rule_grid,3.0,2,0.4267,0.4268,0.4267,0.4653,0.5543,0.0,85,0.8,9.97,0.221,41.8
31,RU3r3,rule_grid,3.0,3,0.8219,0.8224,0.8219,0.6982,0.8596,0.0,75,1.0,4.08,0.22,42.0
31,RU5r1,rule_grid,5.0,1,0.2352,0.2354,0.2352,0.2019,0.2503,-0.0,65,1.0,8.9,0.1078,47.8
31,RU5r2,rule_grid,5.0,2,0.24,0.24,0.24,0.2732,0.3342,0.0,90,0.8,16.86,0.1078,47.8
31,RU5r3,rule_grid,5.0,3,0.319,0.3191,0.319,0.3109,0.4019,0.0,75,1.0,6.67,0.1068,47.9
31,RU7r1,rule_grid,7.0,1,0.1766,0.1766,0.1766,0.1257,0.1602,-0.0,90,1.0,9.69,0.0643,50.1
31,RU7r2,rule_grid,7.0,2,0.1638,0.1638,0.1638,0.175,0.2211,0.0,90,0.8,12.82,0.0638,50.1
31,RU7r3,rule_grid,7.0,3,0.1849,0.1849,0.1849,0.2053,0.2661,0.0,85,1.0,6.28,0.0632,50.2
31,BE3r1,belt,3.0,1,1.5924,1.5925,1.5924,1.6569,2.0685,0.0,140,1.0,7.22,0.1333,47.1
31,BE3r2,belt,3.0,2,1.1113,1.1112,1.1113,0.9772,1.1961,0.0,150,1.0,8.11,0.1981,43.3
31,BE3r3,belt,3.0,3,1.2314,1.2315,1.2314,1.1979,1.4815,-0.0,125,1.0,6.83,0.1976,43.4
31,BE5r1,belt,5.0,1,0.6113,0.6113,0.6113,0.7148,0.9356,0.0,90,1.0,7.78,0.0662,50.2
31,BE5r2,belt,5.0,2,0.4273,0.4274,0.4273,0.4176,0.5514,0.0,90,1.0,8.72,0.0967,48.5
31,BE5r3,belt,5.0,3,0.4445,0.4446,0.4445,0.5351,0.7035,0.0,135,1.0,8.04,0.0961,48.5
31,BE7r1,belt,7.0,1,0.3776,0.3776,0.3776,0.3897,0.5264,0.0,90,1.0,7.58,0.0392,51.5
31,BE7r2,belt,7.0,2,0.2915,0.2915,0.2915,0.2487,0.3432,0.0,90,1.0,8.74,0.0572,50.5
31,BE7r3,belt,7.0,3,0.2801,0.2801,0.2801,0.3113,0.4222,-0.0,90,1.0,7.91,0.0566,50.6
31,CL3r1,cluster,3.0,1,0.3186,0.3187,0.3186,0.3051,0.4145,0.0,70,1.0,9.42,0.1144,47.5
31,CL3r2,cluster,3.0,2,0.3201,0.3214,0.3201,0.319,0.4304,0.0,70,1.0,6.64,0.114,47.5
31,CL3r3,cluster,3.0,3,0.3269,0.3285,0.3269,0.2821,0.3711,0.0,160,1.0,26.93,0.1199,47.2
31,CL5r1,cluster,5.0,1,0.1821,0.1827,0.1821,0.1808,0.2453,0.0,90,1.0,16.91,0.0575,50.5
31,CL5r2,cluster,5.0,2,0.2054,0.2058,0.2054,0.1835,0.2503,0.0,90,1.0,9.17,0.0573,50.5
31,CL5r3,cluster,5.0,3,0.1974,0.1998,0.1974,0.1572,0.2108,0.0,0,1.0,26.34,0.0597,50.4
31,CL7r1,cluster,7.0,1,0.1627,0.1627,0.1627,0.1219,0.1577,0.0,90,1.0,12.36,0.035,51.7
31,CL7r2,cluster,7.0,2,0.162,0.1622,0.162,0.121,0.1584,-0.0,90,1.0,10.14,0.0346,51.7
31,CL7r3,cluster,7.0,3,0.1609,0.1608,0.1609,0.1146,0.1508,-0.0,0,1.0,25.28,0.0363,51.6
31,MU3r1,multi_cluster,3.0,1,0.5257,0.5258,0.5257,0.453,0.5694,0.0,155,1.0,10.18,0.158,45.2
31,MU3r2,multi_cluster,3.0,2,0.8699,0.8699,0.8699,0.6937,0.8504,0.0,150,1.0,8.34,0.1833,44.0
31,MU3r3,multi_cluster,3.0,3,0.4251,0.4252,0.4251,0.3259,0.4026,0.0,65,1.0,13.56,0.1648,44.8
31,MU5r1,multi_cluster,5.0,1,0.3125,0.3125,0.3125,0.269,0.3471,-0.0,90,1.0,9.83,0.0785,49.4
31,MU5r2,multi_cluster,5.0,2,0.3751,0.3751,0.3751,0.3398,0.4355,-0.0,90,1.0,9.83,0.0897,48.8
31,MU5r3,multi_cluster,5.0,3,0.2448,0.2448,0.2448,0.2024,0.2556,-0.0,90,1.0,9.54,0.0815,49.2
31,MU7r1,multi_cluster,7.0,1,0.2239,0.2239,0.2239,0.1716,0.2263,0.0,90,1.0,10.65,0.0462,51.1
31,MU7r2,multi_cluster,7.0,2,0.259,0.259,0.259,0.2104,0.2779,0.0,90,1.0,9.83,0.0529,50.8
31,MU7r3,multi_cluster,7.0,3,0.1856,0.1857,0.1856,0.1315,0.1694,0.0,90,1.0,7.92,0.048,51.0
32,RU3r1,rule_grid,3.0,1,3.7468,3.7468,3.7468,2.0315,1.541,0.0,35,1.0,6.34,0.3174,24.7
32,RU3r2,rule_grid,3.0,2,3.645,3.6453,3.645,1.8744,1.4387,0.0,105,1.0,9.33,0.3169,24.7
32,RU3r3,rule_grid,3.0,3,4.8396,4.8399,4.8396,2.8991,2.1745,0.0,90,1.0,1.19,0.3157,25.0
32,RU5r1,rule_grid,5.0,1,1.7683,1.7686,1.7683,1.0397,0.7745,-0.0,35,1.0,6.0,0.1563,29.9
32,RU5r2,rule_grid,5.0,2,1.775,1.7752,1.775,0.9869,0.7255,-0.0,40,1.0,12.59,0.1563,29.9
32,RU5r3,rule_grid,5.0,3,2.1392,2.1398,2.1392,1.3986,1.0317,0.0,90,1.0,4.72,0.1554,30.1
32,RU7r1,rule_grid,7.0,1,1.0037,1.0037,1.0037,0.6092,0.4468,0.0,40,1.0,12.85,0.094,31.9
32,RU7r2,rule_grid,7.0,2,1.0149,1.015,1.0149,0.6099,0.4508,-0.0,105,1.0,14.09,0.0929,31.9
32,RU7r3,rule_grid,7.0,3,1.2568,1.2569,1.2568,0.8591,0.6256,0.0,90,1.0,1.59,0.0924,32.0
32,BE3r1,belt,3.0,1,9.0577,9.0577,9.0577,6.4181,4.8224,-0.0,125,1.0,0.61,0.2031,30.3
32,BE3r2,belt,3.0,2,6.8938,6.8938,6.8938,4.3922,3.3008,-0.0,125,1.0,0.79,0.2891,26.5
32,BE3r3,belt,3.0,3,6.3787,6.3786,6.3787,4.0499,3.057,0.0,150,1.0,5.68,0.2885,26.4
32,BE5r1,belt,5.0,1,4.1768,4.177,4.1768,3.0142,2.211,0.0,125,1.0,0.71,0.1004,32.7
32,BE5r2,belt,5.0,2,3.1647,3.1647,3.1647,2.0977,1.5361,-0.0,130,1.0,0.77,0.142,30.9
32,BE5r3,belt,5.0,3,2.8376,2.8376,2.8376,1.9427,1.4267,0.0,150,1.0,6.52,0.1415,30.8
32,BE7r1,belt,7.0,1,2.3657,2.3657,2.3657,1.7321,1.2609,0.0,125,1.0,0.77,0.0597,33.6
32,BE7r2,belt,7.0,2,1.8726,1.8727,1.8726,1.2867,0.9317,0.0,130,1.0,0.98,0.0846,32.5
32,BE7r3,belt,7.0,3,1.6327,1.6327,1.6327,1.1607,0.8417,-0.0,150,1.0,6.52,0.0839,32.5
32,CL3r1,cluster,3.0,1,3.1025,3.1026,3.1025,1.9988,1.4202,-0.0,35,1.0,4.5,0.175,29.7
32,CL3r2,cluster,3.0,2,2.8579,2.8646,2.8579,1.8343,1.3056,0.0,35,1.0,5.82,0.175,29.6
32,CL3r3,cluster,3.0,3,2.7131,2.7171,2.7131,1.6938,1.2304,0.0,35,1.0,15.55,0.1816,29.3
32,CL5r1,cluster,5.0,1,1.56,1.5663,1.56,1.0706,0.774,-0.0,35,1.0,4.51,0.0847,32.4
32,CL5r2,cluster,5.0,2,1.4683,1.4777,1.4683,0.9944,0.7199,-0.0,35,1.0,6.43,0.085,32.4
32,CL5r3,cluster,5.0,3,1.3676,1.3664,1.3676,0.9049,0.6591,0.0,35,1.0,19.38,0.0882,32.2
32,CL7r1,cluster,7.0,1,0.9107,0.9107,0.9107,0.6374,0.4609,-0.0,35,1.0,5.66,0.0508,33.4
32,CL7r2,cluster,7.0,2,0.8676,0.8701,0.8676,0.6043,0.4375,0.0,35,1.0,6.43,0.0507,33.4
32,CL7r3,cluster,7.0,3,0.8382,0.841,0.8382,0.5753,0.4178,0.0,35,1.0,19.38,0.053,33.3
32,MU3r1,multi_cluster,3.0,1,4.3409,4.341,4.3409,2.6523,1.9536,-0.0,125,1.0,0.71,0.239,27.7
32,MU3r2,multi_cluster,3.0,2,5.8358,5.8362,5.8358,3.6686,2.7419,0.0,125,1.0,0.79,0.2707,26.9
32,MU3r3,multi_cluster,3.0,3,3.4509,3.451,3.4509,1.9584,1.4595,0.0,35,1.0,20.64,0.2467,27.2
32,MU5r1,multi_cluster,5.0,1,2.135,2.135,2.135,1.3653,1.0023,0.0,125,1.0,3.92,0.117,31.4
32,MU5r2,multi_cluster,5.0,2,2.7095,2.7095,2.7095,1.7763,1.3042,0.0,130,1.0,0.77,0.1325,31.1
32,MU5r3,multi_cluster,5.0,3,1.7037,1.7038,1.7037,1.0327,0.7653,0.0,35,1.0,12.42,0.1207,31.2
32,MU7r1,multi_cluster,7.0,1,1.2455,1.2456,1.2455,0.8287,0.6038,0.0,125,1.0,3.87,0.069,32.9
32,MU7r2,multi_cluster,7.0,2,1.5982,1.5981,1.5982,1.0866,0.7894,0.0,130,1.0,0.77,0.0786,32.6
32,MU7r3,multi_cluster,7.0,3,0.9969,0.9969,0.9969,0.6328,0.4635,0.0,125,1.0,13.89,0.0712,32.7
33,RU3r1,rule_grid,3.0,1,2.8914,2.8913,2.8914,1.6464,1.3131,0.0,30,1.0,1.96,0.3299,24.2
33,RU3r2,rule_grid,3.0,2,2.9807,2.9806,2.9807,1.5054,1.1811,0.0,25,1.0,10.32,0.3296,24.2
33,RU3r3,rule_grid,3.0,3,3.1757,3.1762,3.1757,1.8506,1.4492,0.0,90,1.0,8.92,0.3281,24.3
33,RU5r1,rule_grid,5.0,1,1.4021,1.4022,1.4021,0.8346,0.6644,0.0,35,1.0,2.08,0.167,29.6
33,RU5r2,rule_grid,5.0,2,1.5506,1.5509,1.5506,0.8417,0.6546,0.0,25,1.0,10.44,0.1673,29.7
33,RU5r3,rule_grid,5.0,3,1.4325,1.4351,1.4325,0.9679,0.7576,-0.0,90,1.0,14.66,0.1658,29.7
33,RU7r1,rule_grid,7.0,1,0.817,0.8171,0.817,0.4959,0.3882,0.0,35,1.0,12.94,0.1019,31.8
33,RU7r2,rule_grid,7.0,2,0.8772,0.8772,0.8772,0.4998,0.3868,0.0,25,1.0,11.61,0.101,31.8
33,RU7r3,rule_grid,7.0,3,0.841,0.8411,0.841,0.6305,0.4878,-0.0,90,1.0,12.09,0.1001,31.8
33,BE3r1,belt,3.0,1,8.1532,8.1532,8.1532,5.4938,4.3871,0.0,120,1.0,1.42,0.2053,30.2
33,BE3r2,belt,3.0,2,5.8452,5.8453,5.8452,3.6608,2.9074,0.0,120,1.0,1.56,0.2985,26.1
33,BE3r3,belt,3.0,3,4.6032,4.6035,4.6032,3.1035,2.4843,0.0,100,1.0,5.62,0.2977,25.8
33,BE5r1,belt,5.0,1,3.7609,3.7611,3.7609,2.598,2.0339,-0.0,120,1.0,1.71,0.1048,32.6
33,BE5r2,belt,5.0,2,2.6676,2.6675,2.6676,1.7506,1.3644,-0.0,120,1.0,2.08,0.1506,30.6
33,BE5r3,belt,5.0,3,2.199,2.199,2.199,1.4735,1.1513,-0.0,95,1.0,4.87,0.1501,30.5
33,BE7r1,belt,7.0,1,2.1721,2.1721,2.1721,1.5168,1.1784,-0.0,115,1.0,1.84,0.0631,33.6
33,BE7r2,belt,7.0,2,1.5918,1.5919,1.5918,1.0867,0.8397,0.0,120,1.0,2.08,0.091,32.4
33,BE7r3,belt,7.0,3,1.2824,1.2825,1.2824,0.8947,0.6925,0.0,95,1.0,4.9,0.0901,32.3
33,CL3r1,cluster,3.0,1,2.683,2.6831,2.683,1.6812,1.2717,-0.0,30,1.0,1.19,0.182,29.5
33,CL3r2,cluster,3.0,2,2.5194,2.5205,2.5194,1.5555,1.1773,0.0,30,1.0,1.02,0.182,29.4
33,CL3r3,cluster,3.0,3,2.6225,2.6264,2.6225,1.6772,1.2868,0.0,25,1.0,8.13,0.1892,29.2
33,CL5r1,cluster,5.0,1,1.4357,1.4448,1.4357,0.9402,0.7234,0.0,30,1.0,1.84,0.0917,32.3
33,CL5r2,cluster,5.0,2,1.3665,1.3767,1.3665,0.8872,0.6829,0.0,30,1.0,1.93,0.0917,32.3
33,CL5r3,cluster,5.0,3,1.3403,1.3362,1.3403,0.895,0.6911,0.0,25,1.0,1.93,0.0951,32.2
33,CL7r1,cluster,7.0,1,0.8725,0.8725,0.8725,0.5839,0.4528,-0.0,25,1.0,1.93,0.0558,33.4
33,CL7r2,cluster,7.0,2,0.8272,0.8299,0.8272,0.5547,0.4303,-0.0,25,1.0,1.93,0.0554,33.4
33,CL7r3,cluster,7.0,3,0.8691,0.8736,0.8691,0.5926,0.4595,0.0,25,1.0,1.93,0.058,33.3
33,MU3r1,multi_cluster,3.0,1,3.7832,3.7832,3.7832,2.3862,1.8472,-0.0,120,1.0,1.84,0.2448,27.5
33,MU3r2,multi_cluster,3.0,2,4.9705,4.9707,4.9705,3.1153,2.4534,0.0,120,1.0,1.56,0.2787,26.6
33,MU3r3,multi_cluster,3.0,3,2.8925,2.8927,2.8925,1.7358,1.3573,-0.0,30,1.0,1.84,0.2543,26.9
33,MU5r1,multi_cluster,5.0,1,1.8765,1.8766,1.8765,1.238,0.9678,0.0,120,1.0,2.08,0.1233,31.3
33,MU5r2,multi_cluster,5.0,2,2.3018,2.302,2.3018,1.5068,1.1787,-0.0,120,1.0,2.08,0.1401,30.9
33,MU5r3,multi_cluster,5.0,3,1.4451,1.4451,1.4451,0.9193,0.7238,-0.0,30,1.0,2.08,0.1277,31.0
33,MU7r1,multi_cluster,7.0,1,1.1201,1.1203,1.1201,0.7578,0.5895,-0.0,115,1.0,2.08,0.0736,32.9
33,MU7r2,multi_cluster,7.0,2,1.365,1.3652,1.365,0.9262,0.7181,0.0,120,1.0,2.08,0.0842,32.6
33,MU7r3,multi_cluster,7.0,3,0.8696,0.8696,0.8696,0.5738,0.4476,-0.0,30,1.0,9.58,0.0763,32.7
34,RU3r1,rule_grid,3.0,1,4.2755,4.2756,4.2755,3.8493,5.1116,-0.0,90,1.0,16.88,0.158,54.2
34,RU3r2,rule_grid,3.0,2,4.6394,4.6394,4.6394,4.0237,5.4083,-0.0,95,1.0,1.04,0.1571,54.5
34,RU3r3,rule_grid,3.0,3,5.4664,5.4665,5.4664,4.8518,6.5792,0.0,90,1.0,-0.0,0.1571,54.9
34,RU5r1,rule_grid,5.0,1,1.7746,1.7746,1.7746,1.7329,2.6344,0.0,90,1.0,4.82,0.0671,58.7
34,RU5r2,rule_grid,5.0,2,1.9014,1.9014,1.9014,1.6774,2.5468,-0.0,90,1.0,1.02,0.0667,58.8
34,RU5r3,rule_grid,5.0,3,2.1911,2.191,2.1911,2.0179,3.099,0.0,90,1.0,-0.0,0.0665,58.9
34,RU7r1,rule_grid,7.0,1,0.9508,0.9508,0.9508,0.9506,1.5328,0.0,90,1.0,4.85,0.0374,60.0
34,RU7r2,rule_grid,7.0,2,1.0242,1.0242,1.0242,0.9096,1.4724,0.0,90,1.0,0.79,0.0368,60.1
34,RU7r3,rule_grid,7.0,3,1.1998,1.1998,1.1998,1.1281,1.8537,0.0,90,1.0,-0.0,0.0368,60.2
34,BE3r1,belt,3.0,1,6.5715,6.5715,6.5715,6.6256,9.9357,0.0,175,1.0,13.74,0.0989,59.3
34,BE3r2,belt,3.0,2,5.8985,5.8985,5.8985,5.5484,7.7661,0.0,175,1.0,17.31,0.1425,56.1
34,BE3r3,belt,3.0,3,6.7607,6.7607,6.7607,6.2911,8.9012,-0.0,150,1.0,0.0,0.1419,56.6
34,BE5r1,belt,5.0,1,2.7484,2.7484,2.7484,2.8436,4.7282,0.0,175,1.0,13.26,0.043,60.8
34,BE5r2,belt,5.0,2,2.3877,2.3877,2.3877,2.3789,3.7678,-0.0,175,1.0,23.59,0.061,59.4
34,BE5r3,belt,5.0,3,2.7273,2.7273,2.7273,2.6146,4.1627,0.0,150,1.0,0.46,0.0606,59.6
34,BE7r1,belt,7.0,1,1.4972,1.4972,1.4972,1.5814,2.7497,-0.0,175,1.0,18.65,0.0239,61.2
34,BE7r2,belt,7.0,2,1.3162,1.3162,1.3162,1.359,2.287,-0.0,175,1.0,23.91,0.0338,60.5
34,BE7r3,belt,7.0,3,1.4784,1.4784,1.4784,1.4464,2.4494,0.0,150,1.0,0.0,0.0334,60.6
34,CL3r1,cluster,3.0,1,3.0388,3.0388,3.0388,2.9658,4.8321,-0.0,90,1.0,0.46,0.0756,58.9
34,CL3r2,cluster,3.0,2,2.9772,2.9768,2.9772,2.9101,4.7569,0.0,90,1.0,0.61,0.0755,58.8
34,CL3r3,cluster,3.0,3,2.762,2.7639,2.762,2.6673,4.1927,-0.0,0,1.0,2.71,0.08,58.4
34,CL5r1,cluster,5.0,1,1.4308,1.4301,1.4308,1.4404,2.4648,0.0,90,1.0,0.46,0.0337,60.6
34,CL5r2,cluster,5.0,2,1.4325,1.4335,1.4325,1.4387,2.4592,0.0,90,1.0,-0.0,0.0339,60.5
34,CL5r3,cluster,5.0,3,1.2936,1.2938,1.2936,1.2883,2.1554,0.0,0,1.0,2.71,0.0354,60.4
34,CL7r1,cluster,7.0,1,0.8582,0.8582,0.8582,0.8744,1.5343,0.0,90,1.0,-0.0,0.0194,61.1
34,CL7r2,cluster,7.0,2,0.8475,0.848,0.8475,0.8632,1.5164,0.0,90,1.0,-0.0,0.0194,61.1
34,CL7r3,cluster,7.0,3,0.7801,0.7802,0.7801,0.7887,1.3671,-0.0,0,1.0,2.71,0.0203,61.0
34,MU3r1,multi_cluster,3.0,1,4.1483,4.1483,4.1483,3.799,5.4986,-0.0,0,1.0,17.31,0.1139,57.0
34,MU3r2,multi_cluster,3.0,2,5.1115,5.1115,5.1115,4.8362,6.833,-0.0,175,1.0,29.27,0.1319,56.4
34,MU3r3,multi_cluster,3.0,3,3.7926,3.7926,3.7926,3.4408,4.8275,-0.0,0,1.0,10.27,0.1174,56.6
34,MU5r1,multi_cluster,5.0,1,1.8613,1.8613,1.8613,1.823,2.908,0.0,0,1.0,29.27,0.0499,59.8
34,MU5r2,multi_cluster,5.0,2,2.136,2.136,2.136,2.1442,3.3946,-0.0,175,1.0,29.85,0.0568,59.5
34,MU5r3,multi_cluster,5.0,3,1.7025,1.7025,1.7025,1.6241,2.5356,0.0,90,1.0,0.61,0.0513,59.6
34,MU7r1,multi_cluster,7.0,1,1.0465,1.0465,1.0465,1.0509,1.7624,-0.0,0,1.0,22.85,0.0276,60.7
34,MU7r2,multi_cluster,7.0,2,1.1787,1.1788,1.1787,1.228,2.0595,0.0,175,1.0,37.21,0.0314,60.5
34,MU7r3,multi_cluster,7.0,3,0.9549,0.9548,0.9549,0.9382,1.5457,-0.0,90,1.0,0.61,0.0284,60.6
35,RU3r1,rule_grid,3.0,1,3.3467,3.3472,3.3467,2.0673,1.6497,0.0,70,1.0,1.04,0.3282,27.8
35,RU3r2,rule_grid,3.0,2,2.7607,2.7605,2.7607,1.7398,1.3797,-0.0,65,1.0,1.42,0.3278,27.7
35,RU3r3,rule_grid,3.0,3,2.8813,2.8817,2.8813,1.7651,1.4042,0.0,70,1.0,14.67,0.3264,27.8
35,RU5r1,rule_grid,5.0,1,1.6304,1.6302,1.6304,1.0929,0.8693,0.0,70,1.0,16.09,0.1654,34.0
35,RU5r2,rule_grid,5.0,2,1.3729,1.3732,1.3729,0.9164,0.7258,-0.0,65,1.0,6.59,0.1658,33.9
35,RU5r3,rule_grid,5.0,3,1.2995,1.2996,1.2995,0.8633,0.6859,-0.0,70,1.0,18.4,0.1642,33.9
35,RU7r1,rule_grid,7.0,1,0.9242,0.9244,0.9242,0.648,0.507,0.0,160,1.0,1.57,0.1007,36.3
35,RU7r2,rule_grid,7.0,2,0.7751,0.7751,0.7751,0.5482,0.4294,0.0,65,1.0,9.33,0.0997,36.3
35,RU7r3,rule_grid,7.0,3,0.7342,0.7343,0.7342,0.5218,0.4094,0.0,175,1.0,19.83,0.0989,36.3
35,BE3r1,belt,3.0,1,3.9115,3.9116,3.9115,2.8194,2.3222,0.0,155,1.0,12.61,0.2036,33.1
35,BE3r2,belt,3.0,2,3.75,3.7505,3.75,2.338,1.9045,0.0,160,1.0,12.99,0.2966,29.2
35,BE3r3,belt,3.0,3,2.6178,2.6179,2.6178,1.8576,1.528,0.0,140,1.0,10.38,0.2959,28.9
35,BE5r1,belt,5.0,1,1.9174,1.9175,1.9174,1.47,1.1688,-0.0,75,1.0,12.83,0.1037,36.6
35,BE5r2,belt,5.0,2,1.698,1.6979,1.698,1.2226,0.9713,-0.0,160,1.0,13.12,0.1492,34.6
35,BE5r3,belt,5.0,3,1.3223,1.3223,1.3223,0.9594,0.7638,0.0,70,1.0,10.4,0.1487,34.5
35,BE7r1,belt,7.0,1,1.1732,1.1732,1.1732,0.9128,0.7166,0.0,75,1.0,13.48,0.0623,38.0
35,BE7r2,belt,7.0,2,1.0134,1.0135,1.0134,0.7385,0.5776,0.0,75,1.0,13.61,0.0899,36.8
35,BE7r3,belt,7.0,3,0.7985,0.7985,0.7985,0.5941,0.4656,0.0,70,1.0,8.09,0.089,36.8
35,CL3r1,cluster,3.0,1,2.5571,2.5573,2.5571,1.8086,1.3949,0.0,70,1.0,0.61,0.1801,33.7
35,CL3r2,cluster,3.0,2,2.5257,2.5254,2.5257,1.7912,1.3774,0.0,70,1.0,1.06,0.1802,33.7
35,CL3r3,cluster,3.0,3,2.8527,2.8578,2.8527,1.9449,1.4978,-0.0,160,1.0,7.87,0.1876,33.5
35,CL5r1,cluster,5.0,1,1.3107,1.312,1.3107,0.9688,0.7564,0.0,70,1.0,8.13,0.0904,36.9
35,CL5r2,cluster,5.0,2,1.3643,1.3678,1.3643,1.013,0.7897,0.0,70,1.0,0.82,0.0905,36.9
35,CL5r3,cluster,5.0,3,1.4579,1.4631,1.4579,1.0582,0.8243,0.0,160,1.0,11.01,0.0939,36.8
35,CL7r1,cluster,7.0,1,0.878,0.8781,0.878,0.6724,0.5285,0.0,70,1.0,1.06,0.0549,38.2
35,CL7r2,cluster,7.0,2,0.8701,0.8724,0.8701,0.6673,0.5242,-0.0,70,1.0,1.06,0.0546,38.2
35,CL7r3,cluster,7.0,3,0.9365,0.9369,0.9365,0.7047,0.5529,-0.0,160,1.0,11.01,0.0571,38.1
35,MU3r1,multi_cluster,3.0,1,3.4093,3.4092,3.4093,2.2015,1.7234,0.0,160,1.0,13.73,0.2431,31.3
35,MU3r2,multi_cluster,3.0,2,3.5819,3.582,3.5819,2.2945,1.8357,-0.0,160,1.0,13.32,0.2769,30.0
35,MU3r3,multi_cluster,3.0,3,3.3037,3.3037,3.3037,2.1142,1.6534,0.0,160,1.0,0.71,0.2525,30.9
35,MU5r1,multi_cluster,5.0,1,1.7133,1.7134,1.7133,1.2059,0.9516,0.0,70,1.0,14.21,0.122,35.8
35,MU5r2,multi_cluster,5.0,2,1.6777,1.6779,1.6777,1.2068,0.9581,0.0,160,1.0,14.03,0.1388,35.1
35,MU5r3,multi_cluster,5.0,3,1.6929,1.693,1.6929,1.1626,0.9172,-0.0,160,1.0,13.51,0.1264,35.6
35,MU7r1,multi_cluster,7.0,1,1.039,1.039,1.039,0.7578,0.5941,0.0,70,1.0,14.03,0.0727,37.5
35,MU7r2,multi_cluster,7.0,2,0.9974,0.9978,0.9974,0.7364,0.5768,-0.0,75,1.0,14.03,0.0832,37.1
35,MU7r3,multi_cluster,7.0,3,1.0183,1.0182,1.0183,0.7321,0.5738,0.0,160,1.0,1.57,0.0754,37.4
36,RU3r1,rule_grid,3.0,1,1.0889,1.0889,1.0889,0.6457,0.7189,-0.0,150,1.0,6.3,0.2322,38.3
36,RU3r2,rule_grid,3.0,2,0.8573,0.8573,0.8573,0.6068,0.6868,-0.0,55,1.0,15.11,0.2316,38.2
36,RU3r3,rule_grid,3.0,3,1.521,1.5213,1.521,1.1372,1.2854,-0.0,65,1.0,4.68,0.2307,38.5
36,RU5r1,rule_grid,5.0,1,0.4973,0.4974,0.4973,0.3391,0.3871,0.0,55,1.0,5.85,0.1118,44.0
36,RU5r2,rule_grid,5.0,2,0.4239,0.4239,0.4239,0.3366,0.3946,0.0,55,1.0,14.82,0.1117,44.0
36,RU5r3,rule_grid,5.0,3,0.6702,0.6703,0.6702,0.5117,0.5935,0.0,65,1.0,6.21,0.1108,44.2
36,RU7r1,rule_grid,7.0,1,0.2753,0.2753,0.2753,0.1971,0.2288,-0.0,55,1.0,5.24,0.0663,46.2
36,RU7r2,rule_grid,7.0,2,0.2456,0.2457,0.2456,0.2024,0.2401,-0.0,70,1.0,10.45,0.0656,46.2
36,RU7r3,rule_grid,7.0,3,0.394,0.394,0.394,0.3133,0.3743,-0.0,65,1.0,6.12,0.0652,46.3
36,BE3r1,belt,3.0,1,3.3496,3.3496,3.3496,2.7901,3.1755,0.0,140,1.0,6.35,0.1424,43.7
36,BE3r2,belt,3.0,2,2.2949,2.2949,2.2949,1.7198,1.9225,0.0,145,1.0,6.45,0.2089,39.9
36,BE3r3,belt,3.0,3,2.6956,2.6956,2.6956,2.2675,2.5571,-0.0,120,1.0,1.85,0.2083,40.1
36,BE5r1,belt,5.0,1,1.3811,1.3811,1.3811,1.2117,1.4308,0.0,95,1.0,7.13,0.0698,46.5
36,BE5r2,belt,5.0,2,0.9277,0.9278,0.9277,0.7831,0.9119,0.0,145,1.0,7.67,0.1007,44.8
36,BE5r3,belt,5.0,3,1.1034,1.1034,1.1034,0.9972,1.1719,0.0,120,1.0,2.18,0.1003,44.9
36,BE7r1,belt,7.0,1,0.7645,0.7645,0.7645,0.6778,0.8096,0.0,90,1.0,7.16,0.0411,47.7
36,BE7r2,belt,7.0,2,0.538,0.538,0.538,0.4743,0.567,-0.0,90,1.0,7.69,0.0593,46.7
36,BE7r3,belt,7.0,3,0.6168,0.6168,0.6168,0.5729,0.689,-0.0,120,1.0,2.23,0.0587,46.7
36,CL3r1,cluster,3.0,1,0.8307,0.8307,0.8307,0.678,0.8191,0.0,60,1.0,9.31,0.1206,43.7
36,CL3r2,cluster,3.0,2,0.8538,0.854,0.8538,0.6967,0.8394,-0.0,60,1.0,1.85,0.1206,43.8
36,CL3r3,cluster,3.0,3,0.8106,0.8122,0.8106,0.6285,0.742,0.0,150,1.0,3.73,0.1265,43.4
36,CL5r1,cluster,5.0,1,0.4335,0.4341,0.4335,0.3805,0.461,0.0,55,1.0,9.72,0.0594,46.6
36,CL5r2,cluster,5.0,2,0.4335,0.4338,0.4335,0.3822,0.4629,0.0,60,1.0,3.06,0.0595,46.6
36,CL5r3,cluster,5.0,3,0.3836,0.3842,0.3836,0.3248,0.3878,0.0,150,1.0,11.94,0.0619,46.5
36,CL7r1,cluster,7.0,1,0.2592,0.2592,0.2592,0.232,0.2826,-0.0,55,1.0,6.66,0.0358,47.7
36,CL7r2,cluster,7.0,2,0.2636,0.2638,0.2636,0.2342,0.2851,0.0,55,1.0,6.69,0.0355,47.7
36,CL7r3,cluster,7.0,3,0.235,0.2354,0.235,0.21,0.2532,0.0,145,1.0,17.25,0.0372,47.6
36,MU3r1,multi_cluster,3.0,1,1.2518,1.2519,1.2518,0.9003,1.0341,0.0,145,1.0,7.46,0.1681,41.6
36,MU3r2,multi_cluster,3.0,2,1.8559,1.8559,1.8559,1.3571,1.5262,-0.0,145,1.0,6.14,0.1937,40.5
36,MU3r3,multi_cluster,3.0,3,1.0181,1.0181,1.0181,0.6545,0.7425,0.0,60,1.0,11.55,0.1746,41.1
36,MU5r1,multi_cluster,5.0,1,0.6128,0.6129,0.6128,0.4817,0.5668,0.0,145,1.0,9.36,0.0821,45.6
36,MU5r2,multi_cluster,5.0,2,0.7939,0.7939,0.7939,0.6431,0.7489,0.0,145,1.0,6.88,0.0936,45.1
36,MU5r3,multi_cluster,5.0,3,0.4819,0.4819,0.4819,0.3462,0.3995,0.0,60,1.0,4.58,0.085,45.4
36,MU7r1,multi_cluster,7.0,1,0.357,0.357,0.357,0.293,0.3501,0.0,145,1.0,9.36,0.048,47.1
36,MU7r2,multi_cluster,7.0,2,0.4518,0.4518,0.4518,0.3882,0.4629,0.0,145,1.0,7.84,0.0549,46.8
36,MU7r3,multi_cluster,7.0,3,0.2847,0.2847,0.2847,0.2114,0.2481,0.0,55,1.0,5.35,0.0497,47.0
37,RU3r1,rule_grid,3.0,1,1.6399,1.6401,1.6399,1.193,0.9236,0.0,85,1.0,12.35,0.3374,20.1
37,RU3r2,rule_grid,3.0,2,1.4748,1.4751,1.4748,0.8395,0.633,-0.0,155,1.0,17.77,0.3371,20.1
37,RU3r3,rule_grid,3.0,3,1.8393,1.8394,1.8393,1.2773,0.9778,0.0,10,1.0,28.41,0.3355,20.2
37,RU5r1,rule_grid,5.0,1,0.8971,0.897,0.8971,0.7332,0.5519,0.0,90,1.0,10.66,0.17,25.0
37,RU5r2,rule_grid,5.0,2,0.75,0.75,0.75,0.5159,0.386,0.0,155,1.0,17.7,0.1702,25.0
37,RU5r3,rule_grid,5.0,3,0.9486,0.9488,0.9486,0.7443,0.5529,-0.0,15,1.0,23.46,0.169,25.1
37,RU7r1,rule_grid,7.0,1,0.5787,0.5787,0.5787,0.4944,0.3615,0.0,0,1.0,29.1,0.1037,26.9
37,RU7r2,rule_grid,7.0,2,0.4601,0.4602,0.4601,0.35,0.2558,0.0,155,1.0,19.19,0.1026,26.9
37,RU7r3,rule_grid,7.0,3,0.6306,0.6307,0.6306,0.5102,0.3679,0.0,15,1.0,23.46,0.1018,27.0
37,BE3r1,belt,3.0,1,5.1608,5.1608,5.1608,3.2003,2.3984,0.0,5,1.0,12.09,0.2144,24.7
37,BE3r2,belt,3.0,2,3.5869,3.5869,3.5869,2.2399,1.6933,0.0,0,1.0,23.2,0.307,21.4
37,BE3r3,belt,3.0,3,3.6686,3.6687,3.6686,2.2491,1.6791,0.0,25,1.0,11.02,0.3063,21.5
37,BE5r1,belt,5.0,1,2.3134,2.3133,2.3134,1.554,1.1223,-0.0,0,1.0,17.62,0.1084,27.2
37,BE5r2,belt,5.0,2,1.6989,1.6991,1.6989,1.2007,0.8756,0.0,0,1.0,23.16,0.1541,25.7
37,BE5r3,belt,5.0,3,1.6597,1.6597,1.6597,1.1491,0.8255,-0.0,25,1.0,15.72,0.1536,25.7
37,BE7r1,belt,7.0,1,1.3521,1.3522,1.3521,0.9498,0.6765,-0.0,0,1.0,17.67,0.0651,28.3
37,BE7r2,belt,7.0,2,1.058,1.058,1.058,0.7896,0.5646,0.0,0,1.0,23.05,0.093,27.4
37,BE7r3,belt,7.0,3,0.9814,0.9814,0.9814,0.7213,0.5095,0.0,25,1.0,2.65,0.0921,27.4
37,CL3r1,cluster,3.0,1,1.2942,1.2943,1.2942,0.9901,0.6979,0.0,90,1.0,11.65,0.1884,24.6
37,CL3r2,cluster,3.0,2,1.1617,1.1686,1.1617,0.8459,0.591,0.0,175,1.0,16.24,0.1886,24.5
37,CL3r3,cluster,3.0,3,1.4916,1.497,1.4916,1.028,0.7335,0.0,85,1.0,1.56,0.1953,24.4
37,CL5r1,cluster,5.0,1,0.7661,0.7659,0.7661,0.6218,0.4437,0.0,90,1.0,10.37,0.0935,27.3
37,CL5r2,cluster,5.0,2,0.684,0.6852,0.684,0.5658,0.4031,-0.0,90,1.0,12.98,0.0937,27.3
37,CL5r3,cluster,5.0,3,0.7787,0.7782,0.7787,0.6191,0.4428,-0.0,85,1.0,1.24,0.097,27.2
37,CL7r1,cluster,7.0,1,0.5053,0.5053,0.5053,0.4357,0.3105,0.0,90,1.0,13.45,0.0567,28.3
37,CL7r2,cluster,7.0,2,0.4584,0.4591,0.4584,0.3973,0.2831,-0.0,90,1.0,16.09,0.0565,28.3
37,CL7r3,cluster,7.0,3,0.5301,0.5333,0.5301,0.4419,0.3149,0.0,90,1.0,1.56,0.0589,28.3
37,MU3r1,multi_cluster,3.0,1,2.1727,2.1727,2.1727,1.5113,1.1169,-0.0,0,1.0,37.63,0.2537,22.8
37,MU3r2,multi_cluster,3.0,2,2.9915,2.9915,2.9915,1.9336,1.4485,-0.0,0,1.0,29.13,0.2874,21.9
37,MU3r3,multi_cluster,3.0,3,1.6212,1.6211,1.6212,1.1766,0.8853,-0.0,175,1.0,21.31,0.2625,22.4
37,MU5r1,multi_cluster,5.0,1,1.1654,1.1654,1.1654,0.9006,0.6592,0.0,0,1.0,37.08,0.1268,26.4
37,MU5r2,multi_cluster,5.0,2,1.4593,1.4593,1.4593,1.0632,0.7784,0.0,0,1.0,37.6,0.1437,26.0
37,MU5r3,multi_cluster,5.0,3,0.9077,0.9077,0.9077,0.7397,0.5488,-0.0,0,1.0,28.79,0.1311,26.2
37,MU7r1,multi_cluster,7.0,1,0.7461,0.7461,0.7461,0.6028,0.4349,0.0,0,1.0,37.96,0.0756,27.8
37,MU7r2,multi_cluster,7.0,2,0.9145,0.9144,0.9145,0.7019,0.5042,0.0,0,1.0,29.18,0.0862,27.5
37,MU7r3,multi_cluster,7.0,3,0.6004,0.6005,0.6004,0.5085,0.3699,0.0,0,1.0,21.03,0.0781,27.7
38,RU3r1,rule_grid,3.0,1,1.1765,1.1765,1.1765,0.5712,0.5018,-0.0,45,1.0,2.75,0.2805,29.3
38,RU3r2,rule_grid,3.0,2,0.6096,0.6096,0.6096,0.3979,0.3495,-0.0,135,0.8,22.9,0.2801,29.2
38,RU3r3,rule_grid,3.0,3,1.6744,1.6744,1.6744,0.9697,0.8535,-0.0,145,1.0,4.52,0.279,29.5
38,RU5r1,rule_grid,5.0,1,0.5863,0.5863,0.5863,0.3436,0.3066,-0.0,135,1.0,8.72,0.1359,35.0
38,RU5r2,rule_grid,5.0,2,0.3979,0.3979,0.3979,0.2475,0.221,0.0,155,0.6,13.66,0.1359,35.0
38,RU5r3,rule_grid,5.0,3,0.7842,0.7849,0.7842,0.4975,0.4439,0.0,145,1.0,4.57,0.1349,35.1
38,RU7r1,rule_grid,7.0,1,0.3416,0.3416,0.3416,0.2287,0.205,0.0,135,1.0,19.0,0.081,37.2
38,RU7r2,rule_grid,7.0,2,0.2835,0.2836,0.2835,0.1574,0.142,-0.0,155,1.0,12.05,0.0801,37.2
38,RU7r3,rule_grid,7.0,3,0.4716,0.4716,0.4716,0.3353,0.3021,-0.0,145,1.0,3.11,0.0796,37.3
38,BE3r1,belt,3.0,1,3.9755,3.9755,3.9755,2.4699,2.2153,0.0,5,1.0,22.6,0.1755,34.5
38,BE3r2,belt,3.0,2,2.0492,2.0492,2.0492,1.3399,1.1923,0.0,0,1.0,21.91,0.254,30.7
38,BE3r3,belt,3.0,3,2.6264,2.6263,2.6264,1.7486,1.5509,0.0,5,1.0,17.29,0.2534,30.9
38,BE5r1,belt,5.0,1,1.6224,1.6225,1.6224,1.0926,0.9852,0.0,0,1.0,11.99,0.0862,37.4
38,BE5r2,belt,5.0,2,0.9063,0.9065,0.9063,0.6368,0.5708,-0.0,0,1.0,17.04,0.1231,35.7
38,BE5r3,belt,5.0,3,0.9538,0.9538,0.9538,0.7746,0.6961,0.0,5,1.0,26.44,0.1226,35.7
38,BE7r1,belt,7.0,1,0.8976,0.8976,0.8976,0.6289,0.5711,0.0,0,1.0,12.05,0.0509,38.6
38,BE7r2,belt,7.0,2,0.5842,0.5843,0.5842,0.4175,0.3785,0.0,0,1.0,12.64,0.0727,37.6
38,BE7r3,belt,7.0,3,0.5331,0.5331,0.5331,0.4637,0.4196,-0.0,25,1.0,25.97,0.072,37.6
38,CL3r1,cluster,3.0,1,0.6524,0.6523,0.6524,0.4542,0.4065,0.0,140,1.0,7.1,0.1497,34.5
38,CL3r2,cluster,3.0,2,0.678,0.6837,0.678,0.496,0.4434,0.0,140,1.0,11.25,0.1497,34.5
38,CL3r3,cluster,3.0,3,0.7269,0.7254,0.7269,0.4334,0.3867,0.0,50,1.0,3.38,0.1562,34.2
38,CL5r1,cluster,5.0,1,0.3363,0.3358,0.3363,0.2651,0.2404,0.0,135,1.0,6.63,0.0728,37.5
38,CL5r2,cluster,5.0,2,0.3653,0.3651,0.3653,0.288,0.261,-0.0,135,1.0,7.35,0.073,37.5
38,CL5r3,cluster,5.0,3,0.3508,0.3498,0.3508,0.2465,0.2226,-0.0,45,1.0,7.53,0.0758,37.4
38,CL7r1,cluster,7.0,1,0.2115,0.2116,0.2115,0.1735,0.1581,0.0,135,1.0,8.03,0.0437,38.6
38,CL7r2,cluster,7.0,2,0.2282,0.228,0.2282,0.1871,0.1705,0.0,135,1.0,16.39,0.0435,38.6
38,CL7r3,cluster,7.0,3,0.2233,0.2241,0.2233,0.1675,0.1521,0.0,45,1.0,9.04,0.0455,38.5
38,MU3r1,multi_cluster,3.0,1,1.1363,1.1363,1.1363,0.6073,0.5359,-0.0,45,1.0,23.4,0.2073,32.3
38,MU3r2,multi_cluster,3.0,2,1.4694,1.4695,1.4694,0.8888,0.7886,-0.0,45,1.0,21.09,0.2367,31.2
38,MU3r3,multi_cluster,3.0,3,1.0227,1.0227,1.0227,0.5225,0.4603,0.0,135,1.0,14.17,0.2146,32.0
38,MU5r1,multi_cluster,5.0,1,0.5762,0.5762,0.5762,0.3665,0.3291,0.0,45,1.0,24.42,0.1009,36.4
38,MU5r2,multi_cluster,5.0,2,0.6828,0.6829,0.6828,0.4493,0.4032,-0.0,45,1.0,20.27,0.1146,35.9
38,MU5r3,multi_cluster,5.0,3,0.5294,0.5295,0.5294,0.3248,0.291,0.0,135,1.0,16.26,0.1042,36.3
38,MU7r1,multi_cluster,7.0,1,0.3481,0.3481,0.3481,0.2448,0.2211,0.0,45,1.0,20.42,0.0591,38.0
38,MU7r2,multi_cluster,7.0,2,0.4373,0.4372,0.4373,0.3032,0.2751,0.0,0,1.0,16.92,0.0674,37.7
38,MU7r3,multi_cluster,7.0,3,0.3211,0.3212,0.3211,0.2196,0.1979,0.0,135,1.0,7.16,0.061,38.0
39,RU3r1,rule_grid,3.0,1,5.0819,5.082,5.0819,3.866,5.2565,-0.0,50,1.0,7.23,0.1719,40.6
39,RU3r2,rule_grid,3.0,2,4.9329,4.9328,4.9329,4.0269,5.5229,-0.0,115,1.0,5.82,0.1713,40.5
39,RU3r3,rule_grid,3.0,3,5.6962,5.6965,5.6962,4.6371,6.3644,0.0,110,1.0,,0.171,40.8
39,RU5r1,rule_grid,5.0,1,2.241,2.241,2.241,1.8808,2.6439,-0.0,140,1.0,9.16,0.0778,44.0
39,RU5r2,rule_grid,5.0,2,2.1651,2.165,2.1651,2.009,2.8574,-0.0,95,1.0,3.75,0.0775,43.9
39,RU5r3,rule_grid,5.0,3,2.4224,2.4222,2.4224,2.1088,2.9828,-0.0,110,1.0,2.13,0.0772,44.1
39,RU7r1,rule_grid,7.0,1,1.2053,1.2053,1.2053,1.0892,1.5507,0.0,50,1.0,8.05,0.0449,45.1
39,RU7r2,rule_grid,7.0,2,1.2103,1.2104,1.2103,1.1436,1.6425,-0.0,95,1.0,6.33,0.0443,45.1
39,RU7r3,rule_grid,7.0,3,1.3968,1.3968,1.3968,1.2835,1.848,0.0,110,1.0,6.24,0.0442,45.2
39,BE3r1,belt,3.0,1,8.1963,8.1963,8.1963,7.5267,10.6382,-0.0,140,1.0,21.8,0.1095,44.9
39,BE3r2,belt,3.0,2,7.0688,7.0688,7.0688,5.7976,8.0578,0.0,140,1.0,10.27,0.156,42.1
39,BE3r3,belt,3.0,3,7.1535,7.1536,7.1535,6.1044,8.4928,0.0,170,1.0,1.49,0.1554,42.2
39,BE5r1,belt,5.0,1,3.718,3.718,3.718,3.4121,4.9281,0.0,140,1.0,21.8,0.0502,45.9
39,BE5r2,belt,5.0,2,3.092,3.092,3.092,2.7918,4.0109,-0.0,140,1.0,19.65,0.0708,44.7
39,BE5r3,belt,5.0,3,3.1674,3.1674,3.1674,2.858,4.0985,-0.0,170,1.0,2.15,0.0704,44.7
39,BE7r1,belt,7.0,1,2.0956,2.0956,2.0956,1.9293,2.8095,-0.0,140,1.0,23.68,0.0288,46.2
39,BE7r2,belt,7.0,2,1.7812,1.7812,1.7812,1.66,2.4124,-0.0,140,1.0,23.23,0.0406,45.5
39,BE7r3,belt,7.0,3,1.7995,1.7995,1.7995,1.6796,2.435,0.0,170,1.0,2.38,0.0402,45.5
39,CL3r1,cluster,3.0,1,4.0098,4.0099,4.0098,3.5409,5.1494,-0.0,105,1.0,0.79,0.0878,44.2
39,CL3r2,cluster,3.0,2,3.9247,3.9255,3.9247,3.4384,4.9974,-0.0,105,1.0,0.79,0.0878,44.2
39,CL3r3,cluster,3.0,3,3.6559,3.6589,3.6559,3.2936,4.7268,0.0,45,1.0,4.52,0.092,43.9
39,CL5r1,cluster,5.0,1,1.9336,1.9326,1.9336,1.7598,2.561,-0.0,100,1.0,5.2,0.0406,45.6
39,CL5r2,cluster,5.0,2,1.9203,1.9221,1.9203,1.7327,2.5196,0.0,100,1.0,0.77,0.0408,45.6
39,CL5r3,cluster,5.0,3,1.7457,1.7486,1.7457,1.6225,2.3481,-0.0,45,1.0,5.28,0.0425,45.4
39,CL7r1,cluster,7.0,1,1.1682,1.1682,1.1682,1.0718,1.565,0.0,105,1.0,7.15,0.0238,46.0
39,CL7r2,cluster,7.0,2,1.1493,1.1502,1.1493,1.0489,1.5314,0.0,105,1.0,0.77,0.0238,46.0
39,CL7r3,cluster,7.0,3,1.0569,1.0576,1.0569,0.9946,1.4472,0.0,45,1.0,5.11,0.0249,45.9
39,MU3r1,multi_cluster,3.0,1,5.1049,5.105,5.1049,4.1787,5.8456,-0.0,10,1.0,21.31,0.1267,42.8
39,MU3r2,multi_cluster,3.0,2,6.251,6.2512,6.251,5.0997,7.1012,0.0,140,1.0,18.73,0.1452,42.3
39,MU3r3,multi_cluster,3.0,3,4.6199,4.6199,4.6199,3.7228,5.1614,0.0,100,1.0,5.8,0.1305,42.4
39,MU5r1,multi_cluster,5.0,1,2.3972,2.3972,2.3972,2.013,2.8665,0.0,140,1.0,18.65,0.0582,44.9
39,MU5r2,multi_cluster,5.0,2,2.7986,2.7987,2.7986,2.4696,3.5428,0.0,140,1.0,19.04,0.066,44.8
39,MU5r3,multi_cluster,5.0,3,2.1435,2.1435,2.1435,1.8411,2.6027,-0.0,100,1.0,5.08,0.0599,44.8
39,MU7r1,multi_cluster,7.0,1,1.3763,1.3763,1.3763,1.2002,1.7395,0.0,140,1.0,18.44,0.0332,45.7
39,MU7r2,multi_cluster,7.0,2,1.6092,1.6092,1.6092,1.4721,2.1361,0.0,140,1.0,22.7,0.0378,45.6
39,MU7r3,multi_cluster,7.0,3,1.2324,1.2324,1.2324,1.1034,1.5793,0.0,100,1.0,5.41,0.0341,45.6
40,RU3r1,rule_grid,3.0,1,0.7692,0.7693,0.7692,0.6635,0.8318,-0.0,140,1.0,6.72,0.2069,45.9
40,RU3r2,rule_grid,3.0,2,0.8085,0.8089,0.8085,0.6933,0.8499,0.0,165,0.8,15.07,0.2062,45.9
40,RU3r3,rule_grid,3.0,3,0.9563,0.9568,0.9563,0.8784,1.1007,0.0,90,1.0,14.03,0.2053,46.1
40,RU5r1,rule_grid,5.0,1,0.3246,0.3248,0.3246,0.3494,0.4636,0.0,60,1.0,9.02,0.0983,51.9
40,RU5r2,rule_grid,5.0,2,0.4325,0.4325,0.4325,0.3704,0.4805,0.0,55,0.8,14.88,0.0982,52.0
40,RU5r3,rule_grid,5.0,3,0.4474,0.4476,0.4474,0.442,0.5851,0.0,90,1.0,15.5,0.0973,52.0
40,RU7r1,rule_grid,7.0,1,0.1933,0.1933,0.1933,0.2004,0.2771,0.0,60,0.8,9.93,0.0577,54.2
40,RU7r2,rule_grid,7.0,2,0.2387,0.2388,0.2387,0.2128,0.289,-0.0,55,1.0,15.48,0.0572,54.2
40,RU7r3,rule_grid,7.0,3,0.254,0.254,0.254,0.2743,0.3875,0.0,90,1.0,11.54,0.0567,54.3
40,BE3r1,belt,3.0,1,2.1977,2.1977,2.1977,2.215,2.9005,-0.0,145,1.0,3.36,0.1234,51.4
40,BE3r2,belt,3.0,2,1.5964,1.5963,1.5964,1.5271,1.936,-0.0,145,1.0,7.07,0.1843,47.6
40,BE3r3,belt,3.0,3,1.5313,1.5314,1.5313,1.4185,1.7417,0.0,155,1.0,3.74,0.1838,47.6
40,BE5r1,belt,5.0,1,0.8279,0.828,0.8279,0.9631,1.3674,0.0,150,1.0,3.11,0.0602,54.4
40,BE5r2,belt,5.0,2,0.5835,0.5836,0.5835,0.6879,0.9568,0.0,140,1.0,7.76,0.0881,52.7
40,BE5r3,belt,5.0,3,0.6115,0.6115,0.6115,0.6451,0.8706,0.0,155,1.0,6.84,0.0875,52.7
40,BE7r1,belt,7.0,1,0.4448,0.4448,0.4448,0.5363,0.7879,0.0,150,1.0,7.91,0.0352,55.6
40,BE7r2,belt,7.0,2,0.3326,0.3327,0.3326,0.409,0.6021,-0.0,150,1.0,10.06,0.0515,54.6
40,BE7r3,belt,7.0,3,0.3276,0.3277,0.3276,0.385,0.5526,0.0,155,1.0,10.29,0.0509,54.7
40,CL3r1,cluster,3.0,1,0.4473,0.4474,0.4473,0.5011,0.7525,-0.0,50,1.0,20.72,0.1037,51.7
40,CL3r2,cluster,3.0,2,0.4211,0.4238,0.4211,0.4794,0.7166,-0.0,55,1.0,15.33,0.1034,51.7
40,CL3r3,cluster,3.0,3,0.5666,0.5688,0.5666,0.5697,0.7979,0.0,60,1.0,16.88,0.1093,51.4
40,CL5r1,cluster,5.0,1,0.2382,0.2399,0.2382,0.3033,0.4594,0.0,60,0.8,16.07,0.0515,54.6
40,CL5r2,cluster,5.0,2,0.2428,0.2441,0.2428,0.293,0.4427,0.0,60,1.0,14.51,0.0513,54.6
40,CL5r3,cluster,5.0,3,0.2817,0.284,0.2817,0.3017,0.4413,0.0,60,0.8,19.09,0.0535,54.5
40,CL7r1,cluster,7.0,1,0.1793,0.1793,0.1793,0.1939,0.2927,-0.0,150,1.0,16.04,0.0312,55.7
40,CL7r2,cluster,7.0,2,0.1647,0.165,0.1647,0.1886,0.2846,-0.0,60,1.0,11.12,0.0308,55.7
40,CL7r3,cluster,7.0,3,0.1977,0.1977,0.1977,0.2099,0.3116,0.0,60,1.0,17.21,0.0324,55.7
40,MU3r1,multi_cluster,3.0,1,0.9024,0.9024,0.9024,0.8856,1.1901,-0.0,145,1.0,10.24,0.1457,49.5
40,MU3r2,multi_cluster,3.0,2,1.3063,1.3063,1.3063,1.2618,1.6261,0.0,145,1.0,7.02,0.17,48.3
40,MU3r3,multi_cluster,3.0,3,0.6987,0.6988,0.6987,0.6423,0.8469,-0.0,55,1.0,7.74,0.152,49.0
40,MU5r1,multi_cluster,5.0,1,0.4324,0.4326,0.4324,0.4653,0.6485,-0.0,150,1.0,15.52,0.0714,53.5
40,MU5r2,multi_cluster,5.0,2,0.513,0.5131,0.513,0.5833,0.8106,-0.0,150,1.0,7.76,0.0817,53.0
40,MU5r3,multi_cluster,5.0,3,0.3503,0.3503,0.3503,0.3502,0.4709,0.0,150,0.8,12.73,0.0741,53.3
40,MU7r1,multi_cluster,7.0,1,0.2611,0.2612,0.2611,0.281,0.4053,0.0,150,1.0,15.74,0.0416,55.2
40,MU7r2,multi_cluster,7.0,2,0.2956,0.2957,0.2956,0.3479,0.5095,-0.0,150,1.0,11.33,0.0476,54.8
40,MU7r3,multi_cluster,7.0,3,0.2163,0.2164,0.2163,0.215,0.2991,0.0,60,0.8,11.7,0.0432,55.0
41,RU3r1,rule_grid,3.0,1,4.321,4.3212,4.321,2.9237,2.6389,0.0,5,1.0,7.09,0.2553,33.9
41,RU3r2,rule_grid,3.0,2,4.875,4.875,4.875,3.0726,2.7816,0.0,70,1.0,9.89,0.2546,34.1
41,RU3r3,rule_grid,3.0,3,5.4534,5.4538,5.4534,3.696,3.3535,-0.0,65,1.0,7.32,0.2539,34.4
41,RU5r1,rule_grid,5.0,1,1.8887,1.8887,1.8887,1.402,1.3216,0.0,95,1.0,8.39,0.1192,39.2
41,RU5r2,rule_grid,5.0,2,2.1226,2.1225,2.1226,1.4672,1.379,-0.0,70,1.0,10.0,0.119,39.3
41,RU5r3,rule_grid,5.0,3,2.2067,2.2064,2.2067,1.6903,1.5985,0.0,65,1.0,7.35,0.1183,39.4
41,RU7r1,rule_grid,7.0,1,1.0496,1.0496,1.0496,0.8007,0.7668,-0.0,95,1.0,11.77,0.0697,41.1
41,RU7r2,rule_grid,7.0,2,1.1289,1.1289,1.1289,0.8375,0.8039,0.0,70,1.0,9.92,0.0688,41.1
41,RU7r3,rule_grid,7.0,3,1.2348,1.2348,1.2348,1.0232,0.9879,0.0,115,1.0,7.05,0.0685,41.2
41,BE3r1,belt,3.0,1,7.8029,7.8029,7.8029,6.6958,6.3151,0.0,150,1.0,7.75,0.1606,39.5
41,BE3r2,belt,3.0,2,6.5941,6.5941,6.5941,4.9438,4.5239,0.0,100,1.0,8.57,0.2312,35.8
41,BE3r3,belt,3.0,3,8.0311,8.0312,8.0311,6.1221,5.6203,0.0,125,1.0,0.46,0.2306,36.3
41,BE5r1,belt,5.0,1,3.3786,3.3785,3.3786,3.04,2.9558,-0.0,150,1.0,8.05,0.0762,41.7
41,BE5r2,belt,5.0,2,2.7684,2.7685,2.7684,2.2504,2.1548,-0.0,100,1.0,8.36,0.1082,40.0
41,BE5r3,belt,5.0,3,3.3757,3.3757,3.3757,2.732,2.615,0.0,125,1.0,0.61,0.1077,40.3
41,BE7r1,belt,7.0,1,1.8704,1.8704,1.8704,1.7149,1.6948,0.0,100,1.0,8.0,0.0442,42.5
41,BE7r2,belt,7.0,2,1.5651,1.5651,1.5651,1.3409,1.3111,0.0,100,1.0,8.87,0.0628,41.6
41,BE7r3,belt,7.0,3,1.8525,1.8525,1.8525,1.5711,1.5361,0.0,125,1.0,0.92,0.0621,41.7
41,CL3r1,cluster,3.0,1,3.1669,3.1669,3.1669,2.5851,2.4964,-0.0,5,1.0,10.46,0.1328,39.1
41,CL3r2,cluster,3.0,2,3.1237,3.1226,3.1237,2.578,2.4897,0.0,70,1.0,5.88,0.1328,39.1
41,CL3r3,cluster,3.0,3,3.3671,3.3666,3.3671,2.5965,2.4683,-0.0,0,1.0,11.32,0.1391,38.9
41,CL5r1,cluster,5.0,1,1.5465,1.5475,1.5465,1.3018,1.2829,0.0,5,1.0,9.03,0.0627,41.6
41,CL5r2,cluster,5.0,2,1.4559,1.4599,1.4559,1.2897,1.2705,-0.0,5,1.0,10.45,0.063,41.5
41,CL5r3,cluster,5.0,3,1.5926,1.5928,1.5926,1.2924,1.2614,-0.0,5,1.0,11.31,0.0655,41.5
41,CL7r1,cluster,7.0,1,0.96,0.9601,0.96,0.8104,0.8017,0.0,5,1.0,7.85,0.0371,42.5
41,CL7r2,cluster,7.0,2,0.8922,0.8923,0.8922,0.778,0.7741,-0.0,5,1.0,10.95,0.0371,42.4
41,CL7r3,cluster,7.0,3,1.0073,1.0077,1.0073,0.8189,0.8083,0.0,0,1.0,0.77,0.0387,42.4
41,MU3r1,multi_cluster,3.0,1,4.5386,4.5386,4.5386,3.3431,3.0953,0.0,95,1.0,7.27,0.1883,37.1
41,MU3r2,multi_cluster,3.0,2,5.6667,5.6669,5.6667,4.246,3.897,-0.0,100,1.0,8.8,0.2154,36.2
41,MU3r3,multi_cluster,3.0,3,4.0296,4.0298,4.0296,2.8757,2.6431,0.0,5,1.0,12.52,0.1944,36.6
41,MU5r1,multi_cluster,5.0,1,2.1238,2.1238,2.1238,1.6583,1.5918,0.0,95,1.0,7.27,0.0889,40.6
41,MU5r2,multi_cluster,5.0,2,2.4471,2.447,2.4471,1.9883,1.9,-0.0,100,1.0,8.01,0.1009,40.2
41,MU5r3,multi_cluster,5.0,3,1.8978,1.8978,1.8978,1.4346,1.3625,-0.0,95,1.0,3.49,0.0915,40.4
41,MU7r1,multi_cluster,7.0,1,1.2315,1.2315,1.2315,0.9891,0.9649,-0.0,95,1.0,7.27,0.0512,42.0
41,MU7r2,multi_cluster,7.0,2,1.3801,1.3801,1.3801,1.1837,1.1531,0.0,100,1.0,7.15,0.0583,41.7
41,MU7r3,multi_cluster,7.0,3,1.1034,1.1033,1.1034,0.8617,0.832,0.0,95,1.0,3.31,0.0527,41.8
42,RU3r1,rule_grid,3.0,1,3.4398,3.4399,3.4398,3.2587,5.9657,-0.0,95,1.0,12.71,0.1289,52.0
42,RU3r2,rule_grid,3.0,2,3.3907,3.3907,3.3907,3.3901,6.254,0.0,105,1.0,1.4,0.1283,52.0
42,RU3r3,rule_grid,3.0,3,4.08,4.08,4.08,3.9275,7.2726,0.0,100,1.0,0.71,0.1282,52.4
42,RU5r1,rule_grid,5.0,1,1.5693,1.5693,1.5693,1.6625,3.2056,-0.0,95,1.0,7.54,0.0569,55.3
42,RU5r2,rule_grid,5.0,2,1.4985,1.4985,1.4985,1.618,3.134,0.0,95,1.0,1.56,0.0567,55.3
42,RU5r3,rule_grid,5.0,3,1.7267,1.7266,1.7267,1.7735,3.4283,-0.0,95,1.0,5.99,0.0565,55.4
42,RU7r1,rule_grid,7.0,1,0.8661,0.8661,0.8661,0.9794,1.9278,0.0,95,1.0,7.55,0.0325,56.3
42,RU7r2,rule_grid,7.0,2,0.8466,0.8466,0.8466,0.9307,1.8357,-0.0,95,1.0,1.26,0.0321,56.4
42,RU7r3,rule_grid,7.0,3,0.9818,0.9818,0.9818,1.0344,2.0415,0.0,95,1.0,8.13,0.032,56.4
42,BE3r1,belt,3.0,1,5.5365,5.5365,5.5365,5.6599,10.8632,0.0,5,1.0,18.59,0.0817,56.0
42,BE3r2,belt,3.0,2,4.7136,4.7137,4.7136,4.6157,8.6669,0.0,5,1.0,21.7,0.1167,53.4
42,BE3r3,belt,3.0,3,5.2663,5.2663,5.2663,5.128,9.6812,-0.0,160,1.0,0.71,0.1162,53.7
42,BE5r1,belt,5.0,1,2.4925,2.4925,2.4925,2.5746,5.1353,-0.0,5,1.0,18.69,0.0367,57.0
42,BE5r2,belt,5.0,2,2.1082,2.1082,2.1082,2.3289,4.5838,0.0,135,1.0,22.09,0.0518,55.9
42,BE5r3,belt,5.0,3,2.2972,2.2972,2.2972,2.3597,4.6353,-0.0,160,1.0,0.77,0.0515,56.0
42,BE7r1,belt,7.0,1,1.4101,1.4101,1.4101,1.4666,2.9662,-0.0,135,1.0,18.69,0.0208,57.3
42,BE7r2,belt,7.0,2,1.2262,1.2262,1.2262,1.3875,2.7865,0.0,135,1.0,15.1,0.0294,56.7
42,BE7r3,belt,7.0,3,1.3023,1.3023,1.3023,1.3544,2.7132,0.0,155,1.0,0.77,0.0291,56.8
42,CL3r1,cluster,3.0,1,2.5798,2.5799,2.5798,2.5932,5.1846,-0.0,95,1.0,5.73,0.0643,55.4
42,CL3r2,cluster,3.0,2,2.5354,2.5352,2.5354,2.5463,5.0949,-0.0,100,1.0,0.77,0.0642,55.4
42,CL3r3,cluster,3.0,3,2.3074,2.3084,2.3074,2.5064,4.9471,-0.0,40,1.0,4.57,0.0675,55.1
42,CL5r1,cluster,5.0,1,1.2975,1.2972,1.2975,1.3351,2.6951,0.0,95,1.0,5.05,0.0294,56.8
42,CL5r2,cluster,5.0,2,1.2946,1.2946,1.2946,1.3272,2.6765,0.0,95,1.0,0.61,0.0295,56.8
42,CL5r3,cluster,5.0,3,1.144,1.1443,1.144,1.225,2.4467,0.0,5,1.0,5.47,0.0308,56.6
42,CL7r1,cluster,7.0,1,0.7821,0.7821,0.7821,0.8146,1.6566,-0.0,95,1.0,5.05,0.0171,57.2
42,CL7r2,cluster,7.0,2,0.7754,0.7756,0.7754,0.8056,1.6385,0.0,95,1.0,0.61,0.0171,57.2
42,CL7r3,cluster,7.0,3,0.6993,0.6994,0.6993,0.7493,1.513,0.0,5,1.0,5.35,0.0179,57.1
42,MU3r1,multi_cluster,3.0,1,3.4324,3.4324,3.4324,3.3813,6.4252,-0.0,5,1.0,18.04,0.0941,54.1
42,MU3r2,multi_cluster,3.0,2,4.1878,4.1879,4.1878,4.1092,7.7375,-0.0,5,1.0,18.37,0.1083,53.6
42,MU3r3,multi_cluster,3.0,3,3.0718,3.0718,3.0718,3.0012,5.6294,0.0,95,1.0,10.34,0.097,53.7
42,MU5r1,multi_cluster,5.0,1,1.6736,1.6736,1.6736,1.7521,3.4386,-0.0,5,1.0,18.37,0.0425,56.2
42,MU5r2,multi_cluster,5.0,2,1.9184,1.9184,1.9184,2.094,4.1115,0.0,5,1.0,18.69,0.0483,56.0
42,MU5r3,multi_cluster,5.0,3,1.5007,1.5007,1.5007,1.5336,2.964,0.0,95,1.0,4.98,0.0437,56.0
42,MU7r1,multi_cluster,7.0,1,0.9678,0.9678,0.9678,1.0557,2.1101,0.0,5,1.0,18.37,0.024,56.9
42,MU7r2,multi_cluster,7.0,2,1.1092,1.1092,1.1092,1.2515,2.5066,-0.0,5,1.0,18.69,0.0273,56.8
42,MU7r3,multi_cluster,7.0,3,0.8672,0.8672,0.8672,0.9204,1.8243,0.0,95,1.0,5.39,0.0247,56.8
43,RU3r1,rule_grid,3.0,1,0.2966,0.2965,0.2966,0.3516,0.3919,-0.0,140,0.8,6.01,0.2326,41.7
43,RU3r2,rule_grid,3.0,2,0.31,0.3101,0.31,0.3681,0.4209,-0.0,125,0.8,12.6,0.232,41.8
43,RU3r3,rule_grid,3.0,3,0.6621,0.6628,0.6621,0.5963,0.6819,0.0,65,1.0,7.92,0.231,42.0
43,RU5r1,rule_grid,5.0,1,0.149,0.1491,0.149,0.1745,0.2073,0.0,140,0.8,15.01,0.1116,48.2
43,RU5r2,rule_grid,5.0,2,0.1997,0.1997,0.1997,0.2193,0.2692,0.0,120,0.8,14.41,0.1116,48.2
43,RU5r3,rule_grid,5.0,3,0.2968,0.297,0.2968,0.254,0.3119,0.0,60,1.0,9.35,0.1105,48.3
43,RU7r1,rule_grid,7.0,1,0.0848,0.0848,0.0848,0.0965,0.1184,0.0,45,0.8,8.2,0.066,50.7
43,RU7r2,rule_grid,7.0,2,0.1194,0.1194,0.1194,0.1306,0.1674,0.0,125,0.8,12.63,0.0654,50.7
43,RU7r3,rule_grid,7.0,3,0.1817,0.1816,0.1817,0.1569,0.2043,0.0,60,1.0,10.25,0.0648,50.8
43,BE3r1,belt,3.0,1,2.3762,2.3762,2.3762,1.9928,2.3208,-0.0,100,1.0,2.64,0.1389,47.8
43,BE3r2,belt,3.0,2,1.5446,1.5447,1.5446,1.2795,1.4391,0.0,100,1.0,2.43,0.2074,43.6
43,BE3r3,belt,3.0,3,1.4343,1.4344,1.4343,1.2304,1.3826,0.0,90,1.0,5.51,0.2069,43.6
43,BE5r1,belt,5.0,1,0.9226,0.9226,0.9226,0.8588,1.0684,-0.0,95,1.0,3.24,0.0684,51.0
43,BE5r2,belt,5.0,2,0.5875,0.5876,0.5875,0.5521,0.6836,0.0,95,1.0,2.9,0.1001,49.1
43,BE5r3,belt,5.0,3,0.5948,0.5948,0.5948,0.5625,0.6847,0.0,90,1.0,5.81,0.0995,49.1
43,BE7r1,belt,7.0,1,0.48,0.48,0.48,0.4715,0.6122,-0.0,95,1.0,3.53,0.0402,52.3
43,BE7r2,belt,7.0,2,0.3327,0.3327,0.3327,0.3257,0.4267,-0.0,95,1.0,2.9,0.0588,51.2
43,BE7r3,belt,7.0,3,0.3527,0.3527,0.3527,0.3337,0.4271,-0.0,90,1.0,6.11,0.0581,51.2
43,CL3r1,cluster,3.0,1,0.187,0.187,0.187,0.2355,0.3309,0.0,135,0.6,16.53,0.118,47.9
43,CL3r2,cluster,3.0,2,0.2111,0.2112,0.2111,0.2292,0.3146,0.0,45,1.0,5.94,0.1177,47.9
43,CL3r3,cluster,3.0,3,0.2391,0.2414,0.2391,0.2679,0.3359,0.0,140,0.8,15.18,0.1242,47.6
43,CL5r1,cluster,5.0,1,0.1158,0.1173,0.1158,0.1598,0.2183,0.0,5,0.8,11.01,0.0589,51.1
43,CL5r2,cluster,5.0,2,0.1227,0.124,0.1227,0.1342,0.1842,-0.0,45,1.0,5.98,0.0587,51.1
43,CL5r3,cluster,5.0,3,0.1337,0.1341,0.1337,0.1476,0.1915,0.0,140,0.8,18.32,0.0612,51.0
43,CL7r1,cluster,7.0,1,0.0703,0.0703,0.0703,0.0834,0.1145,-0.0,135,0.8,10.87,0.0357,52.3
43,CL7r2,cluster,7.0,2,0.0789,0.0793,0.0789,0.0826,0.1089,0.0,45,0.8,10.47,0.0353,52.3
43,CL7r3,cluster,7.0,3,0.0865,0.0878,0.0865,0.0936,0.1228,-0.0,135,0.8,22.73,0.0371,52.2
43,MU3r1,multi_cluster,3.0,1,0.5125,0.5125,0.5125,0.5253,0.6279,0.0,100,0.8,6.89,0.1647,45.5
43,MU3r2,multi_cluster,3.0,2,1.1316,1.1316,1.1316,0.9758,1.1097,0.0,100,1.0,3.39,0.1917,44.3
43,MU3r3,multi_cluster,3.0,3,0.2681,0.2681,0.2681,0.3167,0.3685,0.0,50,0.8,9.94,0.1718,45.0
43,MU5r1,multi_cluster,5.0,1,0.2602,0.2603,0.2602,0.282,0.3555,0.0,95,0.8,6.61,0.0811,49.9
43,MU5r2,multi_cluster,5.0,2,0.451,0.4511,0.451,0.4352,0.5391,0.0,95,1.0,3.62,0.0928,49.4
43,MU5r3,multi_cluster,5.0,3,0.15,0.15,0.15,0.1757,0.2142,-0.0,140,0.8,11.34,0.0843,49.7
43,MU7r1,multi_cluster,7.0,1,0.1521,0.1522,0.1521,0.1708,0.2236,-0.0,95,0.8,8.62,0.0475,51.7
43,MU7r2,multi_cluster,7.0,2,0.2545,0.2546,0.2545,0.2547,0.3325,0.0,95,1.0,4.63,0.0543,51.4
43,MU7r3,multi_cluster,7.0,3,0.095,0.0951,0.095,0.1051,0.1322,-0.0,135,0.8,10.86,0.0493,51.6
44,RU3r1,rule_grid,3.0,1,0.6255,0.6257,0.6255,0.3572,0.3147,0.0,150,1.0,24.72,0.2971,25.8
44,RU3r2,rule_grid,3.0,2,0.8669,0.8675,0.8669,0.5229,0.4614,-0.0,0,1.0,19.49,0.2967,25.8
44,RU3r3,rule_grid,3.0,3,1.0175,1.0176,1.0175,0.6215,0.5416,0.0,120,1.0,12.53,0.2954,25.9
44,RU5r1,rule_grid,5.0,1,0.26,0.26,0.26,0.1977,0.1749,0.0,55,0.8,5.9,0.1479,31.1
44,RU5r2,rule_grid,5.0,2,0.4293,0.4293,0.4293,0.2806,0.2465,0.0,120,1.0,14.45,0.1481,31.2
44,RU5r3,rule_grid,5.0,3,0.3992,0.3996,0.3992,0.3174,0.2785,0.0,120,1.0,16.49,0.1468,31.2
44,RU7r1,rule_grid,7.0,1,0.1749,0.1749,0.1749,0.1185,0.1045,-0.0,145,0.8,6.53,0.0896,33.2
44,RU7r2,rule_grid,7.0,2,0.2633,0.2633,0.2633,0.1807,0.159,0.0,120,1.0,17.63,0.0887,33.3
44,RU7r3,rule_grid,7.0,3,0.2231,0.2231,0.2231,0.2041,0.1797,-0.0,120,1.0,12.08,0.0879,33.3
44,BE3r1,belt,3.0,1,2.7409,2.7409,2.7409,1.6992,1.5077,-0.0,165,1.0,17.1,0.1843,30.5
44,BE3r2,belt,3.0,2,1.8436,1.8437,1.8436,1.0829,0.9538,-0.0,155,1.0,17.03,0.2684,27.1
44,BE3r3,belt,3.0,3,1.9569,1.9572,1.9569,1.1075,0.9785,0.0,0,1.0,23.39,0.2677,27.2
44,BE5r1,belt,5.0,1,1.0439,1.0439,1.0439,0.7847,0.6951,0.0,165,1.0,16.94,0.0928,33.4
44,BE5r2,belt,5.0,2,0.718,0.718,0.718,0.5084,0.448,-0.0,150,1.0,16.88,0.1334,31.8
44,BE5r3,belt,5.0,3,0.7768,0.7768,0.7768,0.5336,0.4711,0.0,0,1.0,22.64,0.133,31.8
44,BE7r1,belt,7.0,1,0.5638,0.5638,0.5638,0.4535,0.4022,0.0,145,1.0,16.99,0.0555,34.6
44,BE7r2,belt,7.0,2,0.4191,0.4191,0.4191,0.3161,0.2792,0.0,145,1.0,16.82,0.08,33.7
44,BE7r3,belt,7.0,3,0.4237,0.4237,0.4237,0.3243,0.2866,-0.0,0,1.0,23.58,0.0792,33.7
44,CL3r1,cluster,3.0,1,0.4087,0.4087,0.4087,0.3587,0.3124,0.0,60,0.8,14.45,0.1609,30.7
44,CL3r2,cluster,3.0,2,0.3547,0.3544,0.3547,0.3349,0.2919,0.0,60,0.8,17.17,0.1609,30.7
44,CL3r3,cluster,3.0,3,0.3853,0.3892,0.3853,0.3252,0.2843,0.0,60,0.8,14.78,0.1677,30.4
44,CL5r1,cluster,5.0,1,0.2353,0.2361,0.2353,0.2266,0.1998,-0.0,55,0.8,6.91,0.0805,33.6
44,CL5r2,cluster,5.0,2,0.2043,0.2052,0.2043,0.2062,0.182,0.0,55,0.8,10.56,0.0806,33.6
44,CL5r3,cluster,5.0,3,0.216,0.2163,0.216,0.183,0.1613,0.0,55,0.8,12.59,0.0836,33.5
44,CL7r1,cluster,7.0,1,0.1332,0.1332,0.1332,0.1333,0.1183,0.0,55,0.8,13.11,0.0489,34.7
44,CL7r2,cluster,7.0,2,0.1232,0.1237,0.1232,0.1284,0.114,0.0,55,0.8,16.12,0.0486,34.7
44,CL7r3,cluster,7.0,3,0.1418,0.1421,0.1418,0.1257,0.1113,0.0,55,0.8,8.77,0.0508,34.6
44,MU3r1,multi_cluster,3.0,1,0.8534,0.8534,0.8534,0.57,0.4981,0.0,150,0.8,16.78,0.2188,28.7
44,MU3r2,multi_cluster,3.0,2,1.4068,1.4068,1.4068,0.8678,0.7625,0.0,155,1.0,17.03,0.2501,27.7
44,MU3r3,multi_cluster,3.0,3,0.5215,0.5216,0.5215,0.3514,0.308,-0.0,60,0.8,9.91,0.2273,28.3
44,MU5r1,multi_cluster,5.0,1,0.4021,0.4022,0.4021,0.3047,0.2694,-0.0,145,0.8,20.45,0.1091,32.6
44,MU5r2,multi_cluster,5.0,2,0.5766,0.5766,0.5766,0.4179,0.3689,0.0,150,1.0,16.74,0.1241,32.1
44,MU5r3,multi_cluster,5.0,3,0.2644,0.2644,0.2644,0.1991,0.176,0.0,145,0.8,9.32,0.1131,32.4
44,MU7r1,multi_cluster,7.0,1,0.2457,0.2457,0.2457,0.19,0.1684,0.0,145,0.8,20.35,0.0648,34.2
44,MU7r2,multi_cluster,7.0,2,0.3419,0.3419,0.3419,0.2584,0.2285,0.0,145,1.0,16.77,0.074,33.9
44,MU7r3,multi_cluster,7.0,3,0.17,0.1701,0.17,0.1291,0.114,-0.0,55,0.8,13.88,0.0671,34.0
45,RU3r1,rule_grid,3.0,1,4.2755,4.2756,4.2755,3.8493,5.1116,-0.0,90,1.0,16.88,0.158,54.2
45,RU3r2,rule_grid,3.0,2,4.6394,4.6394,4.6394,4.0237,5.4083,-0.0,95,1.0,1.04,0.1571,54.5
45,RU3r3,rule_grid,3.0,3,5.4664,5.4665,5.4664,4.8518,6.5792,0.0,90,1.0,-0.0,0.1571,54.9
45,RU5r1,rule_grid,5.0,1,1.7746,1.7746,1.7746,1.7329,2.6344,0.0,90,1.0,4.82,0.0671,58.7
45,RU5r2,rule_grid,5.0,2,1.9014,1.9014,1.9014,1.6774,2.5468,-0.0,90,1.0,1.02,0.0667,58.8
45,RU5r3,rule_grid,5.0,3,2.1911,2.191,2.1911,2.0179,3.099,0.0,90,1.0,-0.0,0.0665,58.9
45,RU7r1,rule_grid,7.0,1,0.9508,0.9508,0.9508,0.9506,1.5328,0.0,90,1.0,4.85,0.0374,60.0
45,RU7r2,rule_grid,7.0,2,1.0242,1.0242,1.0242,0.9096,1.4724,0.0,90,1.0,0.79,0.0368,60.1
45,RU7r3,rule_grid,7.0,3,1.1998,1.1998,1.1998,1.1281,1.8537,0.0,90,1.0,-0.0,0.0368,60.2
45,BE3r1,belt,3.0,1,6.5715,6.5715,6.5715,6.6256,9.9357,0.0,175,1.0,13.74,0.0989,59.3
45,BE3r2,belt,3.0,2,5.8985,5.8985,5.8985,5.5484,7.7661,0.0,175,1.0,17.31,0.1425,56.1
45,BE3r3,belt,3.0,3,6.7607,6.7607,6.7607,6.2911,8.9012,-0.0,150,1.0,0.0,0.1419,56.6
45,BE5r1,belt,5.0,1,2.7484,2.7484,2.7484,2.8436,4.7282,0.0,175,1.0,13.26,0.043,60.8
45,BE5r2,belt,5.0,2,2.3877,2.3877,2.3877,2.3789,3.7678,-0.0,175,1.0,23.59,0.061,59.4
45,BE5r3,belt,5.0,3,2.7273,2.7273,2.7273,2.6146,4.1627,0.0,150,1.0,0.46,0.0606,59.6
45,BE7r1,belt,7.0,1,1.4972,1.4972,1.4972,1.5814,2.7497,-0.0,175,1.0,18.65,0.0239,61.2
45,BE7r2,belt,7.0,2,1.3162,1.3162,1.3162,1.359,2.287,-0.0,175,1.0,23.91,0.0338,60.5
45,BE7r3,belt,7.0,3,1.4784,1.4784,1.4784,1.4464,2.4494,0.0,150,1.0,0.0,0.0334,60.6
45,CL3r1,cluster,3.0,1,3.0388,3.0388,3.0388,2.9658,4.8321,-0.0,90,1.0,0.46,0.0756,58.9
45,CL3r2,cluster,3.0,2,2.9772,2.9768,2.9772,2.9101,4.7569,0.0,90,1.0,0.61,0.0755,58.8
45,CL3r3,cluster,3.0,3,2.762,2.7639,2.762,2.6673,4.1927,-0.0,0,1.0,2.71,0.08,58.4
45,CL5r1,cluster,5.0,1,1.4308,1.4301,1.4308,1.4404,2.4648,0.0,90,1.0,0.46,0.0337,60.6
45,CL5r2,cluster,5.0,2,1.4325,1.4335,1.4325,1.4387,2.4592,0.0,90,1.0,-0.0,0.0339,60.5
45,CL5r3,cluster,5.0,3,1.2936,1.2938,1.2936,1.2883,2.1554,0.0,0,1.0,2.71,0.0354,60.4
45,CL7r1,cluster,7.0,1,0.8582,0.8582,0.8582,0.8744,1.5343,0.0,90,1.0,-0.0,0.0194,61.1
45,CL7r2,cluster,7.0,2,0.8475,0.848,0.8475,0.8632,1.5164,0.0,90,1.0,-0.0,0.0194,61.1
45,CL7r3,cluster,7.0,3,0.7801,0.7802,0.7801,0.7887,1.3671,-0.0,0,1.0,2.71,0.0203,61.0
45,MU3r1,multi_cluster,3.0,1,4.1483,4.1483,4.1483,3.799,5.4986,-0.0,0,1.0,17.31,0.1139,57.0
45,MU3r2,multi_cluster,3.0,2,5.1115,5.1115,5.1115,4.8362,6.833,-0.0,175,1.0,29.27,0.1319,56.4
45,MU3r3,multi_cluster,3.0,3,3.7926,3.7926,3.7926,3.4408,4.8275,-0.0,0,1.0,10.27,0.1174,56.6
45,MU5r1,multi_cluster,5.0,1,1.8613,1.8613,1.8613,1.823,2.908,0.0,0,1.0,29.27,0.0499,59.8
45,MU5r2,multi_cluster,5.0,2,2.136,2.136,2.136,2.1442,3.3946,-0.0,175,1.0,29.85,0.0568,59.5
45,MU5r3,multi_cluster,5.0,3,1.7025,1.7025,1.7025,1.6241,2.5356,0.0,90,1.0,0.61,0.0513,59.6
45,MU7r1,multi_cluster,7.0,1,1.0465,1.0465,1.0465,1.0509,1.7624,-0.0,0,1.0,22.85,0.0276,60.7
45,MU7r2,multi_cluster,7.0,2,1.1787,1.1788,1.1787,1.228,2.0595,0.0,175,1.0,37.21,0.0314,60.5
45,MU7r3,multi_cluster,7.0,3,0.9549,0.9548,0.9549,0.9382,1.5457,-0.0,90,1.0,0.61,0.0284,60.6
46,RU3r1,rule_grid,3.0,1,3.1421,3.1422,3.1421,2.9732,3.9789,-0.0,0,1.0,11.18,0.1528,55.7
46,RU3r2,rule_grid,3.0,2,3.8045,3.8045,3.8045,3.3411,4.5304,0.0,90,1.0,0.92,0.1519,56.1
46,RU3r3,rule_grid,3.0,3,4.2004,4.2005,4.2004,3.9078,5.3764,0.0,90,1.0,0.46,0.1519,56.3
46,RU5r1,rule_grid,5.0,1,1.227,1.2269,1.227,1.2724,1.9848,0.0,90,1.0,8.17,0.0641,60.3
46,RU5r2,rule_grid,5.0,2,1.4887,1.4887,1.4887,1.3923,2.1848,0.0,90,1.0,1.02,0.0637,60.5
46,RU5r3,rule_grid,5.0,3,1.5789,1.5788,1.5789,1.5896,2.5271,0.0,90,1.0,0.61,0.0635,60.6
46,RU7r1,rule_grid,7.0,1,0.653,0.6531,0.653,0.6945,1.1432,0.0,90,1.0,6.85,0.0356,61.8
46,RU7r2,rule_grid,7.0,2,0.7729,0.7729,0.7729,0.7596,1.2847,0.0,90,1.0,0.79,0.035,61.9
46,RU7r3,rule_grid,7.0,3,0.8439,0.8439,0.8439,0.8875,1.5273,0.0,90,1.0,0.61,0.035,62.0
46,BE3r1,belt,3.0,1,5.4066,5.4066,5.4066,5.651,8.6256,0.0,175,1.0,8.63,0.0955,60.7
46,BE3r2,belt,3.0,2,4.5202,4.5203,4.5202,4.5141,6.4236,-0.0,175,1.0,14.17,0.1377,57.4
46,BE3r3,belt,3.0,3,5.3564,5.3565,5.3564,5.2645,7.5992,-0.0,150,1.0,0.46,0.137,57.9
46,BE5r1,belt,5.0,1,2.1268,2.1268,2.1268,2.3315,4.0254,-0.0,175,1.0,16.96,0.0411,62.4
46,BE5r2,belt,5.0,2,1.7098,1.7098,1.7098,1.8348,3.0205,-0.0,175,1.0,19.32,0.0583,61.0
46,BE5r3,belt,5.0,3,2.0356,2.0356,2.0356,2.1205,3.5238,0.0,150,1.0,0.0,0.0579,61.2
46,BE7r1,belt,7.0,1,1.1303,1.1303,1.1303,1.2759,2.3206,-0.0,175,1.0,16.97,0.0228,62.9
46,BE7r2,belt,7.0,2,0.9206,0.9206,0.9206,1.0346,1.8247,0.0,0,1.0,22.35,0.0322,62.2
46,BE7r3,belt,7.0,3,1.0836,1.0836,1.0836,1.1667,2.0775,-0.0,150,1.0,0.46,0.0318,62.3
46,CL3r1,cluster,3.0,1,2.1697,2.1698,2.1697,2.3394,3.9959,0.0,90,1.0,0.61,0.0722,60.4
46,CL3r2,cluster,3.0,2,2.134,2.1337,2.134,2.2952,3.938,-0.0,90,1.0,0.77,0.0721,60.4
46,CL3r3,cluster,3.0,3,2.148,2.1499,2.148,2.1921,3.5979,0.0,20,1.0,2.57,0.0764,60.1
46,CL5r1,cluster,5.0,1,1.0072,1.0069,1.0072,1.1297,2.0267,-0.0,90,1.0,0.46,0.0321,62.3
46,CL5r2,cluster,5.0,2,1.0102,1.0115,1.0102,1.1276,2.0206,0.0,90,1.0,0.61,0.0322,62.3
46,CL5r3,cluster,5.0,3,0.9439,0.9441,0.9439,1.0147,1.7826,0.0,25,1.0,3.07,0.0337,62.1
46,CL7r1,cluster,7.0,1,0.6037,0.6037,0.6037,0.6877,1.2669,0.0,90,1.0,0.46,0.0185,62.9
46,CL7r2,cluster,7.0,2,0.5966,0.5972,0.5966,0.6774,1.2496,0.0,90,1.0,0.61,0.0184,62.9
46,CL7r3,cluster,7.0,3,0.5716,0.5716,0.5716,0.6212,1.1295,0.0,20,1.0,2.57,0.0193,62.8
46,MU3r1,multi_cluster,3.0,1,3.0731,3.0731,3.0731,3.0681,4.5707,-0.0,0,1.0,23.31,0.1097,58.5
46,MU3r2,multi_cluster,3.0,2,3.8451,3.8451,3.8451,3.9147,5.6307,0.0,175,1.0,26.35,0.1273,57.7
46,MU3r3,multi_cluster,3.0,3,2.7755,2.7755,2.7755,2.7029,3.8544,-0.0,0,1.0,12.22,0.113,58.1
46,MU5r1,multi_cluster,5.0,1,1.3247,1.3248,1.3247,1.4025,2.319,0.0,0,1.0,23.51,0.0477,61.5
46,MU5r2,multi_cluster,5.0,2,1.5047,1.5047,1.5047,1.6416,2.6912,0.0,0,1.0,20.86,0.0543,61.1
46,MU5r3,multi_cluster,5.0,3,1.1943,1.1943,1.1943,1.2476,1.9923,0.0,90,1.0,4.19,0.049,61.3
46,MU7r1,multi_cluster,7.0,1,0.7407,0.7407,0.7407,0.7982,1.3921,0.0,0,1.0,26.28,0.0263,62.5
46,MU7r2,multi_cluster,7.0,2,0.8374,0.8374,0.8374,0.9284,1.622,0.0,0,1.0,22.11,0.0299,62.3
46,MU7r3,multi_cluster,7.0,3,0.6655,0.6655,0.6655,0.7188,1.2163,0.0,90,1.0,3.5,0.027,62.4
47,RU3r1,rule_grid,3.0,1,3.6926,3.6934,3.6926,2.168,1.7137,0.0,80,1.0,1.04,0.2987,28.4
47,RU3r2,rule_grid,3.0,2,3.3884,3.3884,3.3884,1.8692,1.4867,-0.0,165,1.0,13.68,0.2981,28.4
47,RU3r3,rule_grid,3.0,3,5.0964,5.0969,5.0964,3.2252,2.5389,0.0,95,1.0,0.82,0.2971,28.9
47,RU5r1,rule_grid,5.0,1,1.7908,1.7906,1.7908,1.1149,0.8831,-0.0,170,1.0,7.93,0.1436,34.1
47,RU5r2,rule_grid,5.0,2,1.5623,1.5623,1.5623,0.9413,0.746,-0.0,165,1.0,1.66,0.1435,34.0
47,RU5r3,rule_grid,5.0,3,2.2203,2.2221,2.2203,1.5066,1.1911,0.0,95,1.0,1.06,0.1427,34.2
47,RU7r1,rule_grid,7.0,1,1.0323,1.0324,1.0323,0.6526,0.5152,0.0,80,1.0,7.13,0.0851,36.1
47,RU7r2,rule_grid,7.0,2,0.8692,0.8691,0.8692,0.5567,0.4401,-0.0,165,1.0,7.5,0.0841,36.1
47,RU7r3,rule_grid,7.0,3,1.3009,1.301,1.3009,0.9348,0.7406,0.0,95,1.0,1.43,0.0837,36.3
47,BE3r1,belt,3.0,1,8.3515,8.3515,8.3515,6.5591,5.2604,-0.0,130,1.0,0.71,0.189,34.3
47,BE3r2,belt,3.0,2,6.0085,6.0087,6.0085,4.1671,3.2787,0.0,135,1.0,0.77,0.2713,30.2
47,BE3r3,belt,3.0,3,7.0864,7.0867,7.0864,4.8791,3.834,-0.0,110,1.0,0.46,0.2706,30.5
47,BE5r1,belt,5.0,1,3.6311,3.6312,3.6311,2.9371,2.3483,-0.0,130,1.0,0.98,0.092,36.8
47,BE5r2,belt,5.0,2,2.5239,2.5238,2.5239,1.8807,1.4835,-0.0,135,1.0,7.29,0.1305,34.8
47,BE5r3,belt,5.0,3,3.0551,3.0551,3.0551,2.2243,1.7556,-0.0,110,1.0,0.82,0.1299,35.0
47,BE7r1,belt,7.0,1,1.9804,1.9804,1.9804,1.6407,1.3177,-0.0,130,1.0,1.14,0.054,37.7
47,BE7r2,belt,7.0,2,1.4183,1.4183,1.4183,1.1237,0.8942,0.0,135,1.0,8.2,0.0767,36.6
47,BE7r3,belt,7.0,3,1.7078,1.7078,1.7078,1.3034,1.036,0.0,110,1.0,0.82,0.0759,36.7
47,CL3r1,cluster,3.0,1,2.5981,2.598,2.5981,1.6496,1.2889,0.0,170,1.0,14.41,0.1605,33.7
47,CL3r2,cluster,3.0,2,2.3407,2.3403,2.3407,1.459,1.1397,-0.0,170,1.0,19.1,0.1606,33.6
47,CL3r3,cluster,3.0,3,2.8945,2.9056,2.8945,1.8264,1.4268,-0.0,170,1.0,0.61,0.1673,33.5
47,CL5r1,cluster,5.0,1,1.3105,1.3082,1.3105,0.8905,0.7104,0.0,170,1.0,12.82,0.0766,36.6
47,CL5r2,cluster,5.0,2,1.2615,1.2607,1.2615,0.8395,0.6699,0.0,170,1.0,15.51,0.0769,36.5
47,CL5r3,cluster,5.0,3,1.4569,1.4591,1.4569,0.9613,0.7659,0.0,170,1.0,0.68,0.0799,36.5
47,CL7r1,cluster,7.0,1,0.8294,0.8294,0.8294,0.5693,0.4573,0.0,170,1.0,7.84,0.0456,37.6
47,CL7r2,cluster,7.0,2,0.7848,0.7842,0.7848,0.5328,0.428,0.0,170,1.0,14.2,0.0455,37.6
47,CL7r3,cluster,7.0,3,0.9085,0.9084,0.9085,0.6125,0.4917,0.0,170,1.0,0.82,0.0476,37.6
47,MU3r1,multi_cluster,3.0,1,3.7999,3.7999,3.7999,2.3806,1.8638,-0.0,80,1.0,6.42,0.2228,31.5
47,MU3r2,multi_cluster,3.0,2,4.8124,4.8126,4.8124,3.2962,2.5853,0.0,135,1.0,8.36,0.2534,30.6
47,MU3r3,multi_cluster,3.0,3,3.496,3.4961,3.496,2.0955,1.6437,0.0,170,1.0,0.68,0.2301,31.1
47,MU5r1,multi_cluster,5.0,1,1.8932,1.8933,1.8932,1.2387,0.9842,0.0,80,1.0,0.98,0.1073,35.5
47,MU5r2,multi_cluster,5.0,2,2.1346,2.1346,2.1346,1.5179,1.2008,0.0,85,1.0,8.15,0.1216,35.1
47,MU5r3,multi_cluster,5.0,3,1.7697,1.7697,1.7697,1.1162,0.8858,0.0,80,1.0,0.98,0.1106,35.4
47,MU7r1,multi_cluster,7.0,1,1.1255,1.1255,1.1255,0.7495,0.5973,0.0,80,1.0,1.23,0.0625,37.1
47,MU7r2,multi_cluster,7.0,2,1.2377,1.2378,1.2377,0.9031,0.72,-0.0,85,1.0,7.46,0.0712,36.7
47,MU7r3,multi_cluster,7.0,3,1.0578,1.0577,1.0578,0.6826,0.5429,0.0,80,1.0,16.03,0.0644,37.0
48,RU3r1,rule_grid,3.0,1,0.6841,0.6841,0.6841,0.5707,0.6716,0.0,175,0.8,28.46,0.22,43.0
48,RU3r2,rule_grid,3.0,2,0.5133,0.5133,0.5133,0.512,0.6237,-0.0,75,1.0,8.83,0.2194,42.9
48,RU3r3,rule_grid,3.0,3,1.0394,1.0398,1.0394,0.8958,1.0914,0.0,85,1.0,5.25,0.2184,43.2
48,RU5r1,rule_grid,5.0,1,0.3804,0.3805,0.3804,0.3068,0.3826,0.0,85,0.8,12.81,0.1061,49.1
48,RU5r2,rule_grid,5.0,2,0.268,0.268,0.268,0.2642,0.3377,0.0,75,0.8,8.9,0.1061,49.0
48,RU5r3,rule_grid,5.0,3,0.4672,0.4673,0.4672,0.4053,0.52,0.0,90,1.0,7.04,0.1051,49.2
48,RU7r1,rule_grid,7.0,1,0.2302,0.2303,0.2302,0.1839,0.2344,0.0,85,1.0,3.77,0.0629,51.4
48,RU7r2,rule_grid,7.0,2,0.1785,0.1785,0.1785,0.1647,0.2104,0.0,90,1.0,9.16,0.0624,51.4
48,RU7r3,rule_grid,7.0,3,0.2943,0.2943,0.2943,0.2426,0.3286,-0.0,90,1.0,9.54,0.0618,51.5
48,BE3r1,belt,3.0,1,2.1094,2.1094,2.1094,1.8695,2.3208,-0.0,130,1.0,4.85,0.1318,48.5
48,BE3r2,belt,3.0,2,1.1179,1.118,1.1179,1.0814,1.3154,-0.0,120,1.0,7.23,0.1964,44.4
48,BE3r3,belt,3.0,3,1.5977,1.5977,1.5977,1.4928,1.8123,0.0,140,1.0,4.36,0.1958,44.7
48,BE5r1,belt,5.0,1,0.819,0.819,0.819,0.7867,1.0435,0.0,135,1.0,7.27,0.0651,51.6
48,BE5r2,belt,5.0,2,0.4802,0.4803,0.4802,0.4455,0.6012,0.0,90,1.0,8.83,0.0951,49.7
48,BE5r3,belt,5.0,3,0.6346,0.6346,0.6346,0.6543,0.8531,0.0,140,1.0,6.14,0.0945,49.8
48,BE7r1,belt,7.0,1,0.4157,0.4157,0.4157,0.421,0.5816,0.0,135,1.0,7.21,0.0384,52.8
48,BE7r2,belt,7.0,2,0.3056,0.3057,0.3056,0.2656,0.377,0.0,90,1.0,8.89,0.056,51.8
48,BE7r3,belt,7.0,3,0.3517,0.3517,0.3517,0.3792,0.5158,-0.0,140,1.0,5.23,0.0554,51.8
48,CL3r1,cluster,3.0,1,0.5311,0.5311,0.5311,0.4892,0.6553,0.0,85,0.8,3.03,0.1123,48.8
48,CL3r2,cluster,3.0,2,0.5657,0.5686,0.5657,0.5144,0.6872,0.0,85,0.8,2.78,0.1119,48.8
48,CL3r3,cluster,3.0,3,0.5591,0.5608,0.5591,0.4824,0.6401,0.0,175,0.8,27.7,0.118,48.5
48,CL5r1,cluster,5.0,1,0.2818,0.2826,0.2818,0.2735,0.3746,-0.0,85,0.8,7.47,0.0562,51.8
48,CL5r2,cluster,5.0,2,0.3166,0.3172,0.3166,0.3,0.4111,0.0,85,0.8,7.58,0.056,51.8
48,CL5r3,cluster,5.0,3,0.3042,0.3048,0.3042,0.2727,0.3699,-0.0,175,0.8,28.48,0.0583,51.7
48,CL7r1,cluster,7.0,1,0.2081,0.2081,0.2081,0.1884,0.2598,0.0,90,0.8,2.66,0.0341,52.9
48,CL7r2,cluster,7.0,2,0.2065,0.2067,0.2065,0.1967,0.2722,0.0,85,0.8,8.0,0.0337,53.0
48,CL7r3,cluster,7.0,3,0.2002,0.2008,0.2002,0.1838,0.2528,0.0,175,0.8,28.48,0.0354,52.9
48,MU3r1,multi_cluster,3.0,1,0.7222,0.7223,0.7222,0.5962,0.7569,0.0,85,0.8,11.12,0.1561,46.5
48,MU3r2,multi_cluster,3.0,2,0.8367,0.8367,0.8367,0.7554,0.9271,-0.0,90,1.0,9.77,0.1815,45.1
48,MU3r3,multi_cluster,3.0,3,0.6715,0.6715,0.6715,0.5466,0.6723,0.0,85,0.8,3.84,0.1629,46.1
48,MU5r1,multi_cluster,5.0,1,0.4037,0.4038,0.4037,0.3274,0.4208,0.0,90,0.8,15.91,0.0771,50.7
48,MU5r2,multi_cluster,5.0,2,0.4429,0.4429,0.4429,0.348,0.4484,-0.0,90,1.0,10.78,0.0882,50.1
48,MU5r3,multi_cluster,5.0,3,0.3852,0.3852,0.3852,0.3189,0.4068,-0.0,85,0.8,2.82,0.0801,50.5
48,MU7r1,multi_cluster,7.0,1,0.2667,0.2667,0.2667,0.2151,0.2773,0.0,90,1.0,15.78,0.0452,52.4
48,MU7r2,multi_cluster,7.0,2,0.2859,0.286,0.2859,0.2247,0.2883,-0.0,90,1.0,10.33,0.0517,52.0
48,MU7r3,multi_cluster,7.0,3,0.2419,0.242,0.2419,0.1974,0.2592,-0.0,90,1.0,2.73,0.047,52.3
49,RU3r1,rule_grid,3.0,1,0.9188,0.9187,0.9188,0.8085,0.9021,-0.0,170,0.8,18.99,0.2365,40.0
49,RU3r2,rule_grid,3.0,2,0.8317,0.8317,0.8317,0.7139,0.8203,0.0,80,1.0,9.77,0.236,40.0
49,RU3r3,rule_grid,3.0,3,1.315,1.3154,1.315,1.1478,1.292,0.0,85,1.0,3.96,0.2349,40.2
49,RU5r1,rule_grid,5.0,1,0.4493,0.4495,0.4493,0.4003,0.4599,-0.0,0,0.8,12.96,0.115,46.2
49,RU5r2,rule_grid,5.0,2,0.4272,0.4273,0.4272,0.3593,0.4261,0.0,85,1.0,10.26,0.115,46.1
49,RU5r3,rule_grid,5.0,3,0.5675,0.5677,0.5675,0.5359,0.6224,0.0,90,1.0,8.45,0.1139,46.3
49,RU7r1,rule_grid,7.0,1,0.3079,0.3079,0.3079,0.2526,0.2941,0.0,90,1.0,4.31,0.0685,48.5
49,RU7r2,rule_grid,7.0,2,0.2702,0.2703,0.2702,0.2193,0.259,0.0,90,1.0,10.15,0.0679,48.5
49,RU7r3,rule_grid,7.0,3,0.3471,0.3471,0.3471,0.338,0.4112,0.0,90,1.0,11.85,0.0673,48.6
49,BE3r1,belt,3.0,1,2.9431,2.9431,2.9431,2.6091,3.0258,0.0,115,1.0,3.59,0.142,45.9
49,BE3r2,belt,3.0,2,1.8062,1.8063,1.8062,1.5573,1.7578,0.0,110,1.0,7.85,0.2113,41.7
49,BE3r3,belt,3.0,3,2.3358,2.3359,2.3358,1.9044,2.1778,0.0,135,1.0,2.33,0.2108,41.9
49,BE5r1,belt,5.0,1,1.1926,1.1927,1.1926,1.1212,1.3679,-0.0,110,1.0,3.74,0.0706,48.8
49,BE5r2,belt,5.0,2,0.7475,0.7475,0.7475,0.6858,0.8348,-0.0,110,1.0,11.21,0.1031,46.9
49,BE5r3,belt,5.0,3,0.9986,0.9986,0.9986,0.8682,1.0595,-0.0,135,1.0,7.06,0.1025,47.1
49,BE7r1,belt,7.0,1,0.6474,0.6474,0.6474,0.616,0.7736,-0.0,110,1.0,3.79,0.0418,50.1
49,BE7r2,belt,7.0,2,0.4474,0.4475,0.4474,0.4164,0.5296,-0.0,110,0.8,8.54,0.061,49.0
49,BE7r3,belt,7.0,3,0.5667,0.5668,0.5667,0.5047,0.6374,0.0,135,1.0,7.45,0.0603,49.1
49,CL3r1,cluster,3.0,1,0.81,0.81,0.81,0.7221,0.8926,0.0,85,1.0,5.32,0.122,46.0
49,CL3r2,cluster,3.0,2,0.8469,0.8497,0.8469,0.7609,0.942,0.0,85,1.0,3.57,0.1217,46.0
49,CL3r3,cluster,3.0,3,0.8726,0.8746,0.8726,0.7803,0.9457,-0.0,175,1.0,27.67,0.1281,45.7
49,CL5r1,cluster,5.0,1,0.4223,0.4233,0.4223,0.3845,0.4842,0.0,85,1.0,8.75,0.0613,48.9
49,CL5r2,cluster,5.0,2,0.4641,0.465,0.4641,0.4161,0.5243,-0.0,85,1.0,5.47,0.0611,49.0
49,CL5r3,cluster,5.0,3,0.4605,0.4611,0.4605,0.4091,0.5098,0.0,175,1.0,27.77,0.0636,48.8
49,CL7r1,cluster,7.0,1,0.3062,0.3062,0.3062,0.2656,0.3277,-0.0,90,1.0,5.42,0.0373,50.1
49,CL7r2,cluster,7.0,2,0.3099,0.3102,0.3099,0.2696,0.3406,0.0,90,1.0,5.54,0.0368,50.2
49,CL7r3,cluster,7.0,3,0.3277,0.3277,0.3277,0.2864,0.3577,0.0,0,1.0,34.84,0.0387,50.1
49,MU3r1,multi_cluster,3.0,1,0.9915,0.9915,0.9915,0.9016,1.0338,0.0,170,0.8,14.05,0.1687,43.6
49,MU3r2,multi_cluster,3.0,2,1.3187,1.3187,1.3187,1.1506,1.3077,0.0,110,1.0,10.15,0.1956,42.3
49,MU3r3,multi_cluster,3.0,3,0.9157,0.9158,0.9157,0.8148,0.9386,-0.0,80,0.8,10.08,0.1759,43.2
49,MU5r1,multi_cluster,5.0,1,0.5738,0.5739,0.5738,0.5025,0.5898,0.0,90,0.8,12.53,0.0837,47.8
49,MU5r2,multi_cluster,5.0,2,0.6061,0.6061,0.6061,0.5375,0.6366,-0.0,90,0.8,11.99,0.0957,47.2
49,MU5r3,multi_cluster,5.0,3,0.5003,0.5004,0.5003,0.4363,0.5105,-0.0,90,0.8,4.53,0.087,47.6
49,MU7r1,multi_cluster,7.0,1,0.3839,0.3839,0.3839,0.3214,0.3851,0.0,90,1.0,11.68,0.0492,49.6
49,MU7r2,multi_cluster,7.0,2,0.4034,0.4034,0.4034,0.3367,0.4018,-0.0,90,0.8,11.14,0.0564,49.2
49,MU7r3,multi_cluster,7.0,3,0.3421,0.3421,0.3421,0.2852,0.3377,0.0,90,1.0,4.19,0.0512,49.4
50,RU3r1,rule_grid,3.0,1,0.9452,0.9452,0.9452,0.4963,0.4179,-0.0,0,1.0,11.07,0.3078,23.6
50,RU3r2,rule_grid,3.0,2,0.9938,0.9938,0.9938,0.6173,0.5077,0.0,155,1.0,17.94,0.3074,23.6
50,RU3r3,rule_grid,3.0,3,0.9826,0.983,0.9826,0.6259,0.5034,0.0,145,0.8,8.14,0.3061,23.7
50,RU5r1,rule_grid,5.0,1,0.5635,0.5635,0.5635,0.3406,0.2816,0.0,90,1.0,11.95,0.152,28.8
50,RU5r2,rule_grid,5.0,2,0.624,0.624,0.624,0.4429,0.3588,-0.0,90,1.0,14.15,0.1521,28.8
50,RU5r3,rule_grid,5.0,3,0.4721,0.4723,0.4721,0.351,0.2894,0.0,15,0.8,9.69,0.151,28.8
50,RU7r1,rule_grid,7.0,1,0.3749,0.375,0.3749,0.2461,0.1996,0.0,90,1.0,18.01,0.0916,30.8
50,RU7r2,rule_grid,7.0,2,0.3928,0.3928,0.3928,0.3033,0.2444,0.0,90,1.0,16.28,0.0906,30.8
50,RU7r3,rule_grid,7.0,3,0.3086,0.3086,0.3086,0.2495,0.2018,-0.0,15,0.8,13.92,0.09,30.8
50,BE3r1,belt,3.0,1,3.807,3.807,3.807,2.2978,1.8914,0.0,0,1.0,22.59,0.1939,28.3
50,BE3r2,belt,3.0,2,2.6043,2.6043,2.6043,1.498,1.2302,-0.0,0,1.0,27.93,0.2793,25.0
50,BE3r3,belt,3.0,3,2.0183,2.0183,2.0183,1.2442,1.0204,0.0,0,1.0,29.21,0.2787,24.9
50,BE5r1,belt,5.0,1,1.7042,1.7042,1.7042,1.1006,0.8897,0.0,0,1.0,17.13,0.0967,31.0
50,BE5r2,belt,5.0,2,1.2074,1.2076,1.2074,0.7709,0.6223,-0.0,0,1.0,22.14,0.1377,29.5
50,BE5r3,belt,5.0,3,0.9256,0.9256,0.9256,0.6576,0.5299,0.0,25,1.0,29.78,0.1372,29.4
50,BE7r1,belt,7.0,1,0.9804,0.9804,0.9804,0.6581,0.5292,0.0,0,1.0,17.2,0.0575,32.2
50,BE7r2,belt,7.0,2,0.7495,0.7496,0.7495,0.5081,0.4076,-0.0,0,1.0,22.21,0.0822,31.2
50,BE7r3,belt,7.0,3,0.5706,0.5707,0.5706,0.4214,0.3376,0.0,25,1.0,29.93,0.0814,31.2
50,CL3r1,cluster,3.0,1,0.7212,0.7213,0.7212,0.4648,0.3682,0.0,90,1.0,10.26,0.1679,28.3
50,CL3r2,cluster,3.0,2,0.591,0.5905,0.591,0.369,0.2907,-0.0,90,0.8,10.94,0.168,28.3
50,CL3r3,cluster,3.0,3,0.6634,0.678,0.6634,0.3656,0.2933,0.0,90,1.0,5.1,0.1747,28.1
50,CL5r1,cluster,5.0,1,0.4764,0.4768,0.4764,0.3271,0.2626,0.0,90,1.0,10.05,0.0825,31.1
50,CL5r2,cluster,5.0,2,0.4109,0.4115,0.4109,0.2767,0.222,-0.0,90,1.0,10.66,0.0827,31.1
50,CL5r3,cluster,5.0,3,0.4025,0.4056,0.4025,0.2531,0.2041,0.0,90,1.0,10.31,0.0858,31.0
50,CL7r1,cluster,7.0,1,0.3104,0.3104,0.3104,0.2271,0.1828,0.0,90,1.0,14.16,0.0498,32.2
50,CL7r2,cluster,7.0,2,0.2772,0.2773,0.2772,0.1986,0.16,0.0,90,1.0,10.66,0.0496,32.2
50,CL7r3,cluster,7.0,3,0.292,0.2938,0.292,0.1982,0.1598,-0.0,90,1.0,8.59,0.0518,32.1
50,MU3r1,multi_cluster,3.0,1,1.3483,1.3483,1.3483,0.7697,0.6245,0.0,0,1.0,32.63,0.2293,26.4
50,MU3r2,multi_cluster,3.0,2,2.0817,2.0817,2.0817,1.1939,0.976,-0.0,0,1.0,27.87,0.2609,25.5
50,MU3r3,multi_cluster,3.0,3,0.8805,0.8805,0.8805,0.4705,0.3901,0.0,90,1.0,11.1,0.2374,26.0
50,MU5r1,multi_cluster,5.0,1,0.7542,0.7542,0.7542,0.4803,0.3898,-0.0,0,1.0,22.11,0.1131,30.2
50,MU5r2,multi_cluster,5.0,2,1.0085,1.0085,1.0085,0.6419,0.52,0.0,0,1.0,22.14,0.1283,29.8
50,MU5r3,multi_cluster,5.0,3,0.5499,0.5499,0.5499,0.3368,0.2762,-0.0,0,1.0,23.62,0.1169,30.0
50,MU7r1,multi_cluster,7.0,1,0.4847,0.4847,0.4847,0.3276,0.2647,0.0,0,1.0,22.21,0.0668,31.7
50,MU7r2,multi_cluster,7.0,2,0.6311,0.6311,0.6311,0.4265,0.3432,0.0,0,1.0,22.21,0.0762,31.4
50,MU7r3,multi_cluster,7.0,3,0.3678,0.3678,0.3678,0.2436,0.1977,-0.0,90,1.0,18.5,0.069,31.6
51,RU3r1,rule_grid,3.0,1,0.3729,0.3733,0.3729,0.3749,0.4189,-0.0,0,0.8,18.89,0.2308,41.3
51,RU3r2,rule_grid,3.0,2,0.3985,0.3985,0.3985,0.412,0.4769,0.0,85,0.8,11.94,0.2302,41.4
51,RU3r3,rule_grid,3.0,3,0.678,0.6785,0.678,0.6606,0.767,0.0,85,1.0,5.29,0.2292,41.6
51,RU5r1,rule_grid,5.0,1,0.2463,0.2464,0.2463,0.211,0.2496,0.0,90,1.0,10.4,0.1116,47.7
51,RU5r2,rule_grid,5.0,2,0.1971,0.1972,0.1971,0.2381,0.2788,0.0,150,1.0,15.85,0.1117,47.7
51,RU5r3,rule_grid,5.0,3,0.3121,0.3123,0.3121,0.3257,0.3873,0.0,110,1.0,3.99,0.1106,47.8
51,RU7r1,rule_grid,7.0,1,0.1598,0.1598,0.1598,0.1407,0.1656,-0.0,90,1.0,4.51,0.0663,50.1
51,RU7r2,rule_grid,7.0,2,0.1299,0.1299,0.1299,0.1553,0.1882,0.0,0,1.0,11.23,0.0658,50.1
51,RU7r3,rule_grid,7.0,3,0.2131,0.213,0.2131,0.2138,0.2681,0.0,90,1.0,3.6,0.0651,50.2
51,BE3r1,belt,3.0,1,1.8362,1.8362,1.8362,1.6051,1.8797,-0.0,140,1.0,5.57,0.1383,47.0
51,BE3r2,belt,3.0,2,1.1994,1.1994,1.1994,0.8947,1.0243,-0.0,150,1.0,7.29,0.2061,43.0
51,BE3r3,belt,3.0,3,1.4433,1.4434,1.4433,1.1806,1.3748,0.0,125,1.0,3.32,0.2055,43.2
51,BE5r1,belt,5.0,1,0.6746,0.6746,0.6746,0.6707,0.8337,0.0,145,1.0,6.99,0.0685,50.2
51,BE5r2,belt,5.0,2,0.4504,0.4505,0.4504,0.361,0.4536,-0.0,150,1.0,12.86,0.1001,48.4
51,BE5r3,belt,5.0,3,0.5921,0.5921,0.5921,0.5181,0.6522,0.0,125,1.0,7.71,0.0995,48.5
51,BE7r1,belt,7.0,1,0.3441,0.3441,0.3441,0.3603,0.4669,0.0,105,1.0,6.66,0.0405,51.6
51,BE7r2,belt,7.0,2,0.2531,0.2531,0.2531,0.2153,0.2892,0.0,90,1.0,9.26,0.0591,50.5
51,BE7r3,belt,7.0,3,0.3252,0.3252,0.3252,0.3003,0.3936,-0.0,125,1.0,7.8,0.0584,50.6
51,CL3r1,cluster,3.0,1,0.3045,0.3045,0.3045,0.3299,0.4011,0.0,90,1.0,10.2,0.1184,47.4
51,CL3r2,cluster,3.0,2,0.3001,0.3005,0.3001,0.3383,0.4242,0.0,90,0.8,8.1,0.118,47.4
51,CL3r3,cluster,3.0,3,0.316,0.318,0.316,0.2993,0.3715,0.0,0,0.8,28.23,0.1243,47.0
51,CL5r1,cluster,5.0,1,0.1825,0.1838,0.1825,0.1851,0.2311,-0.0,90,1.0,8.9,0.0593,50.5
51,CL5r2,cluster,5.0,2,0.1925,0.1935,0.1925,0.1978,0.2559,0.0,90,1.0,7.44,0.0591,50.5
51,CL5r3,cluster,5.0,3,0.1951,0.1998,0.1951,0.1793,0.2257,0.0,0,1.0,27.07,0.0615,50.4
51,CL7r1,cluster,7.0,1,0.1542,0.1543,0.1542,0.152,0.1916,0.0,90,1.0,14.16,0.036,51.7
51,CL7r2,cluster,7.0,2,0.1473,0.1476,0.1473,0.1462,0.1861,0.0,90,1.0,8.07,0.0356,51.7
51,CL7r3,cluster,7.0,3,0.1511,0.1511,0.1511,0.1413,0.1801,0.0,0,1.0,25.93,0.0374,51.6
51,MU3r1,multi_cluster,3.0,1,0.478,0.478,0.478,0.4107,0.4741,-0.0,90,1.0,14.44,0.1641,45.0
51,MU3r2,multi_cluster,3.0,2,0.893,0.893,0.893,0.6112,0.7022,-0.0,150,1.0,13.53,0.1906,43.7
51,MU3r3,multi_cluster,3.0,3,0.3735,0.3735,0.3735,0.3491,0.4068,0.0,90,0.6,4.24,0.1712,44.6
51,MU5r1,multi_cluster,5.0,1,0.3055,0.3055,0.3055,0.255,0.3015,-0.0,90,1.0,13.73,0.0812,49.4
51,MU5r2,multi_cluster,5.0,2,0.3646,0.3645,0.3646,0.2842,0.3348,0.0,150,1.0,12.58,0.0928,48.8
51,MU5r3,multi_cluster,5.0,3,0.2504,0.2504,0.2504,0.2206,0.2589,0.0,90,1.0,4.31,0.0844,49.2
51,MU7r1,multi_cluster,7.0,1,0.2006,0.2007,0.2006,0.1714,0.208,0.0,90,1.0,13.96,0.0477,51.1
51,MU7r2,multi_cluster,7.0,2,0.2278,0.2278,0.2278,0.185,0.2241,-0.0,90,1.0,12.74,0.0546,50.7
51,MU7r3,multi_cluster,7.0,3,0.1699,0.17,0.1699,0.1531,0.1832,0.0,90,1.0,7.38,0.0495,51.0
52,RU3r1,rule_grid,3.0,1,4.1514,4.1515,4.1514,3.787,4.2676,0.0,90,1.0,14.54,0.185,50.0
52,RU3r2,rule_grid,3.0,2,5.0701,5.0701,5.0701,4.2509,4.8951,-0.0,95,1.0,-0.0,0.1841,50.4
52,RU3r3,rule_grid,3.0,3,5.4545,5.4546,5.4545,4.7584,5.5026,0.0,95,1.0,0.77,0.1839,50.6
52,RU5r1,rule_grid,5.0,1,1.7736,1.7735,1.7736,1.6545,2.1075,0.0,90,1.0,8.2,0.0798,55.1
52,RU5r2,rule_grid,5.0,2,2.1533,2.1533,2.1533,1.8396,2.3586,0.0,95,1.0,0.61,0.0795,55.3
52,RU5r3,rule_grid,5.0,3,2.229,2.2289,2.229,2.0341,2.6198,-0.0,95,1.0,0.79,0.0792,55.4
52,RU7r1,rule_grid,7.0,1,0.9659,0.966,0.9659,0.9226,1.2252,0.0,90,1.0,6.59,0.0448,56.8
52,RU7r2,rule_grid,7.0,2,1.1571,1.1571,1.1571,1.0094,1.3716,-0.0,95,1.0,5.84,0.0442,56.9
52,RU7r3,rule_grid,7.0,3,1.2226,1.2227,1.2226,1.1548,1.5837,0.0,95,1.0,0.79,0.0441,56.9
52,BE3r1,belt,3.0,1,7.0959,7.0959,7.0959,7.0843,8.9356,0.0,125,1.0,15.83,0.1159,55.7
52,BE3r2,belt,3.0,2,6.0075,6.0075,6.0075,5.7109,6.7639,-0.0,125,1.0,17.96,0.1671,52.0
52,BE3r3,belt,3.0,3,7.1585,7.1585,7.1585,6.6519,7.9562,0.0,150,1.0,0.71,0.1664,52.6
52,BE5r1,belt,5.0,1,2.9507,2.9508,2.9507,3.0361,4.1918,0.0,125,1.0,19.64,0.0512,57.5
52,BE5r2,belt,5.0,2,2.4453,2.4452,2.4453,2.4369,3.2279,0.0,0,1.0,22.45,0.0726,55.9
52,BE5r3,belt,5.0,3,2.9109,2.9109,2.9109,2.7749,3.6963,0.0,155,1.0,0.77,0.0722,56.2
52,BE7r1,belt,7.0,1,1.6094,1.6094,1.6094,1.6805,2.4191,0.0,125,1.0,20.82,0.0287,58.1
52,BE7r2,belt,7.0,2,1.3843,1.3844,1.3843,1.3949,1.9512,-0.0,0,1.0,14.45,0.0405,57.2
52,BE7r3,belt,7.0,3,1.6,1.6,1.6,1.5561,2.1964,0.0,155,1.0,0.77,0.0401,57.4
52,CL3r1,cluster,3.0,1,2.9666,2.9666,2.9666,2.9346,3.9915,0.0,30,1.0,10.18,0.09,55.1
52,CL3r2,cluster,3.0,2,2.9197,2.9194,2.9197,2.8691,3.913,-0.0,95,1.0,0.77,0.09,55.1
52,CL3r3,cluster,3.0,3,3.0512,3.0536,3.0512,2.9374,3.8623,0.0,25,1.0,2.19,0.0951,54.9
52,CL5r1,cluster,5.0,1,1.4047,1.4048,1.4047,1.4469,2.0614,-0.0,90,1.0,9.73,0.0404,57.3
52,CL5r2,cluster,5.0,2,1.3929,1.3953,1.3929,1.4338,2.0404,-0.0,90,1.0,0.79,0.0406,57.2
52,CL5r3,cluster,5.0,3,1.3984,1.3987,1.3984,1.4022,1.9588,0.0,30,1.0,3.03,0.0424,57.1
52,CL7r1,cluster,7.0,1,0.8405,0.8406,0.8405,0.8788,1.2824,-0.0,30,1.0,10.09,0.0234,58.0
52,CL7r2,cluster,7.0,2,0.823,0.8239,0.823,0.8642,1.262,0.0,90,1.0,5.66,0.0233,57.9
52,CL7r3,cluster,7.0,3,0.8466,0.8467,0.8466,0.8585,1.2374,0.0,30,1.0,3.49,0.0244,57.9
52,MU3r1,multi_cluster,3.0,1,4.1681,4.1681,4.1681,3.9874,4.8638,0.0,120,1.0,19.85,0.1342,53.1
52,MU3r2,multi_cluster,3.0,2,5.1833,5.1834,5.1833,4.9248,5.8822,-0.0,125,1.0,17.96,0.1549,52.3
52,MU3r3,multi_cluster,3.0,3,3.7426,3.7427,3.7426,3.5438,4.2233,-0.0,30,1.0,4.53,0.1383,52.6
52,MU5r1,multi_cluster,5.0,1,1.8804,1.8805,1.8804,1.8328,2.4413,0.0,0,1.0,21.1,0.0595,56.4
52,MU5r2,multi_cluster,5.0,2,2.1971,2.1971,2.1971,2.1761,2.8825,0.0,0,1.0,20.69,0.0676,56.1
52,MU5r3,multi_cluster,5.0,3,1.6729,1.673,1.6729,1.6491,2.1338,0.0,90,1.0,4.67,0.0611,56.2
52,MU7r1,multi_cluster,7.0,1,1.0666,1.0665,1.0666,1.0564,1.473,0.0,0,1.0,21.1,0.0331,57.5
52,MU7r2,multi_cluster,7.0,2,1.2443,1.2442,1.2443,1.2487,1.741,0.0,0,1.0,17.96,0.0377,57.3
52,MU7r3,multi_cluster,7.0,3,0.9462,0.9461,0.9462,0.9545,1.2942,0.0,90,1.0,10.02,0.034,57.4
53,RU3r1,rule_grid,3.0,1,0.2896,0.2896,0.2896,0.3018,0.3426,-0.0,175,0.6,8.0,0.2283,41.8
53,RU3r2,rule_grid,3.0,2,0.5373,0.5374,0.5373,0.4685,0.5479,-0.0,150,1.0,13.6,0.2277,41.9
53,RU3r3,rule_grid,3.0,3,0.7081,0.7085,0.7081,0.646,0.7571,0.0,80,0.8,6.28,0.2266,42.0
53,RU5r1,rule_grid,5.0,1,0.2136,0.2137,0.2136,0.1721,0.2103,0.0,90,0.8,12.35,0.1103,48.1
53,RU5r2,rule_grid,5.0,2,0.2784,0.2785,0.2784,0.2604,0.3074,-0.0,150,1.0,13.98,0.1103,48.1
53,RU5r3,rule_grid,5.0,3,0.269,0.2692,0.269,0.3225,0.3876,-0.0,85,1.0,7.92,0.1093,48.2
53,RU7r1,rule_grid,7.0,1,0.1544,0.1544,0.1544,0.1231,0.1465,-0.0,90,0.8,9.62,0.0655,50.5
53,RU7r2,rule_grid,7.0,2,0.1581,0.1581,0.1581,0.1693,0.2072,-0.0,150,1.0,10.03,0.0649,50.5
53,RU7r3,rule_grid,7.0,3,0.1637,0.1637,0.1637,0.2117,0.2678,0.0,90,1.0,8.49,0.0643,50.6
53,BE3r1,belt,3.0,1,1.8279,1.8279,1.8279,1.5207,1.7939,0.0,140,1.0,5.75,0.1368,47.4
53,BE3r2,belt,3.0,2,1.1433,1.1433,1.1433,0.8417,0.9721,0.0,150,1.0,5.79,0.2038,43.4
53,BE3r3,belt,3.0,3,1.3959,1.396,1.3959,1.2289,1.4294,-0.0,145,1.0,5.98,0.2032,43.6
53,BE5r1,belt,5.0,1,0.6626,0.6626,0.6626,0.6301,0.791,0.0,145,1.0,6.37,0.0677,50.6
53,BE5r2,belt,5.0,2,0.434,0.4341,0.434,0.3514,0.4418,0.0,150,1.0,13.12,0.0989,48.8
53,BE5r3,belt,5.0,3,0.5422,0.5422,0.5422,0.5685,0.7107,0.0,150,1.0,6.61,0.0983,48.9
53,BE7r1,belt,7.0,1,0.3431,0.3431,0.3431,0.338,0.4439,-0.0,135,1.0,6.7,0.04,52.0
53,BE7r2,belt,7.0,2,0.2373,0.2373,0.2373,0.2063,0.2745,-0.0,150,1.0,12.76,0.0583,50.9
53,BE7r3,belt,7.0,3,0.2933,0.2933,0.2933,0.3335,0.4348,0.0,150,1.0,7.64,0.0577,51.0
53,CL3r1,cluster,3.0,1,0.283,0.2831,0.283,0.2774,0.3396,0.0,90,0.8,8.01,0.1169,47.8
53,CL3r2,cluster,3.0,2,0.2732,0.2734,0.2732,0.2875,0.367,0.0,90,0.8,3.71,0.1165,47.8
53,CL3r3,cluster,3.0,3,0.2379,0.24,0.2379,0.2089,0.2619,-0.0,0,0.8,25.45,0.1228,47.4
53,CL5r1,cluster,5.0,1,0.1646,0.1659,0.1646,0.1638,0.2072,0.0,90,1.0,9.86,0.0585,50.9
53,CL5r2,cluster,5.0,2,0.1738,0.1748,0.1738,0.1681,0.2229,-0.0,90,1.0,6.93,0.0583,50.9
53,CL5r3,cluster,5.0,3,0.151,0.1565,0.151,0.1284,0.1679,-0.0,0,1.0,24.92,0.0607,50.7
53,CL7r1,cluster,7.0,1,0.14,0.14,0.14,0.1332,0.1704,-0.0,90,1.0,14.99,0.0356,52.1
53,CL7r2,cluster,7.0,2,0.1356,0.1359,0.1356,0.1257,0.1623,0.0,90,1.0,7.67,0.0351,52.1
53,CL7r3,cluster,7.0,3,0.125,0.125,0.125,0.1041,0.1332,0.0,0,1.0,20.78,0.0369,52.0
53,MU3r1,multi_cluster,3.0,1,0.4181,0.4181,0.4181,0.2952,0.3553,0.0,150,1.0,14.19,0.1622,45.4
53,MU3r2,multi_cluster,3.0,2,0.854,0.854,0.854,0.6019,0.6932,0.0,150,1.0,13.48,0.1884,44.2
53,MU3r3,multi_cluster,3.0,3,0.2959,0.2959,0.2959,0.2647,0.3132,0.0,90,0.6,3.85,0.1692,45.0
53,MU5r1,multi_cluster,5.0,1,0.2484,0.2485,0.2484,0.1848,0.2344,0.0,90,1.0,14.18,0.0802,49.7
53,MU5r2,multi_cluster,5.0,2,0.3525,0.3525,0.3525,0.2634,0.3349,0.0,150,1.0,13.41,0.0917,49.2
53,MU5r3,multi_cluster,5.0,3,0.2153,0.2153,0.2153,0.1721,0.21,0.0,90,0.8,8.7,0.0833,49.6
53,MU7r1,multi_cluster,7.0,1,0.1762,0.1762,0.1762,0.1327,0.1604,0.0,90,1.0,13.68,0.0471,51.5
53,MU7r2,multi_cluster,7.0,2,0.1949,0.1949,0.1949,0.1532,0.2036,0.0,150,1.0,13.67,0.0539,51.1
53,MU7r3,multi_cluster,7.0,3,0.1585,0.1586,0.1585,0.1264,0.1521,-0.0,90,1.0,5.21,0.0489,51.4
54,RU3r1,rule_grid,3.0,1,0.4839,0.4839,0.4839,0.3284,0.3659,0.0,155,0.6,8.65,0.2382,39.0
54,RU3r2,rule_grid,3.0,2,0.3967,0.3968,0.3967,0.477,0.5314,0.0,90,1.0,15.38,0.2377,39.0
54,RU3r3,rule_grid,3.0,3,0.6382,0.6388,0.6382,0.6154,0.7042,0.0,80,1.0,10.63,0.2366,39.1
54,RU5r1,rule_grid,5.0,1,0.2744,0.2745,0.2744,0.2066,0.2391,0.0,65,0.8,6.95,0.1169,45.1
54,RU5r2,rule_grid,5.0,2,0.2513,0.2514,0.2513,0.2853,0.3259,-0.0,90,1.0,17.59,0.117,45.1
54,RU5r3,rule_grid,5.0,3,0.2783,0.2785,0.2783,0.287,0.3417,-0.0,85,1.0,13.56,0.1159,45.1
54,RU7r1,rule_grid,7.0,1,0.1713,0.1713,0.1713,0.1346,0.1597,0.0,65,0.8,6.64,0.0701,47.4
54,RU7r2,rule_grid,7.0,2,0.189,0.189,0.189,0.1863,0.2188,0.0,90,1.0,17.72,0.0695,47.5
54,RU7r3,rule_grid,7.0,3,0.1675,0.1674,0.1675,0.1947,0.2316,0.0,85,1.0,10.23,0.0689,47.5
54,BE3r1,belt,3.0,1,1.6855,1.6855,1.6855,1.6994,1.9584,0.0,115,1.0,7.3,0.1437,44.3
54,BE3r2,belt,3.0,2,1.0517,1.0517,1.0517,1.035,1.1759,-0.0,110,1.0,7.26,0.2132,40.5
54,BE3r3,belt,3.0,3,1.178,1.1781,1.178,1.0116,1.1566,0.0,115,1.0,7.74,0.2126,40.6
54,BE5r1,belt,5.0,1,0.6872,0.6872,0.6872,0.7578,0.9101,0.0,115,1.0,5.53,0.0719,47.6
54,BE5r2,belt,5.0,2,0.4299,0.43,0.4299,0.4701,0.5703,0.0,95,1.0,6.99,0.1049,45.8
54,BE5r3,belt,5.0,3,0.4911,0.4912,0.4911,0.5116,0.5998,-0.0,120,1.0,9.38,0.1043,45.8
54,BE7r1,belt,7.0,1,0.3622,0.3622,0.3622,0.4189,0.5164,0.0,90,1.0,6.04,0.0428,48.9
54,BE7r2,belt,7.0,2,0.2789,0.2789,0.2789,0.2896,0.3639,-0.0,90,1.0,6.1,0.0624,47.9
54,BE7r3,belt,7.0,3,0.3238,0.3238,0.3238,0.3194,0.3848,0.0,90,1.0,9.12,0.0617,47.9
54,CL3r1,cluster,3.0,1,0.2333,0.2333,0.2333,0.2225,0.2732,-0.0,65,0.6,14.57,0.1243,44.7
54,CL3r2,cluster,3.0,2,0.2478,0.2482,0.2478,0.2356,0.289,0.0,65,0.6,12.35,0.124,44.7
54,CL3r3,cluster,3.0,3,0.2456,0.2474,0.2456,0.205,0.2452,0.0,155,0.6,23.4,0.1302,44.4
54,CL5r1,cluster,5.0,1,0.1626,0.1635,0.1626,0.1595,0.1966,-0.0,65,0.6,9.28,0.0628,47.8
54,CL5r2,cluster,5.0,2,0.1687,0.1694,0.1687,0.1601,0.1978,0.0,65,0.8,8.09,0.0626,47.8
54,CL5r3,cluster,5.0,3,0.1534,0.1539,0.1534,0.139,0.1691,0.0,155,0.8,26.51,0.0651,47.7
54,CL7r1,cluster,7.0,1,0.1393,0.1393,0.1393,0.1139,0.1356,-0.0,90,0.8,14.92,0.0383,49.0
54,CL7r2,cluster,7.0,2,0.1272,0.1274,0.1272,0.1068,0.1322,-0.0,90,0.8,10.35,0.0378,49.0
54,CL7r3,cluster,7.0,3,0.1225,0.1224,0.1225,0.0969,0.119,-0.0,0,0.8,24.2,0.0397,48.9
54,MU3r1,multi_cluster,3.0,1,0.4598,0.4598,0.4598,0.3734,0.4311,0.0,155,0.8,9.25,0.1707,42.4
54,MU3r2,multi_cluster,3.0,2,0.7431,0.7431,0.7431,0.7427,0.8476,0.0,110,1.0,7.26,0.1975,41.2
54,MU3r3,multi_cluster,3.0,3,0.3956,0.3957,0.3956,0.2902,0.3312,0.0,65,0.8,11.24,0.178,42.0
54,MU5r1,multi_cluster,5.0,1,0.2753,0.2754,0.2753,0.2437,0.2896,0.0,155,0.8,9.94,0.0852,46.7
54,MU5r2,multi_cluster,5.0,2,0.3527,0.3527,0.3527,0.3513,0.4276,0.0,95,0.8,9.94,0.0973,46.1
54,MU5r3,multi_cluster,5.0,3,0.2478,0.2478,0.2478,0.1987,0.233,0.0,65,0.8,7.03,0.0885,46.5
54,MU7r1,multi_cluster,7.0,1,0.1912,0.1913,0.1912,0.1613,0.1954,-0.0,90,0.8,9.94,0.0503,48.4
54,MU7r2,multi_cluster,7.0,2,0.2397,0.2397,0.2397,0.2128,0.2682,-0.0,90,0.8,9.94,0.0576,48.1
54,MU7r3,multi_cluster,7.0,3,0.1586,0.1587,0.1586,0.1332,0.1592,0.0,65,0.8,10.13,0.0523,48.3
55,RU3r1,rule_grid,3.0,1,0.5148,0.5151,0.5148,0.4236,0.4915,-0.0,90,0.8,19.86,0.2217,42.8
55,RU3r2,rule_grid,3.0,2,0.4183,0.4184,0.4183,0.4167,0.4964,-0.0,150,1.0,10.84,0.2211,42.8
55,RU3r3,rule_grid,3.0,3,0.5875,0.588,0.5875,0.6208,0.7451,0.0,75,0.8,4.84,0.2201,42.9
55,RU5r1,rule_grid,5.0,1,0.3372,0.3374,0.3372,0.2556,0.304,0.0,90,1.0,10.02,0.1067,49.0
55,RU5r2,rule_grid,5.0,2,0.2236,0.2237,0.2236,0.2296,0.2918,0.0,150,1.0,11.93,0.1067,49.0
55,RU5r3,rule_grid,5.0,3,0.2479,0.248,0.2479,0.2766,0.3566,0.0,65,0.8,7.19,0.1057,49.0
55,RU7r1,rule_grid,7.0,1,0.2185,0.2185,0.2185,0.1773,0.2223,0.0,90,1.0,6.65,0.0632,51.4
55,RU7r2,rule_grid,7.0,2,0.1376,0.1376,0.1376,0.145,0.1825,0.0,150,0.8,12.85,0.0626,51.3
55,RU7r3,rule_grid,7.0,3,0.1589,0.1589,0.1589,0.1809,0.2331,-0.0,65,0.8,7.68,0.0621,51.4
55,BE3r1,belt,3.0,1,1.7252,1.7252,1.7252,1.4721,1.7774,0.0,145,1.0,5.8,0.1327,48.3
55,BE3r2,belt,3.0,2,1.1808,1.1808,1.1808,0.9431,1.108,0.0,150,1.0,7.88,0.1978,44.4
55,BE3r3,belt,3.0,3,1.1346,1.1347,1.1346,1.0145,1.2137,0.0,150,1.0,7.49,0.1973,44.4
55,BE5r1,belt,5.0,1,0.6449,0.6449,0.6449,0.6382,0.8161,-0.0,135,1.0,7.43,0.0654,51.5
55,BE5r2,belt,5.0,2,0.4646,0.4647,0.4646,0.426,0.5483,0.0,150,1.0,13.05,0.0957,49.7
55,BE5r3,belt,5.0,3,0.4491,0.4492,0.4491,0.4844,0.615,-0.0,150,1.0,9.57,0.0951,49.7
55,BE7r1,belt,7.0,1,0.335,0.335,0.335,0.3582,0.4785,-0.0,135,1.0,7.31,0.0386,52.8
55,BE7r2,belt,7.0,2,0.2596,0.2596,0.2596,0.2559,0.3471,-0.0,90,1.0,14.82,0.0563,51.8
55,BE7r3,belt,7.0,3,0.2554,0.2554,0.2554,0.2946,0.3928,-0.0,150,1.0,11.09,0.0556,51.8
55,CL3r1,cluster,3.0,1,0.2888,0.2888,0.2888,0.321,0.422,0.0,90,0.8,11.77,0.113,48.7
55,CL3r2,cluster,3.0,2,0.2895,0.2913,0.2895,0.3335,0.4374,0.0,85,1.0,7.13,0.1126,48.7
55,CL3r3,cluster,3.0,3,0.286,0.2878,0.286,0.3165,0.4099,-0.0,0,1.0,26.01,0.1187,48.3
55,CL5r1,cluster,5.0,1,0.1754,0.1766,0.1754,0.1855,0.2519,0.0,90,1.0,10.05,0.0565,51.7
55,CL5r2,cluster,5.0,2,0.1829,0.1838,0.1829,0.2032,0.2759,-0.0,85,1.0,4.9,0.0562,51.7
55,CL5r3,cluster,5.0,3,0.1842,0.1883,0.1842,0.189,0.2544,-0.0,0,0.8,25.16,0.0586,51.6
55,CL7r1,cluster,7.0,1,0.1428,0.1428,0.1428,0.1473,0.1946,-0.0,90,1.0,10.66,0.0343,52.9
55,CL7r2,cluster,7.0,2,0.138,0.1383,0.138,0.1419,0.1894,0.0,90,1.0,9.66,0.0338,52.9
55,CL7r3,cluster,7.0,3,0.1409,0.1409,0.1409,0.1368,0.1826,0.0,0,0.8,26.69,0.0355,52.8
55,MU3r1,multi_cluster,3.0,1,0.5602,0.5602,0.5602,0.4415,0.5499,0.0,150,1.0,15.14,0.1572,46.4
55,MU3r2,multi_cluster,3.0,2,0.9305,0.9305,0.9305,0.7375,0.8772,0.0,150,1.0,7.88,0.1828,45.1
55,MU3r3,multi_cluster,3.0,3,0.4505,0.4506,0.4505,0.3879,0.4704,-0.0,90,1.0,6.78,0.164,45.9
55,MU5r1,multi_cluster,5.0,1,0.338,0.338,0.338,0.2738,0.3382,-0.0,90,1.0,14.68,0.0776,50.6
55,MU5r2,multi_cluster,5.0,2,0.3947,0.3947,0.3947,0.3491,0.4495,0.0,150,1.0,13.97,0.0887,50.0
55,MU5r3,multi_cluster,5.0,3,0.3122,0.3122,0.3122,0.2473,0.3037,0.0,90,0.8,11.07,0.0806,50.5
55,MU7r1,multi_cluster,7.0,1,0.22,0.22,0.22,0.1904,0.2437,0.0,90,1.0,15.27,0.0454,52.3
55,MU7r2,multi_cluster,7.0,2,0.2435,0.2435,0.2435,0.209,0.2821,0.0,90,1.0,15.27,0.052,52.0
55,MU7r3,multi_cluster,7.0,3,0.2073,0.2073,0.2073,0.1761,0.2231,0.0,90,1.0,9.34,0.0472,52.2
56,RU3r1,rule_grid,3.0,1,6.3091,6.3092,6.3091,3.7718,3.4286,0.0,0,1.0,11.02,0.282,27.6
56,RU3r2,rule_grid,3.0,2,6.3402,6.3401,6.3402,3.8261,3.4815,-0.0,90,1.0,2.84,0.2815,27.6
56,RU3r3,rule_grid,3.0,3,7.0654,7.0655,7.0654,4.3573,3.9621,0.0,90,1.0,1.83,0.2803,27.8
56,RU5r1,rule_grid,5.0,1,2.9285,2.9283,2.9285,1.9612,1.8214,0.0,90,1.0,3.86,0.1385,32.0
56,RU5r2,rule_grid,5.0,2,2.9644,2.9643,2.9644,2.0076,1.8665,-0.0,90,1.0,5.38,0.1386,32.1
56,RU5r3,rule_grid,5.0,3,3.1669,3.1668,3.1669,2.1493,2.0014,-0.0,90,1.0,1.96,0.1374,32.2
56,RU7r1,rule_grid,7.0,1,1.5384,1.5385,1.5384,1.0998,1.032,0.0,95,1.0,1.52,0.0832,33.6
56,RU7r2,rule_grid,7.0,2,1.6749,1.6749,1.6749,1.1849,1.1144,-0.0,90,1.0,8.61,0.0823,33.7
56,RU7r3,rule_grid,7.0,3,1.7475,1.7476,1.7475,1.2626,1.1913,0.0,90,1.0,2.09,0.0817,33.8
56,BE3r1,belt,3.0,1,10.651,10.6511,10.651,7.321,6.8502,0.0,130,1.0,18.5,0.174,33.0
56,BE3r2,belt,3.0,2,9.2005,9.2005,9.2005,5.6564,5.1707,0.0,0,1.0,28.55,0.2542,29.4
56,BE3r3,belt,3.0,3,9.4107,9.4109,9.4107,6.1104,5.59,-0.0,150,1.0,1.66,0.2535,29.5
56,BE5r1,belt,5.0,1,5.0246,5.0246,5.0246,3.5467,3.3674,0.0,130,1.0,21.8,0.0867,34.7
56,BE5r2,belt,5.0,2,4.1901,4.1901,4.1901,2.8479,2.6675,-0.0,135,1.0,18.07,0.1249,32.9
56,BE5r3,belt,5.0,3,4.2686,4.2686,4.2686,3.0308,2.8451,-0.0,160,1.0,1.7,0.1244,33.0
56,BE7r1,belt,7.0,1,2.8673,2.8673,2.8673,2.0587,1.9723,0.0,130,1.0,21.55,0.0515,35.3
56,BE7r2,belt,7.0,2,2.4245,2.4246,2.4245,1.7272,1.6396,0.0,130,1.0,18.01,0.0743,34.3
56,BE7r3,belt,7.0,3,2.3713,2.3713,2.3713,1.7924,1.7062,0.0,160,1.0,1.95,0.0735,34.3
56,CL3r1,cluster,3.0,1,5.2572,5.2575,5.2572,3.5305,3.3161,0.0,95,1.0,0.46,0.1501,32.3
56,CL3r2,cluster,3.0,2,5.1491,5.1484,5.1491,3.4712,3.2595,0.0,95,1.0,0.61,0.1501,32.3
56,CL3r3,cluster,3.0,3,4.7168,4.7149,4.7168,3.1298,2.921,0.0,5,1.0,4.26,0.1569,31.9
56,CL5r1,cluster,5.0,1,2.6623,2.6613,2.6623,1.8562,1.7686,-0.0,95,1.0,0.77,0.0747,34.3
56,CL5r2,cluster,5.0,2,2.6615,2.6611,2.6615,1.8622,1.7739,0.0,95,1.0,0.77,0.0748,34.3
56,CL5r3,cluster,5.0,3,2.3699,2.3685,2.3699,1.6392,1.5551,0.0,5,1.0,4.73,0.0776,34.1
56,CL7r1,cluster,7.0,1,1.636,1.636,1.636,1.1715,1.1236,-0.0,95,1.0,0.79,0.0452,35.1
56,CL7r2,cluster,7.0,2,1.6117,1.6126,1.6117,1.158,1.1111,-0.0,95,1.0,0.79,0.0449,35.1
56,CL7r3,cluster,7.0,3,1.4761,1.4764,1.4761,1.0471,1.0016,-0.0,5,1.0,4.87,0.047,34.9
56,MU3r1,multi_cluster,3.0,1,6.4492,6.4496,6.4492,4.0611,3.7391,-0.0,0,1.0,14.72,0.2063,30.5
56,MU3r2,multi_cluster,3.0,2,8.0623,8.0623,8.0623,4.9922,4.5721,0.0,0,1.0,23.6,0.2365,29.8
56,MU3r3,multi_cluster,3.0,3,5.6873,5.6874,5.6873,3.4959,3.2056,0.0,95,1.0,3.44,0.2142,30.0
56,MU5r1,multi_cluster,5.0,1,3.2337,3.2338,3.2337,2.2544,2.1187,0.0,0,1.0,23.21,0.102,33.5
56,MU5r2,multi_cluster,5.0,2,3.75,3.7501,3.75,2.5868,2.4252,-0.0,0,1.0,27.97,0.1161,33.1
56,MU5r3,multi_cluster,5.0,3,2.8402,2.8402,2.8402,1.9461,1.8199,0.0,90,1.0,4.26,0.1057,33.2
56,MU7r1,multi_cluster,7.0,1,1.8721,1.872,1.8721,1.366,1.297,-0.0,0,1.0,24.84,0.0602,34.6
56,MU7r2,multi_cluster,7.0,2,2.1649,2.165,2.1649,1.5648,1.4848,0.0,130,1.0,27.88,0.0688,34.4
56,MU7r3,multi_cluster,7.0,3,1.6547,1.6546,1.6547,1.1849,1.1204,0.0,95,1.0,4.38,0.0623,34.4
57,RU3r1,rule_grid,3.0,1,5.9483,5.9495,5.9483,3.1403,2.1478,0.0,75,1.0,6.22,0.3989,13.7
57,RU3r2,rule_grid,3.0,2,6.7072,6.7072,6.7072,3.5527,2.2913,0.0,45,1.0,1.59,0.3989,13.8
57,RU3r3,rule_grid,3.0,3,7.9341,7.9347,7.9341,4.2912,2.8177,-0.0,45,1.0,4.99,0.3968,14.0
57,RU5r1,rule_grid,5.0,1,3.2305,3.2305,3.2305,1.6498,1.0918,0.0,165,1.0,14.45,0.2118,17.5
57,RU5r2,rule_grid,5.0,2,3.5657,3.5657,3.5657,1.9022,1.1958,-0.0,50,1.0,1.59,0.2125,17.5
57,RU5r3,rule_grid,5.0,3,3.916,3.9157,3.916,2.1718,1.386,0.0,45,1.0,7.06,0.2105,17.6
57,RU7r1,rule_grid,7.0,1,1.9503,1.9502,1.9503,0.9825,0.6316,-0.0,75,1.0,4.96,0.1333,19.0
57,RU7r2,rule_grid,7.0,2,2.1072,2.1072,2.1072,1.1324,0.692,-0.0,50,1.0,13.88,0.132,19.1
57,RU7r3,rule_grid,7.0,3,2.4992,2.4992,2.4992,1.4651,0.8913,-0.0,90,1.0,7.1,0.1307,19.2
57,BE3r1,belt,3.0,1,14.7985,14.7984,14.7985,9.6374,6.1991,0.0,125,1.0,6.35,0.255,18.4
57,BE3r2,belt,3.0,2,10.7077,10.7077,10.7077,6.3773,4.2246,-0.0,75,1.0,8.33,0.3639,15.1
57,BE3r3,belt,3.0,3,13.1395,13.1403,13.1395,8.4771,5.4916,0.0,100,1.0,0.92,0.363,15.5
57,BE5r1,belt,5.0,1,7.4181,7.418,7.4181,4.7973,2.9136,0.0,125,1.0,8.12,0.1342,20.0
57,BE5r2,belt,5.0,2,5.6343,5.6345,5.6343,3.3386,2.056,-0.0,75,1.0,8.22,0.1914,18.4
57,BE5r3,belt,5.0,3,6.6631,6.6631,6.6631,4.3063,2.6076,-0.0,105,1.0,1.23,0.1909,18.6
57,BE7r1,belt,7.0,1,4.4156,4.4156,4.4156,2.8615,1.6918,-0.0,75,1.0,8.49,0.0827,20.6
57,BE7r2,belt,7.0,2,3.6003,3.6005,3.6003,2.1485,1.2725,0.0,75,1.0,7.47,0.1189,19.6
57,BE7r3,belt,7.0,3,4.0689,4.0689,4.0689,2.6392,1.543,-0.0,105,1.0,1.23,0.1178,19.7
57,CL3r1,cluster,3.0,1,6.4196,6.4201,6.4196,3.6258,2.0594,0.0,40,1.0,19.18,0.2331,17.5
57,CL3r2,cluster,3.0,2,6.3364,6.3398,6.3364,3.6512,2.0813,0.0,40,1.0,0.79,0.2333,17.5
57,CL3r3,cluster,3.0,3,6.2015,6.1963,6.2015,3.8907,2.3302,0.0,160,1.0,2.47,0.2401,17.3
57,CL5r1,cluster,5.0,1,3.4673,3.4661,3.4673,1.9295,1.1168,0.0,40,1.0,19.59,0.1207,19.6
57,CL5r2,cluster,5.0,2,3.4221,3.4257,3.4221,1.943,1.126,-0.0,40,1.0,13.83,0.1208,19.5
57,CL5r3,cluster,5.0,3,3.3139,3.3143,3.3139,2.0477,1.2202,0.0,160,1.0,2.47,0.1246,19.4
57,CL7r1,cluster,7.0,1,2.1621,2.1622,2.1621,1.2282,0.7221,-0.0,160,1.0,19.76,0.0745,20.3
57,CL7r2,cluster,7.0,2,2.1065,2.1091,2.1065,1.2056,0.701,0.0,40,1.0,19.09,0.0741,20.3
57,CL7r3,cluster,7.0,3,2.1931,2.1932,2.1931,1.3787,0.8163,0.0,160,1.0,2.56,0.0772,20.3
57,MU3r1,multi_cluster,3.0,1,7.5101,7.51,7.5101,4.4163,2.7893,-0.0,75,1.0,7.02,0.3034,16.1
57,MU3r2,multi_cluster,3.0,2,9.3265,9.3271,9.3265,5.3848,3.515,-0.0,75,1.0,8.73,0.3417,15.5
57,MU3r3,multi_cluster,3.0,3,6.0623,6.0626,6.0623,3.4812,2.2763,0.0,160,1.0,14.19,0.3148,15.6
57,MU5r1,multi_cluster,5.0,1,4.2098,4.2098,4.2098,2.3525,1.4667,0.0,75,1.0,6.8,0.1576,18.9
57,MU5r2,multi_cluster,5.0,2,4.9714,4.9714,4.9714,2.8472,1.7619,-0.0,75,1.0,7.0,0.1784,18.5
57,MU5r3,multi_cluster,5.0,3,3.3602,3.3602,3.3602,1.8579,1.2039,0.0,75,1.0,3.86,0.1634,18.6
57,MU7r1,multi_cluster,7.0,1,2.6422,2.6423,2.6422,1.4656,0.8946,-0.0,75,1.0,4.99,0.0962,19.9
57,MU7r2,multi_cluster,7.0,2,3.1514,3.1514,3.1514,1.8123,1.0829,-0.0,75,1.0,6.04,0.11,19.7
57,MU7r3,multi_cluster,7.0,3,2.1486,2.1486,2.1486,1.1895,0.7492,-0.0,75,1.0,2.8,0.0998,19.8
58,RU3r1,rule_grid,3.0,1,0.6617,0.6619,0.6617,0.5642,0.5319,0.0,95,1.0,9.4,0.2836,28.4
58,RU3r2,rule_grid,3.0,2,0.8866,0.8866,0.8866,0.465,0.4354,0.0,70,1.0,7.69,0.2832,28.5
58,RU3r3,rule_grid,3.0,3,1.3646,1.3649,1.3646,0.8874,0.8262,0.0,65,1.0,5.16,0.282,28.7
58,RU5r1,rule_grid,5.0,1,0.4509,0.451,0.4509,0.3594,0.3374,0.0,0,1.0,12.06,0.1415,34.0
58,RU5r2,rule_grid,5.0,2,0.4401,0.4401,0.4401,0.2571,0.2401,-0.0,70,1.0,14.33,0.1416,34.0
58,RU5r3,rule_grid,5.0,3,0.5386,0.5387,0.5386,0.4092,0.3794,0.0,65,1.0,8.86,0.1404,34.0
58,RU7r1,rule_grid,7.0,1,0.3198,0.3198,0.3198,0.2431,0.2264,0.0,90,1.0,12.5,0.0858,36.1
58,RU7r2,rule_grid,7.0,2,0.2487,0.2487,0.2487,0.1775,0.1661,0.0,70,1.0,12.11,0.0849,36.1
58,RU7r3,rule_grid,7.0,3,0.3432,0.3433,0.3432,0.2638,0.2442,0.0,110,0.8,8.86,0.0842,36.2
58,BE3r1,belt,3.0,1,3.8622,3.8622,3.8622,3.0723,2.8842,0.0,95,1.0,3.99,0.1762,33.7
58,BE3r2,belt,3.0,2,2.5004,2.5004,2.5004,1.9223,1.8011,0.0,95,1.0,2.06,0.2563,30.0
58,BE3r3,belt,3.0,3,2.5128,2.5129,2.5128,1.6949,1.5965,0.0,120,1.0,4.29,0.2556,30.1
58,BE5r1,belt,5.0,1,1.7477,1.7477,1.7477,1.411,1.3145,0.0,95,1.0,4.32,0.0888,36.5
58,BE5r2,belt,5.0,2,1.1833,1.1834,1.1833,0.9189,0.8558,0.0,95,1.0,4.62,0.1276,34.8
58,BE5r3,belt,5.0,3,1.1222,1.1222,1.1222,0.8195,0.7643,0.0,120,1.0,4.17,0.1271,34.8
58,BE7r1,belt,7.0,1,0.9952,0.9952,0.9952,0.8145,0.7577,-0.0,95,1.0,2.35,0.0531,37.7
58,BE7r2,belt,7.0,2,0.7227,0.7227,0.7227,0.5853,0.5434,0.0,95,1.0,4.71,0.0766,36.6
58,BE7r3,belt,7.0,3,0.6491,0.6491,0.6491,0.5149,0.4782,-0.0,120,1.0,4.34,0.0758,36.6
58,CL3r1,cluster,3.0,1,0.6126,0.6126,0.6126,0.3751,0.3511,-0.0,0,1.0,11.67,0.1538,33.5
58,CL3r2,cluster,3.0,2,0.6043,0.6041,0.6043,0.3996,0.3717,-0.0,90,1.0,11.29,0.1538,33.5
58,CL3r3,cluster,3.0,3,0.7365,0.7385,0.7365,0.4426,0.41,-0.0,0,1.0,26.76,0.1602,33.3
58,CL5r1,cluster,5.0,1,0.4642,0.4636,0.4642,0.3038,0.281,0.0,0,1.0,9.61,0.0771,36.5
58,CL5r2,cluster,5.0,2,0.4078,0.4074,0.4078,0.2546,0.2368,0.0,0,1.0,12.08,0.0772,36.5
58,CL5r3,cluster,5.0,3,0.4552,0.4598,0.4552,0.2793,0.2593,0.0,0,1.0,27.46,0.08,36.4
58,CL7r1,cluster,7.0,1,0.3046,0.3046,0.3046,0.1996,0.1858,0.0,0,1.0,11.74,0.0468,37.7
58,CL7r2,cluster,7.0,2,0.2921,0.2921,0.2921,0.2027,0.1886,0.0,90,1.0,12.08,0.0465,37.7
58,CL7r3,cluster,7.0,3,0.337,0.3367,0.337,0.2142,0.1992,0.0,0,1.0,26.86,0.0487,37.6
58,MU3r1,multi_cluster,3.0,1,1.2243,1.2244,1.2243,0.9034,0.8408,-0.0,95,1.0,4.71,0.209,31.5
58,MU3r2,multi_cluster,3.0,2,1.9704,1.9703,1.9704,1.5004,1.4022,0.0,95,1.0,3.93,0.2388,30.6
58,MU3r3,multi_cluster,3.0,3,0.7329,0.7329,0.7329,0.5297,0.4959,0.0,0,1.0,20.2,0.217,31.1
58,MU5r1,multi_cluster,5.0,1,0.7112,0.7112,0.7112,0.5477,0.5109,0.0,95,1.0,4.82,0.1044,35.5
58,MU5r2,multi_cluster,5.0,2,0.9762,0.9762,0.9762,0.7574,0.7064,0.0,95,1.0,4.81,0.1187,35.1
58,MU5r3,multi_cluster,5.0,3,0.4934,0.4934,0.4934,0.3565,0.3335,0.0,90,1.0,4.41,0.1081,35.3
58,MU7r1,multi_cluster,7.0,1,0.4747,0.4747,0.4747,0.3574,0.3328,-0.0,90,1.0,4.82,0.062,37.1
58,MU7r2,multi_cluster,7.0,2,0.6021,0.6021,0.6021,0.4834,0.4494,0.0,90,1.0,4.71,0.0709,36.8
58,MU7r3,multi_cluster,7.0,3,0.3529,0.3529,0.3529,0.247,0.23,0.0,90,1.0,4.14,0.0643,37.0
59,RU3r1,rule_grid,3.0,1,0.6086,0.6087,0.6086,0.4377,0.5341,0.0,100,1.0,10.06,0.2086,45.8
59,RU3r2,rule_grid,3.0,2,0.6698,0.6698,0.6698,0.4831,0.5815,0.0,100,1.0,17.25,0.2079,45.8
59,RU3r3,rule_grid,3.0,3,0.5887,0.589,0.5887,0.4442,0.5692,-0.0,35,1.0,15.7,0.207,45.8
59,RU5r1,rule_grid,5.0,1,0.3245,0.3246,0.3245,0.2228,0.2872,-0.0,10,1.0,15.05,0.0992,51.9
59,RU5r2,rule_grid,5.0,2,0.3526,0.3526,0.3526,0.2394,0.304,-0.0,100,1.0,13.06,0.0991,52.0
59,RU5r3,rule_grid,5.0,3,0.3463,0.3464,0.3463,0.2478,0.3103,-0.0,90,1.0,16.97,0.0982,52.0
59,RU7r1,rule_grid,7.0,1,0.1894,0.1894,0.1894,0.1315,0.178,0.0,10,1.0,20.0,0.0583,54.2
59,RU7r2,rule_grid,7.0,2,0.2113,0.2113,0.2113,0.1392,0.1852,-0.0,100,1.0,13.9,0.0578,54.3
59,RU7r3,rule_grid,7.0,3,0.2373,0.2373,0.2373,0.1536,0.2022,0.0,90,1.0,14.69,0.0573,54.3
59,BE3r1,belt,3.0,1,2.1167,2.1167,2.1167,1.9871,2.4976,-0.0,90,1.0,2.95,0.1244,51.4
59,BE3r2,belt,3.0,2,1.4106,1.4106,1.4106,1.2587,1.5409,-0.0,95,1.0,3.39,0.1858,47.5
59,BE3r3,belt,3.0,3,1.3759,1.3759,1.3759,1.1879,1.4605,0.0,100,1.0,5.9,0.1853,47.5
59,BE5r1,belt,5.0,1,0.9041,0.9041,0.9041,0.8492,1.1553,0.0,90,1.0,3.12,0.0607,54.5
59,BE5r2,belt,5.0,2,0.5936,0.5937,0.5936,0.5392,0.7266,-0.0,100,1.0,2.7,0.0889,52.7
59,BE5r3,belt,5.0,3,0.6167,0.6168,0.6167,0.5186,0.7033,-0.0,100,1.0,3.72,0.0883,52.7
59,BE7r1,belt,7.0,1,0.5065,0.5065,0.5065,0.4749,0.6805,-0.0,90,1.0,3.02,0.0356,55.7
59,BE7r2,belt,7.0,2,0.3406,0.3407,0.3406,0.3195,0.4584,-0.0,90,1.0,3.02,0.052,54.7
59,BE7r3,belt,7.0,3,0.3602,0.3602,0.3602,0.2995,0.4305,0.0,100,1.0,5.49,0.0513,54.7
59,CL3r1,cluster,3.0,1,0.3919,0.3919,0.3919,0.2887,0.4194,0.0,95,1.0,17.17,0.1047,51.7
59,CL3r2,cluster,3.0,2,0.3682,0.3684,0.3682,0.2714,0.4098,-0.0,5,1.0,16.76,0.1043,51.7
59,CL3r3,cluster,3.0,3,0.4836,0.488,0.4836,0.3767,0.5236,-0.0,5,1.0,22.33,0.1103,51.4
59,CL5r1,cluster,5.0,1,0.2488,0.2495,0.2488,0.1914,0.2861,0.0,5,1.0,23.52,0.052,54.6
59,CL5r2,cluster,5.0,2,0.2368,0.2372,0.2368,0.1772,0.2657,0.0,5,1.0,16.19,0.0518,54.6
59,CL5r3,cluster,5.0,3,0.2609,0.2639,0.2609,0.1953,0.2836,0.0,95,1.0,17.91,0.054,54.5
59,CL7r1,cluster,7.0,1,0.1539,0.1539,0.1539,0.1204,0.1795,0.0,5,1.0,20.21,0.0315,55.7
59,CL7r2,cluster,7.0,2,0.1492,0.1494,0.1492,0.1179,0.1745,0.0,5,1.0,20.51,0.0311,55.8
59,CL7r3,cluster,7.0,3,0.1771,0.1769,0.1771,0.1432,0.2082,0.0,5,1.0,24.41,0.0327,55.7
59,MU3r1,multi_cluster,3.0,1,0.7733,0.7734,0.7733,0.636,0.8386,-0.0,95,1.0,3.07,0.147,49.4
59,MU3r2,multi_cluster,3.0,2,1.1509,1.1509,1.1509,1.0061,1.2537,-0.0,95,1.0,3.39,0.1715,48.2
59,MU3r3,multi_cluster,3.0,3,0.578,0.578,0.578,0.4203,0.542,0.0,10,0.8,11.22,0.1533,48.9
59,MU5r1,multi_cluster,5.0,1,0.4232,0.4233,0.4232,0.3377,0.4614,-0.0,100,1.0,2.55,0.072,53.6
59,MU5r2,multi_cluster,5.0,2,0.5205,0.5205,0.5205,0.4492,0.6043,0.0,100,1.0,2.7,0.0824,53.0
59,MU5r3,multi_cluster,5.0,3,0.333,0.333,0.333,0.2346,0.3137,-0.0,100,1.0,7.66,0.0748,53.4
59,MU7r1,multi_cluster,7.0,1,0.2524,0.2524,0.2524,0.2093,0.2966,-0.0,100,1.0,3.17,0.042,55.2
59,MU7r2,multi_cluster,7.0,2,0.295,0.295,0.295,0.266,0.3783,0.0,100,1.0,3.02,0.048,54.9
59,MU7r3,multi_cluster,7.0,3,0.2018,0.2019,0.2018,0.1462,0.2008,0.0,100,1.0,10.45,0.0436,55.1
60,RU3r1,rule_grid,3.0,1,0.6091,0.6092,0.6091,0.471,0.5792,0.0,95,1.0,7.08,0.2052,46.4
60,RU3r2,rule_grid,3.0,2,0.609,0.609,0.609,0.4605,0.5576,0.0,95,1.0,11.72,0.2046,46.4
60,RU3r3,rule_grid,3.0,3,0.5074,0.5079,0.5074,0.4902,0.6006,-0.0,90,1.0,12.47,0.2037,46.4
60,RU5r1,rule_grid,5.0,1,0.3388,0.3389,0.3388,0.2503,0.3211,-0.0,0,1.0,16.39,0.0974,52.6
60,RU5r2,rule_grid,5.0,2,0.3085,0.3085,0.3085,0.2433,0.3089,0.0,95,1.0,16.14,0.0974,52.5
60,RU5r3,rule_grid,5.0,3,0.3078,0.308,0.3078,0.2662,0.3439,0.0,90,0.8,14.44,0.0965,52.6
60,RU7r1,rule_grid,7.0,1,0.2169,0.2169,0.2169,0.1494,0.201,0.0,90,1.0,16.67,0.0572,54.8
60,RU7r2,rule_grid,7.0,2,0.1779,0.1779,0.1779,0.1454,0.1946,0.0,90,1.0,13.99,0.0567,54.8
60,RU7r3,rule_grid,7.0,3,0.1948,0.1948,0.1948,0.163,0.2212,0.0,90,1.0,14.58,0.0562,54.9
60,BE3r1,belt,3.0,1,2.0923,2.0923,2.0923,1.9904,2.524,0.0,90,1.0,2.63,0.1223,52.0
60,BE3r2,belt,3.0,2,1.4155,1.4156,1.4155,1.2971,1.6086,-0.0,90,1.0,3.21,0.1828,48.1
60,BE3r3,belt,3.0,3,1.3647,1.3648,1.3647,1.2742,1.5803,0.0,95,1.0,5.34,0.1823,48.1
60,BE5r1,belt,5.0,1,0.9243,0.9243,0.9243,0.8633,1.189,0.0,90,1.0,3.65,0.0596,55.1
60,BE5r2,belt,5.0,2,0.6454,0.6455,0.6454,0.5684,0.7787,0.0,90,1.0,3.6,0.0873,53.3
60,BE5r3,belt,5.0,3,0.5935,0.5935,0.5935,0.5627,0.7702,-0.0,90,1.0,3.93,0.0868,53.3
60,BE7r1,belt,7.0,1,0.5247,0.5247,0.5247,0.4841,0.7036,0.0,90,1.0,3.6,0.0349,56.3
60,BE7r2,belt,7.0,2,0.3874,0.3875,0.3874,0.3345,0.4878,0.0,90,1.0,3.6,0.051,55.3
60,BE7r3,belt,7.0,3,0.3463,0.3463,0.3463,0.3281,0.4766,0.0,90,1.0,4.34,0.0504,55.3
60,CL3r1,cluster,3.0,1,0.4084,0.4084,0.4084,0.3276,0.428,0.0,90,1.0,18.2,0.1028,52.3
60,CL3r2,cluster,3.0,2,0.3916,0.3932,0.3916,0.3117,0.4195,-0.0,90,1.0,17.86,0.1024,52.3
60,CL3r3,cluster,3.0,3,0.4602,0.462,0.4602,0.3767,0.5289,-0.0,0,1.0,25.63,0.1083,52.0
60,CL5r1,cluster,5.0,1,0.2539,0.2545,0.2539,0.1964,0.2982,0.0,0,1.0,18.74,0.051,55.2
60,CL5r2,cluster,5.0,2,0.247,0.2474,0.247,0.1804,0.2741,-0.0,90,1.0,19.78,0.0508,55.2
60,CL5r3,cluster,5.0,3,0.2751,0.2792,0.2751,0.2065,0.3018,-0.0,90,1.0,17.83,0.053,55.1
60,CL7r1,cluster,7.0,1,0.1834,0.1834,0.1834,0.1381,0.1953,0.0,90,1.0,20.15,0.0309,56.3
60,CL7r2,cluster,7.0,2,0.1854,0.1855,0.1854,0.1384,0.2007,-0.0,90,1.0,17.27,0.0305,56.4
60,CL7r3,cluster,7.0,3,0.2017,0.2015,0.2017,0.1531,0.2272,0.0,0,1.0,21.2,0.032,56.3
60,MU3r1,multi_cluster,3.0,1,0.7736,0.7736,0.7736,0.6703,0.8945,-0.0,95,1.0,3.21,0.1445,50.0
60,MU3r2,multi_cluster,3.0,2,1.1569,1.157,1.1569,1.0457,1.3206,0.0,95,1.0,3.21,0.1686,48.8
60,MU3r3,multi_cluster,3.0,3,0.573,0.573,0.573,0.4508,0.5855,0.0,5,1.0,18.74,0.1507,49.6
60,MU5r1,multi_cluster,5.0,1,0.4518,0.4519,0.4518,0.3681,0.5121,-0.0,90,1.0,3.6,0.0708,54.2
60,MU5r2,multi_cluster,5.0,2,0.5623,0.5623,0.5623,0.4807,0.658,-0.0,90,1.0,3.6,0.081,53.6
60,MU5r3,multi_cluster,5.0,3,0.3508,0.3508,0.3508,0.2601,0.347,-0.0,90,1.0,8.96,0.0735,54.0
60,MU7r1,multi_cluster,7.0,1,0.2881,0.2882,0.2881,0.2271,0.328,0.0,90,1.0,3.6,0.0412,55.8
60,MU7r2,multi_cluster,7.0,2,0.341,0.341,0.341,0.2835,0.4101,-0.0,90,1.0,3.6,0.0471,55.5
60,MU7r3,multi_cluster,7.0,3,0.2332,0.2333,0.2332,0.1664,0.23,-0.0,90,1.0,3.6,0.0428,55.7
61,RU3r1,rule_grid,3.0,1,0.478,0.4781,0.478,0.3549,0.4311,-0.0,100,1.0,10.11,0.2094,45.8
61,RU3r2,rule_grid,3.0,2,0.433,0.433,0.433,0.4032,0.4698,0.0,95,1.0,14.77,0.2088,45.8
61,RU3r3,rule_grid,3.0,3,0.4855,0.4858,0.4855,0.4097,0.4911,0.0,35,0.8,11.76,0.2078,45.9
61,RU5r1,rule_grid,5.0,1,0.2484,0.2485,0.2484,0.1888,0.2356,0.0,5,0.8,17.49,0.0996,52.0
61,RU5r2,rule_grid,5.0,2,0.213,0.2131,0.213,0.2189,0.2676,-0.0,90,0.8,17.31,0.0996,52.0
61,RU5r3,rule_grid,5.0,3,0.2412,0.2413,0.2412,0.2299,0.2871,-0.0,90,0.6,12.07,0.0986,52.1
61,RU7r1,rule_grid,7.0,1,0.1588,0.1588,0.1588,0.1137,0.1486,0.0,5,0.8,15.51,0.0586,54.4
61,RU7r2,rule_grid,7.0,2,0.1397,0.1397,0.1397,0.1367,0.1777,-0.0,90,0.8,20.13,0.058,54.4
61,RU7r3,rule_grid,7.0,3,0.1589,0.1589,0.1589,0.1452,0.19,0.0,90,0.8,14.92,0.0575,54.4
61,BE3r1,belt,3.0,1,2.0627,2.0627,2.0627,1.9707,2.4571,0.0,90,1.0,3.34,0.1248,51.5
61,BE3r2,belt,3.0,2,1.3205,1.3205,1.3205,1.2375,1.5073,0.0,95,1.0,4.45,0.1866,47.5
61,BE3r3,belt,3.0,3,1.2875,1.2875,1.2875,1.2695,1.5482,0.0,95,1.0,2.47,0.1861,47.5
61,BE5r1,belt,5.0,1,0.8603,0.8603,0.8603,0.8438,1.1383,0.0,90,1.0,3.62,0.061,54.6
61,BE5r2,belt,5.0,2,0.5649,0.5649,0.5649,0.53,0.7137,-0.0,95,1.0,4.68,0.0893,52.8
61,BE5r3,belt,5.0,3,0.5633,0.5633,0.5633,0.5614,0.7528,0.0,90,1.0,6.12,0.0887,52.8
61,BE7r1,belt,7.0,1,0.471,0.471,0.471,0.4697,0.6684,-0.0,90,1.0,3.87,0.0357,55.9
61,BE7r2,belt,7.0,2,0.3306,0.3307,0.3306,0.3115,0.4471,0.0,95,1.0,4.69,0.0522,54.8
61,BE7r3,belt,7.0,3,0.3285,0.3285,0.3285,0.3305,0.47,0.0,90,1.0,6.08,0.0516,54.9
61,CL3r1,cluster,3.0,1,0.2894,0.2894,0.2894,0.2623,0.3269,-0.0,95,1.0,17.89,0.1052,51.7
61,CL3r2,cluster,3.0,2,0.2804,0.2806,0.2804,0.2415,0.3194,0.0,95,1.0,14.68,0.1048,51.8
61,CL3r3,cluster,3.0,3,0.3362,0.3404,0.3362,0.3025,0.4165,0.0,5,1.0,23.12,0.1108,51.4
61,CL5r1,cluster,5.0,1,0.2015,0.2022,0.2015,0.154,0.2313,0.0,5,1.0,20.74,0.0522,54.7
61,CL5r2,cluster,5.0,2,0.1871,0.1875,0.1871,0.1376,0.208,-0.0,5,1.0,16.85,0.052,54.8
61,CL5r3,cluster,5.0,3,0.1993,0.2041,0.1993,0.1582,0.2252,0.0,5,0.8,14.68,0.0543,54.6
61,CL7r1,cluster,7.0,1,0.1269,0.1269,0.1269,0.109,0.1487,0.0,95,1.0,17.51,0.0316,55.9
61,CL7r2,cluster,7.0,2,0.1294,0.1296,0.1294,0.1055,0.1476,-0.0,95,1.0,18.25,0.0312,55.9
61,CL7r3,cluster,7.0,3,0.1431,0.1429,0.1431,0.1196,0.173,-0.0,5,1.0,19.3,0.0328,55.8
61,MU3r1,multi_cluster,3.0,1,0.6275,0.6276,0.6275,0.5759,0.7563,-0.0,95,1.0,4.57,0.1476,49.4
61,MU3r2,multi_cluster,3.0,2,1.0411,1.0411,1.0411,0.9726,1.2048,0.0,95,1.0,4.45,0.1722,48.2
61,MU3r3,multi_cluster,3.0,3,0.4119,0.412,0.4119,0.3425,0.4413,-0.0,10,1.0,17.14,0.154,49.0
61,MU5r1,multi_cluster,5.0,1,0.3604,0.3605,0.3604,0.3107,0.4251,0.0,95,1.0,7.03,0.0723,53.7
61,MU5r2,multi_cluster,5.0,2,0.4774,0.4774,0.4774,0.4345,0.5844,-0.0,95,1.0,6.59,0.0828,53.1
61,MU5r3,multi_cluster,5.0,3,0.2573,0.2573,0.2573,0.1959,0.2543,0.0,95,0.8,11.09,0.0751,53.5
61,MU7r1,multi_cluster,7.0,1,0.2239,0.2239,0.2239,0.1918,0.2727,0.0,95,1.0,6.69,0.0421,55.3
61,MU7r2,multi_cluster,7.0,2,0.2814,0.2814,0.2814,0.2553,0.3637,0.0,95,1.0,6.69,0.0482,55.0
61,MU7r3,multi_cluster,7.0,3,0.1675,0.1676,0.1675,0.1272,0.1711,0.0,95,0.8,9.69,0.0438,55.2
62,RU3r1,rule_grid,3.0,1,5.5846,5.5847,5.5846,4.1679,4.9095,-0.0,50,1.0,0.46,0.1954,37.2
62,RU3r2,rule_grid,3.0,2,5.8744,5.8743,5.8744,4.5622,5.4365,0.0,120,1.0,0.46,0.1947,37.3
62,RU3r3,rule_grid,3.0,3,6.0769,6.0773,6.0769,4.8775,5.8011,0.0,110,1.0,0.79,0.1943,37.4
62,RU5r1,rule_grid,5.0,1,2.4776,2.4776,2.4776,1.9874,2.4397,-0.0,145,1.0,0.71,0.089,40.9
62,RU5r2,rule_grid,5.0,2,2.6867,2.6867,2.6867,2.2603,2.7864,0.0,120,1.0,5.78,0.0887,41.0
62,RU5r3,rule_grid,5.0,3,2.67,2.6698,2.67,2.3585,2.9033,-0.0,115,1.0,4.2,0.0883,41.0
62,RU7r1,rule_grid,7.0,1,1.3722,1.3722,1.3722,1.1362,1.4114,-0.0,55,1.0,8.42,0.0516,42.1
62,RU7r2,rule_grid,7.0,2,1.4965,1.4965,1.4965,1.2807,1.5961,0.0,120,1.0,9.3,0.0509,42.2
62,RU7r3,rule_grid,7.0,3,1.5539,1.554,1.5539,1.4189,1.7725,0.0,115,1.0,6.52,0.0507,42.2
62,BE3r1,belt,3.0,1,8.8901,8.8901,8.8901,7.9414,9.7192,0.0,140,1.0,-0.0,0.1245,41.7
62,BE3r2,belt,3.0,2,7.6078,7.6079,7.6078,6.1404,7.3806,0.0,145,1.0,0.71,0.1774,38.7
62,BE3r3,belt,3.0,3,8.0205,8.0207,8.0205,6.4965,7.8146,0.0,170,1.0,0.0,0.1768,38.9
62,BE5r1,belt,5.0,1,3.9656,3.9656,3.9656,3.5717,4.4695,0.0,140,1.0,0.77,0.0575,42.9
62,BE5r2,belt,5.0,2,3.4561,3.456,3.4561,2.9501,3.6619,0.0,145,1.0,-0.0,0.081,41.6
62,BE5r3,belt,5.0,3,3.5161,3.516,3.5161,3.119,3.8773,-0.0,170,1.0,0.79,0.0806,41.7
62,BE7r1,belt,7.0,1,2.2257,2.2257,2.2257,2.0192,2.5489,0.0,140,1.0,0.79,0.0331,43.3
62,BE7r2,belt,7.0,2,2.0003,2.0004,2.0003,1.7428,2.1894,-0.0,145,1.0,-0.0,0.0466,42.6
62,BE7r3,belt,7.0,3,2.0194,2.0194,2.0194,1.8494,2.3269,0.0,175,1.0,0.79,0.0462,42.6
62,CL3r1,cluster,3.0,1,4.2195,4.2195,4.2195,3.6272,4.5334,0.0,45,1.0,7.15,0.1005,41.0
62,CL3r2,cluster,3.0,2,3.885,3.9041,3.885,3.2841,4.1168,-0.0,50,1.0,9.33,0.1005,40.9
62,CL3r3,cluster,3.0,3,4.184,4.1879,4.184,3.568,4.4272,0.0,45,1.0,0.71,0.1052,40.8
62,CL5r1,cluster,5.0,1,2.0243,2.0232,2.0243,1.7991,2.265,0.0,50,1.0,6.88,0.0466,42.6
62,CL5r2,cluster,5.0,2,1.9422,1.946,1.9422,1.6865,2.1198,0.0,50,1.0,7.95,0.0468,42.5
62,CL5r3,cluster,5.0,3,1.9878,1.9895,1.9878,1.7469,2.192,0.0,50,1.0,0.71,0.0487,42.5
62,CL7r1,cluster,7.0,1,1.2168,1.2168,1.2168,1.1055,1.3982,-0.0,50,1.0,7.02,0.0274,43.1
62,CL7r2,cluster,7.0,2,1.1565,1.1578,1.1565,1.031,1.3028,0.0,50,1.0,6.88,0.0274,43.1
62,CL7r3,cluster,7.0,3,1.2004,1.2018,1.2004,1.0779,1.3607,0.0,45,1.0,0.79,0.0286,43.0
62,MU3r1,multi_cluster,3.0,1,5.6794,5.6794,5.6794,4.4709,5.4107,-0.0,140,1.0,0.46,0.1443,39.6
62,MU3r2,multi_cluster,3.0,2,6.8087,6.8091,6.8087,5.3711,6.4642,-0.0,140,1.0,-0.0,0.1652,39.0
62,MU3r3,multi_cluster,3.0,3,5.1207,5.1207,5.1207,4.04,4.8544,0.0,140,1.0,0.46,0.1487,39.2
62,MU5r1,multi_cluster,5.0,1,2.6177,2.6177,2.6177,2.1982,2.7291,0.0,145,1.0,0.77,0.0666,41.9
62,MU5r2,multi_cluster,5.0,2,3.1056,3.1056,3.1056,2.6361,3.2699,0.0,145,1.0,0.46,0.0756,41.7
62,MU5r3,multi_cluster,5.0,3,2.3483,2.3483,2.3483,1.9342,2.3723,0.0,140,1.0,4.34,0.0685,41.7
62,MU7r1,multi_cluster,7.0,1,1.5196,1.5196,1.5196,1.3047,1.6363,-0.0,145,1.0,10.2,0.0381,42.7
62,MU7r2,multi_cluster,7.0,2,1.7978,1.7978,1.7978,1.5588,1.956,-0.0,145,1.0,-0.0,0.0433,42.6
62,MU7r3,multi_cluster,7.0,3,1.3442,1.3441,1.3442,1.1541,1.4318,0.0,140,1.0,4.6,0.0392,42.6
63,RU3r1,rule_grid,3.0,1,1.2051,1.205,1.2051,0.6214,0.5186,0.0,170,1.0,7.15,0.3128,24.1
63,RU3r2,rule_grid,3.0,2,0.6849,0.685,0.6849,0.3319,0.2793,-0.0,175,1.0,23.5,0.3125,24.0
63,RU3r3,rule_grid,3.0,3,1.1272,1.1278,1.1272,0.728,0.6036,0.0,90,1.0,7.99,0.311,24.1
63,RU5r1,rule_grid,5.0,1,0.5474,0.5474,0.5474,0.3317,0.2786,-0.0,80,1.0,8.29,0.157,29.4
63,RU5r2,rule_grid,5.0,2,0.2858,0.2859,0.2858,0.1862,0.1564,0.0,175,0.8,19.01,0.1572,29.3
63,RU5r3,rule_grid,5.0,3,0.5181,0.5183,0.5181,0.3406,0.2824,0.0,85,1.0,11.63,0.1558,29.4
63,RU7r1,rule_grid,7.0,1,0.3036,0.3036,0.3036,0.2021,0.1683,0.0,85,1.0,9.15,0.0955,31.4
63,RU7r2,rule_grid,7.0,2,0.1504,0.1504,0.1504,0.1123,0.0944,0.0,175,0.8,17.03,0.0945,31.4
63,RU7r3,rule_grid,7.0,3,0.318,0.318,0.318,0.2146,0.1785,0.0,90,1.0,14.99,0.0937,31.5
63,BE3r1,belt,3.0,1,2.8514,2.8514,2.8514,1.8845,1.5986,0.0,160,1.0,7.69,0.1945,28.7
63,BE3r2,belt,3.0,2,1.9781,1.9782,1.9781,1.2045,1.0157,-0.0,160,1.0,3.48,0.2828,25.3
63,BE3r3,belt,3.0,3,1.4712,1.4712,1.4712,1.0654,0.8856,-0.0,155,1.0,12.88,0.2821,25.2
63,BE5r1,belt,5.0,1,1.2327,1.2327,1.2327,0.8767,0.7336,0.0,160,1.0,6.3,0.0986,31.6
63,BE5r2,belt,5.0,2,0.85,0.8501,0.85,0.5713,0.4759,0.0,160,1.0,7.94,0.1416,30.0
63,BE5r3,belt,5.0,3,0.6443,0.6443,0.6443,0.5071,0.4189,0.0,155,1.0,13.29,0.1411,29.9
63,BE7r1,belt,7.0,1,0.6951,0.6951,0.6951,0.5095,0.4242,0.0,160,1.0,5.63,0.0592,32.8
63,BE7r2,belt,7.0,2,0.4965,0.4965,0.4965,0.3531,0.2924,-0.0,160,1.0,6.47,0.0853,31.8
63,BE7r3,belt,7.0,3,0.3781,0.3781,0.3781,0.305,0.2517,0.0,155,1.0,12.96,0.0844,31.8
63,CL3r1,cluster,3.0,1,0.8142,0.8142,0.8142,0.5906,0.4814,-0.0,75,1.0,8.34,0.171,28.9
63,CL3r2,cluster,3.0,2,0.8211,0.8211,0.8211,0.5947,0.4849,0.0,75,1.0,8.09,0.171,28.9
63,CL3r3,cluster,3.0,3,0.9612,0.9616,0.9612,0.6685,0.5482,-0.0,170,1.0,17.74,0.1779,28.7
63,CL5r1,cluster,5.0,1,0.4452,0.446,0.4452,0.3298,0.2725,0.0,75,1.0,8.19,0.0859,31.8
63,CL5r2,cluster,5.0,2,0.4456,0.4465,0.4456,0.3326,0.2748,-0.0,75,1.0,8.09,0.086,31.8
63,CL5r3,cluster,5.0,3,0.4683,0.4686,0.4683,0.3453,0.2855,0.0,170,1.0,11.37,0.0891,31.7
63,CL7r1,cluster,7.0,1,0.2774,0.2774,0.2774,0.2104,0.1748,0.0,75,1.0,8.19,0.0523,32.9
63,CL7r2,cluster,7.0,2,0.2784,0.2787,0.2784,0.2116,0.1758,0.0,75,1.0,8.12,0.0519,32.9
63,CL7r3,cluster,7.0,3,0.2933,0.2943,0.2933,0.2242,0.1862,0.0,75,1.0,18.53,0.0543,32.9
63,MU3r1,multi_cluster,3.0,1,1.3507,1.3507,1.3507,0.8112,0.6716,0.0,165,1.0,8.52,0.2313,27.0
63,MU3r2,multi_cluster,3.0,2,1.7087,1.7087,1.7087,1.0225,0.8557,0.0,165,1.0,3.56,0.2638,25.9
63,MU3r3,multi_cluster,3.0,3,1.1525,1.1525,1.1525,0.6648,0.5501,-0.0,80,1.0,10.35,0.2402,26.6
63,MU5r1,multi_cluster,5.0,1,0.6388,0.6388,0.6388,0.416,0.3477,-0.0,170,1.0,8.43,0.1159,30.8
63,MU5r2,multi_cluster,5.0,2,0.7378,0.7378,0.7378,0.4929,0.4114,0.0,165,1.0,8.2,0.1318,30.3
63,MU5r3,multi_cluster,5.0,3,0.5576,0.5576,0.5576,0.3582,0.2995,-0.0,80,1.0,6.72,0.1201,30.6
63,MU7r1,multi_cluster,7.0,1,0.3633,0.3633,0.3633,0.2593,0.2162,-0.0,165,1.0,8.43,0.069,32.4
63,MU7r2,multi_cluster,7.0,2,0.4305,0.4306,0.4305,0.3002,0.2493,-0.0,160,1.0,6.58,0.0789,32.0
63,MU7r3,multi_cluster,7.0,3,0.3174,0.3174,0.3174,0.2268,0.1889,0.0,85,1.0,11.81,0.0715,32.3
64,RU3r1,rule_grid,3.0,1,5.4423,5.4439,5.4423,3.192,2.1188,-0.0,55,1.0,1.18,0.4109,11.5
64,RU3r2,rule_grid,3.0,2,4.4022,4.4022,4.4022,1.6342,0.9844,0.0,35,1.0,12.79,0.4109,11.4
64,RU3r3,rule_grid,3.0,3,5.8429,5.8431,5.8429,4.161,2.6659,-0.0,70,1.0,2.08,0.4087,11.6
64,RU5r1,rule_grid,5.0,1,2.8292,2.8293,2.8292,1.7011,1.0871,0.0,145,1.0,1.52,0.2203,14.8
64,RU5r2,rule_grid,5.0,2,2.4799,2.4801,2.4799,0.9877,0.5734,0.0,40,1.0,13.81,0.221,14.8
64,RU5r3,rule_grid,5.0,3,2.7825,2.7885,2.7825,1.9728,1.2197,0.0,70,1.0,2.28,0.2189,14.9
64,RU7r1,rule_grid,7.0,1,1.7302,1.7301,1.7302,1.0098,0.625,0.0,60,1.0,1.72,0.1395,16.2
64,RU7r2,rule_grid,7.0,2,1.5163,1.5163,1.5163,0.5876,0.3352,-0.0,150,1.0,20.28,0.1382,16.2
64,RU7r3,rule_grid,7.0,3,1.8558,1.8558,1.8558,1.3127,0.7617,-0.0,75,1.0,2.28,0.1368,16.3
64,BE3r1,belt,3.0,1,11.3766,11.3765,11.3766,8.1379,5.2616,0.0,60,1.0,7.18,0.2644,15.2
64,BE3r2,belt,3.0,2,8.4584,8.4584,8.4584,4.4884,3.0136,0.0,60,1.0,7.78,0.3755,12.5
64,BE3r3,belt,3.0,3,9.576,9.577,9.576,5.4283,3.4964,0.0,90,1.0,1.57,0.3745,12.7
64,BE5r1,belt,5.0,1,5.9009,5.9012,5.9009,3.8434,2.2719,-0.0,60,1.0,5.76,0.1399,16.9
64,BE5r2,belt,5.0,2,4.5178,4.5182,4.5178,2.4271,1.489,-0.0,60,1.0,4.1,0.1992,15.5
64,BE5r3,belt,5.0,3,4.8616,4.8616,4.8616,2.6998,1.5523,-0.0,90,1.0,1.96,0.1986,15.5
64,BE7r1,belt,7.0,1,3.5953,3.5953,3.5953,2.2136,1.2432,-0.0,60,1.0,4.53,0.0867,17.5
64,BE7r2,belt,7.0,2,2.9038,2.9041,2.9038,1.5702,0.9178,0.0,60,1.0,7.5,0.1244,16.7
64,BE7r3,belt,7.0,3,2.9699,2.9699,2.9699,1.6786,0.9216,0.0,90,1.0,1.96,0.1232,16.7
64,CL3r1,cluster,3.0,1,5.0698,5.0697,5.0698,3.1034,1.7316,-0.0,145,1.0,16.66,0.2429,14.7
64,CL3r2,cluster,3.0,2,4.8047,4.8082,4.8047,3.2864,1.8333,-0.0,50,1.0,15.54,0.2431,14.7
64,CL3r3,cluster,3.0,3,6.0637,6.0557,6.0637,3.5427,2.0366,0.0,145,1.0,0.77,0.2496,14.7
64,CL5r1,cluster,5.0,1,2.7675,2.7708,2.7675,1.6492,0.9338,0.0,145,1.0,16.44,0.1265,16.6
64,CL5r2,cluster,5.0,2,2.6648,2.6663,2.6648,1.8007,1.0182,0.0,145,1.0,16.4,0.1266,16.6
64,CL5r3,cluster,5.0,3,3.281,3.2747,3.281,1.9303,1.1,0.0,145,1.0,1.02,0.1305,16.6
64,CL7r1,cluster,7.0,1,1.8665,1.8666,1.8665,1.1284,0.644,-0.0,145,1.0,16.44,0.0785,17.4
64,CL7r2,cluster,7.0,2,1.7796,1.7792,1.7796,1.1775,0.6662,-0.0,55,1.0,16.4,0.078,17.4
64,CL7r3,cluster,7.0,3,2.1896,2.1898,2.1896,1.2966,0.7306,-0.0,145,1.0,0.61,0.0812,17.4
64,MU3r1,multi_cluster,3.0,1,6.6981,6.698,6.6981,3.7747,2.362,0.0,55,1.0,7.26,0.314,13.5
64,MU3r2,multi_cluster,3.0,2,7.6038,7.6047,7.6038,4.0334,2.6362,0.0,60,1.0,6.63,0.353,12.9
64,MU3r3,multi_cluster,3.0,3,5.845,5.8454,5.845,3.4142,2.1523,0.0,145,1.0,1.23,0.3257,13.2
64,MU5r1,multi_cluster,5.0,1,3.6339,3.634,3.6339,2.0804,1.2743,-0.0,60,1.0,7.22,0.1642,16.0
64,MU5r2,multi_cluster,5.0,2,4.0808,4.0807,4.0808,2.18,1.3393,0.0,60,1.0,6.63,0.1857,15.7
64,MU5r3,multi_cluster,5.0,3,3.1523,3.1524,3.1523,1.8679,1.1577,0.0,55,1.0,1.37,0.1703,15.8
64,MU7r1,multi_cluster,7.0,1,2.3129,2.3131,2.3129,1.3226,0.7865,-0.0,60,1.0,7.18,0.1007,17.0
64,MU7r2,multi_cluster,7.0,2,2.6035,2.6035,2.6035,1.3977,0.8235,0.0,60,1.0,6.63,0.1151,16.8
64,MU7r3,multi_cluster,7.0,3,2.0265,2.0265,2.0265,1.1902,0.7167,0.0,55,1.0,1.49,0.1045,16.9
65,RU3r1,rule_grid,3.0,1,0.3012,0.3015,0.3012,0.3116,0.3704,0.0,90,0.6,7.26,0.2126,44.6
65,RU3r2,rule_grid,3.0,2,0.394,0.3941,0.394,0.4727,0.5617,0.0,90,0.8,14.41,0.212,44.6
65,RU3r3,rule_grid,3.0,3,0.4069,0.4074,0.4069,0.4983,0.6109,-0.0,80,0.8,11.58,0.211,44.7
65,RU5r1,rule_grid,5.0,1,0.2692,0.2693,0.2692,0.1967,0.2474,0.0,90,1.0,16.7,0.102,50.8
65,RU5r2,rule_grid,5.0,2,0.2557,0.2557,0.2557,0.2701,0.3358,0.0,90,1.0,14.52,0.102,50.8
65,RU5r3,rule_grid,5.0,3,0.2165,0.2167,0.2165,0.2652,0.3388,0.0,90,0.8,15.51,0.1011,50.8
65,RU7r1,rule_grid,7.0,1,0.207,0.207,0.207,0.1304,0.1723,0.0,90,1.0,7.0,0.0604,53.1
65,RU7r2,rule_grid,7.0,2,0.1835,0.1835,0.1835,0.1723,0.2252,0.0,90,0.8,14.0,0.0598,53.2
65,RU7r3,rule_grid,7.0,3,0.1462,0.1462,0.1462,0.1741,0.2334,0.0,90,0.8,11.55,0.0593,53.2
65,BE3r1,belt,3.0,1,1.7097,1.7097,1.7097,1.5986,1.9694,-0.0,90,1.0,5.21,0.1272,50.1
65,BE3r2,belt,3.0,2,1.123,1.123,1.123,1.036,1.2556,0.0,90,1.0,6.26,0.1897,46.2
65,BE3r3,belt,3.0,3,1.1449,1.1449,1.1449,1.1806,1.4473,0.0,90,1.0,5.32,0.1892,46.3
65,BE5r1,belt,5.0,1,0.8025,0.8025,0.8025,0.72,0.9507,-0.0,90,1.0,4.97,0.0626,53.3
65,BE5r2,belt,5.0,2,0.5689,0.5689,0.5689,0.4819,0.6389,0.0,90,1.0,5.16,0.0915,51.6
65,BE5r3,belt,5.0,3,0.5496,0.5496,0.5496,0.5625,0.7438,0.0,90,1.0,6.95,0.0909,51.6
65,BE7r1,belt,7.0,1,0.4788,0.4788,0.4788,0.4108,0.5678,0.0,90,1.0,4.14,0.0368,54.6
65,BE7r2,belt,7.0,2,0.3708,0.3709,0.3708,0.2939,0.4112,-0.0,90,1.0,4.91,0.0538,53.6
65,BE7r3,belt,7.0,3,0.346,0.3461,0.346,0.3394,0.4699,-0.0,90,1.0,4.14,0.0531,53.6
65,CL3r1,cluster,3.0,1,0.2624,0.2624,0.2624,0.2299,0.2802,-0.0,90,0.8,19.58,0.1079,50.5
65,CL3r2,cluster,3.0,2,0.2506,0.2525,0.2506,0.2071,0.2673,-0.0,90,0.8,9.59,0.1076,50.5
65,CL3r3,cluster,3.0,3,0.2524,0.2542,0.2524,0.1984,0.2627,0.0,0,0.6,22.27,0.1135,50.2
65,CL5r1,cluster,5.0,1,0.2089,0.2097,0.2089,0.1338,0.1922,-0.0,0,1.0,25.6,0.0539,53.5
65,CL5r2,cluster,5.0,2,0.188,0.1885,0.188,0.1305,0.1743,0.0,90,0.8,18.18,0.0537,53.5
65,CL5r3,cluster,5.0,3,0.1952,0.1997,0.1952,0.129,0.1779,0.0,0,0.8,21.84,0.056,53.4
65,CL7r1,cluster,7.0,1,0.1634,0.1634,0.1634,0.1124,0.152,0.0,90,1.0,13.99,0.0327,54.7
65,CL7r2,cluster,7.0,2,0.1558,0.156,0.1558,0.1062,0.1463,0.0,90,1.0,18.16,0.0323,54.7
65,CL7r3,cluster,7.0,3,0.1608,0.1606,0.1608,0.1042,0.1459,0.0,0,1.0,23.09,0.0339,54.6
65,MU3r1,multi_cluster,3.0,1,0.5237,0.5237,0.5237,0.4715,0.6047,0.0,90,1.0,7.47,0.1505,48.2
65,MU3r2,multi_cluster,3.0,2,0.8819,0.8819,0.8819,0.8113,0.995,-0.0,90,1.0,6.44,0.1752,47.0
65,MU3r3,multi_cluster,3.0,3,0.3192,0.3192,0.3192,0.2775,0.3441,0.0,90,0.8,14.58,0.157,47.7
65,MU5r1,multi_cluster,5.0,1,0.3788,0.3788,0.3788,0.2912,0.3905,0.0,90,1.0,5.16,0.0742,52.4
65,MU5r2,multi_cluster,5.0,2,0.4881,0.4881,0.4881,0.4008,0.5305,0.0,90,1.0,5.16,0.0848,51.9
65,MU5r3,multi_cluster,5.0,3,0.2785,0.2786,0.2785,0.1937,0.2501,-0.0,90,1.0,9.97,0.0771,52.2
65,MU7r1,multi_cluster,7.0,1,0.2633,0.2633,0.2633,0.1867,0.2589,-0.0,90,1.0,4.91,0.0434,54.1
65,MU7r2,multi_cluster,7.0,2,0.3228,0.3228,0.3228,0.2457,0.3416,-0.0,90,1.0,4.91,0.0497,53.8
65,MU7r3,multi_cluster,7.0,3,0.2084,0.2085,0.2084,0.1315,0.1754,-0.0,90,1.0,12.79,0.0451,54.0
66,RU3r1,rule_grid,3.0,1,1.4735,1.4736,1.4735,0.9256,0.756,0.0,85,1.0,11.47,0.3129,24.4
66,RU3r2,rule_grid,3.0,2,1.2014,1.2017,1.2014,0.7551,0.5991,0.0,155,1.0,15.94,0.3126,24.3
66,RU3r3,rule_grid,3.0,3,1.5756,1.5757,1.5756,1.0773,0.8719,0.0,10,1.0,28.59,0.3112,24.5
66,RU5r1,rule_grid,5.0,1,0.7349,0.7348,0.7349,0.5532,0.4478,0.0,90,1.0,11.95,0.1549,29.8
66,RU5r2,rule_grid,5.0,2,0.5818,0.5818,0.5818,0.4516,0.3624,0.0,155,1.0,16.73,0.155,29.7
66,RU5r3,rule_grid,5.0,3,0.732,0.7322,0.732,0.5978,0.4786,0.0,15,1.0,22.38,0.1539,29.8
66,RU7r1,rule_grid,7.0,1,0.4594,0.4594,0.4594,0.3668,0.2921,-0.0,0,1.0,35.29,0.0935,31.9
66,RU7r2,rule_grid,7.0,2,0.3334,0.3334,0.3334,0.2959,0.2352,-0.0,155,1.0,13.28,0.0924,31.9
66,RU7r3,rule_grid,7.0,3,0.4807,0.4808,0.4807,0.4091,0.3225,0.0,15,1.0,23.22,0.0918,31.9
66,BE3r1,belt,3.0,1,3.9681,3.9682,3.9681,2.4213,1.9554,0.0,5,1.0,5.33,0.1972,29.2
66,BE3r2,belt,3.0,2,2.8367,2.8367,2.8367,1.6469,1.3274,0.0,0,1.0,28.71,0.284,25.8
66,BE3r3,belt,3.0,3,2.8364,2.8364,2.8364,1.7667,1.4132,-0.0,25,1.0,16.67,0.2834,25.8
66,BE5r1,belt,5.0,1,1.674,1.674,1.674,1.1242,0.889,0.0,0,1.0,5.07,0.0985,32.1
66,BE5r2,belt,5.0,2,1.2636,1.2637,1.2636,0.8668,0.6887,-0.0,0,1.0,17.67,0.1403,30.5
66,BE5r3,belt,5.0,3,1.1824,1.1824,1.1824,0.8626,0.6788,-0.0,25,1.0,11.5,0.1398,30.5
66,BE7r1,belt,7.0,1,0.9592,0.9592,0.9592,0.6756,0.5329,-0.0,0,1.0,6.79,0.0587,33.2
66,BE7r2,belt,7.0,2,0.7624,0.7624,0.7624,0.5642,0.4449,-0.0,0,1.0,13.52,0.0838,32.3
66,BE7r3,belt,7.0,3,0.6815,0.6816,0.6815,0.5374,0.4205,0.0,25,1.0,11.58,0.083,32.3
66,CL3r1,cluster,3.0,1,0.9767,0.9768,0.9767,0.7651,0.5965,0.0,90,1.0,20.82,0.1711,29.3
66,CL3r2,cluster,3.0,2,1.0235,1.029,1.0235,0.711,0.5536,0.0,175,1.0,16.62,0.1712,29.3
66,CL3r3,cluster,3.0,3,1.2346,1.24,1.2346,0.8509,0.6625,-0.0,85,1.0,1.9,0.178,29.1
66,CL5r1,cluster,5.0,1,0.5891,0.5889,0.5891,0.4765,0.3755,0.0,90,1.0,12.63,0.0841,32.2
66,CL5r2,cluster,5.0,2,0.5484,0.5483,0.5484,0.4244,0.3353,0.0,175,1.0,16.42,0.0844,32.2
66,CL5r3,cluster,5.0,3,0.6155,0.6188,0.6155,0.4912,0.387,0.0,85,1.0,2.58,0.0875,32.1
66,CL7r1,cluster,7.0,1,0.3993,0.3993,0.3993,0.3409,0.2693,0.0,90,1.0,23.09,0.0508,33.3
66,CL7r2,cluster,7.0,2,0.3757,0.3767,0.3757,0.3085,0.2439,0.0,0,1.0,20.66,0.0506,33.3
66,CL7r3,cluster,7.0,3,0.4247,0.4274,0.4247,0.3511,0.277,-0.0,90,1.0,2.55,0.0528,33.3
66,MU3r1,multi_cluster,3.0,1,1.7402,1.7402,1.7402,1.1623,0.924,0.0,0,1.0,28.9,0.2334,27.3
66,MU3r2,multi_cluster,3.0,2,2.3694,2.3694,2.3694,1.4386,1.1519,0.0,0,1.0,28.71,0.2654,26.3
66,MU3r3,multi_cluster,3.0,3,1.4062,1.4062,1.4062,0.9297,0.747,0.0,175,1.0,21.43,0.2416,26.9
66,MU5r1,multi_cluster,5.0,1,0.905,0.905,0.905,0.6792,0.5414,0.0,0,1.0,29.84,0.1153,31.2
66,MU5r2,multi_cluster,5.0,2,1.1013,1.1013,1.1013,0.7775,0.6195,0.0,0,1.0,23.97,0.1307,30.7
66,MU5r3,multi_cluster,5.0,3,0.7408,0.7407,0.7408,0.5712,0.458,-0.0,0,1.0,36.47,0.1191,31.0
66,MU7r1,multi_cluster,7.0,1,0.5697,0.5696,0.5697,0.4511,0.3578,-0.0,0,1.0,18.72,0.0681,32.8
66,MU7r2,multi_cluster,7.0,2,0.672,0.672,0.672,0.5086,0.4022,-0.0,0,1.0,18.67,0.0777,32.5
66,MU7r3,multi_cluster,7.0,3,0.4796,0.4797,0.4796,0.3885,0.3089,0.0,0,1.0,25.42,0.0704,32.7
67,RU3r1,rule_grid,3.0,1,0.3881,0.388,0.3881,0.3148,0.3371,-0.0,150,0.8,7.16,0.2469,38.9
67,RU3r2,rule_grid,3.0,2,0.7829,0.783,0.7829,0.6191,0.651,0.0,150,1.0,10.31,0.2463,39.1
67,RU3r3,rule_grid,3.0,3,0.9245,0.925,0.9245,0.7985,0.8579,0.0,90,0.8,2.83,0.2452,39.2
67,RU5r1,rule_grid,5.0,1,0.218,0.2181,0.218,0.1797,0.2012,-0.0,60,0.8,8.67,0.1207,45.4
67,RU5r2,rule_grid,5.0,2,0.368,0.3681,0.368,0.3516,0.387,-0.0,150,1.0,15.35,0.1208,45.4
67,RU5r3,rule_grid,5.0,3,0.4056,0.4058,0.4056,0.4296,0.477,0.0,90,0.8,6.31,0.1196,45.5
67,RU7r1,rule_grid,7.0,1,0.1254,0.1255,0.1254,0.1201,0.138,0.0,60,0.8,12.02,0.0721,47.8
67,RU7r2,rule_grid,7.0,2,0.1907,0.1907,0.1907,0.2193,0.2498,-0.0,150,0.8,12.37,0.0716,47.9
67,RU7r3,rule_grid,7.0,3,0.2508,0.2508,0.2508,0.2862,0.33,0.0,90,0.8,9.52,0.0709,48.0
67,BE3r1,belt,3.0,1,2.3425,2.3425,2.3425,1.7971,1.9757,-0.0,145,1.0,2.58,0.1484,44.9
67,BE3r2,belt,3.0,2,1.4534,1.4534,1.4534,1.0158,1.0941,0.0,145,1.0,3.77,0.2207,40.7
67,BE3r3,belt,3.0,3,1.7221,1.7221,1.7221,1.4056,1.5116,0.0,150,1.0,1.77,0.2201,40.9
67,BE5r1,belt,5.0,1,0.9143,0.9144,0.9143,0.7609,0.8767,0.0,145,1.0,5.08,0.0742,48.1
67,BE5r2,belt,5.0,2,0.5674,0.5675,0.5674,0.4571,0.5235,0.0,150,1.0,5.52,0.1083,46.2
67,BE5r3,belt,5.0,3,0.6953,0.6953,0.6953,0.6933,0.7887,0.0,150,1.0,4.52,0.1077,46.3
67,BE7r1,belt,7.0,1,0.4723,0.4723,0.4723,0.4155,0.4949,-0.0,145,1.0,5.42,0.044,49.5
67,BE7r2,belt,7.0,2,0.31,0.3101,0.31,0.2793,0.3318,-0.0,150,0.8,5.59,0.0643,48.3
67,BE7r3,belt,7.0,3,0.3697,0.3697,0.3697,0.4198,0.4941,-0.0,150,1.0,6.37,0.0636,48.4
67,CL3r1,cluster,3.0,1,0.2654,0.2654,0.2654,0.2016,0.245,0.0,150,0.8,13.28,0.1283,45.0
67,CL3r2,cluster,3.0,2,0.2396,0.242,0.2396,0.2304,0.2672,-0.0,85,0.8,9.44,0.128,45.0
67,CL3r3,cluster,3.0,3,0.2684,0.2709,0.2684,0.2253,0.2624,0.0,60,0.8,22.35,0.1345,44.7
67,CL5r1,cluster,5.0,1,0.1739,0.1756,0.1739,0.1277,0.1569,0.0,60,0.8,11.01,0.0646,48.3
67,CL5r2,cluster,5.0,2,0.1613,0.1626,0.1613,0.1212,0.1466,0.0,60,0.8,9.66,0.0644,48.3
67,CL5r3,cluster,5.0,3,0.1604,0.161,0.1604,0.1284,0.1513,0.0,150,0.8,23.26,0.067,48.1
67,CL7r1,cluster,7.0,1,0.111,0.1111,0.111,0.1017,0.1178,-0.0,150,0.8,16.48,0.0393,49.5
67,CL7r2,cluster,7.0,2,0.1018,0.1022,0.1018,0.0903,0.1054,-0.0,60,0.8,15.62,0.0389,49.5
67,CL7r3,cluster,7.0,3,0.1107,0.1107,0.1107,0.0835,0.0995,0.0,60,0.8,20.33,0.0408,49.5
67,MU3r1,multi_cluster,3.0,1,0.6107,0.6108,0.6107,0.4759,0.5297,0.0,150,1.0,9.02,0.1766,42.7
67,MU3r2,multi_cluster,3.0,2,1.0993,1.0993,1.0993,0.7815,0.8467,0.0,150,1.0,7.27,0.2044,41.4
67,MU3r3,multi_cluster,3.0,3,0.3618,0.3618,0.3618,0.2874,0.3165,0.0,60,0.8,4.19,0.1842,42.2
67,MU5r1,multi_cluster,5.0,1,0.333,0.3331,0.333,0.276,0.3203,-0.0,150,0.8,14.47,0.0879,47.1
67,MU5r2,multi_cluster,5.0,2,0.4682,0.4682,0.4682,0.3783,0.4344,0.0,150,0.8,7.4,0.1004,46.5
67,MU5r3,multi_cluster,5.0,3,0.2221,0.2222,0.2221,0.1785,0.2033,0.0,60,0.8,11.14,0.0913,46.9
67,MU7r1,multi_cluster,7.0,1,0.1935,0.1936,0.1935,0.1747,0.2078,0.0,150,0.8,13.54,0.0518,48.9
67,MU7r2,multi_cluster,7.0,2,0.2562,0.2563,0.2562,0.2303,0.2731,-0.0,150,0.8,13.39,0.0593,48.6
67,MU7r3,multi_cluster,7.0,3,0.1344,0.1345,0.1344,0.1163,0.1348,-0.0,60,0.8,7.69,0.0539,48.8
68,RU3r1,rule_grid,3.0,1,0.5251,0.5253,0.5251,0.4772,0.5892,0.0,90,1.0,9.35,0.2035,46.6
68,RU3r2,rule_grid,3.0,2,0.5341,0.5342,0.5341,0.4586,0.5558,0.0,95,1.0,13.28,0.2029,46.7
68,RU3r3,rule_grid,3.0,3,0.5621,0.5626,0.5621,0.5244,0.6443,0.0,90,1.0,12.82,0.202,46.7
68,RU5r1,rule_grid,5.0,1,0.3135,0.3136,0.3135,0.2663,0.3464,0.0,90,1.0,12.46,0.0966,52.8
68,RU5r2,rule_grid,5.0,2,0.2795,0.2796,0.2795,0.2497,0.3202,-0.0,90,1.0,17.02,0.0966,52.7
68,RU5r3,rule_grid,5.0,3,0.3148,0.3149,0.3148,0.2967,0.3846,0.0,90,1.0,13.0,0.0957,52.8
68,RU7r1,rule_grid,7.0,1,0.2158,0.2158,0.2158,0.1639,0.2251,0.0,0,1.0,15.66,0.0567,55.0
68,RU7r2,rule_grid,7.0,2,0.1832,0.1832,0.1832,0.1543,0.2107,0.0,90,1.0,16.2,0.0562,55.0
68,RU7r3,rule_grid,7.0,3,0.2014,0.2014,0.2014,0.1867,0.2566,0.0,90,1.0,12.76,0.0558,55.1
68,BE3r1,belt,3.0,1,1.9124,1.9124,1.9124,1.85,2.3606,-0.0,90,1.0,4.33,0.1213,52.1
68,BE3r2,belt,3.0,2,1.294,1.294,1.294,1.2255,1.5287,0.0,90,1.0,4.31,0.1813,48.3
68,BE3r3,belt,3.0,3,1.2086,1.2086,1.2086,1.1969,1.4944,0.0,90,1.0,5.64,0.1808,48.3
68,BE5r1,belt,5.0,1,0.8549,0.8549,0.8549,0.8173,1.134,0.0,90,1.0,4.29,0.0592,55.2
68,BE5r2,belt,5.0,2,0.5881,0.5882,0.5881,0.5533,0.7626,0.0,90,1.0,4.31,0.0866,53.5
68,BE5r3,belt,5.0,3,0.5461,0.5461,0.5461,0.5392,0.7423,-0.0,90,1.0,5.67,0.0861,53.5
68,BE7r1,belt,7.0,1,0.5009,0.5009,0.5009,0.4646,0.6809,0.0,90,1.0,4.39,0.0346,56.5
68,BE7r2,belt,7.0,2,0.3706,0.3707,0.3706,0.3315,0.4867,0.0,90,1.0,4.14,0.0506,55.5
68,BE7r3,belt,7.0,3,0.333,0.333,0.333,0.319,0.4669,-0.0,90,1.0,6.52,0.05,55.5
68,CL3r1,cluster,3.0,1,0.4158,0.4158,0.4158,0.3283,0.4352,0.0,90,1.0,20.08,0.102,52.5
68,CL3r2,cluster,3.0,2,0.3897,0.3897,0.3897,0.3028,0.4119,0.0,90,1.0,21.37,0.1016,52.5
68,CL3r3,cluster,3.0,3,0.4477,0.4497,0.4477,0.36,0.5084,-0.0,0,1.0,31.29,0.1074,52.2
68,CL5r1,cluster,5.0,1,0.2498,0.2504,0.2498,0.1914,0.2913,-0.0,0,1.0,27.27,0.0506,55.4
68,CL5r2,cluster,5.0,2,0.2508,0.2512,0.2508,0.1821,0.2715,-0.0,90,1.0,19.4,0.0504,55.4
68,CL5r3,cluster,5.0,3,0.2726,0.2778,0.2726,0.2052,0.3015,-0.0,0,1.0,23.77,0.0526,55.3
68,CL7r1,cluster,7.0,1,0.1993,0.1993,0.1993,0.1453,0.2093,0.0,90,1.0,18.53,0.0306,56.5
68,CL7r2,cluster,7.0,2,0.1925,0.1927,0.1925,0.1403,0.2057,-0.0,90,1.0,19.4,0.0303,56.6
68,CL7r3,cluster,7.0,3,0.2075,0.2073,0.2075,0.1538,0.23,0.0,0,1.0,24.97,0.0318,56.5
68,MU3r1,multi_cluster,3.0,1,0.7141,0.7141,0.7141,0.643,0.8623,0.0,90,1.0,4.31,0.1433,50.2
68,MU3r2,multi_cluster,3.0,2,1.0631,1.0632,1.0631,0.9929,1.2612,0.0,90,1.0,4.31,0.1672,49.0
68,MU3r3,multi_cluster,3.0,3,0.5238,0.5238,0.5238,0.4453,0.5815,-0.0,0,1.0,16.48,0.1495,49.8
68,MU5r1,multi_cluster,5.0,1,0.4246,0.4247,0.4246,0.3662,0.5123,-0.0,90,1.0,4.39,0.0702,54.4
68,MU5r2,multi_cluster,5.0,2,0.5164,0.5164,0.5164,0.4721,0.6502,0.0,90,1.0,4.31,0.0803,53.8
68,MU5r3,multi_cluster,5.0,3,0.3357,0.3357,0.3357,0.2693,0.3631,0.0,90,1.0,6.37,0.0729,54.2
68,MU7r1,multi_cluster,7.0,1,0.2853,0.2853,0.2853,0.2302,0.3352,0.0,90,1.0,4.13,0.0409,56.0
68,MU7r2,multi_cluster,7.0,2,0.3301,0.3301,0.3301,0.2841,0.4142,0.0,90,1.0,4.14,0.0467,55.7
68,MU7r3,multi_cluster,7.0,3,0.2362,0.2362,0.2362,0.1755,0.2462,0.0,90,1.0,7.81,0.0424,55.9
69,RU3r1,rule_grid,3.0,1,0.7204,0.7204,0.7204,0.4868,0.5476,-0.0,155,1.0,4.53,0.2283,38.5
69,RU3r2,rule_grid,3.0,2,0.5191,0.5191,0.5191,0.4467,0.499,0.0,90,0.8,14.01,0.2277,38.4
69,RU3r3,rule_grid,3.0,3,1.1884,1.1888,1.1884,1.0103,1.1573,0.0,85,1.0,2.73,0.2268,38.7
69,RU5r1,rule_grid,5.0,1,0.4118,0.4119,0.4118,0.2537,0.2931,0.0,65,1.0,4.19,0.1095,44.3
69,RU5r2,rule_grid,5.0,2,0.2793,0.2793,0.2793,0.2468,0.2805,0.0,90,0.8,13.34,0.1095,44.2
69,RU5r3,rule_grid,5.0,3,0.4926,0.4927,0.4926,0.4595,0.5372,0.0,80,1.0,2.84,0.1086,44.4
69,RU7r1,rule_grid,7.0,1,0.2557,0.2557,0.2557,0.154,0.1827,0.0,65,1.0,4.75,0.0649,46.4
69,RU7r2,rule_grid,7.0,2,0.179,0.179,0.179,0.16,0.1876,0.0,90,0.8,13.0,0.0642,46.4
69,RU7r3,rule_grid,7.0,3,0.2925,0.2926,0.2925,0.2903,0.3502,0.0,90,1.0,4.77,0.0637,46.5
69,BE3r1,belt,3.0,1,2.9825,2.9825,2.9825,2.6119,2.9862,0.0,125,1.0,3.04,0.1399,43.9
69,BE3r2,belt,3.0,2,1.6449,1.6448,1.6449,1.3415,1.5202,-0.0,150,1.0,6.16,0.2053,40.0
69,BE3r3,belt,3.0,3,2.0455,2.0455,2.0455,1.7071,1.9385,0.0,125,1.0,5.2,0.2047,40.2
69,BE5r1,belt,5.0,1,1.1369,1.1369,1.1369,1.0572,1.2643,0.0,125,1.0,4.18,0.0684,46.7
69,BE5r2,belt,5.0,2,0.6685,0.6685,0.6685,0.5379,0.6451,0.0,150,1.0,7.3,0.0987,44.9
69,BE5r3,belt,5.0,3,0.7797,0.7797,0.7797,0.7324,0.8795,0.0,125,1.0,6.04,0.0982,45.0
69,BE7r1,belt,7.0,1,0.5816,0.5816,0.5816,0.5641,0.6928,-0.0,125,1.0,4.29,0.0402,47.8
69,BE7r2,belt,7.0,2,0.3713,0.3713,0.3713,0.3263,0.3978,-0.0,150,0.8,6.55,0.058,46.8
69,BE7r3,belt,7.0,3,0.4254,0.4254,0.4254,0.4236,0.5231,0.0,130,1.0,6.36,0.0574,46.9
69,CL3r1,cluster,3.0,1,0.5541,0.5541,0.5541,0.4275,0.5274,0.0,70,1.0,3.47,0.1181,43.9
69,CL3r2,cluster,3.0,2,0.6007,0.6004,0.6007,0.4655,0.5726,0.0,70,1.0,3.67,0.118,43.9
69,CL3r3,cluster,3.0,3,0.658,0.6592,0.658,0.4581,0.5543,-0.0,160,1.0,3.54,0.1239,43.7
69,CL5r1,cluster,5.0,1,0.3265,0.327,0.3265,0.2421,0.2997,-0.0,65,1.0,10.1,0.0581,46.8
69,CL5r2,cluster,5.0,2,0.3483,0.3486,0.3483,0.2503,0.3097,-0.0,65,1.0,3.84,0.0581,46.8
69,CL5r3,cluster,5.0,3,0.3539,0.3543,0.3539,0.235,0.2871,0.0,155,0.8,3.86,0.0605,46.7
69,CL7r1,cluster,7.0,1,0.2112,0.2112,0.2112,0.1492,0.1857,0.0,65,1.0,13.75,0.035,47.9
69,CL7r2,cluster,7.0,2,0.2221,0.2222,0.2221,0.1539,0.1912,-0.0,65,1.0,4.3,0.0347,47.9
69,CL7r3,cluster,7.0,3,0.2324,0.2333,0.2324,0.1515,0.1868,0.0,155,0.8,9.52,0.0364,47.8
69,MU3r1,multi_cluster,3.0,1,0.8982,0.8983,0.8982,0.6201,0.7166,0.0,155,1.0,8.78,0.165,41.7
69,MU3r2,multi_cluster,3.0,2,1.3063,1.3062,1.3063,0.9253,1.0478,0.0,150,0.8,6.83,0.1903,40.6
69,MU3r3,multi_cluster,3.0,3,0.7335,0.7335,0.7335,0.4864,0.5608,0.0,65,0.8,4.08,0.1714,41.3
69,MU5r1,multi_cluster,5.0,1,0.4865,0.4865,0.4865,0.3535,0.4218,-0.0,155,1.0,10.19,0.0804,45.8
69,MU5r2,multi_cluster,5.0,2,0.5734,0.5734,0.5734,0.4573,0.5412,0.0,150,1.0,8.27,0.0917,45.2
69,MU5r3,multi_cluster,5.0,3,0.4245,0.4245,0.4245,0.261,0.3076,0.0,65,0.8,6.63,0.0833,45.6
69,MU7r1,multi_cluster,7.0,1,0.2989,0.2989,0.2989,0.219,0.2666,-0.0,155,1.0,11.14,0.0469,47.3
69,MU7r2,multi_cluster,7.0,2,0.3329,0.333,0.3329,0.2768,0.3367,-0.0,155,1.0,9.55,0.0537,47.0
69,MU7r3,multi_cluster,7.0,3,0.2677,0.2677,0.2677,0.1622,0.1939,0.0,65,0.8,4.95,0.0486,47.2
70,RU3r1,rule_grid,3.0,1,1.3959,1.3962,1.3959,0.8125,0.6574,-0.0,115,1.0,16.28,0.3257,21.1
70,RU3r2,rule_grid,3.0,2,1.2491,1.2492,1.2491,0.9025,0.7329,0.0,35,1.0,16.2,0.3254,21.1
70,RU3r3,rule_grid,3.0,3,1.9249,1.9249,1.9249,1.4795,1.1817,-0.0,145,1.0,5.02,0.3239,21.3
70,RU5r1,rule_grid,5.0,1,0.6804,0.6808,0.6804,0.4298,0.3464,0.0,25,1.0,11.11,0.1649,26.0
70,RU5r2,rule_grid,5.0,2,0.6598,0.6598,0.6598,0.5177,0.4148,0.0,30,1.0,12.28,0.1652,26.0
70,RU5r3,rule_grid,5.0,3,0.9822,0.9825,0.9822,0.7772,0.6177,0.0,145,1.0,6.07,0.1637,26.1
70,RU7r1,rule_grid,7.0,1,0.4118,0.4118,0.4118,0.2723,0.2166,-0.0,115,1.0,10.24,0.1009,27.9
70,RU7r2,rule_grid,7.0,2,0.3767,0.3767,0.3767,0.3584,0.2846,0.0,30,1.0,13.61,0.0999,27.9
70,RU7r3,rule_grid,7.0,3,0.655,0.6549,0.655,0.5352,0.4205,0.0,145,1.0,4.69,0.099,28.0
70,BE3r1,belt,3.0,1,5.7627,5.7626,5.7627,4.1756,3.388,0.0,5,1.0,11.61,0.2034,26.0
70,BE3r2,belt,3.0,2,3.6585,3.6586,3.6585,2.6323,2.1215,-0.0,5,1.0,2.07,0.2948,22.6
70,BE3r3,belt,3.0,3,3.6545,3.6546,3.6545,2.6013,2.072,-0.0,160,1.0,26.35,0.2941,22.6
70,BE5r1,belt,5.0,1,2.5975,2.5976,2.5975,1.9539,1.5508,0.0,5,1.0,2.05,0.1037,28.4
70,BE5r2,belt,5.0,2,1.6938,1.6938,1.6938,1.2797,1.0049,0.0,5,1.0,2.36,0.1488,26.8
70,BE5r3,belt,5.0,3,1.6422,1.6423,1.6422,1.2939,1.0191,0.0,160,1.0,26.6,0.1483,26.8
70,BE7r1,belt,7.0,1,1.4635,1.4635,1.4635,1.1176,0.8787,0.0,5,1.0,2.05,0.0625,29.4
70,BE7r2,belt,7.0,2,1.02,1.02,1.02,0.7897,0.6149,-0.0,5,1.0,2.61,0.0901,28.4
70,BE7r3,belt,7.0,3,0.9674,0.9675,0.9674,0.8111,0.6348,0.0,155,1.0,32.12,0.0892,28.4
70,CL3r1,cluster,3.0,1,1.237,1.2371,1.237,0.8889,0.6773,-0.0,110,1.0,6.45,0.1798,25.7
70,CL3r2,cluster,3.0,2,1.233,1.2412,1.233,0.8744,0.6687,0.0,110,1.0,3.17,0.1799,25.7
70,CL3r3,cluster,3.0,3,1.2358,1.2398,1.2358,0.841,0.656,0.0,25,1.0,7.01,0.1869,25.4
70,CL5r1,cluster,5.0,1,0.661,0.6649,0.661,0.4986,0.3874,0.0,110,1.0,6.38,0.0909,28.3
70,CL5r2,cluster,5.0,2,0.6596,0.6607,0.6596,0.4713,0.3665,0.0,115,1.0,7.0,0.0909,28.3
70,CL5r3,cluster,5.0,3,0.6233,0.6247,0.6233,0.442,0.3468,0.0,25,1.0,9.9,0.0942,28.2
70,CL7r1,cluster,7.0,1,0.4002,0.4002,0.4002,0.2902,0.2268,0.0,115,1.0,6.38,0.0554,29.3
70,CL7r2,cluster,7.0,2,0.4066,0.4067,0.4066,0.2868,0.2248,0.0,115,1.0,7.15,0.0551,29.3
70,CL7r3,cluster,7.0,3,0.4081,0.4086,0.4081,0.2912,0.229,0.0,25,1.0,12.19,0.0575,29.2
70,MU3r1,multi_cluster,3.0,1,1.8291,1.8292,1.8291,1.2283,0.9624,0.0,25,1.0,3.4,0.2419,23.9
70,MU3r2,multi_cluster,3.0,2,2.8147,2.8148,2.8147,2.0334,1.6278,0.0,5,1.0,2.2,0.2753,23.0
70,MU3r3,multi_cluster,3.0,3,1.3862,1.3863,1.3862,0.867,0.6907,0.0,115,1.0,3.87,0.2511,23.5
70,MU5r1,multi_cluster,5.0,1,0.9313,0.9313,0.9313,0.6762,0.5291,-0.0,25,1.0,3.22,0.1219,27.4
70,MU5r2,multi_cluster,5.0,2,1.3367,1.3368,1.3367,1.0142,0.7978,0.0,5,1.0,2.36,0.1385,27.0
70,MU5r3,multi_cluster,5.0,3,0.7154,0.7154,0.7154,0.4718,0.3771,0.0,115,1.0,4.38,0.1264,27.2
70,MU7r1,multi_cluster,7.0,1,0.5635,0.5635,0.5635,0.408,0.3179,0.0,25,1.0,3.14,0.0729,28.8
70,MU7r2,multi_cluster,7.0,2,0.7969,0.797,0.7969,0.6183,0.4819,0.0,5,1.0,2.49,0.0833,28.6
70,MU7r3,multi_cluster,7.0,3,0.4373,0.4374,0.4373,0.2968,0.2357,0.0,25,1.0,14.49,0.0756,28.7
71,RU3r1,rule_grid,3.0,1,5.3703,5.3704,5.3703,4.5736,5.2729,0.0,25,1.0,10.89,0.1866,43.4
71,RU3r2,rule_grid,3.0,2,5.8746,5.8746,5.8746,4.9775,5.8187,-0.0,90,1.0,0.46,0.1858,43.6
71,RU3r3,rule_grid,3.0,3,6.6223,6.6224,6.6223,5.4085,6.3539,-0.0,85,1.0,-0.0,0.1856,43.9
71,RU5r1,rule_grid,5.0,1,2.3719,2.372,2.3719,2.0821,2.6546,0.0,30,1.0,13.05,0.0817,47.6
71,RU5r2,rule_grid,5.0,2,2.4866,2.4866,2.4866,2.2583,2.895,-0.0,90,1.0,5.36,0.0814,47.6
71,RU5r3,rule_grid,5.0,3,2.7588,2.7587,2.7588,2.3864,3.0832,0.0,85,1.0,5.9,0.081,47.8
71,RU7r1,rule_grid,7.0,1,1.3198,1.3198,1.3198,1.2205,1.6344,0.0,30,1.0,4.63,0.0463,48.9
71,RU7r2,rule_grid,7.0,2,1.3588,1.3588,1.3588,1.258,1.6852,-0.0,90,1.0,9.97,0.0456,49.0
71,RU7r3,rule_grid,7.0,3,1.5328,1.5328,1.5328,1.368,1.8547,0.0,85,1.0,7.55,0.0455,49.0
71,BE3r1,belt,3.0,1,8.1279,8.1279,8.1279,7.4526,9.4021,0.0,120,1.0,6.2,0.1175,48.3
71,BE3r2,belt,3.0,2,7.2194,7.2195,7.2194,6.3347,7.5936,0.0,120,1.0,0.77,0.1688,45.1
71,BE3r3,belt,3.0,3,8.4308,8.4308,8.4308,7.2456,8.7524,0.0,145,1.0,-0.0,0.1681,45.6
71,BE5r1,belt,5.0,1,3.6328,3.6328,3.6328,3.285,4.4595,0.0,120,1.0,4.57,0.0525,49.7
71,BE5r2,belt,5.0,2,3.2285,3.2285,3.2285,2.9347,3.8673,0.0,120,1.0,0.61,0.0743,48.4
71,BE5r3,belt,5.0,3,3.5975,3.5975,3.5975,3.2043,4.2372,-0.0,145,1.0,0.46,0.0739,48.6
71,BE7r1,belt,7.0,1,2.0356,2.0356,2.0356,1.8692,2.6187,-0.0,120,1.0,4.57,0.0297,50.1
71,BE7r2,belt,7.0,2,1.8501,1.85,1.8501,1.7322,2.3878,0.0,120,1.0,4.63,0.0418,49.4
71,BE7r3,belt,7.0,3,1.9918,1.9918,1.9918,1.8151,2.5069,0.0,145,1.0,0.61,0.0414,49.5
71,CL3r1,cluster,3.0,1,3.696,3.696,3.696,3.3537,4.4741,0.0,25,1.0,8.68,0.0922,47.6
71,CL3r2,cluster,3.0,2,3.4598,3.4594,3.4598,3.0216,4.03,-0.0,85,1.0,7.4,0.0921,47.5
71,CL3r3,cluster,3.0,3,3.628,3.6299,3.628,3.3944,4.448,0.0,25,1.0,0.79,0.0971,47.4
71,CL5r1,cluster,5.0,1,1.8067,1.8058,1.8067,1.6247,2.242,0.0,25,1.0,8.34,0.0418,49.4
71,CL5r2,cluster,5.0,2,1.7381,1.7398,1.7381,1.5781,2.1748,0.0,25,1.0,8.96,0.042,49.3
71,CL5r3,cluster,5.0,3,1.7649,1.7651,1.7649,1.6151,2.2096,-0.0,25,1.0,0.0,0.0438,49.2
71,CL7r1,cluster,7.0,1,1.0995,1.0995,1.0995,0.9917,1.3969,0.0,25,1.0,7.32,0.0243,49.9
71,CL7r2,cluster,7.0,2,1.0455,1.0455,1.0455,0.9554,1.346,0.0,25,1.0,8.34,0.0242,49.9
71,CL7r3,cluster,7.0,3,1.0748,1.0749,1.0748,0.9892,1.3874,0.0,25,1.0,0.0,0.0254,49.9
71,MU3r1,multi_cluster,3.0,1,5.2679,5.2679,5.2679,4.6401,5.697,0.0,115,1.0,0.0,0.136,46.0
71,MU3r2,multi_cluster,3.0,2,6.3228,6.323,6.3228,5.6312,6.7977,-0.0,115,1.0,4.82,0.1567,45.4
71,MU3r3,multi_cluster,3.0,3,4.7606,4.7606,4.7606,4.1323,4.9806,-0.0,115,1.0,0.0,0.1402,45.6
71,MU5r1,multi_cluster,5.0,1,2.4593,2.4593,2.4593,2.2429,2.9529,0.0,115,1.0,4.78,0.061,48.7
71,MU5r2,multi_cluster,5.0,2,2.9017,2.9018,2.9017,2.6256,3.4567,0.0,120,1.0,4.63,0.0693,48.5
71,MU5r3,multi_cluster,5.0,3,2.2366,2.2366,2.2366,2.0164,2.6169,-0.0,115,1.0,3.38,0.0627,48.5
71,MU7r1,multi_cluster,7.0,1,1.4147,1.4147,1.4147,1.3134,1.8044,0.0,120,1.0,4.73,0.0342,49.6
71,MU7r2,multi_cluster,7.0,2,1.6673,1.6673,1.6673,1.5582,2.1428,0.0,120,1.0,4.63,0.0389,49.5
71,MU7r3,multi_cluster,7.0,3,1.286,1.2859,1.286,1.1666,1.5721,0.0,115,1.0,3.44,0.0352,49.5
72,RU3r1,rule_grid,3.0,1,3.3467,3.3472,3.3467,2.0673,1.6497,0.0,70,1.0,1.04,0.3282,27.8
72,RU3r2,rule_grid,3.0,2,2.7607,2.7605,2.7607,1.7398,1.3797,-0.0,65,1.0,1.42,0.3278,27.7
72,RU3r3,rule_grid,3.0,3,2.8813,2.8817,2.8813,1.7651,1.4042,0.0,70,1.0,14.67,0.3264,27.8
72,RU5r1,rule_grid,5.0,1,1.6304,1.6302,1.6304,1.0929,0.8693,0.0,70,1.0,16.09,0.1654,34.0
72,RU5r2,rule_grid,5.0,2,1.3729,1.3732,1.3729,0.9164,0.7258,-0.0,65,1.0,6.59,0.1658,33.9
72,RU5r3,rule_grid,5.0,3,1.2995,1.2996,1.2995,0.8633,0.6859,-0.0,70,1.0,18.4,0.1642,33.9
72,RU7r1,rule_grid,7.0,1,0.9242,0.9244,0.9242,0.648,0.507,0.0,160,1.0,1.57,0.1007,36.3
72,RU7r2,rule_grid,7.0,2,0.7751,0.7751,0.7751,0.5482,0.4294,0.0,65,1.0,9.33,0.0997,36.3
72,RU7r3,rule_grid,7.0,3,0.7342,0.7343,0.7342,0.5218,0.4094,0.0,175,1.0,19.83,0.0989,36.3
72,BE3r1,belt,3.0,1,3.9115,3.9116,3.9115,2.8194,2.3222,0.0,155,1.0,12.61,0.2036,33.1
72,BE3r2,belt,3.0,2,3.75,3.7505,3.75,2.338,1.9045,0.0,160,1.0,12.99,0.2966,29.2
72,BE3r3,belt,3.0,3,2.6178,2.6179,2.6178,1.8576,1.528,0.0,140,1.0,10.38,0.2959,28.9
72,BE5r1,belt,5.0,1,1.9174,1.9175,1.9174,1.47,1.1688,-0.0,75,1.0,12.83,0.1037,36.6
72,BE5r2,belt,5.0,2,1.698,1.6979,1.698,1.2226,0.9713,-0.0,160,1.0,13.12,0.1492,34.6
72,BE5r3,belt,5.0,3,1.3223,1.3223,1.3223,0.9594,0.7638,0.0,70,1.0,10.4,0.1487,34.5
72,BE7r1,belt,7.0,1,1.1732,1.1732,1.1732,0.9128,0.7166,0.0,75,1.0,13.48,0.0623,38.0
72,BE7r2,belt,7.0,2,1.0134,1.0135,1.0134,0.7385,0.5776,0.0,75,1.0,13.61,0.0899,36.8
72,BE7r3,belt,7.0,3,0.7985,0.7985,0.7985,0.5941,0.4656,0.0,70,1.0,8.09,0.089,36.8
72,CL3r1,cluster,3.0,1,2.5571,2.5573,2.5571,1.8086,1.3949,0.0,70,1.0,0.61,0.1801,33.7
72,CL3r2,cluster,3.0,2,2.5257,2.5254,2.5257,1.7912,1.3774,0.0,70,1.0,1.06,0.1802,33.7
72,CL3r3,cluster,3.0,3,2.8527,2.8578,2.8527,1.9449,1.4978,-0.0,160,1.0,7.87,0.1876,33.5
72,CL5r1,cluster,5.0,1,1.3107,1.312,1.3107,0.9688,0.7564,0.0,70,1.0,8.13,0.0904,36.9
72,CL5r2,cluster,5.0,2,1.3643,1.3678,1.3643,1.013,0.7897,0.0,70,1.0,0.82,0.0905,36.9
72,CL5r3,cluster,5.0,3,1.4579,1.4631,1.4579,1.0582,0.8243,0.0,160,1.0,11.01,0.0939,36.8
72,CL7r1,cluster,7.0,1,0.878,0.8781,0.878,0.6724,0.5285,0.0,70,1.0,1.06,0.0549,38.2
72,CL7r2,cluster,7.0,2,0.8701,0.8724,0.8701,0.6673,0.5242,-0.0,70,1.0,1.06,0.0546,38.2
72,CL7r3,cluster,7.0,3,0.9365,0.9369,0.9365,0.7047,0.5529,-0.0,160,1.0,11.01,0.0571,38.1
72,MU3r1,multi_cluster,3.0,1,3.4093,3.4092,3.4093,2.2015,1.7234,0.0,160,1.0,13.73,0.2431,31.3
72,MU3r2,multi_cluster,3.0,2,3.5819,3.582,3.5819,2.2945,1.8357,-0.0,160,1.0,13.32,0.2769,30.0
72,MU3r3,multi_cluster,3.0,3,3.3037,3.3037,3.3037,2.1142,1.6534,0.0,160,1.0,0.71,0.2525,30.9
72,MU5r1,multi_cluster,5.0,1,1.7133,1.7134,1.7133,1.2059,0.9516,0.0,70,1.0,14.21,0.122,35.8
72,MU5r2,multi_cluster,5.0,2,1.6777,1.6779,1.6777,1.2068,0.9581,0.0,160,1.0,14.03,0.1388,35.1
72,MU5r3,multi_cluster,5.0,3,1.6929,1.693,1.6929,1.1626,0.9172,-0.0,160,1.0,13.51,0.1264,35.6
72,MU7r1,multi_cluster,7.0,1,1.039,1.039,1.039,0.7578,0.5941,0.0,70,1.0,14.03,0.0727,37.5
72,MU7r2,multi_cluster,7.0,2,0.9974,0.9978,0.9974,0.7364,0.5768,-0.0,75,1.0,14.03,0.0832,37.1
72,MU7r3,multi_cluster,7.0,3,1.0183,1.0182,1.0183,0.7321,0.5738,0.0,160,1.0,1.57,0.0754,37.4
73,RU3r1,rule_grid,3.0,1,0.4646,0.465,0.4646,0.3867,0.4498,0.0,90,0.8,14.01,0.2201,43.0
73,RU3r2,rule_grid,3.0,2,0.3966,0.3967,0.3966,0.3718,0.42,0.0,150,1.0,12.02,0.2194,43.0
73,RU3r3,rule_grid,3.0,3,0.5174,0.5178,0.5174,0.5438,0.658,0.0,80,1.0,4.1,0.2185,43.1
73,RU5r1,rule_grid,5.0,1,0.303,0.3031,0.303,0.2217,0.2799,-0.0,90,0.8,8.44,0.1058,49.2
73,RU5r2,rule_grid,5.0,2,0.2074,0.2075,0.2074,0.2158,0.2623,0.0,150,1.0,17.06,0.1058,49.2
73,RU5r3,rule_grid,5.0,3,0.2102,0.2104,0.2102,0.2403,0.3095,0.0,85,1.0,7.29,0.1048,49.2
73,RU7r1,rule_grid,7.0,1,0.1959,0.1959,0.1959,0.1463,0.1848,0.0,90,0.8,5.94,0.0626,51.5
73,RU7r2,rule_grid,7.0,2,0.1234,0.1234,0.1234,0.133,0.1703,0.0,0,1.0,16.18,0.0621,51.5
73,RU7r3,rule_grid,7.0,3,0.1104,0.1104,0.1104,0.1414,0.1937,0.0,85,1.0,6.88,0.0615,51.6
73,BE3r1,belt,3.0,1,1.7558,1.7558,1.7558,1.485,1.8012,0.0,140,1.0,4.75,0.1318,48.5
73,BE3r2,belt,3.0,2,1.1884,1.1884,1.1884,0.9484,1.1168,0.0,135,1.0,5.96,0.1964,44.6
73,BE3r3,belt,3.0,3,1.1083,1.1084,1.1083,1.0128,1.213,0.0,145,1.0,7.93,0.1958,44.6
73,BE5r1,belt,5.0,1,0.6882,0.6882,0.6882,0.6445,0.8301,0.0,135,1.0,7.21,0.0649,51.7
73,BE5r2,belt,5.0,2,0.4652,0.4653,0.4652,0.4406,0.5672,0.0,135,1.0,13.17,0.0949,49.9
73,BE5r3,belt,5.0,3,0.437,0.437,0.437,0.4748,0.6108,0.0,150,1.0,9.75,0.0943,49.9
73,BE7r1,belt,7.0,1,0.3592,0.3592,0.3592,0.368,0.4949,0.0,135,1.0,7.1,0.0382,53.0
73,BE7r2,belt,7.0,2,0.2603,0.2603,0.2603,0.2687,0.3642,0.0,135,1.0,14.11,0.0558,51.9
73,BE7r3,belt,7.0,3,0.2433,0.2433,0.2433,0.2845,0.3848,-0.0,150,1.0,9.66,0.0552,52.0
73,CL3r1,cluster,3.0,1,0.269,0.269,0.269,0.2569,0.3414,-0.0,90,1.0,11.77,0.112,48.9
73,CL3r2,cluster,3.0,2,0.2845,0.2864,0.2845,0.2815,0.3722,0.0,85,1.0,11.74,0.1117,48.9
73,CL3r3,cluster,3.0,3,0.2803,0.2821,0.2803,0.2669,0.3548,-0.0,175,1.0,23.39,0.1177,48.5
73,CL5r1,cluster,5.0,1,0.1774,0.1785,0.1774,0.1637,0.2276,-0.0,90,0.8,15.96,0.056,51.9
73,CL5r2,cluster,5.0,2,0.19,0.1909,0.19,0.1794,0.2461,0.0,85,1.0,10.15,0.0558,51.9
73,CL5r3,cluster,5.0,3,0.1858,0.1861,0.1858,0.1651,0.224,0.0,175,0.8,20.7,0.0581,51.8
73,CL7r1,cluster,7.0,1,0.1432,0.1432,0.1432,0.1278,0.1708,0.0,90,1.0,14.13,0.034,53.1
73,CL7r2,cluster,7.0,2,0.132,0.1323,0.132,0.1197,0.1643,0.0,90,0.8,13.22,0.0335,53.1
73,CL7r3,cluster,7.0,3,0.1314,0.1313,0.1314,0.1101,0.152,-0.0,0,0.8,21.22,0.0353,53.0
73,MU3r1,multi_cluster,3.0,1,0.5156,0.5156,0.5156,0.468,0.5826,0.0,150,0.8,15.34,0.156,46.6
73,MU3r2,multi_cluster,3.0,2,0.8849,0.8849,0.8849,0.7542,0.8992,0.0,135,1.0,6.08,0.1814,45.3
73,MU3r3,multi_cluster,3.0,3,0.4164,0.4164,0.4164,0.3392,0.4128,-0.0,90,0.8,7.02,0.1627,46.1
73,MU5r1,multi_cluster,5.0,1,0.293,0.2931,0.293,0.2777,0.3615,-0.0,90,0.8,15.14,0.0769,50.8
73,MU5r2,multi_cluster,5.0,2,0.377,0.377,0.377,0.3689,0.4745,-0.0,150,1.0,14.91,0.088,50.2
73,MU5r3,multi_cluster,5.0,3,0.2807,0.2807,0.2807,0.218,0.2807,-0.0,90,0.8,10.33,0.0799,50.6
73,MU7r1,multi_cluster,7.0,1,0.1952,0.1952,0.1952,0.1758,0.2363,0.0,90,0.8,17.72,0.0451,52.5
73,MU7r2,multi_cluster,7.0,2,0.2193,0.2193,0.2193,0.2249,0.303,-0.0,150,0.8,14.11,0.0516,52.2
73,MU7r3,multi_cluster,7.0,3,0.1897,0.1897,0.1897,0.1465,0.187,-0.0,90,0.8,5.64,0.0468,52.4
74,RU3r1,rule_grid,3.0,1,2.9251,2.9252,2.9251,1.8644,1.7301,0.0,45,1.0,0.71,0.2617,32.2
74,RU3r2,rule_grid,3.0,2,1.2652,1.2651,1.2652,0.9676,0.8924,0.0,155,1.0,17.81,0.2612,31.7
74,RU3r3,rule_grid,3.0,3,3.298,3.2982,3.298,2.3627,2.2062,0.0,145,1.0,1.24,0.2602,32.3
74,RU5r1,rule_grid,5.0,1,1.3791,1.3793,1.3791,0.9747,0.9343,0.0,45,1.0,12.8,0.1248,37.5
74,RU5r2,rule_grid,5.0,2,0.6466,0.6466,0.6466,0.5491,0.5203,-0.0,155,1.0,19.66,0.1248,37.3
74,RU5r3,rule_grid,5.0,3,1.4583,1.4589,1.4583,1.1392,1.0949,0.0,145,1.0,0.46,0.1239,37.6
74,RU7r1,rule_grid,7.0,1,0.7853,0.7853,0.7853,0.5835,0.5672,0.0,135,1.0,1.4,0.0738,39.5
74,RU7r2,rule_grid,7.0,2,0.4329,0.433,0.4329,0.381,0.369,0.0,155,1.0,19.12,0.0729,39.4
74,RU7r3,rule_grid,7.0,3,0.885,0.885,0.885,0.7241,0.7099,0.0,145,1.0,0.46,0.0725,39.6
74,BE3r1,belt,3.0,1,5.4894,5.4894,5.4894,4.2729,4.0945,0.0,5,1.0,28.38,0.163,37.4
74,BE3r2,belt,3.0,2,3.9567,3.9567,3.9567,2.795,2.6238,0.0,140,1.0,15.51,0.2365,33.6
74,BE3r3,belt,3.0,3,4.3091,4.3091,4.3091,3.1471,2.9708,-0.0,160,1.0,11.65,0.2359,33.7
74,BE5r1,belt,5.0,1,2.2268,2.2269,2.2268,1.8639,1.8295,-0.0,0,1.0,25.74,0.0791,39.8
74,BE5r2,belt,5.0,2,1.7119,1.7119,1.7119,1.2972,1.257,-0.0,135,1.0,1.77,0.113,38.2
74,BE5r3,belt,5.0,3,1.8148,1.8148,1.8148,1.4649,1.4245,-0.0,155,1.0,17.05,0.1126,38.2
74,BE7r1,belt,7.0,1,1.213,1.213,1.213,1.055,1.0535,0.0,0,1.0,25.94,0.0463,40.8
74,BE7r2,belt,7.0,2,1.0136,1.0136,1.0136,0.7675,0.753,-0.0,135,1.0,19.26,0.0662,39.9
74,BE7r3,belt,7.0,3,1.0686,1.0686,1.0686,0.8919,0.8837,0.0,155,1.0,17.05,0.0656,40.0
74,CL3r1,cluster,3.0,1,1.5502,1.5502,1.5502,1.1659,1.1284,-0.0,135,1.0,13.67,0.1372,37.1
74,CL3r2,cluster,3.0,2,1.6994,1.6997,1.6994,1.2762,1.2414,-0.0,135,1.0,7.93,0.1373,37.1
74,CL3r3,cluster,3.0,3,2.0766,2.0755,2.0766,1.5084,1.4605,0.0,45,1.0,0.92,0.1436,37.0
74,CL5r1,cluster,5.0,1,0.8332,0.8378,0.8332,0.6538,0.6458,-0.0,45,1.0,14.13,0.0663,39.8
74,CL5r2,cluster,5.0,2,0.9184,0.9178,0.9184,0.7099,0.7011,0.0,135,1.0,7.9,0.0665,39.9
74,CL5r3,cluster,5.0,3,1.0452,1.0452,1.0452,0.8115,0.8022,0.0,45,1.0,1.14,0.0691,39.8
74,CL7r1,cluster,7.0,1,0.5585,0.5585,0.5585,0.441,0.4385,0.0,135,1.0,13.04,0.0396,40.9
74,CL7r2,cluster,7.0,2,0.5864,0.5865,0.5864,0.4663,0.4649,-0.0,135,1.0,7.9,0.0395,40.9
74,CL7r3,cluster,7.0,3,0.6595,0.6593,0.6595,0.5292,0.5287,0.0,45,1.0,1.26,0.0413,40.8
74,MU3r1,multi_cluster,3.0,1,2.8736,2.8738,2.8736,1.9752,1.8685,0.0,135,1.0,0.79,0.1921,35.2
74,MU3r2,multi_cluster,3.0,2,3.4587,3.4587,3.4587,2.4328,2.2883,0.0,140,1.0,1.33,0.22,34.1
74,MU3r3,multi_cluster,3.0,3,2.639,2.639,2.639,1.7662,1.6637,-0.0,135,1.0,14.73,0.1988,34.8
74,MU5r1,multi_cluster,5.0,1,1.4493,1.4493,1.4493,1.0573,1.027,-0.0,135,1.0,0.61,0.0926,39.0
74,MU5r2,multi_cluster,5.0,2,1.5917,1.5918,1.5917,1.1664,1.13,0.0,135,1.0,1.8,0.1052,38.5
74,MU5r3,multi_cluster,5.0,3,1.3308,1.3309,1.3308,0.965,0.9334,0.0,135,1.0,0.61,0.0956,38.8
74,MU7r1,multi_cluster,7.0,1,0.8609,0.861,0.8609,0.6556,0.6458,-0.0,135,1.0,12.09,0.0538,40.4
74,MU7r2,multi_cluster,7.0,2,0.9415,0.9415,0.9415,0.7152,0.7022,0.0,135,1.0,8.26,0.0614,40.1
74,MU7r3,multi_cluster,7.0,3,0.7918,0.7918,0.7918,0.6047,0.5934,-0.0,135,1.0,7.8,0.0556,40.3
75,RU3r1,rule_grid,3.0,1,0.8702,0.8704,0.8702,0.8368,0.8285,0.0,0,1.0,22.79,0.2606,33.3
75,RU3r2,rule_grid,3.0,2,0.6281,0.6283,0.6281,0.45,0.4457,-0.0,120,1.0,17.62,0.2601,33.2
75,RU3r3,rule_grid,3.0,3,1.0916,1.0919,1.0916,0.7975,0.7951,0.0,110,1.0,6.95,0.259,33.4
75,RU5r1,rule_grid,5.0,1,0.5236,0.5237,0.5236,0.4757,0.4792,-0.0,90,1.0,10.15,0.1272,39.1
75,RU5r2,rule_grid,5.0,2,0.3674,0.3676,0.3674,0.2822,0.2841,-0.0,175,1.0,24.89,0.1273,39.1
75,RU5r3,rule_grid,5.0,3,0.5165,0.5167,0.5165,0.3995,0.4043,0.0,110,1.0,10.31,0.1262,39.2
75,RU7r1,rule_grid,7.0,1,0.3436,0.3437,0.3436,0.2984,0.3039,-0.0,90,1.0,1.66,0.0762,41.4
75,RU7r2,rule_grid,7.0,2,0.2438,0.2438,0.2438,0.1883,0.1916,0.0,175,1.0,22.08,0.0754,41.4
75,RU7r3,rule_grid,7.0,3,0.3023,0.3023,0.3023,0.2534,0.2604,-0.0,110,1.0,9.36,0.0748,41.4
75,BE3r1,belt,3.0,1,2.4094,2.4094,2.4094,1.8083,1.8195,0.0,105,1.0,5.85,0.1605,38.4
75,BE3r2,belt,3.0,2,1.6933,1.6933,1.6933,1.2818,1.2729,0.0,100,1.0,6.47,0.2348,34.7
75,BE3r3,belt,3.0,3,1.9904,1.9905,1.9904,1.1445,1.1453,-0.0,120,1.0,1.59,0.2342,34.9
75,BE5r1,belt,5.0,1,0.9933,0.9933,0.9933,0.8456,0.8628,-0.0,105,1.0,6.29,0.0796,41.5
75,BE5r2,belt,5.0,2,0.7431,0.7432,0.7431,0.657,0.6657,0.0,90,1.0,6.9,0.1147,39.8
75,BE5r3,belt,5.0,3,0.8158,0.8158,0.8158,0.5274,0.542,0.0,120,1.0,1.9,0.1142,39.8
75,BE7r1,belt,7.0,1,0.589,0.589,0.589,0.516,0.5326,0.0,90,1.0,6.29,0.0471,42.8
75,BE7r2,belt,7.0,2,0.475,0.4751,0.475,0.4135,0.4246,0.0,90,1.0,6.95,0.0681,41.8
75,BE7r3,belt,7.0,3,0.45,0.45,0.45,0.3134,0.3266,0.0,120,1.0,1.96,0.0673,41.8
75,CL3r1,cluster,3.0,1,0.7035,0.7035,0.7035,0.5797,0.5895,0.0,0,1.0,17.36,0.1377,38.7
75,CL3r2,cluster,3.0,2,0.6836,0.6836,0.6836,0.571,0.5832,0.0,90,1.0,12.41,0.1377,38.7
75,CL3r3,cluster,3.0,3,0.8698,0.8711,0.8698,0.6792,0.6933,-0.0,0,1.0,16.5,0.1441,38.5
75,CL5r1,cluster,5.0,1,0.4428,0.4429,0.4428,0.35,0.3627,0.0,0,1.0,19.83,0.0683,41.8
75,CL5r2,cluster,5.0,2,0.4284,0.4285,0.4284,0.3506,0.362,0.0,0,1.0,12.99,0.0683,41.7
75,CL5r3,cluster,5.0,3,0.4933,0.4993,0.4933,0.3911,0.4047,-0.0,0,1.0,17.32,0.071,41.7
75,CL7r1,cluster,7.0,1,0.3074,0.3074,0.3074,0.2566,0.2661,0.0,0,1.0,20.69,0.0413,42.9
75,CL7r2,cluster,7.0,2,0.2985,0.2986,0.2985,0.2503,0.2604,-0.0,90,1.0,12.99,0.041,42.9
75,CL7r3,cluster,7.0,3,0.3493,0.3491,0.3493,0.2791,0.2911,-0.0,0,1.0,17.32,0.0429,42.9
75,MU3r1,multi_cluster,3.0,1,1.0972,1.0973,1.0972,0.938,0.9407,0.0,90,1.0,10.76,0.1901,36.5
75,MU3r2,multi_cluster,3.0,2,1.4083,1.4084,1.4083,1.1377,1.1337,-0.0,100,1.0,6.54,0.2182,35.4
75,MU3r3,multi_cluster,3.0,3,0.9364,0.9365,0.9364,0.813,0.8127,-0.0,0,1.0,17.83,0.1974,36.1
75,MU5r1,multi_cluster,5.0,1,0.6364,0.6364,0.6364,0.5446,0.5548,0.0,90,1.0,9.51,0.0936,40.7
75,MU5r2,multi_cluster,5.0,2,0.6916,0.6916,0.6916,0.6066,0.6154,0.0,90,1.0,7.33,0.1066,40.1
75,MU5r3,multi_cluster,5.0,3,0.5681,0.5681,0.5681,0.4859,0.4931,0.0,90,1.0,1.26,0.097,40.5
75,MU7r1,multi_cluster,7.0,1,0.4147,0.4147,0.4147,0.3496,0.3598,-0.0,90,1.0,7.96,0.0551,42.3
75,MU7r2,multi_cluster,7.0,2,0.4445,0.4445,0.4445,0.3836,0.3939,-0.0,90,1.0,6.95,0.063,42.0
75,MU7r3,multi_cluster,7.0,3,0.3788,0.3788,0.3788,0.3171,0.325,-0.0,90,1.0,1.59,0.0571,42.2
76,RU3r1,rule_grid,3.0,1,1.0452,1.0452,1.0452,0.6069,0.5084,0.0,170,0.8,14.95,0.3167,22.2
76,RU3r2,rule_grid,3.0,2,0.6946,0.6947,0.6946,0.4882,0.3972,0.0,80,1.0,20.75,0.3163,22.2
76,RU3r3,rule_grid,3.0,3,0.9549,0.9553,0.9549,0.5188,0.4382,-0.0,85,1.0,9.32,0.3149,22.3
76,RU5r1,rule_grid,5.0,1,0.4746,0.4746,0.4746,0.3234,0.2687,-0.0,80,1.0,14.18,0.16,27.2
76,RU5r2,rule_grid,5.0,2,0.3061,0.3061,0.3061,0.2646,0.2152,0.0,80,1.0,21.59,0.1603,27.1
76,RU5r3,rule_grid,5.0,3,0.4683,0.4685,0.4683,0.2792,0.2345,0.0,90,1.0,15.89,0.1589,27.2
76,RU7r1,rule_grid,7.0,1,0.2549,0.2549,0.2549,0.1985,0.1627,0.0,85,1.0,10.21,0.0978,29.1
76,RU7r2,rule_grid,7.0,2,0.176,0.176,0.176,0.1441,0.1174,0.0,170,1.0,17.9,0.0968,29.1
76,RU7r3,rule_grid,7.0,3,0.2922,0.2922,0.2922,0.1897,0.1563,0.0,90,1.0,13.59,0.096,29.2
76,BE3r1,belt,3.0,1,2.8222,2.8223,2.8222,1.5735,1.3267,-0.0,160,1.0,3.35,0.1977,26.6
76,BE3r2,belt,3.0,2,1.9687,1.9688,1.9687,1.0336,0.8687,-0.0,155,1.0,2.84,0.2866,23.4
76,BE3r3,belt,3.0,3,1.562,1.5621,1.562,0.8025,0.6839,-0.0,165,1.0,17.73,0.2859,23.4
76,BE5r1,belt,5.0,1,1.1606,1.1606,1.1606,0.7407,0.6108,0.0,155,1.0,3.28,0.1006,29.3
76,BE5r2,belt,5.0,2,0.808,0.808,0.808,0.5159,0.4241,0.0,170,1.0,4.04,0.1444,27.8
76,BE5r3,belt,5.0,3,0.6887,0.6888,0.6887,0.3887,0.3208,-0.0,150,1.0,6.34,0.1439,27.8
76,BE7r1,belt,7.0,1,0.6363,0.6363,0.6363,0.4398,0.359,0.0,150,1.0,3.28,0.0606,30.4
76,BE7r2,belt,7.0,2,0.4632,0.4632,0.4632,0.3231,0.2628,0.0,150,1.0,3.42,0.0873,29.5
76,BE7r3,belt,7.0,3,0.4209,0.4209,0.4209,0.2454,0.1999,-0.0,150,1.0,6.93,0.0865,29.5
76,CL3r1,cluster,3.0,1,0.6556,0.6557,0.6556,0.5016,0.4022,0.0,75,1.0,13.38,0.1745,26.8
76,CL3r2,cluster,3.0,2,0.6512,0.6532,0.6512,0.5158,0.4142,-0.0,80,1.0,7.78,0.1745,26.8
76,CL3r3,cluster,3.0,3,0.8117,0.811,0.8117,0.622,0.5036,0.0,170,1.0,16.42,0.1814,26.6
76,CL5r1,cluster,5.0,1,0.3439,0.3446,0.3439,0.2856,0.2326,0.0,75,1.0,6.17,0.0881,29.5
76,CL5r2,cluster,5.0,2,0.3377,0.3387,0.3377,0.3009,0.2436,0.0,80,1.0,9.41,0.0881,29.5
76,CL5r3,cluster,5.0,3,0.3762,0.3756,0.3762,0.3369,0.2731,-0.0,170,1.0,16.62,0.0913,29.4
76,CL7r1,cluster,7.0,1,0.2037,0.2037,0.2037,0.2044,0.1669,0.0,75,1.0,9.72,0.0537,30.5
76,CL7r2,cluster,7.0,2,0.206,0.2061,0.206,0.1961,0.1599,0.0,80,1.0,14.64,0.0534,30.6
76,CL7r3,cluster,7.0,3,0.2371,0.2374,0.2371,0.2244,0.1827,0.0,80,1.0,14.56,0.0557,30.5
76,MU3r1,multi_cluster,3.0,1,1.2529,1.2529,1.2529,0.743,0.6113,0.0,170,1.0,3.14,0.2349,25.0
76,MU3r2,multi_cluster,3.0,2,1.6177,1.6177,1.6177,0.8736,0.7276,-0.0,155,1.0,2.98,0.2676,24.0
76,MU3r3,multi_cluster,3.0,3,1.0198,1.0199,1.0198,0.6402,0.5285,0.0,80,1.0,11.42,0.2439,24.6
76,MU5r1,multi_cluster,5.0,1,0.5925,0.5926,0.5925,0.4071,0.3347,-0.0,170,1.0,11.75,0.1183,28.6
76,MU5r2,multi_cluster,5.0,2,0.7084,0.7085,0.7084,0.4367,0.3597,0.0,170,1.0,3.53,0.1344,28.1
76,MU5r3,multi_cluster,5.0,3,0.4805,0.4805,0.4805,0.355,0.2929,-0.0,80,1.0,12.48,0.1226,28.4
76,MU7r1,multi_cluster,7.0,1,0.3367,0.3367,0.3367,0.2528,0.2064,0.0,170,1.0,9.44,0.0707,30.0
76,MU7r2,multi_cluster,7.0,2,0.3994,0.3994,0.3994,0.2733,0.223,0.0,170,1.0,7.33,0.0808,29.7
76,MU7r3,multi_cluster,7.0,3,0.2724,0.2724,0.2724,0.2227,0.184,0.0,170,1.0,14.89,0.0733,29.9
77,RU3r1,rule_grid,3.0,1,2.2306,2.2306,2.2306,1.0629,0.8043,0.0,25,1.0,5.35,0.3509,21.2
77,RU3r2,rule_grid,3.0,2,2.5084,2.5092,2.5084,1.5206,1.1815,0.0,90,1.0,9.8,0.3507,21.2
77,RU3r3,rule_grid,3.0,3,2.9401,2.9405,2.9401,1.6295,1.2123,0.0,85,1.0,8.8,0.3491,21.4
77,RU5r1,rule_grid,5.0,1,1.1325,1.1325,1.1325,0.5851,0.4394,-0.0,25,1.0,11.17,0.1809,26.4
77,RU5r2,rule_grid,5.0,2,1.3504,1.3507,1.3504,0.8477,0.6448,-0.0,20,1.0,11.56,0.1813,26.5
77,RU5r3,rule_grid,5.0,3,1.4146,1.4174,1.4146,0.8442,0.6293,-0.0,85,1.0,9.97,0.1796,26.5
77,RU7r1,rule_grid,7.0,1,0.6728,0.6729,0.6728,0.3751,0.2728,0.0,25,1.0,5.32,0.1116,28.5
77,RU7r2,rule_grid,7.0,2,0.8361,0.8362,0.8361,0.5643,0.4135,0.0,90,1.0,11.44,0.1106,28.6
77,RU7r3,rule_grid,7.0,3,0.8567,0.8567,0.8567,0.5606,0.4048,0.0,85,1.0,9.87,0.1096,28.7
77,BE3r1,belt,3.0,1,7.2259,7.2259,7.2259,4.0865,3.0741,-0.0,115,1.0,1.43,0.2203,26.7
77,BE3r2,belt,3.0,2,5.0189,5.019,5.0189,2.7123,2.047,-0.0,115,1.0,1.64,0.3184,22.8
77,BE3r3,belt,3.0,3,4.7269,4.7272,4.7269,3.3421,2.555,0.0,90,1.0,1.68,0.3176,22.8
77,BE5r1,belt,5.0,1,3.4109,3.411,3.4109,1.9975,1.4441,0.0,115,1.0,3.05,0.1138,29.2
77,BE5r2,belt,5.0,2,2.4104,2.4104,2.4104,1.3996,1.008,-0.0,115,1.0,2.09,0.1632,27.3
77,BE5r3,belt,5.0,3,2.4602,2.4602,2.4602,1.7058,1.2484,0.0,90,1.0,2.05,0.1627,27.4
77,BE7r1,belt,7.0,1,1.9831,1.9831,1.9831,1.1858,0.842,0.0,115,1.0,3.05,0.0691,30.3
77,BE7r2,belt,7.0,2,1.4853,1.4854,1.4853,0.8948,0.6313,0.0,115,1.0,3.34,0.0996,29.2
77,BE7r3,belt,7.0,3,1.5198,1.5198,1.5198,1.069,0.7635,-0.0,90,1.0,2.13,0.0987,29.2
77,CL3r1,cluster,3.0,1,2.2417,2.2419,2.2417,1.1997,0.8231,0.0,30,1.0,1.57,0.1976,26.2
77,CL3r2,cluster,3.0,2,2.1262,2.1276,2.1262,1.1325,0.7771,0.0,30,1.0,1.24,0.1977,26.1
77,CL3r3,cluster,3.0,3,1.9791,1.9954,1.9791,0.9717,0.688,0.0,25,1.0,15.39,0.2049,25.9
77,CL5r1,cluster,5.0,1,1.2531,1.2626,1.2531,0.6783,0.4736,-0.0,25,1.0,2.08,0.1005,29.1
77,CL5r2,cluster,5.0,2,1.1837,1.1972,1.1837,0.6407,0.4476,0.0,25,1.0,2.08,0.1006,29.0
77,CL5r3,cluster,5.0,3,1.0742,1.0766,1.0742,0.5405,0.3838,0.0,25,1.0,17.18,0.1041,28.9
77,CL7r1,cluster,7.0,1,0.7664,0.7664,0.7664,0.4109,0.2887,-0.0,25,1.0,5.16,0.0615,30.2
77,CL7r2,cluster,7.0,2,0.7334,0.737,0.7334,0.3935,0.2767,0.0,25,1.0,5.24,0.0611,30.2
77,CL7r3,cluster,7.0,3,0.7075,0.7125,0.7075,0.3696,0.2625,-0.0,25,1.0,15.86,0.0638,30.1
77,MU3r1,multi_cluster,3.0,1,3.1459,3.146,3.1459,1.5998,1.1534,0.0,115,1.0,1.93,0.2627,24.3
77,MU3r2,multi_cluster,3.0,2,4.2185,4.2186,4.2185,2.234,1.6687,0.0,115,1.0,1.64,0.2979,23.3
77,MU3r3,multi_cluster,3.0,3,2.2588,2.259,2.2588,1.0803,0.7953,-0.0,25,1.0,11.07,0.2728,23.7
77,MU5r1,multi_cluster,5.0,1,1.6436,1.6437,1.6436,0.9078,0.656,0.0,115,1.0,3.91,0.1338,28.1
77,MU5r2,multi_cluster,5.0,2,2.0548,2.055,2.0548,1.1728,0.849,-0.0,115,1.0,2.23,0.1519,27.6
77,MU5r3,multi_cluster,5.0,3,1.2053,1.2053,1.2053,0.6142,0.4539,0.0,25,1.0,11.17,0.1387,27.8
77,MU7r1,multi_cluster,7.0,1,1.0025,1.0027,1.0025,0.5787,0.4127,0.0,115,1.0,4.02,0.0806,29.6
77,MU7r2,multi_cluster,7.0,2,1.257,1.2572,1.257,0.7448,0.5285,0.0,115,1.0,4.02,0.0922,29.3
77,MU7r3,multi_cluster,7.0,3,0.7508,0.7509,0.7508,0.4044,0.2926,0.0,25,1.0,17.44,0.0836,29.5
78,RU3r1,rule_grid,3.0,1,1.578,1.5781,1.578,1.0516,0.8819,-0.0,135,1.0,9.04,0.3128,23.9
78,RU3r2,rule_grid,3.0,2,1.4147,1.4147,1.4147,0.7455,0.6106,0.0,125,1.0,10.06,0.3124,23.9
78,RU3r3,rule_grid,3.0,3,1.8522,1.8522,1.8522,1.3016,1.0795,0.0,145,1.0,3.35,0.311,24.0
78,RU5r1,rule_grid,5.0,1,0.856,0.856,0.856,0.6574,0.549,0.0,45,1.0,5.01,0.1567,29.1
78,RU5r2,rule_grid,5.0,2,0.6904,0.6904,0.6904,0.4434,0.366,-0.0,125,1.0,12.76,0.1569,29.1
78,RU5r3,rule_grid,5.0,3,0.9224,0.9227,0.9224,0.6708,0.5593,-0.0,145,1.0,4.42,0.1555,29.2
78,RU7r1,rule_grid,7.0,1,0.5505,0.5505,0.5505,0.4478,0.3712,-0.0,135,1.0,10.62,0.0951,31.1
78,RU7r2,rule_grid,7.0,2,0.3902,0.3903,0.3902,0.2859,0.2385,0.0,125,1.0,13.21,0.0942,31.1
78,RU7r3,rule_grid,7.0,3,0.621,0.6211,0.621,0.4567,0.3789,0.0,145,1.0,4.58,0.0934,31.2
78,BE3r1,belt,3.0,1,4.3419,4.3419,4.3419,2.8832,2.4382,0.0,155,1.0,2.72,0.1942,28.8
78,BE3r2,belt,3.0,2,2.9441,2.9441,2.9441,1.8545,1.5516,0.0,155,1.0,11.68,0.2827,25.3
78,BE3r3,belt,3.0,3,3.2749,3.2749,3.2749,2.1318,1.7676,0.0,0,1.0,22.37,0.2819,25.4
78,BE5r1,belt,5.0,1,1.8805,1.8806,1.8805,1.3443,1.1243,0.0,155,1.0,11.55,0.0983,31.4
78,BE5r2,belt,5.0,2,1.3317,1.3319,1.3317,0.9423,0.7805,0.0,155,1.0,11.81,0.1413,29.8
78,BE5r3,belt,5.0,3,1.4205,1.4205,1.4205,1.0518,0.8699,-0.0,0,1.0,27.0,0.1408,29.8
78,BE7r1,belt,7.0,1,1.0433,1.0433,1.0433,0.7812,0.6513,0.0,155,1.0,11.54,0.059,32.5
78,BE7r2,belt,7.0,2,0.7919,0.7919,0.7919,0.6013,0.4982,0.0,155,1.0,11.84,0.085,31.6
78,BE7r3,belt,7.0,3,0.8158,0.8159,0.8158,0.6541,0.5432,-0.0,155,1.0,27.0,0.0841,31.6
78,CL3r1,cluster,3.0,1,0.9633,0.9634,0.9633,0.6766,0.5574,-0.0,130,1.0,2.89,0.1705,28.7
78,CL3r2,cluster,3.0,2,1.0915,1.0916,1.0915,0.785,0.6445,-0.0,135,1.0,2.9,0.1705,28.7
78,CL3r3,cluster,3.0,3,1.181,1.1831,1.181,0.832,0.6835,-0.0,45,1.0,2.56,0.1776,28.5
78,CL5r1,cluster,5.0,1,0.5155,0.5188,0.5155,0.3978,0.3306,0.0,135,1.0,8.29,0.0856,31.5
78,CL5r2,cluster,5.0,2,0.6097,0.6138,0.6097,0.4725,0.392,-0.0,135,1.0,8.1,0.0856,31.5
78,CL5r3,cluster,5.0,3,0.6483,0.6518,0.6483,0.4938,0.4094,0.0,45,1.0,2.88,0.0888,31.4
78,CL7r1,cluster,7.0,1,0.3782,0.3783,0.3782,0.3019,0.2516,-0.0,135,1.0,15.41,0.052,32.6
78,CL7r2,cluster,7.0,2,0.4107,0.4117,0.4107,0.3323,0.2768,0.0,135,1.0,8.1,0.0517,32.6
78,CL7r3,cluster,7.0,3,0.4405,0.4403,0.4405,0.3503,0.2915,-0.0,45,1.0,2.88,0.054,32.5
78,MU3r1,multi_cluster,3.0,1,1.6382,1.6382,1.6382,1.1054,0.9154,0.0,135,1.0,2.7,0.231,26.8
78,MU3r2,multi_cluster,3.0,2,2.2802,2.2802,2.2802,1.4381,1.1974,0.0,155,1.0,11.53,0.2636,25.8
78,MU3r3,multi_cluster,3.0,3,1.4456,1.4456,1.4456,0.9953,0.8254,-0.0,135,1.0,12.93,0.2399,26.4
78,MU5r1,multi_cluster,5.0,1,0.9109,0.911,0.9109,0.6816,0.5682,-0.0,135,1.0,14.42,0.1156,30.5
78,MU5r2,multi_cluster,5.0,2,1.0673,1.0673,1.0673,0.7588,0.6302,0.0,155,1.0,11.53,0.1315,30.0
78,MU5r3,multi_cluster,5.0,3,0.828,0.828,0.828,0.6328,0.5278,0.0,135,1.0,5.01,0.1198,30.4
78,MU7r1,multi_cluster,7.0,1,0.5918,0.5919,0.5918,0.4663,0.3879,0.0,135,1.0,14.52,0.0688,32.1
78,MU7r2,multi_cluster,7.0,2,0.645,0.645,0.645,0.4993,0.4147,0.0,135,1.0,11.61,0.0786,31.7
78,MU7r3,multi_cluster,7.0,3,0.5462,0.5462,0.5462,0.4381,0.3643,0.0,45,1.0,15.81,0.0713,32.0
79,RU3r1,rule_grid,3.0,1,1.9061,1.9061,1.9061,0.9347,0.7996,0.0,20,1.0,7.35,0.3037,24.5
79,RU3r2,rule_grid,3.0,2,1.9522,1.9523,1.9522,1.1063,0.9397,-0.0,105,1.0,1.67,0.3033,24.5
79,RU3r3,rule_grid,3.0,3,2.3354,2.3357,2.3354,1.4168,1.202,-0.0,110,1.0,3.71,0.302,24.7
79,RU5r1,rule_grid,5.0,1,0.8782,0.8784,0.8782,0.4854,0.4195,-0.0,110,1.0,12.26,0.1513,29.5
79,RU5r2,rule_grid,5.0,2,0.9201,0.9202,0.9201,0.5891,0.5062,0.0,110,1.0,11.49,0.1515,29.5
79,RU5r3,rule_grid,5.0,3,0.9354,0.9356,0.9354,0.6629,0.5694,-0.0,105,1.0,3.88,0.1502,29.6
79,RU7r1,rule_grid,7.0,1,0.491,0.491,0.491,0.2881,0.2485,0.0,110,1.0,2.87,0.0917,31.5
79,RU7r2,rule_grid,7.0,2,0.4995,0.4995,0.4995,0.3537,0.3049,-0.0,110,1.0,10.83,0.0908,31.5
79,RU7r3,rule_grid,7.0,3,0.521,0.5211,0.521,0.4157,0.3581,0.0,110,1.0,5.15,0.09,31.6
79,BE3r1,belt,3.0,1,3.7267,3.7267,3.7267,3.0085,2.6008,0.0,0,1.0,24.76,0.1884,29.1
79,BE3r2,belt,3.0,2,2.6352,2.6352,2.6352,1.8628,1.5948,-0.0,15,1.0,20.19,0.2743,25.7
79,BE3r3,belt,3.0,3,3.7902,3.7902,3.7902,2.495,2.1317,0.0,165,1.0,1.96,0.2736,26.0
79,BE5r1,belt,5.0,1,1.7629,1.7629,1.7629,1.392,1.203,0.0,135,1.0,15.99,0.095,31.8
79,BE5r2,belt,5.0,2,1.1393,1.1394,1.1393,0.8863,0.7613,0.0,135,1.0,18.77,0.1365,30.1
79,BE5r3,belt,5.0,3,1.572,1.5721,1.572,1.1901,1.0221,-0.0,160,1.0,2.07,0.136,30.3
79,BE7r1,belt,7.0,1,1.0355,1.0356,1.0355,0.8043,0.6963,0.0,135,1.0,21.37,0.0568,32.9
79,BE7r2,belt,7.0,2,0.7376,0.7377,0.7376,0.5637,0.4859,-0.0,135,1.0,17.36,0.0819,31.9
79,BE7r3,belt,7.0,3,0.8966,0.8966,0.8966,0.7252,0.625,0.0,155,1.0,2.19,0.0811,32.0
79,CL3r1,cluster,3.0,1,1.4611,1.4611,1.4611,1.0099,0.8606,-0.0,110,1.0,8.74,0.1646,29.3
79,CL3r2,cluster,3.0,2,1.4812,1.4882,1.4812,1.0313,0.8783,0.0,110,1.0,2.29,0.1646,29.3
79,CL3r3,cluster,3.0,3,1.5738,1.5843,1.5738,1.023,0.8713,-0.0,25,1.0,2.09,0.1715,29.0
79,CL5r1,cluster,5.0,1,0.7345,0.7352,0.7345,0.5313,0.458,0.0,110,1.0,10.27,0.0825,31.9
79,CL5r2,cluster,5.0,2,0.7732,0.7736,0.7732,0.5641,0.4862,0.0,110,1.0,6.81,0.0825,31.9
79,CL5r3,cluster,5.0,3,0.7499,0.7507,0.7499,0.5254,0.4526,0.0,25,1.0,2.79,0.0856,31.8
79,CL7r1,cluster,7.0,1,0.4788,0.4788,0.4788,0.36,0.3118,0.0,110,1.0,8.87,0.0501,32.9
79,CL7r2,cluster,7.0,2,0.4849,0.4851,0.4849,0.365,0.3161,0.0,110,1.0,6.81,0.0498,32.9
79,CL7r3,cluster,7.0,3,0.4818,0.4827,0.4818,0.3526,0.3052,-0.0,25,1.0,7.87,0.052,32.9
79,MU3r1,multi_cluster,3.0,1,1.945,1.945,1.945,1.1241,0.9583,-0.0,20,1.0,15.14,0.2238,27.3
79,MU3r2,multi_cluster,3.0,2,2.2585,2.2585,2.2585,1.4764,1.2605,0.0,15,1.0,18.09,0.2557,26.3
79,MU3r3,multi_cluster,3.0,3,1.7896,1.7896,1.7896,1.0058,0.8571,-0.0,110,1.0,8.38,0.2324,27.0
79,MU5r1,multi_cluster,5.0,1,0.9369,0.9369,0.9369,0.5655,0.4884,-0.0,20,1.0,18.13,0.1117,30.9
79,MU5r2,multi_cluster,5.0,2,0.9825,0.9825,0.9825,0.7057,0.6078,0.0,20,1.0,18.09,0.127,30.4
79,MU5r3,multi_cluster,5.0,3,0.8818,0.8818,0.8818,0.5338,0.4607,-0.0,110,1.0,2.79,0.1157,30.8
79,MU7r1,multi_cluster,7.0,1,0.5499,0.5499,0.5499,0.3522,0.3045,-0.0,20,1.0,17.35,0.0663,32.4
79,MU7r2,multi_cluster,7.0,2,0.6217,0.6217,0.6217,0.444,0.3833,0.0,130,1.0,20.26,0.0758,32.1
79,MU7r3,multi_cluster,7.0,3,0.5192,0.5192,0.5192,0.3343,0.2889,0.0,110,1.0,10.75,0.0687,32.3
80,RU3r1,rule_grid,3.0,1,0.4876,0.4878,0.4876,0.4021,0.4879,-0.0,90,0.6,10.45,0.2086,43.4
80,RU3r2,rule_grid,3.0,2,0.7394,0.7395,0.7394,0.6672,0.8207,-0.0,90,0.8,15.39,0.208,43.6
80,RU3r3,rule_grid,3.0,3,0.7522,0.7524,0.7522,0.6224,0.7841,0.0,30,1.0,11.18,0.207,43.6
80,RU5r1,rule_grid,5.0,1,0.3105,0.3106,0.3105,0.2178,0.2767,-0.0,0,1.0,15.35,0.1001,49.3
80,RU5r2,rule_grid,5.0,2,0.3789,0.3789,0.3789,0.3646,0.47,0.0,90,1.0,12.34,0.1001,49.3
80,RU5r3,rule_grid,5.0,3,0.3928,0.393,0.3928,0.3176,0.4241,0.0,30,1.0,11.98,0.0991,49.4
80,RU7r1,rule_grid,7.0,1,0.1992,0.1992,0.1992,0.1383,0.1851,0.0,0,1.0,12.46,0.0592,51.5
80,RU7r2,rule_grid,7.0,2,0.2268,0.2269,0.2268,0.2184,0.2947,0.0,95,1.0,13.75,0.0587,51.5
80,RU7r3,rule_grid,7.0,3,0.2347,0.2347,0.2347,0.1867,0.26,0.0,30,1.0,11.61,0.0582,51.6
80,BE3r1,belt,3.0,1,1.9288,1.9288,1.9288,1.7486,2.1675,0.0,90,1.0,2.57,0.125,48.7
80,BE3r2,belt,3.0,2,1.261,1.261,1.261,1.1015,1.3476,0.0,90,1.0,3.75,0.1861,45.0
80,BE3r3,belt,3.0,3,1.4278,1.4279,1.4278,1.3456,1.67,0.0,90,1.0,1.9,0.1856,45.1
80,BE5r1,belt,5.0,1,0.8287,0.8287,0.8287,0.757,1.0146,-0.0,90,1.0,2.02,0.0614,51.7
80,BE5r2,belt,5.0,2,0.5746,0.5747,0.5746,0.4872,0.6531,0.0,90,1.0,3.48,0.0898,50.0
80,BE5r3,belt,5.0,3,0.6332,0.6332,0.6332,0.635,0.852,0.0,90,1.0,5.27,0.0892,50.1
80,BE7r1,belt,7.0,1,0.4655,0.4655,0.4655,0.4287,0.6027,0.0,90,1.0,2.67,0.0362,52.9
80,BE7r2,belt,7.0,2,0.3464,0.3464,0.3464,0.2926,0.4143,-0.0,90,1.0,5.83,0.0528,51.9
80,BE7r3,belt,7.0,3,0.3633,0.3633,0.3633,0.3808,0.5369,0.0,95,1.0,5.56,0.0522,52.0
80,CL3r1,cluster,3.0,1,0.3693,0.3693,0.3693,0.3294,0.4326,-0.0,95,1.0,15.69,0.1059,49.0
80,CL3r2,cluster,3.0,2,0.3412,0.3429,0.3412,0.2992,0.4047,-0.0,95,1.0,16.64,0.1055,49.0
80,CL3r3,cluster,3.0,3,0.4562,0.4587,0.4562,0.3683,0.5088,0.0,0,1.0,21.47,0.1113,48.8
80,CL5r1,cluster,5.0,1,0.229,0.2299,0.229,0.1614,0.2384,0.0,0,1.0,26.21,0.0529,51.8
80,CL5r2,cluster,5.0,2,0.232,0.2326,0.232,0.171,0.2383,-0.0,0,1.0,20.15,0.0527,51.9
80,CL5r3,cluster,5.0,3,0.2604,0.2638,0.2604,0.1979,0.2818,0.0,90,1.0,17.85,0.0549,51.8
80,CL7r1,cluster,7.0,1,0.1589,0.1589,0.1589,0.1369,0.1906,0.0,90,1.0,15.99,0.0321,52.9
80,CL7r2,cluster,7.0,2,0.1601,0.1603,0.1601,0.1314,0.1861,0.0,0,1.0,15.16,0.0317,53.0
80,CL7r3,cluster,7.0,3,0.1912,0.1911,0.1912,0.149,0.2147,-0.0,0,1.0,18.98,0.0333,52.9
80,MU3r1,multi_cluster,3.0,1,0.7234,0.7234,0.7234,0.6019,0.7926,0.0,90,1.0,3.99,0.1477,46.9
80,MU3r2,multi_cluster,3.0,2,1.0387,1.0387,1.0387,0.8975,1.1201,0.0,90,1.0,3.75,0.1719,45.7
80,MU3r3,multi_cluster,3.0,3,0.5194,0.5194,0.5194,0.4055,0.522,-0.0,90,1.0,12.49,0.154,46.4
80,MU5r1,multi_cluster,5.0,1,0.4207,0.4207,0.4207,0.3316,0.4518,0.0,90,1.0,3.55,0.0728,50.9
80,MU5r2,multi_cluster,5.0,2,0.5038,0.5038,0.5038,0.4157,0.557,0.0,90,1.0,3.48,0.0833,50.3
80,MU5r3,multi_cluster,5.0,3,0.3269,0.3269,0.3269,0.2357,0.3108,0.0,90,1.0,14.5,0.0756,50.7
80,MU7r1,multi_cluster,7.0,1,0.2643,0.2643,0.2643,0.2075,0.2917,0.0,90,1.0,3.59,0.0426,52.4
80,MU7r2,multi_cluster,7.0,2,0.3044,0.3044,0.3044,0.2495,0.3509,0.0,90,1.0,5.83,0.0488,52.1
80,MU7r3,multi_cluster,7.0,3,0.2122,0.2122,0.2122,0.153,0.208,-0.0,90,1.0,4.42,0.0443,52.3
81,RU3r1,rule_grid,3.0,1,4.8453,4.8454,4.8453,4.106,4.4388,0.0,90,1.0,9.11,0.196,47.9
81,RU3r2,rule_grid,3.0,2,5.7149,5.7149,5.7149,4.7683,5.232,0.0,95,1.0,0.46,0.1951,48.3
81,RU3r3,rule_grid,3.0,3,6.3965,6.3967,6.3965,5.4542,6.0016,0.0,90,1.0,0.71,0.1948,48.7
81,RU5r1,rule_grid,5.0,1,2.1073,2.1072,2.1073,1.8821,2.2444,0.0,90,1.0,8.45,0.0855,53.0
81,RU5r2,rule_grid,5.0,2,2.462,2.462,2.462,2.0871,2.509,0.0,95,1.0,0.61,0.0852,53.2
81,RU5r3,rule_grid,5.0,3,2.6743,2.6742,2.6743,2.3698,2.8624,0.0,90,1.0,0.77,0.0849,53.4
81,RU7r1,rule_grid,7.0,1,1.1569,1.1569,1.1569,1.068,1.3234,0.0,90,1.0,6.67,0.0483,54.7
81,RU7r2,rule_grid,7.0,2,1.3477,1.3477,1.3477,1.1544,1.458,-0.0,95,1.0,5.4,0.0476,54.8
81,RU7r3,rule_grid,7.0,3,1.4924,1.4925,1.4924,1.3535,1.7272,0.0,90,1.0,0.71,0.0475,54.9
81,BE3r1,belt,3.0,1,7.9713,7.9713,7.9713,7.8228,9.333,0.0,125,1.0,16.96,0.1229,53.8
81,BE3r2,belt,3.0,2,6.8912,6.8912,6.8912,6.3362,7.1243,0.0,125,1.0,19.64,0.1771,50.0
81,BE3r3,belt,3.0,3,8.1606,8.1607,8.1606,7.3591,8.3356,-0.0,150,1.0,0.71,0.1765,50.6
81,BE5r1,belt,5.0,1,3.3918,3.3918,3.3918,3.4059,4.3938,0.0,125,1.0,19.64,0.0549,55.5
81,BE5r2,belt,5.0,2,2.8441,2.8441,2.8441,2.7572,3.421,-0.0,125,1.0,18.04,0.0778,53.9
81,BE5r3,belt,5.0,3,3.3691,3.3691,3.3691,3.1242,3.8881,-0.0,155,1.0,0.77,0.0773,54.2
81,BE7r1,belt,7.0,1,1.8578,1.8578,1.8578,1.8947,2.5356,0.0,125,1.0,19.64,0.0309,56.1
81,BE7r2,belt,7.0,2,1.5988,1.5988,1.5988,1.5878,2.0677,-0.0,0,1.0,18.04,0.0436,55.2
81,BE7r3,belt,7.0,3,1.8724,1.8724,1.8724,1.7588,2.3034,0.0,155,1.0,0.77,0.0432,55.4
81,CL3r1,cluster,3.0,1,3.6488,3.6489,3.6488,3.4198,4.3206,0.0,90,1.0,0.71,0.0965,53.2
81,CL3r2,cluster,3.0,2,3.5565,3.5567,3.5565,3.3464,4.2384,-0.0,90,1.0,0.77,0.0965,53.1
81,CL3r3,cluster,3.0,3,3.4229,3.4257,3.4229,3.2367,3.9814,0.0,30,1.0,3.66,0.1018,52.8
81,CL5r1,cluster,5.0,1,1.7372,1.7365,1.7372,1.6848,2.2265,0.0,90,1.0,0.61,0.0435,55.3
81,CL5r2,cluster,5.0,2,1.7254,1.7276,1.7254,1.674,2.21,-0.0,90,1.0,0.71,0.0437,55.3
81,CL5r3,cluster,5.0,3,1.5779,1.5784,1.5779,1.5459,2.0108,0.0,30,1.0,4.05,0.0457,55.1
81,CL7r1,cluster,7.0,1,1.0454,1.0454,1.0454,1.028,1.3889,-0.0,90,1.0,0.61,0.0252,56.0
81,CL7r2,cluster,7.0,2,1.0264,1.0275,1.0264,1.0117,1.368,-0.0,90,1.0,0.71,0.0252,55.9
81,CL7r3,cluster,7.0,3,0.9515,0.9516,0.9515,0.9432,1.2623,-0.0,30,1.0,3.99,0.0263,55.8
81,MU3r1,multi_cluster,3.0,1,4.8437,4.8436,4.8437,4.3768,5.0576,0.0,0,1.0,20.0,0.1427,51.1
81,MU3r2,multi_cluster,3.0,2,5.973,5.973,5.973,5.4657,6.1884,-0.0,125,1.0,20.82,0.1644,50.3
81,MU3r3,multi_cluster,3.0,3,4.3507,4.3507,4.3507,3.8669,4.378,0.0,0,1.0,4.75,0.1471,50.6
81,MU5r1,multi_cluster,5.0,1,2.2353,2.2354,2.2353,2.0645,2.5799,0.0,0,1.0,22.06,0.0638,54.4
81,MU5r2,multi_cluster,5.0,2,2.552,2.552,2.552,2.4606,3.0538,-0.0,0,1.0,18.04,0.0725,54.0
81,MU5r3,multi_cluster,5.0,3,2.0157,2.0157,2.0157,1.8461,2.2399,0.0,90,1.0,4.83,0.0655,54.2
81,MU7r1,multi_cluster,7.0,1,1.2774,1.2774,1.2774,1.2059,1.5573,0.0,0,1.0,20.33,0.0357,55.5
81,MU7r2,multi_cluster,7.0,2,1.4543,1.4543,1.4543,1.4204,1.8446,0.0,0,1.0,18.04,0.0406,55.3
81,MU7r3,multi_cluster,7.0,3,1.1502,1.1502,1.1502,1.087,1.3778,0.0,90,1.0,4.26,0.0366,55.4
82,RU3r1,rule_grid,3.0,1,0.5561,0.5561,0.5561,0.5078,0.4505,0.0,75,1.0,8.6,0.2801,28.4
82,RU3r2,rule_grid,3.0,2,0.8124,0.8125,0.8124,0.612,0.5411,0.0,150,1.0,20.04,0.2796,28.5
82,RU3r3,rule_grid,3.0,3,1.2701,1.2704,1.2701,0.819,0.7199,0.0,145,1.0,21.64,0.2785,28.7
82,RU5r1,rule_grid,5.0,1,0.3711,0.3711,0.3711,0.3718,0.3318,-0.0,90,1.0,10.96,0.1355,34.1
82,RU5r2,rule_grid,5.0,2,0.383,0.383,0.383,0.3717,0.3322,0.0,150,1.0,21.73,0.1355,34.1
82,RU5r3,rule_grid,5.0,3,0.5446,0.5448,0.5446,0.403,0.3599,0.0,145,1.0,22.14,0.1346,34.2
82,RU7r1,rule_grid,7.0,1,0.2838,0.2838,0.2838,0.2692,0.2413,0.0,0,1.0,17.09,0.0807,36.2
82,RU7r2,rule_grid,7.0,2,0.2361,0.2361,0.2361,0.2479,0.2227,0.0,25,1.0,18.9,0.0798,36.2
82,RU7r3,rule_grid,7.0,3,0.3144,0.3144,0.3144,0.2609,0.2356,0.0,145,1.0,21.97,0.0793,36.2
82,BE3r1,belt,3.0,1,3.3633,3.3634,3.3633,2.3216,2.0849,0.0,0,1.0,22.64,0.1752,33.5
82,BE3r2,belt,3.0,2,2.2115,2.2115,2.2115,1.5582,1.3826,0.0,0,1.0,33.75,0.2535,29.9
82,BE3r3,belt,3.0,3,2.1127,2.1127,2.1127,1.3316,1.1795,-0.0,5,1.0,16.35,0.2529,29.9
82,BE5r1,belt,5.0,1,1.4297,1.4298,1.4297,1.111,1.0043,-0.0,0,1.0,12.14,0.086,36.4
82,BE5r2,belt,5.0,2,0.9836,0.9838,0.9836,0.8068,0.7234,-0.0,0,1.0,22.61,0.1227,34.8
82,BE5r3,belt,5.0,3,0.8698,0.8698,0.8698,0.6723,0.6028,0.0,25,1.0,16.78,0.1223,34.7
82,BE7r1,belt,7.0,1,0.8176,0.8176,0.8176,0.664,0.6042,0.0,0,1.0,12.15,0.0507,37.6
82,BE7r2,belt,7.0,2,0.6181,0.6181,0.6181,0.5288,0.4787,0.0,0,1.0,17.61,0.0724,36.6
82,BE7r3,belt,7.0,3,0.521,0.5211,0.521,0.4243,0.384,0.0,25,1.0,16.89,0.0717,36.6
82,CL3r1,cluster,3.0,1,0.3434,0.3435,0.3434,0.3621,0.3238,0.0,75,1.0,14.79,0.1493,33.5
82,CL3r2,cluster,3.0,2,0.3571,0.3613,0.3571,0.2876,0.2584,-0.0,140,1.0,17.82,0.1494,33.5
82,CL3r3,cluster,3.0,3,0.4414,0.4483,0.4414,0.3339,0.297,0.0,75,1.0,6.46,0.1559,33.3
82,CL5r1,cluster,5.0,1,0.2724,0.2725,0.2724,0.2926,0.2643,0.0,90,1.0,12.73,0.0726,36.5
82,CL5r2,cluster,5.0,2,0.2108,0.2109,0.2108,0.235,0.2125,-0.0,135,1.0,17.73,0.0728,36.5
82,CL5r3,cluster,5.0,3,0.2045,0.2034,0.2045,0.2172,0.1953,-0.0,70,1.0,6.72,0.0756,36.4
82,CL7r1,cluster,7.0,1,0.1965,0.1965,0.1965,0.2049,0.1865,-0.0,90,1.0,16.5,0.0435,37.6
82,CL7r2,cluster,7.0,2,0.1747,0.1752,0.1747,0.1755,0.1597,0.0,0,1.0,18.59,0.0434,37.6
82,CL7r3,cluster,7.0,3,0.1758,0.1782,0.1758,0.1774,0.1607,-0.0,90,1.0,6.95,0.0453,37.5
82,MU3r1,multi_cluster,3.0,1,0.8306,0.8307,0.8306,0.7356,0.6512,0.0,0,1.0,21.93,0.2068,31.4
82,MU3r2,multi_cluster,3.0,2,1.6434,1.6434,1.6434,1.221,1.0813,0.0,0,1.0,32.93,0.2362,30.5
82,MU3r3,multi_cluster,3.0,3,0.512,0.512,0.512,0.436,0.387,0.0,165,1.0,13.27,0.2141,31.0
82,MU5r1,multi_cluster,5.0,1,0.511,0.5111,0.511,0.4842,0.4356,0.0,0,1.0,24.0,0.1006,35.5
82,MU5r2,multi_cluster,5.0,2,0.7865,0.7865,0.7865,0.6689,0.6006,0.0,0,1.0,27.07,0.1143,35.0
82,MU5r3,multi_cluster,5.0,3,0.3275,0.3275,0.3275,0.3426,0.3063,-0.0,0,1.0,17.07,0.1039,35.3
82,MU7r1,multi_cluster,7.0,1,0.3594,0.3595,0.3594,0.3344,0.3031,0.0,0,1.0,24.21,0.0589,37.1
82,MU7r2,multi_cluster,7.0,2,0.5075,0.5075,0.5075,0.4441,0.4021,0.0,0,1.0,17.86,0.0672,36.8
82,MU7r3,multi_cluster,7.0,3,0.2584,0.2584,0.2584,0.2522,0.227,0.0,90,1.0,8.32,0.0608,37.0
83,RU3r1,rule_grid,3.0,1,0.9494,0.9498,0.9494,0.9283,1.0002,0.0,5,1.0,15.29,0.2493,34.2
83,RU3r2,rule_grid,3.0,2,0.4268,0.4269,0.4268,0.4463,0.4768,0.0,115,0.8,17.45,0.2487,34.1
83,RU3r3,rule_grid,3.0,3,1.1046,1.1049,1.1046,1.1637,1.2733,-0.0,100,1.0,8.35,0.2475,34.3
83,RU5r1,rule_grid,5.0,1,0.4892,0.4893,0.4892,0.5208,0.575,0.0,90,1.0,10.47,0.1232,39.8
83,RU5r2,rule_grid,5.0,2,0.2134,0.2134,0.2134,0.245,0.2734,0.0,0,0.8,17.15,0.1233,39.7
83,RU5r3,rule_grid,5.0,3,0.5376,0.5378,0.5376,0.5482,0.6129,-0.0,100,0.8,9.33,0.1221,39.8
83,RU7r1,rule_grid,7.0,1,0.3042,0.3042,0.3042,0.3212,0.3605,0.0,90,0.8,5.54,0.0742,41.9
83,RU7r2,rule_grid,7.0,2,0.1491,0.1492,0.1491,0.1409,0.1597,0.0,0,0.4,22.23,0.0736,41.9
83,RU7r3,rule_grid,7.0,3,0.3502,0.3503,0.3502,0.3392,0.3869,0.0,100,0.8,6.85,0.0729,42.0
83,BE3r1,belt,3.0,1,2.9348,2.9348,2.9348,2.4915,2.7393,-0.0,95,1.0,4.65,0.151,39.5
83,BE3r2,belt,3.0,2,2.0318,2.0319,2.0318,1.7384,1.8881,-0.0,95,1.0,6.66,0.2233,35.8
83,BE3r3,belt,3.0,3,2.0339,2.034,2.0339,1.7759,1.9511,-0.0,115,1.0,2.84,0.2227,35.8
83,BE5r1,belt,5.0,1,1.373,1.3731,1.373,1.1673,1.3272,0.0,95,1.0,3.27,0.0759,42.3
83,BE5r2,belt,5.0,2,0.9587,0.9588,0.9587,0.8302,0.9392,-0.0,95,1.0,5.52,0.1105,40.5
83,BE5r3,belt,5.0,3,0.8343,0.8344,0.8343,0.8246,0.9414,0.0,115,1.0,4.5,0.11,40.5
83,BE7r1,belt,7.0,1,0.7862,0.7862,0.7862,0.6714,0.7778,0.0,95,1.0,3.34,0.0453,43.4
83,BE7r2,belt,7.0,2,0.5702,0.5703,0.5702,0.5068,0.5796,0.0,95,1.0,3.34,0.0661,42.4
83,BE7r3,belt,7.0,3,0.4956,0.4957,0.4956,0.4866,0.5676,-0.0,110,0.8,4.38,0.0654,42.4
83,CL3r1,cluster,3.0,1,0.5923,0.5925,0.5923,0.5926,0.6673,-0.0,5,1.0,15.77,0.1314,39.4
83,CL3r2,cluster,3.0,2,0.586,0.5859,0.586,0.622,0.7054,-0.0,95,1.0,10.55,0.131,39.5
83,CL3r3,cluster,3.0,3,0.7214,0.7285,0.7214,0.7239,0.8225,-0.0,0,1.0,22.01,0.1373,39.2
83,CL5r1,cluster,5.0,1,0.4088,0.4101,0.4088,0.3722,0.4299,0.0,0,1.0,18.22,0.0666,42.3
83,CL5r2,cluster,5.0,2,0.3819,0.3829,0.3819,0.3785,0.4342,-0.0,0,1.0,16.4,0.0664,42.3
83,CL5r3,cluster,5.0,3,0.426,0.436,0.426,0.4256,0.4903,0.0,0,1.0,24.55,0.069,42.2
83,CL7r1,cluster,7.0,1,0.2751,0.2751,0.2751,0.2651,0.3039,-0.0,0,1.0,17.49,0.0407,43.4
83,CL7r2,cluster,7.0,2,0.2624,0.2628,0.2624,0.2746,0.3168,0.0,0,1.0,16.23,0.0402,43.4
83,CL7r3,cluster,7.0,3,0.3103,0.3102,0.3103,0.3067,0.3556,-0.0,0,1.0,17.3,0.0422,43.4
83,MU3r1,multi_cluster,3.0,1,1.1773,1.1774,1.1773,1.0706,1.1866,0.0,95,1.0,6.16,0.1793,37.5
83,MU3r2,multi_cluster,3.0,2,1.689,1.689,1.689,1.459,1.5959,0.0,95,1.0,6.66,0.2071,36.4
83,MU3r3,multi_cluster,3.0,3,0.8543,0.8544,0.8543,0.8683,0.9557,0.0,95,1.0,8.12,0.187,37.0
83,MU5r1,multi_cluster,5.0,1,0.6508,0.6509,0.6508,0.6291,0.7091,-0.0,95,1.0,7.15,0.0899,41.4
83,MU5r2,multi_cluster,5.0,2,0.8244,0.8244,0.8244,0.7326,0.8211,-0.0,95,1.0,5.52,0.1026,40.8
83,MU5r3,multi_cluster,5.0,3,0.5061,0.5061,0.5061,0.5272,0.589,0.0,90,1.0,4.45,0.0934,41.1
83,MU7r1,multi_cluster,7.0,1,0.419,0.419,0.419,0.4025,0.4597,0.0,90,1.0,5.12,0.0533,42.9
83,MU7r2,multi_cluster,7.0,2,0.4983,0.4984,0.4983,0.4576,0.5224,0.0,90,1.0,5.46,0.061,42.6
83,MU7r3,multi_cluster,7.0,3,0.3365,0.3366,0.3365,0.3446,0.3901,0.0,90,1.0,4.52,0.0554,42.8
84,RU3r1,rule_grid,3.0,1,0.6651,0.665,0.6651,0.6094,0.6226,0.0,160,0.8,9.69,0.2641,34.0
84,RU3r2,rule_grid,3.0,2,0.4701,0.4704,0.4701,0.4645,0.4693,0.0,175,1.0,13.95,0.2637,34.0
84,RU3r3,rule_grid,3.0,3,0.5709,0.5713,0.5709,0.5164,0.526,-0.0,85,1.0,18.93,0.2624,34.1
84,RU5r1,rule_grid,5.0,1,0.3466,0.3467,0.3466,0.3335,0.3484,-0.0,65,0.8,18.43,0.1313,40.0
84,RU5r2,rule_grid,5.0,2,0.3121,0.3122,0.3121,0.2763,0.2846,0.0,175,1.0,15.24,0.1315,40.0
84,RU5r3,rule_grid,5.0,3,0.3809,0.3812,0.3809,0.2896,0.3018,0.0,165,1.0,18.59,0.1301,40.1
84,RU7r1,rule_grid,7.0,1,0.2164,0.2165,0.2164,0.1953,0.2063,0.0,65,0.8,17.27,0.0793,42.4
84,RU7r2,rule_grid,7.0,2,0.1879,0.1879,0.1879,0.1766,0.1849,-0.0,170,1.0,15.97,0.0787,42.4
84,RU7r3,rule_grid,7.0,3,0.2326,0.2326,0.2326,0.1793,0.1892,-0.0,165,1.0,19.96,0.0779,42.4
84,BE3r1,belt,3.0,1,2.5097,2.5097,2.5097,2.252,2.3451,-0.0,80,1.0,3.2,0.16,39.5
84,BE3r2,belt,3.0,2,1.6199,1.62,1.6199,1.5105,1.5501,0.0,80,1.0,3.69,0.2367,35.6
84,BE3r3,belt,3.0,3,1.387,1.3871,1.387,1.3375,1.3654,0.0,90,1.0,4.66,0.2361,35.6
84,BE5r1,belt,5.0,1,1.0545,1.0545,1.0545,1.029,1.0984,0.0,85,1.0,3.39,0.0809,42.6
84,BE5r2,belt,5.0,2,0.6891,0.6892,0.6891,0.7265,0.7703,0.0,75,1.0,4.43,0.1178,40.8
84,BE5r3,belt,5.0,3,0.6268,0.6268,0.6268,0.6574,0.6921,0.0,60,1.0,4.5,0.1172,40.8
84,BE7r1,belt,7.0,1,0.5866,0.5866,0.5866,0.5905,0.6402,0.0,85,1.0,3.61,0.0484,43.9
84,BE7r2,belt,7.0,2,0.4181,0.4181,0.4181,0.4402,0.4762,0.0,65,1.0,5.38,0.0705,42.8
84,BE7r3,belt,7.0,3,0.3822,0.3822,0.3822,0.4086,0.4391,0.0,60,1.0,5.33,0.0698,42.9
84,CL3r1,cluster,3.0,1,0.5228,0.5228,0.5228,0.4476,0.488,0.0,170,0.8,19.47,0.1401,39.7
84,CL3r2,cluster,3.0,2,0.506,0.5089,0.506,0.4144,0.4516,0.0,170,1.0,22.59,0.1397,39.7
84,CL3r3,cluster,3.0,3,0.5854,0.588,0.5854,0.5119,0.544,-0.0,170,0.8,15.79,0.1464,39.4
84,CL5r1,cluster,5.0,1,0.323,0.3298,0.323,0.2761,0.3006,0.0,175,1.0,19.79,0.0712,42.8
84,CL5r2,cluster,5.0,2,0.3049,0.311,0.3049,0.2514,0.2745,0.0,175,0.8,16.45,0.0709,42.8
84,CL5r3,cluster,5.0,3,0.3031,0.3036,0.3031,0.2794,0.3007,0.0,175,0.8,11.64,0.0737,42.7
84,CL7r1,cluster,7.0,1,0.2096,0.2096,0.2096,0.1723,0.1885,-0.0,175,0.8,19.95,0.0435,44.0
84,CL7r2,cluster,7.0,2,0.2009,0.2022,0.2009,0.1602,0.1751,-0.0,175,0.8,23.66,0.043,44.0
84,CL7r3,cluster,7.0,3,0.2129,0.2143,0.2129,0.1884,0.2044,0.0,175,0.8,20.76,0.0451,43.9
84,MU3r1,multi_cluster,3.0,1,0.89,0.89,0.89,0.8485,0.8853,0.0,80,0.8,4.02,0.1906,37.5
84,MU3r2,multi_cluster,3.0,2,1.3125,1.3125,1.3125,1.2422,1.2802,0.0,80,1.0,3.85,0.2197,36.3
84,MU3r3,multi_cluster,3.0,3,0.6004,0.6005,0.6004,0.5811,0.6018,-0.0,160,0.8,11.38,0.1987,37.0
84,MU5r1,multi_cluster,5.0,1,0.4558,0.4559,0.4558,0.4784,0.5104,0.0,75,0.8,5.44,0.0958,41.7
84,MU5r2,multi_cluster,5.0,2,0.5808,0.5808,0.5808,0.616,0.6538,0.0,75,0.8,5.68,0.1093,41.1
84,MU5r3,multi_cluster,5.0,3,0.3203,0.3204,0.3203,0.3397,0.3579,0.0,175,0.8,10.93,0.0995,41.5
84,MU7r1,multi_cluster,7.0,1,0.283,0.2831,0.283,0.2952,0.3192,-0.0,85,0.8,5.38,0.0569,43.4
84,MU7r2,multi_cluster,7.0,2,0.352,0.3521,0.352,0.3716,0.4014,0.0,65,0.8,5.38,0.0651,43.1
84,MU7r3,multi_cluster,7.0,3,0.2109,0.211,0.2109,0.2129,0.2267,0.0,85,0.8,8.59,0.0591,43.3
85,RU3r1,rule_grid,3.0,1,3.9792,3.9794,3.9792,2.4203,2.1257,0.0,45,1.0,0.46,0.2765,30.1
85,RU3r2,rule_grid,3.0,2,2.7878,2.7879,2.7878,1.67,1.4738,0.0,120,1.0,11.97,0.276,29.8
85,RU3r3,rule_grid,3.0,3,3.9947,3.9949,3.9947,2.7907,2.4601,0.0,145,1.0,3.26,0.2749,30.1
85,RU5r1,rule_grid,5.0,1,1.9172,1.9174,1.9172,1.2747,1.1481,-0.0,45,1.0,10.84,0.1327,35.3
85,RU5r2,rule_grid,5.0,2,1.2866,1.2866,1.2866,0.8716,0.7921,0.0,120,1.0,12.4,0.1327,35.1
85,RU5r3,rule_grid,5.0,3,1.852,1.8526,1.852,1.3726,1.238,0.0,145,1.0,8.53,0.1317,35.4
85,RU7r1,rule_grid,7.0,1,1.0974,1.0975,1.0974,0.7661,0.6977,0.0,135,1.0,,0.0786,37.2
85,RU7r2,rule_grid,7.0,2,0.6698,0.6699,0.6698,0.4884,0.4499,0.0,120,1.0,14.37,0.0777,37.1
85,RU7r3,rule_grid,7.0,3,1.1506,1.1506,1.1506,0.8892,0.8156,0.0,145,1.0,8.35,0.0772,37.3
85,BE3r1,belt,3.0,1,7.0595,7.0595,7.0595,5.5231,5.0072,0.0,140,1.0,20.17,0.1723,35.4
85,BE3r2,belt,3.0,2,5.6192,5.6192,5.6192,4.0444,3.5841,0.0,135,1.0,0.71,0.25,31.7
85,BE3r3,belt,3.0,3,5.5727,5.5728,5.5727,4.3429,3.8581,0.0,160,1.0,1.97,0.2494,31.7
85,BE5r1,belt,5.0,1,3.2599,3.2601,3.2599,2.5542,2.3521,0.0,135,1.0,15.36,0.0841,37.8
85,BE5r2,belt,5.0,2,2.6629,2.663,2.6629,1.9468,1.7683,0.0,135,1.0,0.61,0.1202,36.1
85,BE5r3,belt,5.0,3,2.534,2.534,2.534,2.047,1.8689,-0.0,155,1.0,11.48,0.1197,36.1
85,BE7r1,belt,7.0,1,1.902,1.902,1.902,1.5014,1.399,-0.0,135,1.0,10.57,0.0494,38.7
85,BE7r2,belt,7.0,2,1.5966,1.5966,1.5966,1.1938,1.1011,0.0,135,1.0,0.71,0.0706,37.7
85,BE7r3,belt,7.0,3,1.5166,1.5166,1.5166,1.2421,1.1533,0.0,155,1.0,11.48,0.0699,37.7
85,CL3r1,cluster,3.0,1,2.5865,2.5865,2.5865,1.7998,1.6398,0.0,40,1.0,13.26,0.146,35.0
85,CL3r2,cluster,3.0,2,2.4787,2.4791,2.4787,1.7961,1.6357,0.0,130,1.0,10.3,0.1461,35.0
85,CL3r3,cluster,3.0,3,3.1966,3.196,3.1966,2.2295,2.0198,0.0,40,1.0,0.46,0.1527,35.0
85,CL5r1,cluster,5.0,1,1.3328,1.3358,1.3328,0.9697,0.8987,0.0,40,1.0,11.0,0.0707,37.6
85,CL5r2,cluster,5.0,2,1.2844,1.2835,1.2844,0.9437,0.8731,-0.0,130,1.0,11.56,0.0709,37.6
85,CL5r3,cluster,5.0,3,1.5404,1.5408,1.5404,1.1191,1.0365,0.0,40,1.0,1.14,0.0737,37.6
85,CL7r1,cluster,7.0,1,0.8536,0.8536,0.8536,0.6193,0.5792,0.0,40,1.0,11.28,0.0423,38.6
85,CL7r2,cluster,7.0,2,0.811,0.8111,0.811,0.6014,0.5617,0.0,45,1.0,13.72,0.0421,38.6
85,CL7r3,cluster,7.0,3,0.966,0.966,0.966,0.7137,0.6676,-0.0,40,1.0,1.33,0.044,38.6
85,MU3r1,multi_cluster,3.0,1,4.2017,4.2019,4.2017,2.8188,2.5085,-0.0,135,1.0,0.46,0.2035,33.2
85,MU3r2,multi_cluster,3.0,2,5.0118,5.0118,5.0118,3.5294,3.1269,0.0,135,1.0,0.61,0.2328,32.2
85,MU3r3,multi_cluster,3.0,3,3.6766,3.6766,3.6766,2.333,2.0689,0.0,45,1.0,0.77,0.2107,32.7
85,MU5r1,multi_cluster,5.0,1,2.1268,2.1268,2.1268,1.4927,1.3634,-0.0,135,1.0,,0.0984,36.8
85,MU5r2,multi_cluster,5.0,2,2.4182,2.4182,2.4182,1.7429,1.5858,0.0,135,1.0,0.46,0.1119,36.4
85,MU5r3,multi_cluster,5.0,3,1.8695,1.8696,1.8695,1.2708,1.1539,0.0,135,1.0,0.46,0.1017,36.6
85,MU7r1,multi_cluster,7.0,1,1.2737,1.2738,1.2737,0.9251,0.8557,0.0,135,1.0,,0.0573,38.2
85,MU7r2,multi_cluster,7.0,2,1.4458,1.4459,1.4458,1.0697,0.9869,0.0,135,1.0,0.61,0.0654,37.9
85,MU7r3,multi_cluster,7.0,3,1.1239,1.1239,1.1239,0.7998,0.7357,-0.0,135,1.0,1.02,0.0592,38.0
86,RU3r1,rule_grid,3.0,1,5.8744,5.8756,5.8744,3.0477,2.1379,0.0,75,1.0,8.02,0.3867,15.4
86,RU3r2,rule_grid,3.0,2,6.5,6.5,6.5,3.3462,2.2215,0.0,50,1.0,1.64,0.3866,15.5
86,RU3r3,rule_grid,3.0,3,7.8773,7.8778,7.8773,4.2896,2.907,0.0,45,1.0,4.99,0.3846,15.8
86,RU5r1,rule_grid,5.0,1,3.1033,3.1033,3.1033,1.6185,1.1019,0.0,165,1.0,22.26,0.2032,19.5
86,RU5r2,rule_grid,5.0,2,3.4529,3.4528,3.4529,1.7703,1.1568,-0.0,50,1.0,2.05,0.2038,19.6
86,RU5r3,rule_grid,5.0,3,3.814,3.8137,3.814,2.116,1.3957,-0.0,45,1.0,7.4,0.2019,19.7
86,RU7r1,rule_grid,7.0,1,1.8523,1.8523,1.8523,0.9733,0.641,0.0,75,1.0,5.03,0.127,21.1
86,RU7r2,rule_grid,7.0,2,2.0162,2.0162,2.0162,1.0378,0.6594,0.0,50,1.0,10.12,0.1258,21.2
86,RU7r3,rule_grid,7.0,3,2.4128,2.4128,2.4128,1.4196,0.8981,0.0,90,1.0,7.06,0.1246,21.3
86,BE3r1,belt,3.0,1,14.4282,14.4281,14.4282,9.5374,6.3564,0.0,125,1.0,6.28,0.2455,20.5
86,BE3r2,belt,3.0,2,10.5622,10.5624,10.5622,6.2358,4.232,-0.0,125,1.0,8.47,0.352,17.0
86,BE3r3,belt,3.0,3,12.8731,12.8739,12.8731,8.3397,5.5556,0.0,100,1.0,1.04,0.3511,17.4
86,BE5r1,belt,5.0,1,7.1383,7.1382,7.1383,4.6519,2.9511,-0.0,125,1.0,6.28,0.1285,22.2
86,BE5r2,belt,5.0,2,5.3725,5.3728,5.3725,3.2236,2.0604,-0.0,75,1.0,8.01,0.1836,20.4
86,BE5r3,belt,5.0,3,6.4259,6.4259,6.4259,4.1652,2.6268,0.0,105,1.0,1.04,0.183,20.7
86,BE7r1,belt,7.0,1,4.1766,4.1766,4.1766,2.7426,1.701,0.0,125,1.0,8.0,0.0788,22.8
86,BE7r2,belt,7.0,2,3.3949,3.3951,3.3949,2.06,1.2767,-0.0,75,1.0,7.36,0.1133,21.8
86,BE7r3,belt,7.0,3,3.8548,3.8548,3.8548,2.5285,1.5516,-0.0,105,1.0,1.24,0.1122,21.9
86,CL3r1,cluster,3.0,1,6.2151,6.2156,6.2151,3.456,2.0582,-0.0,40,1.0,19.18,0.2232,19.6
86,CL3r2,cluster,3.0,2,6.1343,6.1371,6.1343,3.4941,2.09,0.0,45,1.0,0.79,0.2234,19.6
86,CL3r3,cluster,3.0,3,5.929,5.9245,5.929,3.6146,2.2561,-0.0,160,1.0,2.91,0.2304,19.4
86,CL5r1,cluster,5.0,1,3.3279,3.3262,3.3279,1.8303,1.1119,-0.0,40,1.0,19.46,0.1148,21.7
86,CL5r2,cluster,5.0,2,3.2675,3.2714,3.2675,1.8432,1.1213,-0.0,40,1.0,9.68,0.1149,21.7
86,CL5r3,cluster,5.0,3,3.1555,3.1553,3.1555,1.8875,1.1755,0.0,160,1.0,2.57,0.1186,21.6
86,CL7r1,cluster,7.0,1,2.0452,2.0453,2.0452,1.1619,0.718,0.0,160,1.0,19.8,0.0706,22.5
86,CL7r2,cluster,7.0,2,1.9927,1.9954,1.9927,1.131,0.6944,0.0,40,1.0,17.26,0.0702,22.5
86,CL7r3,cluster,7.0,3,2.0813,2.0814,2.0813,1.2661,0.7865,-0.0,160,1.0,0.92,0.0732,22.5
86,MU3r1,multi_cluster,3.0,1,7.3304,7.3304,7.3304,4.2335,2.7633,0.0,75,1.0,8.24,0.2925,18.0
86,MU3r2,multi_cluster,3.0,2,9.1089,9.1094,9.1089,5.2485,3.5173,-0.0,75,1.0,8.34,0.3302,17.4
86,MU3r3,multi_cluster,3.0,3,5.8278,5.8281,5.8278,3.2662,2.194,-0.0,160,1.0,15.74,0.3036,17.5
86,MU5r1,multi_cluster,5.0,1,4.0115,4.0115,4.0115,2.2634,1.4661,0.0,75,1.0,8.05,0.1509,21.0
86,MU5r2,multi_cluster,5.0,2,4.7401,4.74,4.7401,2.7447,1.7632,-0.0,75,1.0,8.14,0.171,20.6
86,MU5r3,multi_cluster,5.0,3,3.2254,3.2255,3.2254,1.7926,1.1889,-0.0,75,1.0,4.08,0.1565,20.7
86,MU7r1,multi_cluster,7.0,1,2.4955,2.4956,2.4955,1.4143,0.8992,0.0,75,1.0,8.05,0.0916,22.1
86,MU7r2,multi_cluster,7.0,2,2.9738,2.9738,2.9738,1.7373,1.0847,0.0,75,1.0,7.22,0.1048,21.9
86,MU7r3,multi_cluster,7.0,3,2.0392,2.0391,2.0392,1.1447,0.7404,0.0,75,1.0,3.9,0.0951,21.9
87,RU3r1,rule_grid,3.0,1,0.7674,0.7674,0.7674,0.6866,0.791,0.0,170,0.8,23.25,0.2258,41.8
87,RU3r2,rule_grid,3.0,2,0.6673,0.6673,0.6673,0.6286,0.7468,0.0,85,1.0,10.38,0.2252,41.8
87,RU3r3,rule_grid,3.0,3,1.123,1.1234,1.123,1.0283,1.2101,-0.0,90,1.0,3.22,0.2242,42.1
87,RU5r1,rule_grid,5.0,1,0.4626,0.4628,0.4626,0.3573,0.4202,0.0,0,1.0,11.93,0.1091,48.0
87,RU5r2,rule_grid,5.0,2,0.3549,0.355,0.3549,0.3247,0.4058,-0.0,85,1.0,10.2,0.1091,47.9
87,RU5r3,rule_grid,5.0,3,0.5136,0.5138,0.5136,0.4739,0.5764,0.0,90,1.0,3.65,0.1081,48.1
87,RU7r1,rule_grid,7.0,1,0.2948,0.2948,0.2948,0.2272,0.2781,0.0,90,1.0,4.1,0.0648,50.3
87,RU7r2,rule_grid,7.0,2,0.2165,0.2166,0.2165,0.2005,0.2487,0.0,90,1.0,14.75,0.0643,50.3
87,RU7r3,rule_grid,7.0,3,0.3147,0.3146,0.3147,0.2966,0.3804,0.0,90,1.0,3.91,0.0637,50.4
87,BE3r1,belt,3.0,1,2.5322,2.5322,2.5322,2.2962,2.7803,0.0,120,1.0,4.37,0.1353,47.5
87,BE3r2,belt,3.0,2,1.4887,1.4887,1.4887,1.3343,1.578,0.0,115,1.0,5.45,0.2016,43.4
87,BE3r3,belt,3.0,3,1.9671,1.9671,1.9671,1.6588,1.9856,0.0,135,1.0,3.95,0.2011,43.7
87,BE5r1,belt,5.0,1,0.9804,0.9804,0.9804,0.9734,1.2483,0.0,120,1.0,5.13,0.0669,50.5
87,BE5r2,belt,5.0,2,0.6319,0.632,0.6319,0.5531,0.7211,-0.0,90,1.0,12.03,0.0978,48.7
87,BE5r3,belt,5.0,3,0.7606,0.7607,0.7606,0.7293,0.9424,0.0,135,1.0,5.89,0.0973,48.8
87,BE7r1,belt,7.0,1,0.4967,0.4967,0.4967,0.5232,0.6973,-0.0,90,1.0,5.13,0.0396,51.7
87,BE7r2,belt,7.0,2,0.4015,0.4016,0.4015,0.3292,0.4521,-0.0,90,1.0,9.76,0.0577,50.7
87,BE7r3,belt,7.0,3,0.3932,0.3932,0.3932,0.4169,0.5591,-0.0,135,1.0,4.56,0.0571,50.8
87,CL3r1,cluster,3.0,1,0.6714,0.6714,0.6714,0.6124,0.797,0.0,85,1.0,5.55,0.1156,47.7
87,CL3r2,cluster,3.0,2,0.7128,0.7153,0.7128,0.6454,0.8379,0.0,85,1.0,3.76,0.1152,47.8
87,CL3r3,cluster,3.0,3,0.7348,0.7366,0.7348,0.648,0.8293,0.0,175,1.0,33.84,0.1214,47.5
87,CL5r1,cluster,5.0,1,0.3661,0.3671,0.3661,0.3256,0.4331,0.0,90,1.0,7.56,0.0579,50.7
87,CL5r2,cluster,5.0,2,0.394,0.3947,0.394,0.3597,0.4784,0.0,90,1.0,6.08,0.0577,50.7
87,CL5r3,cluster,5.0,3,0.4076,0.4113,0.4076,0.3473,0.4583,0.0,0,1.0,33.78,0.0601,50.6
87,CL7r1,cluster,7.0,1,0.2768,0.2768,0.2768,0.2326,0.3034,-0.0,90,1.0,6.08,0.0352,51.9
87,CL7r2,cluster,7.0,2,0.2755,0.2758,0.2755,0.2341,0.3138,0.0,90,1.0,3.05,0.0348,51.9
87,CL7r3,cluster,7.0,3,0.2877,0.2877,0.2877,0.2401,0.3168,0.0,0,1.0,33.86,0.0365,51.8
87,MU3r1,multi_cluster,3.0,1,0.9245,0.9245,0.9245,0.7628,0.9146,0.0,90,1.0,14.82,0.1605,45.4
87,MU3r2,multi_cluster,3.0,2,1.0809,1.0809,1.0809,0.929,1.1074,0.0,90,1.0,14.83,0.1864,44.1
87,MU3r3,multi_cluster,3.0,3,0.7947,0.7948,0.7947,0.6869,0.825,-0.0,90,1.0,9.55,0.1674,45.0
87,MU5r1,multi_cluster,5.0,1,0.5549,0.555,0.5549,0.4356,0.5356,-0.0,90,1.0,13.67,0.0794,49.6
87,MU5r2,multi_cluster,5.0,2,0.5919,0.5919,0.5919,0.4665,0.5652,-0.0,90,1.0,14.7,0.0908,49.0
87,MU5r3,multi_cluster,5.0,3,0.4944,0.4945,0.4944,0.3826,0.4641,0.0,90,1.0,4.1,0.0825,49.4
87,MU7r1,multi_cluster,7.0,1,0.3576,0.3577,0.3576,0.2805,0.3537,-0.0,90,1.0,11.45,0.0466,51.3
87,MU7r2,multi_cluster,7.0,2,0.3764,0.3764,0.3764,0.2938,0.3688,0.0,90,1.0,12.01,0.0533,50.9
87,MU7r3,multi_cluster,7.0,3,0.3224,0.3225,0.3224,0.2517,0.3136,0.0,90,1.0,4.1,0.0484,51.2
88,RU3r1,rule_grid,3.0,1,0.7746,0.7746,0.7746,0.413,0.3239,0.0,5,1.0,6.4,0.3189,21.6
88,RU3r2,rule_grid,3.0,2,0.7654,0.7654,0.7654,0.4814,0.3897,0.0,90,0.8,19.13,0.3186,21.6
88,RU3r3,rule_grid,3.0,3,0.8331,0.8333,0.8331,0.5962,0.4665,-0.0,120,1.0,9.43,0.3172,21.6
88,RU5r1,rule_grid,5.0,1,0.5327,0.5327,0.5327,0.2831,0.2312,0.0,90,1.0,14.37,0.1589,26.6
88,RU5r2,rule_grid,5.0,2,0.5549,0.555,0.5549,0.3728,0.294,-0.0,90,0.8,19.51,0.1591,26.6
88,RU5r3,rule_grid,5.0,3,0.5165,0.5166,0.5165,0.3678,0.292,0.0,90,1.0,13.75,0.1579,26.6
88,RU7r1,rule_grid,7.0,1,0.3874,0.3874,0.3874,0.219,0.1727,0.0,90,0.8,13.36,0.0963,28.5
88,RU7r2,rule_grid,7.0,2,0.3775,0.3776,0.3775,0.2666,0.2071,0.0,90,0.8,19.66,0.0952,28.5
88,RU7r3,rule_grid,7.0,3,0.3474,0.3474,0.3474,0.2693,0.2097,0.0,90,1.0,16.88,0.0946,28.5
88,BE3r1,belt,3.0,1,3.4373,3.4373,3.4373,1.8987,1.5128,0.0,5,1.0,22.66,0.2017,25.9
88,BE3r2,belt,3.0,2,2.2673,2.2673,2.2673,1.2376,0.9782,0.0,5,1.0,27.73,0.2897,22.8
88,BE3r3,belt,3.0,3,2.0322,2.0321,2.0322,1.1131,0.8792,-0.0,0,1.0,32.34,0.2891,22.8
88,BE5r1,belt,5.0,1,1.5562,1.5562,1.5562,0.8915,0.6915,-0.0,0,1.0,17.36,0.1012,28.7
88,BE5r2,belt,5.0,2,1.1107,1.1108,1.1107,0.6406,0.4994,0.0,0,1.0,17.44,0.144,27.2
88,BE5r3,belt,5.0,3,0.8828,0.8828,0.8828,0.6142,0.4746,0.0,0,1.0,26.52,0.1435,27.1
88,BE7r1,belt,7.0,1,0.9143,0.9143,0.9143,0.5458,0.419,0.0,0,1.0,17.36,0.0605,29.8
88,BE7r2,belt,7.0,2,0.7177,0.7177,0.7177,0.4366,0.3356,0.0,0,1.0,17.47,0.0864,28.9
88,BE7r3,belt,7.0,3,0.524,0.5241,0.524,0.4038,0.3087,-0.0,0,1.0,26.11,0.0856,28.9
88,CL3r1,cluster,3.0,1,0.6981,0.6981,0.6981,0.3762,0.2851,-0.0,90,1.0,3.34,0.1757,26.1
88,CL3r2,cluster,3.0,2,0.5999,0.5995,0.5999,0.3806,0.2798,0.0,95,1.0,7.92,0.1759,26.0
88,CL3r3,cluster,3.0,3,0.6589,0.6625,0.6589,0.3481,0.2644,0.0,95,1.0,13.64,0.1825,25.9
88,CL5r1,cluster,5.0,1,0.483,0.4834,0.483,0.2756,0.2124,0.0,90,1.0,4.1,0.0868,28.8
88,CL5r2,cluster,5.0,2,0.4258,0.4264,0.4258,0.2328,0.1793,-0.0,90,1.0,6.42,0.087,28.8
88,CL5r3,cluster,5.0,3,0.4103,0.4135,0.4103,0.2012,0.1534,0.0,90,1.0,12.35,0.0902,28.7
88,CL7r1,cluster,7.0,1,0.3368,0.3368,0.3368,0.2043,0.1574,0.0,90,0.8,6.53,0.0525,29.9
88,CL7r2,cluster,7.0,2,0.3046,0.3049,0.3046,0.1782,0.1374,-0.0,90,0.8,6.52,0.0523,29.9
88,CL7r3,cluster,7.0,3,0.3126,0.3142,0.3126,0.1677,0.1299,0.0,90,1.0,7.03,0.0546,29.8
88,MU3r1,multi_cluster,3.0,1,1.2128,1.2128,1.2128,0.6607,0.5086,-0.0,5,1.0,22.28,0.2385,24.2
88,MU3r2,multi_cluster,3.0,2,1.8268,1.8268,1.8268,0.9968,0.7809,0.0,5,1.0,27.93,0.2709,23.3
88,MU3r3,multi_cluster,3.0,3,0.7768,0.7769,0.7768,0.4027,0.3127,0.0,95,1.0,12.95,0.2469,23.8
88,MU5r1,multi_cluster,5.0,1,0.7183,0.7183,0.7183,0.3967,0.3123,0.0,0,1.0,17.38,0.1184,27.9
88,MU5r2,multi_cluster,5.0,2,0.9358,0.9358,0.9358,0.5316,0.4167,-0.0,0,1.0,17.44,0.1342,27.5
88,MU5r3,multi_cluster,5.0,3,0.538,0.538,0.538,0.2763,0.2224,-0.0,0,1.0,25.18,0.1223,27.7
88,MU7r1,multi_cluster,7.0,1,0.4888,0.4888,0.4888,0.2858,0.2222,-0.0,0,1.0,13.96,0.0702,29.4
88,MU7r2,multi_cluster,7.0,2,0.6136,0.6137,0.6136,0.3677,0.2841,0.0,0,1.0,11.86,0.0801,29.1
88,MU7r3,multi_cluster,7.0,3,0.3864,0.3864,0.3864,0.2141,0.1685,-0.0,90,0.8,14.34,0.0726,29.3
89,RU3r1,rule_grid,3.0,1,1.1115,1.1115,1.1115,0.5275,0.4579,-0.0,45,1.0,2.78,0.2855,28.4
89,RU3r2,rule_grid,3.0,2,0.5447,0.5447,0.5447,0.3895,0.3332,0.0,135,0.6,16.28,0.2851,28.2
89,RU3r3,rule_grid,3.0,3,1.6239,1.624,1.6239,0.9456,0.8204,-0.0,145,1.0,4.51,0.284,28.6
89,RU5r1,rule_grid,5.0,1,0.5787,0.5788,0.5787,0.3249,0.285,-0.0,135,1.0,7.95,0.1389,34.0
89,RU5r2,rule_grid,5.0,2,0.3556,0.3557,0.3556,0.2272,0.198,-0.0,155,0.6,11.4,0.1389,33.9
89,RU5r3,rule_grid,5.0,3,0.7393,0.7399,0.7393,0.4869,0.4263,-0.0,145,1.0,4.81,0.1379,34.1
89,RU7r1,rule_grid,7.0,1,0.3487,0.3486,0.3487,0.219,0.1923,0.0,135,1.0,21.58,0.083,36.1
89,RU7r2,rule_grid,7.0,2,0.2749,0.275,0.2749,0.1487,0.1308,0.0,155,1.0,16.29,0.082,36.1
89,RU7r3,rule_grid,7.0,3,0.4462,0.4463,0.4462,0.3305,0.2911,0.0,145,1.0,4.86,0.0815,36.2
89,BE3r1,belt,3.0,1,3.9465,3.9466,3.9465,2.5293,2.2352,0.0,0,1.0,17.41,0.1789,33.5
89,BE3r2,belt,3.0,2,2.0036,2.0036,2.0036,1.3778,1.2108,0.0,0,1.0,21.21,0.2586,29.7
89,BE3r3,belt,3.0,3,2.7867,2.7867,2.7867,1.8404,1.6084,0.0,0,1.0,11.86,0.258,29.9
89,BE5r1,belt,5.0,1,1.6448,1.6448,1.6448,1.1363,1.0036,-0.0,0,1.0,12.57,0.0881,36.4
89,BE5r2,belt,5.0,2,0.9029,0.9031,0.9029,0.6701,0.5883,0.0,0,1.0,17.5,0.1258,34.6
89,BE5r3,belt,5.0,3,1.0729,1.073,1.0729,0.8439,0.7417,0.0,0,1.0,11.75,0.1253,34.7
89,BE7r1,belt,7.0,1,0.9175,0.9175,0.9175,0.6597,0.5852,0.0,0,1.0,12.12,0.0521,37.6
89,BE7r2,belt,7.0,2,0.5863,0.5863,0.5863,0.4442,0.393,0.0,0,1.0,12.34,0.0745,36.5
89,BE7r3,belt,7.0,3,0.597,0.597,0.597,0.5086,0.4491,-0.0,0,1.0,11.76,0.0737,36.6
89,CL3r1,cluster,3.0,1,0.6301,0.6301,0.6301,0.4193,0.366,0.0,140,1.0,7.84,0.153,33.5
89,CL3r2,cluster,3.0,2,0.6873,0.6914,0.6873,0.4738,0.4138,0.0,135,1.0,4.69,0.1531,33.5
89,CL3r3,cluster,3.0,3,0.6997,0.6982,0.6997,0.3863,0.3367,0.0,50,1.0,5.91,0.1596,33.2
89,CL5r1,cluster,5.0,1,0.3514,0.351,0.3514,0.2557,0.2263,0.0,135,1.0,6.72,0.0746,36.5
89,CL5r2,cluster,5.0,2,0.3791,0.3789,0.3791,0.2763,0.2445,0.0,135,1.0,16.4,0.0748,36.5
89,CL5r3,cluster,5.0,3,0.359,0.3579,0.359,0.2325,0.2053,0.0,45,1.0,7.2,0.0777,36.3
89,CL7r1,cluster,7.0,1,0.2237,0.2237,0.2237,0.167,0.1485,0.0,135,1.0,7.65,0.0448,37.6
89,CL7r2,cluster,7.0,2,0.2393,0.2391,0.2393,0.1802,0.1602,-0.0,135,1.0,16.16,0.0447,37.6
89,CL7r3,cluster,7.0,3,0.2319,0.2327,0.2319,0.1593,0.1413,0.0,45,1.0,9.41,0.0467,37.5
89,MU3r1,multi_cluster,3.0,1,1.1143,1.1142,1.1143,0.5786,0.5021,0.0,45,1.0,22.75,0.2114,31.3
89,MU3r2,multi_cluster,3.0,2,1.4451,1.4452,1.4451,0.9178,0.8038,0.0,45,1.0,22.94,0.2412,30.2
89,MU3r3,multi_cluster,3.0,3,0.9893,0.9893,0.9893,0.4836,0.4195,0.0,135,1.0,14.45,0.2188,31.0
89,MU5r1,multi_cluster,5.0,1,0.584,0.584,0.584,0.3529,0.3107,0.0,45,1.0,21.55,0.1032,35.4
89,MU5r2,multi_cluster,5.0,2,0.6923,0.6923,0.6923,0.4773,0.4199,-0.0,45,1.0,16.37,0.1171,34.9
89,MU5r3,multi_cluster,5.0,3,0.5303,0.5304,0.5303,0.3061,0.2691,0.0,135,1.0,16.06,0.1066,35.3
89,MU7r1,multi_cluster,7.0,1,0.3609,0.3609,0.3609,0.2381,0.2104,0.0,45,1.0,12.63,0.0605,37.0
89,MU7r2,multi_cluster,7.0,2,0.4324,0.4324,0.4324,0.326,0.2889,-0.0,0,1.0,12.51,0.069,36.7
89,MU7r3,multi_cluster,7.0,3,0.3293,0.3293,0.3293,0.2099,0.1852,0.0,135,1.0,7.16,0.0625,36.9
90,RU3r1,rule_grid,3.0,1,5.1771,5.1773,5.1771,3.0141,2.2181,-0.0,5,1.0,8.35,0.3274,23.6
90,RU3r2,rule_grid,3.0,2,5.2643,5.2642,5.2643,3.034,2.2281,0.0,60,1.0,11.35,0.3269,23.6
90,RU3r3,rule_grid,3.0,3,6.6789,6.6795,6.6789,4.3562,3.1759,0.0,105,1.0,6.18,0.3257,24.0
90,RU5r1,rule_grid,5.0,1,2.7106,2.7108,2.7106,1.6613,1.1904,0.0,95,1.0,9.05,0.1615,28.7
90,RU5r2,rule_grid,5.0,2,2.575,2.575,2.575,1.5299,1.1023,0.0,60,1.0,14.58,0.1616,28.7
90,RU5r3,rule_grid,5.0,3,3.1286,3.1304,3.1286,2.1166,1.514,0.0,105,1.0,6.65,0.1606,28.9
90,RU7r1,rule_grid,7.0,1,1.5755,1.5755,1.5755,0.9951,0.702,0.0,5,1.0,7.62,0.0972,30.6
90,RU7r2,rule_grid,7.0,2,1.4845,1.4845,1.4845,0.9111,0.646,0.0,60,1.0,11.83,0.096,30.6
90,RU7r3,rule_grid,7.0,3,1.9134,1.9134,1.9134,1.3287,0.9355,-0.0,110,1.0,5.22,0.0955,30.7
90,BE3r1,belt,3.0,1,11.4408,11.4408,11.4408,8.4095,6.0946,0.0,145,1.0,-0.0,0.2094,29.4
90,BE3r2,belt,3.0,2,8.8937,8.8939,8.8937,5.8215,4.1998,0.0,145,1.0,4.5,0.2983,25.5
90,BE3r3,belt,3.0,3,10.2016,10.2019,10.2016,7.1092,5.1153,0.0,120,1.0,0.46,0.2976,25.8
90,BE5r1,belt,5.0,1,5.38,5.38,5.38,3.9884,2.8205,0.0,145,1.0,-0.0,0.1038,31.5
90,BE5r2,belt,5.0,2,4.1509,4.1507,4.1509,2.8097,1.9757,-0.0,145,1.0,6.11,0.1468,29.6
90,BE5r3,belt,5.0,3,4.7465,4.7465,4.7465,3.3561,2.3618,-0.0,120,1.0,0.61,0.1463,29.8
90,BE7r1,belt,7.0,1,3.0682,3.0682,3.0682,2.2982,1.6134,0.0,145,1.0,4.5,0.0617,32.3
90,BE7r2,belt,7.0,2,2.4691,2.4691,2.4691,1.7229,1.2008,0.0,145,1.0,7.75,0.0875,31.2
90,BE7r3,belt,7.0,3,2.7592,2.7591,2.7592,1.996,1.3913,0.0,120,1.0,0.82,0.0867,31.3
90,CL3r1,cluster,3.0,1,4.5991,4.5994,4.5991,2.9159,1.9914,0.0,60,1.0,8.5,0.1809,28.6
90,CL3r2,cluster,3.0,2,4.548,4.5478,4.548,2.9118,1.9919,-0.0,60,1.0,4.91,0.181,28.6
90,CL3r3,cluster,3.0,3,3.9955,3.9933,3.9955,2.7154,1.8975,-0.0,0,1.0,25.61,0.1877,28.2
90,CL5r1,cluster,5.0,1,2.2651,2.2647,2.2651,1.51,1.0532,0.0,60,1.0,8.26,0.0876,31.1
90,CL5r2,cluster,5.0,2,2.2535,2.2602,2.2535,1.4979,1.0452,0.0,60,1.0,8.02,0.0879,31.1
90,CL5r3,cluster,5.0,3,2.0491,2.0491,2.0491,1.421,1.0001,0.0,0,1.0,16.3,0.0912,30.9
90,CL7r1,cluster,7.0,1,1.3522,1.3522,1.3522,0.9153,0.643,-0.0,60,1.0,8.99,0.0525,32.0
90,CL7r2,cluster,7.0,2,1.3455,1.3481,1.3455,0.9048,0.6329,0.0,60,1.0,8.1,0.0524,32.0
90,CL7r3,cluster,7.0,3,1.3179,1.3178,1.3179,0.928,0.6521,-0.0,0,1.0,16.3,0.0547,31.9
90,MU3r1,multi_cluster,3.0,1,5.6422,5.6423,5.6422,3.6359,2.5928,0.0,95,1.0,8.12,0.2467,26.5
90,MU3r2,multi_cluster,3.0,2,7.5247,7.525,7.5247,4.7829,3.435,0.0,145,1.0,6.11,0.2794,25.8
90,MU3r3,multi_cluster,3.0,3,4.7594,4.7595,4.7594,2.8819,2.0912,0.0,5,1.0,13.44,0.2547,26.0
90,MU5r1,multi_cluster,5.0,1,2.9896,2.9897,2.9896,1.9865,1.409,-0.0,95,1.0,8.4,0.1209,30.2
90,MU5r2,multi_cluster,5.0,2,3.5751,3.5751,3.5751,2.4131,1.7109,0.0,145,1.0,7.75,0.1369,29.8
90,MU5r3,multi_cluster,5.0,3,2.5823,2.5824,2.5823,1.632,1.1653,0.0,95,1.0,5.16,0.1247,30.0
90,MU7r1,multi_cluster,7.0,1,1.7948,1.7949,1.7948,1.2224,0.8601,0.0,95,1.0,8.4,0.0713,31.5
90,MU7r2,multi_cluster,7.0,2,2.1247,2.1248,2.1247,1.4855,1.0419,-0.0,95,1.0,8.2,0.0812,31.3
90,MU7r3,multi_cluster,7.0,3,1.5635,1.5635,1.5635,1.0226,0.7218,0.0,95,1.0,5.16,0.0736,31.4
91,RU3r1,rule_grid,3.0,1,3.5433,3.5433,3.5433,2.1376,1.6286,0.0,40,1.0,1.33,0.3215,22.6
91,RU3r2,rule_grid,3.0,2,4.1152,4.1155,4.1152,2.4606,1.8387,0.0,35,1.0,7.88,0.321,22.7
91,RU3r3,rule_grid,3.0,3,4.1186,4.119,4.1186,2.4339,1.8613,0.0,145,1.0,8.29,0.3199,22.8
91,RU5r1,rule_grid,5.0,1,1.7428,1.7428,1.7428,1.0766,0.8013,0.0,40,1.0,1.37,0.1588,27.5
91,RU5r2,rule_grid,5.0,2,2.0489,2.0489,2.0489,1.3058,0.9527,-0.0,30,1.0,8.86,0.1589,27.6
91,RU5r3,rule_grid,5.0,3,2.0426,2.0423,2.0426,1.2947,0.9611,0.0,145,1.0,11.3,0.1579,27.6
91,RU7r1,rule_grid,7.0,1,1.0352,1.0353,1.0352,0.6365,0.4648,0.0,40,1.0,12.36,0.0957,29.4
91,RU7r2,rule_grid,7.0,2,1.1839,1.1839,1.1839,0.7739,0.556,-0.0,30,1.0,15.21,0.0946,29.5
91,RU7r3,rule_grid,7.0,3,1.2261,1.2261,1.2261,0.8062,0.5857,0.0,145,1.0,8.68,0.0941,29.5
91,BE3r1,belt,3.0,1,8.035,8.035,8.035,5.795,4.3377,0.0,130,1.0,1.26,0.2061,27.6
91,BE3r2,belt,3.0,2,5.8901,5.8902,5.8901,4.0076,3.0112,0.0,130,1.0,1.02,0.2931,24.1
91,BE3r3,belt,3.0,3,5.6251,5.6251,5.6251,3.4874,2.6023,0.0,155,1.0,6.64,0.2924,24.0
91,BE5r1,belt,5.0,1,3.795,3.795,3.795,2.7306,1.9805,0.0,130,1.0,1.17,0.1022,30.0
91,BE5r2,belt,5.0,2,2.7872,2.7871,2.7872,1.9048,1.3852,-0.0,130,1.0,1.36,0.1444,28.3
91,BE5r3,belt,5.0,3,2.7612,2.7612,2.7612,1.8097,1.3162,-0.0,155,1.0,6.52,0.1439,28.3
91,BE7r1,belt,7.0,1,2.2086,2.2086,2.2086,1.5895,1.1397,-0.0,130,1.0,1.36,0.0608,30.9
91,BE7r2,belt,7.0,2,1.7203,1.7204,1.7203,1.1799,0.8443,0.0,130,1.0,1.37,0.0862,29.9
91,BE7r3,belt,7.0,3,1.6626,1.6626,1.6626,1.1224,0.8037,-0.0,155,1.0,6.52,0.0854,29.9
91,CL3r1,cluster,3.0,1,3.639,3.6392,3.639,2.3199,1.6283,0.0,40,1.0,0.71,0.178,27.4
91,CL3r2,cluster,3.0,2,3.3762,3.3763,3.3762,2.1442,1.504,-0.0,40,1.0,0.71,0.1781,27.3
91,CL3r3,cluster,3.0,3,3.3618,3.3665,3.3618,2.1498,1.539,0.0,40,1.0,0.71,0.1846,27.1
91,CL5r1,cluster,5.0,1,1.8084,1.81,1.8084,1.197,0.8527,-0.0,40,1.0,1.04,0.0864,29.9
91,CL5r2,cluster,5.0,2,1.7302,1.736,1.7302,1.1296,0.8055,0.0,40,1.0,0.79,0.0867,29.9
91,CL5r3,cluster,5.0,3,1.6704,1.6698,1.6704,1.0951,0.7854,0.0,40,1.0,7.14,0.0899,29.8
91,CL7r1,cluster,7.0,1,1.1171,1.1171,1.1171,0.74,0.5271,0.0,40,1.0,1.04,0.0519,30.8
91,CL7r2,cluster,7.0,2,1.0635,1.0658,1.0635,0.6986,0.4979,0.0,40,1.0,1.04,0.0518,30.8
91,CL7r3,cluster,7.0,3,1.0637,1.0655,1.0637,0.7078,0.5056,0.0,40,1.0,1.04,0.054,30.7
91,MU3r1,multi_cluster,3.0,1,4.3725,4.3725,4.3725,2.8134,2.063,0.0,130,1.0,0.92,0.2425,25.4
91,MU3r2,multi_cluster,3.0,2,5.2133,5.2134,5.2133,3.4888,2.6,0.0,130,1.0,0.98,0.2745,24.5
91,MU3r3,multi_cluster,3.0,3,3.6444,3.6445,3.6444,2.2274,1.6536,0.0,130,1.0,14.87,0.2503,25.0
91,MU5r1,multi_cluster,5.0,1,2.1763,2.1764,2.1763,1.416,1.0322,-0.0,130,1.0,1.37,0.119,28.9
91,MU5r2,multi_cluster,5.0,2,2.4907,2.4909,2.4907,1.6667,1.2169,0.0,130,1.0,1.37,0.1347,28.5
91,MU5r3,multi_cluster,5.0,3,1.8327,1.8328,1.8327,1.146,0.8438,-0.0,130,1.0,14.48,0.1227,28.7
91,MU7r1,multi_cluster,7.0,1,1.3217,1.3217,1.3217,0.8613,0.6214,0.0,130,1.0,1.23,0.0703,30.3
91,MU7r2,multi_cluster,7.0,2,1.5285,1.5286,1.5285,1.0253,0.7363,0.0,130,1.0,1.37,0.08,30.0
91,MU7r3,multi_cluster,7.0,3,1.1254,1.1254,1.1254,0.7082,0.5142,0.0,130,1.0,1.23,0.0725,30.2
92,RU3r1,rule_grid,3.0,1,1.0591,1.0591,1.0591,0.4953,0.4394,-0.0,45,1.0,4.13,0.2761,30.1
92,RU3r2,rule_grid,3.0,2,0.6307,0.6307,0.6307,0.4185,0.3713,0.0,135,0.8,19.98,0.2757,30.0
92,RU3r3,rule_grid,3.0,3,1.5588,1.5589,1.5588,0.9512,0.8472,0.0,145,1.0,4.05,0.2746,30.3
92,RU5r1,rule_grid,5.0,1,0.5025,0.5026,0.5025,0.2814,0.255,-0.0,135,1.0,9.53,0.1331,35.8
92,RU5r2,rule_grid,5.0,2,0.4396,0.4396,0.4396,0.2371,0.2164,0.0,155,1.0,22.36,0.1331,35.8
92,RU5r3,rule_grid,5.0,3,0.73,0.7307,0.73,0.4751,0.4312,-0.0,145,1.0,3.85,0.1322,36.0
92,RU7r1,rule_grid,7.0,1,0.2766,0.2765,0.2766,0.1806,0.165,-0.0,135,1.0,3.91,0.0791,38.0
92,RU7r2,rule_grid,7.0,2,0.3313,0.3314,0.3313,0.1477,0.1348,0.0,155,1.0,21.48,0.0782,38.0
92,RU7r3,rule_grid,7.0,3,0.4457,0.4457,0.4457,0.3162,0.2911,-0.0,145,1.0,11.75,0.0777,38.1
92,BE3r1,belt,3.0,1,3.9364,3.9365,3.9364,2.3995,2.1806,0.0,5,1.0,17.21,0.1725,35.4
92,BE3r2,belt,3.0,2,1.9123,1.9123,1.9123,1.2303,1.1069,0.0,0,1.0,24.48,0.2499,31.4
92,BE3r3,belt,3.0,3,2.757,2.757,2.757,1.8907,1.6971,0.0,5,1.0,17.18,0.2492,31.7
92,BE5r1,belt,5.0,1,1.5751,1.5752,1.5751,1.0326,0.9481,0.0,0,1.0,17.83,0.0844,38.3
92,BE5r2,belt,5.0,2,0.8145,0.8147,0.8145,0.5618,0.5135,0.0,0,1.0,21.22,0.1206,36.5
92,BE5r3,belt,5.0,3,1.0244,1.0244,1.0244,0.8477,0.7766,0.0,5,1.0,25.41,0.1201,36.6
92,BE7r1,belt,7.0,1,0.8664,0.8663,0.8664,0.5835,0.5416,0.0,0,1.0,12.84,0.0497,39.4
92,BE7r2,belt,7.0,2,0.5353,0.5354,0.5353,0.3642,0.3383,0.0,0,1.0,17.53,0.071,38.4
92,BE7r3,belt,7.0,3,0.5569,0.5569,0.5569,0.5047,0.4674,0.0,0,1.0,27.05,0.0703,38.5
92,CL3r1,cluster,3.0,1,0.6422,0.6422,0.6422,0.4611,0.4221,0.0,140,1.0,9.05,0.1465,35.3
92,CL3r2,cluster,3.0,2,0.6602,0.6659,0.6602,0.477,0.4367,0.0,140,1.0,3.97,0.1466,35.3
92,CL3r3,cluster,3.0,3,0.7016,0.7006,0.7016,0.4703,0.4269,0.0,50,1.0,3.89,0.1531,35.1
92,CL5r1,cluster,5.0,1,0.2935,0.2931,0.2935,0.232,0.2158,0.0,135,1.0,7.9,0.0711,38.3
92,CL5r2,cluster,5.0,2,0.3183,0.3181,0.3183,0.2488,0.2313,-0.0,135,1.0,6.06,0.0713,38.3
92,CL5r3,cluster,5.0,3,0.306,0.305,0.306,0.2437,0.2254,-0.0,45,1.0,4.24,0.0741,38.2
92,CL7r1,cluster,7.0,1,0.1709,0.171,0.1709,0.1437,0.1343,-0.0,135,0.8,6.35,0.0427,39.5
92,CL7r2,cluster,7.0,2,0.1869,0.1867,0.1869,0.1529,0.143,0.0,135,1.0,4.62,0.0425,39.5
92,CL7r3,cluster,7.0,3,0.1833,0.1842,0.1833,0.1549,0.1443,0.0,45,0.8,7.97,0.0444,39.4
92,MU3r1,multi_cluster,3.0,1,1.0793,1.0793,1.0793,0.6794,0.6089,-0.0,45,1.0,20.8,0.2036,33.1
92,MU3r2,multi_cluster,3.0,2,1.5046,1.5046,1.5046,0.9602,0.859,0.0,155,1.0,26.24,0.2328,32.0
92,MU3r3,multi_cluster,3.0,3,0.9309,0.9309,0.9309,0.484,0.4323,-0.0,135,1.0,14.8,0.2108,32.8
92,MU5r1,multi_cluster,5.0,1,0.5165,0.5165,0.5165,0.3768,0.3453,0.0,45,1.0,23.77,0.0988,37.3
92,MU5r2,multi_cluster,5.0,2,0.634,0.634,0.634,0.4786,0.4374,0.0,155,1.0,24.21,0.1123,36.8
92,MU5r3,multi_cluster,5.0,3,0.4561,0.4561,0.4561,0.2855,0.2602,-0.0,135,1.0,4.72,0.102,37.1
92,MU7r1,multi_cluster,7.0,1,0.2966,0.2966,0.2966,0.2346,0.217,-0.0,45,1.0,19.76,0.0577,38.9
92,MU7r2,multi_cluster,7.0,2,0.3862,0.3862,0.3862,0.294,0.2715,0.0,0,1.0,17.33,0.0659,38.6
92,MU7r3,multi_cluster,7.0,3,0.2618,0.2619,0.2618,0.1832,0.1684,-0.0,135,1.0,4.31,0.0596,38.8
93,RU3r1,rule_grid,3.0,1,1.1394,1.1393,1.1394,0.9668,1.0974,0.0,165,1.0,4.3,0.2312,41.5
93,RU3r2,rule_grid,3.0,2,1.3748,1.3753,1.3748,0.9996,1.1296,0.0,160,1.0,8.14,0.2306,41.6
93,RU3r3,rule_grid,3.0,3,1.7653,1.7657,1.7653,1.5556,1.7862,-0.0,90,1.0,1.49,0.2295,41.8
93,RU5r1,rule_grid,5.0,1,0.5242,0.5244,0.5242,0.5013,0.5928,0.0,75,1.0,14.71,0.1119,47.6
93,RU5r2,rule_grid,5.0,2,0.6298,0.6299,0.6298,0.5229,0.6155,-0.0,160,0.8,8.07,0.1119,47.7
93,RU5r3,rule_grid,5.0,3,0.8103,0.8105,0.8103,0.7532,0.8989,0.0,90,1.0,7.65,0.1108,47.8
93,RU7r1,rule_grid,7.0,1,0.2788,0.2788,0.2788,0.2894,0.3513,0.0,75,1.0,12.81,0.0664,49.9
93,RU7r2,rule_grid,7.0,2,0.3586,0.3586,0.3586,0.301,0.3658,0.0,165,0.8,8.44,0.0659,50.0
93,RU7r3,rule_grid,7.0,3,0.4795,0.4795,0.4795,0.4572,0.5676,-0.0,90,1.0,7.62,0.0653,50.1
93,BE3r1,belt,3.0,1,2.1634,2.1635,2.1634,2.1672,2.627,0.0,130,1.0,9.53,0.1385,46.9
93,BE3r2,belt,3.0,2,1.6258,1.6257,1.6258,1.4556,1.7025,0.0,130,1.0,8.83,0.2064,43.0
93,BE3r3,belt,3.0,3,2.1914,2.1915,2.1914,1.8054,2.1162,0.0,100,1.0,5.21,0.2058,43.3
93,BE5r1,belt,5.0,1,0.833,0.833,0.833,0.9772,1.2455,-0.0,130,1.0,9.79,0.0686,50.1
93,BE5r2,belt,5.0,2,0.6399,0.64,0.6399,0.6886,0.8459,0.0,75,1.0,9.27,0.1003,48.3
93,BE5r3,belt,5.0,3,0.9386,0.9386,0.9386,0.8189,1.0168,0.0,95,1.0,7.26,0.0997,48.5
93,BE7r1,belt,7.0,1,0.4267,0.4267,0.4267,0.5349,0.7044,0.0,125,1.0,10.22,0.0405,51.4
93,BE7r2,belt,7.0,2,0.3702,0.3702,0.3702,0.4162,0.5243,-0.0,75,1.0,10.52,0.0592,50.4
93,BE7r3,belt,7.0,3,0.5078,0.5078,0.5078,0.4658,0.6027,-0.0,100,1.0,7.68,0.0585,50.5
93,CL3r1,cluster,3.0,1,0.7024,0.7025,0.7024,0.6936,0.8697,0.0,160,1.0,16.19,0.1186,47.3
93,CL3r2,cluster,3.0,2,0.5942,0.6047,0.5942,0.6064,0.7626,-0.0,160,1.0,18.27,0.1182,47.3
93,CL3r3,cluster,3.0,3,0.7491,0.7518,0.7491,0.8059,1.0069,0.0,160,1.0,12.58,0.1245,47.0
93,CL5r1,cluster,5.0,1,0.3414,0.3461,0.3414,0.3745,0.4794,-0.0,165,1.0,18.88,0.0594,50.3
93,CL5r2,cluster,5.0,2,0.3292,0.3334,0.3292,0.3678,0.4717,0.0,165,1.0,18.88,0.0592,50.3
93,CL5r3,cluster,5.0,3,0.3782,0.3784,0.3782,0.4416,0.5648,-0.0,165,1.0,12.14,0.0616,50.2
93,CL7r1,cluster,7.0,1,0.2284,0.2285,0.2284,0.2611,0.3368,0.0,165,1.0,17.21,0.0361,51.5
93,CL7r2,cluster,7.0,2,0.2117,0.2124,0.2117,0.2507,0.3249,0.0,165,1.0,18.69,0.0356,51.5
93,CL7r3,cluster,7.0,3,0.2388,0.2402,0.2388,0.2946,0.3821,-0.0,165,1.0,16.54,0.0374,51.5
93,MU3r1,multi_cluster,3.0,1,1.0636,1.0636,1.0636,1.0448,1.2442,0.0,75,1.0,12.2,0.1644,45.0
93,MU3r2,multi_cluster,3.0,2,1.2324,1.2324,1.2324,1.2386,1.4468,0.0,130,1.0,9.97,0.1908,43.7
93,MU3r3,multi_cluster,3.0,3,0.9752,0.9752,0.9752,0.9069,1.0653,-0.0,75,1.0,3.7,0.1714,44.6
93,MU5r1,multi_cluster,5.0,1,0.5516,0.5516,0.5516,0.5832,0.7164,0.0,75,1.0,11.54,0.0813,49.3
93,MU5r2,multi_cluster,5.0,2,0.5966,0.5967,0.5966,0.6374,0.7788,-0.0,75,1.0,11.42,0.093,48.7
93,MU5r3,multi_cluster,5.0,3,0.5063,0.5063,0.5063,0.5158,0.6236,0.0,75,1.0,10.63,0.0845,49.1
93,MU7r1,multi_cluster,7.0,1,0.3184,0.3184,0.3184,0.3595,0.4514,0.0,75,1.0,12.18,0.0478,50.9
93,MU7r2,multi_cluster,7.0,2,0.3428,0.3428,0.3428,0.386,0.4848,-0.0,75,1.0,11.05,0.0547,50.6
93,MU7r3,multi_cluster,7.0,3,0.2908,0.2909,0.2908,0.3209,0.3975,0.0,75,1.0,12.7,0.0496,50.8
94,RU3r1,rule_grid,3.0,1,1.5308,1.5307,1.5308,0.9733,0.8108,-0.0,30,1.0,10.36,0.3132,22.8
94,RU3r2,rule_grid,3.0,2,1.3852,1.3855,1.3852,0.7613,0.6284,0.0,135,1.0,14.78,0.3129,22.8
94,RU3r3,rule_grid,3.0,3,2.7037,2.7037,2.7037,1.7421,1.4335,-0.0,130,1.0,1.77,0.3114,23.2
94,RU5r1,rule_grid,5.0,1,0.7658,0.766,0.7658,0.5497,0.458,0.0,120,1.0,8.38,0.1571,27.8
94,RU5r2,rule_grid,5.0,2,0.7696,0.7698,0.7696,0.3935,0.3257,0.0,125,1.0,14.45,0.1573,27.8
94,RU5r3,rule_grid,5.0,3,1.18,1.1808,1.18,0.7966,0.6588,-0.0,130,1.0,2.16,0.1559,28.0
94,RU7r1,rule_grid,7.0,1,0.4498,0.4498,0.4498,0.3291,0.2729,-0.0,120,1.0,4.12,0.0955,29.8
94,RU7r2,rule_grid,7.0,2,0.4677,0.4677,0.4677,0.2362,0.1964,-0.0,125,1.0,21.27,0.0945,29.8
94,RU7r3,rule_grid,7.0,3,0.6934,0.6935,0.6934,0.4951,0.4089,0.0,130,1.0,2.48,0.0937,29.9
94,BE3r1,belt,3.0,1,6.07,6.07,6.07,4.5267,3.8085,0.0,165,1.0,11.15,0.1947,28.0
94,BE3r2,belt,3.0,2,3.792,3.7922,3.792,2.6078,2.1756,0.0,165,1.0,11.15,0.2831,24.4
94,BE3r3,belt,3.0,3,4.5568,4.5572,4.5568,2.9502,2.4559,0.0,5,1.0,1.81,0.2824,24.6
94,BE5r1,belt,5.0,1,2.6187,2.6186,2.6187,2.0372,1.6977,0.0,165,1.0,11.15,0.0986,30.3
94,BE5r2,belt,5.0,2,1.6749,1.6749,1.6749,1.2033,0.9935,0.0,160,1.0,15.98,0.1417,28.6
94,BE5r3,belt,5.0,3,2.032,2.032,2.032,1.3862,1.1464,0.0,5,1.0,10.76,0.1412,28.7
94,BE7r1,belt,7.0,1,1.4439,1.4439,1.4439,1.1485,0.9544,0.0,160,1.0,11.17,0.0592,31.3
94,BE7r2,belt,7.0,2,0.9924,0.9924,0.9924,0.7406,0.6111,0.0,160,1.0,11.17,0.0853,30.3
94,BE7r3,belt,7.0,3,1.176,1.176,1.176,0.8382,0.6929,0.0,0,1.0,10.81,0.0844,30.3
94,CL3r1,cluster,3.0,1,1.369,1.369,1.369,0.8487,0.6902,-0.0,125,1.0,2.02,0.171,27.5
94,CL3r2,cluster,3.0,2,1.4381,1.4474,1.4381,0.9007,0.7336,0.0,125,1.0,2.02,0.1711,27.5
94,CL3r3,cluster,3.0,3,1.2501,1.2602,1.2501,0.7785,0.637,-0.0,35,1.0,3.89,0.1781,27.3
94,CL5r1,cluster,5.0,1,0.7311,0.7317,0.7311,0.5124,0.4228,0.0,120,1.0,1.71,0.0859,30.2
94,CL5r2,cluster,5.0,2,0.7621,0.7628,0.7621,0.531,0.4382,0.0,125,1.0,1.9,0.086,30.2
94,CL5r3,cluster,5.0,3,0.6647,0.6633,0.6647,0.4597,0.3798,-0.0,35,1.0,4.47,0.0891,30.0
94,CL7r1,cluster,7.0,1,0.4534,0.4534,0.4534,0.324,0.2689,-0.0,120,1.0,2.09,0.0522,31.2
94,CL7r2,cluster,7.0,2,0.4657,0.4659,0.4657,0.3357,0.2785,0.0,120,1.0,2.13,0.0519,31.2
94,CL7r3,cluster,7.0,3,0.4233,0.4249,0.4233,0.3059,0.2538,0.0,35,1.0,3.24,0.0543,31.1
94,MU3r1,multi_cluster,3.0,1,1.7687,1.7687,1.7687,1.1259,0.9284,0.0,30,1.0,21.52,0.2315,25.6
94,MU3r2,multi_cluster,3.0,2,2.8205,2.8205,2.8205,1.9058,1.5834,0.0,160,1.0,19.17,0.2641,24.8
94,MU3r3,multi_cluster,3.0,3,1.3946,1.3947,1.3946,0.9291,0.7677,0.0,120,1.0,5.11,0.2404,25.2
94,MU5r1,multi_cluster,5.0,1,0.9413,0.9413,0.9413,0.6621,0.5501,0.0,30,1.0,17.8,0.116,29.2
94,MU5r2,multi_cluster,5.0,2,1.2804,1.2804,1.2804,0.9045,0.7486,0.0,160,1.0,15.76,0.1318,28.8
94,MU5r3,multi_cluster,5.0,3,0.7623,0.7623,0.7623,0.5556,0.462,0.0,120,1.0,4.18,0.1202,29.0
94,MU7r1,multi_cluster,7.0,1,0.5782,0.5782,0.5782,0.4168,0.3463,0.0,30,1.0,17.61,0.069,30.7
94,MU7r2,multi_cluster,7.0,2,0.7496,0.7496,0.7496,0.5476,0.4529,0.0,160,1.0,15.76,0.0789,30.4
94,MU7r3,multi_cluster,7.0,3,0.4753,0.4753,0.4753,0.3519,0.2924,0.0,120,1.0,12.64,0.0715,30.5
95,RU3r1,rule_grid,3.0,1,0.5404,0.5403,0.5404,0.4894,0.5632,0.0,135,1.0,3.9,0.2165,43.3
95,RU3r2,rule_grid,3.0,2,0.4701,0.4702,0.4701,0.3712,0.4123,0.0,130,1.0,10.64,0.2159,43.3
95,RU3r3,rule_grid,3.0,3,1.1191,1.1195,1.1191,1.0155,1.1912,-0.0,60,1.0,4.62,0.2151,43.6
95,RU5r1,rule_grid,5.0,1,0.2527,0.2528,0.2527,0.2402,0.2853,0.0,45,1.0,13.84,0.1016,49.5
95,RU5r2,rule_grid,5.0,2,0.2232,0.2233,0.2232,0.2048,0.2381,0.0,130,1.0,12.77,0.1014,49.5
95,RU5r3,rule_grid,5.0,3,0.4599,0.46,0.4599,0.452,0.5602,0.0,60,1.0,4.32,0.1006,49.7
95,RU7r1,rule_grid,7.0,1,0.1361,0.1361,0.1361,0.1419,0.1758,0.0,45,0.8,9.86,0.0593,51.8
95,RU7r2,rule_grid,7.0,2,0.1104,0.1104,0.1104,0.1191,0.1459,0.0,30,1.0,15.95,0.0586,51.8
95,RU7r3,rule_grid,7.0,3,0.2675,0.2675,0.2675,0.2738,0.358,0.0,60,1.0,5.08,0.0582,51.9
95,BE3r1,belt,3.0,1,2.7586,2.7586,2.7586,2.4382,2.9005,0.0,100,1.0,4.12,0.1315,49.0
95,BE3r2,belt,3.0,2,1.6064,1.6064,1.6064,1.3611,1.5895,-0.0,100,1.0,4.79,0.1941,45.0
95,BE3r3,belt,3.0,3,1.9282,1.9283,1.9282,1.8959,2.2179,0.0,80,1.0,3.2,0.1935,45.2
95,BE5r1,belt,5.0,1,1.0674,1.0674,1.0674,0.9778,1.2588,0.0,100,1.0,4.57,0.0632,52.0
95,BE5r2,belt,5.0,2,0.5777,0.5777,0.5777,0.5438,0.7087,0.0,100,1.0,6.39,0.0914,50.2
95,BE5r3,belt,5.0,3,0.7691,0.7691,0.7691,0.791,1.0105,-0.0,90,1.0,3.62,0.091,50.3
95,BE7r1,belt,7.0,1,0.5534,0.5534,0.5534,0.5211,0.7016,0.0,95,1.0,5.44,0.0367,53.2
95,BE7r2,belt,7.0,2,0.3203,0.3203,0.3203,0.3149,0.4365,0.0,95,1.0,7.07,0.053,52.2
95,BE7r3,belt,7.0,3,0.4409,0.4409,0.4409,0.4472,0.5994,-0.0,90,1.0,3.62,0.0524,52.3
95,CL3r1,cluster,3.0,1,0.2982,0.2983,0.2982,0.3563,0.464,0.0,135,0.8,15.66,0.1091,49.1
95,CL3r2,cluster,3.0,2,0.3253,0.3254,0.3253,0.4074,0.5347,0.0,45,1.0,4.77,0.109,49.1
95,CL3r3,cluster,3.0,3,0.392,0.393,0.392,0.4743,0.6093,-0.0,135,1.0,3.95,0.1149,48.8
95,CL5r1,cluster,5.0,1,0.1756,0.1764,0.1756,0.1926,0.2558,0.0,20,0.8,20.24,0.053,52.1
95,CL5r2,cluster,5.0,2,0.1707,0.1714,0.1707,0.2229,0.2962,0.0,45,0.8,9.64,0.053,52.1
95,CL5r3,cluster,5.0,3,0.1923,0.1925,0.1923,0.2377,0.3152,0.0,135,0.6,10.03,0.0553,52.0
95,CL7r1,cluster,7.0,1,0.1039,0.1039,0.1039,0.1304,0.1743,0.0,135,0.6,13.75,0.0317,53.3
95,CL7r2,cluster,7.0,2,0.1086,0.1088,0.1086,0.1435,0.1928,0.0,45,0.8,9.72,0.0314,53.3
95,CL7r3,cluster,7.0,3,0.1197,0.1201,0.1197,0.1522,0.2039,-0.0,135,0.6,13.17,0.033,53.2
95,MU3r1,multi_cluster,3.0,1,0.5682,0.5683,0.5682,0.6128,0.7437,0.0,50,1.0,10.07,0.1549,46.7
95,MU3r2,multi_cluster,3.0,2,1.1054,1.1054,1.1054,0.9325,1.1023,-0.0,100,1.0,8.09,0.1795,45.6
95,MU3r3,multi_cluster,3.0,3,0.4883,0.4884,0.4883,0.4948,0.5918,0.0,45,1.0,9.7,0.1609,46.3
95,MU5r1,multi_cluster,5.0,1,0.2727,0.2727,0.2727,0.3097,0.3929,-0.0,45,1.0,10.47,0.0744,51.0
95,MU5r2,multi_cluster,5.0,2,0.4184,0.4184,0.4184,0.4164,0.5235,0.0,105,1.0,8.78,0.0849,50.5
95,MU5r3,multi_cluster,5.0,3,0.2433,0.2433,0.2433,0.2524,0.3089,0.0,45,1.0,10.44,0.077,50.8
95,MU7r1,multi_cluster,7.0,1,0.1603,0.1604,0.1603,0.1836,0.2404,0.0,45,0.8,8.74,0.0429,52.7
95,MU7r2,multi_cluster,7.0,2,0.2379,0.2379,0.2379,0.2433,0.3207,0.0,110,1.0,8.11,0.0491,52.4
95,MU7r3,multi_cluster,7.0,3,0.1403,0.1403,0.1403,0.1562,0.1979,-0.0,45,0.8,13.75,0.0444,52.6
96,RU3r1,rule_grid,3.0,1,0.7965,0.7965,0.7965,0.8169,0.8282,-0.0,170,0.8,18.93,0.2658,34.9
96,RU3r2,rule_grid,3.0,2,0.6498,0.6498,0.6498,0.5082,0.5205,0.0,85,1.0,14.64,0.2654,34.9
96,RU3r3,rule_grid,3.0,3,1.3027,1.3033,1.3027,1.0788,1.0986,-0.0,90,1.0,2.38,0.2641,35.2
96,RU5r1,rule_grid,5.0,1,0.4407,0.4409,0.4407,0.4437,0.4557,0.0,85,0.8,10.54,0.132,41.1
96,RU5r2,rule_grid,5.0,2,0.3465,0.3465,0.3465,0.2927,0.3026,-0.0,85,1.0,11.1,0.1322,41.1
96,RU5r3,rule_grid,5.0,3,0.5897,0.5899,0.5897,0.5195,0.5381,-0.0,90,1.0,4.25,0.1308,41.2
96,RU7r1,rule_grid,7.0,1,0.2899,0.2899,0.2899,0.2789,0.289,0.0,90,0.8,5.11,0.0796,43.5
96,RU7r2,rule_grid,7.0,2,0.203,0.2031,0.203,0.1868,0.1943,0.0,85,0.8,14.15,0.079,43.5
96,RU7r3,rule_grid,7.0,3,0.359,0.359,0.359,0.3388,0.3589,0.0,90,1.0,4.29,0.0782,43.6
96,BE3r1,belt,3.0,1,2.8793,2.8794,2.8793,2.2541,2.328,0.0,115,1.0,5.12,0.1607,40.7
96,BE3r2,belt,3.0,2,1.6623,1.6623,1.6623,1.3223,1.3405,0.0,115,1.0,5.95,0.2382,36.5
96,BE3r3,belt,3.0,3,2.3282,2.3283,2.3282,1.7262,1.7687,-0.0,125,1.0,4.15,0.2376,36.8
96,BE5r1,belt,5.0,1,1.1287,1.1287,1.1287,0.9578,1.0147,0.0,115,1.0,6.25,0.0812,43.8
96,BE5r2,belt,5.0,2,0.6915,0.6916,0.6915,0.6729,0.6997,0.0,95,1.0,9.56,0.1184,41.9
96,BE5r3,belt,5.0,3,0.98,0.9801,0.98,0.7949,0.8443,0.0,125,1.0,3.67,0.1178,42.0
96,BE7r1,belt,7.0,1,0.5947,0.5948,0.5947,0.5409,0.575,0.0,90,1.0,6.6,0.0486,45.1
96,BE7r2,belt,7.0,2,0.4491,0.4492,0.4491,0.423,0.4465,0.0,90,0.8,9.47,0.0709,44.0
96,BE7r3,belt,7.0,3,0.5679,0.5679,0.5679,0.4723,0.5116,0.0,125,1.0,4.95,0.0701,44.1
96,CL3r1,cluster,3.0,1,0.6984,0.6984,0.6984,0.6621,0.7032,0.0,85,0.8,8.66,0.1408,40.8
96,CL3r2,cluster,3.0,2,0.7664,0.7708,0.7664,0.7178,0.7605,0.0,85,1.0,5.52,0.1404,40.8
96,CL3r3,cluster,3.0,3,0.8232,0.8258,0.8232,0.7703,0.8113,0.0,175,0.8,32.21,0.1472,40.5
96,CL5r1,cluster,5.0,1,0.3851,0.3865,0.3851,0.354,0.3772,0.0,90,0.8,15.01,0.0714,44.0
96,CL5r2,cluster,5.0,2,0.4241,0.4252,0.4241,0.4017,0.432,0.0,85,0.8,8.83,0.0712,44.0
96,CL5r3,cluster,5.0,3,0.4547,0.4621,0.4547,0.4182,0.4486,-0.0,0,0.8,32.5,0.074,43.9
96,CL7r1,cluster,7.0,1,0.3088,0.3088,0.3088,0.2781,0.2969,0.0,90,1.0,15.01,0.0436,45.2
96,CL7r2,cluster,7.0,2,0.3057,0.3061,0.3057,0.2788,0.2991,0.0,90,1.0,5.0,0.0431,45.3
96,CL7r3,cluster,7.0,3,0.3358,0.3357,0.3358,0.3008,0.3235,0.0,0,1.0,28.23,0.0452,45.2
96,MU3r1,multi_cluster,3.0,1,0.952,0.9521,0.952,0.9715,0.9985,0.0,90,0.8,10.01,0.1917,38.5
96,MU3r2,multi_cluster,3.0,2,1.2178,1.2179,1.2178,1.1755,1.197,-0.0,95,1.0,9.18,0.2211,37.2
96,MU3r3,multi_cluster,3.0,3,0.8391,0.8392,0.8391,0.822,0.8438,0.0,85,0.8,5.55,0.1999,38.0
96,MU5r1,multi_cluster,5.0,1,0.5706,0.5707,0.5706,0.5632,0.5893,0.0,90,0.8,10.0,0.0962,42.9
96,MU5r2,multi_cluster,5.0,2,0.6171,0.6171,0.6171,0.6175,0.6431,0.0,90,0.8,10.91,0.1099,42.2
96,MU5r3,multi_cluster,5.0,3,0.4841,0.4841,0.4841,0.48,0.4982,0.0,90,0.8,5.11,0.1,42.6
96,MU7r1,multi_cluster,7.0,1,0.3872,0.3873,0.3872,0.3608,0.3808,0.0,90,0.8,9.96,0.0571,44.6
96,MU7r2,multi_cluster,7.0,2,0.4144,0.4145,0.4144,0.3886,0.4096,0.0,90,0.8,9.51,0.0654,44.2
96,MU7r3,multi_cluster,7.0,3,0.3388,0.3389,0.3388,0.3141,0.3287,0.0,90,0.8,5.14,0.0594,44.5
97,RU3r1,rule_grid,3.0,1,3.6417,3.6417,3.6417,2.1603,1.6371,-0.0,40,1.0,0.92,0.3214,23.1
97,RU3r2,rule_grid,3.0,2,4.09,4.0903,4.09,2.446,1.8245,-0.0,35,1.0,12.15,0.3209,23.2
97,RU3r3,rule_grid,3.0,3,4.3141,4.3145,4.3141,2.5547,1.9085,-0.0,90,1.0,6.86,0.3198,23.3
97,RU5r1,rule_grid,5.0,1,1.788,1.7879,1.788,1.0895,0.8066,0.0,40,1.0,1.06,0.1587,28.1
97,RU5r2,rule_grid,5.0,2,1.9989,1.9989,1.9989,1.2527,0.916,-0.0,35,1.0,12.41,0.1587,28.2
97,RU5r3,rule_grid,5.0,3,2.1853,2.1871,2.1853,1.3578,0.989,0.0,90,1.0,8.77,0.1578,28.3
97,RU7r1,rule_grid,7.0,1,1.0318,1.0319,1.0318,0.6343,0.4611,-0.0,40,1.0,8.01,0.0956,30.0
97,RU7r2,rule_grid,7.0,2,1.1864,1.1864,1.1864,0.777,0.5633,0.0,155,1.0,15.27,0.0944,30.1
97,RU7r3,rule_grid,7.0,3,1.3545,1.3545,1.3545,0.8781,0.6299,0.0,90,1.0,7.23,0.0939,30.2
97,BE3r1,belt,3.0,1,8.5739,8.5739,8.5739,6.149,4.5885,-0.0,130,1.0,0.92,0.2059,28.3
97,BE3r2,belt,3.0,2,6.3269,6.327,6.3269,4.2425,3.1712,0.0,130,1.0,0.82,0.293,24.7
97,BE3r3,belt,3.0,3,5.5922,5.5922,5.5922,3.5021,2.6317,0.0,155,1.0,8.23,0.2922,24.5
97,BE5r1,belt,5.0,1,4.0199,4.0199,4.0199,2.8874,2.0913,-0.0,130,1.0,1.06,0.102,30.7
97,BE5r2,belt,5.0,2,2.9717,2.9716,2.9717,2.0005,1.4509,0.0,130,1.0,1.33,0.1442,28.9
97,BE5r3,belt,5.0,3,2.7405,2.7405,2.7405,1.8013,1.3153,-0.0,155,1.0,8.58,0.1437,28.9
97,BE7r1,belt,7.0,1,2.311,2.3111,2.311,1.6653,1.1935,0.0,130,1.0,1.06,0.0607,31.6
97,BE7r2,belt,7.0,2,1.8007,1.8007,1.8007,1.2239,0.875,0.0,130,1.0,1.33,0.086,30.6
97,BE7r3,belt,7.0,3,1.6287,1.6287,1.6287,1.1131,0.7992,0.0,155,1.0,8.69,0.0853,30.5
97,CL3r1,cluster,3.0,1,3.6499,3.6501,3.6499,2.3482,1.6458,-0.0,40,1.0,0.71,0.1778,28.0
97,CL3r2,cluster,3.0,2,3.4256,3.4258,3.4256,2.2011,1.5431,-0.0,40,1.0,0.82,0.1779,27.9
97,CL3r3,cluster,3.0,3,3.2062,3.2109,3.2062,2.0721,1.4837,0.0,40,1.0,0.96,0.1844,27.6
97,CL5r1,cluster,5.0,1,1.8097,1.8112,1.8097,1.214,0.8645,0.0,40,1.0,0.98,0.0862,30.6
97,CL5r2,cluster,5.0,2,1.7357,1.7427,1.7357,1.1539,0.8225,0.0,40,1.0,1.14,0.0865,30.5
97,CL5r3,cluster,5.0,3,1.5964,1.5954,1.5964,1.0634,0.7627,0.0,40,1.0,1.06,0.0897,30.4
97,CL7r1,cluster,7.0,1,1.0898,1.0898,1.0898,0.7368,0.5249,0.0,40,1.0,1.02,0.0517,31.5
97,CL7r2,cluster,7.0,2,1.0458,1.0485,1.0458,0.704,0.5019,0.0,40,1.0,1.23,0.0516,31.5
97,CL7r3,cluster,7.0,3,0.9998,1.0024,0.9998,0.6815,0.4871,-0.0,40,1.0,1.14,0.0539,31.4
97,MU3r1,multi_cluster,3.0,1,4.4622,4.4621,4.4622,2.8614,2.0902,0.0,130,1.0,0.82,0.2423,26.0
97,MU3r2,multi_cluster,3.0,2,5.5148,5.515,5.5148,3.6489,2.7078,0.0,130,1.0,0.82,0.2744,25.1
97,MU3r3,multi_cluster,3.0,3,3.6525,3.6526,3.6525,2.2204,1.6425,0.0,40,1.0,15.3,0.2502,25.5
97,MU5r1,multi_cluster,5.0,1,2.2128,2.2129,2.2128,1.4443,1.0493,0.0,130,1.0,1.06,0.1189,29.6
97,MU5r2,multi_cluster,5.0,2,2.619,2.6191,2.619,1.7415,1.2664,0.0,130,1.0,1.33,0.1346,29.2
97,MU5r3,multi_cluster,5.0,3,1.8271,1.8271,1.8271,1.1457,0.8405,-0.0,40,1.0,10.84,0.1226,29.3
97,MU7r1,multi_cluster,7.0,1,1.3199,1.3199,1.3199,0.8698,0.6261,0.0,130,1.0,1.37,0.0702,30.9
97,MU7r2,multi_cluster,7.0,2,1.5777,1.5778,1.5777,1.0586,0.7597,0.0,130,1.0,1.37,0.0799,30.7
97,MU7r3,multi_cluster,7.0,3,1.0987,1.0987,1.0987,0.7,0.5068,-0.0,130,1.0,13.59,0.0723,30.8
98,RU3r1,rule_grid,3.0,1,1.0443,1.0443,1.0443,0.4859,0.3648,-0.0,25,1.0,3.12,0.3477,16.8
98,RU3r2,rule_grid,3.0,2,0.8167,0.8167,0.8167,0.5077,0.3556,0.0,95,0.8,7.59,0.3474,16.8
98,RU3r3,rule_grid,3.0,3,1.2232,1.2233,1.2232,0.6848,0.4961,0.0,115,1.0,4.47,0.3458,16.9
98,RU5r1,rule_grid,5.0,1,0.5183,0.5182,0.5183,0.2804,0.2038,0.0,115,1.0,14.71,0.1767,21.1
98,RU5r2,rule_grid,5.0,2,0.5388,0.5388,0.5388,0.3402,0.2443,0.0,90,0.8,17.4,0.177,21.1
98,RU5r3,rule_grid,5.0,3,0.5174,0.5175,0.5174,0.3606,0.2524,-0.0,110,1.0,7.37,0.1757,21.1
98,RU7r1,rule_grid,7.0,1,0.3348,0.3348,0.3348,0.1861,0.1313,0.0,90,1.0,9.56,0.1084,22.8
98,RU7r2,rule_grid,7.0,2,0.3589,0.3589,0.3589,0.2359,0.1656,0.0,90,0.8,17.33,0.1072,22.9
98,RU7r3,rule_grid,7.0,3,0.3129,0.3129,0.3129,0.2388,0.1635,-0.0,120,1.0,8.3,0.1064,22.9
98,BE3r1,belt,3.0,1,3.3659,3.366,3.3659,1.5532,1.1332,-0.0,0,1.0,32.34,0.222,20.5
98,BE3r2,belt,3.0,2,2.1566,2.1566,2.1566,1.0065,0.7386,0.0,0,1.0,2.84,0.3168,17.8
98,BE3r3,belt,3.0,3,2.0867,2.0868,2.0867,1.0962,0.7955,-0.0,175,1.0,17.23,0.3161,17.8
98,BE5r1,belt,5.0,1,1.5785,1.5784,1.5785,0.7683,0.5381,0.0,0,1.0,17.34,0.1129,23.0
98,BE5r2,belt,5.0,2,1.0764,1.0765,1.0764,0.5466,0.3867,-0.0,0,1.0,3.03,0.1602,21.7
98,BE5r3,belt,5.0,3,0.9091,0.9092,0.9091,0.5648,0.3921,-0.0,0,0.8,22.77,0.1597,21.6
98,BE7r1,belt,7.0,1,0.9496,0.9496,0.9496,0.4753,0.326,0.0,0,1.0,11.96,0.0681,24.0
98,BE7r2,belt,7.0,2,0.7075,0.7075,0.7075,0.3774,0.2594,0.0,0,1.0,3.22,0.0972,23.2
98,BE7r3,belt,7.0,3,0.5541,0.5541,0.5541,0.3579,0.2433,-0.0,0,0.8,26.23,0.0963,23.2
98,CL3r1,cluster,3.0,1,0.9162,0.9163,0.9162,0.5195,0.3393,-0.0,110,1.0,2.97,0.196,20.7
98,CL3r2,cluster,3.0,2,0.9174,0.9185,0.9174,0.513,0.3387,0.0,110,1.0,4.56,0.1962,20.7
98,CL3r3,cluster,3.0,3,0.9516,0.9493,0.9516,0.5217,0.354,-0.0,20,1.0,10.14,0.2028,20.5
98,CL5r1,cluster,5.0,1,0.4645,0.4645,0.4645,0.2679,0.1799,0.0,110,1.0,3.42,0.0979,23.1
98,CL5r2,cluster,5.0,2,0.467,0.4673,0.467,0.264,0.1768,0.0,110,1.0,4.98,0.0981,23.1
98,CL5r3,cluster,5.0,3,0.4612,0.4599,0.4612,0.2646,0.1812,-0.0,20,1.0,7.96,0.1015,23.0
98,CL7r1,cluster,7.0,1,0.3067,0.3067,0.3067,0.1651,0.1116,-0.0,90,1.0,4.93,0.0595,24.1
98,CL7r2,cluster,7.0,2,0.2837,0.284,0.2837,0.1698,0.1153,-0.0,90,1.0,4.95,0.0593,24.1
98,CL7r3,cluster,7.0,3,0.2893,0.2898,0.2893,0.1791,0.1219,0.0,25,1.0,7.92,0.0619,24.0
98,MU3r1,multi_cluster,3.0,1,1.2188,1.2187,1.2188,0.5887,0.4151,0.0,15,1.0,3.13,0.2624,19.1
98,MU3r2,multi_cluster,3.0,2,1.7157,1.7157,1.7157,0.826,0.5933,0.0,0,1.0,2.8,0.2968,18.3
98,MU3r3,multi_cluster,3.0,3,0.9928,0.9928,0.9928,0.5031,0.3654,0.0,115,1.0,3.12,0.2715,18.8
98,MU5r1,multi_cluster,5.0,1,0.6591,0.6591,0.6591,0.328,0.2348,0.0,0,1.0,3.43,0.132,22.3
98,MU5r2,multi_cluster,5.0,2,0.8896,0.8896,0.8896,0.4487,0.32,0.0,0,1.0,2.96,0.1494,21.9
98,MU5r3,multi_cluster,5.0,3,0.5272,0.5273,0.5272,0.2947,0.2104,-0.0,115,1.0,15.67,0.1364,22.2
98,MU7r1,multi_cluster,7.0,1,0.4534,0.4534,0.4534,0.2364,0.1657,-0.0,0,1.0,3.68,0.079,23.6
98,MU7r2,multi_cluster,7.0,2,0.5925,0.5925,0.5925,0.3135,0.2174,0.0,0,1.0,3.48,0.0901,23.4
98,MU7r3,multi_cluster,7.0,3,0.3386,0.3386,0.3386,0.1938,0.1357,0.0,90,1.0,15.34,0.0817,23.5
99,RU3r1,rule_grid,3.0,1,0.2753,0.2752,0.2753,0.2427,0.2228,0.0,145,0.8,7.32,0.279,31.6
99,RU3r2,rule_grid,3.0,2,0.7492,0.7492,0.7492,0.6181,0.569,0.0,80,0.8,11.39,0.2786,31.8
99,RU3r3,rule_grid,3.0,3,1.3001,1.3005,1.3001,0.9951,0.918,0.0,70,1.0,3.65,0.2774,32.0
99,RU5r1,rule_grid,5.0,1,0.123,0.1231,0.123,0.1514,0.1416,-0.0,15,0.8,16.89,0.137,37.8
99,RU5r2,rule_grid,5.0,2,0.3224,0.3225,0.3224,0.3305,0.3086,0.0,80,0.8,12.68,0.1371,37.9
99,RU5r3,rule_grid,5.0,3,0.5202,0.5204,0.5202,0.4878,0.4596,-0.0,70,1.0,9.45,0.1359,38.0
99,RU7r1,rule_grid,7.0,1,0.0711,0.0712,0.0711,0.1003,0.0947,-0.0,45,0.8,12.19,0.0822,40.2
99,RU7r2,rule_grid,7.0,2,0.1934,0.1934,0.1934,0.2166,0.2042,0.0,80,0.8,14.06,0.0814,40.3
99,RU7r3,rule_grid,7.0,3,0.3076,0.3076,0.3076,0.3125,0.298,0.0,65,1.0,9.77,0.0807,40.3
99,BE3r1,belt,3.0,1,3.6353,3.6353,3.6353,2.9071,2.7299,-0.0,90,1.0,3.66,0.172,37.5
99,BE3r2,belt,3.0,2,2.108,2.108,2.108,1.5843,1.4708,0.0,105,1.0,5.47,0.2515,33.4
99,BE3r3,belt,3.0,3,2.6135,2.6136,2.6135,2.1736,2.017,-0.0,80,1.0,2.19,0.2508,33.6
99,BE5r1,belt,5.0,1,1.4871,1.4872,1.4871,1.2594,1.1986,0.0,90,1.0,4.41,0.0857,40.6
99,BE5r2,belt,5.0,2,0.8234,0.8235,0.8234,0.7233,0.686,-0.0,105,1.0,5.78,0.1235,38.7
99,BE5r3,belt,5.0,3,1.1057,1.1057,1.1057,1.0093,0.9563,0.0,80,1.0,2.92,0.123,38.8
99,BE7r1,belt,7.0,1,0.8064,0.8064,0.8064,0.705,0.6781,-0.0,90,1.0,4.42,0.0509,41.9
99,BE7r2,belt,7.0,2,0.4652,0.4653,0.4652,0.4471,0.4312,0.0,105,1.0,5.78,0.0735,40.7
99,BE7r3,belt,7.0,3,0.6336,0.6336,0.6336,0.6051,0.5807,0.0,80,1.0,3.15,0.0727,40.8
99,CL3r1,cluster,3.0,1,0.2501,0.2501,0.2501,0.3296,0.3189,0.0,15,0.8,11.52,0.1484,37.3
99,CL3r2,cluster,3.0,2,0.2423,0.2425,0.2423,0.3188,0.3079,0.0,20,0.8,6.68,0.1484,37.3
99,CL3r3,cluster,3.0,3,0.1484,0.15,0.1484,0.1625,0.1533,-0.0,135,0.8,7.04,0.1552,37.0
99,CL5r1,cluster,5.0,1,0.1937,0.1952,0.1937,0.2345,0.2274,0.0,15,0.8,16.34,0.0738,40.6
99,CL5r2,cluster,5.0,2,0.1569,0.158,0.1569,0.2023,0.1972,0.0,20,0.8,7.57,0.0738,40.6
99,CL5r3,cluster,5.0,3,0.0872,0.0874,0.0872,0.1119,0.1074,-0.0,135,0.6,6.74,0.0767,40.4
99,CL7r1,cluster,7.0,1,0.0847,0.0847,0.0847,0.123,0.1208,-0.0,15,0.6,11.65,0.0446,41.8
99,CL7r2,cluster,7.0,2,0.0835,0.0838,0.0835,0.1146,0.1126,-0.0,20,0.8,7.54,0.0443,41.8
99,CL7r3,cluster,7.0,3,0.0538,0.0546,0.0538,0.0756,0.0725,-0.0,135,0.6,11.69,0.0464,41.7
99,MU3r1,multi_cluster,3.0,1,0.6863,0.6864,0.6863,0.603,0.5616,0.0,105,1.0,8.27,0.2041,35.1
99,MU3r2,multi_cluster,3.0,2,1.5237,1.5237,1.5237,1.1802,1.0946,0.0,105,1.0,5.94,0.234,34.0
99,MU3r3,multi_cluster,3.0,3,0.1925,0.1925,0.1925,0.2175,0.2009,-0.0,50,0.6,16.21,0.212,34.5
99,MU5r1,multi_cluster,5.0,1,0.328,0.3281,0.328,0.3351,0.3205,0.0,105,0.8,7.64,0.1008,39.5
99,MU5r2,multi_cluster,5.0,2,0.6116,0.6116,0.6116,0.5543,0.5267,-0.0,105,1.0,6.74,0.1148,39.0
99,MU5r3,multi_cluster,5.0,3,0.1044,0.1044,0.1044,0.1429,0.1343,-0.0,45,0.6,11.56,0.1044,39.2
99,MU7r1,multi_cluster,7.0,1,0.1865,0.1865,0.1865,0.2096,0.203,0.0,105,0.8,7.64,0.0594,41.2
99,MU7r2,multi_cluster,7.0,2,0.3421,0.3421,0.3421,0.3412,0.3293,-0.0,105,1.0,6.74,0.068,40.9
99,MU7r3,multi_cluster,7.0,3,0.0663,0.0664,0.0663,0.0983,0.0934,-0.0,45,0.6,7.06,0.0616,41.1
100,RU3r1,rule_grid,3.0,1,0.5268,0.5267,0.5268,0.328,0.3172,0.0,155,1.0,9.06,0.2811,31.6
100,RU3r2,rule_grid,3.0,2,0.6235,0.6236,0.6235,0.6047,0.5886,0.0,90,1.0,9.71,0.2807,31.6
100,RU3r3,rule_grid,3.0,3,1.0084,1.0091,1.0084,0.9101,0.8852,-0.0,80,1.0,8.26,0.2794,31.8
100,RU5r1,rule_grid,5.0,1,0.3644,0.3646,0.3644,0.2264,0.222,0.0,65,0.8,8.49,0.1415,37.6
100,RU5r2,rule_grid,5.0,2,0.3589,0.3589,0.3589,0.3835,0.376,-0.0,90,1.0,14.05,0.1417,37.6
100,RU5r3,rule_grid,5.0,3,0.439,0.4393,0.439,0.435,0.4282,0.0,80,1.0,6.5,0.1403,37.7
100,RU7r1,rule_grid,7.0,1,0.2506,0.2506,0.2506,0.1579,0.1557,0.0,65,0.8,7.39,0.086,40.0
100,RU7r2,rule_grid,7.0,2,0.2466,0.2467,0.2466,0.2612,0.2571,0.0,90,1.0,13.37,0.0854,40.0
100,RU7r3,rule_grid,7.0,3,0.2605,0.2605,0.2605,0.2887,0.2857,0.0,80,1.0,6.58,0.0845,40.1
100,BE3r1,belt,3.0,1,2.4809,2.4809,2.4809,2.0844,2.0486,0.0,115,1.0,5.63,0.171,37.1
100,BE3r2,belt,3.0,2,1.5313,1.5313,1.5313,1.2053,1.1744,-0.0,115,1.0,6.43,0.2524,33.1
100,BE3r3,belt,3.0,3,1.5985,1.5986,1.5985,1.3303,1.3007,0.0,120,1.0,6.3,0.2518,33.2
100,BE5r1,belt,5.0,1,1.0618,1.0619,1.0618,0.9283,0.9215,0.0,115,1.0,5.49,0.0873,40.3
100,BE5r2,belt,5.0,2,0.6877,0.6878,0.6877,0.5441,0.5383,0.0,110,1.0,7.79,0.1269,38.4
100,BE5r3,belt,5.0,3,0.6906,0.6907,0.6906,0.6088,0.6013,0.0,150,1.0,7.25,0.1264,38.4
100,BE7r1,belt,7.0,1,0.5796,0.5796,0.5796,0.5186,0.5189,0.0,110,1.0,6.87,0.0525,41.6
100,BE7r2,belt,7.0,2,0.4126,0.4127,0.4126,0.3388,0.3405,0.0,110,1.0,7.11,0.0765,40.5
100,BE7r3,belt,7.0,3,0.4096,0.4097,0.4096,0.3966,0.393,-0.0,150,1.0,8.48,0.0758,40.5
100,CL3r1,cluster,3.0,1,0.3065,0.3065,0.3065,0.2856,0.2785,-0.0,65,1.0,16.39,0.1513,37.2
100,CL3r2,cluster,3.0,2,0.3322,0.3328,0.3322,0.3068,0.3015,-0.0,65,1.0,13.13,0.151,37.2
100,CL3r3,cluster,3.0,3,0.305,0.3073,0.305,0.2511,0.2473,0.0,155,0.6,26.36,0.1579,36.9
100,CL5r1,cluster,5.0,1,0.2542,0.2559,0.2542,0.1785,0.1784,-0.0,65,0.8,17.64,0.0774,40.4
100,CL5r2,cluster,5.0,2,0.245,0.2464,0.245,0.1803,0.1782,-0.0,65,0.8,14.11,0.0771,40.4
100,CL5r3,cluster,5.0,3,0.2234,0.224,0.2234,0.1552,0.1544,-0.0,155,0.8,26.63,0.08,40.3
100,CL7r1,cluster,7.0,1,0.1572,0.1572,0.1572,0.1519,0.1506,0.0,65,0.8,18.48,0.0474,41.7
100,CL7r2,cluster,7.0,2,0.1576,0.1581,0.1576,0.1447,0.1439,-0.0,65,0.8,15.38,0.0469,41.7
100,CL7r3,cluster,7.0,3,0.1521,0.1541,0.1521,0.1289,0.1282,-0.0,155,0.8,25.38,0.0491,41.6
100,MU3r1,multi_cluster,3.0,1,0.6749,0.6749,0.6749,0.4383,0.4266,0.0,155,1.0,9.52,0.2043,35.0
100,MU3r2,multi_cluster,3.0,2,1.1245,1.1246,1.1245,0.8529,0.8311,0.0,110,1.0,8.25,0.2347,33.8
100,MU3r3,multi_cluster,3.0,3,0.4785,0.4786,0.4785,0.2827,0.2743,-0.0,65,0.6,8.21,0.2129,34.5
100,MU5r1,multi_cluster,5.0,1,0.4401,0.4402,0.4401,0.2989,0.2959,0.0,155,0.8,8.56,0.1033,39.3
100,MU5r2,multi_cluster,5.0,2,0.5669,0.5669,0.5669,0.3997,0.3958,0.0,155,1.0,7.98,0.1178,38.7
100,MU5r3,multi_cluster,5.0,3,0.3507,0.3508,0.3507,0.2149,0.2116,-0.0,65,0.8,7.23,0.1074,39.1
100,MU7r1,multi_cluster,7.0,1,0.284,0.2841,0.284,0.1987,0.1983,0.0,155,0.8,8.56,0.0617,41.1
100,MU7r2,multi_cluster,7.0,2,0.3506,0.3506,0.3506,0.2556,0.2546,0.0,155,0.8,7.98,0.0706,40.7
100,MU7r3,multi_cluster,7.0,3,0.2346,0.2347,0.2346,0.1517,0.149,-0.0,65,0.8,7.69,0.0642,41.0
101,RU3r1,rule_grid,3.0,1,4.8453,4.8454,4.8453,4.106,4.4388,0.0,90,1.0,9.11,0.196,47.9
101,RU3r2,rule_grid,3.0,2,5.7149,5.7149,5.7149,4.7683,5.232,0.0,95,1.0,0.46,0.1951,48.3
101,RU3r3,rule_grid,3.0,3,6.3965,6.3967,6.3965,5.4542,6.0016,0.0,90,1.0,0.71,0.1948,48.7
101,RU5r1,rule_grid,5.0,1,2.1073,2.1072,2.1073,1.8821,2.2444,0.0,90,1.0,8.45,0.0855,53.0
101,RU5r2,rule_grid,5.0,2,2.462,2.462,2.462,2.0871,2.509,0.0,95,1.0,0.61,0.0852,53.2
101,RU5r3,rule_grid,5.0,3,2.6743,2.6742,2.6743,2.3698,2.8624,0.0,90,1.0,0.77,0.0849,53.4
101,RU7r1,rule_grid,7.0,1,1.1569,1.1569,1.1569,1.068,1.3234,0.0,90,1.0,6.67,0.0483,54.7
101,RU7r2,rule_grid,7.0,2,1.3477,1.3477,1.3477,1.1544,1.458,-0.0,95,1.0,5.4,0.0476,54.8
101,RU7r3,rule_grid,7.0,3,1.4924,1.4925,1.4924,1.3535,1.7272,0.0,90,1.0,0.71,0.0475,54.9
101,BE3r1,belt,3.0,1,7.9713,7.9713,7.9713,7.8228,9.333,0.0,125,1.0,16.96,0.1229,53.8
101,BE3r2,belt,3.0,2,6.8912,6.8912,6.8912,6.3362,7.1243,0.0,125,1.0,19.64,0.1771,50.0
101,BE3r3,belt,3.0,3,8.1606,8.1607,8.1606,7.3591,8.3356,-0.0,150,1.0,0.71,0.1765,50.6
101,BE5r1,belt,5.0,1,3.3918,3.3918,3.3918,3.4059,4.3938,0.0,125,1.0,19.64,0.0549,55.5
101,BE5r2,belt,5.0,2,2.8441,2.8441,2.8441,2.7572,3.421,-0.0,125,1.0,18.04,0.0778,53.9
101,BE5r3,belt,5.0,3,3.3691,3.3691,3.3691,3.1242,3.8881,-0.0,155,1.0,0.77,0.0773,54.2
101,BE7r1,belt,7.0,1,1.8578,1.8578,1.8578,1.8947,2.5356,0.0,125,1.0,19.64,0.0309,56.1
101,BE7r2,belt,7.0,2,1.5988,1.5988,1.5988,1.5878,2.0677,-0.0,0,1.0,18.04,0.0436,55.2
101,BE7r3,belt,7.0,3,1.8724,1.8724,1.8724,1.7588,2.3034,0.0,155,1.0,0.77,0.0432,55.4
101,CL3r1,cluster,3.0,1,3.6488,3.6489,3.6488,3.4198,4.3206,0.0,90,1.0,0.71,0.0965,53.2
101,CL3r2,cluster,3.0,2,3.5565,3.5567,3.5565,3.3464,4.2384,-0.0,90,1.0,0.77,0.0965,53.1
101,CL3r3,cluster,3.0,3,3.4229,3.4257,3.4229,3.2367,3.9814,0.0,30,1.0,3.66,0.1018,52.8
101,CL5r1,cluster,5.0,1,1.7372,1.7365,1.7372,1.6848,2.2265,0.0,90,1.0,0.61,0.0435,55.3
101,CL5r2,cluster,5.0,2,1.7254,1.7276,1.7254,1.674,2.21,-0.0,90,1.0,0.71,0.0437,55.3
101,CL5r3,cluster,5.0,3,1.5779,1.5784,1.5779,1.5459,2.0108,0.0,30,1.0,4.05,0.0457,55.1
101,CL7r1,cluster,7.0,1,1.0454,1.0454,1.0454,1.028,1.3889,-0.0,90,1.0,0.61,0.0252,56.0
101,CL7r2,cluster,7.0,2,1.0264,1.0275,1.0264,1.0117,1.368,-0.0,90,1.0,0.71,0.0252,55.9
101,CL7r3,cluster,7.0,3,0.9515,0.9516,0.9515,0.9432,1.2623,-0.0,30,1.0,3.99,0.0263,55.8
101,MU3r1,multi_cluster,3.0,1,4.8437,4.8436,4.8437,4.3768,5.0576,0.0,0,1.0,20.0,0.1427,51.1
101,MU3r2,multi_cluster,3.0,2,5.973,5.973,5.973,5.4657,6.1884,-0.0,125,1.0,20.82,0.1644,50.3
101,MU3r3,multi_cluster,3.0,3,4.3507,4.3507,4.3507,3.8669,4.378,0.0,0,1.0,4.75,0.1471,50.6
101,MU5r1,multi_cluster,5.0,1,2.2353,2.2354,2.2353,2.0645,2.5799,0.0,0,1.0,22.06,0.0638,54.4
101,MU5r2,multi_cluster,5.0,2,2.552,2.552,2.552,2.4606,3.0538,-0.0,0,1.0,18.04,0.0725,54.0
101,MU5r3,multi_cluster,5.0,3,2.0157,2.0157,2.0157,1.8461,2.2399,0.0,90,1.0,4.83,0.0655,54.2
101,MU7r1,multi_cluster,7.0,1,1.2774,1.2774,1.2774,1.2059,1.5573,0.0,0,1.0,20.33,0.0357,55.5
101,MU7r2,multi_cluster,7.0,2,1.4543,1.4543,1.4543,1.4204,1.8446,0.0,0,1.0,18.04,0.0406,55.3
101,MU7r3,multi_cluster,7.0,3,1.1502,1.1502,1.1502,1.087,1.3778,0.0,90,1.0,4.26,0.0366,55.4
102,RU3r1,rule_grid,3.0,1,1.0427,1.0426,1.0427,0.8413,0.8053,0.0,165,0.8,19.09,0.2851,31.5
102,RU3r2,rule_grid,3.0,2,0.8633,0.8634,0.8633,0.639,0.6134,0.0,80,0.8,8.11,0.2847,31.4
102,RU3r3,rule_grid,3.0,3,1.5538,1.5546,1.5538,1.1743,1.124,0.0,75,1.0,3.38,0.2834,31.7
102,RU5r1,rule_grid,5.0,1,0.4804,0.4806,0.4804,0.4322,0.4183,0.0,75,0.8,15.14,0.1435,37.5
102,RU5r2,rule_grid,5.0,2,0.4598,0.4598,0.4598,0.3305,0.3206,0.0,70,0.8,7.95,0.1438,37.5
102,RU5r3,rule_grid,5.0,3,0.6327,0.633,0.6327,0.5567,0.538,-0.0,75,1.0,7.91,0.1423,37.6
102,RU7r1,rule_grid,7.0,1,0.2785,0.2785,0.2785,0.275,0.2651,-0.0,90,0.8,5.32,0.0872,39.9
102,RU7r2,rule_grid,7.0,2,0.2866,0.2866,0.2866,0.1997,0.1947,0.0,70,1.0,11.7,0.0866,39.9
102,RU7r3,rule_grid,7.0,3,0.3762,0.3762,0.3762,0.3669,0.3579,-0.0,90,1.0,5.15,0.0857,40.0
102,BE3r1,belt,3.0,1,3.3571,3.3571,3.3571,2.6165,2.5322,-0.0,115,1.0,4.52,0.1734,37.2
102,BE3r2,belt,3.0,2,2.0499,2.0499,2.0499,1.45,1.3874,-0.0,155,1.0,6.85,0.256,33.1
102,BE3r3,belt,3.0,3,2.8841,2.8842,2.8841,2.0688,1.9836,0.0,130,1.0,2.47,0.2554,33.4
102,BE5r1,belt,5.0,1,1.3944,1.3944,1.3944,1.1327,1.1084,0.0,105,1.0,6.3,0.0885,40.2
102,BE5r2,belt,5.0,2,0.8775,0.8776,0.8775,0.7328,0.7092,0.0,155,1.0,7.2,0.1287,38.3
102,BE5r3,belt,5.0,3,1.2736,1.2736,1.2736,0.9597,0.9349,0.0,130,1.0,2.45,0.1282,38.5
102,BE7r1,belt,7.0,1,0.7679,0.7679,0.7679,0.635,0.6268,0.0,105,1.0,5.73,0.0533,41.5
102,BE7r2,belt,7.0,2,0.5208,0.5209,0.5208,0.4699,0.4577,0.0,105,1.0,8.29,0.0776,40.4
102,BE7r3,belt,7.0,3,0.7259,0.726,0.7259,0.5668,0.5584,0.0,130,1.0,2.55,0.0768,40.5
102,CL3r1,cluster,3.0,1,0.9174,0.9175,0.9174,0.7647,0.746,0.0,75,1.0,4.67,0.1535,37.2
102,CL3r2,cluster,3.0,2,0.9365,0.9377,0.9365,0.8232,0.8014,-0.0,75,1.0,2.52,0.1532,37.2
102,CL3r3,cluster,3.0,3,0.9455,0.9486,0.9455,0.8582,0.8315,0.0,170,0.8,22.59,0.1601,36.9
102,CL5r1,cluster,5.0,1,0.5032,0.5048,0.5032,0.4204,0.4133,0.0,75,1.0,11.35,0.0784,40.3
102,CL5r2,cluster,5.0,2,0.5106,0.512,0.5106,0.4494,0.4405,0.0,75,1.0,9.74,0.0782,40.4
102,CL5r3,cluster,5.0,3,0.4718,0.473,0.4718,0.4655,0.4556,0.0,175,0.8,32.27,0.0812,40.2
102,CL7r1,cluster,7.0,1,0.3322,0.3323,0.3322,0.2836,0.2801,-0.0,75,1.0,8.73,0.0481,41.6
102,CL7r2,cluster,7.0,2,0.328,0.3284,0.328,0.3003,0.2959,0.0,75,1.0,5.56,0.0475,41.6
102,CL7r3,cluster,7.0,3,0.336,0.336,0.336,0.316,0.3105,-0.0,0,0.8,32.27,0.0498,41.5
102,MU3r1,multi_cluster,3.0,1,1.1749,1.175,1.1749,1.0151,0.9744,0.0,165,1.0,10.03,0.2071,34.9
102,MU3r2,multi_cluster,3.0,2,1.6232,1.6233,1.6232,1.2589,1.2075,-0.0,155,1.0,9.18,0.238,33.7
102,MU3r3,multi_cluster,3.0,3,1.0056,1.0056,1.0056,0.8766,0.8407,0.0,75,0.8,3.45,0.216,34.5
102,MU5r1,multi_cluster,5.0,1,0.5909,0.591,0.5909,0.5765,0.5604,-0.0,160,0.8,10.13,0.1048,39.2
102,MU5r2,multi_cluster,5.0,2,0.7171,0.7171,0.7171,0.6552,0.6353,0.0,155,1.0,9.55,0.1195,38.6
102,MU5r3,multi_cluster,5.0,3,0.5094,0.5094,0.5094,0.4847,0.4705,-0.0,75,0.8,4.96,0.1089,39.0
102,MU7r1,multi_cluster,7.0,1,0.3869,0.387,0.3869,0.3743,0.3649,0.0,90,0.8,10.55,0.0626,41.0
102,MU7r2,multi_cluster,7.0,2,0.4304,0.4304,0.4304,0.4197,0.4087,0.0,90,1.0,9.13,0.0716,40.6
102,MU7r3,multi_cluster,7.0,3,0.325,0.3251,0.325,0.3116,0.3019,0.0,90,0.8,5.32,0.0651,40.8
103,RU3r1,rule_grid,3.0,1,3.9792,3.9794,3.9792,2.4203,2.1257,0.0,45,1.0,0.46,0.2765,30.1
103,RU3r2,rule_grid,3.0,2,2.7878,2.7879,2.7878,1.67,1.4738,0.0,120,1.0,11.97,0.276,29.8
103,RU3r3,rule_grid,3.0,3,3.9947,3.9949,3.9947,2.7907,2.4601,0.0,145,1.0,3.26,0.2749,30.1
103,RU5r1,rule_grid,5.0,1,1.9172,1.9174,1.9172,1.2747,1.1481,-0.0,45,1.0,10.84,0.1327,35.3
103,RU5r2,rule_grid,5.0,2,1.2866,1.2866,1.2866,0.8716,0.7921,0.0,120,1.0,12.4,0.1327,35.1
103,RU5r3,rule_grid,5.0,3,1.852,1.8526,1.852,1.3726,1.238,0.0,145,1.0,8.53,0.1317,35.4
103,RU7r1,rule_grid,7.0,1,1.0974,1.0975,1.0974,0.7661,0.6977,0.0,135,1.0,,0.0786,37.2
103,RU7r2,rule_grid,7.0,2,0.6698,0.6699,0.6698,0.4884,0.4499,0.0,120,1.0,14.37,0.0777,37.1
103,RU7r3,rule_grid,7.0,3,1.1506,1.1506,1.1506,0.8892,0.8156,0.0,145,1.0,8.35,0.0772,37.3
103,BE3r1,belt,3.0,1,7.0595,7.0595,7.0595,5.5231,5.0072,0.0,140,1.0,20.17,0.1723,35.4
103,BE3r2,belt,3.0,2,5.6192,5.6192,5.6192,4.0444,3.5841,0.0,135,1.0,0.71,0.25,31.7
103,BE3r3,belt,3.0,3,5.5727,5.5728,5.5727,4.3429,3.8581,0.0,160,1.0,1.97,0.2494,31.7
103,BE5r1,belt,5.0,1,3.2599,3.2601,3.2599,2.5542,2.3521,0.0,135,1.0,15.36,0.0841,37.8
103,BE5r2,belt,5.0,2,2.6629,2.663,2.6629,1.9468,1.7683,0.0,135,1.0,0.61,0.1202,36.1
103,BE5r3,belt,5.0,3,2.534,2.534,2.534,2.047,1.8689,-0.0,155,1.0,11.48,0.1197,36.1
103,BE7r1,belt,7.0,1,1.902,1.902,1.902,1.5014,1.399,-0.0,135,1.0,10.57,0.0494,38.7
103,BE7r2,belt,7.0,2,1.5966,1.5966,1.5966,1.1938,1.1011,0.0,135,1.0,0.71,0.0706,37.7
103,BE7r3,belt,7.0,3,1.5166,1.5166,1.5166,1.2421,1.1533,0.0,155,1.0,11.48,0.0699,37.7
103,CL3r1,cluster,3.0,1,2.5865,2.5865,2.5865,1.7998,1.6398,0.0,40,1.0,13.26,0.146,35.0
103,CL3r2,cluster,3.0,2,2.4787,2.4791,2.4787,1.7961,1.6357,0.0,130,1.0,10.3,0.1461,35.0
103,CL3r3,cluster,3.0,3,3.1966,3.196,3.1966,2.2295,2.0198,0.0,40,1.0,0.46,0.1527,35.0
103,CL5r1,cluster,5.0,1,1.3328,1.3358,1.3328,0.9697,0.8987,0.0,40,1.0,11.0,0.0707,37.6
103,CL5r2,cluster,5.0,2,1.2844,1.2835,1.2844,0.9437,0.8731,-0.0,130,1.0,11.56,0.0709,37.6
103,CL5r3,cluster,5.0,3,1.5404,1.5408,1.5404,1.1191,1.0365,0.0,40,1.0,1.14,0.0737,37.6
103,CL7r1,cluster,7.0,1,0.8536,0.8536,0.8536,0.6193,0.5792,0.0,40,1.0,11.28,0.0423,38.6
103,CL7r2,cluster,7.0,2,0.811,0.8111,0.811,0.6014,0.5617,0.0,45,1.0,13.72,0.0421,38.6
103,CL7r3,cluster,7.0,3,0.966,0.966,0.966,0.7137,0.6676,-0.0,40,1.0,1.33,0.044,38.6
103,MU3r1,multi_cluster,3.0,1,4.2017,4.2019,4.2017,2.8188,2.5085,-0.0,135,1.0,0.46,0.2035,33.2
103,MU3r2,multi_cluster,3.0,2,5.0118,5.0118,5.0118,3.5294,3.1269,0.0,135,1.0,0.61,0.2328,32.2
103,MU3r3,multi_cluster,3.0,3,3.6766,3.6766,3.6766,2.333,2.0689,0.0,45,1.0,0.77,0.2107,32.7
103,MU5r1,multi_cluster,5.0,1,2.1268,2.1268,2.1268,1.4927,1.3634,-0.0,135,1.0,,0.0984,36.8
103,MU5r2,multi_cluster,5.0,2,2.4182,2.4182,2.4182,1.7429,1.5858,0.0,135,1.0,0.46,0.1119,36.4
103,MU5r3,multi_cluster,5.0,3,1.8695,1.8696,1.8695,1.2708,1.1539,0.0,135,1.0,0.46,0.1017,36.6
103,MU7r1,multi_cluster,7.0,1,1.2737,1.2738,1.2737,0.9251,0.8557,0.0,135,1.0,,0.0573,38.2
103,MU7r2,multi_cluster,7.0,2,1.4458,1.4459,1.4458,1.0697,0.9869,0.0,135,1.0,0.61,0.0654,37.9
103,MU7r3,multi_cluster,7.0,3,1.1239,1.1239,1.1239,0.7998,0.7357,-0.0,135,1.0,1.02,0.0592,38.0
104,RU3r1,rule_grid,3.0,1,0.7483,0.7484,0.7483,0.5575,0.4755,0.0,65,0.8,4.26,0.2887,28.1
104,RU3r2,rule_grid,3.0,2,0.9619,0.9622,0.9619,0.6909,0.5924,0.0,155,1.0,22.19,0.2882,28.2
104,RU3r3,rule_grid,3.0,3,1.4762,1.4763,1.4762,0.8807,0.7537,-0.0,150,1.0,16.64,0.2871,28.4
104,RU5r1,rule_grid,5.0,1,0.3624,0.3627,0.3624,0.3171,0.2761,-0.0,155,0.8,11.04,0.1405,33.8
104,RU5r2,rule_grid,5.0,2,0.6126,0.6126,0.6126,0.4056,0.3512,0.0,155,1.0,18.69,0.1406,33.9
104,RU5r3,rule_grid,5.0,3,0.6482,0.6489,0.6482,0.4547,0.3923,-0.0,145,1.0,17.56,0.1396,34.0
104,RU7r1,rule_grid,7.0,1,0.2185,0.2185,0.2185,0.2209,0.1921,0.0,155,0.8,22.06,0.084,36.0
104,RU7r2,rule_grid,7.0,2,0.4015,0.4015,0.4015,0.2616,0.2274,-0.0,155,1.0,17.47,0.0831,36.1
104,RU7r3,rule_grid,7.0,3,0.3903,0.3903,0.3903,0.3095,0.2691,0.0,145,1.0,17.12,0.0825,36.1
104,BE3r1,belt,3.0,1,4.0258,4.0259,4.0258,2.5551,2.23,0.0,5,1.0,12.14,0.1809,33.4
104,BE3r2,belt,3.0,2,2.4717,2.4719,2.4717,1.641,1.419,-0.0,175,1.0,34.79,0.2615,29.7
104,BE3r3,belt,3.0,3,2.5811,2.581,2.5811,1.6574,1.4259,-0.0,10,1.0,16.25,0.2609,29.7
104,BE5r1,belt,5.0,1,1.6535,1.6535,1.6535,1.1857,1.0345,0.0,0,1.0,23.07,0.0892,36.3
104,BE5r2,belt,5.0,2,1.0187,1.0189,1.0187,0.809,0.7014,0.0,0,1.0,28.09,0.1273,34.6
104,BE5r3,belt,5.0,3,1.0491,1.0491,1.0491,0.7855,0.6802,-0.0,10,1.0,16.18,0.1268,34.6
104,BE7r1,belt,7.0,1,0.9134,0.9134,0.9134,0.6953,0.6088,0.0,0,1.0,17.76,0.0527,37.5
104,BE7r2,belt,7.0,2,0.6173,0.6173,0.6173,0.5174,0.4512,0.0,0,1.0,23.36,0.0754,36.5
104,BE7r3,belt,7.0,3,0.5938,0.5938,0.5938,0.4854,0.4226,0.0,10,1.0,16.31,0.0746,36.5
104,CL3r1,cluster,3.0,1,0.5264,0.5264,0.5264,0.3924,0.3379,0.0,160,1.0,9.66,0.1549,33.3
104,CL3r2,cluster,3.0,2,0.5726,0.5777,0.5726,0.3905,0.3371,0.0,155,1.0,5.27,0.1549,33.3
104,CL3r3,cluster,3.0,3,0.5597,0.5643,0.5597,0.4902,0.4219,0.0,80,0.8,4.85,0.1615,33.1
104,CL5r1,cluster,5.0,1,0.3201,0.3197,0.3201,0.297,0.2587,0.0,90,0.8,9.58,0.0755,36.4
104,CL5r2,cluster,5.0,2,0.2698,0.2697,0.2698,0.2324,0.2027,0.0,155,0.8,7.83,0.0757,36.3
104,CL5r3,cluster,5.0,3,0.2611,0.262,0.2611,0.2617,0.2282,-0.0,85,0.8,5.61,0.0786,36.2
104,CL7r1,cluster,7.0,1,0.2108,0.2108,0.2108,0.2023,0.1773,0.0,90,0.8,14.89,0.0454,37.5
104,CL7r2,cluster,7.0,2,0.1901,0.1906,0.1901,0.1726,0.1508,-0.0,0,0.8,18.16,0.0452,37.5
104,CL7r3,cluster,7.0,3,0.206,0.2085,0.206,0.1891,0.1655,0.0,90,0.8,4.81,0.0472,37.4
104,MU3r1,multi_cluster,3.0,1,1.065,1.065,1.065,0.837,0.7141,-0.0,175,1.0,24.14,0.2138,31.2
104,MU3r2,multi_cluster,3.0,2,1.8885,1.8885,1.8885,1.2852,1.1072,-0.0,175,1.0,30.16,0.2439,30.2
104,MU3r3,multi_cluster,3.0,3,0.6846,0.6846,0.6846,0.5295,0.4515,0.0,155,0.8,4.63,0.2213,30.7
104,MU5r1,multi_cluster,5.0,1,0.5017,0.5018,0.5017,0.4734,0.4118,0.0,0,1.0,30.48,0.1044,35.3
104,MU5r2,multi_cluster,5.0,2,0.7978,0.7977,0.7978,0.6628,0.5758,-0.0,0,1.0,31.58,0.1185,34.8
104,MU5r3,multi_cluster,5.0,3,0.3386,0.3387,0.3386,0.3127,0.2716,0.0,155,0.8,22.1,0.1078,35.1
104,MU7r1,multi_cluster,7.0,1,0.3381,0.3381,0.3381,0.3174,0.2778,-0.0,0,1.0,29.07,0.0612,36.9
104,MU7r2,multi_cluster,7.0,2,0.4939,0.4938,0.4939,0.4281,0.3738,-0.0,0,1.0,34.14,0.0699,36.6
104,MU7r3,multi_cluster,7.0,3,0.2176,0.2177,0.2176,0.2246,0.1959,0.0,90,0.8,14.52,0.0633,36.8
105,RU3r1,rule_grid,3.0,1,4.9102,4.9103,4.9102,2.9625,2.3201,0.0,45,1.0,12.82,0.3202,23.6
105,RU3r2,rule_grid,3.0,2,3.8869,3.8869,3.8869,2.2128,1.707,0.0,120,1.0,10.19,0.3198,23.4
105,RU3r3,rule_grid,3.0,3,4.9326,4.9328,4.9326,3.4617,2.6942,0.0,145,1.0,8.67,0.3184,23.7
105,RU5r1,rule_grid,5.0,1,2.5594,2.5596,2.5594,1.6536,1.2803,0.0,45,1.0,14.79,0.1586,28.6
105,RU5r2,rule_grid,5.0,2,2.0202,2.0202,2.0202,1.1714,0.8985,-0.0,120,1.0,11.28,0.1588,28.4
105,RU5r3,rule_grid,5.0,3,2.4345,2.4353,2.4345,1.7771,1.3728,-0.0,145,1.0,11.41,0.1576,28.6
105,RU7r1,rule_grid,7.0,1,1.5541,1.5542,1.5541,1.0282,0.7872,0.0,135,1.0,7.73,0.0957,30.4
105,RU7r2,rule_grid,7.0,2,1.121,1.121,1.121,0.6759,0.5168,-0.0,120,1.0,11.94,0.0946,30.3
105,RU7r3,rule_grid,7.0,3,1.5734,1.5734,1.5734,1.1826,0.9039,0.0,145,1.0,8.4,0.094,30.5
105,BE3r1,belt,3.0,1,8.8924,8.8924,8.8924,6.9926,5.4804,0.0,140,1.0,15.46,0.2016,28.8
105,BE3r2,belt,3.0,2,7.0616,7.0616,7.0616,5.1316,3.9987,-0.0,135,1.0,0.71,0.2906,25.1
105,BE3r3,belt,3.0,3,6.743,6.7431,6.743,5.3893,4.1694,0.0,155,1.0,2.7,0.2899,25.1
105,BE5r1,belt,5.0,1,4.3922,4.3924,4.3922,3.4222,2.6361,-0.0,135,1.0,14.86,0.1009,31.1
105,BE5r2,belt,5.0,2,3.5656,3.5657,3.5656,2.6026,1.9977,0.0,135,1.0,9.49,0.1437,29.4
105,BE5r3,belt,5.0,3,3.2533,3.2533,3.2533,2.6389,2.0145,0.0,155,1.0,2.84,0.1432,29.3
105,BE7r1,belt,7.0,1,2.6364,2.6364,2.6364,2.0482,1.5707,0.0,135,1.0,14.52,0.0601,31.9
105,BE7r2,belt,7.0,2,2.2315,2.2315,2.2315,1.6414,1.2526,0.0,135,1.0,9.44,0.0859,30.9
105,BE7r3,belt,7.0,3,1.9802,1.9802,1.9802,1.6263,1.2382,0.0,155,1.0,2.53,0.085,30.9
105,CL3r1,cluster,3.0,1,3.6237,3.6237,3.6237,2.4201,1.821,0.0,40,1.0,9.31,0.1753,28.3
105,CL3r2,cluster,3.0,2,3.4306,3.4316,3.4306,2.3172,1.7506,-0.0,130,1.0,12.0,0.1754,28.2
105,CL3r3,cluster,3.0,3,4.4079,4.4076,4.4079,2.9126,2.198,0.0,40,1.0,0.46,0.1824,28.3
105,CL5r1,cluster,5.0,1,1.9063,1.9087,1.9063,1.3153,1.004,0.0,40,1.0,5.99,0.0862,30.8
105,CL5r2,cluster,5.0,2,1.8596,1.8606,1.8596,1.236,0.9457,0.0,45,1.0,13.62,0.0864,30.8
105,CL5r3,cluster,5.0,3,2.1979,2.1989,2.1979,1.4929,1.1391,-0.0,40,1.0,0.79,0.0896,30.8
105,CL7r1,cluster,7.0,1,1.2413,1.2414,1.2413,0.846,0.6488,-0.0,40,1.0,10.68,0.052,31.8
105,CL7r2,cluster,7.0,2,1.205,1.2046,1.205,0.8092,0.6204,0.0,45,1.0,13.45,0.0518,31.8
105,CL7r3,cluster,7.0,3,1.4031,1.403,1.4031,0.96,0.7356,0.0,40,1.0,0.77,0.0541,31.8
105,MU3r1,multi_cluster,3.0,1,5.4847,5.4848,5.4847,3.594,2.748,0.0,135,1.0,0.61,0.2389,26.6
105,MU3r2,multi_cluster,3.0,2,6.3816,6.3816,6.3816,4.4848,3.4676,0.0,135,1.0,0.46,0.2716,25.7
105,MU3r3,multi_cluster,3.0,3,4.7717,4.7718,4.7717,2.9557,2.2729,-0.0,45,1.0,11.12,0.2473,26.1
105,MU5r1,multi_cluster,5.0,1,2.9047,2.9047,2.9047,1.9781,1.5208,0.0,135,1.0,9.4,0.1181,30.0
105,MU5r2,multi_cluster,5.0,2,3.2542,3.2542,3.2542,2.3186,1.7838,0.0,135,1.0,9.43,0.1339,29.6
105,MU5r3,multi_cluster,5.0,3,2.5549,2.555,2.5549,1.6559,1.2769,-0.0,135,1.0,0.71,0.122,29.8
105,MU7r1,multi_cluster,7.0,1,1.808,1.8081,1.808,1.2523,0.9602,0.0,135,1.0,9.43,0.0698,31.3
105,MU7r2,multi_cluster,7.0,2,2.0301,2.0302,2.0301,1.4616,1.118,0.0,135,1.0,9.43,0.0796,31.1
105,MU7r3,multi_cluster,7.0,3,1.6045,1.6046,1.6045,1.0688,0.8202,0.0,135,1.0,0.61,0.0721,31.2
106,RU3r1,rule_grid,3.0,1,1.0069,1.0068,1.0069,0.6642,0.5913,-0.0,25,1.0,20.91,0.2915,26.3
106,RU3r2,rule_grid,3.0,2,1.1999,1.2001,1.1999,0.6924,0.6151,-0.0,120,1.0,14.48,0.291,26.3
106,RU3r3,rule_grid,3.0,3,1.6908,1.6908,1.6908,1.0062,0.893,0.0,120,1.0,6.02,0.2898,26.5
106,RU5r1,rule_grid,5.0,1,0.4397,0.4399,0.4397,0.3912,0.352,-0.0,115,0.6,10.83,0.1446,31.5
106,RU5r2,rule_grid,5.0,2,0.6418,0.6419,0.6418,0.3776,0.3396,0.0,120,1.0,12.31,0.1448,31.6
106,RU5r3,rule_grid,5.0,3,0.7153,0.7159,0.7153,0.4808,0.4322,0.0,120,1.0,7.85,0.1435,31.7
106,RU7r1,rule_grid,7.0,1,0.2463,0.2463,0.2463,0.2479,0.2236,0.0,115,1.0,5.06,0.0874,33.6
106,RU7r2,rule_grid,7.0,2,0.3707,0.3707,0.3707,0.2278,0.2055,-0.0,120,1.0,15.74,0.0865,33.6
106,RU7r3,rule_grid,7.0,3,0.4052,0.4052,0.4052,0.2973,0.2687,0.0,120,1.0,6.73,0.0858,33.7
106,BE3r1,belt,3.0,1,3.3849,3.385,3.3849,2.3199,2.0984,0.0,155,1.0,16.78,0.1806,31.1
106,BE3r2,belt,3.0,2,2.384,2.3841,2.384,1.4491,1.297,0.0,155,1.0,20.44,0.2632,27.7
106,BE3r3,belt,3.0,3,2.7199,2.7199,2.7199,1.6815,1.5045,-0.0,175,1.0,28.94,0.2625,27.8
106,BE5r1,belt,5.0,1,1.3759,1.3759,1.3759,1.0615,0.9627,-0.0,155,1.0,16.7,0.0907,33.8
106,BE5r2,belt,5.0,2,0.9261,0.9261,0.9261,0.6966,0.6277,0.0,155,1.0,20.26,0.1304,32.2
106,BE5r3,belt,5.0,3,1.0887,1.0887,1.0887,0.8362,0.7538,0.0,0,1.0,27.46,0.1299,32.3
106,BE7r1,belt,7.0,1,0.7289,0.7289,0.7289,0.6044,0.55,-0.0,155,1.0,16.68,0.0541,35.0
106,BE7r2,belt,7.0,2,0.5111,0.5111,0.5111,0.4289,0.389,0.0,150,1.0,20.22,0.0781,34.0
106,BE7r3,belt,7.0,3,0.5978,0.5978,0.5978,0.5122,0.4641,0.0,0,1.0,27.46,0.0773,34.1
106,CL3r1,cluster,3.0,1,0.6927,0.6927,0.6927,0.5062,0.4533,0.0,120,1.0,6.84,0.1571,31.1
106,CL3r2,cluster,3.0,2,0.707,0.7125,0.707,0.5341,0.4782,-0.0,120,1.0,7.07,0.1571,31.1
106,CL3r3,cluster,3.0,3,0.5827,0.5881,0.5827,0.443,0.3963,0.0,30,0.8,5.97,0.1639,30.9
106,CL5r1,cluster,5.0,1,0.3701,0.3716,0.3701,0.3085,0.2794,0.0,120,1.0,11.04,0.0786,33.9
106,CL5r2,cluster,5.0,2,0.3918,0.3926,0.3918,0.3258,0.295,-0.0,120,1.0,9.99,0.0786,33.9
106,CL5r3,cluster,5.0,3,0.3316,0.331,0.3316,0.2765,0.25,-0.0,30,0.8,4.73,0.0816,33.8
106,CL7r1,cluster,7.0,1,0.2478,0.2478,0.2478,0.2023,0.1841,-0.0,120,1.0,11.23,0.0477,35.0
106,CL7r2,cluster,7.0,2,0.249,0.2492,0.249,0.2107,0.1918,-0.0,120,1.0,14.78,0.0474,35.0
106,CL7r3,cluster,7.0,3,0.221,0.2217,0.221,0.1872,0.1702,-0.0,30,0.8,6.11,0.0495,35.0
106,MU3r1,multi_cluster,3.0,1,0.9987,0.9987,0.9987,0.6748,0.6022,0.0,150,1.0,18.74,0.2143,29.1
106,MU3r2,multi_cluster,3.0,2,1.7915,1.7915,1.7915,1.1097,0.9918,0.0,155,1.0,19.68,0.2451,28.2
106,MU3r3,multi_cluster,3.0,3,0.8271,0.8271,0.8271,0.6003,0.5354,0.0,115,1.0,11.34,0.2225,28.8
106,MU5r1,multi_cluster,5.0,1,0.4852,0.4853,0.4852,0.4182,0.3776,0.0,150,1.0,10.49,0.1066,32.9
106,MU5r2,multi_cluster,5.0,2,0.7345,0.7346,0.7345,0.5558,0.5016,0.0,150,1.0,10.75,0.1213,32.5
106,MU5r3,multi_cluster,5.0,3,0.41,0.41,0.41,0.3772,0.3402,0.0,115,1.0,5.06,0.1105,32.8
106,MU7r1,multi_cluster,7.0,1,0.2626,0.2626,0.2626,0.2683,0.2433,0.0,150,1.0,10.36,0.0632,34.5
106,MU7r2,multi_cluster,7.0,2,0.4011,0.4011,0.4011,0.3408,0.3093,0.0,150,1.0,15.57,0.0722,34.2
106,MU7r3,multi_cluster,7.0,3,0.2515,0.2517,0.2515,0.2436,0.2205,0.0,30,1.0,14.69,0.0655,34.4
107,RU3r1,rule_grid,3.0,1,5.8744,5.8756,5.8744,3.0477,2.1379,0.0,75,1.0,8.02,0.3867,15.4
107,RU3r2,rule_grid,3.0,2,6.5,6.5,6.5,3.3462,2.2215,0.0,50,1.0,1.64,0.3866,15.5
107,RU3r3,rule_grid,3.0,3,7.8773,7.8778,7.8773,4.2896,2.907,0.0,45,1.0,4.99,0.3846,15.8
107,RU5r1,rule_grid,5.0,1,3.1033,3.1033,3.1033,1.6185,1.1019,0.0,165,1.0,22.26,0.2032,19.5
107,RU5r2,rule_grid,5.0,2,3.4529,3.4528,3.4529,1.7703,1.1568,-0.0,50,1.0,2.05,0.2038,19.6
107,RU5r3,rule_grid,5.0,3,3.814,3.8137,3.814,2.116,1.3957,-0.0,45,1.0,7.4,0.2019,19.7
107,RU7r1,rule_grid,7.0,1,1.8523,1.8523,1.8523,0.9733,0.641,0.0,75,1.0,5.03,0.127,21.1
107,RU7r2,rule_grid,7.0,2,2.0162,2.0162,2.0162,1.0378,0.6594,0.0,50,1.0,10.12,0.1258,21.2
107,RU7r3,rule_grid,7.0,3,2.4128,2.4128,2.4128,1.4196,0.8981,0.0,90,1.0,7.06,0.1246,21.3
107,BE3r1,belt,3.0,1,14.4282,14.4281,14.4282,9.5374,6.3564,0.0,125,1.0,6.28,0.2455,20.5
107,BE3r2,belt,3.0,2,10.5622,10.5624,10.5622,6.2358,4.232,-0.0,125,1.0,8.47,0.352,17.0
107,BE3r3,belt,3.0,3,12.8731,12.8739,12.8731,8.3397,5.5556,0.0,100,1.0,1.04,0.3511,17.4
107,BE5r1,belt,5.0,1,7.1383,7.1382,7.1383,4.6519,2.9511,-0.0,125,1.0,6.28,0.1285,22.2
107,BE5r2,belt,5.0,2,5.3725,5.3728,5.3725,3.2236,2.0604,-0.0,75,1.0,8.01,0.1836,20.4
107,BE5r3,belt,5.0,3,6.4259,6.4259,6.4259,4.1652,2.6268,0.0,105,1.0,1.04,0.183,20.7
107,BE7r1,belt,7.0,1,4.1766,4.1766,4.1766,2.7426,1.701,0.0,125,1.0,8.0,0.0788,22.8
107,BE7r2,belt,7.0,2,3.3949,3.3951,3.3949,2.06,1.2767,-0.0,75,1.0,7.36,0.1133,21.8
107,BE7r3,belt,7.0,3,3.8548,3.8548,3.8548,2.5285,1.5516,-0.0,105,1.0,1.24,0.1122,21.9
107,CL3r1,cluster,3.0,1,6.2151,6.2156,6.2151,3.456,2.0582,-0.0,40,1.0,19.18,0.2232,19.6
107,CL3r2,cluster,3.0,2,6.1343,6.1371,6.1343,3.4941,2.09,0.0,45,1.0,0.79,0.2234,19.6
107,CL3r3,cluster,3.0,3,5.929,5.9245,5.929,3.6146,2.2561,-0.0,160,1.0,2.91,0.2304,19.4
107,CL5r1,cluster,5.0,1,3.3279,3.3262,3.3279,1.8303,1.1119,-0.0,40,1.0,19.46,0.1148,21.7
107,CL5r2,cluster,5.0,2,3.2675,3.2714,3.2675,1.8432,1.1213,-0.0,40,1.0,9.68,0.1149,21.7
107,CL5r3,cluster,5.0,3,3.1555,3.1553,3.1555,1.8875,1.1755,0.0,160,1.0,2.57,0.1186,21.6
107,CL7r1,cluster,7.0,1,2.0452,2.0453,2.0452,1.1619,0.718,0.0,160,1.0,19.8,0.0706,22.5
107,CL7r2,cluster,7.0,2,1.9927,1.9954,1.9927,1.131,0.6944,0.0,40,1.0,17.26,0.0702,22.5
107,CL7r3,cluster,7.0,3,2.0813,2.0814,2.0813,1.2661,0.7865,-0.0,160,1.0,0.92,0.0732,22.5
107,MU3r1,multi_cluster,3.0,1,7.3304,7.3304,7.3304,4.2335,2.7633,0.0,75,1.0,8.24,0.2925,18.0
107,MU3r2,multi_cluster,3.0,2,9.1089,9.1094,9.1089,5.2485,3.5173,-0.0,75,1.0,8.34,0.3302,17.4
107,MU3r3,multi_cluster,3.0,3,5.8278,5.8281,5.8278,3.2662,2.194,-0.0,160,1.0,15.74,0.3036,17.5
107,MU5r1,multi_cluster,5.0,1,4.0115,4.0115,4.0115,2.2634,1.4661,0.0,75,1.0,8.05,0.1509,21.0
107,MU5r2,multi_cluster,5.0,2,4.7401,4.74,4.7401,2.7447,1.7632,-0.0,75,1.0,8.14,0.171,20.6
107,MU5r3,multi_cluster,5.0,3,3.2254,3.2255,3.2254,1.7926,1.1889,-0.0,75,1.0,4.08,0.1565,20.7
107,MU7r1,multi_cluster,7.0,1,2.4955,2.4956,2.4955,1.4143,0.8992,0.0,75,1.0,8.05,0.0916,22.1
107,MU7r2,multi_cluster,7.0,2,2.9738,2.9738,2.9738,1.7373,1.0847,0.0,75,1.0,7.22,0.1048,21.9
107,MU7r3,multi_cluster,7.0,3,2.0392,2.0391,2.0392,1.1447,0.7404,0.0,75,1.0,3.9,0.0951,21.9
108,RU3r1,rule_grid,3.0,1,1.5308,1.5307,1.5308,0.9733,0.8108,-0.0,30,1.0,10.36,0.3132,22.8
108,RU3r2,rule_grid,3.0,2,1.3852,1.3855,1.3852,0.7613,0.6284,0.0,135,1.0,14.78,0.3129,22.8
108,RU3r3,rule_grid,3.0,3,2.7037,2.7037,2.7037,1.7421,1.4335,-0.0,130,1.0,1.77,0.3114,23.2
108,RU5r1,rule_grid,5.0,1,0.7658,0.766,0.7658,0.5497,0.458,0.0,120,1.0,8.38,0.1571,27.8
108,RU5r2,rule_grid,5.0,2,0.7696,0.7698,0.7696,0.3935,0.3257,0.0,125,1.0,14.45,0.1573,27.8
108,RU5r3,rule_grid,5.0,3,1.18,1.1808,1.18,0.7966,0.6588,-0.0,130,1.0,2.16,0.1559,28.0
108,RU7r1,rule_grid,7.0,1,0.4498,0.4498,0.4498,0.3291,0.2729,-0.0,120,1.0,4.12,0.0955,29.8
108,RU7r2,rule_grid,7.0,2,0.4677,0.4677,0.4677,0.2362,0.1964,-0.0,125,1.0,21.27,0.0945,29.8
108,RU7r3,rule_grid,7.0,3,0.6934,0.6935,0.6934,0.4951,0.4089,0.0,130,1.0,2.48,0.0937,29.9
108,BE3r1,belt,3.0,1,6.07,6.07,6.07,4.5267,3.8085,0.0,165,1.0,11.15,0.1947,28.0
108,BE3r2,belt,3.0,2,3.792,3.7922,3.792,2.6078,2.1756,0.0,165,1.0,11.15,0.2831,24.4
108,BE3r3,belt,3.0,3,4.5568,4.5572,4.5568,2.9502,2.4559,0.0,5,1.0,1.81,0.2824,24.6
108,BE5r1,belt,5.0,1,2.6187,2.6186,2.6187,2.0372,1.6977,0.0,165,1.0,11.15,0.0986,30.3
108,BE5r2,belt,5.0,2,1.6749,1.6749,1.6749,1.2033,0.9935,0.0,160,1.0,15.98,0.1417,28.6
108,BE5r3,belt,5.0,3,2.032,2.032,2.032,1.3862,1.1464,0.0,5,1.0,10.76,0.1412,28.7
108,BE7r1,belt,7.0,1,1.4439,1.4439,1.4439,1.1485,0.9544,0.0,160,1.0,11.17,0.0592,31.3
108,BE7r2,belt,7.0,2,0.9924,0.9924,0.9924,0.7406,0.6111,0.0,160,1.0,11.17,0.0853,30.3
108,BE7r3,belt,7.0,3,1.176,1.176,1.176,0.8382,0.6929,0.0,0,1.0,10.81,0.0844,30.3
108,CL3r1,cluster,3.0,1,1.369,1.369,1.369,0.8487,0.6902,-0.0,125,1.0,2.02,0.171,27.5
108,CL3r2,cluster,3.0,2,1.4381,1.4474,1.4381,0.9007,0.7336,0.0,125,1.0,2.02,0.1711,27.5
108,CL3r3,cluster,3.0,3,1.2501,1.2602,1.2501,0.7785,0.637,-0.0,35,1.0,3.89,0.1781,27.3
108,CL5r1,cluster,5.0,1,0.7311,0.7317,0.7311,0.5124,0.4228,0.0,120,1.0,1.71,0.0859,30.2
108,CL5r2,cluster,5.0,2,0.7621,0.7628,0.7621,0.531,0.4382,0.0,125,1.0,1.9,0.086,30.2
108,CL5r3,cluster,5.0,3,0.6647,0.6633,0.6647,0.4597,0.3798,-0.0,35,1.0,4.47,0.0891,30.0
108,CL7r1,cluster,7.0,1,0.4534,0.4534,0.4534,0.324,0.2689,-0.0,120,1.0,2.09,0.0522,31.2
108,CL7r2,cluster,7.0,2,0.4657,0.4659,0.4657,0.3357,0.2785,0.0,120,1.0,2.13,0.0519,31.2
108,CL7r3,cluster,7.0,3,0.4233,0.4249,0.4233,0.3059,0.2538,0.0,35,1.0,3.24,0.0543,31.1
108,MU3r1,multi_cluster,3.0,1,1.7687,1.7687,1.7687,1.1259,0.9284,0.0,30,1.0,21.52,0.2315,25.6
108,MU3r2,multi_cluster,3.0,2,2.8205,2.8205,2.8205,1.9058,1.5834,0.0,160,1.0,19.17,0.2641,24.8
108,MU3r3,multi_cluster,3.0,3,1.3946,1.3947,1.3946,0.9291,0.7677,0.0,120,1.0,5.11,0.2404,25.2
108,MU5r1,multi_cluster,5.0,1,0.9413,0.9413,0.9413,0.6621,0.5501,0.0,30,1.0,17.8,0.116,29.2
108,MU5r2,multi_cluster,5.0,2,1.2804,1.2804,1.2804,0.9045,0.7486,0.0,160,1.0,15.76,0.1318,28.8
108,MU5r3,multi_cluster,5.0,3,0.7623,0.7623,0.7623,0.5556,0.462,0.0,120,1.0,4.18,0.1202,29.0
108,MU7r1,multi_cluster,7.0,1,0.5782,0.5782,0.5782,0.4168,0.3463,0.0,30,1.0,17.61,0.069,30.7
108,MU7r2,multi_cluster,7.0,2,0.7496,0.7496,0.7496,0.5476,0.4529,0.0,160,1.0,15.76,0.0789,30.4
108,MU7r3,multi_cluster,7.0,3,0.4753,0.4753,0.4753,0.3519,0.2924,0.0,120,1.0,12.64,0.0715,30.5
109,RU3r1,rule_grid,3.0,1,0.734,0.734,0.734,0.4384,0.3744,0.0,75,0.8,7.17,0.2993,25.7
109,RU3r2,rule_grid,3.0,2,0.8257,0.8258,0.8257,0.4978,0.4141,-0.0,150,1.0,20.52,0.2988,25.8
109,RU3r3,rule_grid,3.0,3,1.2891,1.2893,1.2891,0.7272,0.6018,0.0,145,1.0,16.84,0.2976,25.9
109,RU5r1,rule_grid,5.0,1,0.3661,0.3661,0.3661,0.3363,0.2844,-0.0,135,0.8,6.43,0.147,31.2
109,RU5r2,rule_grid,5.0,2,0.3817,0.3817,0.3817,0.3162,0.2675,0.0,150,1.0,19.29,0.1471,31.2
109,RU5r3,rule_grid,5.0,3,0.5551,0.5555,0.5551,0.3865,0.3259,0.0,145,1.0,16.57,0.1461,31.3
109,RU7r1,rule_grid,7.0,1,0.2462,0.2462,0.2462,0.2483,0.2077,0.0,135,0.8,26.62,0.0884,33.3
109,RU7r2,rule_grid,7.0,2,0.2412,0.2413,0.2412,0.2361,0.1966,0.0,155,0.8,16.94,0.0874,33.4
109,RU7r3,rule_grid,7.0,3,0.3381,0.3381,0.3381,0.2809,0.2339,0.0,145,1.0,17.58,0.0868,33.4
109,BE3r1,belt,3.0,1,3.5122,3.5123,3.5122,2.2625,1.9143,0.0,0,1.0,26.31,0.1882,30.6
109,BE3r2,belt,3.0,2,2.2115,2.2116,2.2115,1.4834,1.2495,0.0,175,1.0,25.47,0.2714,27.2
109,BE3r3,belt,3.0,3,2.5415,2.5415,2.5415,1.5232,1.2739,0.0,10,1.0,11.69,0.2707,27.3
109,BE5r1,belt,5.0,1,1.5145,1.5145,1.5145,1.0962,0.9162,0.0,0,1.0,27.64,0.0935,33.6
109,BE5r2,belt,5.0,2,0.9914,0.9916,0.9914,0.7819,0.6512,0.0,0,1.0,22.25,0.1332,31.9
109,BE5r3,belt,5.0,3,1.0543,1.0544,1.0543,0.7802,0.6489,0.0,25,1.0,3.49,0.1327,32.0
109,BE7r1,belt,7.0,1,0.8601,0.8601,0.8601,0.6571,0.5479,-0.0,0,1.0,22.67,0.0555,34.7
109,BE7r2,belt,7.0,2,0.6182,0.6182,0.6182,0.5161,0.4289,0.0,0,1.0,22.3,0.0793,33.8
109,BE7r3,belt,7.0,3,0.6252,0.6253,0.6252,0.498,0.413,0.0,25,1.0,3.8,0.0786,33.8
109,CL3r1,cluster,3.0,1,0.4448,0.4448,0.4448,0.334,0.2741,-0.0,135,0.8,12.77,0.1623,30.7
109,CL3r2,cluster,3.0,2,0.4967,0.4995,0.4967,0.315,0.2564,-0.0,135,0.8,13.84,0.1624,30.7
109,CL3r3,cluster,3.0,3,0.5491,0.5563,0.5491,0.363,0.2987,0.0,75,0.8,5.86,0.169,30.5
109,CL5r1,cluster,5.0,1,0.2755,0.2753,0.2755,0.2792,0.2321,-0.0,135,0.8,11.92,0.0796,33.6
109,CL5r2,cluster,5.0,2,0.2804,0.2805,0.2804,0.2168,0.1804,-0.0,135,0.8,13.67,0.0798,33.6
109,CL5r3,cluster,5.0,3,0.2556,0.2544,0.2556,0.2108,0.1747,0.0,75,0.8,7.29,0.0827,33.5
109,CL7r1,cluster,7.0,1,0.1683,0.1683,0.1683,0.1972,0.1645,0.0,90,0.8,9.8,0.0479,34.8
109,CL7r2,cluster,7.0,2,0.168,0.1679,0.168,0.1645,0.1375,0.0,135,0.8,12.27,0.0477,34.8
109,CL7r3,cluster,7.0,3,0.1544,0.1552,0.1544,0.1709,0.1428,-0.0,75,0.8,6.76,0.0499,34.7
109,MU3r1,multi_cluster,3.0,1,0.9995,0.9996,0.9995,0.6932,0.5741,-0.0,170,0.8,28.5,0.2225,28.6
109,MU3r2,multi_cluster,3.0,2,1.6722,1.6722,1.6722,1.1573,0.9707,0.0,175,1.0,25.47,0.2533,27.7
109,MU3r3,multi_cluster,3.0,3,0.6821,0.6821,0.6821,0.4033,0.3334,0.0,165,0.6,11.41,0.2303,28.3
109,MU5r1,multi_cluster,5.0,1,0.4774,0.4775,0.4774,0.4621,0.3867,0.0,0,0.8,26.61,0.1094,32.6
109,MU5r2,multi_cluster,5.0,2,0.7751,0.7751,0.7751,0.644,0.5379,0.0,0,1.0,22.25,0.1241,32.2
109,MU5r3,multi_cluster,5.0,3,0.3302,0.3302,0.3302,0.3153,0.2656,-0.0,165,0.8,25.97,0.113,32.4
109,MU7r1,multi_cluster,7.0,1,0.3312,0.3312,0.3312,0.3208,0.2683,0.0,0,0.8,25.64,0.0644,34.2
109,MU7r2,multi_cluster,7.0,2,0.4947,0.4946,0.4947,0.4304,0.3586,0.0,0,1.0,22.3,0.0735,33.9
109,MU7r3,multi_cluster,7.0,3,0.2164,0.2164,0.2164,0.2353,0.1972,-0.0,135,0.8,10.27,0.0666,34.1
110,RU3r1,rule_grid,3.0,1,4.0723,4.0724,4.0723,2.3673,1.9064,0.0,50,1.0,10.99,0.3107,23.7
110,RU3r2,rule_grid,3.0,2,2.295,2.2951,2.295,1.4108,1.108,0.0,125,1.0,12.66,0.3103,23.3
110,RU3r3,rule_grid,3.0,3,4.1878,4.1879,4.1878,2.9885,2.3897,0.0,145,1.0,2.23,0.3089,23.8
110,RU5r1,rule_grid,5.0,1,1.9238,1.9238,1.9238,1.2621,1.012,0.0,45,1.0,1.59,0.1531,28.5
110,RU5r2,rule_grid,5.0,2,1.2823,1.2824,1.2823,0.8004,0.6313,0.0,125,1.0,12.66,0.1532,28.4
110,RU5r3,rule_grid,5.0,3,1.9457,1.9464,1.9457,1.4839,1.1849,0.0,145,1.0,3.14,0.1521,28.6
110,RU7r1,rule_grid,7.0,1,1.1599,1.1599,1.1599,0.7738,0.6157,-0.0,135,1.0,1.24,0.0922,30.4
110,RU7r2,rule_grid,7.0,2,0.7539,0.7539,0.7539,0.4739,0.3752,0.0,125,1.0,12.66,0.0911,30.3
110,RU7r3,rule_grid,7.0,3,1.2354,1.2354,1.2354,0.9706,0.7708,0.0,145,1.0,3.14,0.0905,30.4
110,BE3r1,belt,3.0,1,7.2622,7.2622,7.2622,5.3091,4.3141,-0.0,10,1.0,27.66,0.1954,28.5
110,BE3r2,belt,3.0,2,5.5193,5.5193,5.5193,3.4791,2.8078,0.0,145,1.0,1.19,0.2818,25.1
110,BE3r3,belt,3.0,3,5.9069,5.907,5.9069,3.9907,3.1893,0.0,175,1.0,28.86,0.2811,25.2
110,BE5r1,belt,5.0,1,3.3807,3.3808,3.3807,2.41,1.9299,0.0,150,1.0,28.09,0.0973,30.9
110,BE5r2,belt,5.0,2,2.5833,2.5833,2.5833,1.6744,1.3319,0.0,145,1.0,1.93,0.1387,29.2
110,BE5r3,belt,5.0,3,2.6432,2.6432,2.6432,1.8362,1.4542,-0.0,175,1.0,28.92,0.1382,29.3
110,BE7r1,belt,7.0,1,1.9469,1.9469,1.9469,1.3984,1.1157,0.0,150,1.0,15.87,0.0579,31.8
110,BE7r2,belt,7.0,2,1.5415,1.5415,1.5415,1.0297,0.8169,0.0,145,1.0,10.98,0.0827,30.8
110,BE7r3,belt,7.0,3,1.5472,1.5471,1.5472,1.1187,0.8854,0.0,0,1.0,35.98,0.0819,30.8
110,CL3r1,cluster,3.0,1,2.8604,2.8604,2.8604,1.8088,1.4221,0.0,50,1.0,13.93,0.1691,28.3
110,CL3r2,cluster,3.0,2,2.9436,2.9484,2.9436,1.8998,1.4908,-0.0,140,1.0,10.39,0.1692,28.3
110,CL3r3,cluster,3.0,3,3.645,3.6441,3.645,2.2419,1.7576,-0.0,50,1.0,0.61,0.176,28.2
110,CL5r1,cluster,5.0,1,1.488,1.4923,1.488,0.9358,0.7428,-0.0,50,1.0,14.03,0.083,30.8
110,CL5r2,cluster,5.0,2,1.5415,1.5413,1.5415,1.0261,0.8156,-0.0,135,1.0,10.55,0.0832,30.8
110,CL5r3,cluster,5.0,3,1.7979,1.7983,1.7979,1.1485,0.9118,-0.0,50,1.0,0.92,0.0863,30.8
110,CL7r1,cluster,7.0,1,0.9575,0.9575,0.9575,0.6377,0.5093,0.0,135,1.0,13.85,0.05,31.7
110,CL7r2,cluster,7.0,2,0.9997,1.0002,0.9997,0.6714,0.5356,0.0,135,1.0,10.64,0.0498,31.7
110,CL7r3,cluster,7.0,3,1.135,1.1349,1.135,0.7544,0.6012,0.0,45,1.0,1.19,0.052,31.7
110,MU3r1,multi_cluster,3.0,1,4.413,4.4131,4.413,2.6732,2.1157,-0.0,140,1.0,1.19,0.2313,26.5
110,MU3r2,multi_cluster,3.0,2,4.9579,4.9579,4.9579,3.0637,2.4467,-0.0,145,1.0,1.18,0.2632,25.6
110,MU3r3,multi_cluster,3.0,3,4.0513,4.0513,4.0513,2.3614,1.8775,-0.0,50,1.0,12.39,0.2394,26.2
110,MU5r1,multi_cluster,5.0,1,2.1725,2.1725,2.1725,1.3542,1.0809,0.0,140,1.0,8.39,0.1139,29.9
110,MU5r2,multi_cluster,5.0,2,2.3458,2.3459,2.3458,1.4749,1.1785,-0.0,145,1.0,1.59,0.1293,29.5
110,MU5r3,multi_cluster,5.0,3,1.9895,1.9896,1.9895,1.2873,1.0292,0.0,140,1.0,1.43,0.1177,29.8
110,MU7r1,multi_cluster,7.0,1,1.2757,1.2758,1.2757,0.8546,0.6816,-0.0,135,1.0,8.32,0.0672,31.2
110,MU7r2,multi_cluster,7.0,2,1.394,1.3941,1.394,0.88,0.7007,0.0,145,1.0,8.57,0.0767,31.0
110,MU7r3,multi_cluster,7.0,3,1.2381,1.2383,1.2381,0.82,0.654,0.0,135,1.0,1.24,0.0694,31.2
111,RU3r1,rule_grid,3.0,1,5.1771,5.1773,5.1771,3.0141,2.2181,-0.0,5,1.0,8.35,0.3274,23.6
111,RU3r2,rule_grid,3.0,2,5.2643,5.2642,5.2643,3.034,2.2281,0.0,60,1.0,11.35,0.3269,23.6
111,RU3r3,rule_grid,3.0,3,6.6789,6.6795,6.6789,4.3562,3.1759,0.0,105,1.0,6.18,0.3257,24.0
111,RU5r1,rule_grid,5.0,1,2.7106,2.7108,2.7106,1.6613,1.1904,0.0,95,1.0,9.05,0.1615,28.7
111,RU5r2,rule_grid,5.0,2,2.575,2.575,2.575,1.5299,1.1023,0.0,60,1.0,14.58,0.1616,28.7
111,RU5r3,rule_grid,5.0,3,3.1286,3.1304,3.1286,2.1166,1.514,0.0,105,1.0,6.65,0.1606,28.9
111,RU7r1,rule_grid,7.0,1,1.5755,1.5755,1.5755,0.9951,0.702,0.0,5,1.0,7.62,0.0972,30.6
111,RU7r2,rule_grid,7.0,2,1.4845,1.4845,1.4845,0.9111,0.646,0.0,60,1.0,11.83,0.096,30.6
111,RU7r3,rule_grid,7.0,3,1.9134,1.9134,1.9134,1.3287,0.9355,-0.0,110,1.0,5.22,0.0955,30.7
111,BE3r1,belt,3.0,1,11.4408,11.4408,11.4408,8.4095,6.0946,0.0,145,1.0,-0.0,0.2094,29.4
111,BE3r2,belt,3.0,2,8.8937,8.8939,8.8937,5.8215,4.1998,0.0,145,1.0,4.5,0.2983,25.5
111,BE3r3,belt,3.0,3,10.2016,10.2019,10.2016,7.1092,5.1153,0.0,120,1.0,0.46,0.2976,25.8
111,BE5r1,belt,5.0,1,5.38,5.38,5.38,3.9884,2.8205,0.0,145,1.0,-0.0,0.1038,31.5
111,BE5r2,belt,5.0,2,4.1509,4.1507,4.1509,2.8097,1.9757,-0.0,145,1.0,6.11,0.1468,29.6
111,BE5r3,belt,5.0,3,4.7465,4.7465,4.7465,3.3561,2.3618,-0.0,120,1.0,0.61,0.1463,29.8
111,BE7r1,belt,7.0,1,3.0682,3.0682,3.0682,2.2982,1.6134,0.0,145,1.0,4.5,0.0617,32.3
111,BE7r2,belt,7.0,2,2.4691,2.4691,2.4691,1.7229,1.2008,0.0,145,1.0,7.75,0.0875,31.2
111,BE7r3,belt,7.0,3,2.7592,2.7591,2.7592,1.996,1.3913,0.0,120,1.0,0.82,0.0867,31.3
111,CL3r1,cluster,3.0,1,4.5991,4.5994,4.5991,2.9159,1.9914,0.0,60,1.0,8.5,0.1809,28.6
111,CL3r2,cluster,3.0,2,4.548,4.5478,4.548,2.9118,1.9919,-0.0,60,1.0,4.91,0.181,28.6
111,CL3r3,cluster,3.0,3,3.9955,3.9933,3.9955,2.7154,1.8975,-0.0,0,1.0,25.61,0.1877,28.2
111,CL5r1,cluster,5.0,1,2.2651,2.2647,2.2651,1.51,1.0532,0.0,60,1.0,8.26,0.0876,31.1
111,CL5r2,cluster,5.0,2,2.2535,2.2602,2.2535,1.4979,1.0452,0.0,60,1.0,8.02,0.0879,31.1
111,CL5r3,cluster,5.0,3,2.0491,2.0491,2.0491,1.421,1.0001,0.0,0,1.0,16.3,0.0912,30.9
111,CL7r1,cluster,7.0,1,1.3522,1.3522,1.3522,0.9153,0.643,-0.0,60,1.0,8.99,0.0525,32.0
111,CL7r2,cluster,7.0,2,1.3455,1.3481,1.3455,0.9048,0.6329,0.0,60,1.0,8.1,0.0524,32.0
111,CL7r3,cluster,7.0,3,1.3179,1.3178,1.3179,0.928,0.6521,-0.0,0,1.0,16.3,0.0547,31.9
111,MU3r1,multi_cluster,3.0,1,5.6422,5.6423,5.6422,3.6359,2.5928,0.0,95,1.0,8.12,0.2467,26.5
111,MU3r2,multi_cluster,3.0,2,7.5247,7.525,7.5247,4.7829,3.435,0.0,145,1.0,6.11,0.2794,25.8
111,MU3r3,multi_cluster,3.0,3,4.7594,4.7595,4.7594,2.8819,2.0912,0.0,5,1.0,13.44,0.2547,26.0
111,MU5r1,multi_cluster,5.0,1,2.9896,2.9897,2.9896,1.9865,1.409,-0.0,95,1.0,8.4,0.1209,30.2
111,MU5r2,multi_cluster,5.0,2,3.5751,3.5751,3.5751,2.4131,1.7109,0.0,145,1.0,7.75,0.1369,29.8
111,MU5r3,multi_cluster,5.0,3,2.5823,2.5824,2.5823,1.632,1.1653,0.0,95,1.0,5.16,0.1247,30.0
111,MU7r1,multi_cluster,7.0,1,1.7948,1.7949,1.7948,1.2224,0.8601,0.0,95,1.0,8.4,0.0713,31.5
111,MU7r2,multi_cluster,7.0,2,2.1247,2.1248,2.1247,1.4855,1.0419,-0.0,95,1.0,8.2,0.0812,31.3
111,MU7r3,multi_cluster,7.0,3,1.5635,1.5635,1.5635,1.0226,0.7218,0.0,95,1.0,5.16,0.0736,31.4
112,RU3r1,rule_grid,3.0,1,6.9348,6.936,6.9348,3.3612,2.3644,-0.0,75,1.0,3.17,0.3839,16.3
112,RU3r2,rule_grid,3.0,2,7.2442,7.2441,7.2442,4.0818,2.7461,-0.0,50,1.0,1.23,0.3838,16.4
112,RU3r3,rule_grid,3.0,3,8.6885,8.6891,8.6885,4.9081,3.2799,0.0,45,1.0,3.76,0.3818,16.7
112,RU5r1,rule_grid,5.0,1,3.6311,3.631,3.6311,1.748,1.1843,-0.0,165,1.0,18.23,0.2011,20.5
112,RU5r2,rule_grid,5.0,2,3.8759,3.8759,3.8759,2.1752,1.4304,-0.0,50,1.0,9.73,0.2017,20.6
112,RU5r3,rule_grid,5.0,3,4.2908,4.2905,4.2908,2.3873,1.5539,0.0,45,1.0,7.15,0.1998,20.7
112,RU7r1,rule_grid,7.0,1,2.1527,2.1527,2.1527,1.0552,0.6933,-0.0,75,1.0,4.68,0.1254,22.1
112,RU7r2,rule_grid,7.0,2,2.2832,2.2832,2.2832,1.2936,0.8318,0.0,50,1.0,13.95,0.1242,22.2
112,RU7r3,rule_grid,7.0,3,2.749,2.749,2.749,1.5295,0.9772,0.0,90,1.0,7.15,0.123,22.3
112,BE3r1,belt,3.0,1,14.8482,14.8482,14.8482,10.1458,6.8085,0.0,125,1.0,8.49,0.2433,21.5
112,BE3r2,belt,3.0,2,11.644,11.644,11.644,6.8543,4.6749,-0.0,75,1.0,8.44,0.3493,18.0
112,BE3r3,belt,3.0,3,13.7928,13.7936,13.7928,8.7541,5.8339,-0.0,100,1.0,0.79,0.3484,18.4
112,BE5r1,belt,5.0,1,7.45,7.4502,7.45,5.0338,3.227,0.0,75,1.0,8.01,0.127,23.3
112,BE5r2,belt,5.0,2,5.9997,5.9999,5.9997,3.5301,2.2821,-0.0,80,1.0,6.06,0.1817,21.5
112,BE5r3,belt,5.0,3,6.9817,6.9817,6.9817,4.4059,2.8052,-0.0,105,1.0,0.79,0.1811,21.7
112,BE7r1,belt,7.0,1,4.4114,4.4114,4.4114,2.9796,1.8688,0.0,75,1.0,6.96,0.0778,23.9
112,BE7r2,belt,7.0,2,3.7962,3.7963,3.7962,2.2592,1.4119,0.0,80,1.0,6.06,0.1119,22.9
112,BE7r3,belt,7.0,3,4.2098,4.2098,4.2098,2.6955,1.675,0.0,105,1.0,0.79,0.1108,23.0
112,CL3r1,cluster,3.0,1,6.5856,6.5862,6.5856,3.8834,2.3572,-0.0,40,1.0,19.32,0.2208,20.6
112,CL3r2,cluster,3.0,2,6.4701,6.4731,6.4701,3.8991,2.3698,0.0,40,1.0,9.63,0.221,20.6
112,CL3r3,cluster,3.0,3,6.5879,6.5842,6.5879,3.9797,2.5063,0.0,160,1.0,0.61,0.2281,20.4
112,CL5r1,cluster,5.0,1,3.5603,3.559,3.5603,2.0673,1.277,0.0,40,1.0,19.46,0.1133,22.8
112,CL5r2,cluster,5.0,2,3.5062,3.5085,3.5062,2.0889,1.2907,0.0,40,1.0,17.33,0.1134,22.7
112,CL5r3,cluster,5.0,3,3.4381,3.4396,3.4381,2.0548,1.2916,0.0,160,1.0,0.61,0.1172,22.6
112,CL7r1,cluster,7.0,1,2.1956,2.1957,2.1956,1.2954,0.8054,0.0,160,1.0,21.14,0.0696,23.6
112,CL7r2,cluster,7.0,2,2.1522,2.1544,2.1522,1.3001,0.8076,0.0,40,1.0,19.7,0.0692,23.6
112,CL7r3,cluster,7.0,3,2.2458,2.246,2.2458,1.3738,0.8639,0.0,160,1.0,0.61,0.0722,23.5
112,MU3r1,multi_cluster,3.0,1,8.3345,8.3344,8.3345,4.6701,3.0676,0.0,75,1.0,5.05,0.29,19.1
112,MU3r2,multi_cluster,3.0,2,10.2161,10.2167,10.2161,5.8483,3.9412,0.0,75,1.0,8.36,0.3275,18.4
112,MU3r3,multi_cluster,3.0,3,6.7805,6.7806,6.7805,3.6595,2.4601,-0.0,165,1.0,12.22,0.3009,18.5
112,MU5r1,multi_cluster,5.0,1,4.5403,4.5403,4.5403,2.5049,1.6221,-0.0,75,1.0,4.88,0.1492,22.0
112,MU5r2,multi_cluster,5.0,2,5.2866,5.2866,5.2866,3.0476,1.9802,0.0,75,1.0,6.49,0.1692,21.7
112,MU5r3,multi_cluster,5.0,3,3.7399,3.7399,3.7399,1.9517,1.3061,0.0,75,1.0,4.34,0.1548,21.7
112,MU7r1,multi_cluster,7.0,1,2.8025,2.8026,2.8025,1.5629,0.9953,-0.0,75,1.0,6.55,0.0905,23.2
112,MU7r2,multi_cluster,7.0,2,3.2832,3.2832,3.2832,1.9215,1.2162,0.0,75,1.0,6.42,0.1035,23.0
112,MU7r3,multi_cluster,7.0,3,2.3383,2.3382,2.3383,1.2325,0.8063,0.0,75,1.0,9.54,0.0939,23.0
113,RU3r1,rule_grid,3.0,1,0.5567,0.5567,0.5567,0.409,0.4372,0.0,150,1.0,13.07,0.2483,36.7
113,RU3r2,rule_grid,3.0,2,0.4401,0.4402,0.4401,0.4861,0.5356,0.0,85,0.6,12.95,0.2477,36.7
113,RU3r3,rule_grid,3.0,3,0.7685,0.7691,0.7685,0.7028,0.7762,-0.0,75,1.0,6.0,0.2466,36.9
113,RU5r1,rule_grid,5.0,1,0.2897,0.2899,0.2897,0.2684,0.2938,0.0,60,1.0,6.63,0.1229,42.8
113,RU5r2,rule_grid,5.0,2,0.2593,0.2593,0.2593,0.2739,0.3073,-0.0,85,0.6,15.07,0.123,42.7
113,RU5r3,rule_grid,5.0,3,0.3202,0.3203,0.3202,0.3226,0.3567,0.0,75,0.8,9.22,0.1218,42.8
113,RU7r1,rule_grid,7.0,1,0.1699,0.1699,0.1699,0.1863,0.2085,0.0,90,0.8,6.56,0.074,45.1
113,RU7r2,rule_grid,7.0,2,0.1685,0.1686,0.1685,0.1816,0.2039,-0.0,85,0.8,14.83,0.0735,45.1
113,RU7r3,rule_grid,7.0,3,0.1981,0.1981,0.1981,0.2246,0.2559,0.0,75,0.8,6.13,0.0728,45.2
113,BE3r1,belt,3.0,1,2.1798,2.1798,2.1798,1.7004,1.8935,0.0,145,1.0,7.54,0.1502,42.2
113,BE3r2,belt,3.0,2,1.4714,1.4714,1.4714,1.0386,1.1385,0.0,150,1.0,7.64,0.2224,38.3
113,BE3r3,belt,3.0,3,1.4943,1.4944,1.4943,1.3312,1.4749,0.0,125,1.0,6.24,0.2218,38.4
113,BE5r1,belt,5.0,1,0.8636,0.8637,0.8636,0.7435,0.8517,0.0,145,1.0,8.07,0.0756,45.3
113,BE5r2,belt,5.0,2,0.602,0.6021,0.602,0.4865,0.5536,0.0,150,1.0,8.39,0.1102,43.5
113,BE5r3,belt,5.0,3,0.6109,0.6109,0.6109,0.6064,0.696,-0.0,120,1.0,9.04,0.1097,43.5
113,BE7r1,belt,7.0,1,0.4593,0.4593,0.4593,0.4158,0.4817,0.0,150,1.0,8.16,0.0452,46.6
113,BE7r2,belt,7.0,2,0.3376,0.3376,0.3376,0.2985,0.3456,-0.0,150,1.0,8.29,0.0659,45.6
113,BE7r3,belt,7.0,3,0.3439,0.3439,0.3439,0.3571,0.418,0.0,120,1.0,8.71,0.0652,45.6
113,CL3r1,cluster,3.0,1,0.3696,0.3697,0.3696,0.334,0.3726,0.0,60,1.0,10.8,0.1309,42.4
113,CL3r2,cluster,3.0,2,0.3744,0.3749,0.3744,0.3205,0.3616,0.0,60,1.0,4.68,0.1306,42.4
113,CL3r3,cluster,3.0,3,0.3818,0.3835,0.3818,0.3189,0.3611,-0.0,155,1.0,24.99,0.1369,42.1
113,CL5r1,cluster,5.0,1,0.2409,0.2419,0.2409,0.1992,0.2264,-0.0,60,1.0,7.94,0.0664,45.5
113,CL5r2,cluster,5.0,2,0.2237,0.2244,0.2237,0.2119,0.2423,0.0,60,1.0,10.07,0.0662,45.5
113,CL5r3,cluster,5.0,3,0.1993,0.1999,0.1993,0.2083,0.239,0.0,155,1.0,26.23,0.0688,45.3
113,CL7r1,cluster,7.0,1,0.163,0.163,0.163,0.1745,0.1999,-0.0,90,0.8,13.62,0.0406,46.7
113,CL7r2,cluster,7.0,2,0.1572,0.1574,0.1572,0.1663,0.1915,0.0,90,0.8,4.71,0.0401,46.7
113,CL7r3,cluster,7.0,3,0.1582,0.158,0.1582,0.1667,0.1926,-0.0,0,0.8,21.21,0.0421,46.6
113,MU3r1,multi_cluster,3.0,1,0.7246,0.7246,0.7246,0.517,0.5694,-0.0,150,1.0,8.21,0.1787,40.2
113,MU3r2,multi_cluster,3.0,2,1.1702,1.1702,1.1702,0.8158,0.8982,-0.0,150,1.0,8.67,0.2063,39.0
113,MU3r3,multi_cluster,3.0,3,0.5109,0.5109,0.5109,0.3838,0.4183,0.0,60,1.0,10.85,0.1863,39.7
113,MU5r1,multi_cluster,5.0,1,0.3833,0.3834,0.3833,0.3382,0.379,-0.0,150,1.0,9.11,0.0896,44.4
113,MU5r2,multi_cluster,5.0,2,0.5088,0.5088,0.5088,0.4023,0.4531,0.0,150,1.0,8.38,0.1023,43.9
113,MU5r3,multi_cluster,5.0,3,0.2828,0.2828,0.2828,0.2716,0.3011,0.0,60,1.0,8.37,0.0931,44.2
113,MU7r1,multi_cluster,7.0,1,0.222,0.222,0.222,0.2304,0.2619,0.0,150,0.8,8.91,0.0532,46.1
113,MU7r2,multi_cluster,7.0,2,0.2847,0.2847,0.2847,0.2662,0.3029,0.0,150,1.0,8.68,0.0609,45.8
113,MU7r3,multi_cluster,7.0,3,0.18,0.1801,0.18,0.1924,0.2162,0.0,90,0.8,9.72,0.0553,46.0
114,RU3r1,rule_grid,3.0,1,1.5148,1.5149,1.5148,1.0001,0.9113,-0.0,135,1.0,9.25,0.2795,30.0
114,RU3r2,rule_grid,3.0,2,0.7917,0.7917,0.7917,0.5958,0.5411,0.0,25,1.0,17.6,0.279,29.8
114,RU3r3,rule_grid,3.0,3,1.782,1.782,1.782,1.2707,1.1629,0.0,145,1.0,2.89,0.2778,30.2
114,RU5r1,rule_grid,5.0,1,0.7129,0.7129,0.7129,0.5705,0.5333,-0.0,45,1.0,7.26,0.1369,35.7
114,RU5r2,rule_grid,5.0,2,0.4813,0.4813,0.4813,0.374,0.3456,-0.0,125,1.0,18.25,0.137,35.6
114,RU5r3,rule_grid,5.0,3,0.7586,0.7588,0.7586,0.6295,0.5897,0.0,145,1.0,2.97,0.1358,35.8
114,RU7r1,rule_grid,7.0,1,0.4107,0.4107,0.4107,0.3612,0.3411,0.0,135,1.0,10.63,0.082,37.8
114,RU7r2,rule_grid,7.0,2,0.2853,0.2853,0.2853,0.2586,0.2427,0.0,25,1.0,16.76,0.0812,37.8
114,RU7r3,rule_grid,7.0,3,0.4492,0.4492,0.4492,0.418,0.399,0.0,145,1.0,3.62,0.0806,37.9
114,BE3r1,belt,3.0,1,4.0624,4.0624,4.0624,3.3789,3.1623,0.0,15,1.0,2.99,0.1721,35.4
114,BE3r2,belt,3.0,2,2.3671,2.3673,2.3671,1.9424,1.7895,0.0,25,1.0,3.71,0.2518,31.4
114,BE3r3,belt,3.0,3,2.4989,2.499,2.4989,2.0311,1.8678,0.0,25,1.0,11.19,0.2512,31.5
114,BE5r1,belt,5.0,1,1.6478,1.6478,1.6478,1.4277,1.361,0.0,20,1.0,3.73,0.0856,38.2
114,BE5r2,belt,5.0,2,1.0196,1.0196,1.0196,0.8599,0.8134,-0.0,25,1.0,4.58,0.1234,36.4
114,BE5r3,belt,5.0,3,1.1167,1.1167,1.1167,0.9812,0.9238,-0.0,25,1.0,11.24,0.1229,36.4
114,BE7r1,belt,7.0,1,0.8955,0.8955,0.8955,0.7773,0.7522,0.0,20,1.0,3.28,0.0508,39.3
114,BE7r2,belt,7.0,2,0.6096,0.6096,0.6096,0.5526,0.5334,0.0,25,1.0,4.58,0.0733,38.3
114,BE7r3,belt,7.0,3,0.6743,0.6743,0.6743,0.6179,0.5916,-0.0,25,1.0,11.24,0.0726,38.3
114,CL3r1,cluster,3.0,1,0.9271,0.9272,0.9271,0.7134,0.6833,0.0,130,1.0,2.99,0.1483,35.3
114,CL3r2,cluster,3.0,2,0.9448,0.9461,0.9448,0.7275,0.6956,-0.0,130,1.0,3.04,0.1483,35.3
114,CL3r3,cluster,3.0,3,1.0465,1.0484,1.0465,0.7818,0.7377,0.0,40,1.0,6.49,0.1551,35.1
114,CL5r1,cluster,5.0,1,0.4946,0.4971,0.4946,0.4011,0.3878,0.0,130,1.0,2.8,0.0736,38.2
114,CL5r2,cluster,5.0,2,0.5015,0.5044,0.5015,0.4347,0.4184,0.0,135,1.0,2.97,0.0737,38.2
114,CL5r3,cluster,5.0,3,0.5118,0.5132,0.5118,0.4454,0.4268,-0.0,45,1.0,6.26,0.0765,38.1
114,CL7r1,cluster,7.0,1,0.3018,0.3019,0.3018,0.2682,0.2599,-0.0,130,1.0,3.1,0.0445,39.4
114,CL7r2,cluster,7.0,2,0.3196,0.3201,0.3196,0.2861,0.2775,-0.0,135,1.0,2.99,0.0442,39.4
114,CL7r3,cluster,7.0,3,0.3297,0.3296,0.3297,0.3005,0.2908,0.0,45,1.0,8.78,0.0463,39.3
114,MU3r1,multi_cluster,3.0,1,1.4078,1.4078,1.4078,1.0351,0.9562,-0.0,40,1.0,9.43,0.2042,33.1
114,MU3r2,multi_cluster,3.0,2,1.8516,1.8517,1.8516,1.3931,1.2843,0.0,25,1.0,4.87,0.2342,32.0
114,MU3r3,multi_cluster,3.0,3,1.3005,1.3005,1.3005,0.9283,0.8553,0.0,135,1.0,2.7,0.2121,32.8
114,MU5r1,multi_cluster,5.0,1,0.7209,0.7209,0.7209,0.611,0.5773,-0.0,45,1.0,10.22,0.1008,37.2
114,MU5r2,multi_cluster,5.0,2,0.8257,0.8258,0.8257,0.68,0.6401,-0.0,25,1.0,10.34,0.1147,36.7
114,MU5r3,multi_cluster,5.0,3,0.6712,0.6712,0.6712,0.555,0.5226,-0.0,135,1.0,4.02,0.1044,37.0
114,MU7r1,multi_cluster,7.0,1,0.4408,0.4409,0.4408,0.3984,0.3807,0.0,45,1.0,9.29,0.0593,38.8
114,MU7r2,multi_cluster,7.0,2,0.493,0.493,0.493,0.4352,0.4146,0.0,25,1.0,10.35,0.0679,38.5
114,MU7r3,multi_cluster,7.0,3,0.4084,0.4084,0.4084,0.3644,0.3471,0.0,45,1.0,14.83,0.0615,38.7
115,RU3r1,rule_grid,3.0,1,6.3925,6.3939,6.3925,3.1406,2.2633,0.0,70,1.0,0.61,0.3764,17.6
115,RU3r2,rule_grid,3.0,2,7.0093,7.0092,7.0093,3.7817,2.5842,0.0,45,1.0,0.96,0.3763,17.7
115,RU3r3,rule_grid,3.0,3,7.961,7.9615,7.961,4.1615,2.8322,0.0,40,1.0,6.26,0.3744,18.0
115,RU5r1,rule_grid,5.0,1,3.2335,3.2334,3.2335,1.6187,1.1457,-0.0,160,1.0,0.71,0.1961,22.1
115,RU5r2,rule_grid,5.0,2,3.7555,3.7555,3.7555,2.0339,1.3624,-0.0,45,1.0,1.14,0.1966,22.2
115,RU5r3,rule_grid,5.0,3,3.9393,3.939,3.9393,2.0101,1.3629,-0.0,40,1.0,7.48,0.1948,22.3
115,RU7r1,rule_grid,7.0,1,1.9219,1.9218,1.9219,0.9863,0.6735,0.0,75,1.0,0.77,0.1218,23.8
115,RU7r2,rule_grid,7.0,2,2.2141,2.2141,2.2141,1.1945,0.7852,0.0,45,1.0,9.77,0.1207,23.9
115,RU7r3,rule_grid,7.0,3,2.541,2.541,2.541,1.3569,0.8888,-0.0,90,1.0,5.77,0.1195,24.0
115,BE3r1,belt,3.0,1,13.3166,13.3166,13.3166,9.0823,6.2612,0.0,75,1.0,7.4,0.2377,23.0
115,BE3r2,belt,3.0,2,10.6063,10.6063,10.6063,6.0092,4.1855,-0.0,75,1.0,4.68,0.3421,19.3
115,BE3r3,belt,3.0,3,12.9094,12.91,12.9094,7.9467,5.4036,0.0,100,1.0,0.46,0.3413,19.8
115,BE5r1,belt,5.0,1,6.6724,6.6727,6.6724,4.4507,2.9397,-0.0,75,1.0,7.1,0.1237,24.9
115,BE5r2,belt,5.0,2,5.4877,5.4879,5.4877,3.0903,2.0413,0.0,75,1.0,4.63,0.177,23.1
115,BE5r3,belt,5.0,3,6.5314,6.5314,6.5314,4.0029,2.6082,0.0,100,1.0,0.46,0.1765,23.3
115,BE7r1,belt,7.0,1,3.9357,3.9358,3.9357,2.6284,1.7032,-0.0,75,1.0,5.98,0.0755,25.5
115,BE7r2,belt,7.0,2,3.4194,3.4196,3.4194,1.9725,1.2712,0.0,75,1.0,0.46,0.1087,24.5
115,BE7r3,belt,7.0,3,3.9084,3.9084,3.9084,2.4361,1.5566,0.0,100,1.0,0.68,0.1077,24.7
115,CL3r1,cluster,3.0,1,5.7378,5.7378,5.7378,3.3962,2.1401,0.0,160,1.0,19.67,0.215,22.1
115,CL3r2,cluster,3.0,2,5.4748,5.4773,5.4748,3.5058,2.2097,0.0,40,1.0,16.3,0.2152,22.0
115,CL3r3,cluster,3.0,3,6.0946,6.0902,6.0946,3.8634,2.497,0.0,155,1.0,0.61,0.2223,21.9
115,CL5r1,cluster,5.0,1,3.0863,3.0859,3.0863,1.7635,1.1244,0.0,160,1.0,19.12,0.11,24.4
115,CL5r2,cluster,5.0,2,2.9563,2.956,2.9563,1.8322,1.1749,-0.0,160,1.0,20.25,0.1101,24.4
115,CL5r3,cluster,5.0,3,3.1287,3.1267,3.1287,1.9899,1.2885,-0.0,155,1.0,0.79,0.1138,24.3
115,CL7r1,cluster,7.0,1,1.9721,1.9722,1.9721,1.161,0.7543,0.0,160,1.0,16.87,0.0675,25.3
115,CL7r2,cluster,7.0,2,1.8637,1.8632,1.8637,1.1615,0.7499,0.0,160,1.0,20.07,0.0671,25.3
115,CL7r3,cluster,7.0,3,2.0555,2.0558,2.0555,1.3377,0.8662,-0.0,155,1.0,0.98,0.07,25.2
115,MU3r1,multi_cluster,3.0,1,7.6626,7.6625,7.6626,4.2674,2.8856,-0.0,70,1.0,0.61,0.2835,20.5
115,MU3r2,multi_cluster,3.0,2,9.1287,9.1294,9.1287,5.1644,3.5632,0.0,70,1.0,0.77,0.3206,19.7
115,MU3r3,multi_cluster,3.0,3,6.3576,6.3576,6.3576,3.4931,2.4059,-0.0,160,1.0,0.68,0.2943,20.0
115,MU5r1,multi_cluster,5.0,1,4.0478,4.0478,4.0478,2.2839,1.5256,-0.0,70,1.0,0.71,0.1453,23.6
115,MU5r2,multi_cluster,5.0,2,4.7837,4.7836,4.7837,2.6498,1.7757,0.0,75,1.0,0.71,0.1649,23.3
115,MU5r3,multi_cluster,5.0,3,3.3977,3.3977,3.3977,1.8666,1.283,0.0,70,1.0,0.61,0.1507,23.3
115,MU7r1,multi_cluster,7.0,1,2.4795,2.4796,2.4795,1.4203,0.9346,0.0,70,1.0,0.71,0.0879,24.8
115,MU7r2,multi_cluster,7.0,2,2.9666,2.9665,2.9666,1.6646,1.0893,-0.0,75,1.0,0.79,0.1005,24.6
115,MU7r3,multi_cluster,7.0,3,2.1046,2.1045,2.1046,1.1891,0.7994,-0.0,70,1.0,1.26,0.0912,24.7
116,RU3r1,rule_grid,3.0,1,0.3881,0.388,0.3881,0.3148,0.3371,-0.0,150,0.8,7.16,0.2469,38.9
116,RU3r2,rule_grid,3.0,2,0.7829,0.783,0.7829,0.6191,0.651,0.0,150,1.0,10.31,0.2463,39.1
116,RU3r3,rule_grid,3.0,3,0.9245,0.925,0.9245,0.7985,0.8579,0.0,90,0.8,2.83,0.2452,39.2
116,RU5r1,rule_grid,5.0,1,0.218,0.2181,0.218,0.1797,0.2012,-0.0,60,0.8,8.67,0.1207,45.4
116,RU5r2,rule_grid,5.0,2,0.368,0.3681,0.368,0.3516,0.387,-0.0,150,1.0,15.35,0.1208,45.4
116,RU5r3,rule_grid,5.0,3,0.4056,0.4058,0.4056,0.4296,0.477,0.0,90,0.8,6.31,0.1196,45.5
116,RU7r1,rule_grid,7.0,1,0.1254,0.1255,0.1254,0.1201,0.138,0.0,60,0.8,12.02,0.0721,47.8
116,RU7r2,rule_grid,7.0,2,0.1907,0.1907,0.1907,0.2193,0.2498,-0.0,150,0.8,12.37,0.0716,47.9
116,RU7r3,rule_grid,7.0,3,0.2508,0.2508,0.2508,0.2862,0.33,0.0,90,0.8,9.52,0.0709,48.0
116,BE3r1,belt,3.0,1,2.3425,2.3425,2.3425,1.7971,1.9757,-0.0,145,1.0,2.58,0.1484,44.9
116,BE3r2,belt,3.0,2,1.4534,1.4534,1.4534,1.0158,1.0941,0.0,145,1.0,3.77,0.2207,40.7
116,BE3r3,belt,3.0,3,1.7221,1.7221,1.7221,1.4056,1.5116,0.0,150,1.0,1.77,0.2201,40.9
116,BE5r1,belt,5.0,1,0.9143,0.9144,0.9143,0.7609,0.8767,0.0,145,1.0,5.08,0.0742,48.1
116,BE5r2,belt,5.0,2,0.5674,0.5675,0.5674,0.4571,0.5235,0.0,150,1.0,5.52,0.1083,46.2
116,BE5r3,belt,5.0,3,0.6953,0.6953,0.6953,0.6933,0.7887,0.0,150,1.0,4.52,0.1077,46.3
116,BE7r1,belt,7.0,1,0.4723,0.4723,0.4723,0.4155,0.4949,-0.0,145,1.0,5.42,0.044,49.5
116,BE7r2,belt,7.0,2,0.31,0.3101,0.31,0.2793,0.3318,-0.0,150,0.8,5.59,0.0643,48.3
116,BE7r3,belt,7.0,3,0.3697,0.3697,0.3697,0.4198,0.4941,-0.0,150,1.0,6.37,0.0636,48.4
116,CL3r1,cluster,3.0,1,0.2654,0.2654,0.2654,0.2016,0.245,0.0,150,0.8,13.28,0.1283,45.0
116,CL3r2,cluster,3.0,2,0.2396,0.242,0.2396,0.2304,0.2672,-0.0,85,0.8,9.44,0.128,45.0
116,CL3r3,cluster,3.0,3,0.2684,0.2709,0.2684,0.2253,0.2624,0.0,60,0.8,22.35,0.1345,44.7
116,CL5r1,cluster,5.0,1,0.1739,0.1756,0.1739,0.1277,0.1569,0.0,60,0.8,11.01,0.0646,48.3
116,CL5r2,cluster,5.0,2,0.1613,0.1626,0.1613,0.1212,0.1466,0.0,60,0.8,9.66,0.0644,48.3
116,CL5r3,cluster,5.0,3,0.1604,0.161,0.1604,0.1284,0.1513,0.0,150,0.8,23.26,0.067,48.1
116,CL7r1,cluster,7.0,1,0.111,0.1111,0.111,0.1017,0.1178,-0.0,150,0.8,16.48,0.0393,49.5
116,CL7r2,cluster,7.0,2,0.1018,0.1022,0.1018,0.0903,0.1054,-0.0,60,0.8,15.62,0.0389,49.5
116,CL7r3,cluster,7.0,3,0.1107,0.1107,0.1107,0.0835,0.0995,0.0,60,0.8,20.33,0.0408,49.5
116,MU3r1,multi_cluster,3.0,1,0.6107,0.6108,0.6107,0.4759,0.5297,0.0,150,1.0,9.02,0.1766,42.7
116,MU3r2,multi_cluster,3.0,2,1.0993,1.0993,1.0993,0.7815,0.8467,0.0,150,1.0,7.27,0.2044,41.4
116,MU3r3,multi_cluster,3.0,3,0.3618,0.3618,0.3618,0.2874,0.3165,0.0,60,0.8,4.19,0.1842,42.2
116,MU5r1,multi_cluster,5.0,1,0.333,0.3331,0.333,0.276,0.3203,-0.0,150,0.8,14.47,0.0879,47.1
116,MU5r2,multi_cluster,5.0,2,0.4682,0.4682,0.4682,0.3783,0.4344,0.0,150,0.8,7.4,0.1004,46.5
116,MU5r3,multi_cluster,5.0,3,0.2221,0.2222,0.2221,0.1785,0.2033,0.0,60,0.8,11.14,0.0913,46.9
116,MU7r1,multi_cluster,7.0,1,0.1935,0.1936,0.1935,0.1747,0.2078,0.0,150,0.8,13.54,0.0518,48.9
116,MU7r2,multi_cluster,7.0,2,0.2562,0.2563,0.2562,0.2303,0.2731,-0.0,150,0.8,13.39,0.0593,48.6
116,MU7r3,multi_cluster,7.0,3,0.1344,0.1345,0.1344,0.1163,0.1348,-0.0,60,0.8,7.69,0.0539,48.8
117,RU3r1,rule_grid,3.0,1,0.6016,0.6016,0.6016,0.5184,0.6007,0.0,165,0.8,11.08,0.215,42.0
117,RU3r2,rule_grid,3.0,2,0.538,0.538,0.538,0.485,0.5611,-0.0,90,1.0,16.63,0.2144,42.0
117,RU3r3,rule_grid,3.0,3,0.9366,0.9369,0.9366,0.744,0.8797,0.0,85,1.0,7.64,0.2136,42.2
117,RU5r1,rule_grid,5.0,1,0.2972,0.2973,0.2972,0.2785,0.332,0.0,75,0.8,10.39,0.102,47.8
117,RU5r2,rule_grid,5.0,2,0.3133,0.3133,0.3133,0.2863,0.3411,-0.0,90,1.0,15.31,0.1019,47.9
117,RU5r3,rule_grid,5.0,3,0.4344,0.4346,0.4344,0.3697,0.4499,0.0,85,1.0,7.92,0.1011,48.0
117,RU7r1,rule_grid,7.0,1,0.1701,0.1701,0.1701,0.1724,0.213,0.0,75,1.0,5.15,0.06,50.0
117,RU7r2,rule_grid,7.0,2,0.2094,0.2093,0.2094,0.1833,0.2279,0.0,90,1.0,11.01,0.0593,50.1
117,RU7r3,rule_grid,7.0,3,0.2568,0.2568,0.2568,0.2308,0.2935,0.0,90,1.0,7.67,0.0589,50.1
117,BE3r1,belt,3.0,1,2.1999,2.1999,2.1999,1.8664,2.2426,0.0,95,1.0,3.82,0.1313,47.2
117,BE3r2,belt,3.0,2,1.4594,1.4594,1.4594,1.1814,1.3961,-0.0,95,1.0,4.19,0.1931,43.5
117,BE3r3,belt,3.0,3,1.3468,1.3468,1.3468,1.1241,1.3019,-0.0,90,1.0,5.21,0.1925,43.5
117,BE5r1,belt,5.0,1,0.8876,0.8877,0.8876,0.7925,1.0087,0.0,100,1.0,3.77,0.0636,50.2
117,BE5r2,belt,5.0,2,0.5773,0.5773,0.5773,0.5257,0.6485,0.0,95,1.0,4.19,0.0919,48.5
117,BE5r3,belt,5.0,3,0.603,0.603,0.603,0.5257,0.6476,0.0,90,1.0,5.49,0.0914,48.6
117,BE7r1,belt,7.0,1,0.485,0.485,0.485,0.4493,0.5792,0.0,90,1.0,3.88,0.0371,51.4
117,BE7r2,belt,7.0,2,0.3338,0.3339,0.3338,0.3179,0.4085,0.0,90,1.0,6.17,0.0537,50.4
117,BE7r3,belt,7.0,3,0.3739,0.3739,0.3739,0.3227,0.4145,0.0,90,1.0,4.9,0.0531,50.5
117,CL3r1,cluster,3.0,1,0.452,0.452,0.452,0.4058,0.5045,-0.0,90,1.0,8.03,0.1097,47.5
117,CL3r2,cluster,3.0,2,0.4497,0.4515,0.4497,0.3983,0.5047,0.0,85,1.0,7.87,0.1097,47.5
117,CL3r3,cluster,3.0,3,0.5144,0.5159,0.5144,0.466,0.5957,0.0,170,1.0,32.51,0.1154,47.2
117,CL5r1,cluster,5.0,1,0.2169,0.217,0.2169,0.2177,0.2859,-0.0,75,1.0,13.42,0.0537,50.4
117,CL5r2,cluster,5.0,2,0.2436,0.2437,0.2436,0.2221,0.2856,-0.0,80,1.0,10.91,0.0537,50.4
117,CL5r3,cluster,5.0,3,0.2697,0.2709,0.2697,0.2489,0.324,-0.0,170,1.0,17.24,0.0559,50.3
117,CL7r1,cluster,7.0,1,0.1686,0.1686,0.1686,0.1658,0.2136,0.0,90,1.0,10.65,0.0322,51.5
117,CL7r2,cluster,7.0,2,0.1636,0.1638,0.1636,0.1617,0.2104,-0.0,80,1.0,10.66,0.032,51.5
117,CL7r3,cluster,7.0,3,0.1828,0.1831,0.1828,0.1797,0.2365,0.0,170,1.0,17.49,0.0335,51.4
117,MU3r1,multi_cluster,3.0,1,0.7827,0.7827,0.7827,0.694,0.8459,0.0,90,1.0,5.0,0.1546,45.3
117,MU3r2,multi_cluster,3.0,2,1.1755,1.1755,1.1755,0.9616,1.1537,-0.0,95,1.0,4.75,0.1787,44.1
117,MU3r3,multi_cluster,3.0,3,0.5826,0.5826,0.5826,0.5223,0.6275,0.0,0,1.0,15.21,0.1606,44.9
117,MU5r1,multi_cluster,5.0,1,0.3896,0.3897,0.3896,0.3739,0.4683,-0.0,90,1.0,7.46,0.0748,49.3
117,MU5r2,multi_cluster,5.0,2,0.4909,0.4909,0.4909,0.4576,0.5648,0.0,90,1.0,7.2,0.0853,48.8
117,MU5r3,multi_cluster,5.0,3,0.3048,0.3048,0.3048,0.2935,0.3602,0.0,75,0.8,5.04,0.0774,49.2
117,MU7r1,multi_cluster,7.0,1,0.2346,0.2346,0.2346,0.2345,0.3007,0.0,90,1.0,7.24,0.0434,50.9
117,MU7r2,multi_cluster,7.0,2,0.2869,0.287,0.2869,0.2781,0.356,-0.0,90,1.0,7.01,0.0497,50.6
117,MU7r3,multi_cluster,7.0,3,0.1843,0.1844,0.1843,0.1902,0.2392,0.0,90,1.0,5.15,0.045,50.8
118,RU3r1,rule_grid,3.0,1,0.8506,0.8506,0.8506,0.5544,0.4552,-0.0,45,0.8,7.53,0.3032,25.5
118,RU3r2,rule_grid,3.0,2,0.9329,0.9331,0.9329,0.6654,0.5506,0.0,150,1.0,21.29,0.3028,25.6
118,RU3r3,rule_grid,3.0,3,1.8036,1.8037,1.8036,1.0044,0.8219,0.0,145,1.0,16.28,0.3015,25.8
118,RU5r1,rule_grid,5.0,1,0.429,0.429,0.429,0.3661,0.3047,0.0,135,0.8,8.95,0.1491,31.0
118,RU5r2,rule_grid,5.0,2,0.5674,0.5674,0.5674,0.4048,0.3335,-0.0,155,1.0,18.73,0.1492,31.1
118,RU5r3,rule_grid,5.0,3,0.8027,0.8033,0.8027,0.5207,0.4256,0.0,145,1.0,17.13,0.1481,31.2
118,RU7r1,rule_grid,7.0,1,0.2423,0.2423,0.2423,0.2573,0.2118,0.0,0,0.8,21.02,0.0897,33.2
118,RU7r2,rule_grid,7.0,2,0.3727,0.3728,0.3727,0.2692,0.2206,-0.0,155,1.0,18.73,0.0887,33.2
118,RU7r3,rule_grid,7.0,3,0.4816,0.4816,0.4816,0.353,0.2882,0.0,145,1.0,17.09,0.088,33.3
118,BE3r1,belt,3.0,1,4.4172,4.4173,4.4172,2.8259,2.3512,0.0,5,1.0,17.28,0.1907,30.7
118,BE3r2,belt,3.0,2,2.7288,2.7288,2.7288,1.8307,1.515,0.0,0,1.0,23.01,0.275,27.1
118,BE3r3,belt,3.0,3,2.8894,2.8895,2.8894,1.8189,1.4941,-0.0,20,1.0,16.32,0.2743,27.1
118,BE5r1,belt,5.0,1,1.8723,1.8723,1.8723,1.3284,1.0925,-0.0,0,1.0,17.71,0.0948,33.5
118,BE5r2,belt,5.0,2,1.1742,1.1744,1.1742,0.9183,0.7522,0.0,0,1.0,28.39,0.1351,31.8
118,BE5r3,belt,5.0,3,1.1536,1.1536,1.1536,0.8821,0.7209,-0.0,25,1.0,16.28,0.1346,31.8
118,BE7r1,belt,7.0,1,1.047,1.047,1.047,0.7806,0.6409,-0.0,0,1.0,12.02,0.0563,34.6
118,BE7r2,belt,7.0,2,0.72,0.72,0.72,0.591,0.4834,-0.0,0,1.0,22.75,0.0804,33.6
118,BE7r3,belt,7.0,3,0.6758,0.6758,0.6758,0.5508,0.4495,-0.0,25,1.0,24.21,0.0797,33.7
118,CL3r1,cluster,3.0,1,0.5631,0.5631,0.5631,0.4405,0.3542,0.0,140,0.8,10.08,0.1646,30.5
118,CL3r2,cluster,3.0,2,0.5841,0.5893,0.5841,0.3808,0.3043,0.0,140,0.8,8.1,0.1647,30.5
118,CL3r3,cluster,3.0,3,0.497,0.5035,0.497,0.4681,0.3786,0.0,55,0.8,5.31,0.1714,30.3
118,CL5r1,cluster,5.0,1,0.3522,0.3518,0.3522,0.3296,0.2695,0.0,90,0.8,8.63,0.0807,33.5
118,CL5r2,cluster,5.0,2,0.2648,0.2646,0.2648,0.2613,0.2137,-0.0,140,0.8,10.45,0.0809,33.5
118,CL5r3,cluster,5.0,3,0.2566,0.262,0.2566,0.2606,0.2127,0.0,90,0.8,5.2,0.0839,33.4
118,CL7r1,cluster,7.0,1,0.2274,0.2274,0.2274,0.2205,0.1811,-0.0,90,1.0,11.67,0.0486,34.6
118,CL7r2,cluster,7.0,2,0.1899,0.1905,0.1899,0.1869,0.1537,0.0,0,0.8,10.45,0.0484,34.6
118,CL7r3,cluster,7.0,3,0.2107,0.2136,0.2107,0.1988,0.1634,0.0,90,0.8,8.44,0.0506,34.6
118,MU3r1,multi_cluster,3.0,1,1.0986,1.0986,1.0986,0.869,0.7065,0.0,175,1.0,23.97,0.2255,28.4
118,MU3r2,multi_cluster,3.0,2,2.0226,2.0226,2.0226,1.4335,1.181,0.0,0,1.0,28.47,0.2568,27.5
118,MU3r3,multi_cluster,3.0,3,0.6941,0.6941,0.6941,0.5188,0.4218,0.0,140,0.8,7.07,0.2334,28.0
118,MU5r1,multi_cluster,5.0,1,0.5709,0.571,0.5709,0.5312,0.4371,-0.0,0,0.8,26.17,0.1109,32.5
118,MU5r2,multi_cluster,5.0,2,0.9166,0.9166,0.9166,0.7504,0.6165,-0.0,0,1.0,30.55,0.1259,32.0
118,MU5r3,multi_cluster,5.0,3,0.3604,0.3605,0.3604,0.3486,0.2888,0.0,135,0.8,12.49,0.1146,32.3
118,MU7r1,multi_cluster,7.0,1,0.3853,0.3853,0.3853,0.3578,0.2945,-0.0,0,0.8,28.9,0.0654,34.1
118,MU7r2,multi_cluster,7.0,2,0.573,0.573,0.573,0.4876,0.3998,0.0,0,1.0,22.75,0.0746,33.8
118,MU7r3,multi_cluster,7.0,3,0.2419,0.2419,0.2419,0.2513,0.2073,-0.0,90,0.8,9.26,0.0675,34.0
119,RU3r1,rule_grid,3.0,1,3.8825,3.8828,3.8825,2.7879,2.2149,0.0,25,1.0,16.14,0.3168,24.4
119,RU3r2,rule_grid,3.0,2,5.1736,5.1736,5.1736,3.3289,2.5954,-0.0,105,1.0,0.71,0.3164,24.7
119,RU3r3,rule_grid,3.0,3,5.4344,5.4347,5.4344,3.9444,3.0632,0.0,105,1.0,3.69,0.315,24.8
119,RU5r1,rule_grid,5.0,1,2.0178,2.018,2.0178,1.3968,1.1069,-0.0,45,1.0,12.05,0.1563,29.6
119,RU5r2,rule_grid,5.0,2,2.699,2.699,2.699,1.7528,1.3625,-0.0,105,1.0,6.4,0.1564,29.8
119,RU5r3,rule_grid,5.0,3,2.5889,2.5888,2.5889,1.8774,1.4551,0.0,105,1.0,4.75,0.1553,29.8
119,RU7r1,rule_grid,7.0,1,1.2468,1.2468,1.2468,0.8588,0.6684,0.0,45,1.0,10.1,0.094,31.5
119,RU7r2,rule_grid,7.0,2,1.5839,1.5839,1.5839,1.0407,0.8065,-0.0,105,1.0,6.4,0.093,31.7
119,RU7r3,rule_grid,7.0,3,1.5632,1.5632,1.5632,1.1609,0.8984,0.0,105,1.0,6.16,0.0923,31.7
119,BE3r1,belt,3.0,1,9.5496,9.5496,9.5496,7.7252,6.1109,-0.0,135,1.0,14.99,0.199,30.2
119,BE3r2,belt,3.0,2,7.154,7.1541,7.154,5.2335,4.0981,0.0,135,1.0,14.43,0.2873,26.3
119,BE3r3,belt,3.0,3,8.5403,8.5406,8.5403,6.3899,4.9353,0.0,160,1.0,0.82,0.2866,26.6
119,BE5r1,belt,5.0,1,4.5927,4.5928,4.5927,3.6836,2.8782,-0.0,135,1.0,14.99,0.0993,32.4
119,BE5r2,belt,5.0,2,3.5521,3.5523,3.5521,2.6052,2.0176,-0.0,135,1.0,14.42,0.1416,30.6
119,BE5r3,belt,5.0,3,3.9197,3.9197,3.9197,2.94,2.2662,-0.0,160,1.0,0.82,0.1411,30.7
119,BE7r1,belt,7.0,1,2.7027,2.7027,2.7027,2.1643,1.6876,0.0,135,1.0,14.42,0.059,33.2
119,BE7r2,belt,7.0,2,2.2232,2.2232,2.2232,1.656,1.2817,0.0,135,1.0,14.42,0.0843,32.2
119,BE7r3,belt,7.0,3,2.2548,2.2548,2.2548,1.7517,1.3552,0.0,160,1.0,1.33,0.0835,32.2
119,CL3r1,cluster,3.0,1,4.0958,4.096,4.0958,2.9383,2.245,0.0,110,1.0,10.29,0.1726,29.6
119,CL3r2,cluster,3.0,2,4.1296,4.131,4.1296,2.9972,2.2883,0.0,110,1.0,1.18,0.1727,29.6
119,CL3r3,cluster,3.0,3,4.3874,4.3879,4.3874,3.161,2.4217,0.0,25,1.0,1.7,0.1797,29.4
119,CL5r1,cluster,5.0,1,2.0457,2.0437,2.0457,1.4877,1.1544,-0.0,110,1.0,11.52,0.0846,32.1
119,CL5r2,cluster,5.0,2,2.1164,2.1201,2.1164,1.5547,1.2062,0.0,110,1.0,9.4,0.0848,32.1
119,CL5r3,cluster,5.0,3,2.1489,2.15,2.1489,1.5697,1.2169,0.0,25,1.0,2.13,0.088,32.0
119,CL7r1,cluster,7.0,1,1.3173,1.3173,1.3173,0.9735,0.7604,-0.0,110,1.0,11.52,0.0509,33.1
119,CL7r2,cluster,7.0,2,1.3196,1.3222,1.3196,0.9801,0.765,-0.0,110,1.0,9.4,0.0507,33.1
119,CL7r3,cluster,7.0,3,1.3963,1.3962,1.3963,1.0276,0.8011,-0.0,25,1.0,1.97,0.053,33.0
119,MU3r1,multi_cluster,3.0,1,4.7517,4.7518,4.7517,3.317,2.5793,0.0,130,1.0,17.46,0.2359,27.5
119,MU3r2,multi_cluster,3.0,2,6.0306,6.0306,6.0306,4.2411,3.3017,0.0,135,1.0,14.08,0.2684,26.7
119,MU3r3,multi_cluster,3.0,3,4.3249,4.325,4.3249,3.0719,2.3956,0.0,25,1.0,7.11,0.2442,27.1
119,MU5r1,multi_cluster,5.0,1,2.4624,2.4624,2.4624,1.6422,1.2878,0.0,135,1.0,18.19,0.1162,31.1
119,MU5r2,multi_cluster,5.0,2,3.0649,3.0649,3.0649,2.1774,1.6917,0.0,135,1.0,14.37,0.1319,30.8
119,MU5r3,multi_cluster,5.0,3,2.1812,2.1813,2.1812,1.5725,1.2339,0.0,115,1.0,2.75,0.1201,30.9
119,MU7r1,multi_cluster,7.0,1,1.5303,1.5304,1.5303,1.0447,0.8128,0.0,135,1.0,18.19,0.0685,32.5
119,MU7r2,multi_cluster,7.0,2,1.9121,1.9123,1.9121,1.3848,1.0741,0.0,135,1.0,14.14,0.0782,32.3
119,MU7r3,multi_cluster,7.0,3,1.3542,1.3541,1.3542,0.9793,0.7636,-0.0,115,1.0,2.91,0.0708,32.4
120,RU3r1,rule_grid,3.0,1,2.5982,2.5989,2.5982,1.4506,1.0722,0.0,70,1.0,3.52,0.3644,20.5
120,RU3r2,rule_grid,3.0,2,1.8582,1.8582,1.8582,1.1118,0.8017,0.0,55,1.0,7.9,0.3642,20.4
120,RU3r3,rule_grid,3.0,3,2.1748,2.1753,2.1748,1.2644,0.9176,0.0,75,1.0,9.9,0.3625,20.5
120,RU5r1,rule_grid,5.0,1,1.3508,1.3506,1.3508,0.8216,0.5916,0.0,160,1.0,7.78,0.1899,25.8
120,RU5r2,rule_grid,5.0,2,0.9343,0.9347,0.9343,0.5759,0.4109,0.0,55,1.0,7.77,0.1904,25.7
120,RU5r3,rule_grid,5.0,3,1.0493,1.0501,1.0493,0.6135,0.4384,-0.0,75,1.0,10.25,0.1887,25.8
120,RU7r1,rule_grid,7.0,1,0.8158,0.816,0.8158,0.5085,0.3545,0.0,160,1.0,12.3,0.118,28.0
120,RU7r2,rule_grid,7.0,2,0.5119,0.5119,0.5119,0.3364,0.2342,0.0,55,1.0,7.73,0.117,27.9
120,RU7r3,rule_grid,7.0,3,0.6413,0.6414,0.6413,0.4043,0.2787,0.0,75,1.0,13.96,0.1158,28.0
120,BE3r1,belt,3.0,1,4.3025,4.3026,4.3025,3.289,2.4245,0.0,70,1.0,8.79,0.2301,25.3
120,BE3r2,belt,3.0,2,3.3471,3.3471,3.3471,2.3904,1.7778,-0.0,70,1.0,9.11,0.3312,21.7
120,BE3r3,belt,3.0,3,1.9773,1.9772,1.9773,1.6003,1.2067,-0.0,60,1.0,8.72,0.3304,21.5
120,BE5r1,belt,5.0,1,2.2221,2.2222,2.2221,1.7011,1.1856,-0.0,70,1.0,8.73,0.1197,28.3
120,BE5r2,belt,5.0,2,1.7673,1.7677,1.7673,1.2843,0.9008,-0.0,70,1.0,9.14,0.1714,26.5
120,BE5r3,belt,5.0,3,1.0439,1.0439,1.0439,0.7983,0.5672,0.0,60,1.0,8.64,0.1709,26.4
120,BE7r1,belt,7.0,1,1.3673,1.3673,1.3673,1.0419,0.7065,-0.0,70,1.0,8.67,0.0731,29.6
120,BE7r2,belt,7.0,2,1.1131,1.1132,1.1131,0.8139,0.5531,0.0,70,1.0,9.39,0.1053,28.5
120,BE7r3,belt,7.0,3,0.6596,0.6597,0.6596,0.5033,0.3447,0.0,60,1.0,8.64,0.1043,28.4
120,CL3r1,cluster,3.0,1,1.9123,1.9124,1.9123,1.1527,0.7837,-0.0,70,1.0,14.41,0.2079,25.4
120,CL3r2,cluster,3.0,2,1.9474,1.9484,1.9474,1.197,0.8078,0.0,70,1.0,9.16,0.2081,25.4
120,CL3r3,cluster,3.0,3,2.4206,2.4206,2.4206,1.4459,0.9781,-0.0,160,1.0,3.02,0.2151,25.3
120,CL5r1,cluster,5.0,1,1.0785,1.0784,1.0785,0.694,0.4654,0.0,160,1.0,14.41,0.1064,28.4
120,CL5r2,cluster,5.0,2,1.1068,1.1083,1.1068,0.6708,0.4534,0.0,70,1.0,14.41,0.1065,28.4
120,CL5r3,cluster,5.0,3,1.2974,1.3049,1.2974,0.7847,0.5272,-0.0,160,1.0,7.86,0.1101,28.4
120,CL7r1,cluster,7.0,1,0.7241,0.7242,0.7241,0.453,0.3056,-0.0,70,1.0,14.36,0.0653,29.6
120,CL7r2,cluster,7.0,2,0.735,0.7366,0.735,0.4592,0.3101,0.0,70,1.0,14.65,0.0649,29.6
120,CL7r3,cluster,7.0,3,0.8538,0.8541,0.8538,0.5292,0.3546,0.0,160,1.0,2.97,0.0677,29.6
120,MU3r1,multi_cluster,3.0,1,2.9176,2.9177,2.9176,1.7895,1.261,-0.0,70,1.0,10.64,0.2744,23.5
120,MU3r2,multi_cluster,3.0,2,3.1671,3.1671,3.1671,2.1412,1.5631,-0.0,70,1.0,10.45,0.3103,22.4
120,MU3r3,multi_cluster,3.0,3,2.6439,2.6439,2.6439,1.5038,1.0692,-0.0,160,1.0,2.96,0.2848,23.1
120,MU5r1,multi_cluster,5.0,1,1.5778,1.5779,1.5778,1.02,0.7117,0.0,70,1.0,7.9,0.1407,27.5
120,MU5r2,multi_cluster,5.0,2,1.6671,1.6673,1.6671,1.1634,0.8172,0.0,70,1.0,10.37,0.1596,26.9
120,MU5r3,multi_cluster,5.0,3,1.4262,1.4264,1.4262,0.8572,0.6057,-0.0,160,1.0,16.91,0.1459,27.3
120,MU7r1,multi_cluster,7.0,1,0.9956,0.9956,0.9956,0.6543,0.4469,0.0,70,1.0,7.9,0.0852,29.1
120,MU7r2,multi_cluster,7.0,2,1.0473,1.0477,1.0473,0.7365,0.5026,0.0,70,1.0,7.84,0.0974,28.7
120,MU7r3,multi_cluster,7.0,3,0.9028,0.9028,0.9028,0.5583,0.3849,0.0,160,1.0,9.63,0.0884,28.9
121,RU3r1,rule_grid,3.0,1,0.2892,0.2894,0.2892,0.2559,0.2928,0.0,90,0.8,13.75,0.2242,42.8
121,RU3r2,rule_grid,3.0,2,0.3982,0.3982,0.3982,0.4151,0.4734,0.0,90,1.0,11.71,0.2236,42.8
121,RU3r3,rule_grid,3.0,3,0.4671,0.4676,0.4671,0.5744,0.6754,0.0,80,1.0,9.17,0.2225,42.9
121,RU5r1,rule_grid,5.0,1,0.1845,0.1847,0.1845,0.1586,0.1888,0.0,90,1.0,18.64,0.1082,49.1
121,RU5r2,rule_grid,5.0,2,0.2159,0.216,0.2159,0.2269,0.2665,0.0,95,1.0,12.1,0.1082,49.1
121,RU5r3,rule_grid,5.0,3,0.2218,0.222,0.2218,0.2912,0.354,-0.0,90,1.0,12.04,0.1072,49.2
121,RU7r1,rule_grid,7.0,1,0.1232,0.1232,0.1232,0.1068,0.1322,-0.0,90,1.0,8.27,0.0641,51.5
121,RU7r2,rule_grid,7.0,2,0.1394,0.1394,0.1394,0.1463,0.1795,0.0,155,0.8,11.96,0.0636,51.5
121,RU7r3,rule_grid,7.0,3,0.1417,0.1417,0.1417,0.1865,0.2361,0.0,95,1.0,13.33,0.063,51.6
121,BE3r1,belt,3.0,1,1.6735,1.6735,1.6735,1.6186,1.9188,0.0,95,1.0,5.61,0.1342,48.4
121,BE3r2,belt,3.0,2,1.0896,1.0896,1.0896,0.9994,1.1578,0.0,90,1.0,7.18,0.2001,44.4
121,BE3r3,belt,3.0,3,1.2028,1.2029,1.2028,1.1437,1.349,0.0,95,1.0,6.88,0.1996,44.5
121,BE5r1,belt,5.0,1,0.704,0.7041,0.704,0.7071,0.8848,0.0,95,1.0,8.0,0.0664,51.7
121,BE5r2,belt,5.0,2,0.4658,0.4659,0.4658,0.4515,0.5658,0.0,90,1.0,8.41,0.097,49.9
121,BE5r3,belt,5.0,3,0.5167,0.5167,0.5167,0.5287,0.6615,0.0,95,1.0,6.69,0.0964,49.9
121,BE7r1,belt,7.0,1,0.3888,0.3888,0.3888,0.4012,0.5232,0.0,90,1.0,8.18,0.0392,53.0
121,BE7r2,belt,7.0,2,0.2776,0.2776,0.2776,0.2754,0.3629,0.0,90,1.0,8.63,0.0572,52.0
121,BE7r3,belt,7.0,3,0.2817,0.2817,0.2817,0.3165,0.4129,-0.0,95,1.0,6.56,0.0565,52.0
121,CL3r1,cluster,3.0,1,0.2137,0.2137,0.2137,0.2086,0.243,0.0,90,0.6,15.71,0.1146,48.8
121,CL3r2,cluster,3.0,2,0.2025,0.203,0.2025,0.1987,0.2384,0.0,90,0.6,11.49,0.1143,48.8
121,CL3r3,cluster,3.0,3,0.1918,0.1933,0.1918,0.1796,0.2267,0.0,0,0.8,23.33,0.1204,48.4
121,CL5r1,cluster,5.0,1,0.1143,0.1152,0.1143,0.1044,0.1414,0.0,5,0.8,21.92,0.0573,51.9
121,CL5r2,cluster,5.0,2,0.113,0.1137,0.113,0.1122,0.1404,0.0,95,0.6,16.9,0.0571,51.9
121,CL5r3,cluster,5.0,3,0.1198,0.1242,0.1198,0.1095,0.1423,-0.0,0,0.8,25.39,0.0595,51.8
121,CL7r1,cluster,7.0,1,0.0976,0.0976,0.0976,0.0951,0.1204,-0.0,90,0.8,15.63,0.0348,53.1
121,CL7r2,cluster,7.0,2,0.0914,0.0916,0.0914,0.0918,0.1185,0.0,90,0.8,13.05,0.0344,53.1
121,CL7r3,cluster,7.0,3,0.093,0.0929,0.093,0.0888,0.1169,0.0,0,0.8,25.19,0.0361,53.0
121,MU3r1,multi_cluster,3.0,1,0.4651,0.4652,0.4651,0.4332,0.5291,-0.0,90,0.8,7.28,0.1592,46.4
121,MU3r2,multi_cluster,3.0,2,0.8394,0.8394,0.8394,0.7736,0.9056,-0.0,90,1.0,7.18,0.185,45.2
121,MU3r3,multi_cluster,3.0,3,0.2645,0.2645,0.2645,0.2331,0.2766,0.0,90,0.6,13.23,0.1661,46.0
121,MU5r1,multi_cluster,5.0,1,0.2728,0.2728,0.2728,0.2563,0.3256,-0.0,90,1.0,11.62,0.0787,50.8
121,MU5r2,multi_cluster,5.0,2,0.3852,0.3852,0.3852,0.3683,0.4613,-0.0,90,1.0,8.87,0.09,50.2
121,MU5r3,multi_cluster,5.0,3,0.1802,0.1802,0.1802,0.1573,0.192,-0.0,90,1.0,13.58,0.0817,50.6
121,MU7r1,multi_cluster,7.0,1,0.1708,0.1708,0.1708,0.1642,0.2151,0.0,90,1.0,8.63,0.0461,52.5
121,MU7r2,multi_cluster,7.0,2,0.2301,0.2301,0.2301,0.2253,0.2954,-0.0,90,1.0,8.63,0.0528,52.2
121,MU7r3,multi_cluster,7.0,3,0.1198,0.1198,0.1198,0.1084,0.1359,-0.0,90,1.0,11.6,0.0479,52.4
122,RU3r1,rule_grid,3.0,1,0.2479,0.2478,0.2479,0.1574,0.1607,-0.0,155,0.8,14.65,0.2545,37.5
122,RU3r2,rule_grid,3.0,2,0.2985,0.2986,0.2985,0.2504,0.2481,-0.0,125,0.8,9.71,0.254,37.5
122,RU3r3,rule_grid,3.0,3,0.5814,0.5821,0.5814,0.5313,0.564,-0.0,85,0.8,7.75,0.2528,37.7
122,RU5r1,rule_grid,5.0,1,0.1801,0.1803,0.1801,0.1353,0.1409,0.0,90,1.0,7.4,0.1252,44.0
122,RU5r2,rule_grid,5.0,2,0.2235,0.2236,0.2235,0.1659,0.1751,0.0,125,0.8,11.17,0.1253,44.0
122,RU5r3,rule_grid,5.0,3,0.2756,0.2758,0.2756,0.2458,0.2674,0.0,85,0.8,7.72,0.1241,44.1
122,RU7r1,rule_grid,7.0,1,0.1533,0.1534,0.1533,0.1051,0.1134,0.0,90,1.0,8.56,0.0751,46.5
122,RU7r2,rule_grid,7.0,2,0.1543,0.1543,0.1543,0.1224,0.1343,-0.0,125,0.8,12.67,0.0745,46.5
122,RU7r3,rule_grid,7.0,3,0.1743,0.1743,0.1743,0.1638,0.1849,0.0,85,1.0,7.3,0.0738,46.5
122,BE3r1,belt,3.0,1,2.5067,2.5067,2.5067,2.0089,2.1466,-0.0,135,1.0,3.73,0.1533,43.5
122,BE3r2,belt,3.0,2,1.4801,1.4802,1.4801,1.1965,1.255,0.0,135,1.0,5.84,0.2277,39.3
122,BE3r3,belt,3.0,3,1.6337,1.6337,1.6337,1.1902,1.2598,0.0,125,1.0,4.63,0.2271,39.4
122,BE5r1,belt,5.0,1,1.0491,1.0491,1.0491,0.8917,0.9902,-0.0,135,1.0,3.41,0.077,46.8
122,BE5r2,belt,5.0,2,0.6063,0.6064,0.6063,0.5369,0.5961,0.0,135,1.0,5.95,0.1123,44.8
122,BE5r3,belt,5.0,3,0.7456,0.7456,0.7456,0.543,0.6043,0.0,125,1.0,3.79,0.1117,44.9
122,BE7r1,belt,7.0,1,0.5665,0.5665,0.5665,0.5022,0.5724,-0.0,135,1.0,2.74,0.0458,48.1
122,BE7r2,belt,7.0,2,0.3599,0.36,0.3599,0.3316,0.3822,0.0,135,1.0,3.77,0.0669,47.0
122,BE7r3,belt,7.0,3,0.4328,0.4328,0.4328,0.3224,0.3686,0.0,125,1.0,4.48,0.0662,47.0
122,CL3r1,cluster,3.0,1,0.2294,0.2294,0.2294,0.161,0.1748,0.0,65,1.0,10.09,0.1332,43.6
122,CL3r2,cluster,3.0,2,0.2349,0.2351,0.2349,0.1675,0.191,0.0,60,1.0,10.81,0.1329,43.6
122,CL3r3,cluster,3.0,3,0.2108,0.2131,0.2108,0.099,0.111,-0.0,150,1.0,26.24,0.1395,43.3
122,CL5r1,cluster,5.0,1,0.178,0.1795,0.178,0.1151,0.1346,0.0,65,1.0,8.33,0.0673,46.9
122,CL5r2,cluster,5.0,2,0.1504,0.1517,0.1504,0.11,0.1234,-0.0,65,1.0,7.69,0.0671,46.9
122,CL5r3,cluster,5.0,3,0.123,0.1237,0.123,0.0672,0.0761,0.0,155,1.0,25.97,0.0698,46.7
122,CL7r1,cluster,7.0,1,0.1086,0.1087,0.1086,0.0934,0.1051,-0.0,90,1.0,9.59,0.041,48.2
122,CL7r2,cluster,7.0,2,0.106,0.1064,0.106,0.0867,0.098,-0.0,90,1.0,7.88,0.0405,48.2
122,CL7r3,cluster,7.0,3,0.0921,0.0921,0.0921,0.0657,0.0734,0.0,0,1.0,24.91,0.0426,48.1
122,MU3r1,multi_cluster,3.0,1,0.5661,0.5662,0.5661,0.3996,0.4345,0.0,150,1.0,17.54,0.1826,41.2
122,MU3r2,multi_cluster,3.0,2,1.0791,1.079,1.0791,0.8771,0.9246,0.0,145,1.0,6.31,0.2111,40.0
122,MU3r3,multi_cluster,3.0,3,0.2581,0.2582,0.2581,0.1399,0.148,0.0,60,1.0,6.18,0.1905,40.7
122,MU5r1,multi_cluster,5.0,1,0.2866,0.2867,0.2866,0.2292,0.2599,0.0,155,1.0,17.34,0.0912,45.7
122,MU5r2,multi_cluster,5.0,2,0.4547,0.4547,0.4547,0.4052,0.451,0.0,135,1.0,12.53,0.1042,45.1
122,MU5r3,multi_cluster,5.0,3,0.177,0.177,0.177,0.1235,0.1302,0.0,90,1.0,8.29,0.0948,45.5
122,MU7r1,multi_cluster,7.0,1,0.1734,0.1734,0.1734,0.1451,0.1693,0.0,155,1.0,13.14,0.0539,47.5
122,MU7r2,multi_cluster,7.0,2,0.2698,0.2699,0.2698,0.2485,0.2866,0.0,135,1.0,11.95,0.0617,47.2
122,MU7r3,multi_cluster,7.0,3,0.1384,0.1385,0.1384,0.0975,0.1054,-0.0,90,1.0,8.55,0.0561,47.4
123,RU3r1,rule_grid,3.0,1,0.3825,0.3824,0.3825,0.3769,0.4276,-0.0,165,0.8,14.75,0.2319,38.2
123,RU3r2,rule_grid,3.0,2,0.4415,0.4416,0.4415,0.4192,0.4646,0.0,95,1.0,21.52,0.2313,38.2
123,RU3r3,rule_grid,3.0,3,0.4985,0.4988,0.4985,0.4941,0.5617,-0.0,85,0.6,13.7,0.2302,38.3
123,RU5r1,rule_grid,5.0,1,0.1993,0.1994,0.1993,0.2198,0.2604,0.0,70,1.0,10.67,0.113,44.0
123,RU5r2,rule_grid,5.0,2,0.2634,0.2635,0.2634,0.2211,0.2545,0.0,95,1.0,25.05,0.1131,44.0
123,RU5r3,rule_grid,5.0,3,0.266,0.2661,0.266,0.285,0.3301,0.0,35,0.6,16.93,0.112,44.1
123,RU7r1,rule_grid,7.0,1,0.1322,0.1322,0.1322,0.1313,0.1599,0.0,0,1.0,15.25,0.0675,46.2
123,RU7r2,rule_grid,7.0,2,0.1662,0.1663,0.1662,0.1364,0.1602,0.0,95,0.8,26.09,0.0669,46.3
123,RU7r3,rule_grid,7.0,3,0.1999,0.1998,0.1999,0.1866,0.223,0.0,35,0.8,15.98,0.0663,46.3
123,BE3r1,belt,3.0,1,2.2779,2.2779,2.2779,2.1813,2.556,-0.0,85,1.0,3.02,0.1396,43.6
123,BE3r2,belt,3.0,2,1.4181,1.4181,1.4181,1.3682,1.5766,0.0,75,1.0,3.49,0.2073,39.8
123,BE3r3,belt,3.0,3,1.3996,1.3996,1.3996,1.4235,1.6297,0.0,90,1.0,4.05,0.2068,39.8
123,BE5r1,belt,5.0,1,0.9545,0.9545,0.9545,0.9458,1.1652,-0.0,90,1.0,3.33,0.0695,46.5
123,BE5r2,belt,5.0,2,0.6227,0.6227,0.6227,0.6169,0.759,-0.0,75,1.0,3.77,0.1014,44.8
123,BE5r3,belt,5.0,3,0.6307,0.6307,0.6307,0.646,0.7842,-0.0,95,1.0,5.47,0.1008,44.8
123,BE7r1,belt,7.0,1,0.5471,0.5471,0.5471,0.5326,0.6765,0.0,90,1.0,3.5,0.0412,47.7
123,BE7r2,belt,7.0,2,0.3737,0.3737,0.3737,0.371,0.4741,-0.0,75,1.0,3.07,0.0601,46.7
123,BE7r3,belt,7.0,3,0.3786,0.3786,0.3786,0.3863,0.4858,0.0,95,1.0,5.43,0.0594,46.7
123,CL3r1,cluster,3.0,1,0.2858,0.2858,0.2858,0.2509,0.3338,-0.0,170,0.8,20.53,0.12,43.7
123,CL3r2,cluster,3.0,2,0.2593,0.2626,0.2593,0.2354,0.2983,-0.0,170,1.0,20.77,0.1197,43.7
123,CL3r3,cluster,3.0,3,0.2832,0.2851,0.2832,0.3217,0.3974,-0.0,170,0.8,13.89,0.1258,43.4
123,CL5r1,cluster,5.0,1,0.2241,0.2253,0.2241,0.1931,0.2498,0.0,0,1.0,26.84,0.0604,46.6
123,CL5r2,cluster,5.0,2,0.1984,0.1993,0.1984,0.161,0.2097,0.0,0,1.0,22.69,0.0602,46.6
123,CL5r3,cluster,5.0,3,0.1824,0.1846,0.1824,0.1811,0.2286,-0.0,90,1.0,9.96,0.0627,46.5
123,CL7r1,cluster,7.0,1,0.1487,0.1487,0.1487,0.1173,0.1525,0.0,0,1.0,21.98,0.0368,47.7
123,CL7r2,cluster,7.0,2,0.1406,0.1409,0.1406,0.1053,0.1334,0.0,0,1.0,22.73,0.0364,47.8
123,CL7r3,cluster,7.0,3,0.1495,0.1494,0.1495,0.1254,0.1599,-0.0,0,1.0,24.46,0.0382,47.7
123,MU3r1,multi_cluster,3.0,1,0.6276,0.6276,0.6276,0.6448,0.777,-0.0,75,1.0,4.36,0.1655,41.6
123,MU3r2,multi_cluster,3.0,2,1.0948,1.0949,1.0948,1.0753,1.2511,0.0,75,1.0,3.55,0.1919,40.4
123,MU3r3,multi_cluster,3.0,3,0.3347,0.3347,0.3347,0.3614,0.426,0.0,165,0.8,15.55,0.1726,41.1
123,MU5r1,multi_cluster,5.0,1,0.3341,0.3342,0.3341,0.3522,0.4375,0.0,90,1.0,5.8,0.0823,45.6
123,MU5r2,multi_cluster,5.0,2,0.4957,0.4957,0.4957,0.4998,0.6146,-0.0,75,1.0,3.87,0.094,45.1
123,MU5r3,multi_cluster,5.0,3,0.1945,0.1946,0.1945,0.216,0.2597,0.0,90,1.0,13.54,0.0855,45.4
123,MU7r1,multi_cluster,7.0,1,0.2272,0.2273,0.2272,0.2178,0.2772,0.0,90,1.0,5.59,0.0485,47.2
123,MU7r2,multi_cluster,7.0,2,0.2996,0.2996,0.2996,0.2993,0.381,-0.0,90,1.0,3.69,0.0555,46.9
123,MU7r3,multi_cluster,7.0,3,0.1474,0.1475,0.1474,0.1384,0.1703,0.0,90,1.0,5.41,0.0504,47.1
124,RU3r1,rule_grid,3.0,1,4.9454,4.9455,4.9454,4.1146,4.3722,-0.0,85,1.0,7.09,0.2015,45.8
124,RU3r2,rule_grid,3.0,2,5.6206,5.6206,5.6206,4.6686,5.0302,0.0,95,1.0,0.61,0.2006,46.1
124,RU3r3,rule_grid,3.0,3,6.524,6.5241,6.524,5.5411,5.9801,0.0,90,1.0,-0.0,0.2003,46.5
124,RU5r1,rule_grid,5.0,1,2.1363,2.1362,2.1363,1.9396,2.2589,0.0,90,1.0,5.2,0.0887,50.9
124,RU5r2,rule_grid,5.0,2,2.4188,2.4188,2.4188,2.0523,2.3993,0.0,95,1.0,1.02,0.0884,51.0
124,RU5r3,rule_grid,5.0,3,2.7366,2.7365,2.7366,2.4154,2.8353,-0.0,90,1.0,-0.0,0.088,51.2
124,RU7r1,rule_grid,7.0,1,1.181,1.1811,1.181,1.0899,1.3212,0.0,90,1.0,5.24,0.0503,52.5
124,RU7r2,rule_grid,7.0,2,1.3359,1.3359,1.3359,1.1368,1.3867,0.0,90,1.0,1.02,0.0496,52.6
124,RU7r3,rule_grid,7.0,3,1.5285,1.5286,1.5285,1.3834,1.704,0.0,90,1.0,0.46,0.0495,52.7
124,BE3r1,belt,3.0,1,8.0953,8.0953,8.0953,7.8036,9.0281,0.0,175,1.0,13.94,0.1267,51.6
124,BE3r2,belt,3.0,2,7.077,7.0771,7.077,6.2438,6.8541,-0.0,175,1.0,18.65,0.1823,47.8
124,BE3r3,belt,3.0,3,8.2891,8.2891,8.2891,7.3486,8.1284,0.0,150,1.0,0.0,0.1816,48.4
124,BE5r1,belt,5.0,1,3.4974,3.4974,3.4974,3.4305,4.2629,0.0,175,1.0,17.85,0.057,53.3
124,BE5r2,belt,5.0,2,2.9684,2.9683,2.9684,2.7678,3.3157,0.0,175,1.0,23.23,0.0807,51.7
124,BE5r3,belt,5.0,3,3.4683,3.4683,3.4683,3.1644,3.8105,0.0,150,1.0,0.61,0.0802,52.0
124,BE7r1,belt,7.0,1,1.9341,1.9341,1.9341,1.916,2.4601,0.0,175,1.0,18.49,0.0322,53.9
124,BE7r2,belt,7.0,2,1.674,1.674,1.674,1.6113,2.017,0.0,175,1.0,23.79,0.0455,53.0
124,BE7r3,belt,7.0,3,1.9101,1.9101,1.9101,1.7858,2.2474,0.0,150,1.0,0.61,0.045,53.2
124,CL3r1,cluster,3.0,1,3.8118,3.8119,3.8118,3.4693,4.2335,0.0,90,1.0,0.46,0.1001,51.0
124,CL3r2,cluster,3.0,2,3.7447,3.7441,3.7447,3.4143,4.176,-0.0,90,1.0,0.61,0.1001,51.0
124,CL3r3,cluster,3.0,3,3.4301,3.4329,3.4301,3.0938,3.6808,0.0,0,1.0,3.67,0.1054,50.6
124,CL5r1,cluster,5.0,1,1.8086,1.8074,1.8086,1.6991,2.1567,0.0,90,1.0,-0.0,0.0454,53.1
124,CL5r2,cluster,5.0,2,1.8132,1.8148,1.8132,1.6992,2.1553,-0.0,90,1.0,-0.0,0.0456,53.1
124,CL5r3,cluster,5.0,3,1.6277,1.6281,1.6277,1.5092,1.8833,-0.0,0,1.0,4.13,0.0476,52.9
124,CL7r1,cluster,7.0,1,1.0941,1.0941,1.0941,1.0414,1.347,-0.0,90,1.0,-0.0,0.0264,53.8
124,CL7r2,cluster,7.0,2,1.0816,1.0826,1.0816,1.0291,1.3323,-0.0,90,1.0,0.46,0.0263,53.8
124,CL7r3,cluster,7.0,3,0.9934,0.9935,0.9934,0.9371,1.2006,-0.0,0,1.0,4.05,0.0275,53.7
124,MU3r1,multi_cluster,3.0,1,4.9543,4.9542,4.9543,4.2517,4.7876,-0.0,0,1.0,29.76,0.1472,48.9
124,MU3r2,multi_cluster,3.0,2,6.1325,6.1326,6.1325,5.4269,6.0002,0.0,175,1.0,30.01,0.1693,48.2
124,MU3r3,multi_cluster,3.0,3,4.4721,4.4721,4.4721,3.7781,4.161,0.0,0,1.0,10.24,0.1517,48.4
124,MU5r1,multi_cluster,5.0,1,2.2953,2.2954,2.2953,2.0932,2.5268,0.0,0,1.0,30.04,0.0662,52.2
124,MU5r2,multi_cluster,5.0,2,2.6444,2.6445,2.6444,2.4784,2.971,-0.0,175,1.0,23.91,0.0752,51.9
124,MU5r3,multi_cluster,5.0,3,2.0818,2.0818,2.0818,1.8379,2.183,0.0,90,1.0,3.86,0.068,52.0
124,MU7r1,multi_cluster,7.0,1,1.3162,1.3162,1.3162,1.226,1.5331,0.0,0,1.0,24.57,0.0372,53.3
124,MU7r2,multi_cluster,7.0,2,1.4923,1.4923,1.4923,1.4456,1.8059,0.0,175,1.0,29.58,0.0423,53.1
124,MU7r3,multi_cluster,7.0,3,1.1934,1.1933,1.1934,1.0807,1.3333,0.0,90,1.0,3.86,0.0382,53.2
125,RU3r1,rule_grid,3.0,1,3.729,3.7291,3.729,3.2268,4.3428,0.0,80,1.0,19.64,0.1653,47.8
125,RU3r2,rule_grid,3.0,2,4.0768,4.0768,4.0768,3.1918,4.3439,0.0,80,1.0,0.61,0.1645,48.0
125,RU3r3,rule_grid,3.0,3,4.5984,4.5985,4.5984,3.7748,5.1482,-0.0,80,1.0,4.53,0.1644,48.3
125,RU5r1,rule_grid,5.0,1,1.4982,1.4981,1.4982,1.4671,2.1398,0.0,80,1.0,8.05,0.0727,52.0
125,RU5r2,rule_grid,5.0,2,1.7058,1.7058,1.7058,1.4157,2.0956,-0.0,80,1.0,0.71,0.0724,52.1
125,RU5r3,rule_grid,5.0,3,1.8348,1.8347,1.8348,1.5956,2.3454,0.0,80,1.0,4.53,0.0721,52.2
125,RU7r1,rule_grid,7.0,1,0.7973,0.7974,0.7973,0.8146,1.2171,0.0,80,1.0,5.34,0.0414,53.4
125,RU7r2,rule_grid,7.0,2,0.9228,0.9228,0.9228,0.8002,1.2224,0.0,80,1.0,0.77,0.0408,53.5
125,RU7r3,rule_grid,7.0,3,1.0023,1.0024,1.0023,0.9416,1.43,0.0,80,1.0,5.76,0.0407,53.5
125,BE3r1,belt,3.0,1,6.1755,6.1755,6.1755,6.2319,8.9959,-0.0,170,1.0,4.82,0.1046,52.5
125,BE3r2,belt,3.0,2,5.2539,5.254,5.2539,4.864,6.7858,0.0,165,1.0,6.55,0.1496,49.5
125,BE3r3,belt,3.0,3,6.1543,6.1543,6.1543,5.458,7.6412,-0.0,140,1.0,-0.0,0.149,49.9
125,BE5r1,belt,5.0,1,2.6096,2.6096,2.6096,2.7352,4.2078,-0.0,170,1.0,4.82,0.0468,54.0
125,BE5r2,belt,5.0,2,2.1579,2.1579,2.1579,2.1473,3.2341,0.0,165,1.0,6.53,0.0661,52.7
125,BE5r3,belt,5.0,3,2.5394,2.5394,2.5394,2.3131,3.471,0.0,140,1.0,0.68,0.0657,52.9
125,BE7r1,belt,7.0,1,1.4443,1.4443,1.4443,1.5346,2.4191,-0.0,170,1.0,6.65,0.0265,54.6
125,BE7r2,belt,7.0,2,1.2041,1.2041,1.2041,1.2488,1.9412,0.0,165,1.0,6.53,0.0374,53.8
125,BE7r3,belt,7.0,3,1.3979,1.3979,1.3979,1.3069,2.0288,0.0,140,1.0,0.68,0.037,53.9
125,CL3r1,cluster,3.0,1,2.7252,2.7253,2.7252,2.7297,4.2046,-0.0,85,1.0,5.62,0.082,52.1
125,CL3r2,cluster,3.0,2,2.6956,2.6951,2.6956,2.6821,4.1306,0.0,85,1.0,0.77,0.082,52.1
125,CL3r3,cluster,3.0,3,2.5303,2.5353,2.5303,2.4382,3.6585,-0.0,175,1.0,32.19,0.0862,51.8
125,CL5r1,cluster,5.0,1,1.265,1.2644,1.265,1.3544,2.1299,0.0,85,1.0,7.4,0.0373,53.9
125,CL5r2,cluster,5.0,2,1.2767,1.2766,1.2767,1.3413,2.1065,0.0,85,1.0,5.24,0.0375,53.9
125,CL5r3,cluster,5.0,3,1.1634,1.1635,1.1634,1.2206,1.8912,-0.0,175,1.0,33.44,0.0391,53.7
125,CL7r1,cluster,7.0,1,0.7645,0.7645,0.7645,0.8098,1.2889,-0.0,85,1.0,9.14,0.0218,54.5
125,CL7r2,cluster,7.0,2,0.7594,0.7596,0.7594,0.8,1.273,0.0,85,1.0,5.28,0.0217,54.5
125,CL7r3,cluster,7.0,3,0.7089,0.7096,0.7089,0.7499,1.1817,0.0,175,1.0,27.71,0.0227,54.4
125,MU3r1,multi_cluster,3.0,1,3.674,3.674,3.674,3.4195,4.8872,0.0,170,1.0,9.09,0.1205,50.4
125,MU3r2,multi_cluster,3.0,2,4.5867,4.5867,4.5867,4.2626,5.9697,0.0,170,1.0,6.55,0.1388,49.8
125,MU3r3,multi_cluster,3.0,3,3.2701,3.2701,3.2701,2.9909,4.2046,0.0,170,1.0,18.92,0.1242,50.0
125,MU5r1,multi_cluster,5.0,1,1.6379,1.6379,1.6379,1.6287,2.4415,0.0,170,1.0,8.99,0.0543,53.1
125,MU5r2,multi_cluster,5.0,2,1.9112,1.9113,1.9112,1.8884,2.8407,-0.0,170,1.0,8.05,0.0616,52.8
125,MU5r3,multi_cluster,5.0,3,1.4423,1.4424,1.4423,1.4365,2.1249,0.0,80,1.0,5.07,0.0558,52.9
125,MU7r1,multi_cluster,7.0,1,0.9218,0.9218,0.9218,0.9515,1.4604,0.0,170,1.0,8.99,0.0306,54.1
125,MU7r2,multi_cluster,7.0,2,1.0769,1.0769,1.0769,1.1022,1.7049,-0.0,170,1.0,8.05,0.0348,53.9
125,MU7r3,multi_cluster,7.0,3,0.8077,0.8077,0.8077,0.8446,1.2832,0.0,80,1.0,4.93,0.0314,53.9
126,RU3r1,rule_grid,3.0,1,6.9582,6.9591,6.9582,3.6673,2.7647,0.0,80,1.0,7.8,0.3467,22.9
126,RU3r2,rule_grid,3.0,2,6.9869,6.9869,6.9869,4.2458,3.1427,-0.0,50,1.0,1.52,0.3464,22.9
126,RU3r3,rule_grid,3.0,3,8.3631,8.3635,8.3631,5.1379,3.7655,-0.0,45,1.0,5.6,0.3448,23.2
126,RU5r1,rule_grid,5.0,1,3.584,3.5838,3.584,1.9875,1.4819,-0.0,170,1.0,0.68,0.1765,27.9
126,RU5r2,rule_grid,5.0,2,3.601,3.601,3.601,2.2025,1.6303,-0.0,55,1.0,1.19,0.1769,27.9
126,RU5r3,rule_grid,5.0,3,4.0071,4.0113,4.0071,2.4096,1.7605,0.0,95,1.0,7.35,0.1752,28.1
126,RU7r1,rule_grid,7.0,1,2.0973,2.0972,2.0973,1.1917,0.8756,-0.0,80,1.0,0.68,0.1081,29.8
126,RU7r2,rule_grid,7.0,2,2.0595,2.0595,2.0595,1.2832,0.9414,0.0,55,1.0,14.02,0.107,29.8
126,RU7r3,rule_grid,7.0,3,2.4928,2.4928,2.4928,1.538,1.1209,0.0,95,1.0,6.26,0.1061,30.0
126,BE3r1,belt,3.0,1,13.8821,13.8821,13.8821,10.3674,7.7157,0.0,80,1.0,8.13,0.2162,29.2
126,BE3r2,belt,3.0,2,11.3517,11.3518,11.3517,7.4306,5.5055,0.0,80,1.0,8.16,0.3139,25.0
126,BE3r3,belt,3.0,3,13.1836,13.1841,13.1836,8.9922,6.5886,0.0,105,1.0,0.82,0.3131,25.5
126,BE5r1,belt,5.0,1,6.8623,6.8624,6.8623,5.0804,3.7254,-0.0,80,1.0,6.37,0.1109,31.1
126,BE5r2,belt,5.0,2,5.6604,5.6605,5.6604,3.7457,2.7358,-0.0,80,1.0,4.48,0.1592,29.1
126,BE5r3,belt,5.0,3,6.3417,6.3417,6.3417,4.3796,3.1801,-0.0,105,1.0,0.98,0.1587,29.3
126,BE7r1,belt,7.0,1,4.0244,4.0244,4.0244,2.989,2.1809,0.0,80,1.0,6.72,0.0669,31.8
126,BE7r2,belt,7.0,2,3.4742,3.4744,3.4742,2.3473,1.7038,0.0,80,1.0,4.48,0.0965,30.6
126,BE7r3,belt,7.0,3,3.6892,3.6892,3.6892,2.6045,1.8835,0.0,105,1.0,1.02,0.0956,30.7
126,CL3r1,cluster,3.0,1,6.0863,6.0867,6.0863,3.9538,2.8049,0.0,45,1.0,19.46,0.1926,28.0
126,CL3r2,cluster,3.0,2,5.9988,6.0002,5.9988,3.9642,2.8131,0.0,45,1.0,9.68,0.1927,28.0
126,CL3r3,cluster,3.0,3,5.967,5.9651,5.967,3.8086,2.7353,0.0,165,1.0,2.37,0.2001,27.8
126,CL5r1,cluster,5.0,1,3.1769,3.1754,3.1769,2.1378,1.543,0.0,45,1.0,21.56,0.0973,30.5
126,CL5r2,cluster,5.0,2,3.1536,3.1533,3.1536,2.126,1.5349,0.0,45,1.0,19.96,0.0974,30.5
126,CL5r3,cluster,5.0,3,3.1138,3.1159,3.1138,2.0126,1.4596,-0.0,165,1.0,0.71,0.1009,30.4
126,CL7r1,cluster,7.0,1,1.9925,1.9926,1.9925,1.3232,0.963,0.0,165,1.0,17.44,0.0593,31.4
126,CL7r2,cluster,7.0,2,1.9077,1.9084,1.9077,1.3193,0.9601,-0.0,45,1.0,21.56,0.0589,31.4
126,CL7r3,cluster,7.0,3,2.0168,2.0171,2.0168,1.3192,0.9617,0.0,165,1.0,0.61,0.0616,31.3
126,MU3r1,multi_cluster,3.0,1,7.9255,7.9255,7.9255,4.826,3.5163,-0.0,80,1.0,0.71,0.2581,26.2
126,MU3r2,multi_cluster,3.0,2,9.8981,9.8985,9.8981,6.3023,4.6427,-0.0,80,1.0,7.62,0.2934,25.4
126,MU3r3,multi_cluster,3.0,3,6.541,6.541,6.541,3.8194,2.8129,0.0,170,1.0,12.71,0.268,25.5
126,MU5r1,multi_cluster,5.0,1,4.2868,4.2868,4.2868,2.6451,1.9415,0.0,80,1.0,0.68,0.1304,29.7
126,MU5r2,multi_cluster,5.0,2,5.0384,5.0383,5.0384,3.2455,2.3803,0.0,80,1.0,4.48,0.1482,29.3
126,MU5r3,multi_cluster,5.0,3,3.5825,3.5825,3.5825,2.0379,1.5075,-0.0,80,1.0,0.68,0.1352,29.3
126,MU7r1,multi_cluster,7.0,1,2.6138,2.6139,2.6138,1.6414,1.2011,-0.0,80,1.0,0.68,0.0781,31.0
126,MU7r2,multi_cluster,7.0,2,3.0788,3.0788,3.0788,2.0225,1.4736,0.0,80,1.0,4.48,0.0893,30.7
126,MU7r3,multi_cluster,7.0,3,2.2053,2.2053,2.2053,1.2953,0.9515,0.0,80,1.0,7.78,0.0809,30.8
127,RU3r1,rule_grid,3.0,1,0.5404,0.5403,0.5404,0.4894,0.5632,0.0,135,1.0,3.9,0.2165,43.3
127,RU3r2,rule_grid,3.0,2,0.4701,0.4702,0.4701,0.3712,0.4123,0.0,130,1.0,10.64,0.2159,43.3
127,RU3r3,rule_grid,3.0,3,1.1191,1.1195,1.1191,1.0155,1.1912,-0.0,60,1.0,4.62,0.2151,43.6
127,RU5r1,rule_grid,5.0,1,0.2527,0.2528,0.2527,0.2402,0.2853,0.0,45,1.0,13.84,0.1016,49.5
127,RU5r2,rule_grid,5.0,2,0.2232,0.2233,0.2232,0.2048,0.2381,0.0,130,1.0,12.77,0.1014,49.5
127,RU5r3,rule_grid,5.0,3,0.4599,0.46,0.4599,0.452,0.5602,0.0,60,1.0,4.32,0.1006,49.7
127,RU7r1,rule_grid,7.0,1,0.1361,0.1361,0.1361,0.1419,0.1758,0.0,45,0.8,9.86,0.0593,51.8
127,RU7r2,rule_grid,7.0,2,0.1104,0.1104,0.1104,0.1191,0.1459,0.0,30,1.0,15.95,0.0586,51.8
127,RU7r3,rule_grid,7.0,3,0.2675,0.2675,0.2675,0.2738,0.358,0.0,60,1.0,5.08,0.0582,51.9
127,BE3r1,belt,3.0,1,2.7586,2.7586,2.7586,2.4382,2.9005,0.0,100,1.0,4.12,0.1315,49.0
127,BE3r2,belt,3.0,2,1.6064,1.6064,1.6064,1.3611,1.5895,-0.0,100,1.0,4.79,0.1941,45.0
127,BE3r3,belt,3.0,3,1.9282,1.9283,1.9282,1.8959,2.2179,0.0,80,1.0,3.2,0.1935,45.2
127,BE5r1,belt,5.0,1,1.0674,1.0674,1.0674,0.9778,1.2588,0.0,100,1.0,4.57,0.0632,52.0
127,BE5r2,belt,5.0,2,0.5777,0.5777,0.5777,0.5438,0.7087,0.0,100,1.0,6.39,0.0914,50.2
127,BE5r3,belt,5.0,3,0.7691,0.7691,0.7691,0.791,1.0105,-0.0,90,1.0,3.62,0.091,50.3
127,BE7r1,belt,7.0,1,0.5534,0.5534,0.5534,0.5211,0.7016,0.0,95,1.0,5.44,0.0367,53.2
127,BE7r2,belt,7.0,2,0.3203,0.3203,0.3203,0.3149,0.4365,0.0,95,1.0,7.07,0.053,52.2
127,BE7r3,belt,7.0,3,0.4409,0.4409,0.4409,0.4472,0.5994,-0.0,90,1.0,3.62,0.0524,52.3
127,CL3r1,cluster,3.0,1,0.2982,0.2983,0.2982,0.3563,0.464,0.0,135,0.8,15.66,0.1091,49.1
127,CL3r2,cluster,3.0,2,0.3253,0.3254,0.3253,0.4074,0.5347,0.0,45,1.0,4.77,0.109,49.1
127,CL3r3,cluster,3.0,3,0.392,0.393,0.392,0.4743,0.6093,-0.0,135,1.0,3.95,0.1149,48.8
127,CL5r1,cluster,5.0,1,0.1756,0.1764,0.1756,0.1926,0.2558,0.0,20,0.8,20.24,0.053,52.1
127,CL5r2,cluster,5.0,2,0.1707,0.1714,0.1707,0.2229,0.2962,0.0,45,0.8,9.64,0.053,52.1
127,CL5r3,cluster,5.0,3,0.1923,0.1925,0.1923,0.2377,0.3152,0.0,135,0.6,10.03,0.0553,52.0
127,CL7r1,cluster,7.0,1,0.1039,0.1039,0.1039,0.1304,0.1743,0.0,135,0.6,13.75,0.0317,53.3
127,CL7r2,cluster,7.0,2,0.1086,0.1088,0.1086,0.1435,0.1928,0.0,45,0.8,9.72,0.0314,53.3
127,CL7r3,cluster,7.0,3,0.1197,0.1201,0.1197,0.1522,0.2039,-0.0,135,0.6,13.17,0.033,53.2
127,MU3r1,multi_cluster,3.0,1,0.5682,0.5683,0.5682,0.6128,0.7437,0.0,50,1.0,10.07,0.1549,46.7
127,MU3r2,multi_cluster,3.0,2,1.1054,1.1054,1.1054,0.9325,1.1023,-0.0,100,1.0,8.09,0.1795,45.6
127,MU3r3,multi_cluster,3.0,3,0.4883,0.4884,0.4883,0.4948,0.5918,0.0,45,1.0,9.7,0.1609,46.3
127,MU5r1,multi_cluster,5.0,1,0.2727,0.2727,0.2727,0.3097,0.3929,-0.0,45,1.0,10.47,0.0744,51.0
127,MU5r2,multi_cluster,5.0,2,0.4184,0.4184,0.4184,0.4164,0.5235,0.0,105,1.0,8.78,0.0849,50.5
127,MU5r3,multi_cluster,5.0,3,0.2433,0.2433,0.2433,0.2524,0.3089,0.0,45,1.0,10.44,0.077,50.8
127,MU7r1,multi_cluster,7.0,1,0.1603,0.1604,0.1603,0.1836,0.2404,0.0,45,0.8,8.74,0.0429,52.7
127,MU7r2,multi_cluster,7.0,2,0.2379,0.2379,0.2379,0.2433,0.3207,0.0,110,1.0,8.11,0.0491,52.4
127,MU7r3,multi_cluster,7.0,3,0.1403,0.1403,0.1403,0.1562,0.1979,-0.0,45,0.8,13.75,0.0444,52.6
128,RU3r1,rule_grid,3.0,1,0.3901,0.39,0.3901,0.2527,0.2574,0.0,150,1.0,9.44,0.2622,35.5
128,RU3r2,rule_grid,3.0,2,0.5079,0.508,0.5079,0.3842,0.3853,0.0,150,0.8,13.1,0.2617,35.5
128,RU3r3,rule_grid,3.0,3,0.6514,0.6521,0.6514,0.5208,0.5343,0.0,90,1.0,6.37,0.2605,35.7
128,RU5r1,rule_grid,5.0,1,0.2595,0.2597,0.2595,0.1573,0.1647,0.0,90,1.0,15.13,0.1299,41.8
128,RU5r2,rule_grid,5.0,2,0.2973,0.2973,0.2973,0.2569,0.2651,-0.0,90,0.6,12.05,0.13,41.8
128,RU5r3,rule_grid,5.0,3,0.3135,0.3138,0.3135,0.2743,0.2883,-0.0,90,1.0,7.83,0.1287,41.9
128,RU7r1,rule_grid,7.0,1,0.2157,0.2158,0.2157,0.1288,0.1359,0.0,90,0.6,6.4,0.0782,44.2
128,RU7r2,rule_grid,7.0,2,0.2114,0.2114,0.2114,0.1902,0.2011,0.0,90,0.6,11.46,0.0776,44.3
128,RU7r3,rule_grid,7.0,3,0.2058,0.2058,0.2058,0.1916,0.2069,0.0,90,1.0,8.46,0.0769,44.3
128,BE3r1,belt,3.0,1,2.4111,2.4111,2.4111,2.0271,2.1053,-0.0,135,1.0,4.52,0.1585,41.3
128,BE3r2,belt,3.0,2,1.5049,1.5049,1.5049,1.2471,1.2756,-0.0,135,1.0,4.75,0.2349,37.2
128,BE3r3,belt,3.0,3,1.4206,1.4207,1.4206,1.1955,1.2352,-0.0,150,1.0,7.75,0.2343,37.2
128,BE5r1,belt,5.0,1,1.0682,1.0683,1.0682,0.9171,0.9816,0.0,135,1.0,4.19,0.0799,44.5
128,BE5r2,belt,5.0,2,0.6801,0.6802,0.6801,0.5761,0.6148,-0.0,135,1.0,5.96,0.1165,42.6
128,BE5r3,belt,5.0,3,0.6167,0.6167,0.6167,0.5428,0.5802,0.0,150,1.0,8.48,0.1159,42.6
128,BE7r1,belt,7.0,1,0.6118,0.6118,0.6118,0.5249,0.5737,-0.0,135,1.0,3.85,0.0478,45.9
128,BE7r2,belt,7.0,2,0.4247,0.4247,0.4247,0.3543,0.3892,0.0,135,1.0,5.79,0.0696,44.8
128,BE7r3,belt,7.0,3,0.3695,0.3695,0.3695,0.3306,0.362,0.0,125,1.0,7.73,0.0689,44.8
128,CL3r1,cluster,3.0,1,0.2194,0.2194,0.2194,0.1624,0.1878,-0.0,90,1.0,8.65,0.1384,41.4
128,CL3r2,cluster,3.0,2,0.2087,0.2086,0.2087,0.1668,0.1862,0.0,90,0.8,8.17,0.1381,41.4
128,CL3r3,cluster,3.0,3,0.2464,0.2498,0.2464,0.1828,0.1959,0.0,50,1.0,19.9,0.1448,41.1
128,CL5r1,cluster,5.0,1,0.1827,0.1847,0.1827,0.1383,0.1538,-0.0,45,1.0,8.75,0.0702,44.6
128,CL5r2,cluster,5.0,2,0.1791,0.1809,0.1791,0.1324,0.1476,-0.0,90,1.0,7.97,0.0699,44.6
128,CL5r3,cluster,5.0,3,0.1668,0.1713,0.1668,0.1104,0.1198,0.0,135,1.0,16.63,0.0727,44.5
128,CL7r1,cluster,7.0,1,0.1605,0.1605,0.1605,0.1027,0.1102,-0.0,90,1.0,7.24,0.0429,45.9
128,CL7r2,cluster,7.0,2,0.1516,0.1521,0.1516,0.0901,0.097,0.0,90,1.0,7.24,0.0423,45.9
128,CL7r3,cluster,7.0,3,0.1256,0.1257,0.1256,0.0792,0.0862,-0.0,45,1.0,12.51,0.0444,45.8
128,MU3r1,multi_cluster,3.0,1,0.5911,0.5911,0.5911,0.5017,0.5266,-0.0,135,1.0,12.37,0.1888,39.1
128,MU3r2,multi_cluster,3.0,2,1.139,1.139,1.139,0.9487,0.9754,-0.0,135,1.0,4.97,0.2179,37.9
128,MU3r3,multi_cluster,3.0,3,0.2802,0.2802,0.2802,0.2208,0.2287,0.0,45,1.0,6.62,0.1969,38.6
128,MU5r1,multi_cluster,5.0,1,0.3627,0.3628,0.3627,0.2869,0.3101,-0.0,135,1.0,12.17,0.0947,43.5
128,MU5r2,multi_cluster,5.0,2,0.5459,0.5459,0.5459,0.4519,0.4831,0.0,135,1.0,11.99,0.1081,43.0
128,MU5r3,multi_cluster,5.0,3,0.2424,0.2425,0.2424,0.144,0.1522,-0.0,90,1.0,7.96,0.0984,43.3
128,MU7r1,multi_cluster,7.0,1,0.2448,0.2448,0.2448,0.1828,0.2019,-0.0,135,1.0,7.85,0.0562,45.3
128,MU7r2,multi_cluster,7.0,2,0.3446,0.3446,0.3446,0.2771,0.3043,0.0,135,1.0,7.35,0.0643,45.0
128,MU7r3,multi_cluster,7.0,3,0.1979,0.198,0.1979,0.1095,0.1153,0.0,90,1.0,9.41,0.0584,45.2
129,RU3r1,rule_grid,3.0,1,0.3685,0.3685,0.3685,0.2555,0.3214,0.0,175,0.8,9.77,0.2046,45.7
129,RU3r2,rule_grid,3.0,2,0.2657,0.2658,0.2657,0.2427,0.2999,0.0,150,0.6,20.56,0.2039,45.7
129,RU3r3,rule_grid,3.0,3,0.3905,0.391,0.3905,0.4783,0.6129,0.0,90,0.8,15.35,0.203,45.8
129,RU5r1,rule_grid,5.0,1,0.2153,0.2154,0.2153,0.143,0.1925,0.0,85,0.8,6.38,0.0979,51.8
129,RU5r2,rule_grid,5.0,2,0.1317,0.1318,0.1317,0.1553,0.2,-0.0,55,0.6,19.93,0.0979,51.7
129,RU5r3,rule_grid,5.0,3,0.195,0.1951,0.195,0.2586,0.3467,-0.0,90,0.8,17.82,0.0969,51.8
129,RU7r1,rule_grid,7.0,1,0.1302,0.1303,0.1302,0.0892,0.1213,-0.0,85,0.8,11.52,0.0578,54.0
129,RU7r2,rule_grid,7.0,2,0.0821,0.0821,0.0821,0.1032,0.1399,-0.0,55,0.6,23.84,0.0573,54.0
129,RU7r3,rule_grid,7.0,3,0.1274,0.1274,0.1274,0.1697,0.2404,0.0,90,0.8,13.84,0.0568,54.1
129,BE3r1,belt,3.0,1,0.6521,0.6521,0.6521,0.8173,1.0944,0.0,130,1.0,14.01,0.1224,50.6
129,BE3r2,belt,3.0,2,0.4535,0.4535,0.4535,0.5072,0.6654,0.0,130,1.0,13.67,0.1825,47.0
129,BE3r3,belt,3.0,3,0.5812,0.5812,0.5812,0.5426,0.7056,-0.0,150,0.8,12.62,0.182,47.1
129,BE5r1,belt,5.0,1,0.2749,0.2749,0.2749,0.3574,0.5042,0.0,130,1.0,14.53,0.06,54.0
129,BE5r2,belt,5.0,2,0.2126,0.2127,0.2126,0.2191,0.312,-0.0,175,1.0,13.22,0.0878,52.3
129,BE5r3,belt,5.0,3,0.2142,0.2142,0.2142,0.2642,0.3747,0.0,150,0.6,13.92,0.0872,52.4
129,BE7r1,belt,7.0,1,0.1514,0.1514,0.1514,0.1956,0.2891,0.0,130,1.0,13.06,0.0353,55.3
129,BE7r2,belt,7.0,2,0.1367,0.1367,0.1367,0.1286,0.1947,0.0,175,0.8,13.79,0.0515,54.4
129,BE7r3,belt,7.0,3,0.1167,0.1167,0.1167,0.1586,0.2364,-0.0,155,0.4,9.46,0.0509,54.4
129,CL3r1,cluster,3.0,1,0.1908,0.1908,0.1908,0.1959,0.2673,0.0,85,0.8,16.64,0.1035,51.4
129,CL3r2,cluster,3.0,2,0.1973,0.1979,0.1973,0.1955,0.2811,0.0,85,0.8,13.15,0.1031,51.4
129,CL3r3,cluster,3.0,3,0.2181,0.22,0.2181,0.1773,0.2534,-0.0,170,0.8,22.49,0.1088,51.1
129,CL5r1,cluster,5.0,1,0.1214,0.1223,0.1214,0.1152,0.1647,-0.0,85,0.8,13.46,0.0516,54.4
129,CL5r2,cluster,5.0,2,0.13,0.1307,0.13,0.1204,0.1783,0.0,85,0.8,9.08,0.0514,54.4
129,CL5r3,cluster,5.0,3,0.1292,0.1298,0.1292,0.11,0.162,-0.0,175,0.8,19.88,0.0536,54.2
129,CL7r1,cluster,7.0,1,0.0947,0.0947,0.0947,0.0924,0.1338,0.0,90,0.8,16.49,0.0313,55.5
129,CL7r2,cluster,7.0,2,0.0903,0.0906,0.0903,0.0822,0.1211,-0.0,85,0.8,15.68,0.0309,55.5
129,CL7r3,cluster,7.0,3,0.0896,0.0896,0.0896,0.077,0.1129,0.0,85,0.8,15.18,0.0325,55.4
129,MU3r1,multi_cluster,3.0,1,0.3393,0.3394,0.3393,0.2356,0.312,-0.0,170,0.8,15.39,0.1446,49.1
129,MU3r2,multi_cluster,3.0,2,0.3805,0.3805,0.3805,0.3698,0.4942,-0.0,170,1.0,13.59,0.1684,47.8
129,MU3r3,multi_cluster,3.0,3,0.3304,0.3304,0.3304,0.2269,0.3004,-0.0,80,0.8,6.04,0.1508,48.8
129,MU5r1,multi_cluster,5.0,1,0.2054,0.2054,0.2054,0.1562,0.2104,0.0,175,0.8,15.0,0.0711,53.3
129,MU5r2,multi_cluster,5.0,2,0.2107,0.2108,0.2107,0.1768,0.2383,-0.0,175,0.8,13.22,0.0814,52.7
129,MU5r3,multi_cluster,5.0,3,0.2019,0.2019,0.2019,0.139,0.1912,0.0,85,0.8,11.61,0.0739,53.1
129,MU7r1,multi_cluster,7.0,1,0.1309,0.131,0.1309,0.1026,0.1431,0.0,175,0.8,18.87,0.0416,54.9
129,MU7r2,multi_cluster,7.0,2,0.1349,0.1349,0.1349,0.111,0.1541,0.0,175,0.8,18.15,0.0476,54.6
129,MU7r3,multi_cluster,7.0,3,0.1274,0.1274,0.1274,0.0938,0.1296,-0.0,85,0.8,7.48,0.0432,54.8
130,RU3r1,rule_grid,3.0,1,5.9483,5.9495,5.9483,3.1403,2.1478,0.0,75,1.0,6.22,0.3989,13.7
130,RU3r2,rule_grid,3.0,2,6.7072,6.7072,6.7072,3.5527,2.2913,0.0,45,1.0,1.59,0.3989,13.8
130,RU3r3,rule_grid,3.0,3,7.9341,7.9347,7.9341,4.2912,2.8177,-0.0,45,1.0,4.99,0.3968,14.0
130,RU5r1,rule_grid,5.0,1,3.2305,3.2305,3.2305,1.6498,1.0918,0.0,165,1.0,14.45,0.2118,17.5
130,RU5r2,rule_grid,5.0,2,3.5657,3.5657,3.5657,1.9022,1.1958,-0.0,50,1.0,1.59,0.2125,17.5
130,RU5r3,rule_grid,5.0,3,3.916,3.9157,3.916,2.1718,1.386,0.0,45,1.0,7.06,0.2105,17.6
130,RU7r1,rule_grid,7.0,1,1.9503,1.9502,1.9503,0.9825,0.6316,-0.0,75,1.0,4.96,0.1333,19.0
130,RU7r2,rule_grid,7.0,2,2.1072,2.1072,2.1072,1.1324,0.692,-0.0,50,1.0,13.88,0.132,19.1
130,RU7r3,rule_grid,7.0,3,2.4992,2.4992,2.4992,1.4651,0.8913,-0.0,90,1.0,7.1,0.1307,19.2
130,BE3r1,belt,3.0,1,14.7985,14.7984,14.7985,9.6374,6.1991,0.0,125,1.0,6.35,0.255,18.4
130,BE3r2,belt,3.0,2,10.7077,10.7077,10.7077,6.3773,4.2246,-0.0,75,1.0,8.33,0.3639,15.1
130,BE3r3,belt,3.0,3,13.1395,13.1403,13.1395,8.4771,5.4916,0.0,100,1.0,0.92,0.363,15.5
130,BE5r1,belt,5.0,1,7.4181,7.418,7.4181,4.7973,2.9136,0.0,125,1.0,8.12,0.1342,20.0
130,BE5r2,belt,5.0,2,5.6343,5.6345,5.6343,3.3386,2.056,-0.0,75,1.0,8.22,0.1914,18.4
130,BE5r3,belt,5.0,3,6.6631,6.6631,6.6631,4.3063,2.6076,-0.0,105,1.0,1.23,0.1909,18.6
130,BE7r1,belt,7.0,1,4.4156,4.4156,4.4156,2.8615,1.6918,-0.0,75,1.0,8.49,0.0827,20.6
130,BE7r2,belt,7.0,2,3.6003,3.6005,3.6003,2.1485,1.2725,0.0,75,1.0,7.47,0.1189,19.6
130,BE7r3,belt,7.0,3,4.0689,4.0689,4.0689,2.6392,1.543,-0.0,105,1.0,1.23,0.1178,19.7
130,CL3r1,cluster,3.0,1,6.4196,6.4201,6.4196,3.6258,2.0594,0.0,40,1.0,19.18,0.2331,17.5
130,CL3r2,cluster,3.0,2,6.3364,6.3398,6.3364,3.6512,2.0813,0.0,40,1.0,0.79,0.2333,17.5
130,CL3r3,cluster,3.0,3,6.2015,6.1963,6.2015,3.8907,2.3302,0.0,160,1.0,2.47,0.2401,17.3
130,CL5r1,cluster,5.0,1,3.4673,3.4661,3.4673,1.9295,1.1168,0.0,40,1.0,19.59,0.1207,19.6
130,CL5r2,cluster,5.0,2,3.4221,3.4257,3.4221,1.943,1.126,-0.0,40,1.0,13.83,0.1208,19.5
130,CL5r3,cluster,5.0,3,3.3139,3.3143,3.3139,2.0477,1.2202,0.0,160,1.0,2.47,0.1246,19.4
130,CL7r1,cluster,7.0,1,2.1621,2.1622,2.1621,1.2282,0.7221,-0.0,160,1.0,19.76,0.0745,20.3
130,CL7r2,cluster,7.0,2,2.1065,2.1091,2.1065,1.2056,0.701,0.0,40,1.0,19.09,0.0741,20.3
130,CL7r3,cluster,7.0,3,2.1931,2.1932,2.1931,1.3787,0.8163,0.0,160,1.0,2.56,0.0772,20.3
130,MU3r1,multi_cluster,3.0,1,7.5101,7.51,7.5101,4.4163,2.7893,-0.0,75,1.0,7.02,0.3034,16.1
130,MU3r2,multi_cluster,3.0,2,9.3265,9.3271,9.3265,5.3848,3.515,-0.0,75,1.0,8.73,0.3417,15.5
130,MU3r3,multi_cluster,3.0,3,6.0623,6.0626,6.0623,3.4812,2.2763,0.0,160,1.0,14.19,0.3148,15.6
130,MU5r1,multi_cluster,5.0,1,4.2098,4.2098,4.2098,2.3525,1.4667,0.0,75,1.0,6.8,0.1576,18.9
130,MU5r2,multi_cluster,5.0,2,4.9714,4.9714,4.9714,2.8472,1.7619,-0.0,75,1.0,7.0,0.1784,18.5
130,MU5r3,multi_cluster,5.0,3,3.3602,3.3602,3.3602,1.8579,1.2039,0.0,75,1.0,3.86,0.1634,18.6
130,MU7r1,multi_cluster,7.0,1,2.6422,2.6423,2.6422,1.4656,0.8946,-0.0,75,1.0,4.99,0.0962,19.9
130,MU7r2,multi_cluster,7.0,2,3.1514,3.1514,3.1514,1.8123,1.0829,-0.0,75,1.0,6.04,0.11,19.7
130,MU7r3,multi_cluster,7.0,3,2.1486,2.1486,2.1486,1.1895,0.7492,-0.0,75,1.0,2.8,0.0998,19.8
131,RU3r1,rule_grid,3.0,1,0.9452,0.9452,0.9452,0.4963,0.4179,-0.0,0,1.0,11.07,0.3078,23.6
131,RU3r2,rule_grid,3.0,2,0.9938,0.9938,0.9938,0.6173,0.5077,0.0,155,1.0,17.94,0.3074,23.6
131,RU3r3,rule_grid,3.0,3,0.9826,0.983,0.9826,0.6259,0.5034,0.0,145,0.8,8.14,0.3061,23.7
131,RU5r1,rule_grid,5.0,1,0.5635,0.5635,0.5635,0.3406,0.2816,0.0,90,1.0,11.95,0.152,28.8
131,RU5r2,rule_grid,5.0,2,0.624,0.624,0.624,0.4429,0.3588,-0.0,90,1.0,14.15,0.1521,28.8
131,RU5r3,rule_grid,5.0,3,0.4721,0.4723,0.4721,0.351,0.2894,0.0,15,0.8,9.69,0.151,28.8
131,RU7r1,rule_grid,7.0,1,0.3749,0.375,0.3749,0.2461,0.1996,0.0,90,1.0,18.01,0.0916,30.8
131,RU7r2,rule_grid,7.0,2,0.3928,0.3928,0.3928,0.3033,0.2444,0.0,90,1.0,16.28,0.0906,30.8
131,RU7r3,rule_grid,7.0,3,0.3086,0.3086,0.3086,0.2495,0.2018,-0.0,15,0.8,13.92,0.09,30.8
131,BE3r1,belt,3.0,1,3.807,3.807,3.807,2.2978,1.8914,0.0,0,1.0,22.59,0.1939,28.3
131,BE3r2,belt,3.0,2,2.6043,2.6043,2.6043,1.498,1.2302,-0.0,0,1.0,27.93,0.2793,25.0
131,BE3r3,belt,3.0,3,2.0183,2.0183,2.0183,1.2442,1.0204,0.0,0,1.0,29.21,0.2787,24.9
131,BE5r1,belt,5.0,1,1.7042,1.7042,1.7042,1.1006,0.8897,0.0,0,1.0,17.13,0.0967,31.0
131,BE5r2,belt,5.0,2,1.2074,1.2076,1.2074,0.7709,0.6223,-0.0,0,1.0,22.14,0.1377,29.5
131,BE5r3,belt,5.0,3,0.9256,0.9256,0.9256,0.6576,0.5299,0.0,25,1.0,29.78,0.1372,29.4
131,BE7r1,belt,7.0,1,0.9804,0.9804,0.9804,0.6581,0.5292,0.0,0,1.0,17.2,0.0575,32.2
131,BE7r2,belt,7.0,2,0.7495,0.7496,0.7495,0.5081,0.4076,-0.0,0,1.0,22.21,0.0822,31.2
131,BE7r3,belt,7.0,3,0.5706,0.5707,0.5706,0.4214,0.3376,0.0,25,1.0,29.93,0.0814,31.2
131,CL3r1,cluster,3.0,1,0.7212,0.7213,0.7212,0.4648,0.3682,0.0,90,1.0,10.26,0.1679,28.3
131,CL3r2,cluster,3.0,2,0.591,0.5905,0.591,0.369,0.2907,-0.0,90,0.8,10.94,0.168,28.3
131,CL3r3,cluster,3.0,3,0.6634,0.678,0.6634,0.3656,0.2933,0.0,90,1.0,5.1,0.1747,28.1
131,CL5r1,cluster,5.0,1,0.4764,0.4768,0.4764,0.3271,0.2626,0.0,90,1.0,10.05,0.0825,31.1
131,CL5r2,cluster,5.0,2,0.4109,0.4115,0.4109,0.2767,0.222,-0.0,90,1.0,10.66,0.0827,31.1
131,CL5r3,cluster,5.0,3,0.4025,0.4056,0.4025,0.2531,0.2041,0.0,90,1.0,10.31,0.0858,31.0
131,CL7r1,cluster,7.0,1,0.3104,0.3104,0.3104,0.2271,0.1828,0.0,90,1.0,14.16,0.0498,32.2
131,CL7r2,cluster,7.0,2,0.2772,0.2773,0.2772,0.1986,0.16,0.0,90,1.0,10.66,0.0496,32.2
131,CL7r3,cluster,7.0,3,0.292,0.2938,0.292,0.1982,0.1598,-0.0,90,1.0,8.59,0.0518,32.1
131,MU3r1,multi_cluster,3.0,1,1.3483,1.3483,1.3483,0.7697,0.6245,0.0,0,1.0,32.63,0.2293,26.4
131,MU3r2,multi_cluster,3.0,2,2.0817,2.0817,2.0817,1.1939,0.976,-0.0,0,1.0,27.87,0.2609,25.5
131,MU3r3,multi_cluster,3.0,3,0.8805,0.8805,0.8805,0.4705,0.3901,0.0,90,1.0,11.1,0.2374,26.0
131,MU5r1,multi_cluster,5.0,1,0.7542,0.7542,0.7542,0.4803,0.3898,-0.0,0,1.0,22.11,0.1131,30.2
131,MU5r2,multi_cluster,5.0,2,1.0085,1.0085,1.0085,0.6419,0.52,0.0,0,1.0,22.14,0.1283,29.8
131,MU5r3,multi_cluster,5.0,3,0.5499,0.5499,0.5499,0.3368,0.2762,-0.0,0,1.0,23.62,0.1169,30.0
131,MU7r1,multi_cluster,7.0,1,0.4847,0.4847,0.4847,0.3276,0.2647,0.0,0,1.0,22.21,0.0668,31.7
131,MU7r2,multi_cluster,7.0,2,0.6311,0.6311,0.6311,0.4265,0.3432,0.0,0,1.0,22.21,0.0762,31.4
131,MU7r3,multi_cluster,7.0,3,0.3678,0.3678,0.3678,0.2436,0.1977,-0.0,90,1.0,18.5,0.069,31.6
132,RU3r1,rule_grid,3.0,1,1.3234,1.3234,1.3234,0.603,0.5048,0.0,170,1.0,3.84,0.3135,22.9
132,RU3r2,rule_grid,3.0,2,0.9888,0.9888,0.9888,0.4785,0.3947,0.0,155,1.0,10.75,0.3131,22.8
132,RU3r3,rule_grid,3.0,3,1.6271,1.6277,1.6271,0.7855,0.662,0.0,85,1.0,12.9,0.3117,23.0
132,RU5r1,rule_grid,5.0,1,0.6207,0.6207,0.6207,0.3157,0.2648,0.0,170,1.0,16.38,0.1578,27.9
132,RU5r2,rule_grid,5.0,2,0.4694,0.4694,0.4694,0.2672,0.2195,0.0,155,1.0,14.16,0.1581,27.8
132,RU5r3,rule_grid,5.0,3,0.7878,0.7884,0.7878,0.4411,0.3708,-0.0,90,1.0,14.92,0.1567,28.0
132,RU7r1,rule_grid,7.0,1,0.3371,0.337,0.3371,0.1884,0.1567,0.0,80,1.0,5.64,0.0962,29.8
132,RU7r2,rule_grid,7.0,2,0.2754,0.2754,0.2754,0.1551,0.1293,-0.0,155,1.0,19.06,0.0953,29.8
132,RU7r3,rule_grid,7.0,3,0.4742,0.4742,0.4742,0.2893,0.2408,0.0,90,1.0,15.32,0.0944,29.9
132,BE3r1,belt,3.0,1,2.3425,2.3425,2.3425,1.4831,1.263,0.0,165,1.0,7.26,0.1954,27.1
132,BE3r2,belt,3.0,2,1.8573,1.8573,1.8573,1.0448,0.8807,0.0,170,1.0,8.39,0.2836,24.0
132,BE3r3,belt,3.0,3,1.8788,1.8789,1.8788,0.9892,0.8275,-0.0,155,1.0,5.87,0.2828,24.0
132,BE5r1,belt,5.0,1,1.0489,1.0489,1.0489,0.7258,0.6065,-0.0,165,1.0,13.94,0.0992,29.9
132,BE5r2,belt,5.0,2,0.8509,0.8509,0.8509,0.5212,0.4336,-0.0,170,1.0,14.29,0.1424,28.4
132,BE5r3,belt,5.0,3,0.8322,0.8322,0.8322,0.4904,0.4055,-0.0,155,1.0,11.89,0.1419,28.5
132,BE7r1,belt,7.0,1,0.5981,0.5981,0.5981,0.4372,0.3624,0.0,165,1.0,14.29,0.0596,31.1
132,BE7r2,belt,7.0,2,0.492,0.492,0.492,0.3267,0.27,0.0,170,1.0,14.29,0.0859,30.2
132,BE7r3,belt,7.0,3,0.4745,0.4745,0.4745,0.3014,0.2488,0.0,155,1.0,11.89,0.0851,30.2
132,CL3r1,cluster,3.0,1,0.7454,0.7454,0.7454,0.4926,0.3994,0.0,80,1.0,11.12,0.172,27.4
132,CL3r2,cluster,3.0,2,0.7136,0.7196,0.7136,0.4902,0.3982,0.0,80,1.0,8.01,0.172,27.4
132,CL3r3,cluster,3.0,3,0.8114,0.8108,0.8114,0.5379,0.4406,0.0,170,1.0,16.34,0.1789,27.2
132,CL5r1,cluster,5.0,1,0.4141,0.4153,0.4141,0.2904,0.2384,0.0,80,1.0,5.98,0.0866,30.2
132,CL5r2,cluster,5.0,2,0.3984,0.3996,0.3984,0.2833,0.2323,-0.0,80,1.0,10.15,0.0867,30.2
132,CL5r3,cluster,5.0,3,0.4069,0.4064,0.4069,0.2979,0.2452,-0.0,170,1.0,17.63,0.0898,30.1
132,CL7r1,cluster,7.0,1,0.2553,0.2553,0.2553,0.1836,0.1514,0.0,80,1.0,12.38,0.0528,31.2
132,CL7r2,cluster,7.0,2,0.2445,0.2447,0.2445,0.1773,0.1462,-0.0,80,1.0,10.6,0.0524,31.2
132,CL7r3,cluster,7.0,3,0.2531,0.2534,0.2531,0.1953,0.1611,0.0,170,1.0,22.51,0.0548,31.2
132,MU3r1,multi_cluster,3.0,1,1.3065,1.3065,1.3065,0.7426,0.6145,0.0,170,1.0,14.3,0.2322,25.6
132,MU3r2,multi_cluster,3.0,2,1.6284,1.6285,1.6284,0.9198,0.7696,0.0,170,1.0,8.31,0.2646,24.6
132,MU3r3,multi_cluster,3.0,3,1.1593,1.1593,1.1593,0.6095,0.506,-0.0,80,1.0,11.91,0.241,25.2
132,MU5r1,multi_cluster,5.0,1,0.665,0.665,0.665,0.4074,0.3387,0.0,170,1.0,14.43,0.1166,29.2
132,MU5r2,multi_cluster,5.0,2,0.7702,0.7702,0.7702,0.4682,0.39,0.0,170,1.0,14.29,0.1325,28.7
132,MU5r3,multi_cluster,5.0,3,0.5866,0.5866,0.5866,0.3385,0.2823,0.0,170,1.0,10.45,0.1208,29.1
132,MU7r1,multi_cluster,7.0,1,0.383,0.383,0.383,0.2501,0.2074,0.0,170,1.0,26.33,0.0695,30.7
132,MU7r2,multi_cluster,7.0,2,0.4433,0.4433,0.4433,0.2875,0.238,0.0,170,1.0,19.36,0.0795,30.4
132,MU7r3,multi_cluster,7.0,3,0.3362,0.3362,0.3362,0.21,0.1744,0.0,170,1.0,15.19,0.0721,30.6
133,RU3r1,rule_grid,3.0,1,6.357,6.3569,6.357,2.8349,2.0158,0.0,130,1.0,9.62,0.3807,16.3
133,RU3r2,rule_grid,3.0,2,6.3931,6.3931,6.3931,3.3129,2.2372,0.0,40,1.0,1.85,0.3806,16.4
133,RU3r3,rule_grid,3.0,3,8.1066,8.1071,8.1066,4.3742,2.9373,0.0,45,1.0,4.16,0.3786,16.7
133,RU5r1,rule_grid,5.0,1,3.3447,3.3446,3.3447,1.5387,1.0401,0.0,40,1.0,18.52,0.1991,20.5
133,RU5r2,rule_grid,5.0,2,3.3198,3.3197,3.3198,1.7397,1.1556,-0.0,50,1.0,2.2,0.1997,20.5
133,RU5r3,rule_grid,5.0,3,3.8574,3.8571,3.8574,2.0958,1.405,-0.0,45,1.0,6.48,0.1978,20.7
133,RU7r1,rule_grid,7.0,1,1.9407,1.9409,1.9407,0.9055,0.6056,0.0,40,1.0,6.02,0.1239,22.2
133,RU7r2,rule_grid,7.0,2,1.9379,1.938,1.9379,1.0339,0.672,0.0,50,1.0,2.2,0.1228,22.2
133,RU7r3,rule_grid,7.0,3,2.3593,2.3593,2.3593,1.3869,0.8972,0.0,90,1.0,7.05,0.1216,22.3
133,BE3r1,belt,3.0,1,14.8552,14.8552,14.8552,9.9096,6.6915,0.0,130,1.0,4.88,0.241,21.6
133,BE3r2,belt,3.0,2,11.3447,11.3449,11.3447,6.5043,4.457,-0.0,130,1.0,7.14,0.3462,18.1
133,BE3r3,belt,3.0,3,13.1182,13.1188,13.1182,8.4023,5.6767,0.0,105,1.0,0.71,0.3454,18.4
133,BE5r1,belt,5.0,1,7.3639,7.3639,7.3639,4.8233,3.1207,-0.0,130,1.0,4.82,0.1257,23.3
133,BE5r2,belt,5.0,2,5.6821,5.682,5.6821,3.3045,2.1474,-0.0,130,1.0,7.14,0.1798,21.5
133,BE5r3,belt,5.0,3,6.5055,6.5055,6.5055,4.1333,2.6657,-0.0,105,1.0,0.92,0.1792,21.7
133,BE7r1,belt,7.0,1,4.3232,4.3232,4.3232,2.8246,1.7896,-0.0,130,1.0,4.82,0.0769,23.9
133,BE7r2,belt,7.0,2,3.5321,3.5321,3.5321,2.0938,1.324,0.0,130,1.0,7.14,0.1106,22.8
133,BE7r3,belt,7.0,3,3.8678,3.8678,3.8678,2.4961,1.5722,0.0,105,1.0,1.4,0.1096,22.9
133,CL3r1,cluster,3.0,1,6.657,6.6576,6.657,3.6884,2.2597,0.0,45,1.0,0.77,0.2184,20.7
133,CL3r2,cluster,3.0,2,6.5976,6.6001,6.5976,3.7207,2.2854,-0.0,45,1.0,0.71,0.2186,20.7
133,CL3r3,cluster,3.0,3,5.7791,5.7753,5.7791,3.3252,2.1163,-0.0,160,1.0,3.93,0.2257,20.3
133,CL5r1,cluster,5.0,1,3.5252,3.5233,3.5252,1.9966,1.2475,-0.0,40,1.0,0.77,0.112,22.8
133,CL5r2,cluster,5.0,2,3.4732,3.476,3.4732,2.0069,1.2547,-0.0,45,1.0,0.79,0.1121,22.8
133,CL5r3,cluster,5.0,3,3.0516,3.054,3.0516,1.7618,1.1197,0.0,165,1.0,3.48,0.1158,22.6
133,CL7r1,cluster,7.0,1,2.1443,2.1443,2.1443,1.2403,0.7794,0.0,45,1.0,14.02,0.0688,23.6
133,CL7r2,cluster,7.0,2,2.1328,2.1345,2.1328,1.2491,0.7848,-0.0,45,1.0,0.79,0.0684,23.6
133,CL7r3,cluster,7.0,3,2.0159,2.0161,2.0159,1.1714,0.7434,0.0,160,1.0,3.33,0.0713,23.5
133,MU3r1,multi_cluster,3.0,1,7.7931,7.7931,7.7931,4.0726,2.6669,0.0,130,1.0,8.58,0.2872,19.1
133,MU3r2,multi_cluster,3.0,2,9.8261,9.8261,9.8261,5.467,3.7002,-0.0,130,1.0,6.61,0.3246,18.4
133,MU3r3,multi_cluster,3.0,3,6.193,6.193,6.193,3.079,2.0914,-0.0,40,1.0,17.08,0.2981,18.5
133,MU5r1,multi_cluster,5.0,1,4.1485,4.1486,4.1485,2.217,1.4399,0.0,130,1.0,7.96,0.1477,22.0
133,MU5r2,multi_cluster,5.0,2,4.9797,4.9796,4.9797,2.8032,1.8298,0.0,130,1.0,7.14,0.1674,21.7
133,MU5r3,multi_cluster,5.0,3,3.3478,3.3478,3.3478,1.6452,1.1134,-0.0,40,1.0,5.39,0.1531,21.7
133,MU7r1,multi_cluster,7.0,1,2.5302,2.5302,2.5302,1.3672,0.8746,-0.0,130,1.0,8.63,0.0895,23.2
133,MU7r2,multi_cluster,7.0,2,3.0687,3.0688,3.0687,1.7556,1.1173,-0.0,130,1.0,7.14,0.1023,23.0
133,MU7r3,multi_cluster,7.0,3,2.0618,2.0618,2.0618,1.0514,0.6949,0.0,40,1.0,5.61,0.0928,23.0
134,RU3r1,rule_grid,3.0,1,0.534,0.5339,0.534,0.4435,0.3936,-0.0,175,0.8,8.58,0.3151,26.1
134,RU3r2,rule_grid,3.0,2,0.8311,0.8313,0.8311,0.7096,0.6275,-0.0,90,1.0,8.2,0.3148,26.2
134,RU3r3,rule_grid,3.0,3,1.4584,1.4593,1.4584,1.1806,1.0283,0.0,85,1.0,6.69,0.3132,26.4
134,RU5r1,rule_grid,5.0,1,0.3677,0.3679,0.3677,0.2757,0.2413,-0.0,65,1.0,13.49,0.1619,31.9
134,RU5r2,rule_grid,5.0,2,0.5152,0.5153,0.5152,0.457,0.4014,-0.0,90,1.0,10.31,0.1623,31.9
134,RU5r3,rule_grid,5.0,3,0.6656,0.666,0.6656,0.578,0.5042,0.0,85,1.0,7.05,0.1606,32.0
134,RU7r1,rule_grid,7.0,1,0.2783,0.2783,0.2783,0.2034,0.1771,0.0,65,0.8,7.3,0.0997,34.2
134,RU7r2,rule_grid,7.0,2,0.3384,0.3385,0.3384,0.3127,0.2716,0.0,90,1.0,10.31,0.099,34.2
134,RU7r3,rule_grid,7.0,3,0.4123,0.4122,0.4123,0.3825,0.3301,0.0,85,1.0,6.18,0.098,34.3
134,BE3r1,belt,3.0,1,3.2856,3.2856,3.2856,2.6057,2.2945,-0.0,115,1.0,5.77,0.1934,31.5
134,BE3r2,belt,3.0,2,1.9542,1.9544,1.9542,1.5448,1.356,0.0,115,1.0,7.15,0.2838,27.7
134,BE3r3,belt,3.0,3,2.0936,2.0937,2.0936,1.6229,1.4216,0.0,120,1.0,5.99,0.2831,27.7
134,BE5r1,belt,5.0,1,1.4973,1.4973,1.4973,1.2168,1.0573,0.0,115,1.0,5.78,0.1002,34.6
134,BE5r2,belt,5.0,2,0.9395,0.9396,0.9395,0.7531,0.6466,0.0,115,1.0,8.4,0.1453,32.7
134,BE5r3,belt,5.0,3,0.9343,0.9344,0.9343,0.7565,0.6533,0.0,120,1.0,7.12,0.1448,32.7
134,BE7r1,belt,7.0,1,0.856,0.856,0.856,0.6994,0.6033,-0.0,115,1.0,7.58,0.0609,35.9
134,BE7r2,belt,7.0,2,0.6019,0.6019,0.6019,0.4816,0.4122,-0.0,115,1.0,7.93,0.0886,34.7
134,BE7r3,belt,7.0,3,0.5744,0.5744,0.5744,0.4584,0.3953,0.0,155,1.0,6.86,0.0878,34.7
134,CL3r1,cluster,3.0,1,0.4679,0.4679,0.4679,0.4167,0.3574,0.0,70,1.0,10.53,0.174,31.4
134,CL3r2,cluster,3.0,2,0.4818,0.4824,0.4818,0.4656,0.399,0.0,70,1.0,6.97,0.1737,31.4
134,CL3r3,cluster,3.0,3,0.4643,0.4671,0.4643,0.4421,0.3774,0.0,165,0.8,27.29,0.1808,31.2
134,CL5r1,cluster,5.0,1,0.3566,0.359,0.3566,0.2621,0.224,0.0,70,1.0,13.36,0.0899,34.6
134,CL5r2,cluster,5.0,2,0.3375,0.3398,0.3375,0.2774,0.2384,-0.0,70,1.0,11.22,0.0896,34.6
134,CL5r3,cluster,5.0,3,0.3151,0.3159,0.3151,0.2569,0.2208,0.0,160,1.0,27.91,0.0929,34.5
134,CL7r1,cluster,7.0,1,0.2237,0.2237,0.2237,0.1959,0.1698,-0.0,70,1.0,13.65,0.0554,35.9
134,CL7r2,cluster,7.0,2,0.2196,0.2202,0.2196,0.1897,0.1642,-0.0,70,1.0,11.2,0.0548,35.9
134,CL7r3,cluster,7.0,3,0.2164,0.2192,0.2164,0.1767,0.1527,-0.0,160,1.0,25.22,0.0574,35.8
134,MU3r1,multi_cluster,3.0,1,0.7998,0.7998,0.7998,0.5742,0.4966,-0.0,155,1.0,8.29,0.2315,29.3
134,MU3r2,multi_cluster,3.0,2,1.4079,1.408,1.4079,1.1169,0.9776,-0.0,115,1.0,8.16,0.2646,28.2
134,MU3r3,multi_cluster,3.0,3,0.5109,0.511,0.5109,0.4355,0.3801,0.0,70,0.8,8.43,0.2413,28.9
134,MU5r1,multi_cluster,5.0,1,0.5284,0.5285,0.5284,0.3834,0.3319,0.0,155,1.0,8.35,0.1185,33.6
134,MU5r2,multi_cluster,5.0,2,0.7359,0.7359,0.7359,0.563,0.4842,-0.0,155,1.0,9.01,0.135,33.0
134,MU5r3,multi_cluster,5.0,3,0.3691,0.3692,0.3691,0.2829,0.2466,0.0,70,1.0,7.16,0.1233,33.3
134,MU7r1,multi_cluster,7.0,1,0.3632,0.3633,0.3632,0.2552,0.2202,0.0,155,1.0,7.91,0.0714,35.3
134,MU7r2,multi_cluster,7.0,2,0.4776,0.4777,0.4776,0.3564,0.3055,0.0,155,1.0,7.61,0.0818,34.9
134,MU7r3,multi_cluster,7.0,3,0.2661,0.2662,0.2661,0.2036,0.1773,0.0,65,0.8,6.67,0.0743,35.1
135,RU3r1,rule_grid,3.0,1,2.0014,2.0018,2.0014,1.0339,0.818,-0.0,95,1.0,3.39,0.3347,18.4
135,RU3r2,rule_grid,3.0,2,1.7305,1.7305,1.7305,0.8203,0.6299,-0.0,10,1.0,16.89,0.3344,18.4
135,RU3r3,rule_grid,3.0,3,2.248,2.2483,2.248,1.3495,1.0601,-0.0,10,1.0,8.46,0.3328,18.5
135,RU5r1,rule_grid,5.0,1,1.0274,1.0275,1.0274,0.5452,0.4259,0.0,95,1.0,10.49,0.1705,22.7
135,RU5r2,rule_grid,5.0,2,0.8299,0.8299,0.8299,0.4124,0.3167,0.0,5,1.0,14.49,0.1709,22.7
135,RU5r3,rule_grid,5.0,3,0.9329,0.9338,0.9329,0.6706,0.5215,0.0,5,1.0,11.76,0.1693,22.7
135,RU7r1,rule_grid,7.0,1,0.6278,0.6279,0.6278,0.33,0.2555,0.0,5,1.0,14.92,0.1047,24.4
135,RU7r2,rule_grid,7.0,2,0.4477,0.4478,0.4477,0.2426,0.1867,0.0,5,1.0,18.58,0.1037,24.4
135,RU7r3,rule_grid,7.0,3,0.5413,0.5413,0.5413,0.4316,0.3292,-0.0,5,1.0,11.76,0.1028,24.5
135,BE3r1,belt,3.0,1,4.8367,4.8367,4.8367,2.9035,2.3115,-0.0,90,1.0,0.98,0.2095,22.5
135,BE3r2,belt,3.0,2,3.511,3.511,3.511,1.9825,1.5782,-0.0,90,1.0,5.99,0.3032,19.6
135,BE3r3,belt,3.0,3,3.1127,3.1128,3.1127,1.7056,1.3104,0.0,65,1.0,2.55,0.3024,19.5
135,BE5r1,belt,5.0,1,2.2449,2.245,2.2449,1.4355,1.111,0.0,90,1.0,8.09,0.1073,24.8
135,BE5r2,belt,5.0,2,1.637,1.6372,1.637,1.012,0.7829,-0.0,90,1.0,9.88,0.1539,23.3
135,BE5r3,belt,5.0,3,1.3784,1.3784,1.3784,0.8119,0.6123,-0.0,65,1.0,3.14,0.1534,23.3
135,BE7r1,belt,7.0,1,1.3044,1.3044,1.3044,0.8629,0.6586,0.0,90,1.0,8.21,0.0649,25.7
135,BE7r2,belt,7.0,2,1.0022,1.0023,1.0022,0.6451,0.4908,0.0,90,1.0,8.74,0.0935,24.8
135,BE7r3,belt,7.0,3,0.7796,0.7796,0.7796,0.4837,0.3617,0.0,65,1.0,4.94,0.0926,24.8
135,CL3r1,cluster,3.0,1,1.811,1.8111,1.811,1.0428,0.7734,-0.0,5,1.0,14.83,0.1862,22.5
135,CL3r2,cluster,3.0,2,1.8388,1.8443,1.8388,1.0563,0.7839,0.0,5,1.0,2.09,0.1863,22.5
135,CL3r3,cluster,3.0,3,2.0345,2.039,2.0345,1.1115,0.8365,0.0,100,1.0,2.08,0.1933,22.3
135,CL5r1,cluster,5.0,1,0.9953,0.9946,0.9953,0.5786,0.4344,0.0,5,1.0,12.75,0.0944,24.8
135,CL5r2,cluster,5.0,2,1.0313,1.0315,1.0313,0.5868,0.4404,0.0,5,1.0,12.73,0.0945,24.8
135,CL5r3,cluster,5.0,3,1.0143,1.0182,1.0143,0.5542,0.4188,-0.0,95,1.0,2.02,0.0978,24.7
135,CL7r1,cluster,7.0,1,0.6432,0.6432,0.6432,0.362,0.2729,0.0,5,1.0,15.16,0.0577,25.7
135,CL7r2,cluster,7.0,2,0.6543,0.6546,0.6543,0.3645,0.2747,0.0,5,1.0,8.74,0.0573,25.7
135,CL7r3,cluster,7.0,3,0.6736,0.6733,0.6736,0.3738,0.2834,-0.0,95,1.0,8.44,0.0599,25.7
135,MU3r1,multi_cluster,3.0,1,2.5078,2.5079,2.5078,1.3637,1.048,-0.0,95,1.0,6.53,0.2492,20.9
135,MU3r2,multi_cluster,3.0,2,3.0005,3.0005,3.0005,1.6816,1.3254,-0.0,95,1.0,8.41,0.2833,20.0
135,MU3r3,multi_cluster,3.0,3,2.0852,2.0853,2.0852,1.086,0.8415,-0.0,5,1.0,7.76,0.2588,20.5
135,MU5r1,multi_cluster,5.0,1,1.2966,1.2968,1.2966,0.7268,0.5579,0.0,95,1.0,9.16,0.1262,24.0
135,MU5r2,multi_cluster,5.0,2,1.4404,1.4404,1.4404,0.8775,0.6804,0.0,95,1.0,10.32,0.1433,23.6
135,MU5r3,multi_cluster,5.0,3,1.1083,1.1084,1.1083,0.5891,0.4558,0.0,95,1.0,11.37,0.1308,23.8
135,MU7r1,multi_cluster,7.0,1,0.8066,0.8067,0.8066,0.4589,0.351,-0.0,95,1.0,9.49,0.0756,25.3
135,MU7r2,multi_cluster,7.0,2,0.8872,0.8872,0.8872,0.5576,0.4256,0.0,95,1.0,9.04,0.0865,25.0
135,MU7r3,multi_cluster,7.0,3,0.6996,0.6996,0.6996,0.3655,0.2803,0.0,95,1.0,12.19,0.0784,25.2
136,RU3r1,rule_grid,3.0,1,0.7483,0.7485,0.7483,0.525,0.639,0.0,95,1.0,3.22,0.2122,45.2
136,RU3r2,rule_grid,3.0,2,0.7798,0.7799,0.7798,0.5691,0.6678,-0.0,115,1.0,14.3,0.2115,45.2
136,RU3r3,rule_grid,3.0,3,0.8511,0.8514,0.8511,0.7044,0.8922,0.0,40,1.0,9.43,0.2106,45.3
136,RU5r1,rule_grid,5.0,1,0.4042,0.4043,0.4042,0.2643,0.3436,0.0,5,1.0,13.17,0.1015,51.4
136,RU5r2,rule_grid,5.0,2,0.3668,0.3668,0.3668,0.3088,0.3848,0.0,115,1.0,18.59,0.1015,51.3
136,RU5r3,rule_grid,5.0,3,0.3929,0.393,0.3929,0.3057,0.4118,-0.0,110,1.0,11.12,0.1005,51.4
136,RU7r1,rule_grid,7.0,1,0.2273,0.2273,0.2273,0.1521,0.206,0.0,5,0.8,16.84,0.0599,53.6
136,RU7r2,rule_grid,7.0,2,0.1857,0.1857,0.1857,0.1876,0.2466,0.0,115,1.0,15.72,0.0594,53.7
136,RU7r3,rule_grid,7.0,3,0.2194,0.2194,0.2194,0.1825,0.2614,0.0,110,0.8,11.9,0.0588,53.7
136,BE3r1,belt,3.0,1,2.7933,2.7933,2.7933,2.4482,3.0787,-0.0,90,1.0,1.85,0.1269,51.1
136,BE3r2,belt,3.0,2,1.9117,1.9117,1.9117,1.5837,1.946,0.0,95,1.0,2.57,0.1892,47.0
136,BE3r3,belt,3.0,3,1.5493,1.5493,1.5493,1.3788,1.6775,0.0,100,1.0,5.24,0.1887,46.9
136,BE5r1,belt,5.0,1,1.1994,1.1994,1.1994,1.0589,1.4333,-0.0,95,1.0,1.59,0.0622,54.0
136,BE5r2,belt,5.0,2,0.8512,0.8512,0.8512,0.6857,0.9323,0.0,95,1.0,1.66,0.091,52.2
136,BE5r3,belt,5.0,3,0.6317,0.6317,0.6317,0.5792,0.7807,-0.0,105,1.0,7.95,0.0904,52.1
136,BE7r1,belt,7.0,1,0.6628,0.6628,0.6628,0.5902,0.8353,0.0,95,1.0,1.66,0.0365,55.2
136,BE7r2,belt,7.0,2,0.4919,0.492,0.4919,0.4096,0.5829,0.0,95,1.0,1.85,0.0534,54.2
136,BE7r3,belt,7.0,3,0.3477,0.3477,0.3477,0.3335,0.4756,0.0,105,1.0,3.48,0.0527,54.1
136,CL3r1,cluster,3.0,1,0.4878,0.4879,0.4878,0.364,0.5451,-0.0,5,1.0,10.68,0.1073,51.1
136,CL3r2,cluster,3.0,2,0.4853,0.4853,0.4853,0.3682,0.5437,0.0,5,1.0,6.18,0.1069,51.1
136,CL3r3,cluster,3.0,3,0.595,0.5977,0.595,0.4565,0.6213,0.0,5,1.0,20.96,0.1128,50.8
136,CL5r1,cluster,5.0,1,0.3077,0.3082,0.3077,0.2489,0.3649,0.0,5,0.8,5.2,0.0535,54.1
136,CL5r2,cluster,5.0,2,0.2949,0.2955,0.2949,0.2355,0.3484,-0.0,5,0.8,6.27,0.0532,54.1
136,CL5r3,cluster,5.0,3,0.3079,0.3125,0.3079,0.2354,0.3326,0.0,5,0.8,20.32,0.0555,53.9
136,CL7r1,cluster,7.0,1,0.1817,0.1817,0.1817,0.1498,0.2202,-0.0,5,0.8,10.75,0.0324,55.2
136,CL7r2,cluster,7.0,2,0.1801,0.1803,0.1801,0.1431,0.2116,0.0,5,0.8,9.27,0.032,55.2
136,CL7r3,cluster,7.0,3,0.2052,0.2051,0.2052,0.1678,0.2398,-0.0,5,0.8,18.25,0.0336,55.1
136,MU3r1,multi_cluster,3.0,1,1.0498,1.0499,1.0498,0.8042,1.0577,0.0,95,1.0,3.17,0.1499,48.9
136,MU3r2,multi_cluster,3.0,2,1.5604,1.5604,1.5604,1.2657,1.5806,0.0,95,1.0,2.57,0.1747,47.7
136,MU3r3,multi_cluster,3.0,3,0.7392,0.7393,0.7392,0.5076,0.6512,0.0,5,1.0,14.29,0.1564,48.4
136,MU5r1,multi_cluster,5.0,1,0.5589,0.559,0.5589,0.424,0.5859,0.0,95,1.0,5.99,0.0737,53.0
136,MU5r2,multi_cluster,5.0,2,0.7222,0.7222,0.7222,0.5688,0.7738,0.0,95,1.0,3.43,0.0844,52.5
136,MU5r3,multi_cluster,5.0,3,0.4074,0.4074,0.4074,0.2788,0.372,-0.0,95,1.0,8.86,0.0766,52.8
136,MU7r1,multi_cluster,7.0,1,0.3281,0.3281,0.3281,0.2516,0.3603,0.0,95,1.0,5.51,0.0431,54.7
136,MU7r2,multi_cluster,7.0,2,0.4151,0.4151,0.4151,0.3335,0.4714,-0.0,95,1.0,5.51,0.0493,54.3
136,MU7r3,multi_cluster,7.0,3,0.2415,0.2416,0.2415,0.1683,0.2317,-0.0,95,0.8,7.9,0.0447,54.5
137,RU3r1,rule_grid,3.0,1,0.8177,0.8176,0.8177,0.6401,0.619,-0.0,140,1.0,4.97,0.2649,34.7
137,RU3r2,rule_grid,3.0,2,0.5547,0.5548,0.5547,0.3137,0.2976,-0.0,140,0.8,9.32,0.2644,34.6
137,RU3r3,rule_grid,3.0,3,1.3062,1.3067,1.3062,1.0743,1.0469,0.0,65,1.0,3.81,0.2633,34.9
137,RU5r1,rule_grid,5.0,1,0.4083,0.4084,0.4083,0.3443,0.3405,-0.0,45,1.0,4.56,0.129,40.9
137,RU5r2,rule_grid,5.0,2,0.2513,0.2513,0.2513,0.1821,0.185,0.0,140,1.0,13.8,0.129,40.9
137,RU5r3,rule_grid,5.0,3,0.5738,0.574,0.5738,0.4789,0.4785,0.0,60,1.0,3.85,0.1279,41.0
137,RU7r1,rule_grid,7.0,1,0.251,0.251,0.251,0.2115,0.2109,-0.0,45,1.0,5.47,0.0769,43.3
137,RU7r2,rule_grid,7.0,2,0.1574,0.1574,0.1574,0.1134,0.1165,-0.0,70,1.0,15.31,0.0762,43.3
137,RU7r3,rule_grid,7.0,3,0.3572,0.3571,0.3572,0.2986,0.3051,0.0,60,1.0,3.98,0.0756,43.4
137,BE3r1,belt,3.0,1,3.5261,3.5262,3.5261,3.0059,2.9682,0.0,95,1.0,4.13,0.1627,40.6
137,BE3r2,belt,3.0,2,1.953,1.953,1.953,1.5819,1.5401,-0.0,100,1.0,5.82,0.2385,36.3
137,BE3r3,belt,3.0,3,2.2805,2.2805,2.2805,1.9766,1.9301,0.0,80,1.0,3.8,0.2378,36.5
137,BE5r1,belt,5.0,1,1.426,1.426,1.426,1.2755,1.2898,-0.0,95,1.0,5.3,0.0806,43.6
137,BE5r2,belt,5.0,2,0.7965,0.7965,0.7965,0.6653,0.6727,-0.0,95,1.0,7.25,0.1162,41.7
137,BE5r3,belt,5.0,3,0.8907,0.8907,0.8907,0.8708,0.8779,-0.0,80,1.0,4.72,0.1158,41.7
137,BE7r1,belt,7.0,1,0.759,0.759,0.759,0.6986,0.7187,-0.0,95,1.0,5.58,0.0476,44.9
137,BE7r2,belt,7.0,2,0.4783,0.4783,0.4783,0.399,0.4165,-0.0,95,1.0,6.98,0.0688,43.8
137,BE7r3,belt,7.0,3,0.4983,0.4983,0.4983,0.5168,0.5318,-0.0,70,1.0,4.4,0.0681,43.8
137,CL3r1,cluster,3.0,1,0.5045,0.5046,0.5045,0.5167,0.5304,0.0,40,1.0,11.59,0.1395,40.5
137,CL3r2,cluster,3.0,2,0.5693,0.5694,0.5693,0.5608,0.5713,0.0,45,1.0,4.4,0.1395,40.5
137,CL3r3,cluster,3.0,3,0.6518,0.653,0.6518,0.5851,0.5887,-0.0,135,1.0,13.22,0.1461,40.2
137,CL5r1,cluster,5.0,1,0.3036,0.3049,0.3036,0.2972,0.3066,0.0,45,0.8,4.26,0.069,43.7
137,CL5r2,cluster,5.0,2,0.3358,0.337,0.3358,0.3183,0.3271,-0.0,45,1.0,4.03,0.069,43.7
137,CL5r3,cluster,5.0,3,0.3608,0.3608,0.3608,0.322,0.3289,-0.0,135,1.0,3.5,0.0718,43.6
137,CL7r1,cluster,7.0,1,0.2077,0.2077,0.2077,0.1904,0.197,0.0,45,1.0,12.22,0.0416,44.9
137,CL7r2,cluster,7.0,2,0.221,0.2214,0.221,0.2045,0.2117,0.0,45,1.0,8.63,0.0413,45.0
137,CL7r3,cluster,7.0,3,0.2401,0.2408,0.2401,0.2124,0.2192,0.0,135,1.0,3.55,0.0432,44.9
137,MU3r1,multi_cluster,3.0,1,0.8314,0.8315,0.8314,0.7107,0.6993,0.0,135,0.8,8.44,0.1929,38.1
137,MU3r2,multi_cluster,3.0,2,1.3478,1.3478,1.3478,1.0899,1.063,0.0,120,1.0,7.69,0.2216,36.9
137,MU3r3,multi_cluster,3.0,3,0.7496,0.7496,0.7496,0.631,0.6175,-0.0,45,1.0,10.41,0.2004,37.7
137,MU5r1,multi_cluster,5.0,1,0.4328,0.4329,0.4328,0.3831,0.3834,0.0,135,1.0,10.66,0.0948,42.5
137,MU5r2,multi_cluster,5.0,2,0.5539,0.5539,0.5539,0.4821,0.4855,0.0,115,1.0,8.1,0.108,42.0
137,MU5r3,multi_cluster,5.0,3,0.4126,0.4126,0.4126,0.3535,0.3525,0.0,45,1.0,10.23,0.0982,42.4
137,MU7r1,multi_cluster,7.0,1,0.2728,0.2728,0.2728,0.2446,0.2474,0.0,135,1.0,10.31,0.0557,44.3
137,MU7r2,multi_cluster,7.0,2,0.3356,0.3356,0.3356,0.2951,0.3042,-0.0,95,1.0,7.96,0.0636,44.0
137,MU7r3,multi_cluster,7.0,3,0.266,0.2661,0.266,0.2261,0.2278,0.0,45,1.0,9.81,0.0576,44.2
138,RU3r1,rule_grid,3.0,1,0.6524,0.6526,0.6524,0.5108,0.5779,0.0,95,1.0,9.88,0.2225,40.7
138,RU3r2,rule_grid,3.0,2,0.599,0.599,0.599,0.5067,0.5738,0.0,90,1.0,16.99,0.222,40.7
138,RU3r3,rule_grid,3.0,3,1.0198,1.0201,1.0198,0.7697,0.8779,0.0,90,1.0,9.21,0.2211,41.0
138,RU5r1,rule_grid,5.0,1,0.3442,0.3442,0.3442,0.2651,0.3118,0.0,75,1.0,9.73,0.1059,46.7
138,RU5r2,rule_grid,5.0,2,0.3204,0.3204,0.3204,0.2792,0.324,0.0,90,1.0,15.74,0.1058,46.7
138,RU5r3,rule_grid,5.0,3,0.4819,0.4821,0.4819,0.3947,0.465,0.0,90,1.0,9.1,0.105,46.8
138,RU7r1,rule_grid,7.0,1,0.2162,0.2162,0.2162,0.1628,0.1926,0.0,75,1.0,5.31,0.0624,48.9
138,RU7r2,rule_grid,7.0,2,0.1983,0.1983,0.1983,0.1714,0.2056,-0.0,90,1.0,15.75,0.0617,48.9
138,RU7r3,rule_grid,7.0,3,0.2954,0.2955,0.2954,0.2513,0.3088,0.0,90,1.0,7.85,0.0613,49.0
138,BE3r1,belt,3.0,1,2.4972,2.4972,2.4972,2.1147,2.4664,0.0,95,1.0,2.99,0.136,46.1
138,BE3r2,belt,3.0,2,1.6551,1.6551,1.6551,1.3454,1.5337,0.0,95,1.0,3.91,0.1999,42.3
138,BE3r3,belt,3.0,3,1.5421,1.5422,1.5421,1.2532,1.4182,0.0,90,1.0,4.93,0.1993,42.3
138,BE5r1,belt,5.0,1,1.0288,1.0288,1.0288,0.9026,1.1049,-0.0,95,1.0,3.7,0.066,49.1
138,BE5r2,belt,5.0,2,0.6927,0.6927,0.6927,0.5935,0.7231,-0.0,95,1.0,4.5,0.0954,47.4
138,BE5r3,belt,5.0,3,0.663,0.6631,0.663,0.5657,0.6779,0.0,90,1.0,5.15,0.095,47.4
138,BE7r1,belt,7.0,1,0.5572,0.5572,0.5572,0.5063,0.6389,0.0,95,1.0,3.7,0.0386,50.3
138,BE7r2,belt,7.0,2,0.3844,0.3845,0.3844,0.351,0.4438,-0.0,95,1.0,4.95,0.0558,49.3
138,BE7r3,belt,7.0,3,0.3944,0.3944,0.3944,0.34,0.4227,0.0,90,1.0,5.32,0.0552,49.4
138,CL3r1,cluster,3.0,1,0.5093,0.5093,0.5093,0.4138,0.494,0.0,75,1.0,15.56,0.1141,46.4
138,CL3r2,cluster,3.0,2,0.527,0.527,0.527,0.4069,0.5008,0.0,75,1.0,11.94,0.114,46.4
138,CL3r3,cluster,3.0,3,0.6087,0.6104,0.6087,0.4931,0.6054,-0.0,170,1.0,32.49,0.1198,46.1
138,CL5r1,cluster,5.0,1,0.2731,0.2732,0.2731,0.2372,0.2997,0.0,75,1.0,18.33,0.0559,49.3
138,CL5r2,cluster,5.0,2,0.2977,0.2978,0.2977,0.2265,0.2794,-0.0,75,1.0,10.76,0.0559,49.3
138,CL5r3,cluster,5.0,3,0.322,0.3234,0.322,0.2612,0.3266,0.0,165,1.0,30.37,0.0582,49.2
138,CL7r1,cluster,7.0,1,0.1974,0.1974,0.1974,0.1694,0.2097,-0.0,75,1.0,14.77,0.0335,50.4
138,CL7r2,cluster,7.0,2,0.199,0.1991,0.199,0.1656,0.2069,-0.0,75,1.0,8.09,0.0333,50.4
138,CL7r3,cluster,7.0,3,0.217,0.2175,0.217,0.1886,0.2385,-0.0,165,1.0,30.12,0.0349,50.3
138,MU3r1,multi_cluster,3.0,1,0.8669,0.8669,0.8669,0.7422,0.8813,-0.0,95,1.0,5.19,0.1603,44.1
138,MU3r2,multi_cluster,3.0,2,1.3249,1.3249,1.3249,1.0914,1.2597,0.0,95,1.0,4.38,0.1851,43.0
138,MU3r3,multi_cluster,3.0,3,0.6456,0.6456,0.6456,0.5193,0.6004,0.0,75,1.0,9.57,0.1665,43.7
138,MU5r1,multi_cluster,5.0,1,0.4291,0.4292,0.4291,0.3862,0.4761,0.0,95,1.0,8.99,0.0777,48.2
138,MU5r2,multi_cluster,5.0,2,0.5794,0.5794,0.5794,0.5012,0.611,0.0,95,1.0,5.1,0.0887,47.7
138,MU5r3,multi_cluster,5.0,3,0.3626,0.3627,0.3626,0.2888,0.34,0.0,75,1.0,5.62,0.0804,48.0
138,MU7r1,multi_cluster,7.0,1,0.2593,0.2593,0.2593,0.2381,0.2936,-0.0,75,1.0,8.99,0.0452,49.8
138,MU7r2,multi_cluster,7.0,2,0.3175,0.3176,0.3175,0.2953,0.3723,0.0,95,1.0,8.83,0.0517,49.5
138,MU7r3,multi_cluster,7.0,3,0.2333,0.2334,0.2333,0.1858,0.2239,0.0,75,1.0,8.24,0.0468,49.7
139,RU3r1,rule_grid,3.0,1,1.8239,1.8241,1.8239,1.1844,1.0724,-0.0,135,1.0,11.47,0.2746,24.9
139,RU3r2,rule_grid,3.0,2,1.4595,1.4595,1.4595,1.0924,0.9916,-0.0,155,1.0,13.17,0.2741,24.9
139,RU3r3,rule_grid,3.0,3,2.8711,2.8712,2.8711,2.0351,1.8452,0.0,145,1.0,0.71,0.273,25.2
139,RU5r1,rule_grid,5.0,1,0.9464,0.9465,0.9464,0.6787,0.6224,0.0,45,1.0,12.57,0.1332,29.5
139,RU5r2,rule_grid,5.0,2,0.7476,0.7477,0.7476,0.6328,0.5805,0.0,155,1.0,15.75,0.1332,29.5
139,RU5r3,rule_grid,5.0,3,1.3435,1.3437,1.3435,1.0679,0.9796,-0.0,145,1.0,1.4,0.1322,29.7
139,RU7r1,rule_grid,7.0,1,0.5712,0.5712,0.5712,0.4239,0.3912,0.0,135,1.0,10.7,0.0796,31.2
139,RU7r2,rule_grid,7.0,2,0.4751,0.4751,0.4751,0.4145,0.3823,0.0,155,1.0,21.01,0.0787,31.2
139,RU7r3,rule_grid,7.0,3,0.8351,0.8351,0.8351,0.7053,0.6514,-0.0,145,1.0,1.4,0.0781,31.4
139,BE3r1,belt,3.0,1,5.3745,5.3745,5.3745,4.1531,3.8183,0.0,0,1.0,22.78,0.1723,29.4
139,BE3r2,belt,3.0,2,3.414,3.4141,3.414,2.6454,2.412,0.0,0,1.0,37.91,0.2487,26.2
139,BE3r3,belt,3.0,3,3.447,3.447,3.447,2.4663,2.2455,-0.0,25,1.0,2.35,0.2481,26.2
139,BE5r1,belt,5.0,1,2.3653,2.3654,2.3653,1.9374,1.79,0.0,0,1.0,38.44,0.0846,31.6
139,BE5r2,belt,5.0,2,1.5602,1.5602,1.5602,1.3276,1.2216,-0.0,0,1.0,23.01,0.1207,30.1
139,BE5r3,belt,5.0,3,1.5193,1.5193,1.5193,1.2395,1.14,0.0,25,1.0,3.32,0.1202,30.1
139,BE7r1,belt,7.0,1,1.3381,1.3382,1.3381,1.1364,1.0543,0.0,0,1.0,29.18,0.05,32.5
139,BE7r2,belt,7.0,2,0.9641,0.9641,0.9641,0.8605,0.7963,-0.0,0,1.0,12.68,0.0714,31.6
139,BE7r3,belt,7.0,3,0.9024,0.9024,0.9024,0.7793,0.7208,-0.0,25,1.0,16.17,0.0707,31.6
139,CL3r1,cluster,3.0,1,1.2229,1.223,1.2229,0.872,0.8002,-0.0,140,1.0,4.36,0.1467,29.1
139,CL3r2,cluster,3.0,2,1.29,1.2909,1.29,0.891,0.8177,0.0,135,1.0,4.25,0.1468,29.2
139,CL3r3,cluster,3.0,3,1.2775,1.2786,1.2775,0.7935,0.7271,0.0,45,1.0,3.55,0.1531,28.9
139,CL5r1,cluster,5.0,1,0.6649,0.6666,0.6649,0.4744,0.4392,0.0,135,1.0,4.46,0.0717,31.5
139,CL5r2,cluster,5.0,2,0.7159,0.7186,0.7159,0.5114,0.4735,0.0,135,1.0,4.31,0.0719,31.5
139,CL5r3,cluster,5.0,3,0.6967,0.6986,0.6967,0.4644,0.4294,0.0,45,1.0,4.05,0.0746,31.4
139,CL7r1,cluster,7.0,1,0.4233,0.4233,0.4233,0.3056,0.2839,0.0,135,1.0,4.52,0.0431,32.4
139,CL7r2,cluster,7.0,2,0.4518,0.453,0.4518,0.3271,0.304,-0.0,135,1.0,4.46,0.0429,32.4
139,CL7r3,cluster,7.0,3,0.449,0.4488,0.449,0.3067,0.2848,0.0,45,1.0,4.13,0.0448,32.4
139,MU3r1,multi_cluster,3.0,1,1.8184,1.8184,1.8184,1.1595,1.0559,-0.0,45,1.0,11.01,0.203,27.4
139,MU3r2,multi_cluster,3.0,2,2.4599,2.4599,2.4599,1.9879,1.8111,0.0,0,1.0,29.57,0.2318,26.6
139,MU3r3,multi_cluster,3.0,3,1.6409,1.6409,1.6409,1.0523,0.9571,0.0,135,1.0,16.6,0.2101,27.1
139,MU5r1,multi_cluster,5.0,1,0.9677,0.9677,0.9677,0.6938,0.6391,-0.0,45,1.0,11.01,0.099,30.7
139,MU5r2,multi_cluster,5.0,2,1.1935,1.1935,1.1935,1.059,0.9751,0.0,0,1.0,26.78,0.1124,30.3
139,MU5r3,multi_cluster,5.0,3,0.9014,0.9015,0.9014,0.6334,0.5828,0.0,135,1.0,10.7,0.1023,30.6
139,MU7r1,multi_cluster,7.0,1,0.5995,0.5996,0.5995,0.4776,0.4423,0.0,45,1.0,14.05,0.058,32.0
139,MU7r2,multi_cluster,7.0,2,0.7449,0.7449,0.7449,0.6955,0.6438,0.0,0,1.0,13.34,0.0662,31.7
139,MU7r3,multi_cluster,7.0,3,0.5646,0.5646,0.5646,0.4096,0.379,0.0,45,1.0,14.64,0.06,31.9
140,RU3r1,rule_grid,3.0,1,0.7622,0.7622,0.7622,0.6645,0.79,0.0,100,1.0,6.84,0.215,44.5
140,RU3r2,rule_grid,3.0,2,0.718,0.7181,0.718,0.5904,0.6915,0.0,105,1.0,15.97,0.2143,44.6
140,RU3r3,rule_grid,3.0,3,0.8108,0.8111,0.8108,0.6437,0.794,0.0,40,1.0,14.04,0.2134,44.6
140,RU5r1,rule_grid,5.0,1,0.4078,0.408,0.4078,0.3585,0.4516,-0.0,10,1.0,14.42,0.1028,50.7
140,RU5r2,rule_grid,5.0,2,0.3461,0.3461,0.3461,0.3166,0.3932,-0.0,105,1.0,18.87,0.1028,50.7
140,RU5r3,rule_grid,5.0,3,0.3866,0.3867,0.3866,0.3062,0.4025,0.0,110,1.0,13.46,0.1018,50.8
140,RU7r1,rule_grid,7.0,1,0.2382,0.2382,0.2382,0.2153,0.2835,-0.0,15,1.0,11.97,0.0607,53.0
140,RU7r2,rule_grid,7.0,2,0.1812,0.1812,0.1812,0.1887,0.2458,0.0,105,1.0,17.18,0.0601,53.0
140,RU7r3,rule_grid,7.0,3,0.2285,0.2285,0.2285,0.1912,0.2673,-0.0,110,1.0,14.28,0.0596,53.1
140,BE3r1,belt,3.0,1,2.3496,2.3496,2.3496,2.1167,2.6219,-0.0,95,1.0,2.29,0.1284,50.2
140,BE3r2,belt,3.0,2,1.5979,1.5979,1.5979,1.3837,1.6735,0.0,100,1.0,2.54,0.1917,46.2
140,BE3r3,belt,3.0,3,1.3747,1.3747,1.3747,1.2303,1.4681,0.0,105,1.0,5.46,0.1912,46.2
140,BE5r1,belt,5.0,1,1.008,1.008,1.008,0.9132,1.2131,0.0,95,1.0,2.13,0.063,53.3
140,BE5r2,belt,5.0,2,0.7176,0.7176,0.7176,0.6195,0.8095,0.0,100,1.0,3.06,0.0922,51.5
140,BE5r3,belt,5.0,3,0.5997,0.5997,0.5997,0.5393,0.7034,-0.0,105,1.0,7.08,0.0916,51.4
140,BE7r1,belt,7.0,1,0.5759,0.5759,0.5759,0.5109,0.7093,-0.0,90,1.0,1.83,0.037,54.5
140,BE7r2,belt,7.0,2,0.4194,0.4195,0.4194,0.3684,0.5074,0.0,100,1.0,2.57,0.0541,53.5
140,BE7r3,belt,7.0,3,0.3304,0.3305,0.3304,0.3152,0.4288,-0.0,105,1.0,6.87,0.0534,53.5
140,CL3r1,cluster,3.0,1,0.5221,0.5221,0.5221,0.4249,0.5777,0.0,100,1.0,16.67,0.1087,50.4
140,CL3r2,cluster,3.0,2,0.5288,0.5289,0.5288,0.4066,0.5831,0.0,10,1.0,16.56,0.1083,50.5
140,CL3r3,cluster,3.0,3,0.6657,0.6705,0.6657,0.5295,0.7126,-0.0,100,1.0,15.65,0.1144,50.2
140,CL5r1,cluster,5.0,1,0.3251,0.3257,0.3251,0.2629,0.3739,-0.0,10,1.0,14.49,0.0542,53.4
140,CL5r2,cluster,5.0,2,0.3281,0.3286,0.3281,0.2591,0.3697,0.0,10,1.0,8.48,0.0539,53.4
140,CL5r3,cluster,5.0,3,0.3644,0.3651,0.3644,0.2973,0.4143,-0.0,100,1.0,18.03,0.0563,53.3
140,CL7r1,cluster,7.0,1,0.2094,0.2094,0.2094,0.1798,0.2477,0.0,10,1.0,11.43,0.0328,54.6
140,CL7r2,cluster,7.0,2,0.211,0.2112,0.211,0.1789,0.2492,-0.0,10,1.0,11.28,0.0324,54.6
140,CL7r3,cluster,7.0,3,0.2457,0.2456,0.2457,0.2052,0.2897,0.0,10,1.0,13.87,0.0341,54.5
140,MU3r1,multi_cluster,3.0,1,1.0054,1.0054,1.0054,0.8181,1.0535,0.0,100,1.0,2.08,0.152,48.2
140,MU3r2,multi_cluster,3.0,2,1.353,1.353,1.353,1.1532,1.4206,-0.0,100,1.0,2.18,0.177,47.0
140,MU3r3,multi_cluster,3.0,3,0.7812,0.7813,0.7812,0.6261,0.7825,-0.0,10,1.0,12.33,0.1585,47.7
140,MU5r1,multi_cluster,5.0,1,0.5478,0.5479,0.5478,0.4584,0.6076,0.0,100,1.0,2.57,0.0747,52.4
140,MU5r2,multi_cluster,5.0,2,0.6393,0.6393,0.6393,0.5477,0.7169,0.0,100,1.0,2.23,0.0855,51.8
140,MU5r3,multi_cluster,5.0,3,0.4396,0.4397,0.4396,0.3663,0.4747,0.0,100,1.0,13.79,0.0776,52.2
140,MU7r1,multi_cluster,7.0,1,0.3324,0.3324,0.3324,0.2854,0.3921,-0.0,100,1.0,2.13,0.0436,54.0
140,MU7r2,multi_cluster,7.0,2,0.3741,0.3741,0.3741,0.3273,0.4488,0.0,100,1.0,2.36,0.0499,53.7
140,MU7r3,multi_cluster,7.0,3,0.2702,0.2703,0.2702,0.2318,0.3108,0.0,100,1.0,7.94,0.0453,53.9
141,RU3r1,rule_grid,3.0,1,6.9348,6.936,6.9348,3.3612,2.3644,-0.0,75,1.0,3.17,0.3839,16.3
141,RU3r2,rule_grid,3.0,2,7.2442,7.2441,7.2442,4.0818,2.7461,-0.0,50,1.0,1.23,0.3838,16.4
141,RU3r3,rule_grid,3.0,3,8.6885,8.6891,8.6885,4.9081,3.2799,0.0,45,1.0,3.76,0.3818,16.7
141,RU5r1,rule_grid,5.0,1,3.6311,3.631,3.6311,1.748,1.1843,-0.0,165,1.0,18.23,0.2011,20.5
141,RU5r2,rule_grid,5.0,2,3.8759,3.8759,3.8759,2.1752,1.4304,-0.0,50,1.0,9.73,0.2017,20.6
141,RU5r3,rule_grid,5.0,3,4.2908,4.2905,4.2908,2.3873,1.5539,0.0,45,1.0,7.15,0.1998,20.7
141,RU7r1,rule_grid,7.0,1,2.1527,2.1527,2.1527,1.0552,0.6933,-0.0,75,1.0,4.68,0.1254,22.1
141,RU7r2,rule_grid,7.0,2,2.2832,2.2832,2.2832,1.2936,0.8318,0.0,50,1.0,13.95,0.1242,22.2
141,RU7r3,rule_grid,7.0,3,2.749,2.749,2.749,1.5295,0.9772,0.0,90,1.0,7.15,0.123,22.3
141,BE3r1,belt,3.0,1,14.8482,14.8482,14.8482,10.1458,6.8085,0.0,125,1.0,8.49,0.2433,21.5
141,BE3r2,belt,3.0,2,11.644,11.644,11.644,6.8543,4.6749,-0.0,75,1.0,8.44,0.3493,18.0
141,BE3r3,belt,3.0,3,13.7928,13.7936,13.7928,8.7541,5.8339,-0.0,100,1.0,0.79,0.3484,18.4
141,BE5r1,belt,5.0,1,7.45,7.4502,7.45,5.0338,3.227,0.0,75,1.0,8.01,0.127,23.3
141,BE5r2,belt,5.0,2,5.9997,5.9999,5.9997,3.5301,2.2821,-0.0,80,1.0,6.06,0.1817,21.5
141,BE5r3,belt,5.0,3,6.9817,6.9817,6.9817,4.4059,2.8052,-0.0,105,1.0,0.79,0.1811,21.7
141,BE7r1,belt,7.0,1,4.4114,4.4114,4.4114,2.9796,1.8688,0.0,75,1.0,6.96,0.0778,23.9
141,BE7r2,belt,7.0,2,3.7962,3.7963,3.7962,2.2592,1.4119,0.0,80,1.0,6.06,0.1119,22.9
141,BE7r3,belt,7.0,3,4.2098,4.2098,4.2098,2.6955,1.675,0.0,105,1.0,0.79,0.1108,23.0
141,CL3r1,cluster,3.0,1,6.5856,6.5862,6.5856,3.8834,2.3572,-0.0,40,1.0,19.32,0.2208,20.6
141,CL3r2,cluster,3.0,2,6.4701,6.4731,6.4701,3.8991,2.3698,0.0,40,1.0,9.63,0.221,20.6
141,CL3r3,cluster,3.0,3,6.5879,6.5842,6.5879,3.9797,2.5063,0.0,160,1.0,0.61,0.2281,20.4
141,CL5r1,cluster,5.0,1,3.5603,3.559,3.5603,2.0673,1.277,0.0,40,1.0,19.46,0.1133,22.8
141,CL5r2,cluster,5.0,2,3.5062,3.5085,3.5062,2.0889,1.2907,0.0,40,1.0,17.33,0.1134,22.7
141,CL5r3,cluster,5.0,3,3.4381,3.4396,3.4381,2.0548,1.2916,0.0,160,1.0,0.61,0.1172,22.6
141,CL7r1,cluster,7.0,1,2.1956,2.1957,2.1956,1.2954,0.8054,0.0,160,1.0,21.14,0.0696,23.6
141,CL7r2,cluster,7.0,2,2.1522,2.1544,2.1522,1.3001,0.8076,0.0,40,1.0,19.7,0.0692,23.6
141,CL7r3,cluster,7.0,3,2.2458,2.246,2.2458,1.3738,0.8639,0.0,160,1.0,0.61,0.0722,23.5
141,MU3r1,multi_cluster,3.0,1,8.3345,8.3344,8.3345,4.6701,3.0676,0.0,75,1.0,5.05,0.29,19.1
141,MU3r2,multi_cluster,3.0,2,10.2161,10.2167,10.2161,5.8483,3.9412,0.0,75,1.0,8.36,0.3275,18.4
141,MU3r3,multi_cluster,3.0,3,6.7805,6.7806,6.7805,3.6595,2.4601,-0.0,165,1.0,12.22,0.3009,18.5
141,MU5r1,multi_cluster,5.0,1,4.5403,4.5403,4.5403,2.5049,1.6221,-0.0,75,1.0,4.88,0.1492,22.0
141,MU5r2,multi_cluster,5.0,2,5.2866,5.2866,5.2866,3.0476,1.9802,0.0,75,1.0,6.49,0.1692,21.7
141,MU5r3,multi_cluster,5.0,3,3.7399,3.7399,3.7399,1.9517,1.3061,0.0,75,1.0,4.34,0.1548,21.7
141,MU7r1,multi_cluster,7.0,1,2.8025,2.8026,2.8025,1.5629,0.9953,-0.0,75,1.0,6.55,0.0905,23.2
141,MU7r2,multi_cluster,7.0,2,3.2832,3.2832,3.2832,1.9215,1.2162,0.0,75,1.0,6.42,0.1035,23.0
141,MU7r3,multi_cluster,7.0,3,2.3383,2.3382,2.3383,1.2325,0.8063,0.0,75,1.0,9.54,0.0939,23.0
142,RU3r1,rule_grid,3.0,1,0.4708,0.4712,0.4708,0.4176,0.4123,0.0,90,1.0,7.83,0.2708,35.1
142,RU3r2,rule_grid,3.0,2,0.6034,0.6035,0.6034,0.5488,0.5428,-0.0,90,1.0,12.19,0.2704,35.1
142,RU3r3,rule_grid,3.0,3,0.7852,0.7858,0.7852,0.6847,0.6806,0.0,85,1.0,10.45,0.2691,35.3
142,RU5r1,rule_grid,5.0,1,0.2421,0.2423,0.2421,0.2622,0.2615,-0.0,0,0.8,15.24,0.1346,41.5
142,RU5r2,rule_grid,5.0,2,0.3359,0.336,0.3359,0.3225,0.3241,-0.0,90,0.8,11.93,0.1348,41.5
142,RU5r3,rule_grid,5.0,3,0.4099,0.4102,0.4099,0.3583,0.3656,0.0,85,1.0,15.25,0.1334,41.6
142,RU7r1,rule_grid,7.0,1,0.154,0.154,0.154,0.1861,0.1878,-0.0,90,0.8,9.62,0.0812,44.0
142,RU7r2,rule_grid,7.0,2,0.1991,0.1992,0.1991,0.213,0.2165,0.0,90,1.0,11.82,0.0806,44.1
142,RU7r3,rule_grid,7.0,3,0.2449,0.2448,0.2449,0.2255,0.2345,-0.0,85,1.0,12.58,0.0798,44.1
142,BE3r1,belt,3.0,1,2.4953,2.4953,2.4953,2.0047,2.0159,0.0,100,1.0,4.09,0.1636,41.0
142,BE3r2,belt,3.0,2,1.6501,1.6502,1.6501,1.2636,1.2545,0.0,100,1.0,3.74,0.2426,36.8
142,BE3r3,belt,3.0,3,1.659,1.6591,1.659,1.3944,1.3885,-0.0,90,1.0,4.72,0.242,36.9
142,BE5r1,belt,5.0,1,1.0068,1.0068,1.0068,0.9177,0.9418,-0.0,100,1.0,8.66,0.0828,44.3
142,BE5r2,belt,5.0,2,0.649,0.6491,0.649,0.6193,0.6319,-0.0,100,1.0,8.79,0.1207,42.4
142,BE5r3,belt,5.0,3,0.7431,0.7431,0.7431,0.6909,0.7073,0.0,90,1.0,4.82,0.1201,42.4
142,BE7r1,belt,7.0,1,0.5408,0.5408,0.5408,0.546,0.5694,-0.0,90,1.0,8.66,0.0495,45.7
142,BE7r2,belt,7.0,2,0.3735,0.3736,0.3735,0.3986,0.415,-0.0,90,0.8,8.76,0.0722,44.6
142,BE7r3,belt,7.0,3,0.4257,0.4258,0.4257,0.431,0.4495,0.0,90,1.0,5.81,0.0715,44.6
142,CL3r1,cluster,3.0,1,0.3375,0.3375,0.3375,0.3017,0.3012,0.0,100,0.8,26.07,0.1435,41.1
142,CL3r2,cluster,3.0,2,0.3448,0.348,0.3448,0.3081,0.3099,0.0,100,0.8,18.72,0.1432,41.1
142,CL3r3,cluster,3.0,3,0.4345,0.4411,0.4345,0.3635,0.3731,-0.0,10,0.8,24.08,0.1501,40.8
142,CL5r1,cluster,5.0,1,0.2325,0.2341,0.2325,0.2055,0.2156,-0.0,15,0.8,19.01,0.0728,44.5
142,CL5r2,cluster,5.0,2,0.2017,0.2031,0.2017,0.1881,0.1919,-0.0,15,0.8,14.35,0.0726,44.5
142,CL5r3,cluster,5.0,3,0.2224,0.2283,0.2224,0.2123,0.2198,0.0,10,0.8,16.04,0.0754,44.3
142,CL7r1,cluster,7.0,1,0.1417,0.1417,0.1417,0.1513,0.1551,0.0,15,0.8,14.81,0.0445,45.8
142,CL7r2,cluster,7.0,2,0.1366,0.1369,0.1366,0.1567,0.1624,-0.0,100,0.8,15.71,0.0439,45.8
142,CL7r3,cluster,7.0,3,0.1588,0.1588,0.1588,0.1702,0.1779,0.0,10,0.8,16.71,0.0461,45.7
142,MU3r1,multi_cluster,3.0,1,0.7826,0.7827,0.7826,0.6671,0.6708,-0.0,100,0.8,4.08,0.1954,38.8
142,MU3r2,multi_cluster,3.0,2,1.2952,1.2952,1.2952,1.021,1.017,0.0,100,1.0,3.74,0.2252,37.6
142,MU3r3,multi_cluster,3.0,3,0.4773,0.4773,0.4773,0.4155,0.4143,0.0,100,0.8,13.84,0.2038,38.3
142,MU5r1,multi_cluster,5.0,1,0.3908,0.3909,0.3908,0.3961,0.4064,0.0,100,0.8,8.79,0.0981,43.3
142,MU5r2,multi_cluster,5.0,2,0.5347,0.5347,0.5347,0.518,0.5292,-0.0,100,0.8,8.79,0.112,42.7
142,MU5r3,multi_cluster,5.0,3,0.2551,0.2552,0.2551,0.2705,0.2726,-0.0,100,0.8,6.46,0.102,43.1
142,MU7r1,multi_cluster,7.0,1,0.2321,0.2321,0.2321,0.2672,0.2773,0.0,90,0.8,8.79,0.0583,45.2
142,MU7r2,multi_cluster,7.0,2,0.3059,0.3059,0.3059,0.3352,0.3481,0.0,90,0.8,8.76,0.0667,44.8
142,MU7r3,multi_cluster,7.0,3,0.1593,0.1593,0.1593,0.1941,0.1975,-0.0,90,0.8,12.87,0.0606,45.0
143,RU3r1,rule_grid,3.0,1,6.0421,6.042,6.0421,2.7083,1.9749,-0.0,130,1.0,9.71,0.3586,19.8
143,RU3r2,rule_grid,3.0,2,5.8534,5.8534,5.8534,2.9741,2.1291,-0.0,45,1.0,1.7,0.3584,19.8
143,RU3r3,rule_grid,3.0,3,7.4885,7.4889,7.4885,4.0223,2.8476,-0.0,45,1.0,7.0,0.3567,20.2
143,RU5r1,rule_grid,5.0,1,3.1079,3.1077,3.1079,1.4706,1.0552,0.0,40,1.0,14.55,0.1842,24.5
143,RU5r2,rule_grid,5.0,2,2.9757,2.9756,2.9757,1.5764,1.1155,0.0,45,1.0,1.83,0.1846,24.5
143,RU5r3,rule_grid,5.0,3,3.4689,3.4687,3.4689,1.8961,1.3557,0.0,45,1.0,6.73,0.1829,24.6
143,RU7r1,rule_grid,7.0,1,1.7785,1.7787,1.7785,0.8624,0.6081,-0.0,40,1.0,4.98,0.1134,26.3
143,RU7r2,rule_grid,7.0,2,1.7156,1.7156,1.7156,0.9352,0.6542,0.0,45,1.0,13.68,0.1123,26.3
143,RU7r3,rule_grid,7.0,3,2.0626,2.0626,2.0626,1.2426,0.8674,-0.0,90,1.0,6.73,0.1113,26.4
143,BE3r1,belt,3.0,1,13.237,13.237,13.237,8.995,6.4899,0.0,125,1.0,4.82,0.2247,25.6
143,BE3r2,belt,3.0,2,10.4414,10.4415,10.4414,5.9902,4.3157,0.0,130,1.0,0.77,0.3252,21.7
143,BE3r3,belt,3.0,3,12.0013,12.0018,12.0013,7.7546,5.535,-0.0,105,1.0,0.71,0.3244,22.1
143,BE5r1,belt,5.0,1,6.3762,6.3762,6.3762,4.3157,3.0324,-0.0,130,1.0,4.82,0.1159,27.4
143,BE5r2,belt,5.0,2,5.0889,5.0888,5.0889,3.0004,2.1009,-0.0,130,1.0,4.43,0.1662,25.5
143,BE5r3,belt,5.0,3,5.7571,5.7571,5.7571,3.7392,2.605,0.0,105,1.0,1.04,0.1657,25.7
143,BE7r1,belt,7.0,1,3.707,3.707,3.707,2.5031,1.7386,0.0,130,1.0,4.82,0.0703,28.1
143,BE7r2,belt,7.0,2,3.0949,3.0949,3.0949,1.8808,1.2998,-0.0,130,1.0,0.71,0.1012,27.0
143,BE7r3,belt,7.0,3,3.3447,3.3447,3.3447,2.233,1.5387,0.0,105,1.0,1.23,0.1003,27.1
143,CL3r1,cluster,3.0,1,5.6455,5.6459,5.6455,3.1799,2.1385,0.0,40,1.0,1.04,0.2014,24.6
143,CL3r2,cluster,3.0,2,5.5634,5.5651,5.5634,3.208,2.1601,0.0,40,1.0,0.77,0.2015,24.6
143,CL3r3,cluster,3.0,3,4.8682,4.8659,4.8682,2.7576,1.8953,0.0,160,1.0,4.09,0.2089,24.2
143,CL5r1,cluster,5.0,1,3.0224,3.0208,3.0224,1.7254,1.1841,0.0,40,1.0,0.61,0.1022,27.0
143,CL5r2,cluster,5.0,2,2.9718,2.9733,2.9718,1.7302,1.1878,0.0,40,1.0,0.77,0.1023,26.9
143,CL5r3,cluster,5.0,3,2.5293,2.5288,2.5293,1.4642,1.0138,0.0,160,1.0,4.26,0.1059,26.7
143,CL7r1,cluster,7.0,1,1.8219,1.8219,1.8219,1.0726,0.7417,0.0,40,1.0,1.57,0.0624,27.8
143,CL7r2,cluster,7.0,2,1.7929,1.7949,1.7929,1.0759,0.7439,0.0,40,1.0,1.37,0.0621,27.8
143,CL7r3,cluster,7.0,3,1.6547,1.655,1.6547,0.9745,0.6769,0.0,160,1.0,3.91,0.0648,27.7
143,MU3r1,multi_cluster,3.0,1,7.1135,7.1135,7.1135,3.7513,2.6211,-0.0,130,1.0,-0.0,0.2682,22.8
143,MU3r2,multi_cluster,3.0,2,9.028,9.0281,9.028,5.0404,3.6,0.0,130,1.0,0.61,0.3042,22.1
143,MU3r3,multi_cluster,3.0,3,5.7495,5.7495,5.7495,2.7063,1.937,0.0,40,1.0,17.2,0.2784,22.2
143,MU5r1,multi_cluster,5.0,1,3.7233,3.7233,3.7233,2.0376,1.4303,0.0,130,1.0,4.88,0.1363,26.1
143,MU5r2,multi_cluster,5.0,2,4.4673,4.4673,4.4673,2.5601,1.8,-0.0,130,1.0,0.61,0.1547,25.7
143,MU5r3,multi_cluster,5.0,3,3.0539,3.0539,3.0539,1.507,1.0711,0.0,40,1.0,5.41,0.1413,25.8
143,MU7r1,multi_cluster,7.0,1,2.2312,2.2312,2.2312,1.2524,0.8733,-0.0,130,1.0,6.61,0.0819,27.4
143,MU7r2,multi_cluster,7.0,2,2.6959,2.6959,2.6959,1.59,1.1039,0.0,130,1.0,4.88,0.0936,27.1
143,MU7r3,multi_cluster,7.0,3,1.8398,1.8397,1.8398,0.9422,0.6624,0.0,40,1.0,5.22,0.0849,27.2
144,RU3r1,rule_grid,3.0,1,0.45,0.45,0.45,0.257,0.2578,0.0,175,0.8,19.44,0.2482,38.4
144,RU3r2,rule_grid,3.0,2,0.7318,0.7319,0.7318,0.6888,0.6965,-0.0,90,1.0,14.68,0.2477,38.5
144,RU3r3,rule_grid,3.0,3,1.3326,1.3331,1.3326,1.0641,1.0843,0.0,90,1.0,2.55,0.2467,38.8
144,RU5r1,rule_grid,5.0,1,0.2379,0.2381,0.2379,0.1527,0.1546,0.0,0,0.6,10.38,0.1188,44.9
144,RU5r2,rule_grid,5.0,2,0.3403,0.3404,0.3403,0.3704,0.3878,0.0,90,1.0,16.69,0.1187,45.0
144,RU5r3,rule_grid,5.0,3,0.6024,0.6026,0.6024,0.4933,0.5272,0.0,90,1.0,2.48,0.1177,45.1
144,RU7r1,rule_grid,7.0,1,0.1423,0.1423,0.1423,0.0998,0.1043,-0.0,90,0.6,6.38,0.0701,47.3
144,RU7r2,rule_grid,7.0,2,0.2113,0.2113,0.2113,0.2295,0.2474,0.0,90,1.0,15.34,0.0694,47.4
144,RU7r3,rule_grid,7.0,3,0.3425,0.3425,0.3425,0.3056,0.335,0.0,90,1.0,3.27,0.0689,47.5
144,BE3r1,belt,3.0,1,2.1489,2.1489,2.1489,1.7505,1.8215,0.0,135,1.0,4.31,0.1515,44.1
144,BE3r2,belt,3.0,2,1.2344,1.2344,1.2344,0.9335,0.9571,0.0,135,1.0,6.46,0.223,40.0
144,BE3r3,belt,3.0,3,1.4927,1.4927,1.4927,1.3295,1.3579,0.0,150,1.0,6.95,0.2224,40.1
144,BE5r1,belt,5.0,1,0.8895,0.8896,0.8895,0.7168,0.7835,0.0,135,1.0,5.32,0.074,47.5
144,BE5r2,belt,5.0,2,0.5024,0.5025,0.5024,0.3835,0.4265,0.0,135,1.0,7.69,0.107,45.6
144,BE5r3,belt,5.0,3,0.6014,0.6014,0.6014,0.5938,0.6399,0.0,95,1.0,13.4,0.1065,45.7
144,BE7r1,belt,7.0,1,0.4838,0.4838,0.4838,0.3837,0.4336,-0.0,135,1.0,5.1,0.0434,48.9
144,BE7r2,belt,7.0,2,0.298,0.2981,0.298,0.2299,0.2681,0.0,135,1.0,6.22,0.0627,47.8
144,BE7r3,belt,7.0,3,0.3412,0.3412,0.3412,0.3444,0.3841,0.0,90,1.0,9.19,0.062,47.8
144,CL3r1,cluster,3.0,1,0.3673,0.3673,0.3673,0.3416,0.3628,-0.0,90,1.0,5.88,0.128,44.5
144,CL3r2,cluster,3.0,2,0.3651,0.3653,0.3651,0.3414,0.3732,0.0,90,0.8,4.49,0.128,44.5
144,CL3r3,cluster,3.0,3,0.3105,0.3118,0.3105,0.2784,0.305,-0.0,175,0.8,29.63,0.1345,44.1
144,CL5r1,cluster,5.0,1,0.1746,0.1759,0.1746,0.1704,0.1871,0.0,90,0.6,6.59,0.0628,47.7
144,CL5r2,cluster,5.0,2,0.1898,0.1908,0.1898,0.18,0.1987,0.0,90,0.6,7.0,0.0628,47.7
144,CL5r3,cluster,5.0,3,0.1557,0.1625,0.1557,0.1389,0.1549,-0.0,0,0.8,24.96,0.0654,47.6
144,CL7r1,cluster,7.0,1,0.1396,0.1396,0.1396,0.1346,0.1499,0.0,90,0.8,6.78,0.0377,49.0
144,CL7r2,cluster,7.0,2,0.1329,0.1333,0.1329,0.1281,0.1437,0.0,90,0.8,6.78,0.0374,49.0
144,CL7r3,cluster,7.0,3,0.1153,0.1153,0.1153,0.1049,0.1171,0.0,0,0.6,22.49,0.0392,48.9
144,MU3r1,multi_cluster,3.0,1,0.5279,0.528,0.5279,0.3578,0.365,0.0,90,1.0,8.37,0.1793,41.9
144,MU3r2,multi_cluster,3.0,2,0.8574,0.8574,0.8574,0.6139,0.633,-0.0,140,1.0,7.35,0.2068,40.7
144,MU3r3,multi_cluster,3.0,3,0.3916,0.3916,0.3916,0.2687,0.2811,0.0,85,0.8,7.59,0.1863,41.5
144,MU5r1,multi_cluster,5.0,1,0.2981,0.2981,0.2981,0.2076,0.2188,-0.0,90,1.0,8.6,0.0871,46.5
144,MU5r2,multi_cluster,5.0,2,0.3927,0.3927,0.3927,0.2635,0.2881,0.0,90,1.0,8.54,0.0994,46.0
144,MU5r3,multi_cluster,5.0,3,0.226,0.226,0.226,0.1589,0.1645,0.0,90,0.8,9.04,0.0902,46.4
144,MU7r1,multi_cluster,7.0,1,0.1832,0.1832,0.1832,0.1355,0.1468,0.0,90,1.0,9.78,0.0508,48.3
144,MU7r2,multi_cluster,7.0,2,0.2334,0.2334,0.2334,0.1616,0.1775,0.0,90,1.0,7.69,0.0581,48.0
144,MU7r3,multi_cluster,7.0,3,0.1429,0.143,0.1429,0.1091,0.1159,0.0,90,0.6,10.53,0.0525,48.2
145,RU3r1,rule_grid,3.0,1,2.1371,2.1372,2.1371,1.5759,1.5614,0.0,105,1.0,3.81,0.2597,33.7
145,RU3r2,rule_grid,3.0,2,2.227,2.2274,2.227,1.6166,1.6171,0.0,125,1.0,19.07,0.2592,33.7
145,RU3r3,rule_grid,3.0,3,2.8811,2.8819,2.8811,2.1285,2.1211,-0.0,55,1.0,5.73,0.2581,34.0
145,RU5r1,rule_grid,5.0,1,0.972,0.972,0.972,0.8038,0.812,-0.0,110,1.0,17.66,0.1264,39.3
145,RU5r2,rule_grid,5.0,2,1.0421,1.0421,1.0421,0.8384,0.8635,0.0,15,1.0,18.13,0.1265,39.3
145,RU5r3,rule_grid,5.0,3,1.239,1.2396,1.239,0.9906,1.0121,-0.0,55,1.0,5.95,0.1254,39.4
145,RU7r1,rule_grid,7.0,1,0.5493,0.5493,0.5493,0.473,0.4824,-0.0,20,1.0,3.74,0.0755,41.4
145,RU7r2,rule_grid,7.0,2,0.5639,0.5639,0.5639,0.4826,0.5006,0.0,15,1.0,18.02,0.0747,41.5
145,RU7r3,rule_grid,7.0,3,0.7341,0.7341,0.7341,0.6226,0.6473,-0.0,55,1.0,5.15,0.0742,41.5
145,BE3r1,belt,3.0,1,6.3792,6.3792,6.3792,5.5516,5.6215,0.0,95,1.0,1.06,0.1598,39.8
145,BE3r2,belt,3.0,2,4.4715,4.4716,4.4715,3.621,3.6096,-0.0,100,1.0,1.19,0.2339,35.7
145,BE3r3,belt,3.0,3,5.3431,5.3431,5.3431,4.3867,4.3929,0.0,70,1.0,1.24,0.2332,36.0
145,BE5r1,belt,5.0,1,2.756,2.7561,2.756,2.5055,2.6026,-0.0,95,1.0,1.43,0.079,42.2
145,BE5r2,belt,5.0,2,1.8635,1.8636,1.8635,1.6766,1.73,0.0,95,1.0,7.97,0.1139,40.2
145,BE5r3,belt,5.0,3,2.3106,2.3107,2.3106,2.017,2.0848,0.0,70,1.0,1.43,0.1135,40.4
145,BE7r1,belt,7.0,1,1.5184,1.5184,1.5184,1.4155,1.492,0.0,95,1.0,1.43,0.0468,43.1
145,BE7r2,belt,7.0,2,1.084,1.084,1.084,1.0164,1.0714,-0.0,95,1.0,7.97,0.0675,42.0
145,BE7r3,belt,7.0,3,1.3108,1.3108,1.3108,1.1804,1.2418,0.0,70,1.0,1.43,0.0668,42.1
145,CL3r1,cluster,3.0,1,1.8461,1.8462,1.8461,1.6537,1.7351,-0.0,15,1.0,1.23,0.1368,39.2
145,CL3r2,cluster,3.0,2,1.8758,1.8771,1.8758,1.6737,1.7535,-0.0,20,1.0,1.37,0.1367,39.2
145,CL3r3,cluster,3.0,3,1.8707,1.8741,1.8707,1.6238,1.6761,-0.0,110,1.0,2.43,0.1431,38.9
145,CL5r1,cluster,5.0,1,0.9753,0.9756,0.9753,0.91,0.9616,-0.0,15,1.0,9.7,0.0677,41.9
145,CL5r2,cluster,5.0,2,0.9947,0.9955,0.9947,0.9186,0.968,0.0,20,1.0,9.69,0.0678,41.9
145,CL5r3,cluster,5.0,3,0.9374,0.939,0.9374,0.8449,0.883,0.0,110,1.0,3.61,0.0704,41.8
145,CL7r1,cluster,7.0,1,0.6073,0.6073,0.6073,0.5717,0.6056,0.0,20,1.0,12.98,0.0409,43.0
145,CL7r2,cluster,7.0,2,0.6114,0.6118,0.6114,0.5779,0.6123,-0.0,20,1.0,2.91,0.0406,43.0
145,CL7r3,cluster,7.0,3,0.6035,0.6037,0.6035,0.5581,0.5883,0.0,110,1.0,3.06,0.0425,42.9
145,MU3r1,multi_cluster,3.0,1,2.6071,2.6072,2.6071,2.1479,2.174,0.0,105,1.0,9.48,0.1891,37.1
145,MU3r2,multi_cluster,3.0,2,3.6198,3.6198,3.6198,2.9397,2.9449,0.0,100,1.0,7.29,0.2173,36.1
145,MU3r3,multi_cluster,3.0,3,2.0441,2.0442,2.0441,1.6648,1.6705,0.0,20,1.0,3.35,0.1964,36.5
145,MU5r1,multi_cluster,5.0,1,1.2502,1.2503,1.2502,1.0899,1.1266,0.0,105,1.0,9.35,0.093,40.9
145,MU5r2,multi_cluster,5.0,2,1.5469,1.547,1.5469,1.3683,1.4103,-0.0,100,1.0,9.45,0.1059,40.4
145,MU5r3,multi_cluster,5.0,3,1.0346,1.0347,1.0346,0.879,0.8971,0.0,20,1.0,3.74,0.0963,40.7
145,MU7r1,multi_cluster,7.0,1,0.7322,0.7322,0.7322,0.6533,0.6822,-0.0,110,1.0,9.15,0.0546,42.4
145,MU7r2,multi_cluster,7.0,2,0.8837,0.8838,0.8837,0.8126,0.8536,0.0,105,1.0,8.38,0.0625,42.1
145,MU7r3,multi_cluster,7.0,3,0.6183,0.6184,0.6183,0.546,0.5624,-0.0,20,1.0,10.05,0.0566,42.3
146,RU3r1,rule_grid,3.0,1,0.6959,0.6961,0.6959,0.5349,0.6017,-0.0,95,1.0,10.1,0.2243,40.5
146,RU3r2,rule_grid,3.0,2,0.6505,0.6506,0.6505,0.57,0.6379,-0.0,90,1.0,14.26,0.2237,40.6
146,RU3r3,rule_grid,3.0,3,1.0291,1.0295,1.0291,0.7792,0.8801,0.0,90,1.0,8.56,0.2228,40.8
146,RU5r1,rule_grid,5.0,1,0.3654,0.3655,0.3654,0.2893,0.3273,0.0,0,1.0,10.1,0.1069,46.5
146,RU5r2,rule_grid,5.0,2,0.3809,0.381,0.3809,0.333,0.3841,-0.0,90,1.0,15.98,0.1068,46.5
146,RU5r3,rule_grid,5.0,3,0.4948,0.4951,0.4948,0.4048,0.4713,0.0,90,1.0,8.56,0.1059,46.6
146,RU7r1,rule_grid,7.0,1,0.233,0.2331,0.233,0.1851,0.2172,0.0,90,0.8,5.53,0.063,48.8
146,RU7r2,rule_grid,7.0,2,0.2347,0.2347,0.2347,0.2107,0.2518,0.0,90,1.0,17.66,0.0623,48.8
146,RU7r3,rule_grid,7.0,3,0.3021,0.3021,0.3021,0.2602,0.3161,0.0,90,1.0,8.56,0.0619,48.8
146,BE3r1,belt,3.0,1,2.6414,2.6414,2.6414,2.224,2.5724,0.0,95,1.0,2.35,0.137,46.0
146,BE3r2,belt,3.0,2,1.7476,1.7476,1.7476,1.4028,1.587,-0.0,95,1.0,3.93,0.2015,42.2
146,BE3r3,belt,3.0,3,1.6537,1.6537,1.6537,1.3449,1.5088,0.0,90,1.0,4.43,0.2009,42.2
146,BE5r1,belt,5.0,1,1.0973,1.0973,1.0973,0.9447,1.1504,0.0,95,1.0,2.74,0.0666,49.0
146,BE5r2,belt,5.0,2,0.7326,0.7326,0.7326,0.616,0.7445,-0.0,95,1.0,4.64,0.0963,47.3
146,BE5r3,belt,5.0,3,0.7421,0.7421,0.7421,0.6311,0.7491,-0.0,90,1.0,4.73,0.0958,47.3
146,BE7r1,belt,7.0,1,0.608,0.608,0.608,0.5277,0.6599,0.0,90,1.0,3.14,0.039,50.2
146,BE7r2,belt,7.0,2,0.439,0.4391,0.439,0.3631,0.4552,0.0,90,1.0,4.95,0.0564,49.2
146,BE7r3,belt,7.0,3,0.4417,0.4417,0.4417,0.3865,0.476,-0.0,90,1.0,4.52,0.0557,49.2
146,CL3r1,cluster,3.0,1,0.5121,0.5122,0.5121,0.4264,0.5032,0.0,75,1.0,15.07,0.1151,46.2
146,CL3r2,cluster,3.0,2,0.5264,0.5265,0.5264,0.4155,0.4988,0.0,75,1.0,8.12,0.115,46.2
146,CL3r3,cluster,3.0,3,0.6113,0.613,0.6113,0.5066,0.6156,-0.0,175,1.0,28.01,0.1209,45.9
146,CL5r1,cluster,5.0,1,0.2827,0.2828,0.2827,0.2447,0.3102,0.0,0,0.8,15.21,0.0564,49.1
146,CL5r2,cluster,5.0,2,0.2881,0.2882,0.2881,0.2364,0.288,0.0,75,1.0,11.02,0.0564,49.1
146,CL5r3,cluster,5.0,3,0.3176,0.3219,0.3176,0.2735,0.338,0.0,0,1.0,29.61,0.0587,49.0
146,CL7r1,cluster,7.0,1,0.2087,0.2087,0.2087,0.1821,0.2229,0.0,90,1.0,14.74,0.0339,50.3
146,CL7r2,cluster,7.0,2,0.204,0.2041,0.204,0.1768,0.2184,0.0,90,1.0,10.87,0.0336,50.3
146,CL7r3,cluster,7.0,3,0.2286,0.2284,0.2286,0.2013,0.2516,-0.0,0,1.0,29.81,0.0352,50.2
146,MU3r1,multi_cluster,3.0,1,0.9322,0.9322,0.9322,0.7788,0.917,0.0,90,1.0,5.05,0.1616,43.9
146,MU3r2,multi_cluster,3.0,2,1.4019,1.4019,1.4019,1.139,1.3043,0.0,95,1.0,4.55,0.1866,42.8
146,MU3r3,multi_cluster,3.0,3,0.6807,0.6807,0.6807,0.5384,0.6226,0.0,0,1.0,10.53,0.1679,43.5
146,MU5r1,multi_cluster,5.0,1,0.4975,0.4976,0.4975,0.408,0.4947,0.0,90,1.0,7.89,0.0784,48.1
146,MU5r2,multi_cluster,5.0,2,0.6209,0.621,0.6209,0.5217,0.631,0.0,90,1.0,4.64,0.0894,47.6
146,MU5r3,multi_cluster,5.0,3,0.3821,0.3821,0.3821,0.3092,0.3598,0.0,90,1.0,5.24,0.0812,47.9
146,MU7r1,multi_cluster,7.0,1,0.3136,0.3136,0.3136,0.2594,0.3162,-0.0,90,1.0,7.89,0.0456,49.7
146,MU7r2,multi_cluster,7.0,2,0.38,0.3801,0.38,0.3126,0.3822,0.0,90,1.0,7.23,0.0522,49.4
146,MU7r3,multi_cluster,7.0,3,0.2496,0.2497,0.2496,0.2047,0.244,-0.0,90,0.8,7.83,0.0472,49.6
147,RU3r1,rule_grid,3.0,1,1.4979,1.4978,1.4979,0.7438,0.5908,0.0,170,1.0,11.29,0.3302,20.3
147,RU3r2,rule_grid,3.0,2,1.297,1.2974,1.297,0.7296,0.585,0.0,90,1.0,10.62,0.3299,20.3
147,RU3r3,rule_grid,3.0,3,1.8952,1.8958,1.8952,0.8938,0.7237,0.0,85,1.0,9.11,0.3283,20.5
147,RU5r1,rule_grid,5.0,1,0.714,0.714,0.714,0.3768,0.2984,-0.0,170,1.0,18.91,0.1679,25.1
147,RU5r2,rule_grid,5.0,2,0.7007,0.7007,0.7007,0.4486,0.3556,-0.0,90,1.0,12.46,0.1683,25.0
147,RU5r3,rule_grid,5.0,3,0.9648,0.9656,0.9648,0.5259,0.4195,0.0,90,1.0,12.97,0.1667,25.2
147,RU7r1,rule_grid,7.0,1,0.3819,0.3819,0.3819,0.2274,0.1806,-0.0,75,1.0,7.92,0.103,26.9
147,RU7r2,rule_grid,7.0,2,0.4191,0.4192,0.4191,0.2934,0.2294,0.0,90,1.0,14.1,0.102,27.0
147,RU7r3,rule_grid,7.0,3,0.5916,0.5916,0.5916,0.3463,0.2712,-0.0,90,1.0,14.59,0.1011,27.0
147,BE3r1,belt,3.0,1,2.3935,2.3935,2.3935,1.5841,1.2678,-0.0,170,1.0,8.26,0.2067,24.3
147,BE3r2,belt,3.0,2,2.0586,2.0586,2.0586,1.1819,0.9442,0.0,170,1.0,9.21,0.2991,21.4
147,BE3r3,belt,3.0,3,2.02,2.0201,2.02,1.0341,0.8227,0.0,150,1.0,12.16,0.2984,21.4
147,BE5r1,belt,5.0,1,1.1259,1.1259,1.1259,0.7838,0.6127,0.0,165,1.0,8.36,0.1057,27.0
147,BE5r2,belt,5.0,2,0.9713,0.9714,0.9713,0.5915,0.463,0.0,170,1.0,19.3,0.1516,25.6
147,BE5r3,belt,5.0,3,0.8963,0.8963,0.8963,0.5397,0.4212,0.0,150,1.0,16.04,0.1511,25.6
147,BE7r1,belt,7.0,1,0.6679,0.6679,0.6679,0.4674,0.3617,0.0,165,1.0,18.58,0.0639,28.2
147,BE7r2,belt,7.0,2,0.5622,0.5622,0.5622,0.3654,0.2825,0.0,165,1.0,19.3,0.092,27.3
147,BE7r3,belt,7.0,3,0.4998,0.4998,0.4998,0.334,0.2573,0.0,150,1.0,19.79,0.0911,27.3
147,CL3r1,cluster,3.0,1,1.031,1.031,1.031,0.6922,0.5233,0.0,85,1.0,8.24,0.1834,24.7
147,CL3r2,cluster,3.0,2,1.0177,1.0285,1.0177,0.6815,0.5163,0.0,85,1.0,6.49,0.1834,24.7
147,CL3r3,cluster,3.0,3,1.0339,1.0331,1.0339,0.6881,0.5273,0.0,170,1.0,16.2,0.1904,24.5
147,CL5r1,cluster,5.0,1,0.5183,0.5194,0.5183,0.3756,0.2896,0.0,80,1.0,4.67,0.0928,27.3
147,CL5r2,cluster,5.0,2,0.521,0.5223,0.521,0.3822,0.2918,0.0,80,1.0,10.39,0.0929,27.3
147,CL5r3,cluster,5.0,3,0.5152,0.5147,0.5152,0.3681,0.2824,0.0,170,1.0,18.45,0.0962,27.2
147,CL7r1,cluster,7.0,1,0.3214,0.3214,0.3214,0.2659,0.2054,0.0,90,1.0,7.59,0.0567,28.3
147,CL7r2,cluster,7.0,2,0.3133,0.3135,0.3133,0.2526,0.1949,-0.0,80,1.0,10.46,0.0564,28.3
147,CL7r3,cluster,7.0,3,0.3152,0.3155,0.3152,0.2401,0.1858,0.0,170,1.0,17.17,0.0588,28.2
147,MU3r1,multi_cluster,3.0,1,1.5479,1.5479,1.5479,0.9017,0.7006,0.0,170,1.0,8.78,0.2458,22.9
147,MU3r2,multi_cluster,3.0,2,1.8433,1.8433,1.8433,1.0558,0.8357,-0.0,170,1.0,9.21,0.2795,21.9
147,MU3r3,multi_cluster,3.0,3,1.3834,1.3834,1.3834,0.7598,0.594,0.0,80,1.0,12.77,0.2552,22.6
147,MU5r1,multi_cluster,5.0,1,0.7801,0.7802,0.7801,0.4799,0.3725,0.0,170,1.0,19.3,0.1242,26.4
147,MU5r2,multi_cluster,5.0,2,0.8857,0.8857,0.8857,0.5365,0.4204,0.0,170,1.0,19.3,0.1411,25.9
147,MU5r3,multi_cluster,5.0,3,0.6929,0.6929,0.6929,0.4079,0.3183,0.0,170,1.0,12.42,0.1288,26.2
147,MU7r1,multi_cluster,7.0,1,0.4389,0.4389,0.4389,0.2913,0.2262,0.0,170,1.0,18.58,0.0744,27.8
147,MU7r2,multi_cluster,7.0,2,0.5029,0.5029,0.5029,0.3288,0.255,0.0,165,1.0,18.58,0.0851,27.5
147,MU7r3,multi_cluster,7.0,3,0.3866,0.3866,0.3866,0.2505,0.1977,0.0,170,1.0,20.92,0.0772,27.7
148,RU3r1,rule_grid,3.0,1,0.9704,0.9706,0.9704,0.7344,0.7016,0.0,10,1.0,17.43,0.2697,32.1
148,RU3r2,rule_grid,3.0,2,0.5343,0.5344,0.5343,0.4839,0.4627,-0.0,95,1.0,14.7,0.2692,32.0
148,RU3r3,rule_grid,3.0,3,0.6871,0.6875,0.6871,0.5053,0.4823,0.0,105,1.0,12.96,0.2681,32.1
148,RU5r1,rule_grid,5.0,1,0.4489,0.449,0.4489,0.3709,0.3624,-0.0,95,1.0,6.71,0.1319,37.9
148,RU5r2,rule_grid,5.0,2,0.2635,0.2636,0.2635,0.2727,0.2696,0.0,30,1.0,12.67,0.132,37.9
148,RU5r3,rule_grid,5.0,3,0.3847,0.3848,0.3847,0.309,0.2984,-0.0,145,1.0,10.49,0.1308,38.0
148,RU7r1,rule_grid,7.0,1,0.2467,0.2467,0.2467,0.22,0.2151,-0.0,100,0.8,5.66,0.079,40.2
148,RU7r2,rule_grid,7.0,2,0.1758,0.1757,0.1758,0.1833,0.1801,-0.0,155,0.8,17.23,0.0782,40.2
148,RU7r3,rule_grid,7.0,3,0.2702,0.2703,0.2702,0.2038,0.2021,0.0,145,1.0,14.19,0.0776,40.2
148,BE3r1,belt,3.0,1,2.8111,2.8111,2.8111,2.106,2.0493,0.0,10,1.0,1.56,0.1661,37.3
148,BE3r2,belt,3.0,2,1.9968,1.9969,1.9968,1.4738,1.4141,-0.0,10,1.0,11.53,0.243,33.6
148,BE3r3,belt,3.0,3,1.315,1.315,1.315,1.0062,0.9699,0.0,160,1.0,22.3,0.2423,33.4
148,BE5r1,belt,5.0,1,1.2103,1.2104,1.2103,0.9835,0.9755,-0.0,5,1.0,16.37,0.0825,40.4
148,BE5r2,belt,5.0,2,0.8741,0.8742,0.8741,0.6998,0.6889,-0.0,5,1.0,16.52,0.1189,38.7
148,BE5r3,belt,5.0,3,0.5721,0.5721,0.5721,0.4955,0.4886,-0.0,155,1.0,24.95,0.1184,38.6
148,BE7r1,belt,7.0,1,0.6773,0.6773,0.6773,0.5633,0.5652,0.0,10,1.0,16.52,0.0489,41.7
148,BE7r2,belt,7.0,2,0.4968,0.4968,0.4968,0.4208,0.4192,0.0,5,1.0,16.52,0.0706,40.6
148,BE7r3,belt,7.0,3,0.351,0.351,0.351,0.3062,0.3061,0.0,155,1.0,20.81,0.0699,40.6
148,CL3r1,cluster,3.0,1,0.678,0.678,0.678,0.5834,0.5827,0.0,100,1.0,7.01,0.1429,37.6
148,CL3r2,cluster,3.0,2,0.6849,0.6854,0.6849,0.5961,0.5943,-0.0,100,1.0,6.09,0.1428,37.6
148,CL3r3,cluster,3.0,3,0.7298,0.7305,0.7298,0.6352,0.6241,0.0,100,1.0,13.76,0.1494,37.3
148,CL5r1,cluster,5.0,1,0.3927,0.3938,0.3927,0.3513,0.3533,0.0,100,1.0,8.96,0.0709,40.6
148,CL5r2,cluster,5.0,2,0.3894,0.39,0.3894,0.3407,0.3427,0.0,100,1.0,8.99,0.0709,40.6
148,CL5r3,cluster,5.0,3,0.375,0.3753,0.375,0.3333,0.3324,-0.0,100,1.0,13.2,0.0737,40.5
148,CL7r1,cluster,7.0,1,0.2369,0.2369,0.2369,0.2146,0.2176,-0.0,100,1.0,8.73,0.0428,41.8
148,CL7r2,cluster,7.0,2,0.2397,0.2399,0.2397,0.2114,0.2138,0.0,100,1.0,9.55,0.0426,41.8
148,CL7r3,cluster,7.0,3,0.2473,0.2472,0.2473,0.2218,0.2229,0.0,100,1.0,10.16,0.0445,41.7
148,MU3r1,multi_cluster,3.0,1,1.1819,1.1819,1.1819,0.9408,0.9122,-0.0,10,1.0,19.8,0.1969,35.4
148,MU3r2,multi_cluster,3.0,2,1.658,1.6581,1.658,1.2399,1.193,0.0,10,1.0,11.53,0.2259,34.2
148,MU3r3,multi_cluster,3.0,3,0.9041,0.9042,0.9041,0.7352,0.7099,0.0,100,1.0,5.36,0.2045,34.9
148,MU5r1,multi_cluster,5.0,1,0.5826,0.5826,0.5826,0.4988,0.4939,-0.0,5,1.0,16.59,0.0971,39.5
148,MU5r2,multi_cluster,5.0,2,0.747,0.747,0.747,0.6091,0.6005,0.0,5,1.0,16.52,0.1106,39.0
148,MU5r3,multi_cluster,5.0,3,0.4526,0.4526,0.4526,0.3906,0.384,0.0,100,1.0,7.86,0.1005,39.3
148,MU7r1,multi_cluster,7.0,1,0.3441,0.3441,0.3441,0.2993,0.2998,0.0,10,1.0,16.52,0.0571,41.2
148,MU7r2,multi_cluster,7.0,2,0.4264,0.4264,0.4264,0.3617,0.3617,-0.0,10,1.0,16.52,0.0653,40.8
148,MU7r3,multi_cluster,7.0,3,0.274,0.274,0.274,0.2398,0.2375,0.0,100,0.8,5.57,0.0592,41.1
149,RU3r1,rule_grid,3.0,1,0.5196,0.5198,0.5196,0.454,0.382,-0.0,105,0.8,6.38,0.3122,26.2
149,RU3r2,rule_grid,3.0,2,1.2519,1.252,1.2519,0.846,0.7163,0.0,80,1.0,10.24,0.3118,26.4
149,RU3r3,rule_grid,3.0,3,1.7555,1.756,1.7555,1.1753,0.977,-0.0,70,1.0,6.56,0.3104,26.6
149,RU5r1,rule_grid,5.0,1,0.275,0.2751,0.275,0.289,0.2424,0.0,15,0.8,16.78,0.1566,32.1
149,RU5r2,rule_grid,5.0,2,0.6381,0.6381,0.6381,0.4702,0.3966,-0.0,80,0.8,12.3,0.1569,32.2
149,RU5r3,rule_grid,5.0,3,0.7942,0.7945,0.7942,0.6054,0.5052,0.0,70,1.0,6.84,0.1555,32.3
149,RU7r1,rule_grid,7.0,1,0.1646,0.1647,0.1646,0.189,0.1573,-0.0,15,0.6,11.69,0.0952,34.4
149,RU7r2,rule_grid,7.0,2,0.4053,0.4053,0.4053,0.3128,0.2607,-0.0,80,1.0,14.46,0.0943,34.5
149,RU7r3,rule_grid,7.0,3,0.4763,0.4763,0.4763,0.3952,0.3277,0.0,70,1.0,5.54,0.0935,34.6
149,BE3r1,belt,3.0,1,3.9444,3.9444,3.9444,3.0023,2.5336,-0.0,100,1.0,3.53,0.1939,31.8
149,BE3r2,belt,3.0,2,2.5259,2.526,2.5259,1.8259,1.5283,0.0,105,1.0,4.46,0.2822,27.9
149,BE3r3,belt,3.0,3,3.2677,3.2678,3.2677,2.496,2.0883,-0.0,80,1.0,1.36,0.2815,28.2
149,BE5r1,belt,5.0,1,1.6693,1.6693,1.6693,1.3559,1.133,0.0,105,1.0,4.15,0.0983,34.8
149,BE5r2,belt,5.0,2,1.088,1.0881,1.088,0.9035,0.7487,-0.0,105,1.0,4.91,0.1413,32.9
149,BE5r3,belt,5.0,3,1.5309,1.5309,1.5309,1.2244,1.0168,-0.0,80,1.0,1.43,0.1408,33.1
149,BE7r1,belt,7.0,1,0.9254,0.9254,0.9254,0.7882,0.6565,0.0,105,1.0,4.36,0.059,36.0
149,BE7r2,belt,7.0,2,0.6431,0.6431,0.6431,0.5726,0.4743,0.0,105,1.0,5.52,0.085,34.9
149,BE7r3,belt,7.0,3,0.9076,0.9076,0.9076,0.7463,0.6184,0.0,80,1.0,2.07,0.0842,35.1
149,CL3r1,cluster,3.0,1,0.4833,0.4833,0.4833,0.5246,0.425,0.0,15,0.8,11.84,0.1705,31.6
149,CL3r2,cluster,3.0,2,0.4796,0.4795,0.4796,0.4986,0.4048,0.0,20,0.8,11.54,0.1705,31.6
149,CL3r3,cluster,3.0,3,0.2935,0.2951,0.2935,0.3124,0.2563,-0.0,110,0.8,6.36,0.1775,31.3
149,CL5r1,cluster,5.0,1,0.3396,0.3414,0.3396,0.3568,0.2945,-0.0,15,1.0,16.22,0.0856,34.8
149,CL5r2,cluster,5.0,2,0.2774,0.2789,0.2774,0.3123,0.2581,-0.0,20,1.0,11.71,0.0857,34.8
149,CL5r3,cluster,5.0,3,0.1664,0.1665,0.1664,0.205,0.1702,-0.0,110,0.8,7.08,0.0888,34.6
149,CL7r1,cluster,7.0,1,0.1746,0.1746,0.1746,0.208,0.173,-0.0,15,1.0,11.94,0.052,36.0
149,CL7r2,cluster,7.0,2,0.1599,0.1603,0.1599,0.194,0.1615,0.0,15,1.0,11.82,0.0517,36.0
149,CL7r3,cluster,7.0,3,0.1185,0.1187,0.1185,0.1475,0.1228,0.0,15,0.8,19.37,0.054,35.9
149,MU3r1,multi_cluster,3.0,1,0.9845,0.9846,0.9845,0.8267,0.6802,0.0,105,1.0,7.42,0.2308,29.5
149,MU3r2,multi_cluster,3.0,2,1.8893,1.8893,1.8893,1.4137,1.1783,0.0,105,1.0,5.29,0.2632,28.5
149,MU3r3,multi_cluster,3.0,3,0.4099,0.41,0.4099,0.4136,0.3445,0.0,20,0.8,15.09,0.2397,29.0
149,MU5r1,multi_cluster,5.0,1,0.5184,0.5185,0.5184,0.4878,0.4059,0.0,105,1.0,7.68,0.1156,33.7
149,MU5r2,multi_cluster,5.0,2,0.8401,0.8401,0.8401,0.721,0.5993,-0.0,105,1.0,6.02,0.1314,33.2
149,MU5r3,multi_cluster,5.0,3,0.2474,0.2475,0.2474,0.2766,0.2314,0.0,105,0.8,15.29,0.1198,33.5
149,MU7r1,multi_cluster,7.0,1,0.3079,0.3079,0.3079,0.3117,0.2597,0.0,105,1.0,7.82,0.0688,35.4
149,MU7r2,multi_cluster,7.0,2,0.4938,0.4938,0.4938,0.456,0.3787,0.0,105,1.0,5.52,0.0787,35.1
149,MU7r3,multi_cluster,7.0,3,0.1558,0.1559,0.1558,0.188,0.1568,-0.0,105,0.8,12.76,0.0713,35.3
150,RU3r1,rule_grid,3.0,1,0.5911,0.5915,0.5911,0.4678,0.4703,-0.0,90,0.8,10.61,0.2655,34.5
150,RU3r2,rule_grid,3.0,2,0.7618,0.7619,0.7618,0.603,0.6034,0.0,25,1.0,18.32,0.265,34.6
150,RU3r3,rule_grid,3.0,3,1.1614,1.1615,1.1614,0.8239,0.8448,0.0,145,0.8,17.6,0.2638,34.8
150,RU5r1,rule_grid,5.0,1,0.3903,0.3904,0.3903,0.3094,0.3187,-0.0,90,0.8,11.95,0.1319,40.7
150,RU5r2,rule_grid,5.0,2,0.3798,0.3799,0.3798,0.356,0.3643,0.0,25,1.0,14.57,0.1321,40.7
150,RU5r3,rule_grid,5.0,3,0.5001,0.5004,0.5001,0.4006,0.4193,0.0,145,0.8,17.07,0.1308,40.8
150,RU7r1,rule_grid,7.0,1,0.2644,0.2644,0.2644,0.2061,0.2154,0.0,90,1.0,13.36,0.0796,43.1
150,RU7r2,rule_grid,7.0,2,0.2387,0.2388,0.2387,0.2311,0.2404,-0.0,25,0.8,20.5,0.079,43.1
150,RU7r3,rule_grid,7.0,3,0.2927,0.2927,0.2927,0.2703,0.2899,-0.0,145,0.8,13.38,0.0783,43.2
150,BE3r1,belt,3.0,1,3.1332,3.1333,3.1332,2.6922,2.785,-0.0,0,1.0,28.86,0.1606,40.5
150,BE3r2,belt,3.0,2,2.1311,2.1311,2.1311,1.7756,1.8082,0.0,0,1.0,29.11,0.2379,36.4
150,BE3r3,belt,3.0,3,1.8479,1.848,1.8479,1.5884,1.615,0.0,25,1.0,16.25,0.2373,36.3
150,BE5r1,belt,5.0,1,1.4081,1.4084,1.4081,1.2444,1.321,-0.0,0,1.0,28.99,0.0812,43.5
150,BE5r2,belt,5.0,2,0.9848,0.9849,0.9848,0.8738,0.9221,0.0,0,1.0,32.51,0.1183,41.6
150,BE5r3,belt,5.0,3,0.7874,0.7874,0.7874,0.799,0.8385,0.0,25,1.0,20.02,0.1178,41.5
150,BE7r1,belt,7.0,1,0.8014,0.8014,0.8014,0.7185,0.7751,0.0,0,1.0,28.54,0.0486,44.8
150,BE7r2,belt,7.0,2,0.6087,0.6087,0.6087,0.5499,0.593,0.0,0,1.0,27.57,0.0709,43.7
150,BE7r3,belt,7.0,3,0.4669,0.4669,0.4669,0.4969,0.5314,0.0,25,1.0,24.32,0.0701,43.7
150,CL3r1,cluster,3.0,1,0.4314,0.4314,0.4314,0.3398,0.3668,0.0,90,0.8,3.88,0.1407,40.3
150,CL3r2,cluster,3.0,2,0.3707,0.3749,0.3707,0.3053,0.3305,-0.0,90,0.8,15.39,0.1404,40.3
150,CL3r3,cluster,3.0,3,0.4251,0.4279,0.4251,0.2884,0.3014,0.0,90,0.8,7.29,0.1471,40.0
150,CL5r1,cluster,5.0,1,0.3416,0.3434,0.3416,0.2845,0.3072,0.0,90,1.0,5.12,0.0715,43.5
150,CL5r2,cluster,5.0,2,0.2927,0.2946,0.2927,0.2271,0.2468,-0.0,90,0.8,11.95,0.0712,43.5
150,CL5r3,cluster,5.0,3,0.2781,0.282,0.2781,0.1998,0.2119,0.0,90,0.8,14.54,0.074,43.4
150,CL7r1,cluster,7.0,1,0.2176,0.2176,0.2176,0.1778,0.1931,0.0,90,1.0,10.14,0.0437,44.8
150,CL7r2,cluster,7.0,2,0.1981,0.1986,0.1981,0.1527,0.1659,0.0,90,1.0,13.71,0.0432,44.8
150,CL7r3,cluster,7.0,3,0.2123,0.2124,0.2123,0.1566,0.1678,0.0,90,0.8,8.86,0.0453,44.7
150,MU3r1,multi_cluster,3.0,1,0.9747,0.975,0.9747,0.8,0.8265,-0.0,0,0.8,22.79,0.1915,38.1
150,MU3r2,multi_cluster,3.0,2,1.6633,1.6634,1.6633,1.3794,1.4087,0.0,0,1.0,29.11,0.2208,37.0
150,MU3r3,multi_cluster,3.0,3,0.557,0.5571,0.557,0.4157,0.4229,-0.0,90,0.8,4.73,0.1997,37.6
150,MU5r1,multi_cluster,5.0,1,0.5834,0.5834,0.5834,0.4962,0.5261,-0.0,0,1.0,31.18,0.0962,42.5
150,MU5r2,multi_cluster,5.0,2,0.8098,0.8098,0.8098,0.7087,0.7482,0.0,0,1.0,32.35,0.1098,41.9
150,MU5r3,multi_cluster,5.0,3,0.3839,0.384,0.3839,0.2981,0.3097,0.0,90,0.8,11.04,0.1,42.2
150,MU7r1,multi_cluster,7.0,1,0.3795,0.3798,0.3795,0.3231,0.3476,0.0,0,1.0,30.74,0.0572,44.2
150,MU7r2,multi_cluster,7.0,2,0.5037,0.5038,0.5037,0.4462,0.4802,0.0,0,1.0,27.57,0.0654,43.9
150,MU7r3,multi_cluster,7.0,3,0.265,0.2651,0.265,0.2055,0.216,-0.0,90,1.0,8.11,0.0594,44.1
151,RU3r1,rule_grid,3.0,1,1.2832,1.2833,1.2832,0.9566,0.8924,-0.0,135,1.0,13.21,0.2652,28.1
151,RU3r2,rule_grid,3.0,2,1.0926,1.0927,1.0926,0.7996,0.7476,0.0,155,1.0,15.55,0.2648,28.0
151,RU3r3,rule_grid,3.0,3,1.9938,1.9939,1.9938,1.5052,1.4113,0.0,145,1.0,4.26,0.2637,28.3
151,RU5r1,rule_grid,5.0,1,0.6934,0.6935,0.6934,0.5849,0.5565,0.0,135,1.0,9.45,0.1279,33.1
151,RU5r2,rule_grid,5.0,2,0.6164,0.6164,0.6164,0.5019,0.4769,0.0,155,1.0,14.11,0.1279,33.1
151,RU5r3,rule_grid,5.0,3,0.9469,0.9469,0.9469,0.7507,0.7154,0.0,145,1.0,4.63,0.127,33.2
151,RU7r1,rule_grid,7.0,1,0.4382,0.4382,0.4382,0.3853,0.3693,-0.0,135,1.0,4.4,0.0761,35.0
151,RU7r2,rule_grid,7.0,2,0.4082,0.4082,0.4082,0.3449,0.3306,-0.0,155,1.0,16.68,0.0752,35.0
151,RU7r3,rule_grid,7.0,3,0.6132,0.6132,0.6132,0.4977,0.4793,0.0,145,1.0,5.11,0.0747,35.1
151,BE3r1,belt,3.0,1,4.6408,4.6408,4.6408,3.6957,3.5065,0.0,25,1.0,3.36,0.1661,32.9
151,BE3r2,belt,3.0,2,2.568,2.5681,2.568,2.2139,2.0805,-0.0,0,1.0,5.02,0.2401,29.4
151,BE3r3,belt,3.0,3,3.3646,3.3646,3.3646,2.2929,2.1602,0.0,5,1.0,3.0,0.2395,29.6
151,BE5r1,belt,5.0,1,1.9079,1.9079,1.9079,1.7019,1.6359,0.0,25,1.0,3.98,0.0812,35.3
151,BE5r2,belt,5.0,2,1.1397,1.1397,1.1397,1.1081,1.0595,0.0,0,1.0,4.69,0.1158,33.7
151,BE5r3,belt,5.0,3,1.4584,1.4584,1.4584,1.095,1.0469,-0.0,5,1.0,3.22,0.1153,33.8
151,BE7r1,belt,7.0,1,1.0544,1.0544,1.0544,0.9978,0.967,-0.0,0,1.0,4.21,0.0478,36.3
151,BE7r2,belt,7.0,2,0.7115,0.7115,0.7115,0.7286,0.7049,-0.0,0,1.0,4.56,0.0683,35.4
151,BE7r3,belt,7.0,3,0.8574,0.8574,0.8574,0.6866,0.6629,-0.0,0,1.0,3.32,0.0676,35.5
151,CL3r1,cluster,3.0,1,0.7688,0.7689,0.7688,0.6287,0.6044,0.0,135,1.0,2.92,0.1408,32.6
151,CL3r2,cluster,3.0,2,0.8692,0.87,0.8692,0.6942,0.6671,-0.0,135,1.0,2.81,0.1408,32.7
151,CL3r3,cluster,3.0,3,0.8784,0.8791,0.8784,0.6244,0.5957,0.0,45,1.0,2.55,0.147,32.4
151,CL5r1,cluster,5.0,1,0.4714,0.4706,0.4714,0.4059,0.3929,0.0,135,1.0,5.32,0.0685,35.3
151,CL5r2,cluster,5.0,2,0.4987,0.5001,0.4987,0.4203,0.4069,0.0,135,1.0,3.04,0.0687,35.3
151,CL5r3,cluster,5.0,3,0.487,0.4884,0.487,0.383,0.3693,0.0,45,1.0,6.76,0.0713,35.2
151,CL7r1,cluster,7.0,1,0.2946,0.2946,0.2946,0.2612,0.2539,0.0,135,1.0,5.32,0.0411,36.3
151,CL7r2,cluster,7.0,2,0.3178,0.3187,0.3178,0.2728,0.2653,0.0,135,1.0,3.42,0.0409,36.3
151,CL7r3,cluster,7.0,3,0.3244,0.3243,0.3244,0.2609,0.2531,0.0,45,1.0,6.76,0.0428,36.2
151,MU3r1,multi_cluster,3.0,1,1.424,1.4241,1.424,1.0372,0.9777,0.0,45,1.0,14.08,0.1955,30.8
151,MU3r2,multi_cluster,3.0,2,2.0114,2.0114,2.0114,1.5788,1.4828,-0.0,45,1.0,4.71,0.2236,29.9
151,MU3r3,multi_cluster,3.0,3,1.1445,1.1445,1.1445,0.8497,0.7992,0.0,135,1.0,11.97,0.2024,30.4
151,MU5r1,multi_cluster,5.0,1,0.7677,0.7678,0.7677,0.636,0.6097,0.0,45,1.0,4.34,0.0949,34.4
151,MU5r2,multi_cluster,5.0,2,0.9519,0.9519,0.9519,0.8505,0.8133,0.0,45,1.0,11.95,0.1079,34.0
151,MU5r3,multi_cluster,5.0,3,0.6544,0.6544,0.6544,0.5418,0.5178,0.0,135,1.0,3.73,0.0981,34.2
151,MU7r1,multi_cluster,7.0,1,0.4849,0.4849,0.4849,0.4196,0.4051,0.0,45,1.0,5.3,0.0555,35.8
151,MU7r2,multi_cluster,7.0,2,0.5817,0.5817,0.5817,0.5708,0.552,0.0,45,1.0,5.5,0.0633,35.5
151,MU7r3,multi_cluster,7.0,3,0.4222,0.4222,0.4222,0.3632,0.3497,0.0,135,1.0,12.23,0.0573,35.7
152,RU3r1,rule_grid,3.0,1,0.7499,0.7502,0.7499,0.5387,0.5676,-0.0,95,0.8,7.61,0.2511,38.7
152,RU3r2,rule_grid,3.0,2,1.0271,1.0273,1.0271,0.703,0.7246,-0.0,115,1.0,15.46,0.2506,38.8
152,RU3r3,rule_grid,3.0,3,1.4432,1.4437,1.4432,1.1254,1.1955,0.0,50,1.0,10.2,0.2494,39.1
152,RU5r1,rule_grid,5.0,1,0.4006,0.4008,0.4006,0.2729,0.3003,0.0,5,1.0,17.14,0.1229,45.2
152,RU5r2,rule_grid,5.0,2,0.4933,0.4933,0.4933,0.3723,0.3986,-0.0,120,1.0,16.58,0.123,45.2
152,RU5r3,rule_grid,5.0,3,0.607,0.6071,0.607,0.5407,0.6013,0.0,50,1.0,11.7,0.1218,45.3
152,RU7r1,rule_grid,7.0,1,0.234,0.234,0.234,0.1535,0.1723,-0.0,0,1.0,13.56,0.0735,47.6
152,RU7r2,rule_grid,7.0,2,0.286,0.2861,0.286,0.2268,0.2498,-0.0,120,1.0,15.16,0.073,47.7
152,RU7r3,rule_grid,7.0,3,0.3521,0.3521,0.3521,0.3407,0.3938,-0.0,50,1.0,12.29,0.0723,47.8
152,BE3r1,belt,3.0,1,3.7876,3.7876,3.7876,3.2746,3.5421,0.0,95,1.0,1.81,0.151,45.2
152,BE3r2,belt,3.0,2,2.4792,2.4793,2.4792,2.0745,2.1987,0.0,95,1.0,2.49,0.2245,40.8
152,BE3r3,belt,3.0,3,2.1463,2.1463,2.1463,1.7584,1.854,-0.0,110,1.0,5.81,0.224,40.7
152,BE5r1,belt,5.0,1,1.6342,1.6342,1.6342,1.44,1.6306,0.0,95,1.0,1.85,0.0755,48.2
152,BE5r2,belt,5.0,2,1.0903,1.0904,1.0903,0.9139,1.0326,0.0,95,1.0,2.87,0.1102,46.1
152,BE5r3,belt,5.0,3,0.9176,0.9176,0.9176,0.7757,0.8654,0.0,115,1.0,6.1,0.1097,46.1
152,BE7r1,belt,7.0,1,0.9006,0.9006,0.9006,0.8005,0.9322,0.0,95,1.0,1.97,0.0449,49.4
152,BE7r2,belt,7.0,2,0.6465,0.6466,0.6465,0.5418,0.6355,-0.0,90,1.0,2.89,0.0655,48.2
152,BE7r3,belt,7.0,3,0.521,0.521,0.521,0.4566,0.5234,0.0,115,1.0,5.86,0.0648,48.2
152,CL3r1,cluster,3.0,1,0.6204,0.6206,0.6204,0.4341,0.5256,0.0,5,1.0,5.62,0.1306,44.9
152,CL3r2,cluster,3.0,2,0.5938,0.5937,0.5938,0.4339,0.5198,0.0,5,1.0,6.3,0.1303,44.9
152,CL3r3,cluster,3.0,3,0.6348,0.6367,0.6348,0.4793,0.5372,0.0,5,1.0,19.99,0.1369,44.6
152,CL5r1,cluster,5.0,1,0.3942,0.3951,0.3942,0.3034,0.3639,-0.0,5,1.0,4.38,0.0659,48.1
152,CL5r2,cluster,5.0,2,0.3551,0.3562,0.3551,0.2695,0.3241,0.0,5,1.0,5.91,0.0656,48.1
152,CL5r3,cluster,5.0,3,0.3347,0.3404,0.3347,0.2452,0.2828,-0.0,5,1.0,17.31,0.0683,48.0
152,CL7r1,cluster,7.0,1,0.2121,0.2121,0.2121,0.1625,0.1954,-0.0,5,0.6,9.72,0.0401,49.3
152,CL7r2,cluster,7.0,2,0.2155,0.2158,0.2155,0.1563,0.1871,-0.0,10,1.0,6.18,0.0396,49.4
152,CL7r3,cluster,7.0,3,0.2334,0.2334,0.2334,0.1747,0.203,0.0,10,1.0,19.28,0.0416,49.3
152,MU3r1,multi_cluster,3.0,1,1.2353,1.2353,1.2353,0.9607,1.0577,0.0,95,1.0,4.45,0.1798,42.6
152,MU3r2,multi_cluster,3.0,2,1.9721,1.9721,1.9721,1.6205,1.7305,0.0,95,1.0,2.61,0.208,41.4
152,MU3r3,multi_cluster,3.0,3,0.7567,0.7568,0.7567,0.5216,0.5645,0.0,95,1.0,14.42,0.1875,42.0
152,MU5r1,multi_cluster,5.0,1,0.6495,0.6496,0.6495,0.5054,0.5797,0.0,95,1.0,4.61,0.0895,47.0
152,MU5r2,multi_cluster,5.0,2,0.8959,0.896,0.8959,0.7334,0.8303,0.0,95,1.0,2.87,0.1023,46.5
152,MU5r3,multi_cluster,5.0,3,0.4178,0.4178,0.4178,0.2859,0.3195,0.0,95,0.8,10.91,0.093,46.7
152,MU7r1,multi_cluster,7.0,1,0.3802,0.3802,0.3802,0.2988,0.3513,0.0,100,1.0,4.46,0.0528,48.8
152,MU7r2,multi_cluster,7.0,2,0.5221,0.5222,0.5221,0.4293,0.5027,0.0,90,1.0,3.66,0.0605,48.4
152,MU7r3,multi_cluster,7.0,3,0.2519,0.252,0.2519,0.1719,0.1958,-0.0,100,1.0,9.03,0.0549,48.6
153,RU3r1,rule_grid,3.0,1,0.6565,0.6565,0.6565,0.4962,0.4489,-0.0,135,1.0,5.81,0.2961,31.9
153,RU3r2,rule_grid,3.0,2,0.6458,0.6458,0.6458,0.5656,0.5076,-0.0,135,1.0,14.83,0.2958,31.9
153,RU3r3,rule_grid,3.0,3,1.2377,1.2385,1.2377,0.9492,0.855,-0.0,65,0.8,6.54,0.2944,32.2
153,RU5r1,rule_grid,5.0,1,0.3609,0.3611,0.3609,0.2779,0.2558,0.0,10,0.8,17.68,0.1486,38.5
153,RU5r2,rule_grid,5.0,2,0.329,0.3291,0.329,0.3409,0.3152,0.0,135,1.0,14.84,0.1489,38.4
153,RU5r3,rule_grid,5.0,3,0.5426,0.5428,0.5426,0.4352,0.4023,0.0,65,0.8,6.97,0.1473,38.6
153,RU7r1,rule_grid,7.0,1,0.2213,0.2213,0.2213,0.1656,0.1528,-0.0,100,0.8,10.5,0.0901,41.1
153,RU7r2,rule_grid,7.0,2,0.1977,0.1977,0.1977,0.1959,0.1838,0.0,140,1.0,15.66,0.0895,41.1
153,RU7r3,rule_grid,7.0,3,0.3353,0.3353,0.3353,0.2862,0.2686,-0.0,65,1.0,5.02,0.0886,41.2
153,BE3r1,belt,3.0,1,4.167,4.1671,4.167,3.5482,3.2819,0.0,100,1.0,1.83,0.1794,38.5
153,BE3r2,belt,3.0,2,2.6422,2.6423,2.6422,2.2099,2.0066,0.0,100,1.0,2.94,0.2656,33.9
153,BE3r3,belt,3.0,3,2.3382,2.3382,2.3382,2.067,1.8785,0.0,80,1.0,7.15,0.265,33.9
153,BE5r1,belt,5.0,1,1.8588,1.8589,1.8588,1.6124,1.5135,0.0,100,1.0,1.71,0.0915,41.7
153,BE5r2,belt,5.0,2,1.1946,1.1947,1.1946,1.0219,0.9495,-0.0,100,1.0,3.74,0.1333,39.5
153,BE5r3,belt,5.0,3,1.0576,1.0576,1.0576,0.9675,0.9022,0.0,80,1.0,5.99,0.1327,39.5
153,BE7r1,belt,7.0,1,1.0441,1.0441,1.0441,0.9154,0.8691,-0.0,100,1.0,3.16,0.055,43.0
153,BE7r2,belt,7.0,2,0.7188,0.7189,0.7188,0.6266,0.5939,0.0,100,1.0,3.61,0.0802,41.7
153,BE7r3,belt,7.0,3,0.6106,0.6106,0.6106,0.5675,0.5378,0.0,80,1.0,5.88,0.0794,41.7
153,CL3r1,cluster,3.0,1,0.5289,0.5291,0.5289,0.5031,0.4754,-0.0,15,1.0,10.39,0.1589,38.1
153,CL3r2,cluster,3.0,2,0.4815,0.4809,0.4815,0.457,0.4325,0.0,10,0.8,4.64,0.1585,38.1
153,CL3r3,cluster,3.0,3,0.4717,0.4751,0.4717,0.3921,0.3605,0.0,135,0.8,18.77,0.1659,37.7
153,CL5r1,cluster,5.0,1,0.378,0.3799,0.378,0.3481,0.3318,0.0,10,0.8,5.76,0.081,41.5
153,CL5r2,cluster,5.0,2,0.3233,0.3253,0.3233,0.2883,0.2762,0.0,10,0.8,5.69,0.0807,41.5
153,CL5r3,cluster,5.0,3,0.273,0.2786,0.273,0.2267,0.2135,-0.0,100,0.8,19.15,0.0838,41.4
153,CL7r1,cluster,7.0,1,0.2027,0.2027,0.2027,0.1914,0.185,0.0,10,0.8,10.74,0.0495,42.9
153,CL7r2,cluster,7.0,2,0.1908,0.1914,0.1908,0.171,0.165,0.0,10,0.8,5.48,0.0489,42.9
153,CL7r3,cluster,7.0,3,0.1977,0.1979,0.1977,0.1602,0.1517,0.0,10,0.8,20.45,0.0513,42.8
153,MU3r1,multi_cluster,3.0,1,1.1514,1.1515,1.1514,0.9895,0.9014,-0.0,100,1.0,4.64,0.2149,35.8
153,MU3r2,multi_cluster,3.0,2,2.0384,2.0384,2.0384,1.7125,1.5561,0.0,100,1.0,4.22,0.247,34.6
153,MU3r3,multi_cluster,3.0,3,0.5772,0.5773,0.5772,0.4803,0.4355,0.0,45,0.8,9.33,0.224,35.1
153,MU5r1,multi_cluster,5.0,1,0.6415,0.6416,0.6415,0.5376,0.5047,-0.0,100,1.0,6.39,0.1084,40.4
153,MU5r2,multi_cluster,5.0,2,0.9526,0.9527,0.9526,0.8081,0.7533,-0.0,100,1.0,4.57,0.1237,39.8
153,MU5r3,multi_cluster,5.0,3,0.3578,0.3578,0.3578,0.2793,0.2584,-0.0,100,0.8,10.36,0.1127,40.1
153,MU7r1,multi_cluster,7.0,1,0.3942,0.3942,0.3942,0.3314,0.3156,0.0,100,1.0,6.86,0.0646,42.3
153,MU7r2,multi_cluster,7.0,2,0.5704,0.5704,0.5704,0.4902,0.4648,-0.0,100,1.0,5.43,0.074,41.9
153,MU7r3,multi_cluster,7.0,3,0.2326,0.2327,0.2326,0.1791,0.167,0.0,100,0.8,9.76,0.0672,42.1
154,RU3r1,rule_grid,3.0,1,0.4816,0.4815,0.4816,0.2892,0.3008,0.0,135,0.8,5.8,0.2503,39.2
154,RU3r2,rule_grid,3.0,2,0.6178,0.6179,0.6178,0.4623,0.4751,0.0,75,1.0,8.2,0.2497,39.2
154,RU3r3,rule_grid,3.0,3,1.0149,1.0156,1.0149,0.8324,0.8851,0.0,65,1.0,5.07,0.2486,39.5
154,RU5r1,rule_grid,5.0,1,0.2279,0.2281,0.2279,0.1558,0.1679,0.0,10,0.6,20.06,0.1217,45.8
154,RU5r2,rule_grid,5.0,2,0.2769,0.277,0.2769,0.2478,0.2819,0.0,140,1.0,14.83,0.1218,45.8
154,RU5r3,rule_grid,5.0,3,0.4484,0.4486,0.4484,0.4049,0.4489,-0.0,70,0.8,4.97,0.1206,45.9
154,RU7r1,rule_grid,7.0,1,0.138,0.138,0.138,0.0897,0.099,0.0,100,0.6,10.56,0.0725,48.3
154,RU7r2,rule_grid,7.0,2,0.1718,0.1718,0.1718,0.1522,0.1781,0.0,80,0.8,11.6,0.0719,48.3
154,RU7r3,rule_grid,7.0,3,0.2796,0.2796,0.2796,0.2641,0.3063,0.0,70,1.0,6.59,0.0712,48.4
154,BE3r1,belt,3.0,1,3.3227,3.3227,3.3227,2.9406,3.1843,0.0,100,1.0,2.15,0.15,45.7
154,BE3r2,belt,3.0,2,2.0857,2.0858,2.0857,1.7917,1.885,0.0,100,1.0,4.08,0.2235,41.2
154,BE3r3,belt,3.0,3,1.8841,1.8841,1.8841,1.7242,1.8351,0.0,110,1.0,6.36,0.223,41.2
154,BE5r1,belt,5.0,1,1.4011,1.4011,1.4011,1.2698,1.4473,0.0,100,1.0,3.97,0.0747,48.8
154,BE5r2,belt,5.0,2,0.8594,0.8594,0.8594,0.7666,0.8702,0.0,100,1.0,4.74,0.1091,46.7
154,BE5r3,belt,5.0,3,0.8248,0.8248,0.8248,0.7786,0.8845,0.0,80,1.0,4.89,0.1086,46.7
154,BE7r1,belt,7.0,1,0.7585,0.7585,0.7585,0.7003,0.8265,0.0,100,1.0,3.8,0.0442,50.1
154,BE7r2,belt,7.0,2,0.5013,0.5013,0.5013,0.4567,0.5443,0.0,100,1.0,4.2,0.0646,48.9
154,BE7r3,belt,7.0,3,0.4819,0.482,0.4819,0.4536,0.5347,0.0,80,1.0,3.46,0.0638,48.9
154,CL3r1,cluster,3.0,1,0.339,0.3391,0.339,0.3269,0.4061,-0.0,15,1.0,12.12,0.1292,45.4
154,CL3r2,cluster,3.0,2,0.3113,0.3112,0.3113,0.2868,0.3563,-0.0,10,0.8,9.95,0.1289,45.4
154,CL3r3,cluster,3.0,3,0.3269,0.3336,0.3269,0.2468,0.2752,-0.0,10,0.6,19.26,0.1357,45.1
154,CL5r1,cluster,5.0,1,0.263,0.2646,0.263,0.2363,0.2887,0.0,10,0.8,4.28,0.0648,48.7
154,CL5r2,cluster,5.0,2,0.22,0.2215,0.22,0.1859,0.2294,-0.0,10,0.8,7.81,0.0646,48.7
154,CL5r3,cluster,5.0,3,0.1909,0.1996,0.1909,0.1322,0.154,0.0,100,0.6,20.04,0.0673,48.6
154,CL7r1,cluster,7.0,1,0.1383,0.1383,0.1383,0.1218,0.1513,-0.0,10,0.8,7.72,0.0394,50.0
154,CL7r2,cluster,7.0,2,0.1311,0.1315,0.1311,0.1063,0.1307,0.0,10,0.8,7.7,0.0389,50.0
154,CL7r3,cluster,7.0,3,0.1411,0.1412,0.1411,0.0984,0.1151,-0.0,10,0.8,4.74,0.0409,49.9
154,MU3r1,multi_cluster,3.0,1,0.8296,0.8297,0.8296,0.6992,0.7726,-0.0,100,1.0,5.15,0.1785,43.1
154,MU3r2,multi_cluster,3.0,2,1.5775,1.5775,1.5775,1.3478,1.4302,0.0,100,1.0,4.67,0.2069,41.9
154,MU3r3,multi_cluster,3.0,3,0.3876,0.3877,0.3876,0.2766,0.2969,0.0,45,0.6,9.73,0.1862,42.5
154,MU5r1,multi_cluster,5.0,1,0.439,0.4391,0.439,0.3634,0.4209,0.0,100,1.0,4.67,0.0886,47.6
154,MU5r2,multi_cluster,5.0,2,0.6779,0.6779,0.6779,0.5904,0.6715,0.0,100,1.0,4.74,0.1012,47.0
154,MU5r3,multi_cluster,5.0,3,0.2319,0.2319,0.2319,0.1551,0.1706,0.0,100,0.6,8.35,0.092,47.3
154,MU7r1,multi_cluster,7.0,1,0.2654,0.2655,0.2654,0.2189,0.262,-0.0,100,1.0,4.74,0.0521,49.4
154,MU7r2,multi_cluster,7.0,2,0.3935,0.3935,0.3935,0.3475,0.4134,0.0,100,1.0,4.74,0.0596,49.1
154,MU7r3,multi_cluster,7.0,3,0.1516,0.1517,0.1516,0.0986,0.1113,-0.0,100,0.6,6.9,0.0541,49.2
155,RU3r1,rule_grid,3.0,1,3.1115,3.1119,3.1115,2.7322,2.2679,0.0,45,1.0,11.78,0.336,17.8
155,RU3r2,rule_grid,3.0,2,3.5624,3.5625,3.5624,2.5291,2.0726,-0.0,145,1.0,1.49,0.3359,17.8
155,RU3r3,rule_grid,3.0,3,4.9755,4.9755,4.9755,4.1067,3.3548,-0.0,145,1.0,0.79,0.3341,18.1
155,RU5r1,rule_grid,5.0,1,1.7869,1.787,1.7869,1.6068,1.3168,-0.0,45,1.0,11.73,0.175,21.8
155,RU5r2,rule_grid,5.0,2,2.0125,2.0125,2.0125,1.4253,1.1556,-0.0,150,1.0,1.57,0.1755,21.8
155,RU5r3,rule_grid,5.0,3,2.4547,2.4552,2.4547,2.0398,1.6551,0.0,145,1.0,0.77,0.1736,22.0
155,RU7r1,rule_grid,7.0,1,1.1074,1.1074,1.1074,1.007,0.8158,-0.0,135,1.0,11.39,0.1088,23.4
155,RU7r2,rule_grid,7.0,2,1.2007,1.2008,1.2007,0.8458,0.6782,-0.0,150,1.0,1.7,0.1081,23.4
155,RU7r3,rule_grid,7.0,3,1.5884,1.5884,1.5884,1.3378,1.0655,0.0,145,1.0,0.77,0.1069,23.5
155,BE3r1,belt,3.0,1,9.7867,9.7867,9.7867,8.3246,6.7901,0.0,175,1.0,11.55,0.208,22.6
155,BE3r2,belt,3.0,2,6.6537,6.6537,6.6537,5.2664,4.3149,-0.0,175,1.0,11.57,0.3034,19.3
155,BE3r3,belt,3.0,3,7.4776,7.4777,7.4776,5.9736,4.8567,-0.0,20,1.0,1.56,0.3026,19.4
155,BE5r1,belt,5.0,1,4.7628,4.7629,4.7628,3.9977,3.1887,0.0,175,1.0,17.32,0.1087,24.2
155,BE5r2,belt,5.0,2,3.3757,3.3761,3.3757,2.6613,2.1081,0.0,175,1.0,16.17,0.1572,22.6
155,BE5r3,belt,5.0,3,3.6371,3.6371,3.6371,2.9447,2.3384,0.0,20,1.0,1.72,0.1566,22.7
155,BE7r1,belt,7.0,1,2.7565,2.7565,2.7565,2.3012,1.8104,0.0,175,1.0,17.33,0.0666,24.9
155,BE7r2,belt,7.0,2,2.1285,2.1285,2.1285,1.6964,1.3276,0.0,175,1.0,38.26,0.0967,23.9
155,BE7r3,belt,7.0,3,2.2491,2.2492,2.2491,1.8165,1.432,0.0,25,1.0,2.44,0.0958,24.0
155,CL3r1,cluster,3.0,1,3.1339,3.1342,3.1339,2.8232,2.2139,0.0,140,1.0,7.84,0.1886,21.7
155,CL3r2,cluster,3.0,2,3.0881,3.0882,3.0881,2.8072,2.1989,0.0,140,1.0,1.9,0.1883,21.7
155,CL3r3,cluster,3.0,3,2.6603,2.6629,2.6603,2.554,2.0204,-0.0,50,1.0,3.99,0.1955,21.4
155,CL5r1,cluster,5.0,1,1.6643,1.6675,1.6643,1.5515,1.2196,0.0,140,1.0,9.35,0.0984,23.8
155,CL5r2,cluster,5.0,2,1.6735,1.6838,1.6735,1.596,1.2542,0.0,135,1.0,6.34,0.0981,23.8
155,CL5r3,cluster,5.0,3,1.3783,1.3834,1.3783,1.3679,1.0837,-0.0,50,1.0,4.2,0.1015,23.6
155,CL7r1,cluster,7.0,1,1.0845,1.0845,1.0845,1.0329,0.813,0.0,135,1.0,8.24,0.061,24.6
155,CL7r2,cluster,7.0,2,1.09,1.0929,1.09,1.0472,0.8236,0.0,135,1.0,6.33,0.0603,24.6
155,CL7r3,cluster,7.0,3,0.9319,0.9309,0.9319,0.9491,0.75,-0.0,45,1.0,4.2,0.0631,24.5
155,MU3r1,multi_cluster,3.0,1,3.7587,3.7588,3.7587,3.2329,2.6099,-0.0,170,1.0,19.95,0.2487,20.2
155,MU3r2,multi_cluster,3.0,2,5.3096,5.3097,5.3096,4.0213,3.283,0.0,170,1.0,14.69,0.2833,19.6
155,MU3r3,multi_cluster,3.0,3,2.8742,2.8742,2.8742,2.6581,2.1657,-0.0,135,1.0,10.07,0.2591,19.8
155,MU5r1,multi_cluster,5.0,1,2.1122,2.1122,2.1122,1.9294,1.5553,0.0,45,1.0,21.92,0.1284,23.1
155,MU5r2,multi_cluster,5.0,2,2.7777,2.7777,2.7777,2.1932,1.7711,-0.0,175,1.0,19.93,0.1461,22.8
155,MU5r3,multi_cluster,5.0,3,1.7399,1.74,1.7399,1.6217,1.3193,0.0,135,1.0,4.43,0.1337,22.9
155,MU7r1,multi_cluster,7.0,1,1.3721,1.3722,1.3721,1.2635,1.0105,0.0,45,1.0,21.35,0.0779,24.2
155,MU7r2,multi_cluster,7.0,2,1.7351,1.7353,1.7351,1.4342,1.145,0.0,175,1.0,19.93,0.0892,24.0
155,MU7r3,multi_cluster,7.0,3,1.1455,1.1456,1.1455,1.0747,0.8661,0.0,45,1.0,17.27,0.0812,24.1
156,RU3r1,rule_grid,3.0,1,0.9279,0.9283,0.9279,0.6802,0.7191,0.0,95,1.0,11.54,0.2424,37.4
156,RU3r2,rule_grid,3.0,2,0.658,0.658,0.658,0.4926,0.526,0.0,75,1.0,12.15,0.2419,37.3
156,RU3r3,rule_grid,3.0,3,0.9939,0.9942,0.9939,0.8118,0.8618,-0.0,90,1.0,9.81,0.2409,37.5
156,RU5r1,rule_grid,5.0,1,0.4245,0.4246,0.4245,0.3406,0.3678,0.0,5,1.0,11.83,0.1169,43.4
156,RU5r2,rule_grid,5.0,2,0.3367,0.3368,0.3367,0.2761,0.2962,0.0,75,1.0,14.2,0.1169,43.4
156,RU5r3,rule_grid,5.0,3,0.4719,0.4722,0.4719,0.3978,0.4314,-0.0,90,1.0,9.29,0.1159,43.5
156,RU7r1,rule_grid,7.0,1,0.2447,0.2447,0.2447,0.2016,0.221,0.0,100,1.0,3.14,0.0694,45.6
156,RU7r2,rule_grid,7.0,2,0.2002,0.2003,0.2002,0.1718,0.1879,0.0,75,1.0,14.2,0.0687,45.7
156,RU7r3,rule_grid,7.0,3,0.2848,0.2848,0.2848,0.2498,0.2786,0.0,90,1.0,8.41,0.0682,45.7
156,BE3r1,belt,3.0,1,2.9328,2.9328,2.9328,2.3674,2.5517,0.0,100,1.0,2.33,0.1486,42.9
156,BE3r2,belt,3.0,2,2.0376,2.0377,2.0376,1.5652,1.6619,0.0,100,1.0,1.67,0.2181,39.0
156,BE3r3,belt,3.0,3,1.6271,1.6271,1.6271,1.24,1.331,-0.0,125,1.0,5.01,0.2174,38.9
156,BE5r1,belt,5.0,1,1.2488,1.2488,1.2488,1.058,1.1804,0.0,100,1.0,3.18,0.073,45.9
156,BE5r2,belt,5.0,2,0.8684,0.8685,0.8684,0.7113,0.7857,-0.0,100,1.0,2.55,0.1053,44.2
156,BE5r3,belt,5.0,3,0.6815,0.6816,0.6815,0.5777,0.6473,0.0,125,1.0,5.59,0.1049,44.1
156,BE7r1,belt,7.0,1,0.6957,0.6957,0.6957,0.6053,0.6884,0.0,100,1.0,3.71,0.043,47.2
156,BE7r2,belt,7.0,2,0.5095,0.5096,0.5095,0.4304,0.487,0.0,100,1.0,2.84,0.0621,46.1
156,BE7r3,belt,7.0,3,0.3775,0.3775,0.3775,0.3431,0.3931,0.0,125,1.0,6.12,0.0614,46.1
156,CL3r1,cluster,3.0,1,0.6438,0.6438,0.6438,0.5505,0.6197,0.0,80,1.0,18.3,0.1262,43.0
156,CL3r2,cluster,3.0,2,0.6832,0.6861,0.6832,0.5555,0.6213,0.0,80,1.0,8.99,0.1261,43.1
156,CL3r3,cluster,3.0,3,0.8253,0.8285,0.8253,0.6982,0.7785,0.0,0,1.0,36.24,0.1323,42.8
156,CL5r1,cluster,5.0,1,0.3554,0.3556,0.3554,0.3222,0.369,-0.0,5,1.0,15.39,0.0622,46.1
156,CL5r2,cluster,5.0,2,0.3657,0.3659,0.3657,0.3012,0.3402,-0.0,75,1.0,10.61,0.0622,46.1
156,CL5r3,cluster,5.0,3,0.4103,0.4119,0.4103,0.3589,0.406,0.0,175,1.0,28.38,0.0647,46.0
156,CL7r1,cluster,7.0,1,0.236,0.236,0.236,0.2152,0.242,0.0,80,1.0,14.83,0.0374,47.2
156,CL7r2,cluster,7.0,2,0.2408,0.241,0.2408,0.2129,0.241,0.0,80,1.0,10.61,0.0372,47.2
156,CL7r3,cluster,7.0,3,0.2709,0.2716,0.2709,0.2513,0.2869,-0.0,170,1.0,35.49,0.0389,47.2
156,MU3r1,multi_cluster,3.0,1,1.1824,1.1825,1.1824,0.942,1.025,0.0,95,1.0,4.76,0.1757,40.8
156,MU3r2,multi_cluster,3.0,2,1.6566,1.6566,1.6566,1.2981,1.3885,-0.0,100,1.0,4.08,0.2023,39.7
156,MU3r3,multi_cluster,3.0,3,0.894,0.894,0.894,0.7099,0.7649,0.0,5,1.0,11.43,0.1825,40.4
156,MU5r1,multi_cluster,5.0,1,0.5696,0.5697,0.5696,0.4896,0.5452,0.0,100,1.0,3.43,0.0859,45.0
156,MU5r2,multi_cluster,5.0,2,0.737,0.7371,0.737,0.6102,0.6746,-0.0,100,1.0,2.79,0.0979,44.5
156,MU5r3,multi_cluster,5.0,3,0.44,0.44,0.44,0.3761,0.4091,0.0,95,1.0,3.15,0.0889,44.8
156,MU7r1,multi_cluster,7.0,1,0.3393,0.3393,0.3393,0.3001,0.3391,0.0,100,1.0,3.14,0.0502,46.6
156,MU7r2,multi_cluster,7.0,2,0.4312,0.4313,0.4312,0.3677,0.4152,0.0,100,1.0,2.7,0.0574,46.3
156,MU7r3,multi_cluster,7.0,3,0.2592,0.2592,0.2592,0.2374,0.2616,0.0,80,1.0,10.32,0.052,46.5
157,RU3r1,rule_grid,3.0,1,0.6083,0.6086,0.6083,0.464,0.4446,0.0,105,0.8,4.13,0.2765,34.8
157,RU3r2,rule_grid,3.0,2,0.7684,0.7685,0.7684,0.5086,0.4814,0.0,130,0.8,14.0,0.2761,34.9
157,RU3r3,rule_grid,3.0,3,1.2794,1.28,1.2794,0.8407,0.8109,0.0,65,1.0,6.65,0.2748,35.1
157,RU5r1,rule_grid,5.0,1,0.324,0.3242,0.324,0.2389,0.2351,0.0,25,1.0,9.14,0.137,41.4
157,RU5r2,rule_grid,5.0,2,0.3543,0.3544,0.3543,0.2686,0.2601,0.0,135,0.8,13.31,0.1372,41.4
157,RU5r3,rule_grid,5.0,3,0.5665,0.5667,0.5665,0.4014,0.4003,0.0,65,0.8,6.83,0.1358,41.6
157,RU7r1,rule_grid,7.0,1,0.2232,0.2232,0.2232,0.1461,0.1457,-0.0,25,1.0,2.97,0.0825,44.0
157,RU7r2,rule_grid,7.0,2,0.1932,0.1932,0.1932,0.1673,0.1651,0.0,135,0.8,14.59,0.0819,44.0
157,RU7r3,rule_grid,7.0,3,0.3456,0.3455,0.3456,0.2657,0.2725,-0.0,65,0.8,4.93,0.0811,44.1
157,BE3r1,belt,3.0,1,3.4896,3.4896,3.4896,2.948,2.9043,-0.0,105,1.0,2.72,0.1668,41.2
157,BE3r2,belt,3.0,2,2.3156,2.3157,2.3156,1.8459,1.7802,0.0,105,1.0,2.52,0.2476,36.8
157,BE3r3,belt,3.0,3,2.0768,2.0768,2.0768,1.6392,1.5919,0.0,75,1.0,6.42,0.247,36.8
157,BE5r1,belt,5.0,1,1.4756,1.4757,1.4756,1.3172,1.3373,0.0,105,1.0,2.98,0.0843,44.4
157,BE5r2,belt,5.0,2,0.9573,0.9574,0.9573,0.8409,0.8479,-0.0,105,1.0,4.57,0.1229,42.4
157,BE5r3,belt,5.0,3,0.9396,0.9396,0.9396,0.7429,0.7536,0.0,75,1.0,6.59,0.1223,42.4
157,BE7r1,belt,7.0,1,0.8003,0.8004,0.8003,0.7445,0.7715,0.0,105,1.0,3.46,0.0504,45.8
157,BE7r2,belt,7.0,2,0.5409,0.541,0.5409,0.5159,0.5358,-0.0,105,1.0,4.63,0.0734,44.6
157,BE7r3,belt,7.0,3,0.5358,0.5358,0.5358,0.4327,0.4499,-0.0,75,1.0,4.58,0.0727,44.6
157,CL3r1,cluster,3.0,1,0.4756,0.4758,0.4756,0.456,0.4774,0.0,20,1.0,13.7,0.146,41.0
157,CL3r2,cluster,3.0,2,0.4802,0.4802,0.4802,0.4464,0.4654,-0.0,20,1.0,4.05,0.1457,41.1
157,CL3r3,cluster,3.0,3,0.4856,0.4925,0.4856,0.4202,0.4184,0.0,20,0.8,18.07,0.1528,40.7
157,CL5r1,cluster,5.0,1,0.3361,0.3381,0.3361,0.3103,0.3261,0.0,20,1.0,3.75,0.074,44.4
157,CL5r2,cluster,5.0,2,0.3066,0.3083,0.3066,0.2806,0.2958,0.0,20,1.0,3.66,0.0737,44.4
157,CL5r3,cluster,5.0,3,0.2968,0.2973,0.2968,0.2366,0.2433,-0.0,115,1.0,11.99,0.0767,44.3
157,CL7r1,cluster,7.0,1,0.1999,0.1999,0.1999,0.1748,0.1855,-0.0,20,1.0,18.23,0.0451,45.8
157,CL7r2,cluster,7.0,2,0.1936,0.1941,0.1936,0.1677,0.1773,-0.0,20,1.0,3.42,0.0446,45.8
157,CL7r3,cluster,7.0,3,0.2096,0.2097,0.2096,0.1668,0.1728,-0.0,25,1.0,15.56,0.0468,45.7
157,MU3r1,multi_cluster,3.0,1,1.0091,1.0092,1.0091,0.8625,0.848,-0.0,105,1.0,3.66,0.1993,38.7
157,MU3r2,multi_cluster,3.0,2,1.783,1.783,1.783,1.4322,1.3868,0.0,105,1.0,3.49,0.2298,37.5
157,MU3r3,multi_cluster,3.0,3,0.5614,0.5615,0.5614,0.4704,0.457,0.0,110,0.8,10.1,0.2078,38.1
157,MU5r1,multi_cluster,5.0,1,0.5304,0.5305,0.5304,0.4604,0.4691,0.0,115,1.0,3.38,0.0999,43.3
157,MU5r2,multi_cluster,5.0,2,0.7598,0.7598,0.7598,0.6674,0.6743,-0.0,105,1.0,4.04,0.114,42.7
157,MU5r3,multi_cluster,5.0,3,0.3472,0.3472,0.3472,0.2633,0.2623,0.0,115,1.0,12.95,0.1038,43.0
157,MU7r1,multi_cluster,7.0,1,0.338,0.338,0.338,0.2805,0.2916,-0.0,115,1.0,4.32,0.0592,45.1
157,MU7r2,multi_cluster,7.0,2,0.4395,0.4396,0.4395,0.4058,0.4208,0.0,115,1.0,4.57,0.0678,44.8
157,MU7r3,multi_cluster,7.0,3,0.2359,0.236,0.2359,0.1626,0.1636,0.0,115,1.0,9.62,0.0616,45.0
158,RU3r1,rule_grid,3.0,1,0.8621,0.8626,0.8621,0.8619,0.8942,-0.0,0,1.0,19.36,0.2477,35.6
158,RU3r2,rule_grid,3.0,2,1.242,1.2421,1.242,0.9709,1.0154,0.0,90,1.0,11.65,0.2472,35.8
158,RU3r3,rule_grid,3.0,3,1.4799,1.4804,1.4799,1.393,1.4601,0.0,90,1.0,2.19,0.2462,35.9
158,RU5r1,rule_grid,5.0,1,0.5099,0.5101,0.5099,0.4689,0.4965,0.0,90,1.0,12.39,0.1201,41.5
158,RU5r2,rule_grid,5.0,2,0.6334,0.6335,0.6334,0.535,0.5713,0.0,90,1.0,13.54,0.1201,41.6
158,RU5r3,rule_grid,5.0,3,0.6449,0.6452,0.6449,0.6758,0.724,0.0,90,1.0,2.23,0.1191,41.6
158,RU7r1,rule_grid,7.0,1,0.3215,0.3215,0.3215,0.2853,0.3067,0.0,90,1.0,2.46,0.0716,43.7
158,RU7r2,rule_grid,7.0,2,0.3698,0.3698,0.3698,0.3295,0.3573,0.0,90,1.0,12.4,0.0708,43.8
158,RU7r3,rule_grid,7.0,3,0.3852,0.3852,0.3852,0.4161,0.4556,-0.0,90,1.0,8.64,0.0703,43.8
158,BE3r1,belt,3.0,1,2.6328,2.6329,2.6328,2.4395,2.5945,-0.0,125,1.0,4.51,0.1522,40.9
158,BE3r2,belt,3.0,2,1.5723,1.5723,1.5723,1.3474,1.4148,0.0,120,1.0,11.45,0.223,37.1
158,BE3r3,belt,3.0,3,2.0357,2.0358,2.0357,1.8039,1.8986,0.0,145,1.0,3.55,0.2224,37.3
158,BE5r1,belt,5.0,1,1.0548,1.0548,1.0548,1.035,1.133,-0.0,115,1.0,5.21,0.075,43.9
158,BE5r2,belt,5.0,2,0.6701,0.6702,0.6701,0.5691,0.6237,0.0,115,1.0,11.71,0.1082,42.2
158,BE5r3,belt,5.0,3,0.8149,0.815,0.8149,0.8259,0.8998,0.0,145,1.0,5.76,0.1078,42.2
158,BE7r1,belt,7.0,1,0.5774,0.5774,0.5774,0.5576,0.622,0.0,115,1.0,4.48,0.0443,45.1
158,BE7r2,belt,7.0,2,0.3956,0.3957,0.3956,0.3435,0.3868,0.0,115,1.0,8.54,0.064,44.1
158,BE7r3,belt,7.0,3,0.4493,0.4493,0.4493,0.4835,0.5373,0.0,140,1.0,5.62,0.0633,44.2
158,CL3r1,cluster,3.0,1,0.8033,0.8033,0.8033,0.8184,0.8951,0.0,90,1.0,8.9,0.1298,41.2
158,CL3r2,cluster,3.0,2,0.8074,0.8092,0.8074,0.8077,0.8859,-0.0,90,1.0,7.56,0.1297,41.2
158,CL3r3,cluster,3.0,3,0.8048,0.8111,0.8048,0.7471,0.812,-0.0,0,1.0,22.64,0.1359,40.9
158,CL5r1,cluster,5.0,1,0.4441,0.4453,0.4441,0.4461,0.4934,0.0,90,1.0,8.95,0.0641,44.2
158,CL5r2,cluster,5.0,2,0.4663,0.4671,0.4663,0.4572,0.5063,0.0,90,1.0,9.56,0.0642,44.2
158,CL5r3,cluster,5.0,3,0.4516,0.4584,0.4516,0.4127,0.4547,0.0,0,1.0,17.34,0.0667,44.0
158,CL7r1,cluster,7.0,1,0.3233,0.3234,0.3233,0.31,0.3447,0.0,90,1.0,7.36,0.0387,45.3
158,CL7r2,cluster,7.0,2,0.3179,0.3182,0.3179,0.3037,0.3385,-0.0,90,1.0,9.6,0.0384,45.3
158,CL7r3,cluster,7.0,3,0.316,0.3159,0.316,0.2871,0.3191,-0.0,0,1.0,11.64,0.0402,45.2
158,MU3r1,multi_cluster,3.0,1,0.9489,0.9489,0.9489,0.9018,0.9569,0.0,90,1.0,21.47,0.18,38.9
158,MU3r2,multi_cluster,3.0,2,1.1512,1.1512,1.1512,0.9964,1.0517,-0.0,115,1.0,15.24,0.207,37.7
158,MU3r3,multi_cluster,3.0,3,0.8905,0.8906,0.8905,0.8543,0.9003,0.0,90,1.0,2.76,0.187,38.5
158,MU5r1,multi_cluster,5.0,1,0.5601,0.5602,0.5601,0.5082,0.5476,-0.0,90,1.0,11.33,0.0883,43.1
158,MU5r2,multi_cluster,5.0,2,0.5719,0.5719,0.5719,0.5097,0.5489,-0.0,90,1.0,14.34,0.1006,42.5
158,MU5r3,multi_cluster,5.0,3,0.5304,0.5304,0.5304,0.4852,0.5198,0.0,90,1.0,2.7,0.0914,42.9
158,MU7r1,multi_cluster,7.0,1,0.3611,0.3612,0.3611,0.3258,0.3548,0.0,90,1.0,13.63,0.0518,44.7
158,MU7r2,multi_cluster,7.0,2,0.3646,0.3647,0.3646,0.3268,0.3556,-0.0,90,1.0,11.87,0.0592,44.3
158,MU7r3,multi_cluster,7.0,3,0.344,0.3441,0.344,0.3106,0.3369,0.0,90,1.0,7.51,0.0536,44.6
159,RU3r1,rule_grid,3.0,1,6.6416,6.6429,6.6416,3.5866,2.5499,0.0,75,1.0,6.14,0.3746,18.2
159,RU3r2,rule_grid,3.0,2,6.7921,6.7921,6.7921,3.9622,2.7308,0.0,50,1.0,1.81,0.3744,18.2
159,RU3r3,rule_grid,3.0,3,8.3738,8.3743,8.3738,4.8242,3.3086,0.0,45,1.0,6.34,0.3726,18.6
159,RU5r1,rule_grid,5.0,1,3.4424,3.4423,3.4424,1.9011,1.3203,-0.0,170,1.0,10.22,0.1949,22.7
159,RU5r2,rule_grid,5.0,2,3.5449,3.5448,3.5449,2.0723,1.4063,0.0,50,1.0,2.19,0.1955,22.8
159,RU5r3,rule_grid,5.0,3,3.9966,4.0013,3.9966,2.3875,1.6293,0.0,45,1.0,7.36,0.1936,22.9
159,RU7r1,rule_grid,7.0,1,2.0403,2.0403,2.0403,1.1239,0.7599,-0.0,80,1.0,3.53,0.121,24.5
159,RU7r2,rule_grid,7.0,2,2.0767,2.0768,2.0767,1.2165,0.8086,0.0,50,1.0,14.41,0.1199,24.5
159,RU7r3,rule_grid,7.0,3,2.5578,2.5578,2.5578,1.5638,1.0323,0.0,95,1.0,6.58,0.1187,24.7
159,BE3r1,belt,3.0,1,14.8864,14.8863,14.8864,10.402,7.1132,0.0,130,1.0,7.55,0.2363,24.0
159,BE3r2,belt,3.0,2,11.5771,11.5771,11.5771,7.1003,4.912,0.0,80,1.0,7.93,0.3404,20.1
159,BE3r3,belt,3.0,3,13.5821,13.5827,13.5821,8.9035,6.0796,0.0,105,1.0,0.61,0.3395,20.5
159,BE5r1,belt,5.0,1,7.4128,7.413,7.4128,5.1266,3.3842,0.0,80,1.0,7.89,0.1229,25.7
159,BE5r2,belt,5.0,2,5.9417,5.9418,5.9417,3.6581,2.4169,-0.0,80,1.0,7.37,0.176,23.8
159,BE5r3,belt,5.0,3,6.7179,6.7179,6.7179,4.4358,2.9163,0.0,105,1.0,0.82,0.1755,24.0
159,BE7r1,belt,7.0,1,4.363,4.3631,4.363,3.0164,1.9593,-0.0,80,1.0,6.31,0.075,26.4
159,BE7r2,belt,7.0,2,3.6951,3.6953,3.6951,2.3101,1.4945,-0.0,80,1.0,5.9,0.108,25.3
159,BE7r3,belt,7.0,3,3.9875,3.9876,3.9875,2.6796,1.7275,-0.0,105,1.0,0.92,0.107,25.4
159,CL3r1,cluster,3.0,1,6.6731,6.6735,6.6731,3.9346,2.4758,-0.0,45,1.0,9.81,0.2136,22.9
159,CL3r2,cluster,3.0,2,6.5826,6.585,6.5826,3.9422,2.4849,0.0,45,1.0,0.82,0.2138,22.9
159,CL3r3,cluster,3.0,3,6.3146,6.3114,6.3146,3.9643,2.5778,0.0,165,1.0,1.02,0.221,22.6
159,CL5r1,cluster,5.0,1,3.4846,3.4831,3.4846,2.1378,1.3701,0.0,45,1.0,20.14,0.1092,25.2
159,CL5r2,cluster,5.0,2,3.4655,3.4659,3.4655,2.1378,1.371,0.0,45,1.0,0.92,0.1093,25.2
159,CL5r3,cluster,5.0,3,3.4005,3.4034,3.4005,2.0844,1.3574,-0.0,165,1.0,0.68,0.113,25.1
159,CL7r1,cluster,7.0,1,2.2187,2.2188,2.2187,1.3277,0.8561,0.0,165,1.0,13.98,0.067,26.1
159,CL7r2,cluster,7.0,2,2.1196,2.1207,2.1196,1.3303,0.8577,0.0,45,1.0,21.33,0.0666,26.0
159,CL7r3,cluster,7.0,3,2.216,2.2162,2.216,1.3892,0.9047,0.0,165,1.0,0.82,0.0695,26.0
159,MU3r1,multi_cluster,3.0,1,8.0529,8.0529,8.0529,4.8493,3.2503,-0.0,75,1.0,5.31,0.2819,21.2
159,MU3r2,multi_cluster,3.0,2,9.955,9.9555,9.955,6.0117,4.1352,-0.0,80,1.0,8.21,0.3189,20.5
159,MU3r3,multi_cluster,3.0,3,6.7047,6.7048,6.7047,3.7052,2.5551,-0.0,165,1.0,15.58,0.2926,20.6
159,MU5r1,multi_cluster,5.0,1,4.3095,4.3095,4.3095,2.6059,1.7441,0.0,80,1.0,4.68,0.1444,24.4
159,MU5r2,multi_cluster,5.0,2,5.2125,5.2124,5.2125,3.0926,2.0603,-0.0,80,1.0,6.28,0.1639,24.0
159,MU5r3,multi_cluster,5.0,3,3.5849,3.5849,3.5849,2.0421,1.3917,-0.0,75,1.0,3.38,0.1498,24.1
159,MU7r1,multi_cluster,7.0,1,2.6545,2.6546,2.6545,1.6152,1.066,0.0,80,1.0,4.73,0.0873,25.6
159,MU7r2,multi_cluster,7.0,2,3.2243,3.2243,3.2243,1.9384,1.2626,0.0,80,1.0,4.68,0.0999,25.4
159,MU7r3,multi_cluster,7.0,3,2.2547,2.2547,2.2547,1.2933,0.8643,0.0,75,1.0,3.32,0.0906,25.4
160,RU3r1,rule_grid,3.0,1,0.7741,0.7744,0.7741,0.5377,0.6012,-0.0,95,1.0,11.62,0.227,40.1
160,RU3r2,rule_grid,3.0,2,0.678,0.6781,0.678,0.5981,0.6662,0.0,90,1.0,14.09,0.2264,40.1
160,RU3r3,rule_grid,3.0,3,1.0353,1.0356,1.0353,0.7808,0.8873,0.0,90,1.0,8.81,0.2256,40.3
160,RU5r1,rule_grid,5.0,1,0.3661,0.3662,0.3661,0.2624,0.3043,-0.0,5,1.0,11.24,0.1084,46.1
160,RU5r2,rule_grid,5.0,2,0.3833,0.3833,0.3833,0.3378,0.386,0.0,90,1.0,15.53,0.1083,46.1
160,RU5r3,rule_grid,5.0,3,0.4783,0.4785,0.4783,0.3911,0.4508,0.0,90,1.0,8.87,0.1074,46.2
160,RU7r1,rule_grid,7.0,1,0.199,0.199,0.199,0.163,0.1887,-0.0,90,0.8,5.08,0.064,48.3
160,RU7r2,rule_grid,7.0,2,0.2431,0.2431,0.2431,0.2113,0.2491,0.0,90,1.0,13.88,0.0633,48.4
160,RU7r3,rule_grid,7.0,3,0.2716,0.2716,0.2716,0.2463,0.2949,0.0,90,1.0,8.04,0.0629,48.4
160,BE3r1,belt,3.0,1,2.751,2.7509,2.751,2.3131,2.6454,-0.0,95,1.0,2.25,0.1388,45.6
160,BE3r2,belt,3.0,2,1.8434,1.8434,1.8434,1.4718,1.6575,0.0,95,1.0,2.43,0.204,41.8
160,BE3r3,belt,3.0,3,1.7242,1.7242,1.7242,1.3955,1.5541,-0.0,90,1.0,4.26,0.2034,41.8
160,BE5r1,belt,5.0,1,1.1274,1.1275,1.1274,0.9959,1.1961,0.0,95,1.0,2.88,0.0676,48.6
160,BE5r2,belt,5.0,2,0.764,0.7641,0.764,0.6356,0.7578,0.0,95,1.0,4.79,0.0977,46.8
160,BE5r3,belt,5.0,3,0.7535,0.7535,0.7535,0.6465,0.7582,0.0,90,1.0,5.86,0.0972,46.9
160,BE7r1,belt,7.0,1,0.6024,0.6024,0.6024,0.555,0.6845,0.0,95,1.0,2.91,0.0396,49.8
160,BE7r2,belt,7.0,2,0.4161,0.4161,0.4161,0.3746,0.4618,0.0,95,1.0,4.75,0.0572,48.8
160,BE7r3,belt,7.0,3,0.4531,0.4531,0.4531,0.3944,0.4787,0.0,90,1.0,5.23,0.0566,48.8
160,CL3r1,cluster,3.0,1,0.526,0.5261,0.526,0.4356,0.5105,0.0,90,1.0,13.02,0.1168,45.7
160,CL3r2,cluster,3.0,2,0.5376,0.5389,0.5376,0.4337,0.5212,0.0,80,1.0,9.46,0.1167,45.8
160,CL3r3,cluster,3.0,3,0.6462,0.648,0.6462,0.5363,0.6446,0.0,175,1.0,27.95,0.1227,45.5
160,CL5r1,cluster,5.0,1,0.2746,0.2747,0.2746,0.2526,0.3164,0.0,0,1.0,11.41,0.0573,48.7
160,CL5r2,cluster,5.0,2,0.2836,0.2837,0.2836,0.2344,0.2858,-0.0,75,1.0,15.41,0.0573,48.7
160,CL5r3,cluster,5.0,3,0.3125,0.3163,0.3125,0.2749,0.3367,0.0,175,1.0,28.12,0.0597,48.6
160,CL7r1,cluster,7.0,1,0.2003,0.2003,0.2003,0.1745,0.2108,-0.0,90,1.0,11.33,0.0344,49.9
160,CL7r2,cluster,7.0,2,0.1922,0.1924,0.1922,0.1709,0.2083,0.0,90,1.0,10.74,0.0342,49.9
160,CL7r3,cluster,7.0,3,0.2192,0.219,0.2192,0.1977,0.2439,-0.0,0,1.0,27.89,0.0358,49.8
160,MU3r1,multi_cluster,3.0,1,0.9952,0.9953,0.9952,0.8001,0.9324,-0.0,95,1.0,7.61,0.1637,43.5
160,MU3r2,multi_cluster,3.0,2,1.4876,1.4876,1.4876,1.1849,1.3493,-0.0,95,1.0,4.8,0.189,42.4
160,MU3r3,multi_cluster,3.0,3,0.7201,0.7202,0.7201,0.5526,0.6358,-0.0,0,1.0,11.8,0.1701,43.1
160,MU5r1,multi_cluster,5.0,1,0.4849,0.485,0.4849,0.4026,0.4854,0.0,95,1.0,7.85,0.0795,47.7
160,MU5r2,multi_cluster,5.0,2,0.6435,0.6435,0.6435,0.5303,0.6329,-0.0,95,1.0,4.75,0.0907,47.2
160,MU5r3,multi_cluster,5.0,3,0.3614,0.3614,0.3614,0.2923,0.3404,0.0,90,1.0,4.96,0.0823,47.5
160,MU7r1,multi_cluster,7.0,1,0.2905,0.2906,0.2905,0.2449,0.2952,0.0,90,1.0,7.73,0.0463,49.3
160,MU7r2,multi_cluster,7.0,2,0.3525,0.3525,0.3525,0.3103,0.3814,0.0,90,1.0,4.75,0.053,49.0
160,MU7r3,multi_cluster,7.0,3,0.2251,0.2251,0.2251,0.1881,0.2216,-0.0,90,1.0,10.18,0.048,49.2
161,RU3r1,rule_grid,3.0,1,0.5441,0.5445,0.5441,0.4953,0.5862,0.0,0,1.0,18.87,0.2187,42.8
161,RU3r2,rule_grid,3.0,2,0.6785,0.6786,0.6785,0.4892,0.6096,-0.0,0,1.0,20.96,0.218,42.9
161,RU3r3,rule_grid,3.0,3,0.8559,0.8563,0.8559,0.6467,0.8059,-0.0,115,1.0,14.65,0.2171,43.0
161,RU5r1,rule_grid,5.0,1,0.2992,0.2994,0.2992,0.2606,0.3282,0.0,90,1.0,9.03,0.1052,48.9
161,RU5r2,rule_grid,5.0,2,0.3396,0.3398,0.3396,0.2848,0.3792,-0.0,175,1.0,15.6,0.1052,48.9
161,RU5r3,rule_grid,5.0,3,0.4166,0.4168,0.4166,0.3008,0.358,0.0,115,1.0,20.7,0.1042,49.0
161,RU7r1,rule_grid,7.0,1,0.1937,0.1937,0.1937,0.1593,0.2045,-0.0,90,0.6,4.7,0.0622,51.1
161,RU7r2,rule_grid,7.0,2,0.2268,0.2268,0.2268,0.1608,0.2205,-0.0,175,1.0,17.56,0.0617,51.2
161,RU7r3,rule_grid,7.0,3,0.2537,0.2537,0.2537,0.1894,0.233,-0.0,115,1.0,17.93,0.0612,51.2
161,BE3r1,belt,3.0,1,2.6163,2.6163,2.6163,2.4478,3.0268,0.0,165,1.0,22.51,0.1309,48.5
161,BE3r2,belt,3.0,2,1.6831,1.683,1.6831,1.5436,1.8648,0.0,160,1.0,22.28,0.1951,44.5
161,BE3r3,belt,3.0,3,1.7293,1.7294,1.7293,1.3048,1.5725,0.0,175,1.0,22.84,0.1946,44.6
161,BE5r1,belt,5.0,1,0.9882,0.9883,0.9882,1.0519,1.3886,0.0,165,1.0,22.33,0.0645,51.4
161,BE5r2,belt,5.0,2,0.6234,0.6235,0.6234,0.6881,0.9074,0.0,175,1.0,26.58,0.0943,49.6
161,BE5r3,belt,5.0,3,0.7434,0.7435,0.7434,0.5938,0.7837,-0.0,175,1.0,23.86,0.0937,49.7
161,BE7r1,belt,7.0,1,0.5183,0.5183,0.5183,0.5785,0.7942,0.0,165,1.0,22.44,0.038,52.6
161,BE7r2,belt,7.0,2,0.3682,0.3682,0.3682,0.4103,0.5691,0.0,150,1.0,26.46,0.0555,51.6
161,BE7r3,belt,7.0,3,0.4469,0.4469,0.4469,0.3522,0.4869,-0.0,175,1.0,19.46,0.0548,51.7
161,CL3r1,cluster,3.0,1,0.3911,0.3914,0.3911,0.3923,0.5575,0.0,0,1.0,12.14,0.1114,48.6
161,CL3r2,cluster,3.0,2,0.3284,0.329,0.3284,0.393,0.5506,0.0,5,1.0,10.37,0.111,48.6
161,CL3r3,cluster,3.0,3,0.4684,0.4709,0.4684,0.4117,0.5369,0.0,90,1.0,12.05,0.117,48.3
161,CL5r1,cluster,5.0,1,0.2475,0.2491,0.2475,0.2601,0.3686,0.0,90,1.0,7.1,0.0556,51.5
161,CL5r2,cluster,5.0,2,0.2172,0.2185,0.2172,0.2528,0.358,0.0,90,1.0,11.89,0.0554,51.5
161,CL5r3,cluster,5.0,3,0.2496,0.2515,0.2496,0.2264,0.3073,0.0,90,1.0,15.54,0.0578,51.4
161,CL7r1,cluster,7.0,1,0.1796,0.1797,0.1796,0.1687,0.2339,0.0,90,1.0,9.83,0.0338,52.7
161,CL7r2,cluster,7.0,2,0.1636,0.1639,0.1636,0.1552,0.2201,0.0,0,1.0,12.75,0.0333,52.7
161,CL7r3,cluster,7.0,3,0.1862,0.1867,0.1862,0.163,0.2208,0.0,90,1.0,12.08,0.035,52.6
161,MU3r1,multi_cluster,3.0,1,0.7987,0.799,0.7987,0.7797,0.9942,0.0,0,1.0,33.5,0.155,46.4
161,MU3r2,multi_cluster,3.0,2,1.2922,1.2922,1.2922,1.2249,1.4957,0.0,160,1.0,22.13,0.1803,45.2
161,MU3r3,multi_cluster,3.0,3,0.5489,0.5489,0.5489,0.4756,0.5898,-0.0,90,1.0,3.35,0.1617,45.9
161,MU5r1,multi_cluster,5.0,1,0.4276,0.4276,0.4276,0.4257,0.569,0.0,0,1.0,26.62,0.0765,50.5
161,MU5r2,multi_cluster,5.0,2,0.5319,0.5322,0.5319,0.5695,0.7511,-0.0,0,1.0,26.58,0.0874,49.9
161,MU5r3,multi_cluster,5.0,3,0.3199,0.3199,0.3199,0.2753,0.3554,-0.0,90,1.0,8.74,0.0794,50.3
161,MU7r1,multi_cluster,7.0,1,0.271,0.2712,0.271,0.2553,0.3522,0.0,0,1.0,26.35,0.0448,52.1
161,MU7r2,multi_cluster,7.0,2,0.3158,0.3159,0.3158,0.336,0.4639,0.0,0,1.0,26.19,0.0512,51.8
161,MU7r3,multi_cluster,7.0,3,0.2117,0.2118,0.2117,0.176,0.2248,0.0,90,0.8,8.12,0.0465,52.0
162,RU3r1,rule_grid,3.0,1,1.1101,1.11,1.1101,0.6504,0.6328,0.0,155,1.0,3.8,0.277,33.2
162,RU3r2,rule_grid,3.0,2,0.8262,0.8263,0.8262,0.5831,0.5635,-0.0,55,1.0,15.5,0.2766,33.1
162,RU3r3,rule_grid,3.0,3,0.7807,0.7815,0.7807,0.7193,0.6981,0.0,85,0.8,11.92,0.2753,33.2
162,RU5r1,rule_grid,5.0,1,0.5232,0.5233,0.5232,0.3181,0.3158,0.0,65,1.0,12.21,0.1384,39.3
162,RU5r2,rule_grid,5.0,2,0.4311,0.4312,0.4311,0.3402,0.3377,-0.0,55,1.0,14.75,0.1386,39.3
162,RU5r3,rule_grid,5.0,3,0.3816,0.3819,0.3816,0.4183,0.4126,0.0,90,0.8,13.75,0.1372,39.3
162,RU7r1,rule_grid,7.0,1,0.2892,0.2893,0.2892,0.2008,0.1999,-0.0,65,1.0,9.38,0.0838,41.7
162,RU7r2,rule_grid,7.0,2,0.2472,0.2472,0.2472,0.2047,0.2049,0.0,150,1.0,17.73,0.0832,41.7
162,RU7r3,rule_grid,7.0,3,0.2847,0.2848,0.2847,0.3046,0.3059,-0.0,90,0.8,10.77,0.0823,41.8
162,BE3r1,belt,3.0,1,2.5004,2.5004,2.5004,2.1902,2.1675,-0.0,135,1.0,5.93,0.1679,38.7
162,BE3r2,belt,3.0,2,1.6398,1.6398,1.6398,1.4606,1.4246,-0.0,135,1.0,6.77,0.2484,34.7
162,BE3r3,belt,3.0,3,1.4628,1.4629,1.4628,1.1597,1.1257,-0.0,150,1.0,6.93,0.2478,34.7
162,BE5r1,belt,5.0,1,1.1149,1.1149,1.1149,1.027,1.0368,0.0,135,1.0,6.13,0.0853,42.0
162,BE5r2,belt,5.0,2,0.7386,0.7387,0.7386,0.7072,0.7077,0.0,135,1.0,6.26,0.1241,40.1
162,BE5r3,belt,5.0,3,0.6626,0.6626,0.6626,0.5831,0.5809,-0.0,150,1.0,6.33,0.1236,40.1
162,BE7r1,belt,7.0,1,0.6423,0.6423,0.6423,0.6036,0.617,-0.0,135,1.0,6.08,0.0512,43.4
162,BE7r2,belt,7.0,2,0.4616,0.4617,0.4616,0.4452,0.4531,-0.0,135,1.0,6.83,0.0745,42.2
162,BE7r3,belt,7.0,3,0.4027,0.4028,0.4027,0.3648,0.3703,0.0,150,1.0,6.13,0.0738,42.2
162,CL3r1,cluster,3.0,1,0.6652,0.6654,0.6652,0.5367,0.5472,0.0,60,1.0,9.73,0.1478,39.0
162,CL3r2,cluster,3.0,2,0.6558,0.6586,0.6558,0.5309,0.5409,-0.0,60,1.0,3.54,0.1474,39.0
162,CL3r3,cluster,3.0,3,0.8133,0.8172,0.8133,0.6462,0.6493,0.0,155,1.0,14.3,0.1543,38.7
162,CL5r1,cluster,5.0,1,0.3723,0.3745,0.3723,0.316,0.3237,-0.0,60,1.0,3.77,0.0752,42.2
162,CL5r2,cluster,5.0,2,0.3781,0.3801,0.3781,0.322,0.3302,0.0,60,1.0,3.39,0.075,42.2
162,CL5r3,cluster,5.0,3,0.4109,0.412,0.4109,0.3423,0.3484,-0.0,155,1.0,8.82,0.0779,42.1
162,CL7r1,cluster,7.0,1,0.2544,0.2544,0.2544,0.215,0.2208,0.0,60,1.0,3.39,0.046,43.4
162,CL7r2,cluster,7.0,2,0.2501,0.2506,0.2501,0.2138,0.2197,0.0,60,1.0,3.75,0.0455,43.5
162,CL7r3,cluster,7.0,3,0.2724,0.2726,0.2724,0.243,0.2483,-0.0,60,1.0,18.25,0.0477,43.4
162,MU3r1,multi_cluster,3.0,1,1.1639,1.164,1.1639,0.8397,0.8283,0.0,155,1.0,7.11,0.2004,36.7
162,MU3r2,multi_cluster,3.0,2,1.421,1.421,1.421,1.1973,1.1716,-0.0,150,1.0,7.11,0.2307,35.4
162,MU3r3,multi_cluster,3.0,3,1.0205,1.0205,1.0205,0.6802,0.6694,-0.0,65,1.0,3.9,0.209,36.3
162,MU5r1,multi_cluster,5.0,1,0.5976,0.5978,0.5976,0.4582,0.462,-0.0,155,1.0,9.14,0.101,41.1
162,MU5r2,multi_cluster,5.0,2,0.6525,0.6525,0.6525,0.5941,0.5956,0.0,155,1.0,7.13,0.1152,40.4
162,MU5r3,multi_cluster,5.0,3,0.5298,0.5299,0.5298,0.3647,0.3655,0.0,65,1.0,12.72,0.105,40.9
162,MU7r1,multi_cluster,7.0,1,0.3494,0.3494,0.3494,0.293,0.2983,-0.0,155,1.0,8.88,0.0601,42.8
162,MU7r2,multi_cluster,7.0,2,0.3871,0.3871,0.3871,0.3726,0.3789,-0.0,135,1.0,7.0,0.0688,42.5
162,MU7r3,multi_cluster,7.0,3,0.3089,0.309,0.3089,0.2245,0.2255,0.0,65,1.0,7.27,0.0625,42.7
163,RU3r1,rule_grid,3.0,1,0.8898,0.8897,0.8898,0.7171,0.7176,-0.0,155,0.8,2.89,0.2508,37.3
163,RU3r2,rule_grid,3.0,2,0.4749,0.4749,0.4749,0.4632,0.4766,0.0,80,0.8,12.63,0.2502,37.1
163,RU3r3,rule_grid,3.0,3,1.1784,1.1789,1.1784,1.009,1.0231,0.0,75,1.0,3.07,0.2492,37.4
163,RU5r1,rule_grid,5.0,1,0.3969,0.397,0.3969,0.3811,0.3967,-0.0,65,1.0,21.9,0.1205,43.5
163,RU5r2,rule_grid,5.0,2,0.1917,0.1918,0.1917,0.2425,0.255,-0.0,70,1.0,11.89,0.1205,43.4
163,RU5r3,rule_grid,5.0,3,0.4926,0.4928,0.4926,0.4692,0.4945,-0.0,70,1.0,3.66,0.1194,43.6
163,RU7r1,rule_grid,7.0,1,0.2188,0.2188,0.2188,0.227,0.242,0.0,65,1.0,3.07,0.0714,45.9
163,RU7r2,rule_grid,7.0,2,0.1259,0.126,0.1259,0.1437,0.1545,-0.0,65,1.0,10.79,0.0706,45.9
163,RU7r3,rule_grid,7.0,3,0.2808,0.2807,0.2808,0.2791,0.3041,0.0,70,1.0,3.97,0.0701,46.0
163,BE3r1,belt,3.0,1,1.9278,1.9278,1.9278,1.6806,1.7386,-0.0,90,1.0,7.5,0.1534,42.5
163,BE3r2,belt,3.0,2,1.2501,1.2501,1.2501,1.0319,1.0385,0.0,150,1.0,11.01,0.2254,38.7
163,BE3r3,belt,3.0,3,1.2623,1.2624,1.2623,1.0541,1.0705,-0.0,110,1.0,6.78,0.2248,38.7
163,BE5r1,belt,5.0,1,0.8272,0.8272,0.8272,0.7437,0.7929,0.0,90,1.0,8.18,0.0752,46.0
163,BE5r2,belt,5.0,2,0.5198,0.5199,0.5198,0.4783,0.5051,-0.0,85,1.0,11.41,0.1086,44.2
163,BE5r3,belt,5.0,3,0.5613,0.5613,0.5613,0.4841,0.5201,0.0,110,1.0,5.39,0.1081,44.2
163,BE7r1,belt,7.0,1,0.4659,0.466,0.4659,0.4273,0.4672,0.0,90,1.0,8.61,0.0442,47.3
163,BE7r2,belt,7.0,2,0.3148,0.3149,0.3148,0.2919,0.3165,0.0,90,1.0,11.37,0.0638,46.3
163,BE7r3,belt,7.0,3,0.3187,0.3187,0.3187,0.2881,0.3193,0.0,110,1.0,6.59,0.0631,46.3
163,CL3r1,cluster,3.0,1,0.5224,0.5224,0.5224,0.5732,0.6221,0.0,70,1.0,11.44,0.13,43.1
163,CL3r2,cluster,3.0,2,0.5449,0.5472,0.5449,0.5821,0.6331,-0.0,70,1.0,2.73,0.13,43.1
163,CL3r3,cluster,3.0,3,0.6232,0.6245,0.6232,0.6323,0.6793,0.0,160,1.0,2.62,0.1364,42.8
163,CL5r1,cluster,5.0,1,0.2717,0.273,0.2717,0.315,0.348,-0.0,65,1.0,8.9,0.0639,46.3
163,CL5r2,cluster,5.0,2,0.2898,0.2906,0.2898,0.3318,0.3668,0.0,70,1.0,2.99,0.0639,46.3
163,CL5r3,cluster,5.0,3,0.2977,0.2979,0.2977,0.3387,0.3719,0.0,160,0.8,8.63,0.0665,46.1
163,CL7r1,cluster,7.0,1,0.1841,0.1841,0.1841,0.2115,0.2347,0.0,70,1.0,13.13,0.0384,47.5
163,CL7r2,cluster,7.0,2,0.1891,0.1894,0.1891,0.2143,0.2394,0.0,70,1.0,8.53,0.0382,47.5
163,CL7r3,cluster,7.0,3,0.1934,0.1938,0.1934,0.2233,0.2487,0.0,160,1.0,16.87,0.04,47.4
163,MU3r1,multi_cluster,3.0,1,0.8426,0.8427,0.8426,0.7765,0.8019,-0.0,155,1.0,12.32,0.1815,40.7
163,MU3r2,multi_cluster,3.0,2,1.0471,1.0471,1.0471,0.8798,0.8976,-0.0,150,1.0,11.19,0.2091,39.4
163,MU3r3,multi_cluster,3.0,3,0.7819,0.7819,0.7819,0.7042,0.7221,0.0,70,1.0,12.69,0.1885,40.3
163,MU5r1,multi_cluster,5.0,1,0.4102,0.4103,0.4102,0.4274,0.4555,0.0,155,0.8,12.22,0.0885,45.1
163,MU5r2,multi_cluster,5.0,2,0.447,0.447,0.447,0.4517,0.4783,0.0,155,1.0,12.07,0.1009,44.5
163,MU5r3,multi_cluster,5.0,3,0.3828,0.3828,0.3828,0.3912,0.4137,-0.0,65,1.0,3.07,0.0916,44.9
163,MU7r1,multi_cluster,7.0,1,0.2375,0.2375,0.2375,0.2655,0.2885,-0.0,155,0.8,12.99,0.0516,46.9
163,MU7r2,multi_cluster,7.0,2,0.2546,0.2547,0.2546,0.2763,0.2993,0.0,90,0.8,12.8,0.0591,46.5
163,MU7r3,multi_cluster,7.0,3,0.221,0.2211,0.221,0.2433,0.2626,0.0,65,1.0,7.27,0.0535,46.8
164,RU3r1,rule_grid,3.0,1,0.3575,0.3578,0.3575,0.2917,0.3646,0.0,90,0.8,13.1,0.2031,45.6
164,RU3r2,rule_grid,3.0,2,0.7447,0.7447,0.7447,0.6356,0.7952,0.0,25,1.0,16.86,0.2024,45.9
164,RU3r3,rule_grid,3.0,3,0.7757,0.7759,0.7757,0.7716,1.023,-0.0,140,0.8,20.96,0.2015,45.9
164,RU5r1,rule_grid,5.0,1,0.2108,0.2109,0.2108,0.1892,0.2499,0.0,90,0.8,6.47,0.0969,51.6
164,RU5r2,rule_grid,5.0,2,0.3832,0.3832,0.3832,0.3394,0.4499,0.0,25,0.8,18.08,0.0969,51.7
164,RU5r3,rule_grid,5.0,3,0.357,0.3573,0.357,0.3606,0.5089,0.0,15,0.8,19.19,0.096,51.8
164,RU7r1,rule_grid,7.0,1,0.1347,0.1347,0.1347,0.1202,0.1672,-0.0,90,0.8,9.24,0.0572,53.9
164,RU7r2,rule_grid,7.0,2,0.2191,0.2192,0.2191,0.2045,0.2859,-0.0,25,0.8,15.96,0.0567,53.9
164,RU7r3,rule_grid,7.0,3,0.2195,0.2195,0.2195,0.2139,0.3186,-0.0,15,0.8,21.5,0.0562,54.0
164,BE3r1,belt,3.0,1,1.6943,1.6943,1.6943,1.755,2.3219,0.0,10,1.0,11.89,0.1214,51.0
164,BE3r2,belt,3.0,2,1.1427,1.1427,1.1427,1.1151,1.4527,0.0,0,1.0,27.83,0.181,47.3
164,BE3r3,belt,3.0,3,1.3661,1.3661,1.3661,1.3153,1.6852,0.0,25,1.0,11.56,0.1805,47.4
164,BE5r1,belt,5.0,1,0.6525,0.6527,0.6525,0.7388,1.065,-0.0,0,1.0,22.68,0.0594,54.0
164,BE5r2,belt,5.0,2,0.4766,0.4767,0.4766,0.517,0.7412,0.0,0,1.0,27.86,0.0869,52.4
164,BE5r3,belt,5.0,3,0.6102,0.6102,0.6102,0.6185,0.8644,-0.0,25,1.0,20.63,0.0863,52.5
164,BE7r1,belt,7.0,1,0.3611,0.3611,0.3611,0.4143,0.6251,-0.0,0,1.0,22.21,0.0349,55.3
164,BE7r2,belt,7.0,2,0.2844,0.2844,0.2844,0.3178,0.4797,0.0,0,0.8,22.16,0.0509,54.3
164,BE7r3,belt,7.0,3,0.3469,0.3469,0.3469,0.3685,0.5418,0.0,25,1.0,17.06,0.0503,54.4
164,CL3r1,cluster,3.0,1,0.239,0.239,0.239,0.2291,0.3485,0.0,90,1.0,15.28,0.1024,51.3
164,CL3r2,cluster,3.0,2,0.1885,0.1905,0.1885,0.2008,0.3123,0.0,90,1.0,15.28,0.102,51.3
164,CL3r3,cluster,3.0,3,0.254,0.2558,0.254,0.2369,0.3453,0.0,90,1.0,6.32,0.1077,51.0
164,CL5r1,cluster,5.0,1,0.1685,0.1697,0.1685,0.1812,0.2754,0.0,90,0.8,11.18,0.051,54.2
164,CL5r2,cluster,5.0,2,0.1428,0.1438,0.1428,0.144,0.2207,-0.0,90,0.8,13.92,0.0508,54.2
164,CL5r3,cluster,5.0,3,0.1508,0.1527,0.1508,0.1295,0.1934,0.0,90,0.8,11.6,0.053,54.1
164,CL7r1,cluster,7.0,1,0.1151,0.1151,0.1151,0.1142,0.1747,0.0,90,0.8,17.84,0.031,55.4
164,CL7r2,cluster,7.0,2,0.1016,0.1019,0.1016,0.0977,0.149,0.0,90,0.8,15.03,0.0306,55.4
164,CL7r3,cluster,7.0,3,0.1134,0.1135,0.1134,0.0918,0.1359,-0.0,90,0.8,8.54,0.0321,55.3
164,MU3r1,multi_cluster,3.0,1,0.5277,0.5279,0.5277,0.4786,0.6581,0.0,0,1.0,27.83,0.1433,49.1
164,MU3r2,multi_cluster,3.0,2,0.892,0.8921,0.892,0.856,1.1253,-0.0,0,1.0,27.83,0.167,48.0
164,MU3r3,multi_cluster,3.0,3,0.3287,0.3288,0.3287,0.2691,0.3608,0.0,90,1.0,4.71,0.1494,48.7
164,MU5r1,multi_cluster,5.0,1,0.3026,0.3026,0.3026,0.2899,0.4163,-0.0,0,0.8,27.83,0.0704,53.2
164,MU5r2,multi_cluster,5.0,2,0.3998,0.3999,0.3998,0.4186,0.5975,0.0,0,1.0,27.83,0.0806,52.7
164,MU5r3,multi_cluster,5.0,3,0.2115,0.2115,0.2115,0.1775,0.2404,0.0,90,0.8,10.21,0.0731,53.0
164,MU7r1,multi_cluster,7.0,1,0.1924,0.1925,0.1924,0.1861,0.2767,0.0,0,0.8,26.7,0.0411,54.8
164,MU7r2,multi_cluster,7.0,2,0.2403,0.2403,0.2403,0.2577,0.386,0.0,0,0.8,26.7,0.0471,54.5
164,MU7r3,multi_cluster,7.0,3,0.1395,0.1396,0.1395,0.1202,0.1693,0.0,90,0.8,8.95,0.0427,54.7
165,RU3r1,rule_grid,3.0,1,1.2227,1.2227,1.2227,0.6475,0.513,0.0,0,1.0,21.21,0.3471,17.8
165,RU3r2,rule_grid,3.0,2,1.1284,1.1284,1.1284,0.5529,0.405,0.0,80,1.0,14.65,0.3469,17.8
165,RU3r3,rule_grid,3.0,3,1.2127,1.2131,1.2127,0.6777,0.5352,-0.0,85,1.0,13.2,0.3452,17.8
165,RU5r1,rule_grid,5.0,1,0.5771,0.5771,0.5771,0.3836,0.2996,0.0,90,1.0,3.87,0.1788,22.2
165,RU5r2,rule_grid,5.0,2,0.5223,0.5223,0.5223,0.3166,0.2272,0.0,80,1.0,12.14,0.1792,22.2
165,RU5r3,rule_grid,5.0,3,0.5723,0.5726,0.5723,0.3906,0.301,0.0,85,1.0,13.27,0.1776,22.3
165,RU7r1,rule_grid,7.0,1,0.3276,0.3276,0.3276,0.2557,0.1939,0.0,90,1.0,12.27,0.1106,24.0
165,RU7r2,rule_grid,7.0,2,0.273,0.273,0.273,0.1765,0.1257,0.0,85,1.0,14.37,0.1095,24.0
165,RU7r3,rule_grid,7.0,3,0.3559,0.356,0.3559,0.2681,0.1993,-0.0,90,1.0,10.28,0.1085,24.1
165,BE3r1,belt,3.0,1,3.821,3.8211,3.821,2.0904,1.6352,0.0,165,1.0,2.4,0.2187,21.8
165,BE3r2,belt,3.0,2,2.5022,2.5022,2.5022,1.2865,0.9972,-0.0,165,1.0,16.97,0.3151,18.9
165,BE3r3,belt,3.0,3,1.9078,1.9079,1.9078,1.2182,0.9596,0.0,155,1.0,14.68,0.3143,18.8
165,BE5r1,belt,5.0,1,1.7035,1.7035,1.7035,0.9843,0.7344,-0.0,165,1.0,11.5,0.1128,24.3
165,BE5r2,belt,5.0,2,1.1138,1.1138,1.1138,0.6323,0.4635,-0.0,165,1.0,11.61,0.1615,22.8
165,BE5r3,belt,5.0,3,0.8908,0.8908,0.8908,0.6165,0.4586,0.0,155,1.0,5.08,0.1609,22.8
165,BE7r1,belt,7.0,1,0.9881,0.9881,0.9881,0.5926,0.4318,0.0,165,1.0,11.56,0.0686,25.3
165,BE7r2,belt,7.0,2,0.6787,0.6787,0.6787,0.4048,0.2972,-0.0,165,1.0,11.84,0.0987,24.4
165,BE7r3,belt,7.0,3,0.5731,0.5731,0.5731,0.3976,0.2879,0.0,155,1.0,7.07,0.0977,24.4
165,CL3r1,cluster,3.0,1,0.9961,0.9961,0.9961,0.6145,0.4394,-0.0,75,1.0,7.02,0.1957,21.9
165,CL3r2,cluster,3.0,2,0.9729,0.9724,0.9729,0.6061,0.4252,0.0,80,1.0,6.98,0.1958,21.9
165,CL3r3,cluster,3.0,3,1.1173,1.1167,1.1173,0.6664,0.4801,-0.0,170,1.0,18.59,0.2027,21.7
165,CL5r1,cluster,5.0,1,0.5482,0.5487,0.5482,0.3785,0.274,0.0,75,1.0,7.11,0.0998,24.4
165,CL5r2,cluster,5.0,2,0.5187,0.5197,0.5187,0.369,0.266,-0.0,85,1.0,9.63,0.0999,24.4
165,CL5r3,cluster,5.0,3,0.5282,0.5277,0.5282,0.3707,0.2693,0.0,165,1.0,19.13,0.1033,24.3
165,CL7r1,cluster,7.0,1,0.3307,0.3307,0.3307,0.2709,0.1964,0.0,75,1.0,9.6,0.0612,25.4
165,CL7r2,cluster,7.0,2,0.3155,0.3157,0.3155,0.259,0.1872,0.0,85,1.0,9.62,0.0608,25.4
165,CL7r3,cluster,7.0,3,0.3477,0.3479,0.3477,0.2736,0.1983,-0.0,75,1.0,14.04,0.0634,25.3
165,MU3r1,multi_cluster,3.0,1,1.6178,1.6178,1.6178,0.8558,0.636,0.0,170,1.0,11.7,0.26,20.2
165,MU3r2,multi_cluster,3.0,2,2.1142,2.1142,2.1142,1.0609,0.8105,0.0,165,1.0,11.56,0.2949,19.4
165,MU3r3,multi_cluster,3.0,3,1.2295,1.2295,1.2295,0.669,0.5134,-0.0,80,1.0,8.17,0.2699,19.9
165,MU5r1,multi_cluster,5.0,1,0.7792,0.7792,0.7792,0.4943,0.3715,-0.0,170,1.0,11.61,0.1325,23.5
165,MU5r2,multi_cluster,5.0,2,0.9469,0.947,0.9469,0.5531,0.4165,0.0,165,1.0,11.61,0.1504,23.1
165,MU5r3,multi_cluster,5.0,3,0.6034,0.6033,0.6034,0.4098,0.3131,0.0,85,1.0,12.04,0.1374,23.4
165,MU7r1,multi_cluster,7.0,1,0.4599,0.4599,0.4599,0.3355,0.2483,0.0,175,1.0,11.8,0.0799,24.9
165,MU7r2,multi_cluster,7.0,2,0.5711,0.5711,0.5711,0.3671,0.2709,0.0,165,1.0,11.96,0.0913,24.6
165,MU7r3,multi_cluster,7.0,3,0.3577,0.3577,0.3577,0.2843,0.213,-0.0,175,1.0,13.24,0.0828,24.8
166,RU3r1,rule_grid,3.0,1,2.6549,2.6549,2.6549,1.8079,1.6362,-0.0,175,1.0,13.28,0.2873,26.5
166,RU3r2,rule_grid,3.0,2,2.81,2.81,2.81,1.8495,1.672,0.0,5,1.0,25.66,0.2869,26.6
166,RU3r3,rule_grid,3.0,3,3.3655,3.3658,3.3655,2.3334,2.1069,-0.0,0,1.0,17.79,0.2856,26.8
166,RU5r1,rule_grid,5.0,1,1.3653,1.3656,1.3653,0.9319,0.8521,0.0,85,1.0,18.24,0.1422,31.5
166,RU5r2,rule_grid,5.0,2,1.381,1.381,1.381,0.9821,0.8983,0.0,5,1.0,22.48,0.1424,31.5
166,RU5r3,rule_grid,5.0,3,1.569,1.5694,1.569,1.1168,1.02,0.0,0,1.0,18.03,0.1411,31.6
166,RU7r1,rule_grid,7.0,1,0.7831,0.7832,0.7831,0.5551,0.508,-0.0,175,1.0,33.54,0.0858,33.4
166,RU7r2,rule_grid,7.0,2,0.767,0.7671,0.767,0.564,0.5182,0.0,5,1.0,16.42,0.0849,33.4
166,RU7r3,rule_grid,7.0,3,0.9282,0.9281,0.9282,0.6794,0.6249,0.0,0,1.0,5.24,0.0843,33.5
166,BE3r1,belt,3.0,1,6.1464,6.1464,6.1464,4.4429,4.0748,-0.0,80,1.0,0.91,0.1778,31.7
166,BE3r2,belt,3.0,2,4.6274,4.6274,4.6274,3.1193,2.8278,0.0,80,1.0,5.45,0.2593,28.1
166,BE3r3,belt,3.0,3,4.1573,4.1573,4.1573,3.0792,2.7845,0.0,60,1.0,1.24,0.2586,28.0
166,BE5r1,belt,5.0,1,2.7529,2.753,2.7529,2.0651,1.9048,0.0,80,1.0,5.52,0.0891,33.9
166,BE5r2,belt,5.0,2,2.0518,2.0519,2.0518,1.4545,1.3317,0.0,80,1.0,5.56,0.1283,32.3
166,BE5r3,belt,5.0,3,1.8437,1.8437,1.8437,1.4661,1.3435,0.0,60,1.0,1.97,0.1278,32.2
166,BE7r1,belt,7.0,1,1.5441,1.5441,1.5441,1.183,1.096,0.0,80,1.0,5.56,0.0532,34.9
166,BE7r2,belt,7.0,2,1.2056,1.2057,1.2056,0.8877,0.8173,0.0,85,1.0,5.66,0.0767,33.9
166,BE7r3,belt,7.0,3,1.033,1.033,1.033,0.8603,0.7946,-0.0,60,1.0,2.04,0.0759,33.9
166,CL3r1,cluster,3.0,1,2.4382,2.4383,2.4382,1.7613,1.61,0.0,175,1.0,17.32,0.1544,31.4
166,CL3r2,cluster,3.0,2,2.4307,2.4304,2.4307,1.769,1.6166,0.0,175,1.0,11.54,0.1544,31.4
166,CL3r3,cluster,3.0,3,2.4145,2.4166,2.4145,1.7074,1.5559,0.0,85,1.0,2.75,0.1612,31.2
166,CL5r1,cluster,5.0,1,1.3103,1.316,1.3103,0.9613,0.8878,0.0,175,1.0,11.55,0.0771,33.9
166,CL5r2,cluster,5.0,2,1.3246,1.3299,1.3246,0.9771,0.9011,0.0,175,1.0,22.85,0.0772,33.9
166,CL5r3,cluster,5.0,3,1.2584,1.2602,1.2584,0.9154,0.8424,0.0,85,1.0,2.7,0.0801,33.8
166,CL7r1,cluster,7.0,1,0.8327,0.8327,0.8327,0.6445,0.5971,-0.0,0,1.0,32.84,0.0468,34.9
166,CL7r2,cluster,7.0,2,0.8311,0.8313,0.8311,0.643,0.5959,-0.0,0,1.0,39.07,0.0465,34.9
166,CL7r3,cluster,7.0,3,0.8275,0.8286,0.8275,0.6314,0.5842,0.0,90,1.0,2.38,0.0486,34.8
166,MU3r1,multi_cluster,3.0,1,3.1848,3.1849,3.1848,2.2231,2.0159,0.0,85,1.0,0.77,0.211,29.5
166,MU3r2,multi_cluster,3.0,2,3.9604,3.9604,3.9604,2.6658,2.4159,0.0,80,1.0,5.58,0.2414,28.6
166,MU3r3,multi_cluster,3.0,3,2.7081,2.7083,2.7081,1.8472,1.673,-0.0,175,1.0,13.79,0.2191,29.1
166,MU5r1,multi_cluster,5.0,1,1.6353,1.6354,1.6353,1.1619,1.0672,0.0,85,1.0,5.74,0.1048,33.0
166,MU5r2,multi_cluster,5.0,2,1.8328,1.8328,1.8328,1.3123,1.2032,0.0,85,1.0,5.66,0.1193,32.5
166,MU5r3,multi_cluster,5.0,3,1.4253,1.4254,1.4253,0.9832,0.9011,0.0,175,1.0,16.87,0.1086,32.8
166,MU7r1,multi_cluster,7.0,1,0.9832,0.9833,0.9832,0.704,0.6482,0.0,85,1.0,5.51,0.0621,34.4
166,MU7r2,multi_cluster,7.0,2,1.0947,1.0947,1.0947,0.7953,0.7326,0.0,85,1.0,7.52,0.071,34.1
166,MU7r3,multi_cluster,7.0,3,0.8646,0.8646,0.8646,0.6294,0.5781,0.0,85,1.0,17.01,0.0643,34.2
167,RU3r1,rule_grid,3.0,1,2.2323,2.2325,2.2323,1.8264,2.1033,-0.0,85,1.0,1.06,0.2236,38.8
167,RU3r2,rule_grid,3.0,2,1.0888,1.0888,1.0888,0.7627,0.8639,-0.0,0,1.0,12.41,0.2229,38.4
167,RU3r3,rule_grid,3.0,3,2.7348,2.7359,2.7348,2.179,2.5735,0.0,0,1.0,17.29,0.2219,39.1
167,RU5r1,rule_grid,5.0,1,0.9601,0.9603,0.9601,0.9123,1.1235,0.0,85,1.0,24.26,0.1072,44.1
167,RU5r2,rule_grid,5.0,2,0.5522,0.5522,0.5522,0.4585,0.543,-0.0,0,1.0,16.94,0.1071,43.9
167,RU5r3,rule_grid,5.0,3,1.0767,1.0769,1.0767,0.9243,1.1505,0.0,0,1.0,22.63,0.1062,44.2
167,RU7r1,rule_grid,7.0,1,0.4868,0.4869,0.4868,0.5532,0.6975,-0.0,175,1.0,38.53,0.0634,46.0
167,RU7r2,rule_grid,7.0,2,0.299,0.2991,0.299,0.2987,0.3725,0.0,0,1.0,20.72,0.0628,45.9
167,RU7r3,rule_grid,7.0,3,0.5684,0.5684,0.5684,0.5803,0.7638,0.0,0,1.0,22.74,0.0623,46.1
167,BE3r1,belt,3.0,1,5.2564,5.2564,5.2564,4.5804,5.6031,-0.0,40,1.0,2.74,0.1339,44.6
167,BE3r2,belt,3.0,2,3.0273,3.0273,3.0273,2.7698,3.274,0.0,75,1.0,5.61,0.1994,40.3
167,BE3r3,belt,3.0,3,3.7947,3.7947,3.7947,3.1434,3.7315,0.0,55,1.0,4.11,0.1988,40.6
167,BE5r1,belt,5.0,1,2.0036,2.0037,2.0036,1.9504,2.5493,0.0,40,1.0,4.21,0.0658,46.6
167,BE5r2,belt,5.0,2,1.2247,1.2247,1.2247,1.1772,1.5572,0.0,75,1.0,5.7,0.0961,44.7
167,BE5r3,belt,5.0,3,1.5592,1.5592,1.5592,1.4284,1.851,0.0,55,1.0,5.33,0.0955,44.9
167,BE7r1,belt,7.0,1,1.0046,1.0046,1.0046,1.0528,1.4415,0.0,45,1.0,4.25,0.0387,47.5
167,BE7r2,belt,7.0,2,0.6721,0.6722,0.6721,0.729,0.981,-0.0,75,1.0,5.04,0.0565,46.4
167,BE7r3,belt,7.0,3,0.8612,0.8612,0.8612,0.8386,1.1382,0.0,55,1.0,5.44,0.0558,46.5
167,CL3r1,cluster,3.0,1,1.214,1.2141,1.214,1.1553,1.5273,-0.0,170,1.0,17.31,0.1134,43.9
167,CL3r2,cluster,3.0,2,1.2709,1.2737,1.2709,1.2273,1.6269,-0.0,175,1.0,17.3,0.113,43.9
167,CL3r3,cluster,3.0,3,1.4375,1.4394,1.4375,1.4218,1.8485,0.0,80,1.0,1.04,0.1192,43.7
167,CL5r1,cluster,5.0,1,0.6482,0.6515,0.6482,0.6546,0.8861,-0.0,170,1.0,19.27,0.0567,46.4
167,CL5r2,cluster,5.0,2,0.6863,0.6892,0.6863,0.7118,0.9655,0.0,175,1.0,22.83,0.0564,46.4
167,CL5r3,cluster,5.0,3,0.713,0.716,0.713,0.7845,1.0578,0.0,80,1.0,1.43,0.0588,46.3
167,CL7r1,cluster,7.0,1,0.4186,0.4185,0.4186,0.4672,0.627,0.0,175,1.0,26.77,0.0344,47.4
167,CL7r2,cluster,7.0,2,0.4319,0.4331,0.4319,0.4789,0.6465,0.0,175,1.0,31.33,0.034,47.4
167,CL7r3,cluster,7.0,3,0.4541,0.4547,0.4541,0.5157,0.7066,0.0,80,1.0,7.11,0.0357,47.3
167,MU3r1,multi_cluster,3.0,1,2.0318,2.0318,2.0318,1.7694,2.1649,-0.0,80,1.0,14.4,0.1582,42.0
167,MU3r2,multi_cluster,3.0,2,2.5421,2.5421,2.5421,2.0167,2.365,0.0,80,1.0,5.09,0.1842,40.9
167,MU3r3,multi_cluster,3.0,3,1.861,1.8611,1.861,1.6855,2.0462,-0.0,85,1.0,9.86,0.165,41.6
167,MU5r1,multi_cluster,5.0,1,1.0008,1.0009,1.0008,1.0069,1.267,0.0,80,1.0,19.74,0.078,45.5
167,MU5r2,multi_cluster,5.0,2,1.0995,1.0996,1.0995,1.099,1.374,-0.0,80,1.0,9.04,0.0892,45.0
167,MU5r3,multi_cluster,5.0,3,0.9316,0.9317,0.9316,0.9341,1.1825,-0.0,175,1.0,29.16,0.081,45.3
167,MU7r1,multi_cluster,7.0,1,0.5631,0.5632,0.5631,0.6451,0.8386,0.0,80,1.0,11.27,0.0456,46.9
167,MU7r2,multi_cluster,7.0,2,0.5933,0.5933,0.5933,0.6856,0.8915,-0.0,75,1.0,7.06,0.0522,46.6
167,MU7r3,multi_cluster,7.0,3,0.5186,0.5187,0.5186,0.5859,0.7517,-0.0,85,1.0,30.42,0.0474,46.8
168,RU3r1,rule_grid,3.0,1,2.169,2.169,2.169,0.9873,0.7331,0.0,170,1.0,13.27,0.3612,16.1
168,RU3r2,rule_grid,3.0,2,2.0212,2.0217,2.0212,1.1289,0.8215,0.0,85,1.0,11.62,0.361,16.1
168,RU3r3,rule_grid,3.0,3,2.7023,2.7028,2.7023,1.3404,0.9711,0.0,85,1.0,9.77,0.3592,16.2
168,RU5r1,rule_grid,5.0,1,1.1478,1.1479,1.1478,0.6081,0.4332,-0.0,170,1.0,13.13,0.1872,20.3
168,RU5r2,rule_grid,5.0,2,1.0982,1.0983,1.0982,0.6458,0.4543,0.0,85,1.0,11.79,0.1877,20.2
168,RU5r3,rule_grid,5.0,3,1.3354,1.3368,1.3354,0.6832,0.4807,0.0,85,1.0,4.88,0.186,20.3
168,RU7r1,rule_grid,7.0,1,0.6793,0.6793,0.6793,0.3849,0.2676,0.0,80,1.0,5.02,0.1161,21.9
168,RU7r2,rule_grid,7.0,2,0.6638,0.6638,0.6638,0.399,0.2749,0.0,85,1.0,10.15,0.115,21.9
168,RU7r3,rule_grid,7.0,3,0.7907,0.7907,0.7907,0.432,0.3016,0.0,90,1.0,4.98,0.114,22.0
168,BE3r1,belt,3.0,1,3.8861,3.8861,3.8861,2.0964,1.4918,-0.0,170,1.0,5.59,0.2282,19.8
168,BE3r2,belt,3.0,2,3.2345,3.2345,3.2345,1.5788,1.1423,0.0,170,1.0,6.15,0.3282,17.1
168,BE3r3,belt,3.0,3,3.6524,3.6524,3.6524,2.1069,1.5302,0.0,150,1.0,1.02,0.3274,17.2
168,BE5r1,belt,5.0,1,1.9504,1.9504,1.9504,1.0792,0.7447,0.0,170,1.0,5.21,0.1182,22.1
168,BE5r2,belt,5.0,2,1.6688,1.6689,1.6688,0.8741,0.609,0.0,170,1.0,6.33,0.1691,20.8
168,BE5r3,belt,5.0,3,1.8523,1.8524,1.8523,1.0716,0.7493,0.0,150,1.0,1.06,0.1686,20.9
168,BE7r1,belt,7.0,1,1.1522,1.1522,1.1522,0.6484,0.4411,-0.0,170,1.0,14.5,0.0721,23.1
168,BE7r2,belt,7.0,2,1.0277,1.0278,1.0277,0.57,0.3886,-0.0,170,1.0,13.08,0.1037,22.3
168,BE7r3,belt,7.0,3,1.1148,1.1148,1.1148,0.6653,0.4536,0.0,150,1.0,1.37,0.1027,22.4
168,CL3r1,cluster,3.0,1,1.6882,1.6882,1.6882,0.9295,0.6233,0.0,85,1.0,5.01,0.2052,19.9
168,CL3r2,cluster,3.0,2,1.6714,1.6869,1.6714,0.9373,0.6307,0.0,85,1.0,4.96,0.2053,19.9
168,CL3r3,cluster,3.0,3,1.4874,1.4866,1.4874,0.7558,0.5197,-0.0,170,1.0,10.83,0.2123,19.7
168,CL5r1,cluster,5.0,1,0.9675,0.9683,0.9675,0.5568,0.3753,-0.0,85,1.0,4.83,0.1049,22.3
168,CL5r2,cluster,5.0,2,0.9896,0.9906,0.9896,0.5755,0.3883,0.0,85,1.0,4.82,0.105,22.3
168,CL5r3,cluster,5.0,3,0.8439,0.8443,0.8439,0.4698,0.3207,0.0,175,1.0,10.85,0.1086,22.1
168,CL7r1,cluster,7.0,1,0.625,0.625,0.625,0.3627,0.2441,0.0,85,1.0,4.78,0.0644,23.2
168,CL7r2,cluster,7.0,2,0.628,0.6281,0.628,0.3712,0.2497,-0.0,85,1.0,4.93,0.064,23.2
168,CL7r3,cluster,7.0,3,0.5539,0.5541,0.5539,0.3161,0.2142,0.0,175,1.0,14.84,0.0668,23.1
168,MU3r1,multi_cluster,3.0,1,2.3124,2.3125,2.3124,1.1253,0.798,0.0,170,1.0,0.98,0.2714,18.4
168,MU3r2,multi_cluster,3.0,2,2.8499,2.8499,2.8499,1.3646,0.9799,-0.0,170,1.0,5.3,0.3074,17.6
168,MU3r3,multi_cluster,3.0,3,1.9843,1.9844,1.9843,0.939,0.6766,0.0,80,1.0,0.98,0.2817,18.0
168,MU5r1,multi_cluster,5.0,1,1.2989,1.299,1.2989,0.702,0.4896,-0.0,170,1.0,1.14,0.1389,21.5
168,MU5r2,multi_cluster,5.0,2,1.5058,1.5058,1.5058,0.7952,0.5555,-0.0,170,1.0,6.26,0.1575,21.1
168,MU5r3,multi_cluster,5.0,3,1.1184,1.1184,1.1184,0.6016,0.4243,-0.0,80,1.0,13.42,0.144,21.3
168,MU7r1,multi_cluster,7.0,1,0.7931,0.7932,0.7931,0.4512,0.3098,0.0,170,1.0,13.63,0.0839,22.8
168,MU7r2,multi_cluster,7.0,2,0.9234,0.9234,0.9234,0.5157,0.3529,-0.0,170,1.0,13.16,0.0959,22.5
168,MU7r3,multi_cluster,7.0,3,0.691,0.691,0.691,0.391,0.2705,0.0,175,1.0,17.35,0.087,22.6
169,RU3r1,rule_grid,3.0,1,0.7746,0.7746,0.7746,0.413,0.3239,0.0,5,1.0,6.4,0.3189,21.6
169,RU3r2,rule_grid,3.0,2,0.7654,0.7654,0.7654,0.4814,0.3897,0.0,90,0.8,19.13,0.3186,21.6
169,RU3r3,rule_grid,3.0,3,0.8331,0.8333,0.8331,0.5962,0.4665,-0.0,120,1.0,9.43,0.3172,21.6
169,RU5r1,rule_grid,5.0,1,0.5327,0.5327,0.5327,0.2831,0.2312,0.0,90,1.0,14.37,0.1589,26.6
169,RU5r2,rule_grid,5.0,2,0.5549,0.555,0.5549,0.3728,0.294,-0.0,90,0.8,19.51,0.1591,26.6
169,RU5r3,rule_grid,5.0,3,0.5165,0.5166,0.5165,0.3678,0.292,0.0,90,1.0,13.75,0.1579,26.6
169,RU7r1,rule_grid,7.0,1,0.3874,0.3874,0.3874,0.219,0.1727,0.0,90,0.8,13.36,0.0963,28.5
169,RU7r2,rule_grid,7.0,2,0.3775,0.3776,0.3775,0.2666,0.2071,0.0,90,0.8,19.66,0.0952,28.5
169,RU7r3,rule_grid,7.0,3,0.3474,0.3474,0.3474,0.2693,0.2097,0.0,90,1.0,16.88,0.0946,28.5
169,BE3r1,belt,3.0,1,3.4373,3.4373,3.4373,1.8987,1.5128,0.0,5,1.0,22.66,0.2017,25.9
169,BE3r2,belt,3.0,2,2.2673,2.2673,2.2673,1.2376,0.9782,0.0,5,1.0,27.73,0.2897,22.8
169,BE3r3,belt,3.0,3,2.0322,2.0321,2.0322,1.1131,0.8792,-0.0,0,1.0,32.34,0.2891,22.8
169,BE5r1,belt,5.0,1,1.5562,1.5562,1.5562,0.8915,0.6915,-0.0,0,1.0,17.36,0.1012,28.7
169,BE5r2,belt,5.0,2,1.1107,1.1108,1.1107,0.6406,0.4994,0.0,0,1.0,17.44,0.144,27.2
169,BE5r3,belt,5.0,3,0.8828,0.8828,0.8828,0.6142,0.4746,0.0,0,1.0,26.52,0.1435,27.1
169,BE7r1,belt,7.0,1,0.9143,0.9143,0.9143,0.5458,0.419,0.0,0,1.0,17.36,0.0605,29.8
169,BE7r2,belt,7.0,2,0.7177,0.7177,0.7177,0.4366,0.3356,0.0,0,1.0,17.47,0.0864,28.9
169,BE7r3,belt,7.0,3,0.524,0.5241,0.524,0.4038,0.3087,-0.0,0,1.0,26.11,0.0856,28.9
169,CL3r1,cluster,3.0,1,0.6981,0.6981,0.6981,0.3762,0.2851,-0.0,90,1.0,3.34,0.1757,26.1
169,CL3r2,cluster,3.0,2,0.5999,0.5995,0.5999,0.3806,0.2798,0.0,95,1.0,7.92,0.1759,26.0
169,CL3r3,cluster,3.0,3,0.6589,0.6625,0.6589,0.3481,0.2644,0.0,95,1.0,13.64,0.1825,25.9
169,CL5r1,cluster,5.0,1,0.483,0.4834,0.483,0.2756,0.2124,0.0,90,1.0,4.1,0.0868,28.8
169,CL5r2,cluster,5.0,2,0.4258,0.4264,0.4258,0.2328,0.1793,-0.0,90,1.0,6.42,0.087,28.8
169,CL5r3,cluster,5.0,3,0.4103,0.4135,0.4103,0.2012,0.1534,0.0,90,1.0,12.35,0.0902,28.7
169,CL7r1,cluster,7.0,1,0.3368,0.3368,0.3368,0.2043,0.1574,0.0,90,0.8,6.53,0.0525,29.9
169,CL7r2,cluster,7.0,2,0.3046,0.3049,0.3046,0.1782,0.1374,-0.0,90,0.8,6.52,0.0523,29.9
169,CL7r3,cluster,7.0,3,0.3126,0.3142,0.3126,0.1677,0.1299,0.0,90,1.0,7.03,0.0546,29.8
169,MU3r1,multi_cluster,3.0,1,1.2128,1.2128,1.2128,0.6607,0.5086,-0.0,5,1.0,22.28,0.2385,24.2
169,MU3r2,multi_cluster,3.0,2,1.8268,1.8268,1.8268,0.9968,0.7809,0.0,5,1.0,27.93,0.2709,23.3
169,MU3r3,multi_cluster,3.0,3,0.7768,0.7769,0.7768,0.4027,0.3127,0.0,95,1.0,12.95,0.2469,23.8
169,MU5r1,multi_cluster,5.0,1,0.7183,0.7183,0.7183,0.3967,0.3123,0.0,0,1.0,17.38,0.1184,27.9
169,MU5r2,multi_cluster,5.0,2,0.9358,0.9358,0.9358,0.5316,0.4167,-0.0,0,1.0,17.44,0.1342,27.5
169,MU5r3,multi_cluster,5.0,3,0.538,0.538,0.538,0.2763,0.2224,-0.0,0,1.0,25.18,0.1223,27.7
169,MU7r1,multi_cluster,7.0,1,0.4888,0.4888,0.4888,0.2858,0.2222,-0.0,0,1.0,13.96,0.0702,29.4
169,MU7r2,multi_cluster,7.0,2,0.6136,0.6137,0.6136,0.3677,0.2841,0.0,0,1.0,11.86,0.0801,29.1
169,MU7r3,multi_cluster,7.0,3,0.3864,0.3864,0.3864,0.2141,0.1685,-0.0,90,0.8,14.34,0.0726,29.3
170,RU3r1,rule_grid,3.0,1,3.1614,3.1615,3.1614,2.1036,2.0985,0.0,45,1.0,12.66,0.2534,32.4
170,RU3r2,rule_grid,3.0,2,2.6729,2.6729,2.6729,1.6965,1.7212,0.0,125,1.0,8.59,0.2529,32.3
170,RU3r3,rule_grid,3.0,3,3.015,3.0151,3.015,2.3586,2.3714,0.0,145,1.0,2.56,0.2518,32.5
170,RU5r1,rule_grid,5.0,1,1.6669,1.6669,1.6669,1.1434,1.1797,-0.0,45,1.0,14.43,0.1224,37.6
170,RU5r2,rule_grid,5.0,2,1.2891,1.2891,1.2891,0.9527,1.0067,0.0,125,1.0,8.7,0.1224,37.4
170,RU5r3,rule_grid,5.0,3,1.5846,1.5847,1.5846,1.1916,1.2374,-0.0,145,1.0,2.77,0.1213,37.6
170,RU7r1,rule_grid,7.0,1,0.9848,0.9848,0.9848,0.6999,0.7387,0.0,135,1.0,1.96,0.0728,39.4
170,RU7r2,rule_grid,7.0,2,0.6946,0.6947,0.6946,0.5718,0.6158,0.0,125,1.0,11.84,0.072,39.3
170,RU7r3,rule_grid,7.0,3,1.0346,1.0347,1.0346,0.777,0.8331,-0.0,145,1.0,2.28,0.0715,39.5
170,BE3r1,belt,3.0,1,5.0293,5.0293,5.0293,4.1182,4.2492,-0.0,175,1.0,25.15,0.1555,37.3
170,BE3r2,belt,3.0,2,3.576,3.576,3.576,2.6499,2.6858,0.0,40,1.0,16.5,0.228,33.7
170,BE3r3,belt,3.0,3,4.2086,4.2086,4.2086,3.536,3.617,0.0,0,1.0,1.24,0.2273,33.9
170,BE5r1,belt,5.0,1,2.1554,2.1554,2.1554,1.7348,1.8435,-0.0,0,1.0,24.1,0.0765,39.7
170,BE5r2,belt,5.0,2,1.8491,1.8491,1.8491,1.3317,1.3886,0.0,45,1.0,15.71,0.1103,38.2
170,BE5r3,belt,5.0,3,1.8261,1.8262,1.8261,1.663,1.7844,-0.0,0,1.0,3.49,0.1098,38.2
170,BE7r1,belt,7.0,1,1.2467,1.2467,1.2467,0.9924,1.0814,-0.0,45,1.0,15.78,0.0451,40.7
170,BE7r2,belt,7.0,2,1.1464,1.1464,1.1464,0.8468,0.9036,0.0,45,1.0,13.07,0.0651,39.8
170,BE7r3,belt,7.0,3,1.0348,1.0348,1.0348,0.9998,1.0966,-0.0,0,1.0,3.27,0.0644,39.8
170,CL3r1,cluster,3.0,1,2.1515,2.1515,2.1515,1.5982,1.7178,0.0,135,1.0,1.14,0.1322,37.3
170,CL3r2,cluster,3.0,2,2.271,2.2709,2.271,1.6891,1.8158,-0.0,135,1.0,0.68,0.1322,37.4
170,CL3r3,cluster,3.0,3,2.4674,2.4692,2.4674,1.7579,1.8661,0.0,45,1.0,0.92,0.1386,37.2
170,CL5r1,cluster,5.0,1,1.1929,1.1941,1.1929,0.8944,0.9717,0.0,135,1.0,0.92,0.0653,39.8
170,CL5r2,cluster,5.0,2,1.2745,1.2777,1.2745,0.9553,1.0385,-0.0,135,1.0,0.68,0.0653,39.9
170,CL5r3,cluster,5.0,3,1.3052,1.3076,1.3052,0.9594,1.0373,0.0,45,1.0,0.68,0.0679,39.8
170,CL7r1,cluster,7.0,1,0.8055,0.8055,0.8055,0.6083,0.6651,0.0,135,1.0,1.17,0.0394,40.8
170,CL7r2,cluster,7.0,2,0.8272,0.8285,0.8272,0.6274,0.6875,-0.0,135,1.0,1.06,0.0391,40.8
170,CL7r3,cluster,7.0,3,0.8571,0.8568,0.8571,0.6452,0.7054,0.0,45,1.0,1.06,0.0409,40.7
170,MU3r1,multi_cluster,3.0,1,3.1542,3.1543,3.1542,2.187,2.2479,0.0,45,1.0,14.31,0.1838,35.5
170,MU3r2,multi_cluster,3.0,2,3.3534,3.3535,3.3534,2.3842,2.4176,-0.0,45,1.0,11.92,0.2116,34.3
170,MU3r3,multi_cluster,3.0,3,3.0119,3.0119,3.0119,2.0341,2.0775,0.0,135,1.0,7.38,0.1909,35.1
170,MU5r1,multi_cluster,5.0,1,1.7206,1.7207,1.7206,1.2173,1.2811,-0.0,45,1.0,12.56,0.09,39.0
170,MU5r2,multi_cluster,5.0,2,1.7805,1.7805,1.7805,1.2708,1.3283,0.0,45,1.0,15.27,0.1025,38.5
170,MU5r3,multi_cluster,5.0,3,1.6457,1.6457,1.6457,1.1454,1.1993,0.0,135,1.0,1.84,0.0932,38.8
170,MU7r1,multi_cluster,7.0,1,1.0689,1.0689,1.0689,0.7789,0.8342,0.0,45,1.0,15.27,0.0527,40.3
170,MU7r2,multi_cluster,7.0,2,1.1022,1.1022,1.1022,0.8072,0.8616,-0.0,45,1.0,15.52,0.0603,40.0
170,MU7r3,multi_cluster,7.0,3,1.0205,1.0205,1.0205,0.7356,0.785,0.0,135,1.0,11.4,0.0546,40.2
