farm_id,year,country,S_pct,D_pct,I_pct,total_pct,S_shapley,D_shapley,gain_pct,P11_err_pct
46,2014,China,-4.256263024997243,1.394167850723197,-1.357521590295004,-4.21961676456905,-4.935023820144744,0.7154070555756948,0.022474497856189057,0.0
89,2014,China,-0.8372877148723923,-1.4207561864534974,1.7986648433930057,-0.45937905793288425,0.06204470682411043,-0.5214237647569946,0.042632384651341344,0.0
101,2014,China,-6.493096823290126,-3.9034591260223803,4.124738463402645,-6.27181748590986,-4.430727591588803,-1.8410898943210576,0.0003446242899132882,0.0
168,2014,China,-6.104995945739717,0.6808152147612947,-1.5424628136624672,-6.966643544640889,-6.87622735257095,-0.09041619206993876,-0.8694293533343455,0.0
169,2014,China,-6.918784813801953,-0.2913021835555896,1.2812236887769752,-5.928863308580568,-6.278172969413466,0.34930966083289794,-0.17715573606525503,0.0
165,2014,China,-0.6595796020901579,1.028910343541472,-0.8868714741381577,-0.5175407326868439,-1.1030153391592368,0.585474606472393,1.2511890371517973,0.0
34,2014,China,-5.347562300788216,0.4641076240435433,-0.45891073881216166,-5.342365415556823,-5.577017670194291,0.23465225463746828,0.13963388000523888,0.0
97,2014,China,4.720720143402332,2.2392735600942806,-2.8388537851480464,4.121139918348566,3.3012932508283086,0.8198466675202577,2.9926754200315298,0.0
0,2014,China,2.484131662416211,0.0518285163290973,0.2857015453976094,2.821661724142918,2.626982435115016,0.194679289027902,0.0,0.0
45,2014,China,-4.294747671883626,1.179660701700162,-1.363990131284568,-4.479077101468032,-4.97674273752591,0.497665636057878,0.0,0.0
131,2014,China,-6.20825084176976,-0.7391402313575374,1.0722047104468917,-5.875186362680394,-5.672148486546308,-0.20303787613408583,-0.4169307520474357,0.0
88,2014,China,-7.49493064712929,-0.9672477881445837,1.5591308585598103,-6.903047576714064,-6.715365217849386,-0.18768235886467863,1.0245218847390585,0.0
109,2014,China,4.935971886743232,-0.19886794643540648,0.7281102709447819,5.465214211252607,5.300027022215623,0.1651871890369844,0.5234072273880117,0.0
57,2014,Vietnam,4.402011541382005,-5.830120861473457,5.716331392861818,4.288222072770367,7.260177237812914,-2.971955165042548,20.16829674212712,0.0
38,2014,China,-3.179259379689973,-1.7219262400428443,2.8308295431896235,-2.070356076543194,-1.763844608095161,-0.30651146844803273,-0.09657648643489095,0.0
24,2014,China,2.964927280959799,-0.4814943617743184,0.8086836054879476,3.2921165246734283,3.369269083703773,-0.07715255903034467,-0.2614225000056592,0.0
46,2015,China,3.2279190346653435,3.6306622497326746,-3.6926700526497465,3.1659112317482716,1.3815840083404705,1.7843272234078016,-0.011350926340548306,0.0
89,2015,China,-10.401860609569734,-4.26706153384132,4.463476544710926,-10.205445598700129,-8.170122337214272,-2.0353232614858565,0.06016564079835152,0.0
101,2015,China,2.805836445675138,-1.8798503803084048,1.897638372010913,2.823624437377646,3.7546556316805946,-0.9310311943029485,0.0005370439486980652,0.0
168,2015,China,4.007120261492745,0.8183999246861721,-2.270837628361742,2.554682557817176,2.871701447311875,-0.3170188894946989,-0.7189545462463569,0.0
169,2015,China,-15.35439791952131,-1.6591441389272013,1.8870894054622236,-15.126452652986286,-14.410853216790198,-0.7155994361960895,0.8050176793332219,0.0
165,2015,China,1.0044362210881495,2.2720144422397337,-1.8403777591785468,1.4360729041493365,0.08424734149887604,1.3518255626504605,1.7420260350288586,0.0
34,2015,China,2.2450387267926457,1.3066594067928337,-1.2726357532881352,2.2790623802973444,1.6087208501485784,0.670341530148766,0.18882166986195942,0.0
97,2015,China,1.9560229726706155,0.17492468591055663,-0.04332802243519906,2.087619636145973,1.934358961453016,0.1532606746929571,2.5491795455398107,0.0
0,2015,China,-9.578315064771413,-4.214300176184251,4.571589806564057,-9.221025434391606,-7.292520161489385,-1.9285052729022218,0.0,0.0
45,2015,China,3.4481481780216074,1.3695459908378036,-1.6012411509980486,3.216453017861362,2.647527602522583,0.5689254153387793,0.0,0.0
131,2015,China,-14.753129019361607,-2.6493806660439563,2.6631346616189355,-14.73937502378663,-13.42156168855214,-1.3178133352344887,0.49915617932163187,0.0
88,2015,China,-15.64093559280172,-1.0673867333797251,2.4505261157446077,-14.257796210436839,-14.415672534929415,0.15787632449257874,0.4052111750663149,0.0
109,2015,China,-9.39349851518288,-4.5346998470282145,4.904890105322137,-9.023308256888958,-6.941053462521812,-2.0822547943671457,0.2413922379196303,0.0
57,2015,Vietnam,18.328260675874418,0.19795947955176096,0.046137829554942375,18.57235798498112,18.35132959065189,0.22102839432923216,21.64610341596342,0.0
38,2015,China,-14.177725096734017,-4.9886207993511675,5.246667953819237,-13.919677942265949,-11.554391119824398,-2.365286822441549,-0.18259230253868997,0.0
24,2015,China,-12.021673661204693,-5.305585512282429,5.571226409616145,-11.756032763870977,-9.23606045639662,-2.5199723074743567,0.8555001943851601,0.0
1,2016,China,0.895915104594264,-2.649211087221715,3.0602696406595133,1.3069736580320628,2.426049924924021,-1.1190762668919583,0.0,0.0
46,2016,China,-3.6879509282429024,0.6897158845259046,-0.708492265506043,-3.706727309223041,-4.042197060995924,0.335469751772883,0.007229645194798593,0.0
63,2016,China,-0.7576995559036689,2.803359476822731,-2.4296443569791517,-0.3839844360600896,-1.9725217343932449,1.5885372983331552,0.15864814108244604,0.0
124,2016,China,-9.08217750703328,-4.5776330132103045,4.788136467801523,-8.871674052442064,-6.68810927313252,-2.1835647793095436,-0.28083470636259533,0.0
71,2016,Taiwan,-4.8823857859844315,-11.715190405180113,11.541402970535843,-5.0561732206287004,0.8883156992834904,-5.9444889199121915,1.8985508991941358,0.0
101,2016,China,-6.206533943903334,-4.16745295085001,4.293619468471858,-6.080367426281485,-4.059724209667404,-2.0206432166140806,0.004313060951609879,0.0
135,2016,Japan,9.465786116780608,5.823319107565978,-4.9520353091380995,10.337069915208485,6.989768462211557,3.3473014529969283,-1.8349711911276732,0.0
168,2016,China,2.564390580665023,3.1835820902512073,-3.237653837939272,2.510318832976958,0.9455636616953869,1.5647551712815708,-1.1638172015778439,0.0
169,2016,China,-7.891086283097841,-2.3720773587918473,2.898869698196431,-7.364293943693258,-6.441651433999626,-0.922642509693632,0.36168401899766495,0.0
165,2016,China,0.17591072574604724,1.941008771310785,-1.826447914562244,0.290471582494588,-0.7373132315350749,1.0277848140296628,1.8344560818758529,0.0
97,2016,China,11.669246259608226,3.451677134603217,-2.5034989739097315,12.617424420301711,10.41749677265336,2.199927647648351,1.5904838651378639,0.0
45,2016,China,-5.967274068122774,-0.4160833567998218,0.3367456754263655,-6.046611749496229,-5.798901230409591,-0.24771051908663905,0.0,0.0
34,2016,China,-6.074730214345207,-0.42582015415600577,0.7475540246826474,-5.752996343818566,-5.700953202003884,-0.052043141814682045,2.04564921757369,0.0
131,2016,China,-7.065551859350244,-3.4540238911278354,3.9678005330446973,-6.5517752174333825,-5.081651592827895,-1.4701236246054865,-0.3403704402848796,0.0
89,2016,China,1.322451773857896,-2.2578408574317375,2.5745429441754344,1.6391538606015932,2.6097232459456134,-0.9705693853440202,0.5022229436351013,0.0
109,2016,China,2.982873444187914,-2.1343603747951523,2.2090469184805652,3.057559987873327,4.087396903428197,-1.0298369155548697,0.762740637751885,0.0
88,2016,China,-9.226032860410793,-2.799274761245741,4.419475793779299,-7.605831827877234,-7.016294963521143,-0.5895368643560912,0.8452727683519515,0.0
0,2016,China,1.2247076538088668,-3.148170154008498,3.2131756570365178,1.2897131568368863,2.8312954823271257,-1.5415823254902394,0.0,0.0
57,2016,Vietnam,13.985091917967107,-8.204893075446144,9.185049189945508,14.965248032466471,18.577616512939862,-3.612368480473389,17.973692137920583,0.0
38,2016,China,-0.8692350780106572,-2.2585981820451555,2.3942961576030717,-0.733537102452741,0.3279130007908787,-1.0614501032436197,0.4538851976399526,0.0
24,2016,China,-0.018735110594392607,-3.4316338085206386,4.089613113813234,0.6392441946982031,2.0260714463122245,-1.3868272516140212,-0.33288904602431113,0.0
46,2017,China,2.0716726458035026,1.2817907439154526,-1.2438139718718522,2.1096494178471032,1.449765659867577,0.6598837579795265,-0.019892027836606253,0.0
124,2017,China,-2.2729596856105836,-3.3568028809341954,3.594957766523517,-2.034804800021263,-0.47548080234882534,-1.5593239976724376,-0.32656481043187713,0.0
14,2017,China,-10.42302517753275,-2.17988432840656,2.6695606409888497,-9.933348864950462,-9.088244857038326,-0.8451040079121354,0.0902720887800253,0.0
71,2017,Taiwan,4.384123134574825,-8.751250460187869,8.437502046832773,4.0703747212197285,8.602874157991211,-4.532499436771483,1.7981009971091275,0.0
101,2017,China,-0.7338176558148471,-3.881699444146882,4.104079365894674,-0.5114377340670548,1.3182220271324898,-1.8296597611995447,0.0001020611834351943,0.0
135,2017,Japan,13.128894462083956,3.9144958183054808,-2.97611743211993,14.067272848269507,11.64083574602399,2.4264371022455156,-1.1176050273386122,0.0
139,2017,South Korea,3.4335222324395,-2.205439509237812,2.500346602309115,3.728429325510803,4.683695533594057,-0.9552662080832547,0.0,0.0
168,2017,China,-0.6669332947062987,3.159403085107822,-4.3053259456304,-1.8128561552288764,-2.8195962675214985,1.006740112292622,-0.7760071948363327,0.0
169,2017,China,-11.162803852858628,-1.1941814371995108,2.132402670505871,-10.224582619552267,-10.096602517605692,-0.12798010194657516,0.31071422896900347,0.0
147,2017,China,-4.079516983107604,2.9420931909263928,-2.3688548141009242,-3.506278606282135,-5.263944390158066,1.7576657838759309,-1.1562525588795125,0.0
165,2017,China,-3.3486178967127787,1.14974114227404,-1.2811997400424757,-3.480076494481214,-3.9892177667340163,0.5091412722528023,2.3112496918283068,0.0
81,2017,China,-0.6869957952045697,-4.3193351869901075,4.706862332514667,-0.2994686496800111,1.6664353710527633,-1.9659040207327745,1.4212667782323278,0.0
63,2017,China,-2.124893594670213,0.8380544392195778,-0.8365645817866794,-2.123403737237315,-2.543175885563553,0.41977214832623816,-0.056286365426435066,0.0
74,2017,China,-2.124484982009505,1.304851926284388,0.33901301245026544,-0.4806200432748517,-1.9549784757843722,1.4743584325095207,0.12132347939447037,0.0
34,2017,China,-1.457133240234577,-0.3595789743014299,0.37581292502243496,-1.4408992895135717,-1.2692267777233595,-0.1716725117902124,2.2405499327931344,0.0
45,2017,China,-0.5713929509230932,0.4160121947670784,-0.3269715598834747,-0.4823523160394894,-0.7348787308648305,0.25252641482534105,0.0,0.0
97,2017,China,9.623547408887873,3.432232375430897,-2.894519944542602,10.161259839776166,8.17628743661657,1.984972403159596,2.083844275482153,0.0
131,2017,China,-9.194051932307556,-1.3070238088577282,1.3631997089811627,-9.13787603218412,-8.512452077816974,-0.625423954367147,0.7099288942294419,0.0
89,2017,China,-2.7619573631118404,-1.1609247960865838,1.3060325825065544,-2.61684957669187,-2.1089410718585633,-0.5079085048333067,0.5728695673597847,0.0
109,2017,China,-3.8518345093579938,-1.8421626650659457,3.0631166358673347,-2.630880538556604,-2.320276191424326,-0.3106043471322782,0.4914471606061743,0.0
50,2017,China,-10.200108119913098,-1.7194630144426872,3.029227219339106,-8.890343915016679,-8.685494510243545,-0.2048494047731342,0.0,0.0
88,2017,China,-12.948068499018653,-1.1937057196624852,2.810552866682521,-11.331221351998618,-11.542792065677393,0.21157071367877525,2.1440490350258976,0.0
57,2017,Vietnam,10.921725719764346,-6.227363696711671,5.138742865170276,9.833104888222952,13.491097152349486,-3.657992264126533,21.727112122842243,0.0
38,2017,China,-5.306494319555499,-1.8224257931784629,2.929373249528736,-4.199546863205226,-3.841807694791131,-0.35773916841409514,-0.4941691392657016,0.0
1,2017,China,-3.959484529484202,-0.6691054842927057,1.872183170376452,-2.756406843400456,-3.0233929442959764,0.26698610089552033,0.0,0.0
24,2017,China,-4.095086864154106,-1.7731783373839825,2.4538851473001624,-3.414380054237926,-2.868144290504025,-0.5462357637339013,0.019809562153132926,0.0
0,2017,China,-4.244387721645064,-1.5182439723658097,2.7541005313492173,-3.008531162661656,-2.867337455970455,-0.14119370669120093,0.0,0.0
46,2018,China,-1.2870316322379043,0.13296523070213853,-0.5367285971111555,-1.6907949986469213,-1.5553959307934822,-0.13539906785343922,0.002808819819346466,0.0
98,2018,China,-1.4212261726820017,1.9891542979967056,-2.8471633119475235,-2.2792351866328198,-2.8448078286557634,0.5655726420229439,0.0,0.0
124,2018,China,-6.485186462726104,-4.800946483609077,4.271298248908647,-7.014834697426534,-4.34953733827178,-2.665297359154753,-0.3696826593970803,0.0
71,2018,Taiwan,-4.272453369149309,-10.53392532219372,10.702516489832218,-4.103862201510811,1.0788048757668,-5.182667077277611,1.9811344555043384,0.0
72,2018,China,-6.485160149663673,-2.8452354940307054,1.9514232899346138,-7.378972353759764,-5.5094485046963655,-1.8695238490633983,0.007527965221359031,0.0
101,2018,China,-3.9122789073573396,-4.475018642585979,3.9595783087743337,-4.427719241168985,-1.9324897529701728,-2.495229488198812,0.0030636400933053837,0.0
135,2018,Japan,14.925554043876394,4.112893792681996,-5.734996652924699,13.30345118363369,12.058055717414044,1.2453954662196467,-1.7609517986514827,0.0
168,2018,China,5.951061911236178,3.4547875763929508,-6.582834136582402,2.8230153510467257,2.659644842944977,0.16337050810174938,-0.3674629884163433,0.0
169,2018,China,-1.0596990570618434,-0.13933001155327104,-1.637059198235504,-2.8360882668506187,-1.8782286561795956,-0.9578596106710232,0.18092952338710777,0.0
165,2018,China,10.371461095436825,2.5176924452029463,-5.893464444568748,6.995689096071023,7.424728873152451,-0.4290397770814281,1.6910951839932402,0.0
34,2018,China,-4.4531081444661735,0.028054896966116287,1.2016777154934852,-3.223375532006571,-3.8522692867194306,0.6288937547128589,2.061787819541548,0.0
147,2018,China,2.705386019822003,2.579455518938639,-6.121463480362501,-0.8366219416018587,-0.35534572035924744,-0.48127622124261127,0.5411313754648039,0.0
19,2018,China,5.810969975704645,0.5404440507270046,-0.548295319007378,5.803118707424272,5.536822316200956,0.26629639122331566,0.8165279680150458,0.0
139,2018,South Korea,3.5501292772788164,-4.382301257727357,1.7109407770941574,0.8787687966456166,4.4055996658258945,-3.526830869180278,0.0,0.0
81,2018,China,-4.6307263468406665,-4.017003006840048,4.516770591670583,-4.130958762010132,-2.372341051005375,-1.7586177110047567,-0.4907484981959917,0.0
131,2018,China,3.3419868247656934,0.12124069661732324,-3.7062048813544965,-0.24297735997148032,1.488884384088445,-1.7318617440599253,0.6083078707883997,0.0
97,2018,China,5.1692997111777474,4.11090719833209,-10.794618392410408,-1.514411482900569,-0.22800948502745608,-1.286401997873113,4.873696914801767,0.0
14,2018,China,-7.242160111185751,-3.1572949170758604,1.69269742958809,-8.706757598673521,-6.395811396391705,-2.3109462022818157,0.15810924273723811,0.0
109,2018,China,11.388527996887827,-0.043318131530723905,-0.6507095052355876,10.694500360121516,11.063173244270034,-0.3686728841485177,0.16972113680989073,0.0
63,2018,China,9.50331806106644,3.207944620814006,-7.011591842456401,5.699670839424054,5.997522139838243,-0.2978513004141892,-0.06795337036655837,0.0
45,2018,China,-1.718957441218152,-0.06619485033123311,-1.688683206233569,-3.4738354977829538,-2.5632990443349364,-0.9105364534480176,0.0,0.0
74,2018,China,3.0231273346927705,1.4359130735863324,-0.4679095453001384,3.9911308629789644,2.7891725620427015,1.201958300936263,0.3540838540626303,0.0
89,2018,China,9.158603866416287,0.16173244436904066,-2.1290544869931156,7.191281823792211,8.09407662291973,-0.9027947991275171,1.6624108382823997,0.0
88,2018,China,-3.0049914740129533,1.0293632664737924,-0.1350164705792861,-2.110644678118447,-3.0724997093025963,0.9618550311841493,0.5105357033427108,0.0
38,2018,China,8.319918909034454,0.42163402191608984,-3.3085475967555413,5.433005334195002,6.665645110656683,-1.232639776461681,-0.36818637245933306,0.0
57,2018,Vietnam,29.158603599232976,0.9069625667148943,-11.85540631810266,18.210159847845212,23.230900440181646,-5.020740592336435,19.131676359543604,0.0
50,2018,China,0.08579910195918368,-0.8765194447883746,-0.03649974613064237,-0.8272200889598335,0.06754922889386249,-0.8947693178536958,0.0,0.0
24,2018,China,7.470722694094563,-0.18645898040111009,0.4512775506502169,7.73554126434367,7.6963614694196725,0.039179794923998396,-0.4989493031464062,0.0
0,2018,China,9.471364513782794,0.07970019558628492,-1.3339268939726627,8.217137815396416,8.804401066796462,-0.5872632514000464,0.0,0.0
1,2018,China,9.245400962367112,-0.7903918543712658,-0.8672679499154805,7.587741158080365,8.81176698740937,-1.224025829329006,0.0,0.0
3,2019,China,-14.002353121754222,-2.959428023228458,2.203038191003285,-14.758742953979395,-12.900834026252578,-1.8579089277268157,0.005613339939689894,0.0
46,2019,China,2.900337329587353,3.387032560962237,-3.7321134930702904,2.5552563974793,1.0342805830522075,1.5209758144270924,-0.043981379508134834,0.0
124,2019,China,-2.526679859109172,-0.5821475420715955,0.052224771974149195,-3.056602629206618,-2.500567473122097,-0.5560351560845208,-0.25648792457775627,0.0
101,2019,China,-0.11582933123718284,-0.8056316249091713,0.29670596808839766,-0.6247549880579566,0.03252365280701598,-0.6572786408649726,0.0027675604540206857,0.0
135,2019,Japan,16.77111494127145,4.99869079486197,-6.99498795956858,14.774817776564838,13.27362096148716,1.5011968150776807,-1.131733860531546,0.0
168,2019,China,5.197690289013295,-0.3869344123218874,-3.759917615914616,1.0508382607767919,3.3177314810559873,-2.2668932202791954,-0.39067714265040604,0.0
169,2019,China,-13.513830410398404,0.025289073958481546,-1.9743627354129551,-15.462904071852876,-14.50101177810488,-0.9618922937479961,0.2888171251104219,0.0
165,2019,China,2.6099345588456027,-0.2646327951953162,-2.8641677657389555,-0.5188660020886692,1.177850675976125,-1.696716678064794,1.1207349771485222,0.0
4,2019,China,-1.7041933245529668,5.1430725779855555,-6.619794670148008,-3.1809154167154183,-5.014090659626971,1.8331752429115518,0.9297884510081766,0.0
52,2019,China,1.5961266748108345,0.42522568607447353,-0.49627175117012207,1.5250806097151859,1.3479907992257734,0.17708981048941247,0.0,0.0
92,2019,China,-13.82618325074539,-3.4281004290445165,-1.8129864978113517,-19.06727017760126,-14.732676499651065,-4.334593677950192,4.077046775465671,0.0
32,2019,China,-1.8385456427659617,1.6259621162691555,-3.914685864672793,-4.127269391169599,-3.7958885751023583,-0.3313808160672406,-0.15778941474394145,0.0
98,2019,China,-13.39030081923652,2.4023012688855165,-2.857712488405148,-13.845712038756162,-14.819157063439098,0.9734450246829369,0.0,0.0
147,2019,China,1.6421571436834057,0.14606634110207845,-4.638408479887251,-2.850184995101767,-0.6770470962602196,-2.173137898841547,-0.12301320694922695,0.0
34,2019,China,0.24431205857371685,2.8280388247520065,-1.9378567443355244,1.1344941389901988,-0.7246163135940453,1.8591104525842441,1.4130474818834051,0.0
139,2019,South Korea,-4.521677364609145,-4.993593857741338,2.538637644649636,-6.976633577700847,-3.2523585422843273,-3.72427503541652,0.0,0.0
81,2019,China,-0.607257409746116,-0.7513863072160323,0.6774109332560863,-0.6812327837060621,-0.2685519431180729,-0.4126808405879892,-0.07651758134976369,0.0
71,2019,Taiwan,5.740996991419891,-5.632970999834532,4.639924528883603,4.7479505204689625,8.060959255861693,-3.3130087353927298,2.3112308160859403,0.0
131,2019,China,-10.125365963146121,0.20180648671062662,-4.220427044550872,-14.143986520986369,-12.235579485421558,-1.9084070355648095,0.17700770313661768,0.0
97,2019,China,1.5035771288929607,-0.06017500818829484,-6.188832559087577,-4.74543043838291,-1.5908391506508275,-3.154591287732083,3.9806432062171306,0.0
72,2019,China,-1.665235649399424,-2.1221581802248584,-0.17545025405451956,-3.962844083678802,-1.7529607764266837,-2.209883307252118,-0.15187131257897246,0.0
109,2019,China,-15.75627472975389,-2.595291061773673,2.2375954200342387,-16.113970371493323,-14.637477019736773,-1.4764933517565535,0.4718497548943146,0.0
45,2019,China,2.6020067914116334,3.2115384237020024,-4.6750144960431035,1.1385307190705323,0.26449954339008186,0.8740311756804505,0.0,0.0
88,2019,China,-15.441278823913827,1.3519379448222848,-0.3362047565288534,-14.425545635620395,-15.609381202178254,1.183835566557858,0.6120831167581711,0.0
89,2019,China,-15.876473161301233,-2.3561034547923185,1.4828364445762077,-16.749740171517345,-15.135054939013129,-1.6146852325042145,0.6722036858925402,0.0
74,2019,China,-8.874167735665598,-0.7335727519705967,0.9811862103077011,-8.626554277328493,-8.383574630511747,-0.24297964681674614,0.6326486591872196,0.0
38,2019,China,-16.48876005293982,-3.155717808341145,1.0792546560741265,-18.56522320520684,-15.949132724902757,-2.6160904803040816,-1.005348458270806,0.0
63,2019,China,2.5089341484217518,1.6134891213678633,-5.362148781849616,-1.2397255120600004,-0.1721402425030558,-1.0675852695569445,0.24663498253634894,0.0
14,2019,China,-2.9376798321497906,-2.581047672519005,0.7011748461823768,-4.817552658486418,-2.587092409058602,-2.2304602494278165,0.7760180083899778,0.0
57,2019,Vietnam,29.2713311320694,-3.734789060002592,-4.360743569323292,21.17579850274352,27.090959347407754,-5.915160844664237,16.719467800254026,0.0
19,2019,China,-11.625563684594187,0.35644251841498975,1.5895314758172086,-9.679589690361988,-10.830797946685582,1.151208256323594,0.5675025337896328,0.0
50,2019,China,-13.450260722090995,-0.5587706679843178,-0.23998346425549433,-14.249014854330808,-13.570252454218743,-0.678762400112065,0.0,0.0
24,2019,China,-19.937707731327116,-3.892112558593302,4.3150157219980185,-19.5148045679224,-17.780199870328108,-1.734604697594292,0.2883901646952032,0.0
1,2019,China,-12.228661147755266,-2.0519323228135513,1.1937715383778005,-13.086821932191018,-11.631775378566367,-1.455046553624651,0.0,0.0
0,2019,China,-16.060966442885963,-2.744605619481248,2.377701217544228,-16.427870844822984,-14.87211583411385,-1.5557550107091342,0.0,0.0
46,2020,China,5.719745087682854,3.2390962946358828,-3.5330541646147076,5.42578721770403,3.9532180053755006,1.472569212328529,-0.015372019200689452,0.0
112,2020,Vietnam,11.989500390996035,-0.40490701690716335,-0.35410247529570504,11.230490898793166,11.812449153348181,-0.5819582545550158,0.1159584845697698,0.0
130,2020,Vietnam,11.45492483097425,-6.227688935634784,4.630549000440932,9.857784895780398,13.770199331194718,-3.9124144354143184,-0.9317129589077411,0.0
39,2020,Taiwan,3.305581451072448,-3.0149320224067933,-0.1524549876063104,0.13819444105934392,3.2293539572692924,-3.0911595162099483,2.2577806873454676,0.0
66,2020,China,-8.64077109905463,-7.268267512403701,0.9609730991039271,-14.948065512354406,-8.160284549502668,-6.787780962851738,4.6335165669456915,0.0
111,2020,China,2.933854684422268,4.021212161476863,-3.220465022748801,3.7346018231503306,1.3236221730478674,2.410979650102463,-0.03708325241977443,0.0
115,2020,Vietnam,7.059217743607947,0.472865168349749,-1.5985664220046376,5.933516489953059,6.2599345326056275,-0.3264180426525698,-0.07072149283479506,0.0
135,2020,Japan,14.044475816584972,2.308210637556972,-4.5759094584990585,11.776776995642885,11.756521087335443,0.020255908307442838,-0.5697421852145432,0.0
168,2020,China,-1.8647164458577477,2.418846849893007,-5.6608014823685835,-5.106671078333324,-4.695117187042039,-0.4115538912912847,-0.34603637029369266,0.0
169,2020,China,-14.750380717261363,1.9028438916764538,-3.5064529663602038,-16.35398979194511,-16.503607200441465,0.14961740849635194,-0.1270295573998555,0.0
165,2020,China,-2.44527089031981,2.025347303181308,-5.722178038235662,-6.142101625374164,-5.306359909437641,-0.8357417159365231,1.6780364796670424,0.0
107,2020,Vietnam,11.205361483112949,-6.535530170300998,5.193650855666119,9.863482168478072,13.80218691094601,-3.938704742467938,-0.49486250284161737,0.0
147,2020,China,-6.326841835913507,0.42040371076330413,-4.205892840637841,-10.112330965788043,-8.42978825623243,-1.6825427095556162,0.09434665075733367,0.0
52,2020,China,6.60549295192668,0.255406016030899,-0.6053160940490611,6.2555828739085175,6.3028349049021495,-0.04725203099363151,0.0,0.0
101,2020,China,2.734624864140359,-2.4018059853010927,2.6096033737440507,2.942422252583317,4.039426551012385,-1.0970042984290673,-0.5905069725713558,0.0
124,2020,China,1.087256895798972,-2.220361205403166,2.175034793945433,1.0419304843412391,2.1747742927716884,-1.1328438084304495,-0.12967759385710884,0.0
139,2020,South Korea,7.562566734773443,-0.8755662190726656,-1.7199983770300964,4.967002138670681,6.702567546258395,-1.7355654075877136,0.0,0.0
71,2020,Taiwan,6.529623010729726,-7.770188918799051,6.833252742744699,5.592686834675375,9.946249382102076,-4.3535625474267015,2.179352309331592,0.0
78,2020,China,-1.6340147553395756,-3.055224290246977,-0.011452302387798026,-4.700691347974351,-1.6397409065334745,-3.060950441440876,0.7562136402998023,0.0
131,2020,China,-11.48347920440129,1.621739450814961,-5.086860743560296,-14.948600497146622,-14.026909576181437,-0.9216909209651867,-0.46878604699763143,0.0
98,2020,China,-18.01115355116658,3.7417334514647154,-3.4114935861508267,-17.68091368585269,-19.716900344241996,2.0359866583893025,0.0,0.0
97,2020,China,15.805667169150151,3.4565873938221428,-9.839645620305536,9.42260894266676,10.885844358997383,-1.463235416330625,4.29576667556261,0.0
91,2020,China,9.092881339208402,5.449077982441493,-2.5515238153882227,11.990435506261672,7.81711943151429,4.173316074747382,4.848891172234855,0.0
72,2020,China,12.70197892715155,1.0796234471090354,-3.7019775609012906,10.079624813359295,10.850990146700905,-0.7713653333416101,0.13143881576718508,0.0
109,2020,China,-5.097736304526303,-0.204420940391941,-0.37498497680718307,-5.677142221725426,-5.285228792929894,-0.39191342879553254,0.6472401868839796,0.0
34,2020,China,1.7586098264784336,0.8165161321920152,-0.0007278221779202056,2.574398136492529,1.7582459153894734,0.8161522211030552,1.4256464362237087,0.0
4,2020,China,13.954309260610358,8.268658385528587,-13.445746090747882,8.777221555391064,7.2314362152364176,1.5457853401546466,6.197430014254955,0.0
81,2020,China,3.7473953573875036,-2.744974825415518,2.6792122189257213,3.6816327508977063,5.0870014668503645,-1.4053687159526576,0.8289711665212782,0.0
3,2020,China,-3.2015155654319107,0.7342747336604182,-2.5555161623162133,-5.022756994087706,-4.479273646590017,-0.5434833474976885,-0.4071662185759387,0.0
92,2020,China,-1.3470797251145388,-2.738245264105459,-2.859119813272983,-6.94444480249298,-2.77663963175103,-4.167805170741951,4.318143384600419,0.0
88,2020,China,-17.179351525039024,2.03774135060531,-2.2286742007605245,-17.370284375194238,-18.29368862541929,0.9234042502250479,1.096173884742486,0.0
89,2020,China,-2.4717506742611848,-1.8279948024463322,0.5459498711858269,-3.75379560552169,-2.1987757386682714,-1.5550198668534185,0.9212582525425724,0.0
74,2020,China,2.8635376979958957,2.5691160490733425,-1.1792027591707313,4.253450987898506,2.27393631841053,1.9795146694879766,0.34160523929060677,0.0
45,2020,China,3.6361498633950036,0.8162071481815549,-1.86961691810147,2.582740093475089,2.701341404344269,-0.11860131086917992,0.0,0.0
57,2020,Vietnam,25.513062753851845,-5.743038496922693,-5.492295741169536,14.277728515759627,22.76691488326708,-8.489186367507456,16.921380436713065,0.0
38,2020,China,-2.1664079473078366,-1.5116304191666876,0.07197483477323406,-3.6060635317012903,-2.1304205299212198,-1.4756430017800706,-1.4054397499527131,0.0
14,2020,China,-5.245639537833934,-2.953691566541912,0.8567236131984698,-7.342607491177376,-4.817277731234698,-2.5253297599426774,0.9473928658085048,0.0
63,2020,China,-7.0130538879182245,1.6202867381203665,-5.366518575707951,-10.759285725505809,-9.696313175772199,-1.0629725497336089,0.41165918811780994,0.0
32,2020,China,14.332411366545122,8.926886216147912,-7.869859841168463,15.389437741524572,10.397481445960892,4.99195629556368,0.3576865690189096,0.0
50,2020,China,-14.840785737533615,1.2786215739023292,-2.09346850492917,-15.655632668560457,-15.887519989998198,0.2318873214377443,0.0,0.0
24,2020,China,-11.663189207751048,-0.9793818557126996,1.5623892706106348,-11.080181792853113,-10.881994572445729,-0.19818722040738232,-0.28168488799378333,0.0
19,2020,China,-12.269132156578,0.11722243539458219,0.5942801390933995,-11.55762958209002,-11.9719920870313,0.4143625049412819,0.7564995997456363,0.0
1,2020,China,-8.845664180258057,0.1486571868904593,-0.43508496277778963,-9.132091956145388,-9.063206661646953,-0.0688852944984355,0.0,0.0
0,2020,China,-7.594838750985102,-0.07771559445398174,-0.2770558681567371,-7.94961021359582,-7.733366685063469,-0.2162435285323503,0.04287773305904685,0.0
21,2021,China,-2.6499518932159702,9.585270800736163,-10.468577056596967,-3.5332581490767616,-7.8842404215144475,4.350982272437686,0.39199784448118,0.0
135,2021,Japan,18.00509690272267,2.812364817057497,-4.3356684655015965,16.48179325427857,15.837262669971873,0.6445305843066986,-1.681021472666399,0.0
168,2021,China,10.485998848364286,-0.3684737809471052,-3.4477105274983857,6.6698145399187965,8.762143584615094,-2.092329044696298,-0.6437769892323647,0.0
169,2021,China,8.014513723518297,-2.9426021626732703,1.2571880867869418,6.32909964763197,8.643107766911768,-2.314008119279799,0.5601743486107468,0.0
143,2021,Vietnam,1.3558442712704284,-4.706073829335859,3.6176591423674567,0.26742958430202685,3.164673842454157,-2.8972442581521296,0.4988058036531927,0.0
165,2021,China,11.753570386112811,0.6923607890682063,-3.3517515858056757,9.094179589375342,10.077694593209973,-0.9835150038346315,0.3869036356156884,0.0
159,2021,Vietnam,15.283244362836374,-1.4874515839986928,-2.6123503290858276,11.183442449751853,13.97706919829346,-2.7936267485416066,5.207620930499107,0.0
62,2021,Taiwan,-6.910696783441598,-12.188786359220567,12.575925957746337,-6.523557184915829,-0.6227338045684304,-5.900823380347398,-0.56319059046041,0.0
133,2021,Vietnam,3.9112790798028936,-2.794902912341573,2.814269935980198,3.9306461034415188,5.318414047792992,-1.3877679443514739,-0.7008893477520188,0.0
147,2021,China,7.4590207555247146,1.1474951059233616,-5.122046558472873,3.484469302975203,4.897997476288278,-1.4135281733130753,-0.5254069587109956,0.0
141,2021,Vietnam,7.697168025513625,5.7878242221606415,-4.232317025028487,9.25267522264578,5.581009512999381,3.6716657096463985,3.520767865147066,0.0
86,2021,Vietnam,2.798558650913643,-3.5311821134064467,3.514038024778962,2.781414562286159,4.555577663303124,-1.7741631010169656,-2.0752495933613924,0.0
139,2021,South Korea,2.9512753911965506,-6.114235827555162,3.1636450347529723,0.0006845983943603745,4.533097908573037,-4.5324133101786765,0.0,0.0
39,2021,Taiwan,-5.7785703842541425,-8.284809769154052,9.517184567115217,-4.546195586292978,-1.0199781006965343,-3.5262174855964434,1.1636125791389094,0.0
115,2021,Vietnam,1.71879194945526,4.202794067917568,-4.415846945210554,1.5057390721622734,-0.4891315231500173,1.9948705953122907,0.8484757552789968,0.0
8,2021,China,1.3436295126892417,4.0391775021263445,-8.58134759321626,-3.198540578400673,-2.947044283918888,-0.25149629448178523,0.6429172349647713,0.0
71,2021,Taiwan,-2.915963752256975,-14.770888376661476,13.785019309263124,-3.901832819655325,3.976545902374588,-7.878378722029913,2.069330159440261,0.0
119,2021,China,-2.513104383108454,5.174798705797562,-9.09540174587514,-6.433707423186033,-7.060805256046025,0.6270978328599918,0.21179927856714723,0.0
126,2021,Vietnam,12.592023277936837,5.981504692554201,-7.042064314246782,11.531463656244254,9.070991120813446,2.4604725354308097,5.265588560726578,0.0
131,2021,China,10.256697737410125,-4.380577991689059,-0.1397160006240671,5.736403745096999,10.186839737098092,-4.4504359920010925,1.8628674550171975,0.0
130,2021,Vietnam,7.591549584073315,-1.6888077301862803,1.2119811474137396,7.114723001300775,8.197540157780185,-1.0828171564794107,1.6294633333619806,0.0
124,2021,China,-0.9832821318589914,-4.059316753563607,2.070350706109432,-2.9722481793131657,0.051893221195724905,-3.0241414005088907,0.7596202094172122,0.0
118,2021,China,-7.770625712682355,-4.481268566329863,5.3073457602918195,-6.9445485187203975,-5.1169528325364455,-1.8275956861839526,0.0,0.0
120,2021,China,-1.7186236310859333,-3.272734823856323,0.8098093989611789,-4.181549055981077,-1.313718931605344,-2.8678301243757334,0.7290994397634771,0.0
41,2021,China,-5.337382162119757,2.3546464489876135,-3.8078553538729674,-6.790591067005111,-7.241309839056241,0.45071877205112987,1.7407891088716827,0.0
111,2021,China,-0.3762162106857333,1.5057676443394583,-1.4835603746901465,-0.3540089410364215,-1.1179963980308065,0.763987456994385,2.73404028040186,0.0
112,2021,Vietnam,9.037911690836777,4.43216483021604,-3.729512317048685,9.740564204004134,7.173155532312435,2.5674086716916973,0.9955063470205866,0.0
103,2021,China,-8.616209570970492,-0.11564432872730865,-0.6087122570096459,-9.340566156707446,-8.920565699475315,-0.4200004572321316,2.780651871319561,0.0
109,2021,China,6.186366433444189,-4.729593546745516,3.5379184956577916,4.994691382356464,7.955325681273085,-2.960634298916621,0.9282358735210635,0.0
107,2021,Vietnam,5.071689707400016,-3.2784255888794127,2.4508771813434866,4.24414129986409,6.297128298071759,-2.052986998207669,3.1968365598894968,0.0
47,2021,China,-1.9141987496010637,3.585110523448819,-2.2526438212280286,-0.5817320473802731,-3.040520660215078,2.458788612834805,0.6143095975401438,0.0
97,2021,China,4.900314346545015,1.8852787502885593,-5.842020161181776,0.9435729356517982,1.979304265954127,-1.0357313303023288,3.1229779687104453,0.0
101,2021,China,-0.029578884706960257,-4.5414781479711115,4.039774336531178,-0.5312826961468834,1.9903082835586337,-2.521590979705517,0.020404980995763575,0.0
98,2021,China,6.079254665332577,-1.5813556584069295,2.381073339484975,6.878972346410622,7.269791335075064,-0.3908189886644421,0.0,0.0
64,2021,Vietnam,-5.312534681912924,-0.29383130204644525,-0.241671293375337,-5.848037277334706,-5.433370328600592,-0.4146669487341138,0.0,0.0
12,2021,China,-0.7054655903915841,2.3684321063677487,-1.019877179606756,0.6430893363694089,-1.215404180194962,1.858493516564371,2.6235517431951205,0.0
92,2021,China,-3.2056875568931753,-2.736808680557116,-0.7464544862022909,-6.6889507236525825,-3.578914799994321,-3.1100359236582613,1.1521216855341128,0.0
88,2021,China,7.420479681041171,-3.5591296839632864,1.7397355556771146,5.6010855527549985,8.29034745887973,-2.6892619061247296,2.237498016185523,0.0
89,2021,China,-0.8619951207619022,-3.3325980572425946,2.1283366091811176,-2.066256568823379,0.2021731838286566,-2.268429752652036,0.5843501233962025,0.0
90,2021,China,-3.2886464227478664,0.8659482324228921,1.40582994100099,-1.016868249323985,-2.585731452247372,1.568863202923387,2.5162994888739223,0.0
91,2021,China,-2.482721553763579,3.4733974113768085,-0.9881967186385454,0.0024791389746838437,-2.976819913082852,2.9792990520575358,8.213680738690913,0.0
46,2021,China,2.7111309499179765,1.018134473891591,-0.8652894792314761,2.8639759445780912,2.2784862103022387,0.5854897342758528,-0.5793956858216136,0.0
82,2021,China,9.833843193884597,-4.473305953984832,1.1321762123430068,6.492713452242771,10.399931300056101,-3.9072178478133286,-0.1382704702088082,0.0
52,2021,China,2.6285580098217856,-1.9165111269071116,1.5547444105217658,2.26679129343644,3.4059302150826687,-1.1391389216462284,0.0,0.0
78,2021,China,1.6511942322304543,-6.671353068954898,4.21074350038529,-0.8094153363391535,3.7565659824230995,-4.565981318762254,0.35705114165841434,0.0
81,2021,China,-0.4642182934891437,-4.095739757471188,4.4025317511418205,-0.15742629981851233,1.7370475820817664,-1.8944738819002787,0.7038038559769263,0.0
74,2021,China,-7.058705963529771,-2.412974282903111,2.135915723485048,-7.335764522947833,-5.990748101787246,-1.3450164211605864,0.06961735424155732,0.0
72,2021,China,-3.1766850927304935,-2.212871969475914,0.7876150800737518,-4.601941982132656,-2.782877552693617,-1.8190644294390383,-0.31336280522730137,0.0
66,2021,China,-8.726314606130181,-6.721865504014874,0.9427731980249491,-14.505406912120106,-8.254928007117707,-6.250478905002398,4.69749759304806,0.0
63,2021,China,9.305496605260243,0.3693955486462486,-5.472052530983044,4.20283962292345,6.569470339768722,-2.3666307168452736,1.684075362394368,0.0
57,2021,Vietnam,13.30321554334275,-3.2279772795234174,-3.1328501793432837,6.9423880844760495,11.736790453671109,-4.794402369195058,16.201523259102018,0.0
35,2021,China,-2.990157944986281,-1.0612243371076053,-2.297352103162705,-6.348734385256592,-4.138833996567634,-2.209900388688958,1.7069138183631674,0.0
45,2021,China,0.11695901865681145,0.40762619128626076,-0.9816306936053297,-0.4570454836622575,-0.3738563281458534,-0.08318915551640409,0.0,0.0
50,2021,China,7.641142263546192,-4.231750736309964,2.7957524708136567,6.205143998049885,9.03901849895302,-2.8338745009031356,0.0,0.0
34,2021,China,-2.4494060498821577,0.09525928763470504,1.8747354492205481,-0.47941131302690465,-1.5120383252718836,1.0326270122449792,1.0029998259124029,0.0
37,2021,China,-8.047698260320809,-5.020436039951892,3.723762526236238,-9.34437177403646,-6.185816997202689,-3.1585547768337725,0.7125946773911058,0.0
38,2021,China,-3.4965237399654825,-4.068403264421052,2.3608267009028414,-5.204100303483694,-2.316110389514062,-2.887989913969632,1.0176453515646933,0.0
6,2021,China,6.989939166991661,-6.587838494073892,2.989153439347849,3.391254112265618,8.484515886665585,-5.093261774399967,0.5081572080747763,0.0
32,2021,China,1.7125929215375697,7.395550226836539,-5.3113933138916645,3.796749834482444,-0.9431037354082623,4.739853569890706,-0.08556827950994332,0.0
28,2021,China,7.5259663475115275,-5.578060450231711,1.99920923889994,3.947115136179756,8.525570966961496,-4.578455830781741,2.1699522613443882,0.0
14,2021,China,-2.2795634680610055,-6.947177377233568,5.605670150828759,-3.6210706944658146,0.5232716073533741,-4.144342301819189,0.4521612006367194,0.0
24,2021,China,4.209483719167421,-4.969633209423675,4.566608596672316,3.8064591064160624,6.492788017503579,-2.6863289110875166,0.516832262439175,0.0
19,2021,China,8.824986633996849,-4.879147578351612,4.010270158765355,7.956109214410592,10.830121713379526,-2.874012498968934,1.1070268496255535,0.0
4,2021,China,-3.784648129990844,6.471840155076042,-4.21657009429471,-1.529378069209512,-5.8929331771381985,4.363555107928686,2.7774461144182627,0.0
3,2021,China,7.126471918083226,-5.186143907901365,3.332501394276519,5.27282940445838,8.792722615221486,-3.5198932107631054,0.25849256664926107,0.0
1,2021,China,8.653529907314116,-4.015592817826079,2.9060907768319653,7.544027866320002,10.106575295730098,-2.5625474294100967,0.0,0.0
0,2021,China,6.352073906992708,-3.782601790197746,3.0502575857885654,5.619729702583528,7.877202699886991,-2.2574729973034633,-0.09346112164512485,0.0
110,2022,China,9.85581538389868,3.0034923887409097,-3.7717492502452847,9.087558522394303,7.969940758776037,1.1176177636182671,0.20735588143635658,0.0
168,2022,China,4.726013419542472,3.281109323477084,-7.446935347072421,0.5601873959471357,1.002545746006262,-0.44235835005912616,-0.6350117268198127,0.0
169,2022,China,-4.9042548972348,2.2672217923580464,-4.661466407003392,-7.298499511880145,-7.234988100736495,-0.06351141114364939,1.605439902286197,0.0
165,2022,China,6.494125492307259,2.140243508844368,-6.071681755281768,2.562687245869859,3.4582846146663755,-0.8955973687965163,2.321467874104527,0.0
166,2022,Japan,7.266100069871513,2.9357011187664104,-4.337578518558538,5.864222670079386,5.097310810592243,0.7669118594871412,0.642489607676683,0.0
159,2022,Vietnam,11.449702003281443,-1.9977757875214779,-1.65494753329869,7.7969786824612735,10.622228236632097,-2.825249554170823,4.167710839114955,0.0
143,2022,Vietnam,-1.9918435698340735,-4.531312801534752,3.5064027382032514,-3.0167536331655738,-0.2386422007324477,-2.778111432433126,0.14878522140663047,0.0
147,2022,China,-0.45655003309315567,3.3873108161133176,-6.887999001896547,-3.957238218876385,-3.9005495340414282,-0.05668868483495599,-1.115412784575021,0.0
62,2022,Taiwan,5.506902442827553,-3.8125518266369993,4.8664637948043685,6.560814410994922,7.940134340229737,-1.379319929234815,-0.530981934120458,0.0
133,2022,Vietnam,0.894559066318554,-3.3527681767935995,3.6265212596947616,1.1683121492197164,2.707819696165935,-1.5395075469462185,-0.2894976131826017,0.0
141,2022,Vietnam,4.523659665195759,4.2265203627124714,-3.245644048636656,5.504535979271575,2.900837640877431,2.603698338394143,3.8577288591421692,0.0
139,2022,South Korea,7.235902928554166,-1.5451346143170908,-0.8732687487045766,4.8174995655325,6.799268554201879,-1.981768988669379,0.0,0.0
119,2022,China,17.75479743893906,15.33717812643024,-18.64231716930822,14.44965839606108,8.43363885428495,6.01601954177613,-0.02094578393218877,0.0
135,2022,Japan,17.825791404328296,2.8299596757818173,-8.794269914548977,11.861481165561134,13.428656447053806,-1.5671752814926714,0.17819814993424468,0.0
126,2022,Vietnam,4.826099608433399,3.235064672492053,-4.177249163446669,3.883915117478783,2.7374750267100647,1.1464400907687184,4.768568407941372,0.0
131,2022,China,-1.3724427768930039,2.8591444885110886,-5.978200724977038,-4.491499013358953,-4.3615431393815225,-0.12995587397743005,-0.4892420535239517,0.0
39,2022,Taiwan,7.419954049428519,1.936452486756357,-1.1360531707941495,8.220353365390727,6.851927464031443,1.3684259013592823,0.9815275551130197,0.0
130,2022,Vietnam,5.725473145672783,-2.0003812554759817,0.9883394465523495,4.713431336749151,6.219642868948958,-1.5062115321998069,1.2663623791717138,0.0
124,2022,China,3.2791752408804933,-1.8326395745724744,0.17802004488699985,1.6245557111950188,3.368185263323994,-1.7436295521289746,0.503117205862867,0.0
118,2022,China,-3.7065597487975275,0.7837346776670066,0.1608730252828145,-2.7619520458477065,-3.62612323615612,0.8641711903084138,0.0,0.0
120,2022,China,4.389072059569358,1.1739265691886052,-3.3523253501625225,2.210673278595441,2.712909384488097,-0.5022361058926562,-0.622512971103181,0.0
41,2022,China,6.774851922631396,7.443991676147012,-8.180039177354237,6.038804421424171,2.684832333954278,3.353972087469893,0.7476721057969027,0.0
115,2022,Vietnam,-1.9093266753459137,2.5475793177287542,-3.753360824552647,-3.1151081821698066,-3.786007087622237,0.6708989054524305,1.2046186340632352,0.0
111,2022,China,13.204625268267153,5.789110707081395,-6.266578753868222,12.727157221480326,10.071335891333042,2.6558213301472837,3.3215349291586773,0.0
112,2022,Vietnam,6.217398616363228,2.9764346593275257,-2.9684640516313037,6.22536922405945,4.733166590547577,1.4922026335118739,0.6035096721334278,0.0
108,2022,China,-6.665314631455929,2.26053296222903,-2.8901525802822414,-7.294934249509128,-8.110390921597043,0.8154566720879155,-0.00409642789951761,0.0
109,2022,China,-0.2446608150368705,1.7028587553075347,-0.970150246361783,0.4880476939088811,-0.729735938217762,1.217783632126643,-0.05986723018644788,0.0
107,2022,Vietnam,4.112547801932498,-2.6097589934321688,1.2458793906930135,2.748668199193344,4.7354874972790055,-1.986819298085662,2.7001763772825442,0.0
47,2022,China,11.41562532065574,6.037002765888044,-5.458028156540275,11.99459993000351,8.686611242385604,3.3079886876179065,1.6574119323580334,0.0
103,2022,China,12.181280852100599,8.4416439205191,-8.769916403688928,11.853008368930771,7.796322650256134,4.056685718674636,2.848179178757698,0.0
97,2022,China,17.002384263489535,4.70171515167336,-8.504887793277351,13.19921162188554,12.749940366850858,0.44927125503468396,2.9585557504559143,0.0
101,2022,China,4.133548175609116,-2.881099836829952,2.4306328837383573,3.683081222517521,5.348864617478294,-1.6657833949607732,0.025154282432642457,0.0
98,2022,China,-9.967322212940177,4.390057968608282,-2.7379831076674552,-8.31524735199935,-11.336313766773905,3.0210664147745545,0.0,0.0
44,2022,China,2.542920817677307,0.4880569850564985,-1.8584847199439722,1.172493082789833,1.6136784577053205,-0.44118537491548765,0.0,0.0
94,2022,China,-7.44223507223677,1.5193157281407523,-2.100157398669524,-8.023076742765541,-8.492313771571531,0.46923702880599033,0.0,0.0
92,2022,China,4.170951328208489,0.7174583668979921,-6.921058681333241,-2.0326489862267585,0.7104219875418697,-2.7430709737686283,5.571939149745577,0.0
88,2022,China,-6.167835715302566,4.2214842411795805,-3.520141783423677,-5.466493257546663,-7.927906607014404,2.4614133494677417,1.2566604407090933,0.0
89,2022,China,2.9361670510014974,1.2444469365686266,-2.882971308476474,1.2976426790936502,1.4946813967632606,-0.19703871766961045,0.9334748744156246,0.0
90,2022,China,10.913449744839205,5.673831139212493,-3.6643162038130526,12.922964680238646,9.08129164293268,3.841673037305967,1.0594947475944936,0.0
91,2022,China,10.300948358998168,7.701082484621943,-3.633466248343678,14.368564595276434,8.48421523482633,5.884349360450104,5.48305144141934,0.0
86,2022,Vietnam,3.5271280790887225,-3.197666143114332,1.8637588144830024,2.193220750457393,4.459007486330224,-2.2657867358728305,2.3000157590999706,0.0
82,2022,China,-0.669166383573778,-0.007732863594842027,-1.5200317278172761,-2.196930974985896,-1.429182247482416,-0.76774872750348,-0.49125080802544563,0.0
81,2022,China,4.080580489372402,-2.9797913938030653,3.1405393408664177,4.241328436435754,5.650850159805611,-1.4095217233698565,0.6523058883971902,0.0
78,2022,China,1.5485064954755994,-1.9082229933366415,-0.5448097718277976,-0.9045262696888396,1.2761016095617006,-2.1806278792505402,0.6034464869075097,0.0
76,2022,China,2.5802951507545315,1.9086765317511443,-4.352721893246192,0.1362497892594838,0.40393420413143555,-0.26768441487195177,1.0759461180944259,0.0
74,2022,China,7.877917916970628,3.3390570230533845,-1.8682503094924845,9.348724630531528,6.943792762224386,2.404931868307142,0.4316523788385418,0.0
71,2022,Taiwan,6.555555614657181,-6.750547706001016,7.267471997071081,7.072479905727247,10.189291613192722,-3.1168117074654744,1.5867472605619926,0.0
8,2022,China,14.297122306851223,10.306519419735896,-14.31912616737406,10.284515559213057,7.1375592231641924,3.146956336048866,-0.299003005930006,0.0
72,2022,China,3.875917655033042,-0.9210635159439021,-1.3893204292037842,1.5655337098853557,3.1812574404311498,-1.615723730545794,0.4487012243231195,0.0
70,2022,China,3.9952201645279546,-0.274125628444235,-1.2404176422115054,2.4806768938722144,3.375011343422202,-0.8943344495499876,-0.20612072914626337,0.0
64,2022,Vietnam,-11.983757005014139,-4.527746220538971,4.670171211397849,-11.841332014155261,-9.648671399315216,-2.1926606148400456,0.0,0.0
66,2022,China,-4.266261626859635,-7.614831899111617,-3.9189864450912486,-15.800079971062504,-6.22575484940526,-9.57432512165724,10.861828895123091,0.0
63,2022,China,1.7836169337047847,3.0689163001606348,-6.671786891822578,-1.8192536579571577,-1.5522765122065036,-0.26697714575065395,0.1371773618062571,0.0
52,2022,China,6.67330462942699,-1.7972701763083898,1.4755953659933188,6.351629819111919,7.411102312423649,-1.0594724933117303,0.0,0.0
57,2022,Vietnam,13.74230701823558,-2.4949326017593814,-4.655631369986912,6.591743046489287,11.414491333242124,-4.822748286752837,16.729794005785525,0.0
42,2022,Taiwan,2.867893347386235,-1.5029937866476841,1.6440462344187106,3.008945795157261,3.6899164645955898,-0.6809706694383288,0.10872240685423562,0.0
35,2022,China,3.8822311110569956,0.16476960461147694,-3.161127265798819,0.8858734498696532,2.3016674781575857,-1.4157940282879324,0.5434784652602869,0.0
46,2022,China,4.677361572849385,2.284841562076985,-1.4757552777610827,5.486447857165288,3.939483933968844,1.5469639231964438,0.4094241907236589,0.0
50,2022,China,-3.8343124126444748,2.958809604141511,-3.281381699172198,-4.156884507675162,-5.475003262230574,1.3181187545554118,0.0,0.0
45,2022,China,3.8185575637484432,1.24907177517434,-1.6650987956526575,3.4025305432701254,2.9860081659221147,0.4165223773480112,0.0,0.0
37,2022,China,-7.258122797003039,-1.1283140573462704,0.4317368018670138,-7.954700052482294,-7.042254396069532,-0.9124456564127635,-0.6797415665124782,0.0
38,2022,China,1.6377690793090804,1.9270685469467541,-2.1068583644586534,1.457979261797181,0.5843398970797538,0.8736393647174272,-0.47188668118532917,0.0
6,2022,China,2.950135598757133,-0.5148225546827594,-2.051231945419956,0.38408109865441786,1.9245196260471553,-1.5404385273927375,0.7211364570807863,0.0
34,2022,China,1.9672347624836783,1.6885738616507413,-0.09456813509450696,3.5612404890399123,1.9199506949364247,1.6412897941034876,1.290339739467316,0.0
21,2022,China,7.725905295885979,15.85801100811276,-15.008753970240408,8.575162333758334,0.22152831076577578,8.353634022992559,0.782279435371464,0.0
32,2022,China,12.350410001865834,10.556066955935524,-9.043404434399173,13.863072523402186,7.828707784666248,6.034364738735938,0.13646634077653313,0.0
28,2022,China,3.8104063856479575,2.2288016412381007,-2.6392838487458405,3.3999241781402176,2.4907644612750377,0.9091597168651803,-0.12197160981825873,0.0
14,2022,China,-1.2883429543933838,-1.2432585632395197,0.44176603833871264,-2.089835479294191,-1.0674599352240275,-1.0223755440701632,0.13137850606017087,0.0
24,2022,China,-5.0596848888173716,-0.9448971280392321,1.218176806992324,-4.78640520986428,-4.45059648532121,-0.33580872454307015,-0.4468205159815764,0.0
19,2022,China,-2.4869781766185115,1.4145730261847194,0.33749125700827615,-0.7349138934255163,-2.318232548114374,1.5833186546888574,0.47587299854798804,0.0
12,2022,China,12.20439362954675,8.56197120629312,-5.859620654530239,14.906744181309628,9.274583302281629,5.632160879027999,2.3804370416339053,0.0
4,2022,China,7.73938508604002,12.190504583762257,-8.973119640694215,10.95677002910806,3.2528252656929113,7.70394476341515,1.422150225455708,0.0
3,2022,China,-1.2989733169789712,1.1316904474693104,-0.7970030715696824,-0.9642859410793433,-1.6974748527638124,0.7331889116844692,-0.3848450271943413,0.0
1,2022,China,-1.5407871767866521,0.3614318487762015,-0.17274692202022782,-1.3521022500306785,-1.6271606377967662,0.27505838776608754,0.0,0.0
0,2022,China,-3.329343777225175,0.5439185182116149,-0.41339155245462544,-3.198816811468186,-3.536039553452488,0.33722274198430213,0.17642015461698266,0.0
168,2023,China,9.062987152614163,2.5925450591953014,-5.911058996316751,5.744473215492714,6.1074576544557875,-0.3629844389630738,-1.1632476943496375,0.0
169,2023,China,3.2063698506138225,0.060820926458815636,-1.641874285985207,1.6253164910874311,2.3854327076212187,-0.7601162165337877,0.1434251291989437,0.0
165,2023,China,11.219962906539392,2.418868862573148,-5.109151770205026,8.529679998907515,8.66538702143688,-0.13570702252936478,1.1134003434289075,0.0
166,2023,Japan,1.9001935514348798,0.5912052424640294,-2.0000736337120837,0.4913251601868254,0.9001567345788378,-0.4088315743920124,0.7209682490844744,0.0
159,2023,Vietnam,21.918805962600725,0.0061539787617209745,-5.64486072775195,16.280099213610498,19.09637559872475,-2.816276385114254,6.7902973955906125,0.0
56,2023,Vietnam,7.923278364645666,-2.3241516828901894,-3.2123928598398117,2.3867338219156657,6.31708193472576,-3.9303481128100946,7.488571984177267,0.0
147,2023,China,3.9132579023734633,2.0975615025268457,-4.28748227358549,1.7233371313148185,1.7695167655807178,-0.04617963426589942,-2.3310710839204702,0.0
143,2023,Vietnam,7.16173968368429,-1.9169219409994245,0.2757427162453559,5.520560458930222,7.299611041806969,-1.7790505828767464,1.0404103747789826,0.0
145,2023,Japan,43.88839739410569,-2.7438722586194126,-1.3788058736171636,39.765719261869116,43.198994457297104,-3.4332751954279943,0.5863424354342899,0.0
141,2023,Vietnam,13.7596921090544,6.912761143987491,-4.901580786200782,15.77087246684111,11.308901715954011,4.4619707508871,2.232247793054156,0.0
133,2023,Vietnam,10.217182019552396,-0.39787682864218105,0.7832724908105764,10.602577681720792,10.608818264957685,-0.00624058323689284,0.8690456266072606,0.0
139,2023,South Korea,6.969052412957251,0.22629613270945692,-2.770426434597727,4.424922111068981,5.5838391956583875,-1.1589170845894068,0.0,0.0
119,2023,China,10.30372069104439,10.336362349253674,-13.88324787891952,6.756835161378548,3.3620967515846316,3.394738409793915,-0.08543943437765922,0.0
125,2023,China,-1.0228901876800571,8.701526863926082,-8.380177299573194,-0.7015406233271712,-5.212978837466655,4.511438214139484,0.511506185395423,0.0
135,2023,Japan,14.158147749738479,-0.46008044299433715,-6.569688600983409,7.128378705760732,10.873303449246775,-3.7449247434860413,-0.022966724348915835,0.0
104,2023,China,-3.072696450789741,0.5750894422578228,-3.1028839567597952,-5.600490965291714,-4.624138429169639,-0.976352536122075,0.8481074700123914,0.0
131,2023,China,4.926389652919928,-0.4525444283311279,-3.5696378744098554,0.9042073501789452,3.141570715715001,-2.237363365536056,0.8419109914013033,0.0
126,2023,Vietnam,19.001194861300696,7.679753710369522,-8.70998626564823,17.97096230602199,14.64620172847658,3.324760577545407,5.369295457336082,0.0
130,2023,Vietnam,14.369537612095446,-0.47961046772565485,-1.091375698371257,12.798551445998532,13.823849762909816,-1.0252983169112833,2.4310021372179897,0.0
124,2023,China,-5.1423033221885985,-4.027080279696572,2.4067541812382527,-6.762629420646918,-3.9389262315694715,-2.823703189077446,0.46587150073701417,0.0
118,2023,China,-4.654867747668133,0.42090562250999447,0.9961656180693192,-3.2377965070888193,-4.156784938633474,0.918988431544654,0.0,0.0
120,2023,China,4.16650550735613,-2.8960777308008447,0.10883799729397146,1.3792657738492573,4.220924506003116,-2.8416587321538587,1.3379717882445752,0.0
114,2023,China,2.9966510525089527,0.9188972684912823,-1.5975920069969258,2.3179563140033093,2.19785504901049,0.12010126499281938,0.6667430552124307,0.0
62,2023,Taiwan,-5.47404510847576,-9.637478238282123,11.898174969502026,-3.213348377255856,0.4750423762752533,-3.6883907535311096,0.7488952595552845,0.0
115,2023,Vietnam,7.881765002279241,5.078214907364638,-5.731542897130833,7.228437012513046,5.015993553713824,2.212443458799222,1.2203678337360964,0.0
111,2023,China,-0.8818527947364507,3.8318479978883935,-4.459204460622753,-1.5092092574708105,-3.1114550250478272,1.6022457675770168,3.792214301689409,0.0
112,2023,Vietnam,16.173835065185706,5.588502889382627,-5.99140815920226,15.77092979536607,13.178130985584573,2.592798809781498,1.2992590507332944,0.0
108,2023,China,-1.4637261171494231,0.7514460426141355,-1.3990932144790236,-2.1113732890143107,-2.1632727243889347,0.05189943537462379,-0.22490326396123628,0.0
109,2023,China,1.106475381288162,0.8337793076144946,-1.0820606319493196,0.858194056953337,0.5654450653135022,0.29274899163983475,0.5482139585455951,0.0
110,2023,China,5.813211418484383,7.674000645005492,-7.278407208850482,6.2088048546393955,2.174007814059143,4.034797040580252,1.9186327781329,0.0
107,2023,Vietnam,12.628905519573271,-1.371446676084685,-0.8478670865295407,10.409591756959047,12.204971976308503,-1.7953802193494555,5.079811297295693,0.0
105,2023,China,8.49726686720537,9.774547004134558,-12.840958881789376,5.430854989550552,2.076787426310682,3.3540675632398695,2.5912913894115075,0.0
79,2023,China,9.069945308006279,1.0258126570301238,-2.5963243112989516,7.4994336537374515,7.771783152356804,-0.2723494986193521,-0.778255967387197,0.0
103,2023,China,3.286624696042087,9.205177532379123,-9.172259411660345,3.319542816760865,-1.2995050097880856,4.61904782654895,2.63309611676555,0.0
97,2023,China,4.451916441868752,1.7557376092429626,-5.663577697421568,0.5440763536901476,1.6201275931579686,-1.0760512394678212,3.1321836876218354,0.0
101,2023,China,-5.577489015085484,-5.312086101172005,4.769788934374844,-6.1197861818826444,-3.192594547898062,-2.9271916339845823,0.13320483936624092,0.0
98,2023,China,2.7575416469578613,1.6415181975499806,-0.8496424129099743,3.5494174315978677,2.3327204405028743,1.2166969910949936,0.0,0.0
94,2023,China,-1.987577065314506,-0.24343715529725646,-0.6466885778119642,-2.877702798423727,-2.310921354220488,-0.5667814442032386,0.0,0.0
85,2023,China,1.4840423193526953,9.332043445472706,-7.337077992260145,3.4790077725652555,-2.1844966767773775,5.663504449342632,2.684331790408393,0.0
92,2023,China,1.444309698764367,2.5829741708801692,-7.353244236500977,-3.325960366856441,-2.2323124194861217,-1.0936479473703196,4.2445608300611415,0.0
88,2023,China,2.0455220630562208,0.5552119939674108,0.07652092744929312,2.677254984472925,2.083782526780867,0.5934724576920575,0.9439168094452175,0.0
89,2023,China,3.6689602321991073,1.9837520147583645,-3.8372780315591535,1.8154342153983187,1.750321216419531,0.0651129989787877,1.6494308148647836,0.0
90,2023,China,-3.4864170382285384,3.72990427775475,-1.6083839502737685,-1.3648967107475567,-4.290609013365422,2.9257123026178657,2.550846295034642,0.0
91,2023,China,-3.7917057822495916,0.39117584822879653,0.0009904836141164629,-3.3995394504066785,-3.7912105404425334,0.39167109003585476,9.79893098483817,0.0
86,2023,Vietnam,12.268686997323758,-2.366291069881227,-0.7767344447833638,9.125661482659169,11.880319774932078,-2.7546582922729095,4.272749129491118,0.0
82,2023,China,4.739748221097616,0.36270754589301124,-2.383153140624615,2.7193026263660127,3.548171650785309,-0.8288690244192963,0.12903131044597274,0.0
81,2023,China,-5.773830494643269,-4.652837480557408,5.10029795087549,-5.326370024325187,-3.223681519205524,-2.102688505119663,0.5690222671257271,0.0
78,2023,China,4.1862649070330775,-0.763943039734976,-1.249698102320934,2.172623764977167,3.56141585587261,-1.388792090895443,0.7499443401848014,0.0
76,2023,China,7.7155942828697475,2.891113683331555,-4.864178085084193,5.74252988111711,5.283505240327651,0.4590246407894589,0.9436962886888125,0.0
74,2023,China,2.6850758988387193,7.775917197427367,-6.267037213927798,4.193955882338288,-0.4484427081251795,4.6423985904634675,0.29900535590915484,0.0
72,2023,China,2.7583199897565547,-1.8132236190668762,0.037644540634172954,0.9827409113238514,2.7771422600736413,-1.7944013487497898,0.2578354339730815,0.0
71,2023,Taiwan,0.744463692024788,-8.464338692902839,9.163988958432432,1.4441139575543815,5.326458171241005,-3.8823442136866233,1.4348726888645902,0.0
70,2023,China,12.430270414086243,0.6338846672847609,-2.3433947192150435,10.72076036215596,11.258573054478722,-0.537812692322761,0.03685286915897636,0.0
39,2023,Taiwan,-5.713055953046196,-2.886465196714348,5.784537742574083,-2.8149834071864612,-2.8207870817591547,0.005803674572693602,1.191631639209386,0.0
66,2023,China,-8.250316939347526,-4.4323665103997305,-3.82665404418338,-16.509337493930637,-10.163643961439215,-6.3456935324914205,9.09116521944787,0.0
63,2023,China,6.5561346154673235,3.1635263059623204,-6.631777343544329,3.0878835778853158,3.2402459436951596,-0.15236236580984383,0.3166621867689501,0.0
64,2023,Vietnam,-4.221354325850541,-3.6665658667344445,4.0040826102453995,-3.8838375823395865,-2.2193130207278413,-1.6645245616117452,0.0,0.0
57,2023,Vietnam,20.371730012240572,-1.0340450363902214,-5.941740388062479,13.39594458778787,17.40085981820933,-4.004915230421461,17.40786201101412,0.0
52,2023,China,-5.198062687866217,-3.6260602159220396,3.3377042031303406,-5.486418700657915,-3.5292105863010463,-1.9572081143568696,0.0,0.0
41,2023,China,-4.395457872212275,5.975064647142101,-6.163827825297178,-4.584221050367352,-7.477371784860864,2.8931507344935126,1.5235498252288986,0.0
35,2023,China,2.7002956928632265,-1.2452793701025335,-1.7750783700484385,-0.32006204728774607,1.8127565078390069,-2.132818555126753,1.1321823909800215,0.0
50,2023,China,2.427187250343135,0.031759388091413585,-0.724169798074547,1.7347768403600017,2.0651023513058617,-0.3303255109458599,0.0,0.0
47,2023,China,-1.5604536824636408,5.3611210191322725,-3.1042547729562684,0.6964125637123632,-3.1125810689417746,3.808993632654138,1.5851400025405953,0.0
45,2023,China,-3.357744460976026,0.3240208277380065,-0.9428701428417529,-3.9765937760797723,-3.829179532396903,-0.14741424368286987,0.0,0.0
46,2023,China,-4.587688445243082,-0.0632796003517321,0.8322887525904994,-3.8186792930043145,-4.171544068947832,0.3528647759435176,0.45602414295844257,0.0
42,2023,Taiwan,-2.187920457924891,-2.4947432649823966,2.9766999781792163,-1.7059637447280716,-0.699570468835283,-1.0063932758927887,0.10258951063427324,0.0
44,2023,China,6.730812451235571,1.9006546811318379,-2.0063049281405134,6.6251622042268945,5.727659987165314,0.8975022170615812,0.0,0.0
37,2023,China,-8.964410556887442,-0.7159116819611401,-0.05952339009101299,-9.739845628939594,-8.994172251932948,-0.7456733770066465,0.24458449367021684,0.0
38,2023,China,1.552183559930825,2.17386255758862,-2.8044872421454596,0.9215588753739854,0.14993993885809512,0.7716189365158903,-0.3072184258694985,0.0
34,2023,China,-5.892284106221161,0.2513862446491535,1.8989216521263756,-3.7419762094456313,-4.942823280157972,1.2008470707123413,1.1917059343748821,0.0
32,2023,China,2.0963894519480735,5.191153620545828,-4.079620214486099,3.207922858007802,0.05657934470502338,3.151343513302779,-0.2629686550312475,0.0
28,2023,China,6.4760134497596225,1.5578955619036434,-3.0294433506727962,5.004465660990469,4.961291774423224,0.04317388656724532,1.1662103478095736,0.0
14,2023,China,0.9042878379977741,-1.538059459745733,0.7795632455533157,0.14579162380535665,1.2940694607744319,-1.1482778369690751,0.6360559525000454,0.0
24,2023,China,-1.2098801285667629,-0.9927517239733687,1.0190263013018324,-1.1836055512382992,-0.7003669779158466,-0.4832385733224526,-0.5155148628092743,0.0
21,2023,China,-5.486170275367692,10.810473174025155,-10.106533732485271,-4.782230833827807,-10.539437141610328,5.7572063077825195,1.0260045163823208,0.0
19,2023,China,4.4048836136183755,0.12199754073634536,0.3805967932190339,4.9074779475737556,4.595182010227893,0.3122959373458623,0.7222475025657964,0.0
8,2023,China,3.321155481576728,4.4055287120229325,-5.150549551432049,2.5761346421676112,0.7458807058607034,1.8302539363069077,0.4291315726751308,0.0
6,2023,China,8.812894154811653,0.2800976860739267,-0.4710195267852264,8.621972314100352,8.57738439141904,0.04458792268131348,0.3026188943037375,0.0
12,2023,China,-1.912744410148949,6.794398122598561,-3.521968980566037,1.3596847318835747,-3.6737289004319678,5.0334136323155425,2.73100252031559,0.0
4,2023,China,1.1385983620660611,6.9069575189532895,-4.254933093760479,3.7906227872588723,-0.9888681848141784,4.7794909720730505,1.1302903760364222,0.0
3,2023,China,1.539364081942711,1.2237837148780084,-1.1818492270269003,1.581298569793819,0.9484394684292607,0.6328591013645584,-0.29818919581221515,0.0
1,2023,China,3.886311448259498,0.32918188363369444,-0.7601818491331611,3.455311482760032,3.506220523692918,-0.05090904093288611,0.0,0.0
0,2023,China,0.06390847485023106,0.746325019925691,-0.8725974671478824,-0.062363972371960445,-0.3723902587237102,0.3100262863517497,-0.05088127852534832,0.0
168,2024,China,5.190991008795229,2.6108574199154884,-6.368246485716557,1.4336019429941607,2.0068677659369505,-0.5732658229427898,-1.0239667034499491,0.0
169,2024,China,1.9212529309068793,1.96722909259712,-3.691494903410749,0.1969871200932501,0.07550547920150467,0.1214816408917454,0.36076977595470666,0.0
165,2024,China,8.805067278482948,2.6109937071726455,-5.884112199191973,5.531948786463619,5.8630111788869606,-0.3310623924233411,1.7884963423101874,0.0
166,2024,Japan,-0.4516361214451193,-2.306985529291625,0.6732573004704311,-2.0853643502663126,-0.11500747120990379,-1.9703568790564092,0.6038972448130681,0.0
159,2024,Vietnam,23.580801293495835,-2.5126181066423485,-1.5200898613602194,19.548093325493266,22.820756362815725,-3.272663037322458,4.529064866324195,0.0
151,2024,South Korea,0.7511140589487528,-2.636475632350744,1.292044618354664,-0.5933169550473272,1.3971363681260849,-1.990453323173412,0.0,0.0
147,2024,China,3.3588943677757035,2.3944270769614415,-5.298359615144434,0.45496182959271125,0.7097145602034868,-0.25475273061077547,-2.261609950651829,0.0
145,2024,Japan,42.47427238728307,-0.8358602083738376,-3.043022385689997,38.59538979321924,40.952761194438075,-2.357371401218836,0.48801432760683644,0.0
143,2024,Vietnam,9.820848451856685,-5.281701310964857,4.078402248661404,8.617549389553233,11.860049576187388,-3.2425001866341554,0.3091844769759861,0.0
141,2024,Vietnam,18.366205428692066,3.2183855640234587,-2.1958726070782175,19.388718385637308,17.26826912515296,2.12044926048435,3.3422576306569027,0.0
139,2024,South Korea,0.27649410610554526,-3.700268310236731,0.8657264153249827,-2.558047788806203,0.7093573137680367,-3.2674051025742394,0.0,0.0
135,2024,Japan,13.095845259001301,-2.496387614101338,-5.114617521466412,5.484840123433552,10.538536498268096,-5.053696374834544,0.4191759002574894,0.0
132,2024,China,4.366238895439607,3.8976126588060254,-5.644607794055805,2.619243760189827,1.5439349984117041,1.0753087617781227,-1.7286734245316988,0.0
133,2024,Vietnam,14.736629505463695,-3.429268593920596,3.5096383114122838,14.816999222955381,16.491448661169837,-1.6744494382144544,0.5138018617197783,0.0
131,2024,China,3.6756541615129668,2.3774174672657162,-4.623474919351586,1.429596709427096,1.3639167018371732,0.06568000758992291,-1.9413923677604332,0.0
130,2024,Vietnam,19.895954799126827,-3.528024768364397,1.6289527765593421,17.99688280732177,20.7104311874065,-2.7135483800847253,1.3819141958800523,0.0
126,2024,Vietnam,17.617223546433603,2.6092548050486806,-3.8318286309166227,16.39464972056566,15.701309230975292,0.6933404895903693,5.451635684911311,0.0
125,2024,China,-4.459211791122086,9.654904930839631,-8.813190505330434,-3.617497365612888,-8.865807043787303,5.248309678174415,0.836776583336965,0.0
124,2024,China,0.8369176878710511,-2.0695151505544818,0.4142059322327039,-0.818391530450727,1.044020653987403,-1.86241218443813,0.6807328118073277,0.0
118,2024,China,-1.4946674455656295,-1.1837873633207971,2.5923402297490115,-0.08611457913741523,-0.19849733069112394,0.1123827515537087,0.0,0.0
119,2024,China,13.045731295159623,13.825867508295579,-16.21653818835816,10.655060615097039,4.9374622009805424,5.717598414116496,2.7066312775565313,0.0
120,2024,China,9.853584878773951,-1.9605605323288633,-0.5428649274215285,7.350159419023558,9.582152415063186,-2.2319929960396276,1.2921848430356253,0.0
114,2024,China,5.911837575149304,0.6384444174191664,-1.3930564427823495,5.157225549786121,5.215309353758129,-0.058083803972008456,0.922783968187988,0.0
115,2024,Vietnam,14.350780095609677,3.295824197384868,-4.354700990838805,13.291903302155742,12.173429600190277,1.1184737019654656,1.2962648534689185,0.0
111,2024,China,0.8475361675859441,2.186038702578759,-2.0629592654700675,0.9706156046946355,-0.18394346514908977,1.1545590698437251,2.028209688429641,0.0
112,2024,Vietnam,20.66203520683226,2.845472547536235,-3.2400630011854883,20.26744475318301,19.04200370623952,1.2254410469434909,0.6865148557380563,0.0
106,2024,China,8.551713135837751,4.442283931700752,-4.3683227291806075,8.625674338357893,6.367551771247446,2.2581225671104477,0.028743485754289276,0.0
108,2024,China,0.8342338051104845,2.371306599726367,-3.075527491526272,0.1300129133105683,-0.703529940652657,0.8335428539632252,-0.23782289760935527,0.0
109,2024,China,5.339616283380439,0.05974764864031189,-0.451324184849507,4.948039747171243,5.113954190955685,-0.1659144437844416,0.5829443301435161,0.0
110,2024,China,8.533311211674215,5.964999908053921,-6.075322917591504,8.422988202136633,5.495649752878464,2.927338449258169,2.2819783528767386,0.0
104,2024,China,0.11266706761554632,-2.1469856981921844,0.5959787100835139,-1.438339920493124,0.4106564226573033,-1.8489963431504273,0.8208071532198876,0.0
107,2024,Vietnam,17.58410631116183,-3.482355496543281,1.6921687662375828,15.79391958085613,18.43019069428062,-2.6362711134244896,2.7264348050453977,0.0
105,2024,China,12.323856660021033,12.227257730982755,-15.444917164307908,9.10619722669588,4.601398077867079,4.5047991488288,2.9776551167498595,0.0
103,2024,China,7.675957380352432,9.680738904090951,-10.262892676807628,7.093803607635755,2.544511041948618,4.5492925656871375,3.305778345408137,0.0
101,2024,China,1.943060081486464,-2.5722771948889775,2.073406241863204,1.444189128460691,2.979763202418066,-1.5355740739573753,0.16143107554789346,0.0
98,2024,China,-0.25998331832835053,4.874261022414947,-3.556631373698805,1.0576463303877914,-2.0382990051777528,3.0959453355655446,0.0,0.0
97,2024,China,14.11597536690897,3.1264063436502183,-7.241034460742765,10.001347249816423,10.495458136537588,-0.4941108867211641,2.9499875301217147,0.0
94,2024,China,0.4906592570652438,1.792768077408281,-2.890155935984461,-0.6067286015109364,-0.9544187109269868,0.34769010941605044,0.0,0.0
92,2024,China,4.361657005389772,1.0746810921660945,-5.010721200425453,0.42561689713041434,1.8562964051770463,-1.430679508046632,3.1690720840121775,0.0
88,2024,China,0.4876472275734727,2.442895436356692,-2.4016198574606165,0.5289228064695485,-0.7131627011568356,1.2420855076263841,1.5477347967942987,0.0
89,2024,China,3.8351213247862037,0.09794578818912213,-1.5975208926960032,2.335546220279323,3.0363608784382023,-0.7008146581588793,1.1931126302527528,0.0
90,2024,China,-0.6682418318141399,3.0295468725768524,-0.7296130434662211,1.6316919972964912,-1.0330483535472506,2.6647403508437417,1.236984989330685,0.0
91,2024,China,8.24143882134093,6.161791151898399,-1.5909391487188829,12.812290824520447,7.445969246981488,5.366321577538958,4.737979153948034,0.0
85,2024,China,5.891804818010357,9.774327582688013,-8.509134773687832,7.156997627010536,1.6372374311664406,5.519760195844096,3.28181757600439,0.0
86,2024,Vietnam,16.570648938453537,-4.513596666799024,2.6322088330194333,14.689261104673948,17.886753354963254,-3.197492250289307,2.4278424070033653,0.0
82,2024,China,5.003595194782764,0.5741996168450259,-2.5022708344015743,3.0755239772262155,3.752459777581977,-0.6769358003557615,-0.1801009817321673,0.0
81,2024,China,1.3057155163566314,-2.751988047504491,3.0430291306911528,1.5967565995432933,2.827230081702208,-1.2304734821589145,0.7113331548301478,0.0
77,2024,China,-1.5397121483514902,-11.878251730733762,10.819209903146893,-2.5987539759383593,3.869892803221956,-6.4686467791603155,1.2769967952865637,0.0
78,2024,China,3.212988775652078,0.3279080731932674,-2.5671037782677693,0.9737930705775761,1.9294368865181932,-0.9556438159406171,1.0916764724157713,0.0
79,2024,China,11.19490018844855,4.063844544563944,-5.841557849383726,9.417186883628768,8.274121263756687,1.1430656198720808,0.9887956037540729,0.0
76,2024,China,8.031345828254281,4.123215078746362,-6.0042349370649815,6.150325969935661,5.02922835972179,1.1210976102138714,0.6734363437880128,0.0
74,2024,China,5.801764280018896,5.671073022430567,-5.017274298716154,6.455563003733309,3.29312713066082,3.1624358730724906,0.034831546683199516,0.0
72,2024,China,9.607049871924644,-0.352166814229408,-0.8438070851785514,8.411075972516684,9.18514632933537,-0.7740703568186837,-0.38089574789889524,0.0
71,2024,Taiwan,-2.10940224237321,-12.600593496197657,13.391852171202675,-1.3181435673681896,4.586523843228128,-5.904667410596318,1.58200950509685,0.0
70,2024,China,8.062555110353149,-0.5241215363225838,-1.771316084492517,5.767117489538048,7.176897068106891,-1.4097795785688423,0.20406912289203005,0.0
66,2024,China,1.0775236601948353,-7.315348635777654,-2.2397377018301547,-8.477562677412973,-0.042345190720242086,-8.43521748669273,9.53215395389149,0.0
63,2024,China,7.886749225350052,4.987100638199124,-8.972521306410307,3.90132855713887,3.4004885721448996,0.5008399849939702,0.5493124808403196,0.0
64,2024,Vietnam,12.248523724862585,-0.4368880281170008,0.5524214733147393,12.364057170060324,12.524734461519955,-0.16067729145963114,0.0,0.0
62,2024,Taiwan,-5.370001663174474,-8.944821625675162,13.148163840748307,-1.1666594481013295,1.2040802571996796,-2.3707397053010086,1.2270546949447207,0.0
57,2024,Vietnam,27.52678669565565,-3.129897245149461,-3.894092296849886,20.502797153656303,25.57974054723071,-5.076943393574404,15.753189781595223,0.0
56,2024,Vietnam,10.997616709168602,0.6225418957637242,-0.9977472944114153,10.622411310520912,10.498743061962895,0.12366824855801653,1.4662730519038052,0.0
52,2024,China,3.783755934499289,-0.7247091210995189,0.20511123110149554,3.2641580445012655,3.8863115500500363,-0.6221535055487711,0.0,0.0
50,2024,China,1.6591087208455342,2.067871013078178,-2.7385756443319633,0.9884040895917486,0.2898208986795524,0.6985831909121962,0.0,0.0
41,2024,China,-7.572787512933877,5.894506644580647,-5.380563371263818,-7.058844239617048,-10.263069198565786,3.204224958948738,0.7221412542252706,0.0
47,2024,China,-0.058619899429132656,1.2375153021632566,0.7096364141828205,1.8885318169169445,0.2961983076622776,1.5923335092546669,1.181398677091161,0.0
46,2024,China,2.5287938635466123,2.403366458967935,-1.5010552669290753,3.431105055585472,1.7782662300820749,1.6528388255033974,0.6833119237892379,0.0
45,2024,China,1.7785945655867552,1.5152435596509255,-2.131193676524466,1.1626444487132146,0.7129977273245222,0.4496467213886925,0.0,0.0
44,2024,China,9.205414918640642,3.623922762355216,-3.865352665811185,8.963985015184672,7.272738585735049,1.6912464294496234,0.0,0.0
33,2024,China,-0.09309195496407523,-7.807860780771055,8.692044827053815,0.7910920913186851,4.252930458562832,-3.461838367244147,0.017540658548759826,0.0
42,2024,Taiwan,-6.0799960343127415,-3.8352713941100562,4.417139716393585,-5.498127712029213,-3.8714261761159494,-1.6267015359132635,0.12487077196343233,0.0
37,2024,China,-2.850135052789278,-3.732050593666023,2.3066874321458717,-4.27549821430943,-1.6967913367163423,-2.578706877593087,0.5413283613064588,0.0
39,2024,Taiwan,-6.544607264417358,-5.8788227889887645,9.118238760354865,-3.3051912930512564,-1.985487884239925,-1.3197034088113317,0.9764427912904904,0.0
38,2024,China,2.0988756546557528,-0.499651658390644,-0.2537283815417057,1.3454956147234032,1.9720114638849,-0.6265158491614968,0.011980904606158142,0.0
35,2024,China,9.61571540181364,-0.1556818647755397,-2.644372730397998,6.815660806640103,8.293529036614641,-1.4778682299745385,1.103824898034145,0.0
34,2024,China,-0.7201067910277403,1.2758437633023159,0.55915950356976,1.1148964758443356,-0.44052703924286035,1.5554235150871958,1.3404299323012672,0.0
32,2024,China,10.266528425752988,7.2357274616952045,-6.483123513419346,11.019132374028844,7.024966669043314,3.9941657049855306,0.46781336103766163,0.0
28,2024,China,7.105468165939908,-0.8760969233997474,-1.4605037518138548,4.768867490726306,6.375216290032981,-1.6063487993066747,1.8135702125785107,0.0
24,2024,China,4.976661262375138,0.6552342086573424,-0.5721349755518634,5.059760495480617,4.690593774599206,0.36916672088141067,-0.3459511086459796,0.0
21,2024,China,3.9948141827039763,14.393402116233275,-13.571508606279151,4.816707692658102,-2.790940120435599,7.6076478130937,0.9920237583909461,0.0
19,2024,China,2.105579075717071,0.9199516406783147,-0.5361465274283764,2.489384188967009,1.8375058120028829,0.6518783769641264,1.048704787197321,0.0
14,2024,China,0.9385576548314938,0.39013378170557916,-0.8005548468828785,0.5281365896541945,0.5382802313900545,-0.01014364173586006,0.4731360225250697,0.0
12,2024,China,-0.7161177245970026,4.763663344225807,-1.5501991118685248,2.4973465077602808,-1.491217280531265,3.9885637882915455,2.64989958390144,0.0
8,2024,China,9.26662574566996,6.378864702172167,-6.2096257448425485,9.43586470299958,6.161812873248687,3.274051829750893,-0.011846129439342962,0.0
6,2024,China,5.7662830711777895,0.011318592943030791,0.8598321400069479,6.6374338041277685,6.196199141181262,0.44123466294650465,-0.06612616268192428,0.0
4,2024,China,7.78675708892262,8.078736962992739,-5.877917085217836,9.987576966697523,4.847798546313703,5.139778420383821,2.1035062981804566,0.0
3,2024,China,4.291958484948038,0.08989522654856424,-0.21022278892280233,4.171630922573801,4.186847090486638,-0.015216167912836916,-0.09853136008539738,0.0
1,2024,China,2.8643295318821473,0.12578846156020823,-0.40712212109137264,2.582995872350983,2.660768471336461,-0.07777259898547811,0.0,0.0
0,2024,China,3.719679838593807,0.22329211063512028,-0.15341247147117296,3.7895594777577544,3.6429736028582203,0.14658587489953376,-0.0688726984829508,0.0
10,2014,United Kingdom,2.7549999106689538,-0.15825430864144968,-0.24197932007262954,2.3547662819548747,2.634010250632639,-0.27924396867776446,0.5917256691659263,0.0
163,2014,Sweden,6.724620716856666,-1.927588463894688,1.3346962709235473,6.131728523885525,7.39196885231844,-1.2602403284329144,1.149724352211318,0.0
152,2014,Denmark,2.6886657346835428,-0.48629512068379,0.8178004319841975,3.02017104598395,3.0975659506756408,-0.07739490469169126,0.0,0.0
157,2014,Denmark,7.439841804393586,-0.6994578719607362,0.37889511302696594,7.119279045459817,7.62928936090707,-0.5100103154472533,7.455460148058178,0.0
158,2014,Ireland,-3.442323433520769,1.148611063113818,0.5759552771118561,-1.7177570932950952,-3.1543457949648412,1.436588701669746,3.056109145015369,0.0
154,2014,Denmark,7.947501951964742,-0.5053088381346317,2.4467262524259494,9.88891936625606,9.170865078177716,0.7180542880783432,-0.09202855621398558,0.0
149,2014,Sweden,2.114095649889732,-0.38643192033442214,3.5950251937399966,5.322688923295306,3.9116082467597306,1.4110806765355761,0.0,0.0
153,2014,Denmark,5.487833589214682,-2.30881105857621,3.8871630848191807,7.066185615457653,7.431415131624273,-0.3652295161666197,0.06523258920515981,0.0
99,2014,Sweden,7.798304253686726,-0.5493310824068036,0.6581161393341953,7.9070893106141185,8.127362323353825,-0.220273012739706,1.481320547239664,0.0
144,2014,Sweden,4.650263863852365,-3.1225770497806624,5.116677281392264,6.644364095463966,7.208602504548496,-0.5642384090845307,-1.8475937855945928,0.0
137,2014,Germany,4.773668960570146,-3.9782745773917223,5.0975655920099765,5.8929599751884,7.322451756575134,-1.4294917813867343,0.8832502958494223,0.0
23,2014,Netherlands,5.122894712230082,-0.8861648489712217,0.6005629823361203,4.8372928455949795,5.423176203398142,-0.5858833578031616,0.8371393106293177,0.0
128,2014,United Kingdom,0.20099559592185595,0.8329222088342808,-0.10167677164009137,0.9322410331160453,0.15015721010181027,0.7820838230142351,0.25356575270990345,0.0
84,2014,United Kingdom,2.215664297791875,0.6807312912526665,-0.6396267197314333,2.2567688693131083,1.8958509379261586,0.3609179313869499,2.272532320809859,0.0
121,2014,Germany,5.448967749281058,-1.281496732460434,1.8302363522632874,5.997707369083912,6.364085925412702,-0.36637855632879024,1.9321528604087892,0.0
122,2014,United Kingdom,6.539203547711304,0.1356328770825638,-0.7144544567036446,5.960381968090223,6.181976319359482,-0.22159435126925847,3.133248017451514,0.0
123,2014,United Kingdom,5.755906205995702,-0.8441932289964017,0.5761703244386307,5.487883301437932,6.043991368215018,-0.5561080667770865,2.034467550335778,0.0
116,2014,United Kingdom,4.935006230641468,0.33509746246350786,0.24101130025510525,5.511114993360081,5.0555118807690205,0.45560311259106046,-0.43739899918683756,0.0
113,2014,Netherlands,2.0564949149388547,-1.3615716035924916,2.0709589769488854,2.765882288295249,3.091974403413298,-0.3260921151180488,-0.5760671942350409,0.0
68,2014,Denmark,5.1351080292016436,0.008350580254941092,-0.07248126698744332,5.070977342469141,5.098867395707923,-0.02789005323878057,0.0,0.0
87,2014,United Kingdom,5.348587497912065,0.10622635209292343,-0.08625341920022349,5.368560430804765,5.305460788311954,0.06309964249281169,0.8267949255471995,0.0
15,2014,Netherlands,3.283879967877771,-0.8382377827813463,1.3629271823892948,3.8085693674857195,3.965343559072419,-0.15677419158669897,0.6126565899371842,0.0
102,2014,United Kingdom,0.019414307077253258,1.1894548910645129,-0.18352182123723684,1.0253473769045292,-0.07234660354136516,1.0976939804458943,0.7918750052515267,0.0
100,2014,Netherlands,0.9062564275603492,-4.6629983024198856,2.1715667385699837,-1.5851751362895528,1.992039796845341,-3.5772149331348935,3.1670933902826643,0.0
31,2014,Netherlands,3.3491478703608877,-1.6558367250571586,1.8226199497603137,3.5159310950640434,4.260457845241045,-0.7445267501770014,-0.00367560809467749,0.0
96,2014,United Kingdom,3.724894642777491,0.14483565887074895,-0.02649752658927582,3.843232775058964,3.711645879482853,0.13158689557611103,0.9430289933825473,0.0
83,2014,United Kingdom,2.8558395012309394,-1.9529755083720794,2.1721641887451364,3.0750281816039964,3.9419215956035076,-0.866893413999511,0.6964460790055641,0.0
59,2014,Denmark,8.097552115804115,-1.3857170640776153,1.5158292896980865,8.227664341424585,8.855466760653158,-0.627802419228572,0.8724121810254158,0.0
67,2014,United Kingdom,5.252665711102032,-0.5915671073283807,-0.6588069757653765,4.002291628008275,4.923262223219345,-0.9209705952110689,3.4030455055414035,0.0
18,2014,Germany,6.623556619668408,-1.0598003098988877,1.3114381924040726,6.875194502173593,7.279275715870443,-0.40408121369685157,-0.07585056278895512,0.0
25,2014,Sweden,8.88653862367062,-1.632237036983166,2.0978122138069693,9.352113800494424,9.935444730574106,-0.5833309300796815,1.3661775361205148,0.0
16,2014,Netherlands,4.91475290015454,-0.8993017505510668,0.9776231323263446,4.993074281929818,5.403564466317714,-0.41049018438789436,0.0,0.0
20,2014,Netherlands,6.583371014820251,-0.6079970857484797,0.6283494800154139,6.603723409087185,6.897545754827958,-0.2938223457407727,0.16463936850282848,0.0
60,2014,Denmark,6.416219976705604,-0.31297414187540873,0.28653699834469737,6.389782833174894,6.559488475877953,-0.16970564270306004,0.0,0.0
61,2014,Denmark,8.171489882904162,-0.8584187414563883,1.4348955899124733,8.747966731360245,8.888937677860396,-0.14097094650015157,0.0,0.0
27,2014,Denmark,6.63151444387145,-1.0469951355728795,0.8096587432741812,6.3941780515727515,7.03634381550854,-0.642165763935789,0.42638853692236867,0.0
55,2014,United Kingdom,8.402767350337623,0.36212415502375406,-1.057605749732717,7.70728575562866,7.873964475471263,-0.16667871984260438,0.23566937357157836,0.0
49,2014,France,4.126690126190743,0.42586116270932073,0.7247129576006945,5.277264246500759,4.48904660499109,0.788217641509668,-1.4298935950214051,0.0
26,2014,United Kingdom,6.26988303946728,0.667797730751559,-0.38347495164212125,6.554205818576718,6.07814556364622,0.4760602549304984,0.7182780288894791,0.0
22,2014,Germany,9.953337554346382,-2.3522502859370626,2.5661523907556636,10.167239659164984,11.236413749724214,-1.0691740905592308,0.8517276249599662,0.0
43,2014,Denmark,11.4352305186549,0.6882018830816449,-0.5250080756551057,11.598424326081437,11.172726480827345,0.42569784525409204,-0.19738320678361776,0.0
30,2014,United Kingdom,7.013019390469226,0.2124813313126824,0.06323573728444562,7.288736459066354,7.044637259111449,0.24409919995490523,-0.13968898958251694,0.0
7,2014,Netherlands,6.1712913173737745,-1.0999667149033316,1.444110793483807,6.51543539595425,6.893346714115679,-0.3779113181614282,-0.6164411896248554,0.0
17,2014,United Kingdom,4.537399262394741,-0.3435165612807384,0.9718926407278724,5.165775341841876,5.023345582758679,0.14242975908319785,-0.7614494936673339,0.0
2,2014,Belgium,5.340829855493507,0.08059969907169609,0.31769757416821937,5.739127128733422,5.499678642577616,0.23944848615580577,-0.27964776933935653,0.0
11,2014,Germany,8.792049273513886,-0.5700408865410221,1.1568580547235525,9.378866441696415,9.370478300875662,0.008388140820754092,-0.12900163191719397,0.0
13,2014,United Kingdom,2.9000337360246036,2.1089369629695898,-2.17814653308583,2.8308241659083637,1.8109604694816885,1.0198636964266752,0.5603601633336319,0.0
9,2014,United Kingdom,5.373276453957154,-0.49507388256300977,-0.05814967598450737,4.820052895409637,5.344201615964901,-0.5241487205552635,1.3849607093585106,0.0
10,2015,United Kingdom,7.857419229264183,2.5724741850594666,-2.53938623603981,7.89050717828384,6.587726111244277,1.3027810670395619,-0.10209200769792617,0.0
163,2015,Sweden,14.118188101227444,0.3217414194744126,-0.8407093785287428,13.599220142173113,13.697833411963074,-0.09861326978995884,0.9345997107245685,0.0
152,2015,Denmark,8.954274242392975,3.0618055572959135,-2.1177841738917027,9.898295625797186,7.895382155447123,2.002913470350062,0.0,0.0
157,2015,Denmark,12.995420144305502,1.127694146524408,-2.593462819700192,11.52965147112972,11.698688734455407,-0.16903726332568797,7.479868607195163,0.0
158,2015,Ireland,5.661161574473845,3.1849894565942742,-0.4771878855318838,8.368963145536235,5.422567631707903,2.946395513828332,1.4440490130437151,0.0
154,2015,Denmark,12.909604197679197,4.547906916227812,-2.2585599502484324,15.198951163658576,11.780324222554981,3.418626941103595,-0.19819623756107824,0.0
149,2015,Sweden,13.081760483811797,4.22357134643596,-1.1297972787748414,16.175534551472914,12.516861844424376,3.658672707048539,0.0,0.0
153,2015,Denmark,14.04668305073116,4.808725068096316,-1.4436037014767578,17.41180441735072,13.324881199992781,4.0869232173579375,-0.2552150575650093,0.0
99,2015,Sweden,14.393327317641457,2.6585650326284673,-2.477246733901729,14.574645616368198,13.154703950690594,1.4199416656776034,1.323606462010925,0.0
144,2015,Sweden,11.88656466032645,3.3017378813396414,-1.1192205711755479,14.069081970490544,11.326954374738676,2.742127595751867,-3.59632020587102,0.0
137,2015,Germany,11.276843405807824,1.1713404283157454,-0.2099626029730726,12.238221231150497,11.171862104321287,1.066359126829209,0.7888401854004402,0.0
23,2015,Netherlands,5.988956654913572,1.7651051234793338,-1.7438097535076622,6.010252024885244,5.117051778159741,0.8932002467255027,-0.06505186500940958,0.0
128,2015,United Kingdom,7.061356710614073,2.849566620139458,-3.127707848344669,6.783215482408862,5.497502786441739,1.2857126959671232,0.322238524752373,0.0
84,2015,United Kingdom,8.296307160674385,4.198543612918769,-3.711886596284885,8.78296417730827,6.440363862531942,2.3426003147763264,2.5298877138510436,0.0
121,2015,Germany,8.514864044046053,1.9653797853792343,-3.420657290633696,7.059586538791593,6.804535398729206,0.2550511400623863,2.849682913428024,0.0
122,2015,United Kingdom,10.251991451604418,3.3770285968224596,-2.071473946540573,11.557546101886304,9.216254478334132,2.341291623552173,1.2204135508642957,0.0
123,2015,United Kingdom,10.445793240902367,1.549932671485282,-1.9133131584610872,10.082412753926562,9.489136661671823,0.5932760922547383,2.08485224081392,0.0
116,2015,United Kingdom,8.592174394079594,2.881688056262,-2.6459276530021696,8.827934797339426,7.26921056757851,1.5587242297609152,-9.125263389057634e-05,0.0
113,2015,Netherlands,8.313692992886867,1.698813123759905,-2.416470048661479,7.596036067985293,7.105457968556127,0.4905780994291651,1.3852453604733246,0.0
68,2015,Denmark,6.584999627572934,2.0912922983452615,-2.625012819515359,6.051279106402836,5.272493217815254,0.7787858885875819,0.0,0.0
87,2015,United Kingdom,12.871328071769266,2.240734566853742,-1.6542565032488565,13.45780613537415,12.04419982014484,1.4136063152293137,0.23697735477671344,0.0
15,2015,Netherlands,9.450534647504691,1.3688356703804605,-1.0592116116984833,9.760158706186669,8.92092884165545,0.8392298645312188,-0.08419208502991286,0.0
102,2015,United Kingdom,11.273303490368125,3.8144195695266703,-3.127527573656602,11.960195486238193,9.709539703539823,2.250655782698369,1.3207428584513936,0.0
100,2015,Netherlands,8.305983596523618,1.7176711973741983,-1.0596767779986431,8.96397801589917,7.776145207524294,1.1878328083748768,1.828340185232526,0.0
31,2015,Netherlands,8.6629451354695,1.8694597376161557,-1.7389100203924892,8.793494852693165,7.793490125273255,1.000004727419911,-0.18084994566266072,0.0
96,2015,United Kingdom,13.043017526315356,3.239897070149463,-2.7255091902937165,13.557405406171103,11.6802629311685,1.877142475002605,1.91005803975483,0.0
83,2015,United Kingdom,10.831879368991872,0.010239778130028401,-0.6420854441476445,10.200033702974256,10.510836646918051,-0.3108029439437938,1.7508671890613754,0.0
59,2015,Denmark,11.674498135039139,2.8364493687382986,-2.8998538485322936,11.611093655245144,10.224571210772991,1.3865224444721518,0.20791271801783776,0.0
67,2015,United Kingdom,10.020237309015847,2.56795760843062,-3.6061015791088495,8.982093338337618,8.217186519461425,0.7649068188761953,1.9665713996394818,0.0
18,2015,Germany,7.679447210418077,1.612639612858718,-2.0110097876991775,7.281077035577618,6.673942316568488,0.6071347190091292,0.010454000218014486,0.0
25,2015,Sweden,12.837762109731434,-0.009623999211666637,0.13454529011282237,12.96268340063259,12.905034754787845,0.05764864584474455,1.0015483138145087,0.0
16,2015,Netherlands,5.933909692309642,1.6279608355599657,-1.9008740643995226,5.660996463470085,4.983472660109881,0.6775238033602045,0.0,0.0
20,2015,Netherlands,6.484084299030596,1.608126305422344,-1.6894761648432473,6.402734439609693,5.639346216608972,0.7633882230007203,-0.6119557723804089,0.0
60,2015,Denmark,8.243246824481435,2.4377467897579224,-2.378853102100933,8.302140512138422,7.053820273430968,1.2483202387074557,0.0,0.0
61,2015,Denmark,9.77358570178905,2.5894847525746885,-2.8251715972667957,9.537898857096943,8.360999903155653,1.1768989539412904,0.0,0.0
27,2015,Denmark,10.219150350528437,2.653714577110242,-2.7314404531985157,10.141424474440164,8.853430123929181,1.287994350510984,-0.07210030994447474,0.0
55,2015,United Kingdom,10.600553677955734,1.6646342667268506,-1.1040778465104908,11.161110098172093,10.048514754700488,1.1125953434716052,-0.8717427496325229,0.0
49,2015,France,13.431050143319109,1.8104903902756997,-1.0220172632391478,14.21952327035566,12.920041511699536,1.2994817586561258,0.44530300208147444,0.0
26,2015,United Kingdom,11.655763857383599,1.6845126198709162,-1.4598890356841363,11.880387441570377,10.92581933954153,0.954568102028848,0.46210923205382093,0.0
22,2015,Germany,14.367803567549306,1.0535479651460702,-1.2626493730365111,14.158702159658866,13.736478881031049,0.4222232786278145,1.3978365420764072,0.0
43,2015,Denmark,17.064163570275547,3.2282347929622057,-2.7063321041962682,17.586066259041484,15.710997518177413,1.8750687408640716,-0.02590002671346793,0.0
30,2015,United Kingdom,8.967037828092463,2.0864382812787916,-1.2535493537064333,9.79992675566482,8.340263151239245,1.459663604425575,-0.18807155501028686,0.0
7,2015,Netherlands,6.766325482688513,0.7755138094779056,-1.0499526493789328,6.4918866427874855,6.241349157999047,0.2505374847884392,0.3523054455029926,0.0
17,2015,United Kingdom,14.33513650394678,2.112153071219913,-2.9115951674435543,13.53569440772314,12.879338920225003,0.6563554874981357,2.0014012622683492,0.0
2,2015,Belgium,12.018242729990048,0.9552237036223026,-1.0296325547401104,11.94383387887224,11.503426452619994,0.4404074262522474,1.351462977078615,0.0
11,2015,Germany,9.537523532051498,2.8329571318707067,-2.304605745194779,10.065874918727426,8.385220659454108,1.6806542592733171,-0.1414225116837974,0.0
13,2015,United Kingdom,9.759564422403196,4.074443767107148,-3.4973672102815803,10.336640979228763,8.010880817262406,2.3257601619663584,0.0502998864749362,0.0
9,2015,United Kingdom,9.950093372088945,1.9434302024164056,-2.553240229929011,9.340283344576338,8.673473257124437,0.6668100874519003,1.054386611348955,0.0
10,2016,United Kingdom,-2.983525027876606,-0.7656419810622548,0.974739426662043,-2.7744275822768176,-2.496155314545584,-0.27827226773123326,0.06502820749071068,0.0
148,2016,Finland,-1.7793535123575832,0.18983536246826896,-0.12959722220121747,-1.719115372090532,-1.8441521234581921,0.12503675136766024,0.21593071747335874,0.0
163,2016,Sweden,4.915781009892302,-1.9923007523616822,1.7478271147118223,4.671307372242442,5.789694567248214,-1.118387195005771,1.1425974978927853,0.0
152,2016,Denmark,-1.156010112896521,-0.8280534816671045,1.5163398386976241,-0.46772375586600146,-0.39784019354770905,-0.06988356231829247,0.0,0.0
157,2016,Denmark,-2.2045684938964376,-2.343072265729754,0.13638276487248657,-4.411257994753705,-2.136377111460194,-2.2748808832935112,8.812780666913316,0.0
158,2016,Ireland,-3.070003582656067,0.5034247539011357,2.8441293758345214,0.2775505470795901,-1.6479388947388063,1.9254894418183963,1.6916004873009107,0.0
153,2016,Denmark,-4.90625565664898,-0.2874024748511823,3.203542379003527,-1.9901157524966362,-3.304484467147217,1.3143687146505811,0.34920570227666725,0.0
154,2016,Denmark,0.9589386431879602,0.18783490832093763,1.680615387763778,2.8273889392726756,1.7992463370698493,1.0281426022028266,0.7460308058953157,0.0
149,2016,Sweden,-7.637936161783959,0.39407403355015325,3.232610714026839,-4.011251414206967,-6.02163080477054,2.010379390563573,0.0,0.0
144,2016,Sweden,3.7220453892016954,1.6353763346742674,0.4056132537630009,5.763034977638964,3.9248520160831952,1.8381829615557679,-2.1228653270730837,0.0
142,2016,Germany,-2.901128070773078,-0.06633125178800912,0.02939122399125413,-2.9380680985698326,-2.886432458777451,-0.05163563979238206,1.0415800213046142,0.0
137,2016,Germany,-2.9389990336057386,-1.323425883053454,1.9544536468456184,-2.3079712698135744,-1.9617722101829294,-0.34619905963064485,2.9395932143119006,0.0
128,2016,United Kingdom,-7.185616656286675,1.5401503167271018,-0.7390048774873179,-6.384471217046891,-7.555119095030334,1.1706478779834428,0.7797717948132011,0.0
121,2016,Germany,-2.7247747796607014,0.1303493397490219,0.27875752715596613,-2.3156679127557136,-2.5853960160827185,0.269728103327005,2.2232395572421093,0.0
122,2016,United Kingdom,-0.9692339991492891,0.8960239232586948,-1.2391925578037046,-1.3124026336942989,-1.5888302780511414,0.2764276443568425,3.3322265762125687,0.0
123,2016,United Kingdom,-5.688573594557587,-2.3749426755526817,2.9183648005459863,-5.145151469564283,-4.229391194284593,-0.9157602752796884,1.2222916743050094,0.0
116,2016,United Kingdom,-0.7243731847231442,0.4548824566971068,-0.10501624460955127,-0.3745069726355887,-0.7768813070279198,0.40237433439233117,0.4383348527287633,0.0
113,2016,Netherlands,-3.067693283037766,-1.933205996024839,1.5837478067914939,-3.417151472271111,-2.275819379642019,-1.1413320926290922,-0.21322297795383127,0.0
87,2016,United Kingdom,4.594814728249157,-0.01770929842330761,0.5620202140051596,5.139125643831009,4.875824835251738,0.2633008085792722,0.028172800138192025,0.0
15,2016,Netherlands,-0.6533575266208237,-1.0455296577847535,1.6562525228309053,-0.04263466157467184,0.17476873479462895,-0.21740339636930078,0.2974749409834037,0.0
102,2016,United Kingdom,-1.8420798798084788,-0.31582090679047586,0.5430183199317283,-1.6148824666672261,-1.5705707198426146,-0.04431174682461172,1.644207789770045,0.0
99,2016,Sweden,-7.05761131006503,-0.8385544658598156,0.8592934196752141,-7.036872356249632,-6.627964600227423,-0.4089077560222087,1.4174664450589152,0.0
100,2016,Netherlands,-7.221931747573299,-1.3826508049688935,2.9370852160555154,-5.667497336486677,-5.753389139545541,0.08589180305886435,0.9582148294836298,0.0
96,2016,United Kingdom,1.4524337965741199,-0.8390235198033471,0.40187387258754304,1.0152841493583156,1.6533707328678913,-0.6380865835095757,0.5269107504350399,0.0
84,2016,United Kingdom,-7.8826916740436,-1.1731354380561423,1.4314072485664888,-7.624419863533253,-7.166988049760356,-0.457431813772898,1.8144897964572242,0.0
83,2016,United Kingdom,-9.48833355518783,-4.616781408767108,4.293353730096053,-9.811761233858887,-7.341656690139804,-2.4701045437190814,1.5462603592019795,0.0
31,2016,Netherlands,-2.968060937172062,-2.3932337134837907,2.3394124807671064,-3.0218821698887464,-1.798354696788509,-1.2235274731002375,0.16621999641554425,0.0
68,2016,Denmark,-0.5599116305329253,0.11639274256229559,0.025635130005840633,-0.4178837579647891,-0.547094065530005,0.1292103075652159,0.0,0.0
67,2016,United Kingdom,-2.562292500267929,0.28193833322628903,-0.975296967146746,-3.2556511341883856,-3.049940983841302,-0.20571015034708395,1.7436372517885852,0.0
23,2016,Netherlands,-2.656804949112017,-0.6354776471948917,0.17549955605918485,-3.116783040247724,-2.5690551710824248,-0.5477278691652994,1.3927444038622898,0.0
65,2016,Netherlands,-2.5876274850282996,-0.23955182311923667,0.3564538870697975,-2.4707254210777387,-2.4094005414934005,-0.061324879584337896,0.4327053004878993,0.0
20,2016,Netherlands,-2.265980331395351,-0.26800052838429356,0.4197108838596372,-2.1142699759200076,-2.0561248894655324,-0.05814508645447498,-0.009309668738715415,0.0
25,2016,Sweden,-1.4295216691503585,-1.77208340419534,1.8097810816759006,-1.3918239916697976,-0.5246311283124081,-0.8671928633573897,1.292258066241451,0.0
59,2016,Denmark,0.28590693304476295,-1.2770018035202153,0.7600970061120913,-0.23099786436336095,0.6659554361008087,-0.8969533004641695,1.3908799884826777,0.0
60,2016,Denmark,-0.25888966829101484,-0.2298786895817871,0.28066704078340227,-0.2081013170893997,-0.11855614789931371,-0.08954516919008598,0.0,0.0
61,2016,Denmark,-0.6017990693824796,-0.37364621709046314,0.6604802292993898,-0.31496505717355294,-0.2715589547327847,-0.043406102440768264,0.0,0.0
16,2016,Netherlands,-2.0429445361792635,-0.1877856456685757,0.16755691265658762,-2.0631732691912514,-1.9591660798509696,-0.1040071893402819,0.0,0.0
55,2016,United Kingdom,0.2912801311262198,-0.12690432034440416,1.030451859078183,1.1948276698599987,0.8065060606653114,0.38832160919468733,-1.1166508050909765,0.0
27,2016,Denmark,1.959100047714937,-0.5778581172119144,0.2402309759889958,1.6214729064920184,2.0792155357094346,-0.45774262921741654,0.3901964019347689,0.0
18,2016,Germany,-1.9448284983956394,-0.2015510017199918,0.6698734457293039,-1.4765060543863273,-1.6098917755309876,0.1333857211446601,-0.16273189818809794,0.0
49,2016,France,4.07090295745144,-0.8002499501054343,0.8421863162355183,4.112839323581524,4.491996115569199,-0.37915679198767516,0.8398459473968233,0.0
26,2016,United Kingdom,3.158388468671776,-0.1061381771985253,0.39332116273072676,3.4455714542039773,3.3550490500371395,0.09052240416683809,0.3838029746740802,0.0
43,2016,Denmark,4.285899047696824,0.20984974110846932,0.13585372277505617,4.63160251158035,4.353825909084352,0.2777766024959974,0.277325937313008,0.0
30,2016,United Kingdom,-1.8823140290087501,-0.6672648990836975,0.4949931847590906,-2.054585743333357,-1.634817436629205,-0.4197683067041522,0.9374720232931092,0.0
7,2016,Netherlands,-2.115119673381269,-0.007741866467242759,1.3624220146497394,-0.760439525198772,-1.4339086660563989,0.673469140857627,-1.887782501667143,0.0
22,2016,Germany,0.4430026605590251,-1.3431980768755956,1.348209366570661,0.4480139502540903,1.1171073438443555,-0.6690933935902652,1.9966433697487935,0.0
17,2016,United Kingdom,3.261790472653602,-1.3802675017567279,1.6733365282647406,3.5548594991616147,4.098458736785972,-0.5435992376243576,0.3883648298483131,0.0
2,2016,Belgium,2.1484237575190552,-1.1122673648752694,1.4757883018107227,2.5119446944545083,2.8863179084244166,-0.37437321396990814,0.28271268937303484,0.0
11,2016,Germany,-0.8653553854440176,-0.2629485974292458,1.338110381321684,0.20980639844842058,-0.19630019478317562,0.4061065932315962,-0.18869996620313373,0.0
13,2016,United Kingdom,-6.550757685898604,0.6528512994426198,-0.10697664007858564,-6.004883026534569,-6.604246005937895,0.599362979403327,0.4585880073028704,0.0
9,2016,United Kingdom,-4.26536292045776,-2.718790575075493,2.543495795266081,-4.440657700267172,-2.99361502282472,-1.4470426774424525,1.0170031116430212,0.0
10,2017,United Kingdom,5.837717893376046,1.602604715761887,-1.1837293028952856,6.256593306242647,5.245853241928403,1.0107400643142441,0.06578293994143515,0.0
162,2017,United Kingdom,4.532914775973553,3.535746764527519,-2.834921300211318,5.233740240289754,3.115454125867893,2.1182861144218603,-0.7507439537939811,0.0
163,2017,Sweden,10.462655209582488,-0.7217863283631272,0.7139473564782508,10.45481623769761,10.819628887821612,-0.36481265012400177,1.1276610567036065,0.0
164,2017,United Kingdom,4.069802605149528,0.335627985948059,0.018044210153650063,4.423474801251237,4.078824710226353,0.34465009102488403,-0.014036996072972551,0.0
157,2017,Denmark,9.048633977417692,0.2287009664386035,-3.289940438389537,5.987394505466758,7.403663758222924,-1.416269252756165,9.638687449311137,0.0
158,2017,Ireland,-0.8759808921815956,4.55935375905021,-1.0518599449917678,2.6315129218768467,-1.4019108646774796,4.0334237865543265,1.2181446661819273,0.0
152,2017,Denmark,3.6597600810571027,2.732902447792733,-1.1934982568063002,5.199164272043536,3.0630109526539524,2.136153319389583,0.0,0.0
153,2017,Denmark,6.593853863171803,7.141022569386261,-2.9853302558515664,10.749546176706497,5.101188735246019,5.648357441460477,-0.8280196333582145,0.0
154,2017,Denmark,9.81594500175053,5.727501529029192,-1.8736056719490843,13.669840858830637,8.879142165775987,4.790698693054649,-0.764609547903551,0.0
148,2017,Finland,2.6320885104501963,-1.3668019686124324,1.3656747969172127,2.630961338754977,3.3149259089088026,-0.6839645701538261,0.5458371984207381,0.0
149,2017,Sweden,7.000665133297912,5.267108412231523,-0.3589884945967295,11.908785050932705,6.821170885999547,5.087614164933158,0.0,0.0
144,2017,Sweden,6.552657575853874,1.436835676260717,0.9182854406880091,8.9077786928026,7.011800296197879,1.8959783966047217,-3.057264297077642,0.0
142,2017,Germany,6.135966640793482,4.822751371622731,-4.5572685841791865,6.401449428237028,3.8573323487038897,2.5441170795331374,0.9707110743808456,0.0
137,2017,Germany,10.657775592785178,2.4139538284182294,-1.1485756674459897,11.923153753757418,10.083487759062184,1.8396659946952345,1.565643313420198,0.0
128,2017,United Kingdom,1.79704043102846,3.9110614769481127,-3.9829709570306586,1.725130950945914,-0.1944450474868693,1.9195759984327836,0.8171491699288311,0.0
121,2017,Germany,4.531602489725037,3.2162807262697832,-3.905441478017034,3.8424417379777864,2.57888175071652,1.2635599872612664,3.306303726322249,0.0
122,2017,United Kingdom,4.36614568870469,3.796069239187696,-2.7405938553752964,5.42162107251709,2.9958487610170423,2.425772311500048,1.4546042606135912,0.0
123,2017,United Kingdom,3.2881087119030505,0.03512985142315206,-1.0313596114491537,2.291878951877049,2.7724289061784733,-0.48054995430142466,3.5367008584569226,0.0
116,2017,United Kingdom,8.002449855154483,3.282180287512404,-2.9440856158732043,8.340544526793682,6.53040704721788,1.810137479575802,0.2721157795589762,0.0
113,2017,Netherlands,3.931818312907758,1.7658537998669708,-1.5629509422372918,4.134721170537437,3.1503428417891124,0.9843783287483249,-0.5422685447500523,0.0
80,2017,United Kingdom,8.585295004493789,1.1598887839902907,-1.0145163786298645,8.730667409854215,8.078036815178855,0.6526305946753583,0.27103025770585,0.0
15,2017,Netherlands,4.2767031272513645,1.6965257495295447,-1.7682493232507472,4.204979553530162,3.392578465625991,0.8124010879041712,0.9229100764540606,0.0
102,2017,United Kingdom,-1.3426989169349437,0.09428335161297431,-0.231934601743331,-1.4803501670653003,-1.4586662178066092,-0.021683949258691184,1.1044180326620978,0.0
99,2017,Sweden,11.263209504539038,4.98900344923734,-4.9109845017151175,11.34122845206126,8.807717253681481,2.533511198379781,1.5651799952891992,0.0
100,2017,Netherlands,2.081402075161533,5.06397417512509,-2.866264089728281,4.279112160558342,0.6482700302973925,3.63084213026095,0.4439236841021665,0.0
96,2017,United Kingdom,2.6958756348774546,-0.19401581474542876,-0.6305657672659026,1.871294052866123,2.380592751244503,-0.50929869837838,0.9271144895869169,0.0
87,2017,United Kingdom,5.351483399076557,0.2706543726145759,0.28791456232693674,5.9100523340180695,5.4954406802400255,0.41461165377804426,-0.1269800750161834,0.0
84,2017,United Kingdom,1.6816150430549137,2.5258319960255737,-2.7649539834884855,1.4424930555920021,0.29913805131067106,1.143355004281331,2.382224352365933,0.0
83,2017,United Kingdom,-6.034744877510005,-0.05065732762543594,-0.19184063720734523,-6.277242842342785,-6.130665196113677,-0.14657764622910854,1.429082156414881,0.0
31,2017,Netherlands,4.917480206955656,2.1962362603735417,-2.537281808584731,4.576434658744466,3.6488393026632897,0.927595356081176,0.08523531976791121,0.0
73,2017,United Kingdom,9.149676282129642,2.017962254318748,-1.952594070536999,9.21504446591139,8.173379246861142,1.0416652190502482,-0.26840600423663336,0.0
29,2017,Sweden,11.89513916489431,1.4399271022113485,-1.0635722539987358,12.271494013106924,11.36335303789494,0.9081409752119806,0.0,0.0
68,2017,Denmark,3.1921639550721506,1.8360097289178041,-1.7344323249573295,3.293741359032625,2.324947792593486,0.9687935664391394,0.0,0.0
67,2017,United Kingdom,6.120217162274811,3.4319815116569377,-4.331994499764261,5.220204174167488,3.9542199123926807,1.265984261774807,2.6284908875109343,0.0
23,2017,Netherlands,3.874297025186848,2.630710385084085,-2.617217605068393,3.88778980520254,2.565688222652651,1.3221015825498887,0.6645702368630374,0.0
65,2017,Netherlands,3.872191754387201,1.941564508436007,-2.583404982737683,3.230351280085525,2.5804892630183596,0.6498620170671655,0.9426173174633106,0.0
20,2017,Netherlands,3.7930914808592378,2.465401995312164,-2.173003392809444,4.085490083361958,2.706589784454516,1.3789002989074424,-0.22654459359018891,0.0
25,2017,Sweden,11.426249704513971,0.738404253461841,-0.049954334149071945,12.114699623826738,11.401272537439434,0.713427086387305,0.25510057414494136,0.0
59,2017,Denmark,4.697725815041301,1.7614001607606578,-2.8989774064517677,3.560148569350191,3.2482371118154174,0.31191145753477384,0.23577486764637048,0.0
60,2017,Denmark,4.576347510026722,2.8976508600878166,-2.611972285275791,4.862026084838748,3.270361367388827,1.591664717449921,0.0,0.0
61,2017,Denmark,4.59344332095567,2.174376155611852,-1.9509183123119431,4.816901164255579,3.6179841647996978,1.1989169994558804,0.0,0.0
55,2017,United Kingdom,8.758216694264867,1.5860844987841678,-0.8571351087880184,9.487166084261018,8.329649139870858,1.1575169443901587,-1.1055224215715107,0.0
27,2017,Denmark,4.0510231783183315,2.2661771147956733,-2.330184211373895,3.9870160817401095,2.8859310726313834,1.1010850091087259,0.11435478839559056,0.0
51,2017,United Kingdom,8.39338623338564,2.105228121639341,-1.8021660449331494,8.696448310091833,7.492303210919066,1.2041450991727665,0.0,0.0
49,2017,France,2.6415732759093564,-0.7674672342517386,0.8051619801591211,2.679268021816739,3.044154265988917,-0.36488624417217796,-0.7561326555708844,0.0
43,2017,Denmark,14.058599819090844,3.1234918801519607,-2.3696043674309757,14.81248733181183,12.873797635375356,1.938689696436473,-0.09541849744856518,0.0
36,2017,United Kingdom,1.015452429852496,-1.9188498170469006,2.150358034442237,1.2469606472478325,2.0906314470736143,-0.843670799825782,0.844471507721932,0.0
30,2017,United Kingdom,6.0273506349065835,2.5450701343554667,-1.938816093326209,6.633604675935841,5.057942588243479,1.575662087692362,-0.011689643730077411,0.0
7,2017,Netherlands,4.599166491586155,2.3615866992286896,-2.3966556563583454,4.5640975344565,3.400838663406983,1.163258871049517,-0.04768813526759466,0.0
26,2017,United Kingdom,5.877211803858602,0.9625083973679737,-0.7862758466503269,6.053444354576249,5.484073880533439,0.5693704740428103,0.3340166094782159,0.0
16,2017,Netherlands,3.7865061065892878,2.1919053276016403,-1.9699705071875584,4.008440927003369,2.801520852995509,1.206920074007861,0.0,0.0
18,2017,Germany,3.838250251728185,2.4129423708852866,-2.41270136301427,3.838491259599201,2.6318995702210493,1.2065916893781514,0.22786111251038255,0.0
22,2017,Germany,13.150451427153223,2.0107597758587756,-2.212237015087084,12.948974187924916,12.044332919609683,0.9046412683152336,2.110596830938168,0.0
17,2017,United Kingdom,3.65882170933287,-0.32654397340474334,0.7244138193066038,4.05669155523473,4.021028618986171,0.03566293624855856,0.46042177923553723,0.0
11,2017,Germany,5.752740591441363,3.1667873050190436,-3.0657220728061754,5.8538058236542305,4.219879555038274,1.633926268615956,0.29558090746886767,0.0
13,2017,United Kingdom,2.2685325438912383,4.634991773782385,-4.077351822560976,2.8261724951126483,0.22985663261075037,2.5963158625018976,0.09990922819649803,0.0
2,2017,Belgium,3.6003110672246117,0.3957163384432286,0.10968239502556847,4.1057098006934085,3.6551522647373957,0.45055753595601283,-0.04756706822824801,0.0
9,2017,United Kingdom,6.156870549818412,0.527354074741955,-0.7176789971928088,5.966545627367558,5.798031051222008,0.16851457614555063,1.258668055813403,0.0
58,2018,France,2.2090008189342933,-5.228541840789196,4.516529525430508,1.4969885035756054,4.467265581649548,-2.9702770780739423,0.0005753705821672449,0.0
5,2018,United Kingdom,4.195983522969573,-0.6902071395061761,0.2098973627921819,3.7156737462555793,4.300932204365664,-0.5852584581100851,-0.04124721189460524,0.0
162,2018,United Kingdom,0.3256576181873743,0.4054719940338485,-1.6235927312178218,-0.892463118996599,-0.4861387474215366,-0.4063243715750624,0.7539158758147886,0.0
163,2018,Sweden,4.4021311684605795,-2.724674882462797,-5.71333731616116,-4.0358810301633765,1.5454625103800002,-5.581343540543376,1.1133015066423966,0.0
164,2018,United Kingdom,1.6264857426598915,0.04707338378781561,-1.254109432129041,0.4194496943186666,0.9994310265953714,-0.5799813322767048,0.13809085368707094,0.0
157,2018,Denmark,2.228243544561037,-2.693137675220423,-0.851140385403155,-1.3160345160625406,1.8026733518594595,-3.118707867922,5.004329124164611,0.0
158,2018,Ireland,-2.2902415483261396,0.23007754096041055,-1.015682472385886,-3.0758464797516147,-2.7980827845190825,-0.2777636952325323,4.06946285931396,0.0
152,2018,Denmark,3.0226275764252146,-1.6681882104934316,-2.4117307106181767,-1.057291344686394,1.816762221116126,-2.87405356580252,0.0,0.0
153,2018,Denmark,18.285004955833752,-1.6095681608950336,-19.65077175511485,-2.9753349601761307,8.459619078276328,-11.434954038452458,-1.2802549203284215,0.0
154,2018,Denmark,8.745767846040327,-0.7101649484485041,-5.4050642047087925,2.6305386928830305,6.043235743685931,-3.4126970508029,-0.8370290779584508,0.0
148,2018,Finland,5.7644032620267,-0.8499237037294688,-3.6223285622181196,1.2921509960791109,3.95323898091764,-2.6610879848385287,0.3575852141864619,0.0
149,2018,Sweden,4.783595215915969,-2.1800253827797706,-9.209319199743843,-6.605749366607644,0.17893561604404765,-6.784684982651692,0.0,0.0
150,2018,United Kingdom,2.0963701677997784,-0.6742527282658606,-1.9389843748057731,-0.5168669352718549,1.126877980396892,-1.6437449156687471,1.306804265328218,0.0
144,2018,Sweden,3.1279994468747954,-1.9345488248616476,-1.684624365410195,-0.49117374339704717,2.285687264169698,-2.7768610075667453,-0.4573560981439804,0.0
142,2018,Germany,6.79959230534352,-5.110339766099072,-3.626915006547408,-1.9376624673029597,4.986134802069817,-6.923797269372775,0.22258350937293298,0.0
137,2018,Germany,3.5498554385782817,-4.55602173028401,-0.8199124842303898,-1.8260787759361174,3.139899196463087,-4.965977972399204,0.45408505369840796,0.0
128,2018,United Kingdom,7.766208079353102,-0.4772803603984516,-10.177631498278144,-2.888703779323495,2.6773923302140283,-5.566096109537524,0.4198776270014592,0.0
121,2018,Germany,4.032188089578467,-3.03607229522482,0.34771253951833453,1.343828333871982,4.206044359337635,-2.862216025465653,2.6921589835502746,0.0
122,2018,United Kingdom,18.742820504881397,-1.2009275996638364,-14.06728247944862,3.47461042576894,11.709179265157086,-8.234568839388148,2.7089585713618938,0.0
123,2018,United Kingdom,11.020551287258602,-3.276194163320113,-7.516640421469971,0.22771670246851825,7.262231076523617,-7.034514374055099,3.006384930987285,0.0
116,2018,United Kingdom,1.42200753248856,-1.2520564242310785,2.7689972674467884,2.9389483757042703,2.806506166211954,0.13244220949231564,-0.32683530007612627,0.0
113,2018,Netherlands,6.2865347700999665,-4.70715791784945,0.6291927540088633,2.208569606259379,6.601131147104397,-4.392561540845018,-0.9143977720900833,0.0
15,2018,Netherlands,9.501338330138175,-4.23669287027243,-1.8363168361838083,3.428328623681938,8.583179912046273,-5.154851288364335,0.6390400789041251,0.0
102,2018,United Kingdom,3.678321039433627,-3.037834886329121,-2.5199302047297163,-1.8794440516252107,2.4183559370687684,-4.297799988693979,2.061047280632402,0.0
10,2018,United Kingdom,2.4771992350379866,0.5820171523013357,-3.230563211115129,-0.17134682377580696,0.8619176294804218,-1.0332644532562287,0.027679266539614514,0.0
99,2018,Sweden,22.829958483412423,-3.8717881465264656,-24.21891375224777,-5.260743415361797,10.720501607288547,-15.981245022650343,0.9120185814057065,0.0
100,2018,Netherlands,5.401718142790952,-6.319164878130758,-2.4655962822744844,-3.3830430176142907,4.168920001653709,-7.551963019268001,1.6330869279654663,0.0
96,2018,United Kingdom,5.005079045363808,-2.7975975582609895,0.20159604287240557,2.409077529975225,5.105877066800011,-2.6967995368247863,-0.7043667405003292,0.0
87,2018,United Kingdom,7.445525646317782,-2.862439890631884,-0.11067433380265632,4.472411421883232,7.390188479416449,-2.9177770575332174,0.19516093774395585,0.0
84,2018,United Kingdom,2.4084333235375643,-1.8618577103357095,-3.7814570760548527,-3.2348814628529974,0.5177047855101383,-3.752586248363136,1.576365353503673,0.0
83,2018,United Kingdom,23.97746957476583,-1.4455477960320822,-23.70619566815399,-1.1742738894202405,12.124371740688835,-13.298645630109077,1.9087686322013095,0.0
31,2018,Netherlands,13.012767688052126,-3.5186313192734007,-4.610275402695404,4.883860966083321,10.707629986704424,-5.8237690206211035,-1.255408409813268,0.0
80,2018,United Kingdom,4.743359633364711,-0.7180081499971441,-0.5861444398987364,3.4392070434688304,4.450287413415342,-1.0110803699465123,-0.2719952868396296,0.0
73,2018,United Kingdom,7.75734911087846,-0.8790660260498583,-0.7977442029338427,6.080538881894759,7.358477009411539,-1.2779381275167796,-0.20830747261458507,0.0
68,2018,Denmark,-0.5549848186145098,-0.612436588541339,3.172557223515525,2.0051358163596764,1.0312937931432526,0.9738420232164235,0.0,0.0
67,2018,United Kingdom,8.79759877777164,-0.4381176517708298,-6.137554213823361,2.221926912177449,5.7288216708599595,-3.5068947586825105,0.663463279263902,0.0
23,2018,Netherlands,6.49758688194179,-1.7590758131386597,-3.200449924758799,1.5380611440443315,4.897361919562392,-3.3593007755180597,0.5548649544339409,0.0
65,2018,Netherlands,6.513612322621844,-1.5509431314134234,-2.7228732641175495,2.23979592709087,5.152175690563069,-2.912379763472198,0.24029683900354143,0.0
20,2018,Netherlands,6.543422584415377,-0.8093497940085779,-3.1712262729276186,2.5628465174791812,4.957809447951568,-2.394962930472387,-0.26624677153502935,0.0
25,2018,Sweden,0.6776833987178513,-3.623114008282638,1.9886878774633059,-0.9567427321014805,1.6720273374495045,-2.628770069550985,1.3479780291775663,0.0
59,2018,Denmark,15.50306400433112,-1.3965463763399393,-10.4398019608072,3.666715667183982,10.283163023927521,-6.616447356743539,-0.15978035649573996,0.0
60,2018,Denmark,4.151876884712615,-0.5584304275164661,-1.0299679253200817,2.5634785318760662,3.6368929220525734,-1.073414390176507,0.0,0.0
61,2018,Denmark,6.893076997880601,-1.27323171078904,-3.5900412683269973,2.029804018764564,5.098056363717102,-3.0682523449525387,0.0,0.0
55,2018,United Kingdom,10.51609193442052,-0.9033528621763893,-3.9637467082300226,5.648992364014109,8.53421858030551,-2.8852262162914,-1.1895568697815235,0.0
51,2018,United Kingdom,6.966688990848235,-2.0029795042306486,-0.7935325977913092,4.170176888826278,6.5699226919525815,-2.399745803126304,0.0,0.0
49,2018,France,15.134490568272385,-3.0421553155349916,-8.43699089907811,3.6553443536592853,10.91599511873333,-7.260650765074047,0.07396978699269548,0.0
43,2018,Denmark,7.102829672083385,-0.7420788546240524,-1.903199269482139,4.457551547977195,6.151230037342316,-1.693678489365122,-0.03907434355542759,0.0
36,2018,United Kingdom,5.379533818733904,-2.0223830132132186,0.045245371855502564,3.402396177376189,5.402156504661655,-1.9997603272854672,-0.08054842827253542,0.0
30,2018,United Kingdom,9.367046483222612,-2.354875380403988,-3.9772950674386696,3.034876035379954,7.378398949503277,-4.343522914123323,-0.0846209395394581,0.0
29,2018,Sweden,-0.3634876692160057,-3.9004200141933376,2.903499745458991,-1.3604079379503524,1.0882622035134897,-2.4486701414638423,0.0,0.0
27,2018,Denmark,6.0291010999642625,-0.36124586561079736,-2.9458397753483494,2.7220154590051155,4.556181212290088,-1.834165753284972,-0.128577910844675,0.0
26,2018,United Kingdom,6.875415162621698,-2.3617154235322384,-0.6603119704243374,3.8533877686651223,6.5452591774095294,-2.691871408744407,0.5098912876370397,0.0
16,2018,Netherlands,4.3479838082546785,-0.8714372508538499,-1.0596907358317142,2.416855821569114,3.818138440338821,-1.401282618769707,0.0,0.0
18,2018,Germany,6.664066335921769,-2.121334087562842,-1.503171810616056,3.039560437742871,5.912480430613741,-2.8729199928708695,0.09962156373332715,0.0
22,2018,Germany,7.507595110449496,-4.609837404934565,-1.7124922508354485,1.185265454679483,6.651348985031772,-5.4660835303522886,1.7320185002656596,0.0
17,2018,United Kingdom,6.4384803279056255,-3.0269673774268773,0.014467841398353035,3.4259807918771013,6.445714248604802,-3.019733456727701,0.40086835185479425,0.0
11,2018,Germany,8.040561752810492,-1.2340992468095713,-3.0921984015683477,3.714264104432573,6.4944625520263175,-2.780198447593745,0.2655518152600169,0.0
13,2018,United Kingdom,3.352970886970513,-0.8372946774402635,-4.897881365042617,-2.382205155512368,0.9040302044492046,-3.286235359961572,0.6134046127047597,0.0
7,2018,Netherlands,7.770884120363948,-1.7377872245015933,-2.857877010947895,3.1752198849144606,6.341945614890001,-3.1667257299755405,-0.3003772930166077,0.0
9,2018,United Kingdom,5.934076735454273,-1.4730710516807712,-2.181718301176557,2.2792873825969453,4.843217584865995,-2.56393020226905,1.1919582090963938,0.0
2,2018,Belgium,10.910555301484354,-3.8911547708873644,-2.0209775989968883,4.998422931600101,9.900066501985911,-4.901643570385809,0.3415867764142547,0.0
58,2019,France,6.00126066089728,-2.974569126932427,2.321633396636713,5.348324930601567,7.162077359215637,-1.81375242861407,0.00025057085622872663,0.0
162,2019,United Kingdom,-0.3733693139988429,1.085316868681623,-2.489378688817485,-1.7774311341347049,-1.6180586584075853,-0.15937247572711957,0.32210115568029474,0.0
163,2019,Sweden,17.936900842740183,-0.8060325336610533,-6.223270648046997,10.907597661032135,14.825265518716687,-3.9176678576845516,0.7278006739760646,0.0
164,2019,United Kingdom,3.1763011917801336,0.12040679844469375,-1.4511000924329516,1.8456078977918757,2.450751145563658,-0.605143247771782,-0.1593076839921007,0.0
157,2019,Denmark,10.05559386982219,1.3605012398507548,-5.812949606993565,5.60314550267939,7.1491190663254125,-1.5459735636460223,6.0577980629301384,0.0
158,2019,Ireland,-0.2597635279610307,2.167064711036347,-1.717439267942236,0.1898619151330803,-1.1184831619321487,1.308345077065229,1.8741860347385217,0.0
152,2019,Denmark,5.906707620086244,0.3786781300451325,-4.01630780468931,2.2690779454420653,3.8985537177415885,-1.6294757722995228,0.0,0.0
153,2019,Denmark,22.986679157925433,3.518231276089189,-23.70935023201611,2.7955602019985224,11.132004041917384,-8.33644383991886,-1.2235084024571474,0.0
154,2019,Denmark,12.307543505350186,3.0358038292026888,-7.119615708173432,8.223731626379442,8.747735651263469,-0.5240040248840274,-1.531052149677164,0.0
148,2019,Finland,10.01300794921132,-1.3898207361529458,-4.080102290102223,4.54308492295615,7.972956804160209,-3.429871881204057,1.0553227262502212,0.0
149,2019,Sweden,13.868783492076833,3.0815665184315093,-12.264472511265376,4.685877499242967,7.736547236444144,-3.0506697372011784,0.0,0.0
150,2019,United Kingdom,-1.0817788170907818,0.1410460207706619,-2.196980147970967,-3.1377129442910863,-2.180268891076265,-0.9574440532148215,1.1017611782123449,0.0
144,2019,Sweden,12.542711664615288,-1.0647088166757215,-4.302148292803663,7.1758545551359045,10.391637518213457,-3.2157829630775527,-0.8813803802273951,0.0
142,2019,Germany,11.82689744069547,0.7954506705260436,-9.241410384364466,3.3809377268570473,7.206192248513237,-3.82525452165619,0.3762211744363577,0.0
137,2019,Germany,13.000421979461663,0.08139271163658174,-5.262104403172763,7.819710287925482,10.369369777875283,-2.5496594899497995,1.3754690625833692,0.0
128,2019,United Kingdom,8.103001839138638,-0.0311451943372516,-12.434089738583957,-4.362233093782572,1.885956969846659,-6.24819006362923,0.6022992608312915,0.0
121,2019,Germany,5.28569364111775,2.26079331854468,-3.4285189899991972,4.117967969663234,3.5714341461181522,0.5465338235450815,1.7226854033205241,0.0
122,2019,United Kingdom,16.490075391178504,2.758612628021616,-17.05641738523887,2.19227063396125,7.96186669855907,-5.7695960645978195,1.9262201586303116,0.0
123,2019,United Kingdom,10.510381860841834,-2.834200259253842,-7.666745474636411,0.009436126951581244,6.677009123523629,-6.667572996572048,2.345994412319487,0.0
116,2019,United Kingdom,2.398939019266443,1.488612892400832,0.03856926718615079,3.9261211788534256,2.4182236528595182,1.5078975259939074,0.29614442291863424,0.0
113,2019,Netherlands,7.488904716751596,-0.4226835900380265,-4.299124753269956,2.767096373443613,5.339342340116618,-2.5722459666730044,-0.0993016131366542,0.0
15,2019,Netherlands,10.374059002879436,0.5218524302444005,-5.799961897821712,5.0959495353021245,7.47407805396858,-2.378128518666456,0.5167995574585953,0.0
102,2019,United Kingdom,3.451925083294631,0.7795363423497237,-5.6347405794888665,-1.4032791538445113,0.6345547935501983,-2.0378339473947094,1.1824100399628537,0.0
99,2019,Sweden,34.3669876663295,1.9195737552926269,-31.570102656189924,4.716458765432191,18.581936338234534,-13.865477572802341,2.700446013180834,0.0
100,2019,Netherlands,9.03151269734463,-0.554959696958876,-8.427595469468754,0.04895753091700042,4.8177149626102524,-4.768757431693253,1.3356781477945558,0.0
96,2019,United Kingdom,5.390636989783044,0.7040452211951235,-5.079105666353451,1.015576544624717,2.8510841566063183,-1.8355076119816018,2.123063464923506,0.0
87,2019,United Kingdom,7.401769310347331,0.23847010563927645,-3.037404526814005,4.602834889172603,5.883067046940329,-1.2802321577677258,0.1748427804662425,0.0
84,2019,United Kingdom,5.334451928622389,0.7000956203333475,-6.931233423565794,-0.8966858746100579,1.8688352168394922,-2.76552109144955,1.578109284540182,0.0
83,2019,United Kingdom,16.007539394613897,-4.627083609468246,-22.596315010733985,-11.215859225588332,4.709381889246908,-15.925241114835238,2.811974020392958,0.0
48,2019,United Kingdom,7.101239812714286,0.3890444651693729,-2.6454641389333484,4.84482013895031,5.778507743247611,-0.9336876042973012,0.8963124261516267,0.0
31,2019,Netherlands,13.329470523058001,1.0600234313471546,-9.763188567224084,4.626305387181082,8.447876239445964,-3.8215708522648826,-0.08496740525171712,0.0
80,2019,United Kingdom,5.225531054223551,-1.018967832757243,-0.4912193903594557,3.715343831106852,4.979921359043823,-1.2645775279369706,-0.14653375076336211,0.0
73,2019,United Kingdom,6.837045225906696,1.280255382918875,-3.029752626164818,5.0875479826607535,5.322168912824288,-0.2346209301635341,-0.2621269119339192,0.0
68,2019,Denmark,3.3384219390230863,1.2779251052142429,1.359858018535728,5.976205062773057,4.0183509482909505,1.957854114482107,0.0,0.0
67,2019,United Kingdom,8.961661374979363,1.2787436136649293,-10.215566299352668,0.024838689291625537,3.8538782253030304,-3.829039536011404,2.6566356619776776,0.0
23,2019,Netherlands,7.2323729686968665,1.1070661080277333,-5.790711352609826,2.5487277241147748,4.3370172923919545,-1.7882895682771796,0.5910786901292899,0.0
65,2019,Netherlands,6.967629715827001,0.8331166537594528,-5.366490412607146,2.4342559569793063,4.284384509523427,-1.8501285525441207,0.8313058216369864,0.0
25,2019,Sweden,10.217437071727357,-0.6848224276813958,-0.7893574231803226,8.743257220865639,9.822758360137197,-1.0795011392715572,1.4560917236546216,0.0
59,2019,Denmark,18.97400671187359,1.4196019875554178,-13.847212866017324,6.546395833411683,12.050400278864927,-5.504004445453244,0.2297917621921656,0.0
60,2019,Denmark,8.289768248453246,1.3386112563614128,-3.019060723932219,6.60931878088244,6.780237886487137,-0.1709191056046968,0.0,0.0
61,2019,Denmark,10.588169735564072,1.6918150596044383,-6.594164326719293,5.685820468449218,7.291087572204425,-1.6052671037552084,0.0,0.0
10,2019,United Kingdom,6.550436269677236,-0.7976276524191537,-2.269064833387022,3.48374378387106,5.415903852983726,-1.9321600691126646,0.15188987282768546,0.0
55,2019,United Kingdom,9.626250881618102,0.8800491522426023,-6.911514461182519,3.5947855726781857,6.170493651026843,-2.575708078348657,0.7841606129598025,0.0
51,2019,United Kingdom,6.5984304659701145,0.1171393673711614,-3.1692762680123945,3.5462935653288814,5.013792331963917,-1.4674987666350356,0.0,0.0
49,2019,France,14.517560898959545,0.31161604623765193,-11.1776152853345,3.651561659862695,8.928753256292294,-5.277191596429599,-0.780972208660917,0.0
43,2019,Denmark,10.26806293587106,1.0691691020990708,-3.526802474315671,7.810429563654458,8.504661698713223,-0.6942321350587649,-0.338209740572334,0.0
36,2019,United Kingdom,5.681308621815198,-0.9668166771838982,-1.5593614542449263,3.1551304903863735,4.9016278946927345,-1.7464974043063612,1.3887553206666534,0.0
30,2019,United Kingdom,9.830609035811896,1.489791336929911,-8.184279276171369,3.1361210965704394,5.738469397726212,-2.6023483011557733,-0.0432880363693042,0.0
29,2019,Sweden,10.273658888937794,-0.267200577975986,-0.9157225638046331,9.090735747157176,9.815797607035478,-0.7250618598783025,0.0,0.0
27,2019,Denmark,9.941977726168634,1.1675389074311844,-4.4542084919967895,6.6553081416030295,7.71487348017024,-1.0595653385672104,-0.09482938837442355,0.0
26,2019,United Kingdom,7.2802434433243075,0.7413773033846242,-3.43618527612898,4.585435470579951,5.562150805259818,-0.9767153346798658,0.2923963765981358,0.0
18,2019,Germany,8.187959240636529,1.618276945773384,-5.118894175978485,4.687342010431427,5.628512152647286,-0.9411701422158589,0.022246913794316484,0.0
22,2019,Germany,16.21857636618923,0.4803657272240287,-6.757607948669008,9.941334144744248,12.839772391854723,-2.8984382471104757,1.7860040956398051,0.0
20,2019,Netherlands,6.948638156661535,0.9035305874438283,-4.36703950142859,3.4851292426767726,4.76511840594724,-1.279989163270467,0.3241202767584665,0.0
5,2019,United Kingdom,4.758749634447027,0.8034808254305995,-0.8361086628008423,4.726121797076784,4.340695303046606,0.3854264940301784,0.3404663269972249,0.0
17,2019,United Kingdom,6.078769307674035,-0.18673617876199683,-3.005061497795256,2.886971631116782,4.576238558776407,-1.6892669276596248,-0.10197469885314711,0.0
16,2019,Netherlands,5.54468388454662,1.5047926725085576,-3.396918313887618,3.6525582431675585,3.84622472760281,-0.1936664844352515,0.0,0.0
11,2019,Germany,10.67875067727667,2.6648485357409943,-6.457763113426537,6.885836099591125,7.449869120563399,-0.5640330209722747,-0.46819730263233117,0.0
13,2019,United Kingdom,5.6330863472369455,0.9864023449342292,-6.744120565070857,-0.12463187289968232,2.2610260647015172,-2.3856579376011995,0.2448202866386659,0.0
9,2019,United Kingdom,6.242219092873022,-1.8070859518885625,-1.9708701083465539,2.4642630326379056,5.256784038699745,-2.7925210060618397,1.2717156328736028,0.0
7,2019,Netherlands,8.257772658358519,1.443884434295039,-5.740840832794163,3.960816259859396,5.387352241961438,-1.4265359821020425,0.10412557603747838,0.0
2,2019,Belgium,10.710815119865954,0.35844103575741054,-5.111857046792663,5.957399108830702,8.154886596469623,-2.197487487638921,0.25351177483367976,0.0
58,2020,France,15.131175868317012,0.38271431239966186,-1.0080902212037208,14.505799959512956,14.627130757715154,-0.12133079820219854,0.0009857180805396958,0.0
170,2020,Portugal,12.967321426323867,0.4042956902952693,-1.5880267369388374,11.783590379680298,12.173308057854447,-0.3897176781741495,0.09377533813803021,0.0
162,2020,United Kingdom,6.0997251901568434,2.211787460745648,-2.7112821951371022,5.600230455765389,4.744084092588292,0.8561463631770968,0.00946907418860538,0.0
163,2020,Sweden,22.289686333818352,1.1334173899557096,-7.858229134452194,15.564874589321867,18.360571766592255,-2.7956971772703874,0.918388369601808,0.0
164,2020,United Kingdom,0.7766965947216864,0.6063074237511025,-1.8085828730590152,-0.4255788545862266,-0.12759484180782132,-0.29798401277840525,0.14735182830401147,0.0
157,2020,Denmark,9.90607269439467,0.6475647095729546,-5.320821220321706,5.232816183645919,7.2456620842338175,-2.012845900587899,5.91148671624916,0.0
158,2020,Ireland,7.86439607324472,0.8515920109556079,-0.21589745423620713,8.50009062996412,7.756447346126616,0.7436432838375043,2.056665250016568,0.0
152,2020,Denmark,8.956335197871832,1.3707308717773927,-4.573174279457719,5.753891790191507,6.669748058142973,-0.9158562679514666,0.0,0.0
153,2020,Denmark,27.62722746434249,2.1223064731547243,-24.227238980265575,5.522294957231642,15.513607974209703,-9.991313016978065,1.1734178055743334,0.0
154,2020,Denmark,13.685747646343646,1.2183751680381953,-9.097649467719116,5.806473346662726,9.136922912484088,-3.330449565821363,1.9561523743921319,0.0
148,2020,Finland,19.19404480801789,0.6169477170353597,-4.890798635026181,14.920193890027067,16.7486454905048,-1.8284516004777311,-0.3124513865268172,0.0
149,2020,Sweden,16.84986495785893,-1.260911724270826,-11.067773723883704,4.521179509704398,11.315978095917076,-6.794798586212678,0.0,0.0
150,2020,United Kingdom,1.1813486043221588,0.37368515148775605,-3.4333271655016713,-1.8782934096917565,-0.5353149784286768,-1.3429784312630797,1.7869778412069997,0.0
144,2020,Sweden,16.696487161691536,3.7739676814526772,-6.216206009164769,14.254248833979446,13.588384157109152,0.665864676870293,-1.568866326499963,0.0
142,2020,Germany,14.065007708979907,1.4671191024763681,-8.9798233117748,6.552303499681476,9.575096053092508,-3.022792553411032,-0.2719049558698956,0.0
137,2020,Germany,11.38985957732357,-1.5087144503149346,-4.402559543072348,5.478585583936285,9.188579805787395,-3.709994221851109,1.7924383194235036,0.0
128,2020,United Kingdom,17.065312132541084,3.2724673590649354,-11.306093209558385,9.031686282047636,11.412265527761893,-2.3805792457142574,0.23149271762072576,0.0
121,2020,Germany,9.29601961887051,0.8247976155827424,-3.1991409529122903,6.921676281540962,7.696449142414364,-0.7747728608734029,2.435178240364568,0.0
122,2020,United Kingdom,25.13353004725397,2.8626107652153814,-15.288311422992006,12.707829389477347,17.48937433575797,-4.781544946280623,2.9623076508589623,0.0
123,2020,United Kingdom,18.38147422710838,0.261714855106321,-8.627957365723006,10.015231716491693,14.067495544246874,-4.052263827755183,0.6404290452963759,0.0
116,2020,United Kingdom,7.931797474506412,2.1974966020947373,-0.6457610237682946,9.483533052832854,7.608916962622264,1.8746160902105902,-0.002604622843793156,0.0
113,2020,Netherlands,15.630170144345854,1.66881168989492,-5.554066479741312,11.744915354499463,12.853136904475198,-1.1082215499757357,0.1574142424839176,0.0
15,2020,Netherlands,18.59051152802393,1.4509454043900865,-6.451906312178103,13.589550620235915,15.36455837193488,-1.7750077516989653,0.11923733909449875,0.0
102,2020,United Kingdom,18.679430062599252,3.5566832250892753,-8.337396720256908,13.89871656743162,14.510731702470801,-0.6120151350391788,2.0651371219430947,0.0
99,2020,Sweden,36.14051406511091,2.4298201039839427,-28.504498950374767,10.06583521872007,21.888264589923516,-11.822429371203446,-0.33310874792845047,0.0
100,2020,Netherlands,16.541091255859524,0.011728955045439656,-9.223599440204413,7.329220770700551,11.929291535757319,-4.600070765056767,4.709637282025417,0.0
96,2020,United Kingdom,18.17180502765271,2.6289280178047,-6.798317987607335,14.002415057850076,14.77264603384904,-0.7702309759989674,2.1795256168812687,0.0
87,2020,United Kingdom,15.722636408119516,1.9886003726057897,-4.379897775384646,13.331339005340661,13.532687520427194,-0.20134851508653323,0.14041678539528601,0.0
84,2020,United Kingdom,13.603982841473902,1.7758910065413702,-6.591922402710458,8.787951445304815,10.308021640118673,-1.520070194813859,1.083871781246764,0.0
83,2020,United Kingdom,30.061448595829187,-0.7338692044178238,-20.224992044383463,9.102587347027903,19.94895257363746,-10.846365226609556,1.4973252780871922,0.0
31,2020,Netherlands,18.714886241988754,1.980943919482529,-8.567088002920748,12.128742158550526,14.431342240528377,-2.3026000819778494,-0.5015559837698507,0.0
80,2020,United Kingdom,10.246713006309987,0.04238851376923407,-1.5797797185170566,8.709321801562163,9.456823147051457,-0.7475013454892941,0.2655934220284992,0.0
73,2020,United Kingdom,12.348580446649668,1.894376220535764,-2.9228834675154007,11.320073199670032,10.887138712891968,0.43293448677806345,-0.48987622120248303,0.0
68,2020,Denmark,0.4535945522914614,0.5299867811490651,1.3404820249106622,2.3240633583511885,1.1238355647467924,1.2002277936043961,0.0,0.0
67,2020,United Kingdom,16.3732403127755,1.3853451975743347,-8.40461538307791,9.353970127271923,12.170932621236545,-2.8169624939646205,2.163985328821157,0.0
23,2020,Netherlands,9.471581287398235,1.2266569652598227,-5.079772857317058,5.6184653953409995,6.931694858739706,-1.313229463398706,0.5763206760342673,0.0
65,2020,Netherlands,8.75089252781708,0.5786309092049527,-4.0481542502614225,5.28136918676061,6.726815402686369,-1.4454462159257584,0.24046829368425052,0.0
25,2020,Sweden,7.737864340436746,-1.4791424432652256,-0.20716202558510466,6.051559871586417,7.634283327644194,-1.5827234560577779,1.0357310603292809,0.0
59,2020,Denmark,18.022978885383832,-0.05522293258104856,-12.94123260267121,5.026523350131574,11.552362584048229,-6.525839233916653,1.3630435678599817,0.0
60,2020,Denmark,5.178069322943769,0.4176837943229061,-2.1052724281643225,3.4904806891023528,4.125433108861608,-0.6349524197592551,0.0,0.0
61,2020,Denmark,9.548226464469352,0.6587953815423782,-5.012440057752884,5.194581788258844,7.042006435592909,-1.847424647334064,0.0,0.0
10,2020,United Kingdom,6.177477116381297,1.175872890679214,-3.9535615350701714,3.3997884719903393,4.200696348846211,-0.8009078768558718,0.15576970366770293,0.0
55,2020,United Kingdom,16.11938143838933,1.367021055452858,-5.730840881505664,11.755561612336525,13.253960997636499,-1.498399385299974,0.24728556228721613,0.0
51,2020,United Kingdom,13.0710127351873,1.4703168732372982,-3.6519745355346225,10.889355072889975,11.245025467419987,-0.355670394530013,0.0,0.0
49,2020,France,26.343499472875653,2.893404186772922,-11.668520224156316,17.568383435492258,20.509239360797494,-2.9408559253052364,-1.1576958126471253,0.0
48,2020,United Kingdom,13.73102992162737,2.2338950998997147,-4.014914708654094,11.950010312872982,11.72357256730032,0.2264377455726628,0.5175490768342993,0.0
43,2020,Denmark,15.207852064910854,1.7814413355844976,-4.042997851359114,12.946295549136238,13.186353139231299,-0.2400575900950593,0.09735700791726533,0.0
36,2020,United Kingdom,19.12298967231737,1.325922045306367,-3.6431759855953123,16.805735732028424,17.301401679519714,-0.4956659474912893,1.331308706690586,0.0
30,2020,United Kingdom,17.607651287302627,1.8389787113566665,-7.360766357986227,12.085863640673066,13.927268108309514,-1.8414044676364472,0.61055255714507,0.0
29,2020,Sweden,8.086618729362389,0.14544409138319095,-1.328886869696371,6.9031759510492074,7.4221752945142025,-0.5189993434649945,0.0,0.0
27,2020,Denmark,8.231162312630067,1.3201391104936913,-4.479536577899658,5.071764845224101,5.991394023680239,-0.9196291784561379,0.16563668531418155,0.0
26,2020,United Kingdom,14.713339452827423,1.7159120216584123,-4.136823940758882,12.292427533726952,12.644927482447983,-0.3524999487210289,0.3707500173676887,0.0
18,2020,Germany,9.869247056515825,0.5240176617811322,-3.859812977002102,6.533451741294854,7.939340568014774,-1.405888826719919,0.1629421552631754,0.0
22,2020,Germany,14.302413796174191,0.5192808351659515,-5.577551130596856,9.244143500743286,11.513638230875761,-2.269494730132476,1.1473394651255173,0.0
20,2020,Netherlands,7.980666242395963,1.3996192995691628,-4.176183583682466,5.204101958282661,5.892574450554731,-0.6884724922720703,-0.08983417123126129,0.0
5,2020,United Kingdom,6.708624869346738,1.2570127902652037,-1.187492256495195,6.778145403116747,6.114878741099141,0.6632666620176062,0.010687304436576818,0.0
17,2020,United Kingdom,16.68769180384747,2.0843764257215227,-4.319963120352463,14.452105109216532,14.52771024367124,-0.0756051344547087,0.27402333863816375,0.0
16,2020,Netherlands,6.195485652679662,0.6526994483783259,-2.5153806746607854,4.332804426397203,4.937795315349269,-0.6049908889520667,0.0,0.0
11,2020,Germany,10.011616598656062,1.2821703424653184,-5.327112832649583,5.966674108471797,7.34806018233127,-1.3813860738594732,-0.5045642473180667,0.0
13,2020,United Kingdom,14.994906412682033,1.7114512731243752,-6.387879924908865,10.318477760897544,11.8009664502276,-1.482488689330057,0.12413881909657365,0.0
9,2020,United Kingdom,12.255984838744913,-0.06164346347188565,-2.6091808153824148,9.585160559890612,10.951394431053705,-1.3662338711630932,0.4311523328120385,0.0
7,2020,Netherlands,10.427187813785068,0.6957555688494397,-4.382864550472943,6.740078832161564,8.235755538548595,-1.495676706387032,-0.1549293022582988,0.0
2,2020,Belgium,17.423707433973295,2.3914018418086807,-4.2505638231567975,15.56454545262518,15.298425522394897,0.26611993023028213,-0.033826677351206445,0.0
58,2021,France,5.436682327231362,-3.54721787289551,2.8481923822779227,4.737656836613775,6.860778518370323,-2.123121681756548,0.0014172907011116963,0.0
93,2021,United Kingdom,-4.006978407737075,-1.1215158792868174,0.5903978931047821,-4.53809639391911,-3.711779461184684,-0.8263169327344264,0.0006988448163894751,0.0
155,2021,Italy,-6.805089065286098,-2.338171324992077,0.1777523398469626,-8.965508050431211,-6.716212895362617,-2.249295155068596,1.6415477397129272,0.0
170,2021,Portugal,8.05528355787828,-1.4139079620626225,0.17064567035269038,6.8120212661683475,8.140606393054624,-1.3285851268862772,0.18798242229173756,0.0
40,2021,United Kingdom,-1.3499068816332196,-0.7595300562920989,-0.036600322260970944,-2.1460372601862896,-1.368207042763705,-0.7778302174225843,0.0,0.0
161,2021,United Kingdom,-3.089396678070837,-0.5468638888713561,-0.784336259179003,-4.420596826121196,-3.4815648076603383,-0.9390320184608576,0.8668847712520701,0.0
162,2021,United Kingdom,-6.269552017774717,-0.6262086364817029,-0.442201404731374,-7.337962058987793,-6.490652720140404,-0.8473093388473899,0.12303577496324866,0.0
163,2021,Sweden,14.312723626416371,-1.2769111346024093,-7.06229668555928,5.9735158062546825,10.781575283636732,-4.8080594773820495,1.5546239824917687,0.0
164,2021,United Kingdom,-1.92873823670398,0.13874485251427987,-1.2033890751189604,-2.99338245930866,-2.53043277426346,-0.4629496850452003,-0.10101438749856997,0.0
157,2021,Denmark,-0.3331294524746224,-2.681649348704357,-2.82742633595026,-5.8422051371292385,-1.7468426204497522,-4.095362516679487,6.425567528664907,0.0
158,2021,Ireland,-8.33559726461011,-1.7113120858402313,0.05797995670049302,-9.988929393749848,-8.306607286259862,-1.6823221074899848,4.562490436868995,0.0
152,2021,Denmark,-1.0765238112134523,-1.880210868521949,-2.151152452438627,-5.107887132174029,-2.152100037432766,-2.955787094741263,0.0,0.0
153,2021,Denmark,13.57814822320938,-2.023574436955472,-21.608820248594967,-10.054246462341073,2.7737380989118883,-12.827984561252963,-0.30639645434281276,0.0
154,2021,Denmark,3.296460134856366,-2.3237500601451484,-4.900488838311088,-3.9277787635998704,0.8462157157008219,-4.7739944793006925,0.7398439888988062,0.0
148,2021,Finland,10.789186531138622,-2.709245531514226,-1.919985916432391,6.159955083192005,9.829193572922428,-3.669238489730422,-0.15603730752769818,0.0
149,2021,Sweden,1.4494733666559962,-4.826495488181562,-9.538339685788191,-12.915361807313769,-3.319696476238105,-9.595665331075663,0.0,0.0
150,2021,United Kingdom,-3.612806761538913,0.9889028376423001,-3.4635501163752997,-6.087454040271912,-5.344581819726563,-0.7428722205453496,1.9329782798694808,0.0
144,2021,Sweden,10.971655993878601,0.2102676031631419,-4.39622078926919,6.785702807772553,8.773545599244006,-1.9878427914714532,0.11652281886923388,0.0
142,2021,Germany,2.751928215654845,-3.562394525304807,-4.9128034627645985,-5.723269772414561,0.29552648427254585,-6.018796256687106,0.07576042599959795,0.0
137,2021,Germany,3.9564167517529323,-2.8613800489689183,-3.0818340185942716,-1.9867973158102574,2.415499742455797,-4.402297058266054,1.4830654544595614,0.0
128,2021,United Kingdom,-0.41176974902668795,-2.397404382054524,-9.431385291832338,-12.240559422913549,-5.127462394942857,-7.113097027970693,0.16753480363116455,0.0
121,2021,Germany,-2.6558222354696945,-1.1586140063609953,0.4695190358304669,-3.3449172060002224,-2.421062717554461,-0.9238544884457618,0.27445248116380766,0.0
122,2021,United Kingdom,13.56639415658814,-0.7747278364903045,-13.753200163431146,-0.9615338433333086,6.689794074872568,-7.651327918205877,2.4979030849166635,0.0
123,2021,United Kingdom,-0.8678091087169699,-4.722173097501759,-5.17735389486449,-10.767336101083218,-3.4564860561492146,-7.3108500449340035,1.0224804685553173,0.0
116,2021,United Kingdom,-5.378652025264395,-0.4470628994807324,1.9939003586270896,-3.8318145661180365,-4.381701845950849,0.5498872798328125,-0.1381839742465603,0.0
113,2021,Netherlands,2.783408510871863,-0.2836915820847659,-4.051277039434104,-1.5515601106470065,0.7577699911548113,-2.3093301018018177,0.13410350938216903,0.0
15,2021,Netherlands,5.04739302413186,-1.6926531847807185,-4.561453500889853,-1.206713661538712,2.7666662736869334,-3.973379935225645,0.2756346746092715,0.0
102,2021,United Kingdom,2.5034687303693377,0.14950180117337358,-4.709867824164351,-2.05689729262164,0.1485348182871621,-2.2054321109088018,1.0706762692227507,0.0
99,2021,Sweden,19.27316248201167,-3.496503666347158,-26.082327908917406,-10.30566909325288,6.2319985275529755,-16.537667620805856,-0.2930539543705498,0.0
100,2021,Netherlands,2.9596542421234275,-3.4332924881145104,-8.079376101317226,-8.55301434730831,-1.0800338085351855,-7.472980538773123,4.3611222549636235,0.0
96,2021,United Kingdom,2.878990591000465,-0.1478002047718348,-3.649834117493141,-0.9186437312645105,1.0540735322538946,-1.9727172635184052,2.1055017602226984,0.0
87,2021,United Kingdom,5.416622263675963,-0.7159848082255919,-2.3415979711134187,2.3590394843369524,4.2458232781192535,-1.8867837937823013,0.6227230875031082,0.0
84,2021,United Kingdom,-7.380769967846717,-3.790706561324311,-1.417816982217152,-12.589293511388181,-8.089678458955294,-4.499615052432887,1.0981478354737344,0.0
83,2021,United Kingdom,9.076551355179383,-6.502815509030814,-20.14389016876019,-17.57015432261162,-0.9953937292007126,-16.57476059341091,2.2066666553244096,0.0
31,2021,Netherlands,5.63783159113709,-2.0699823100248174,-5.8046465214422245,-2.2367972403299525,2.735508330415977,-4.97230557074593,-0.716340226293148,0.0
80,2021,United Kingdom,-6.937246259174641,-3.2243199921437786,1.78410060142984,-8.37746564988858,-6.045195958459721,-2.3322696914288583,0.09003727987089352,0.0
73,2021,United Kingdom,1.870289748463698,-0.8477940332942524,-0.6317275632603673,0.3907681519090782,1.5544259668335143,-1.163657814924436,-0.4042170746369327,0.0
68,2021,Denmark,-6.8481064678985275,-2.3403419356766344,3.907302012080696,-5.281146391494467,-4.89445546185818,-0.3866909296362865,0.0,0.0
67,2021,United Kingdom,1.2040072275914864,-0.9944998727773569,-6.43514481650164,-6.225637461687511,-2.0135651806593335,-4.212072281028178,2.15887096512539,0.0
23,2021,Netherlands,-0.7537482311868954,-2.789504623025919,-2.122249782002082,-5.665502636214896,-1.8148731221879362,-3.85062951402696,0.7312786524488701,0.0
65,2021,Netherlands,-1.4279530568030856,-2.5405426804545956,-1.2227509197094966,-5.191246656967178,-2.0393285166578337,-3.1519181403093444,-0.4215048570990214,0.0
59,2021,Denmark,9.815589469897128,-1.8763309244240027,-11.164457419069297,-3.225198873596171,4.23336076036248,-7.458559633958651,0.64787608198649,0.0
60,2021,Denmark,-1.6357489290024951,-1.900618122247437,-0.03453595948160161,-3.5709030107315334,-1.653016908743296,-1.9178861019882376,0.0,0.0
61,2021,Denmark,2.4787381194921085,-2.9806412249797383,-1.8102369834582546,-2.312140088945884,1.5736196277629815,-3.8857597167088658,0.0,0.0
55,2021,United Kingdom,5.121950837286775,-1.200072020900044,-3.5390094201490934,0.3828693962376372,3.352446127212228,-2.9695767309745906,-0.23689497516080418,0.0
54,2021,Netherlands,2.6207753936561775,-1.1315835536819228,-5.082409734410782,-3.5932178944365276,0.07957052645078651,-3.6727884208873136,-0.29826099014961377,0.0
53,2021,United Kingdom,-0.43874563720671816,-1.47602530188571,0.31637060121882893,-1.5984003378735994,-0.28056033659730373,-1.3178400012762956,0.09671508375448358,0.0
51,2021,United Kingdom,1.612046388556489,-1.373010360443599,-1.134217770454654,-0.8951817423417641,1.044937503329162,-1.940119245670926,0.0,0.0
49,2021,France,13.10915777910801,-0.19626245136796974,-9.995103761953345,2.9177915657866955,8.111605898131337,-5.193814332344641,-1.9941837899641979,0.0
48,2021,United Kingdom,2.7577461861554786,-1.08504065375647,-0.7240340938770977,0.948671438521911,2.3957291392169298,-1.447057700695019,0.7218047368493695,0.0
43,2021,Denmark,2.3402707984430586,-1.55986331805898,-1.1698862544589914,-0.3894787740749127,1.755327671213563,-2.144806445288476,0.1272007545298453,0.0
36,2021,United Kingdom,0.6716953785772559,-0.5458469287937453,-2.0216728896074208,-1.8958244398239101,-0.33914106622645446,-1.5566833735974557,1.8278361860425265,0.0
30,2021,United Kingdom,4.137389546300167,-1.5327476726338747,-4.643119766959415,-2.038477893293123,1.815829662820459,-3.8543075561135822,0.044026311340347395,0.0
29,2021,Sweden,1.3663310585859658,-1.5024517077579371,0.420893819296484,0.28477317012451275,1.5767779682342078,-1.292004798109695,0.0,0.0
27,2021,Denmark,-0.08089341027696176,-1.412844789295772,-1.7636077440148006,-3.2573459435875343,-0.962697282284362,-2.2946486613031722,-0.04000258122397692,0.0
26,2021,United Kingdom,4.024976621069985,-0.8378903264757974,-2.102908615286557,1.084177679307631,2.9735223134267073,-1.889344634119076,0.6017634924105169,0.0
18,2021,Germany,0.23028341919552522,-2.2570711839578297,-0.9029192587396176,-2.9297070235019222,-0.22117621017428366,-2.7085308133276382,-0.2771592886654058,0.0
25,2021,Sweden,-1.5692167128546084,-3.4714692589679528,2.727220963752998,-2.313465008069563,-0.2056062309781093,-2.1078587770914536,0.2815171421776604,0.0
22,2021,Germany,5.843324418416992,-3.183902479385313,-2.379323072632999,0.28009886639867937,4.653662882100492,-4.373564015701813,0.9806928971190846,0.0
20,2021,Netherlands,-1.268265675024776,-2.3509824030701845,-0.7136137852689326,-4.332861863363893,-1.6250725676592424,-2.70778929570465,-0.18076979317168024,0.0
17,2021,United Kingdom,3.4109127618496347,-0.7715921507357243,-2.022880202673262,0.6164404084406483,2.3994726605130037,-1.7830322520723552,-0.29221011397610314,0.0
16,2021,Netherlands,-2.2969002059298806,-1.8664283100874117,0.029038755120092845,-4.1342897608972,-2.2823808283698344,-1.8519089325273654,0.0,0.0
10,2021,United Kingdom,-1.5960448025492728,-1.3226282528046782,-0.4439746364161768,-3.362647691770128,-1.8180321207573613,-1.5446155710127667,0.12908712692669047,0.0
11,2021,Germany,3.0131996628402815,-1.8546083120816261,-2.008924051961421,-0.8503327012027656,2.008737636859571,-2.859070338062337,-0.28082768319625967,0.0
13,2021,United Kingdom,-5.75080682916576,-2.55178037293903,-2.823325436487329,-11.12591263859212,-7.162469547409424,-3.963443091182694,-0.44734165666879455,0.0
9,2021,United Kingdom,-6.350205735828304,-3.8504096514954798,0.36417551529292674,-9.836439872030857,-6.168117978181841,-3.6683218938490163,0.9575416506731721,0.0
7,2021,Netherlands,-0.2969870236672568,-2.535748032107325,-1.4728050663405112,-4.305540122115093,-1.0333895568375124,-3.272150565277581,-0.018426649217204542,0.0
5,2021,United Kingdom,-5.547004548755408,-1.6918858501922662,1.9349675302204223,-5.303922868727252,-4.579520783645197,-0.7244020850820548,0.3276409924471869,0.0
2,2021,Belgium,3.9388366143366014,-1.1671260973573199,-0.8380055352168112,1.9337049817624703,3.5198338467281958,-1.5861288649657255,-0.050659790178583776,0.0
93,2022,United Kingdom,8.500921987436236,0.6940162368748762,-1.1586551557150193,8.036283068596092,7.921594409578725,0.11468865901736659,0.0004939041255533501,0.0
170,2022,Portugal,4.8271115799343,-0.2526657290128047,-0.7175435407882309,3.856902310133264,4.468339809540184,-0.6114374994069202,-0.048677233182819725,0.0
161,2022,United Kingdom,8.916595285180758,0.9096002356655675,-2.3046157393552833,7.521579781491042,7.764287415503116,-0.24270763401207432,0.8157870737866689,0.0
162,2022,United Kingdom,6.514357784423429,1.8487695801962571,-3.3066545676133723,5.056472797006314,4.861030500616743,0.1954422963895708,0.5793610842566443,0.0
163,2022,Sweden,10.713133745094979,0.24565843201256135,-8.005082069355732,2.953710107751808,6.710592710417114,-3.7568826026653044,1.5510287763723734,0.0
164,2022,United Kingdom,6.1946298101869015,1.1112055603696984,-2.534977464131496,4.770857906425104,4.927141078121154,-0.15628317169604955,0.07520428727283723,0.0
157,2022,Denmark,6.977527161899955,0.4431796318549388,-4.25593506385729,3.164771729897603,4.849559629971309,-1.6847879000737063,5.797341807123573,0.0
158,2022,Ireland,2.882904537760653,1.5772898848152033,-1.4152867207486295,3.044907701827226,2.175261177386338,0.8696465244408882,2.2620225008013337,0.0
127,2022,Sweden,4.154116297087739,-1.3620017505461794,-0.43835071274713955,2.35376383379442,3.934940940714169,-1.581177106919749,1.3685602528060266,0.0
155,2022,Italy,5.259872677392117,3.0127899292863725,-11.066751933106369,-2.794089326427891,-0.27350328916107347,-2.5205860372668174,13.01505921363163,0.0
152,2022,Denmark,7.850548653811804,1.794706499960692,-5.214293851284002,4.430961302488494,5.243401728169803,-0.812440425681309,0.0,0.0
153,2022,Denmark,24.71884809735416,3.2939012311098423,-23.836524369738427,4.176224958725567,12.800585912484943,-8.624360953759378,-0.6236384118929672,0.0
154,2022,Denmark,10.981588089297079,2.7624594913788325,-6.8527131911029135,6.8913343895729975,7.555231493745621,-0.6638971041726239,-0.9967896238519032,0.0
148,2022,Finland,8.606373894157265,-0.2816145227484109,-4.705300120610661,3.6194592507981924,6.253723833851935,-2.6342645830537417,0.6427786335988164,0.0
149,2022,Sweden,11.04038206232786,0.691723784187532,-11.403434807027603,0.328671039487789,5.338664658814058,-5.009993619326269,0.0,0.0
150,2022,United Kingdom,6.335191062091891,0.355656166087435,-3.1813603076348778,3.509486920544448,4.744510908274452,-1.2350239877300038,1.1654274388040822,0.0
144,2022,Sweden,7.23430151887951,1.4245749907903136,-5.031178408182834,3.627698101486989,4.7187123147880925,-1.0910142133011036,-1.0315074034542264,0.0
142,2022,Germany,8.646216079891644,-1.005161350102588,-6.969815104761887,0.6712396250271696,5.1613085275107,-4.4900689024835305,0.35827531040575955,0.0
137,2022,Germany,9.429484952993473,-0.12343815006386327,-5.121991370179384,4.184055432750224,6.86848926790378,-2.6844338351535555,1.0267146420499194,0.0
128,2022,United Kingdom,12.911800302637907,2.0017748532156356,-13.339449795446917,1.5741253604066252,6.242075404914448,-4.667950044507823,0.32782109662670683,0.0
121,2022,Germany,2.4172262209789057,0.9784469757731615,-1.654668208136402,1.7410049886156655,1.589892116910705,0.15111287170496054,1.4373003665200152,0.0
122,2022,United Kingdom,18.15585243503548,1.7765145325992653,-15.681904944044476,4.25046202359027,10.314899963013243,-6.064437939422973,2.2061477156379574,0.0
123,2022,United Kingdom,12.504488332663193,-2.428620493366092,-7.917796109402317,2.1580717298947834,8.545590277962035,-6.38751854806725,2.828111238617911,0.0
116,2022,United Kingdom,4.3433036776643075,1.4955172276268909,-0.1583793215088454,5.680441583782354,4.264114016909885,1.4163275668724682,0.026848618481757847,0.0
113,2022,Netherlands,3.5880353766986213,-1.7756094295787277,-3.4067267847621396,-1.5943008376422458,1.8846719843175517,-3.4789728219597973,0.3352743690970822,0.0
102,2022,United Kingdom,3.5042181423854353,0.3521864285406346,-5.384193901137,-1.52778933021093,0.8121211918169354,-2.3399105220278655,0.7534451936808856,0.0
99,2022,Sweden,30.666871254241652,0.6149269623977027,-31.23076000602018,0.051038210619162035,15.051491251231557,-15.000453040612394,3.245484516675294,0.0
100,2022,Netherlands,5.63259658749933,-3.0066314113998223,-4.5210564573776795,-1.8950912812781724,3.3720683588104894,-5.2671596400886616,0.39891645844244444,0.0
96,2022,United Kingdom,4.5294773861011155,-0.9677464001086605,-3.579272201683401,-0.01754121569094566,2.7398412852594154,-2.757382500950361,2.5706839018448147,0.0
87,2022,United Kingdom,5.858609470722928,-1.0172163457973287,-1.6931707734578565,3.148222351467743,5.012024083994,-1.8638017325262568,0.3571982661472696,0.0
84,2022,United Kingdom,4.882223303611111,0.1532131863077268,-5.832137576037463,-0.7967010861186251,1.9661545155923796,-2.762855601711005,0.8136544256368666,0.0
83,2022,United Kingdom,23.969157386429675,-0.7037573854513572,-22.33297884507023,0.9324211559080882,12.80266796389456,-11.870246807986474,0.9015735661375421,0.0
31,2022,Netherlands,8.609792037073579,-1.2640095246371235,-6.793102063920779,0.5526804485156754,5.213241005113188,-4.660560556597513,-0.4345972233691469,0.0
80,2022,United Kingdom,5.244165419098616,-0.20666929050821722,-1.0882790609553745,3.9492170676350247,4.700025888620929,-0.7508088209859044,-0.1753025623452977,0.0
73,2022,United Kingdom,6.647745398954355,0.6361168343810195,-2.3620581737620765,4.921804059573298,5.466716312073317,-0.5449122525000188,-0.34807565141098307,0.0
68,2022,Denmark,1.4254274416397903,1.062691798729737,1.282845865669188,3.770965106038715,2.0668503744743845,1.704114731564331,0.0,0.0
40,2022,United Kingdom,10.685190050231348,0.760932822541881,-1.4834099072438895,9.96271296552934,9.943485096609404,0.01922786891993621,0.0,0.0
67,2022,United Kingdom,11.150960100094307,1.5510378302114585,-9.442927914772056,3.2590700155337107,6.42949614270828,-3.1704261271745695,1.7076431673425683,0.0
23,2022,Netherlands,4.6609541977736,0.5353786948582113,-4.727203769144219,0.4691291234875929,2.297352313201491,-1.8282231897138979,0.4796156964338487,0.0
65,2022,Netherlands,4.181369426096519,0.04238152947324098,-4.082927011506606,0.14082394406315413,2.1399059203432165,-1.9990819762800622,0.9670500848650297,0.0
59,2022,Denmark,18.804448853423857,1.8794627033470523,-13.472592055558241,7.211319501212668,12.068152825644736,-4.856833324432069,-0.05282655194261485,0.0
60,2022,Denmark,7.10231419802267,1.3275681820101473,-2.7675734935708296,5.662308886461988,5.7185274512372555,-0.05621856477526754,0.0,0.0
61,2022,Denmark,9.660114274006968,0.5546971315854646,-4.886378253167719,5.328433152424713,7.216925147423109,-1.888491994998395,0.0,0.0
58,2022,France,0.8190106512403081,-5.393399402697011,5.207211294048589,0.6328225425918859,3.4226162982646025,-2.789793755672717,0.6573886560868888,0.0
55,2022,United Kingdom,10.259978834970001,0.55606798212818,-6.537153557322704,4.278893259775477,6.99140205630865,-2.7125087965331725,0.4966864693746838,0.0
54,2022,Netherlands,4.896463491120294,-1.2915151619958296,-4.813516067944086,-1.2085677388196214,2.4897054571482515,-3.698273195967873,-0.33245052109978634,0.0
53,2022,United Kingdom,7.12512551417844,0.6237173187295759,-2.0320241323692816,5.7168187005387345,6.109113447993799,-0.39229474745506476,0.14083627721623787,0.0
51,2022,United Kingdom,7.56721800533512,-0.07945196455378101,-2.695235874729815,4.792530166051524,6.219600067970212,-1.4270699019186885,0.0,0.0
49,2022,France,14.79708486982709,-1.23494435448637,-10.774231082316089,2.787909433024631,9.409969328669044,-6.622059895644414,-0.3550825278754511,0.0
48,2022,United Kingdom,4.479147669737163,-0.49388718316665126,-1.6006470257870882,2.3846134607834233,3.6788241568436186,-1.2942106960601953,0.9796739347520323,0.0
43,2022,Denmark,10.060686235318048,1.2930950522987292,-3.5835475516263844,7.770233735990392,8.268912459504856,-0.498678723514463,-0.2643194387718437,0.0
36,2022,United Kingdom,1.7556871973550408,-1.4276316183409898,-0.40364277362100204,-0.07558719460695097,1.5538658105445398,-1.6294530051514908,0.20247517905511228,0.0
30,2022,United Kingdom,10.124764194352355,0.6131738220067142,-6.804651045331571,3.933286971027498,6.722438671686569,-2.7891517006590716,-0.09120618842801258,0.0
29,2022,Sweden,5.234212853899293,-0.8595517047889372,-0.30447884421949156,4.070182304890864,5.081973431789547,-1.011791126898683,0.0,0.0
15,2022,Netherlands,1.3003232761652808,-1.457981693895086,-0.16541557309345398,-0.3230739908232593,1.2176154896185536,-1.540689480441813,0.17428732278280407,0.0
27,2022,Denmark,9.57707289731522,1.3723534364135572,-4.443037558027293,6.5063887757014855,7.355554118301575,-0.8491653426000891,-0.10095142400545433,0.0
26,2022,United Kingdom,5.535440939317457,-0.9874088695353731,-1.8639229412081793,2.6841091285739047,4.603479468713368,-1.9193703401394628,0.37226653985901764,0.0
18,2022,Germany,5.46594206531117,0.7714737369307697,-3.9066546937889983,2.330761108452941,3.5126147184166703,-1.1818536099637293,-0.1061766794023475,0.0
25,2022,Sweden,3.656460304590807,-1.1324683160435653,0.2109006792579212,2.7348926678051626,3.7619106442197676,-1.0270179764146046,0.023781157556702855,0.0
22,2022,Germany,11.015424340984731,-1.4573389463089048,-5.250100636571366,4.3079847581044595,8.390374022699048,-4.082389264594588,1.3152998060385879,0.0
20,2022,Netherlands,5.763204266853277,0.29542003242212345,-3.25635346332389,2.8022708359515107,4.135027535191332,-1.3327566992398217,-0.04773202100842998,0.0
17,2022,United Kingdom,5.924121788870595,-0.6878872324124456,-2.2317884368704597,3.0044461195876893,4.808227570435365,-1.8037814508476757,0.6042245942368436,0.0
16,2022,Netherlands,4.201919401711338,1.0388065161010196,-2.731285057720679,2.5094408600916784,2.8362768728509984,-0.3268360127593199,0.0,0.0
10,2022,United Kingdom,8.549443591569666,0.8941693644885901,-2.8009151591878325,6.642697796870424,7.148986011975751,-0.5062882151053261,0.2762018548128928,0.0
13,2022,United Kingdom,4.684017703054019,0.7986571863637798,-6.291787541857259,-0.8091126524394593,1.5381239321253901,-2.3472365845648495,0.0469892792178617,0.0
11,2022,Germany,7.61673921491795,0.9647891189113275,-3.8713834211757643,4.710144912653513,5.681047504330067,-0.9709025916765547,-0.46794241249705504,0.0
9,2022,United Kingdom,6.677364424727459,-1.3920948736342365,-1.9869344779457392,3.298335073147484,5.6838971857545895,-2.385562112607106,1.0976988655977122,0.0
7,2022,Netherlands,5.254659294896268,0.0032722351557458425,-3.602796741788758,1.6551347882632559,3.4532609240018886,-1.7981261357386331,-0.07552091280791583,0.0
5,2022,United Kingdom,3.234915410029614,1.071042097269739,-0.9883621694957722,3.3175953378035805,2.7407343252817276,0.576861012521853,0.14085948410477034,0.0
2,2022,Belgium,4.436669183424382,-1.0763697177381688,-1.1194523766525588,2.2408470890336543,3.8769429950981023,-1.6360959060644482,0.41005598371948515,0.0
95,2023,Sweden,7.157374542310957,0.8452744189361667,-1.3112523364729236,6.6913966247742,6.501748374074494,0.18964825069970487,-0.003169818318306265,0.0
167,2023,France,8.868795485030137,1.997266062974469,-2.1680519256538373,8.698009622350769,7.784769522203218,0.9132401001475503,0.0,0.0
170,2023,Portugal,12.457695782321833,-1.3336562010691961,-0.36339274933558424,10.760646831917054,12.27599940765404,-1.5153525757369881,-0.22067338396771521,0.0
129,2023,United Kingdom,-0.08061904410852765,0.27892867449954295,-1.1907315242878425,-0.9924218938968271,-0.6759848062524489,-0.31643708764437833,0.07774695979018344,0.0
161,2023,United Kingdom,-1.9074623403662685,-1.8312445184057713,0.15695006633613084,-3.5817567924359093,-1.828987307198203,-1.752769485237706,1.0166322752033554,0.0
162,2023,United Kingdom,-4.317619646337109,0.47613525308683013,-1.3193407781422308,-5.160825171392509,-4.977290035408224,-0.18353513598428517,-0.08615565674474478,0.0
163,2023,Sweden,13.6486190694456,-0.7623813926568561,-6.240676363430397,6.645561313358347,10.528280887730402,-3.882719574372054,0.6461871196154095,0.0
164,2023,United Kingdom,-3.0613198403398827,-1.5761473646430393,0.2702901148832904,-4.367177090099632,-2.9261747828982374,-1.4410023072013942,-0.1755149856507696,0.0
157,2023,Denmark,7.386591757554349,-1.388306621543814,-4.12025471254868,1.878030423461856,5.326464401280009,-3.4484339778181536,6.910647220041572,0.0
158,2023,Ireland,3.2236102067209025,1.8605817182802,-1.545085416987778,3.5391065080133246,2.4510674982270135,1.088039009786311,2.466942432068634,0.0
155,2023,Italy,2.058582208934988,-3.991764996186263,-3.8980278555934027,-5.831210642844666,0.1095682811382924,-5.9407789239829585,11.634166703550067,0.0
152,2023,Denmark,3.0871221113454212,-0.7147773422534356,-2.731428848513274,-0.3590840794212886,1.721407687088784,-2.0804917665100726,0.0,0.0
153,2023,Denmark,23.459308287385333,1.6824165275932508,-20.973071262143694,4.16865355283489,12.972772656313486,-8.804119103478598,-0.7924704109914308,0.0
154,2023,Denmark,9.87974427245103,2.0172045183095655,-6.933369185246587,4.963579605514009,6.413059679827736,-1.4494800743137275,0.03304879070250175,0.0
148,2023,Finland,4.5922566981729185,-3.601184017520785,-1.1458590632606285,-0.15478638260849525,4.019327166542604,-4.174113549151099,0.18306555241679598,0.0
149,2023,Sweden,14.906469984307591,2.629492957497609,-11.522390297444973,6.0135726443602255,9.145274835585104,-3.1317021912248775,0.0,0.0
150,2023,United Kingdom,-5.590465905015018,-1.3431398375920471,-1.2730890131440122,-8.206694755751078,-6.227010411587024,-1.9796843441640533,1.0585511634397238,0.0
144,2023,Sweden,11.228346733993535,0.5792873752359289,-4.35856910825745,7.449065000972014,9.04906217986481,-1.599997178892796,-1.4003853116507905,0.0
142,2023,Germany,12.120822917975987,-1.576895053223812,-5.803881791490281,4.740046073261895,9.218882022230849,-4.478835948968952,-0.08741329082374805,0.0
134,2023,Netherlands,12.18470245423188,-0.991589194856355,-4.958405949266793,6.234707310108732,9.705499479598485,-3.470792169489752,4.8426886465376535,0.0
140,2023,Denmark,3.6070591266007535,-0.1437298958985493,-1.6502355761052487,1.8130936545969552,2.781941338548129,-0.9688476839511736,-0.6106097246691865,0.0
136,2023,Denmark,2.5791196819553788,0.044739427178574084,-1.6508069938875496,0.9730521152464033,1.753716185011604,-0.7806640697652006,-0.7474985912975906,0.0
137,2023,Germany,12.12598666195432,-0.16391578523654707,-5.254342159133643,6.70772871758413,9.498815582387499,-2.791086864803369,1.9356388018385577,0.0
127,2023,Sweden,8.550032437778352,1.1754553914433366,-2.448691308403678,7.27679652081801,7.325686783576513,-0.0488902627585025,0.7558166825170531,0.0
128,2023,United Kingdom,3.06731899726223,-0.30110036806925794,-11.343248181031031,-8.57702955183806,-2.6043050932532856,-5.972724458584774,0.9498523536211729,0.0
121,2023,Germany,5.510188736417483,-0.015414469743968717,-1.6555203260140396,3.8392539406594746,4.682428573410463,-0.8431746327509886,2.1318067956152027,0.0
122,2023,United Kingdom,19.72984161978508,2.8886215079990394,-16.550180718087574,6.068282409696546,11.454751260741293,-5.386468851044747,2.5437862777045277,0.0
123,2023,United Kingdom,9.244831165107614,-1.69182153715626,-8.345326012677818,-0.7923163847264636,5.072168158768705,-5.86448454349517,2.1315997004407694,0.0
93,2023,United Kingdom,-1.8995402546061944,-1.728650741834295,1.2707096159532567,-2.3574813804872328,-1.2641854466295661,-1.0932959338576667,0.13975836718103632,0.0
116,2023,United Kingdom,-1.0842394732513398,1.2439001943974686,0.06869549591780764,0.2283562170639364,-1.049891725292436,1.2782479423563724,0.257907565410992,0.0
113,2023,Netherlands,14.31051976969116,0.47121551867049666,-4.350396202934783,10.431339085426876,12.13532166822377,-1.7039825827968944,0.1261795761910105,0.0
69,2023,France,13.20614363043424,2.409893101026911,-0.9519851367161054,14.664051594745048,12.730151062076187,1.9339005326688588,0.08362236650713747,0.0
102,2023,United Kingdom,13.68317765360245,3.5853343235812836,-8.514695528463328,8.753816448720405,9.425829889370785,-0.6720134406503798,1.8262314709121337,0.0
99,2023,Sweden,35.39918299977277,1.7346322612317382,-27.634978484302806,9.49883677670169,21.581693757621363,-12.082856980919672,0.3052020329883442,0.0
100,2023,Netherlands,14.269142227978715,-0.6298396942219484,-7.079415602251814,6.559886931504953,10.729434426852809,-4.169547495347855,2.9695658051394433,0.0
96,2023,United Kingdom,12.00764019703873,1.678464375293001,-5.364649853979313,8.32145471835242,9.325315270049074,-1.0038605516966554,1.4848820690434785,0.0
87,2023,United Kingdom,13.604942714266652,0.6131335671630408,-3.1795945852283167,11.038481696201377,12.015145421652495,-0.9766637254511175,0.287121321307929,0.0
84,2023,United Kingdom,4.670878293993576,1.5163603521247702,-7.080282192896058,-0.8930435467777111,1.1307371975455478,-2.023780744323259,1.8378912502168165,0.0
83,2023,United Kingdom,17.893310253455596,-4.309518904548793,-19.269629449963617,-5.685838101056814,8.258495528473789,-13.944333629530602,-0.6460908240309202,0.0
80,2023,United Kingdom,4.043547770083192,-0.5000340377337777,-0.8227270485239955,2.720786683825419,3.632184245821194,-0.9113975619957755,-0.2138163361827413,0.0
75,2023,France,15.97445078163367,5.540769812637069,-7.643303453795823,13.871917140474915,12.152799054735759,1.7191180857391573,0.518889461971264,0.0
73,2023,United Kingdom,6.837010150330864,0.7928502964196292,-2.0161758925581816,5.613684554192312,5.828922204051773,-0.2152376498594616,-0.47215306833197573,0.0
68,2023,Denmark,-4.0370370001712494,0.2057963415455268,1.7086728969790324,-2.1225677616466903,-3.1827005516817333,1.060132790035043,0.0,0.0
67,2023,United Kingdom,5.799726300884527,1.2424671897136956,-7.661558090361285,-0.6193645997630629,1.968947255703884,-2.588311855466947,1.789252531237677,0.0
23,2023,Netherlands,4.67353926247605,-0.685572792577599,-3.0741816356392575,0.9137848342591931,3.136448444656421,-2.2226636103972277,0.09198858815696195,0.0
65,2023,Netherlands,4.6093171962065,-0.5657403896288531,-2.9378821259044243,1.1056946806732229,3.140376133254288,-2.034681452581065,-0.12354189484012129,0.0
59,2023,Denmark,12.411361011049106,-0.8532108994096004,-10.502917092955121,1.0552330186843848,7.159902464571545,-6.1046694458871595,0.24580071221390123,0.0
60,2023,Denmark,0.9854727933906577,-0.006730465449002456,-1.44255474572863,-0.46381241778697496,0.2641954205263426,-0.7280078383133175,0.0,0.0
61,2023,Denmark,5.3502022582133195,-0.36625787638492247,-4.063679308396332,0.9202650734320651,3.3183626040151535,-2.3980975305830885,0.0,0.0
58,2023,France,10.881830361023201,0.3474570194554779,-1.2189080591848522,10.010379321293826,10.272376331430774,-0.2619970101369481,1.0763375207858783,0.0
55,2023,United Kingdom,9.940835387525517,0.6117754072312296,-5.476613272516525,5.075997522240221,7.202528751267255,-2.1265312290270333,0.20307898766208313,0.0
54,2023,Netherlands,13.421932685325022,0.38138261221368625,-6.301741180872986,7.501574116665723,10.27106209488853,-2.7694879782228066,-0.4473011228053588,0.0
53,2023,United Kingdom,4.558165518438019,1.3101743421704917,-2.233458651955204,3.6348812086533075,3.4414361924604178,0.1934450161928896,-0.08795649782069637,0.0
51,2023,United Kingdom,6.1116926032010275,1.1090437725465272,-3.392905320428067,3.8278310553194883,4.415239942986994,-0.5874088876675063,0.0,0.0
49,2023,France,23.756127631712186,1.4819240904931392,-11.818402001386696,13.41964972081863,17.84692663101884,-4.427276910200209,0.6008967693619919,0.0
48,2023,United Kingdom,10.288141674177227,0.9104859677371966,-2.1867050653870552,9.011922576527368,9.1947891414837,-0.18286656495633125,0.2894968036972285,0.0
43,2023,Denmark,7.6210620081879625,0.23790795620075086,-2.4483131729987697,5.410656791389943,6.396905421688578,-0.986248630298634,0.006908983126141355,0.0
40,2023,United Kingdom,-0.04197190053546836,-1.8098822595315385,0.5183421956935808,-1.3335119643734261,0.21719919731132203,-1.5507111616847482,0.0,0.0
36,2023,United Kingdom,12.865829593617825,1.6350340554439358,-4.193999148700881,10.306864500360879,10.768830019267385,-0.4619655189065049,0.9834875298949802,0.0
30,2023,United Kingdom,8.0617809302349,0.7114599236944709,-6.327361334281435,2.445879519647935,4.898100263094182,-2.452220743446247,0.11673718009441737,0.0
31,2023,Netherlands,10.79355493815225,0.14971019994677875,-3.5793412988042816,7.363923839294746,9.003884288750108,-1.6399604494553621,0.09696403162162759,0.0
29,2023,Sweden,9.267854387073204,1.3882381359932612,-2.2867669497580194,8.369325573308444,8.124470912194194,0.24485466111425155,0.0,0.0
27,2023,Denmark,3.4900430862697256,0.011164159212778932,-2.9447905668125633,0.5564166786699413,2.017647802863444,-1.4612311241935028,-0.11895464457224929,0.0
26,2023,United Kingdom,12.350910673554127,0.7378431554030163,-3.1620118640240524,9.926741964933091,10.769904741542101,-0.84316277660901,-0.06401637807524987,0.0
18,2023,Germany,4.665235043219315,-0.9514431715355036,-2.083051128693422,1.6307407429903897,3.623709478872604,-1.9929687358822146,0.07796679020203176,0.0
25,2023,Sweden,8.790816145863824,0.5652981130926583,-1.5950668506083252,7.761047408348157,7.9932827205596615,-0.2322353122115042,0.6124810539139233,0.0
22,2023,Germany,15.207567865866089,0.5295450090246211,-5.592346278491191,10.144766596399519,12.411394726620493,-2.2666281302209748,0.9205526813633322,0.0
20,2023,Netherlands,1.7065319401224064,-0.4023237838829132,-2.1779985115787155,-0.8737903553392226,0.6175326843330484,-1.491323039672271,-0.27189739422936926,0.0
17,2023,United Kingdom,13.741732073577223,1.223976585424092,-4.801431524843822,10.164277134157494,11.341016311155313,-1.1767391769978186,1.334816184245707,0.0
16,2023,Netherlands,1.6895534505580068,-0.6231827313070754,-1.2014767327822997,-0.1351060135313682,1.088815084166857,-1.223921097698225,0.0,0.0
15,2023,Netherlands,12.93200312354659,0.7684844859868198,-2.0253730713187386,11.675114538214672,11.91931658788722,-0.24420204967254944,0.11282696104967632,0.0
10,2023,United Kingdom,-2.3807366912791714,-1.4909052466802735,-0.17173059528858584,-4.043372533248031,-2.4666019889234643,-1.5767705443245663,-0.37774756541807847,0.0
13,2023,United Kingdom,4.400624480619697,1.0515523814615206,-5.542331883899898,-0.09015502181868051,1.6294585386697478,-1.7196135604884282,0.09402722317828571,0.0
11,2023,Germany,5.354281925123707,0.16847984304153996,-3.1643527192037357,2.3584090489615113,3.7721055655218394,-1.413696516560328,-0.8294976437592676,0.0
9,2023,United Kingdom,4.752950116860318,-1.0011133322871053,-2.2130426371901564,1.5387941473830566,3.64642879826524,-2.1076346508821837,1.0105953929503846,0.0
7,2023,Netherlands,5.478238219035121,-0.5949711053304839,-2.8253258408880955,2.0579412728165414,4.065575298591074,-2.0076340257745318,-0.3875489413274467,0.0
5,2023,United Kingdom,0.7029393442096508,0.23481099537685782,0.18349285183071454,1.1212431914172232,0.7946857701250081,0.3265574212922151,0.12095706452524423,0.0
2,2023,Belgium,15.662410445591984,0.9145213324954091,-2.8289323701031743,13.74799940798422,14.247944260540399,-0.49994485255617793,-0.055282419263171664,0.0
167,2024,France,10.143584600908104,4.617580530286648,-4.75839989154141,10.002765239653339,7.764384655137398,2.2383805845159426,0.0,0.0
170,2024,Portugal,14.110488450387331,-2.2986633780452355,1.2502045428757897,13.062029615217885,14.735590721825226,-1.6735611066073406,-0.09655356107730936,0.0
161,2024,United Kingdom,6.154800729064296,-0.6995659220209001,-0.73910708843613,4.716127718607266,5.78524718484623,-1.0691194662389651,0.8837261562385854,0.0
162,2024,United Kingdom,2.804880784670405,1.8851424586157701,-3.044375980377365,1.6456472629088101,1.2826927944817224,0.36295446842708773,0.6447821567578245,0.0
163,2024,Sweden,17.94373287220718,-1.1467454596573108,-5.960418526421971,10.836568886127896,14.96352360899619,-4.126954722868296,0.9093410250525075,0.0
164,2024,United Kingdom,6.513109723283626,-0.4168422701868173,-0.599731239757249,5.49653621333956,6.213244103405002,-0.7167078900654418,-0.1412421290927042,0.0
157,2024,Denmark,8.32935042969673,-1.4699344183735605,-4.242955052888368,2.6164609584348018,6.207872903252546,-3.591411944817744,6.7110472872409135,0.0
158,2024,Ireland,-0.35930398681824216,0.045816910683380195,0.043840277998180854,-0.26964679813668113,-0.33738384781915176,0.06773704968247062,1.7708989818832714,0.0
155,2024,Italy,-4.1186051087238,2.1628368553879547,-9.917289157400353,-11.873057410736198,-9.077249687423976,-2.7958077233122216,11.979964964374117,0.0
152,2024,Denmark,6.112861960083828,0.12712873957675017,-3.1936304578274815,3.046360241833097,4.516046731170087,-1.4696864893369905,0.0,0.0
153,2024,Denmark,21.175057941648124,1.136690063895244,-20.968853288813314,1.3428947167300633,10.69063129724147,-9.347736580511407,-0.3653573595106266,0.0
154,2024,Denmark,10.281879120931546,2.063467547839308,-6.934844255811182,5.410502412959672,6.8144569930259555,-1.403954580066283,-0.8928973813716564,0.0
148,2024,Finland,12.665713294434447,1.6271314277010611,-6.137295445755357,8.15554927638015,9.597065571556767,-1.4415162951766174,0.37575682522136133,0.0
149,2024,Sweden,13.68958498406116,2.150585689799639,-11.33753975612581,4.5026309177349875,8.020815105998253,-3.518184188263266,0.0,0.0
150,2024,United Kingdom,5.846665589549619,-0.6896958751364852,-2.0041777614739993,3.1527919529391353,4.84457670881262,-1.6917847558734849,1.2685621505708289,0.0
144,2024,Sweden,12.431884660024652,-0.21673688394248927,-3.8637313958004613,8.351416380281702,10.50001896212442,-2.1486025818427197,-1.3434608970471285,0.0
142,2024,Germany,10.45600570952838,0.19697550695324936,-7.991498215578846,2.661483000902784,6.4602566017389575,-3.7987736008361734,0.5187365659192835,0.0
140,2024,Denmark,6.30865485596972,0.1610393787459094,-2.5407248080486173,3.9289694266670114,5.038292451945411,-1.1093230252783994,0.09322878587364397,0.0
136,2024,Denmark,5.695403237300949,0.6156059535901085,-2.6780152697003667,3.6329939211906908,4.356395602450766,-0.723401681260075,-0.07063099940217632,0.0
137,2024,Germany,11.201934833721596,-1.0557476451740055,-4.564175461983953,5.582011726563638,8.91984710272962,-3.3378353761659816,2.1242193355857206,0.0
129,2024,United Kingdom,6.001094051133421,0.7080518074381552,-1.4659938073575012,5.243152051214076,5.268097147454671,-0.02494509624059535,-0.08252876587513037,0.0
134,2024,Netherlands,5.5888298882095,1.236574458870669,-7.866768510233342,-1.0413641631531732,1.655445633092829,-2.696809796246002,4.8616320499483265,0.0
127,2024,Sweden,7.601609326281639,-0.0722864252292744,-1.5590181615124405,5.970304739539924,6.8221002455254185,-0.8517955059854947,1.1053777786334187,0.0
128,2024,United Kingdom,10.673351988320379,0.8217524899651609,-11.948385404756335,-0.45328092647079654,4.699159285942211,-5.1524402124130075,1.0025194375226343,0.0
121,2024,Germany,5.912791479347906,0.862704387261338,-3.4289641773935418,3.3465316892157024,4.198309390651135,-0.8517777014354327,3.5604995137731876,0.0
122,2024,United Kingdom,20.69309871479357,2.693192632170669,-17.159579558984554,6.226711787979686,12.113308935301294,-5.886597147321607,2.6754165689333385,0.0
123,2024,United Kingdom,10.082495914457432,-2.495547607716674,-7.770899432141863,-0.18395112540110478,6.197046198386501,-6.380997323787605,3.0048918082395404,0.0
116,2024,United Kingdom,3.3329252779939864,1.2410391532525245,-0.15150953327605157,4.422454897970459,3.2571705113559606,1.1652843866144986,0.7704737011602113,0.0
113,2024,Netherlands,10.215607549299206,1.376303369909908,-6.230311891468749,5.361599027740365,7.1004516035648315,-1.7388525758244664,0.5363865959307043,0.0
93,2024,United Kingdom,5.193336785487102,0.042173947482618726,-0.36223683141279944,4.873273901556922,5.012218369780703,-0.138944468223781,0.2847311143989771,0.0
102,2024,United Kingdom,10.537532099306475,2.6054743272417404,-7.667964835820642,5.4750415907275745,6.703549681396154,-1.22850809066858,1.2436396716325422,0.0
99,2024,Sweden,33.58024018575819,1.3153436204025835,-28.46895039359315,6.426633412567624,19.34576498896162,-12.91913157639399,1.294687451878545,0.0
100,2024,Netherlands,9.655385032013095,1.0899752227122474,-8.858778370742609,1.8865818839827333,5.225995846641791,-3.3394139626590573,1.8915518563434646,0.0
95,2024,Sweden,6.980708749212533,-0.05400572936950593,-0.6317420435614941,6.294960976281533,6.664837727431786,-0.369876751150253,0.035488384573683106,0.0
96,2024,United Kingdom,10.266014320091337,0.7792308300701638,-4.6692882771143,6.375956873047199,7.931370181534186,-1.5554133084869863,2.18567755388153,0.0
87,2024,United Kingdom,11.171788494317658,0.8657454130063931,-3.7090550091238663,8.328478898200185,9.317260989755724,-0.9887820915555402,0.4221599891520361,0.0
84,2024,United Kingdom,2.891327139974114,-0.6814340810040076,-4.894649769938515,-2.684756710968409,0.4440022550048562,-3.1287589659732657,1.6672939642250844,0.0
83,2024,United Kingdom,22.075676289632813,-2.49274990302013,-19.934323525611287,-0.3513971389986006,12.108514526827172,-12.459911665825773,0.6653658013871476,0.0
80,2024,United Kingdom,2.8473759904165763,-1.3242768705352803,-0.052322115617411666,1.4707770042638841,2.8212149326078704,-1.350437928343986,-0.08592934380988523,0.0
75,2024,France,3.30750757750202,3.5336839434007365,-6.1478378599026655,0.6933536610001025,0.23358864755069314,0.4597650134494095,0.2877716409483989,0.0
73,2024,United Kingdom,9.784116076013774,0.41690543446744904,-2.0746524889228515,8.126369021558371,8.746789831552348,-0.6204208099939768,-0.13730307285268226,0.0
69,2024,France,1.5022554617500312,0.37509312453827637,1.5425977016650578,3.4199462879533655,2.2735543125825597,1.1463919753708052,0.7442289771870856,0.0
68,2024,Denmark,1.1721650827603176,0.43217629476424185,1.7349464066341365,3.3392877841586954,2.039638286077386,1.29964949808131,0.0,0.0
67,2024,United Kingdom,10.432058029956004,1.2728830074356123,-8.615904126190678,3.0890369112009384,6.1241059668606646,-3.0350690556597266,2.2440344729310695,0.0
65,2024,Netherlands,7.4252442945182615,1.1719938254602027,-4.943425625385612,3.6538124945928523,4.953531481825456,-1.2997189872326034,0.2275951645256756,0.0
59,2024,Denmark,17.428540873338452,-0.4237939220834099,-12.482913268802573,4.521833682452468,11.187084238937164,-6.665250556484695,0.3781249242673807,0.0
60,2024,Denmark,5.45281955666435,0.6095765435342416,-2.2510246545016854,3.811371445696907,4.327307229413508,-0.5159357837166011,0.0,0.0
61,2024,Denmark,9.880174729770285,1.077180573914168,-5.437911402565281,5.519443901119173,7.161219028487645,-1.6417751273684729,0.0,0.0
58,2024,France,-3.696031703493545,-1.2080562865855535,1.076531217875323,-3.827556772203776,-3.1577660945558836,-0.669790677647892,0.4795499482980205,0.0
55,2024,United Kingdom,12.477957115823731,0.15883616211169826,-4.676060159435589,7.96073311849984,10.139927036105938,-2.179193917606096,-0.5968043517444064,0.0
54,2024,Netherlands,11.242168846345422,1.7971954015040776,-8.853977637583382,4.185386610266116,6.81518002755373,-2.6297934172876136,0.2939394158362967,0.0
53,2024,United Kingdom,8.152858591189048,1.1386194266913927,-2.3759860371600854,6.915491980720355,6.964865572609006,-0.04937359188865,0.3374299004857119,0.0
51,2024,United Kingdom,9.300930138171202,0.2546681413277181,-2.780998952150344,6.774599327348577,7.910430662096031,-1.135831334747454,0.0,0.0
49,2024,France,19.84159904846965,0.5983672935805681,-12.005180290623716,8.434786051426501,13.839008903157792,-5.404222851731291,0.02686864466066919,0.0
48,2024,United Kingdom,9.817027900089,1.579229780636937,-3.375441726256953,8.020815954468972,8.129307036960517,-0.10849108249154445,0.5891027882270298,0.0
43,2024,Denmark,8.789370232860596,1.4775363247171702,-3.547957815628723,6.718948741949044,7.015391325046235,-0.29644258309719146,-0.209895641354889,0.0
40,2024,United Kingdom,6.4346242358391885,-0.48859665089224696,-0.4935289804320543,5.452498604514886,6.18785974562316,-0.7353611411082741,0.0,0.0
36,2024,United Kingdom,4.737653428271925,0.05882535641082913,-1.9155092201265076,2.880969564556247,3.7798988182086717,-0.8989292536524247,0.24760725065939834,0.0
30,2024,United Kingdom,11.426699870168132,0.531897757136297,-6.492740354990984,5.465857272313446,8.180329692672641,-2.7144724203591943,0.3046152506126543,0.0
31,2024,Netherlands,10.575547869857967,1.907259701914461,-5.616047983677357,6.866759588095071,7.767523878019289,-0.9007642899242176,0.23548543560525742,0.0
29,2024,Sweden,8.0248310583467,-0.300259291844248,-0.8135724298993209,6.9109993366031315,7.618044843397039,-0.7070455067939084,0.0,0.0
27,2024,Denmark,6.960491274906023,0.26981547862408284,-3.5436409071894754,3.6866658463406288,5.188670821311284,-1.502004974970655,-0.029114533423161663,0.0
26,2024,United Kingdom,10.727141745243214,0.8904069827813124,-3.7238127145134228,7.893736013511103,8.865235387986502,-0.9714993744753988,0.1512887110878813,0.0
25,2024,Sweden,7.4264557209508695,-0.5415443210928661,-0.514866953415087,6.370044446442916,7.169022244243326,-0.7989777978004097,0.22513605173427814,0.0
23,2024,Netherlands,6.3334830659816,1.3622440981852153,-3.738103467029985,3.95762369713683,4.464431332466608,-0.5068076353297775,-0.0076036008380978345,0.0
22,2024,Germany,14.82007930383869,0.5335808176662044,-6.155080286493094,9.1985798350118,11.742539160592145,-2.5439593255803423,1.8844389307183258,0.0
20,2024,Netherlands,7.036580284830286,1.1162212226970147,-3.9526558100888307,4.20014569743847,5.060252379785871,-0.8601066823474006,-0.20716208649567722,0.0
18,2024,Germany,6.717374128104933,0.6199799579533105,-3.566376779021538,3.770977307036706,4.934185738594165,-1.1632084315574582,0.20308292035400038,0.0
17,2024,United Kingdom,11.917579247537203,1.3942742940462736,-4.2338446310560425,9.078008910527435,9.800656932009183,-0.722648021481748,-0.04425371181359057,0.0
16,2024,Netherlands,5.2634676096231265,0.8244363713512677,-2.6729276954852925,3.414976285489101,3.92700376188048,-0.5120274763913786,0.0,0.0
15,2024,Netherlands,9.319124793289662,1.7885489366721348,-3.149630698757221,7.958043031204576,7.7443094439110505,0.2137335872935242,0.19553274072158316,0.0
13,2024,United Kingdom,4.107293770814023,0.6642741462547939,-5.9664930216341805,-1.1949251045653633,1.124047259996933,-2.3189723645622964,0.39028317857951184,0.0
10,2024,United Kingdom,7.105807490188537,0.4095164003095149,-2.3120360156110746,5.2032878748869775,5.949789482382999,-0.7465016074960225,0.28552304434792897,0.0
11,2024,Germany,8.33525198763342,0.25374513653591807,-3.7310640224573657,4.857933101711972,6.469719976404737,-1.6117868746927648,0.036505563961334614,0.0
9,2024,United Kingdom,4.183554807450696,-1.489954870042216,-1.8955156254652903,0.7980843119431896,3.2357969947180507,-2.437712682774861,1.3099959853416534,0.0
7,2024,Netherlands,7.19807981366289,0.745220852806764,-4.478446998707265,3.4648536677623882,4.958856314309257,-1.4940026465468688,-0.09507765742349163,0.0
5,2024,United Kingdom,5.149206986860335,0.3706046540430961,-0.13778848369436797,5.382023157209063,5.080312745013151,0.3017104121959121,0.17304689384823135,0.0
2,2024,Belgium,10.32608439788898,1.0664254453019033,-3.4059237892685337,7.986586053922349,8.623122503254715,-0.6365364493323634,0.09966803097214373,0.0
160,2016,United States of America,8.542447581852901,0.8809522497766039,-1.6900153173449162,7.733384514284588,7.6974399231804425,0.0359445911041458,2.4485192908190365,0.0
160,2017,United States of America,10.161333849181835,0.9775951230569624,-1.1413085755343155,9.997620396704482,9.590679561414678,0.4069408352898046,1.8664958795960191,0.0
160,2018,United States of America,11.339471332903393,0.6322929682303084,-2.956210196370729,9.015554104762973,9.861366234718028,-0.845812129955056,3.0953542598914643,0.0
160,2019,United States of America,8.825023733106724,0.37081399606602095,-1.9685212909266974,7.227316438246048,7.840763087643375,-0.6134466493973278,1.7214013799929706,0.0
160,2020,United States of America,10.961351429809083,0.7207398343107723,-3.575013585231775,8.107077678888082,9.173844637193197,-1.066766958305115,3.3916769775103264,0.0
160,2021,United States of America,7.530251567752654,0.8928051896232603,-2.532710280130128,5.890346477245785,6.263896427687589,-0.37354995044180384,2.0106586095854397,0.0
160,2022,United States of America,11.42208102168757,0.9882821825751046,-3.7522623089041187,8.658100895358555,9.545949867235509,-0.887848971876955,3.200719945320849,0.0
160,2023,United States of America,3.40676165326777,0.15407838495650197,-1.6520068896575195,1.9088331485667531,2.580758208439011,-0.6719250598722578,1.303565952004839,0.0
117,2023,United States of America,3.702227630978107,-0.5938000707201598,-0.6115054881530683,2.4969220721048786,3.3964748869015726,-0.8995528147966939,-0.22904538823102796,0.0
146,2023,United States of America,3.510797783783579,0.06935484849240871,-1.8005632111082774,1.7795894211677106,2.61051617822944,-0.83092675706173,-0.2692471809348425,0.0
160,2024,United States of America,7.593576143201979,0.8184376653109078,-3.026255078839228,5.3857587296736575,6.080448603782364,-0.6946898741087063,2.9577174032347555,0.0
156,2024,United States of America,7.287708989032668,1.1606155832849514,-2.3091446757978944,6.139179896519725,6.133136651133721,0.00604324538600404,0.06270599483968875,0.0
138,2024,United States of America,7.589606652028588,0.7555788133693193,-1.914579799972974,6.430605665424934,6.632316752042102,-0.20171108661716777,0.0806343395418683,0.0
146,2024,United States of America,7.004785895747667,0.20760997949155197,-1.8140755683983167,5.398320306840902,6.097748111548508,-0.6994278047076063,-0.2143674156588488,0.0
117,2024,United States of America,7.986898344196129,0.2610473033874381,-1.8994771883831596,6.348468459200409,7.037159750004549,-0.6886912908041417,-0.27312771125643165,0.0
