farm_id,ws_bin_ms,weibull_weight,free_power_kw,bad_power_kw,good_power_kw,recovered_power_kw,weighted_recovered_power_kw,recovery_pct_of_free_at_ws
0,3.0,0.07206662710421705,33038.24768,2250.9420577271085,8215.265622761777,5964.323565034669,429.8286822902479,18.05278422392004
0,4.0,0.09485377726198858,384248.2368,69180.77577149044,276881.184971868,207700.40920037756,19701.1683515165,54.05370521153099
0,5.0,0.11115659118399035,937193.56608,216328.7405802954,729220.1686890774,512891.428108782,57011.26279606086,54.72630699483493
0,6.0,0.1192713689615581,1721461.58528,490631.2736739868,1389192.326650491,898561.0529765042,107172.60688404679,52.19756633897532
0,7.0,0.11886098610324408,2749677.38176,882163.3839082012,2253760.9908984927,1371597.6069902915,163029.44410371588,49.88212857583918
0,8.0,0.11089315614535736,4120565.77152,1420872.2668584017,3389000.301513621,1968128.0346552194,218251.92946107654,47.76353888726338
0,9.0,0.097315907363149,5875008.9036799995,2278920.8469412043,4918743.756146895,2639822.9092056905,256896.76168737948,44.93308780438023
0,10.0,0.08056217099535848,7901296.6067200005,3558604.4656978785,6825424.239132301,3266819.7734344224,263182.0931984422,41.345363122503386
0,11.0,0.06302610087745503,9280000.0,5811797.466244716,8877062.149039,3065264.682794284,193191.68111389273,33.03086942666255
0,12.0,0.046646675763538786,9280000.0,8331834.865068608,9279467.442053882,947632.5769852744,44203.909561598804,10.211557941651664
0,13.0,0.032681384216140565,9280000.0,9271487.22353764,9280000.0,8512.776462359354,278.2093183124839,0.09173250498232062
0,14.0,0.021681645742211226,9280000.0,9280000.0,9280000.0,0.0,0.0,0.0
0,15.0,0.013621795957117407,9280000.0,9280000.0,9280000.0,0.0,0.0,0.0
0,16.0,0.008103982021900887,9280000.0,9280000.0,9280000.0,0.0,0.0,0.0
0,17.0,0.004564660500234939,9280000.0,9280000.0,9280000.0,0.0,0.0,0.0
0,18.0,0.0024336261780781806,9280000.0,9280000.0,9280000.0,0.0,0.0,0.0
0,19.0,0.00122771911236851,9280000.0,9280000.0,9280000.0,0.0,0.0,0.0
0,20.0,0.000585854898683134,9280000.0,9280000.0,9280000.0,0.0,0.0,0.0
0,21.0,0.0002643381888510438,9280000.0,9280000.0,9280000.0,0.0,0.0,0.0
0,22.0,0.00011272803122184872,9280000.0,9280000.0,9280000.0,0.0,0.0,0.0
0,23.0,4.5417449873372024e-05,9280000.0,9280000.0,9280000.0,0.0,0.0,0.0
0,24.0,1.728002672940661e-05,9280000.0,9280000.0,9280000.0,0.0,0.0,0.0
0,25.0,6.205916732870647e-06,9280000.0,9280000.0,9280000.0,0.0,0.0,0.0
1,3.0,0.060561161515251975,20933.71728,1030.233473798059,4762.160065013073,3731.926591215014,226.0098090536362,17.827347820257817
1,4.0,0.0806977634096072,243467.63280000002,17009.66773198569,176370.18579500922,159360.51806302354,12860.037383482308,65.45449850162733
1,5.0,0.09636477333720148,593825.2336800001,58751.61020737137,463467.1574492927,404715.54724192136,39000.32197600921,68.153982735603
1,6.0,0.10607553062441018,1090753.67688,169955.18436205602,882343.5612945065,712388.3769324506,75566.97509377202,65.31157235886398
1,7.0,0.1092056847864453,1742252.47896,345415.09847276704,1432145.4600039674,1086730.3615312004,118677.133309236,62.37502168341873
1,8.0,0.10601878996268159,2610875.72592,596774.4592415334,2154501.706320227,1557727.2470786937,165148.35782718225,59.66301772290574
1,9.0,0.09754183390652438,3722527.19328,1037829.8369446778,3126078.5488282284,2088248.7118835505,203691.60901005878,56.097607981301245
1,10.0,0.08531608760416247,5006425.005120001,1745853.818451854,4334305.9003130095,2588452.0818611556,220836.60457524308,51.702603738475695
1,11.0,0.07108508140920322,5880000.0,3184017.419037856,5634619.229615007,2450601.8105771504,174201.22920641754,41.67690154042773
1,12.0,0.05649362597257836,5880000.0,5119177.913578356,5880000.0,760822.0864216443,42981.59838198106,12.939151129619802
1,13.0,0.04286024530512921,5880000.0,5877909.595670486,5880000.0,2090.404329514131,89.59524234987981,0.03555109403935597
1,14.0,0.031057366278075458,5880000.0,5880000.0,5880000.0,0.0,0.0,0.0
1,15.0,0.021500654943554926,5880000.0,5880000.0,5880000.0,0.0,0.0,0.0
1,16.0,0.014222238975401457,5880000.0,5880000.0,5880000.0,0.0,0.0,0.0
1,17.0,0.008989067027005953,5880000.0,5880000.0,5880000.0,0.0,0.0,0.0
1,18.0,0.005428193221065833,5880000.0,5880000.0,5880000.0,0.0,0.0,0.0
1,19.0,0.0031313085390260206,5880000.0,5880000.0,5880000.0,0.0,0.0,0.0
1,20.0,0.0017252076870317382,5880000.0,5880000.0,5880000.0,0.0,0.0,0.0
1,21.0,0.0009076143711080649,5880000.0,5880000.0,5880000.0,0.0,0.0,0.0
1,22.0,0.0004558202546255667,5880000.0,5880000.0,5880000.0,0.0,0.0,0.0
1,23.0,0.0002184727323936984,5880000.0,5880000.0,5880000.0,0.0,0.0,0.0
1,24.0,9.99044517195875e-05,5880000.0,5880000.0,5880000.0,0.0,0.0,0.0
1,25.0,4.3573685796259277e-05,5880000.0,5880000.0,5880000.0,0.0,0.0,0.0
2,3.0,0.04526987337561199,20364.09232,2142.14992849165,2507.995762934789,365.8458344431392,16.56179460023602,1.7965241401102585
2,4.0,0.060248459415974204,236842.6632,71240.47214182204,100499.82943006611,29259.357288244064,1762.8312001182614,12.353921752491113
2,5.0,0.0728546641298939,577666.72392,207799.20450868792,307421.6550945733,99622.45058588535,7257.960177231629,17.245661981333356
2,6.0,0.0822634405125453,1061073.30472,435022.5214004349,630621.6248101442,195599.1034097093,16090.655207651818,18.434080146924885
2,7.0,0.08798537958175183,1694844.2482399999,745596.9450134046,1054333.6797132161,308736.73469981155,27164.31879339353,18.216230489640402
2,8.0,0.08988670433517726,2539831.48848,1165568.4766597878,1611103.513273325,445535.03661353723,40047.67610704339,17.541913258197077
2,9.0,0.08817323681770749,3621233.93632,1793496.3747851262,2397866.9355617333,604370.5607766071,53289.30858100646,16.689630424450996
2,10.0,0.08333669237500473,4870195.753280001,2677006.4171526097,3450318.5743094105,773312.1571568009,64445.27735082762,15.878461489684211
2,11.0,0.07607161974784138,5720000.0,4048110.740676885,4865336.954877125,817226.2142002401,62167.72181460863,14.287171576927275
2,12.0,0.06717692969994368,5720000.0,5287201.770544663,5679440.089381345,392238.31883668154,26349.36597011585,6.857313266375551
2,13.0,0.0574577340060482,5720000.0,5715709.406186777,5720000.0,4290.593813222833,246.52779804815358,0.07501038135004953
2,14.0,0.04764153311933263,5720000.0,5720000.0,5720000.0,0.0,0.0,0.0
2,15.0,0.03831853280684934,5720000.0,5720000.0,5720000.0,0.0,0.0,0.0
2,16.0,0.029910336062533446,5720000.0,5720000.0,5720000.0,0.0,0.0,0.0
2,17.0,0.02266582977304203,5720000.0,5720000.0,5720000.0,0.0,0.0,0.0
2,18.0,0.01667888998034064,5720000.0,5720000.0,5720000.0,0.0,0.0,0.0
2,19.0,0.0119201978459914,5720000.0,5720000.0,5720000.0,0.0,0.0,0.0
2,20.0,0.008275069245401551,5720000.0,5720000.0,5720000.0,0.0,0.0,0.0
2,21.0,0.005580376357166547,5720000.0,5720000.0,5720000.0,0.0,0.0,0.0
2,22.0,0.0036557430528739825,5720000.0,5720000.0,5720000.0,0.0,0.0,0.0
2,23.0,0.0023265517164716555,5720000.0,5720000.0,5720000.0,0.0,0.0,0.0
2,24.0,0.001438366340495705,5720000.0,5720000.0,5720000.0,0.0,0.0,0.0
2,25.0,0.0008638397020011352,5720000.0,5720000.0,5720000.0,0.0,0.0,0.0
3,3.0,0.07304672099770072,15700.28796,223.18641047017948,3534.787653337461,3311.6012428672816,241.90161204336528,21.09261467881562
3,4.0,0.09450553576936845,182600.72460000002,26078.581730725913,122306.04655706079,96227.46482633488,9094.028119140836,52.69829297617961
3,5.0,0.10945086766042453,445368.92526000005,98308.57575859036,328283.85967954533,229975.28392095497,25170.994365601,51.63702963485803
3,6.0,0.1165967274402104,818065.25766,224749.7415827855,631014.166621173,406264.42503838753,47369.102434854656,49.66161577384051
3,7.0,0.11586004415268789,1306689.35922,405277.2219831976,1028541.6497818914,623264.4277986938,72211.44412355642,47.69797989100776
3,8.0,0.10824899911975183,1958156.7944399999,656063.7726079845,1550427.99878398,894364.2261759955,96814.03233206287,45.673779991237566
3,9.0,0.09555715585603407,2791895.39496,1058794.5816989974,2259057.8643347025,1200263.282635705,114693.74556709515,42.99098328692581
3,10.0,0.07994431561918662,3754818.7538400004,1672154.517770554,3155056.489179318,1482901.971408764,118549.58323461628,39.49330363528788
3,11.0,0.0635134558312107,4410000.0,2784355.5978394225,4155659.772751269,1371304.1749118464,87096.26714441838,31.095332764440965
3,12.0,0.047980914290121315,4410000.0,3972727.0744427834,4409941.147891505,437214.0734487213,20977.930984577903,9.91415132536783
3,13.0,0.034496038434549695,4410000.0,4407181.312237632,4410000.0,2818.687762367539,97.2335613856255,0.06391582227590792
3,14.0,0.02361598302745872,4410000.0,4410000.0,4410000.0,0.0,0.0,0.0
3,15.0,0.015400056312621962,4410000.0,4410000.0,4410000.0,0.0,0.0,0.0
3,16.0,0.009567392118567197,4410000.0,4410000.0,4410000.0,0.0,0.0,0.0
3,17.0,0.005662991934553616,4410000.0,4410000.0,4410000.0,0.0,0.0,0.0
3,18.0,0.003193516211013647,4410000.0,4410000.0,4410000.0,0.0,0.0,0.0
3,19.0,0.0017156382160593085,4410000.0,4410000.0,4410000.0,0.0,0.0,0.0
3,20.0,0.0008779260828564406,4410000.0,4410000.0,4410000.0,0.0,0.0,0.0
3,21.0,0.00042785120869589084,4410000.0,4410000.0,4410000.0,0.0,0.0,0.0
3,22.0,0.00019853884255443906,4410000.0,4410000.0,4410000.0,0.0,0.0,0.0
3,23.0,8.770467192468412e-05,4410000.0,4410000.0,4410000.0,0.0,0.0,0.0
3,24.0,3.687436473242627e-05,4410000.0,4410000.0,4410000.0,0.0,0.0,0.0
3,25.0,1.4751837715578419e-05,4410000.0,4410000.0,4410000.0,0.0,0.0,0.0
4,3.0,0.06265839028899285,12958.96784,855.4641061241775,2727.4373742503267,1871.9732681261492,117.29483164480972,14.445388639271053
4,4.0,0.08902505846350274,150718.0584,39283.64486775202,89320.79426137128,50037.149393619264,4454.560150113975,33.199173294033926
4,5.0,0.11057288061892534,367606.09704,115194.86845173119,248914.14106813027,133719.27261639907,14785.725167462628,36.37569498795576
4,6.0,0.12386310626181087,675228.46664,234122.06848411565,486745.5108802431,252623.44239612744,31290.72428973599,37.41303201466095
4,7.0,0.1270289325686396,1078537.24888,403759.056415998,799247.2818811302,395488.22546513216,50238.4471243012,36.668944524245624
4,8.0,0.12018492987786812,1616256.40176,639818.0008321261,1207721.1540693776,567903.1532372514,68253.40064923927,35.13694687419899
4,9.0,0.10530846783789674,2304421.59584,1001649.6136001438,1768984.3994677507,767334.7858676069,80806.85061843826,33.29836811340507
4,10.0,0.08560578551580611,3099215.47936,1527041.9590341775,2492314.887645567,965272.9286113894,82632.94729092062,31.145718490368466
4,11.0,0.06459264957378363,3640000.0,2393506.7391341357,3355751.0228796983,962244.2837455627,62153.907824353555,26.435282520482488
4,12.0,0.04522475644589002,3640000.0,3244703.3895342406,3638823.9480039906,394120.55846975,17824.0062671126,10.827487870048076
4,13.0,0.02935867168308248,3640000.0,3637977.316171581,3640000.0,2022.6838284190744,59.38331043723594,0.055568237044480065
4,14.0,0.017651160080172288,3640000.0,3640000.0,3640000.0,0.0,0.0,0.0
4,15.0,0.009815222557513726,3640000.0,3640000.0,3640000.0,0.0,0.0,0.0
4,16.0,0.00504040878852441,3640000.0,3640000.0,3640000.0,0.0,0.0,0.0
4,17.0,0.0023865767653490633,3640000.0,3640000.0,3640000.0,0.0,0.0,0.0
4,18.0,0.0010401736015887909,3640000.0,3640000.0,3640000.0,0.0,0.0,0.0
4,19.0,0.00041659638118549434,3640000.0,3640000.0,3640000.0,0.0,0.0,0.0
4,20.0,0.00015305656878150908,3640000.0,3640000.0,3640000.0,0.0,0.0,0.0
4,21.0,5.149406922574224e-05,3640000.0,3640000.0,3640000.0,0.0,0.0,0.0
4,22.0,1.5836943085296857e-05,3640000.0,3640000.0,3640000.0,0.0,0.0,0.0
4,23.0,4.444629139932595e-06,3640000.0,3640000.0,3640000.0,0.0,0.0,0.0
4,24.0,1.136302248592206e-06,3640000.0,3640000.0,3640000.0,0.0,0.0,0.0
4,25.0,2.641769865153586e-07,3640000.0,3640000.0,3640000.0,0.0,0.0,0.0
5,3.0,0.03950778401145408,12068.92884,1756.6741801026171,3506.381942916394,1749.707762813777,69.12707637641122,14.497622664032352
5,4.0,0.053827974072165545,140366.5434,41486.568756859866,116963.71439862039,75477.14564176052,4062.781838645748,53.77146420616391
5,5.0,0.06647951506257678,342358.42554,155167.003003672,297016.15737547964,141849.15437180764,9430.062994674365,41.432938052589115
5,6.0,0.0765777903273138,628852.88514,330797.0550474188,556479.2437721579,225682.18872473913,17282.243328772332,35.88791497306974
5,7.0,0.08350557809810075,1004461.88838,560045.4611354303,896405.476680323,336360.01554489275,28087.937547162423,33.48658813599941
5,8.0,0.08695148748423247,1505249.78076,862602.3395672399,1345375.2906471617,482772.9510799218,41977.826213551794,32.07261394425648
5,9.0,0.0869208291963182,2146150.88184,1297785.5365120224,1937101.0579800096,639315.5214679872,55569.83524407402,29.78893641065305
5,10.0,0.08371133001264451,2886357.2733600005,1899009.3489580355,2649147.4649661975,750138.116008162,62795.059384222666,25.98909438314018
5,11.0,0.07785611892978367,3390000.0,2754133.1327831796,3323609.2254740694,569476.0926908897,44337.19840021042,16.79870479914129
5,12.0,0.07004330278871804,3390000.0,3372240.640966868,3390000.0,17759.359033131972,1243.9241620912176,0.5238748977325065
5,13.0,0.061025394361997026,3390000.0,3390000.0,3390000.0,0.0,0.0,0.0
5,14.0,0.051532647705132856,3390000.0,3390000.0,3390000.0,0.0,0.0,0.0
5,15.0,0.04220224260033396,3390000.0,3390000.0,3390000.0,0.0,0.0,0.0
5,16.0,0.03353105766332698,3390000.0,3390000.0,3390000.0,0.0,0.0,0.0
5,17.0,0.02585466335914844,3390000.0,3390000.0,3390000.0,0.0,0.0,0.0
5,18.0,0.01935037805770019,3390000.0,3390000.0,3390000.0,0.0,0.0,0.0
5,19.0,0.014058720189878178,3390000.0,3390000.0,3390000.0,0.0,0.0,0.0
5,20.0,0.0099158493835823,3390000.0,3390000.0,3390000.0,0.0,0.0,0.0
5,21.0,0.00678960657002683,3390000.0,3390000.0,3390000.0,0.0,0.0,0.0
5,22.0,0.0045131263739271585,3390000.0,3390000.0,3390000.0,0.0,0.0,0.0
5,23.0,0.0029120867590264,3390000.0,3390000.0,3390000.0,0.0,0.0,0.0
5,24.0,0.0018238593964555272,3390000.0,3390000.0,3390000.0,0.0,0.0,0.0
5,25.0,0.0011086575961564403,3390000.0,3390000.0,3390000.0,0.0,0.0,0.0
6,3.0,0.09183953522010092,10395.65552,391.61716,2848.0030769849736,2456.385916984974,225.5933409371014,23.62896608356424
6,4.0,0.11251759021576617,120905.6952,12773.80110142535,92632.51527977482,79858.71417834947,8985.510077077523,66.05041561214188
6,5.0,0.12381292815714076,294892.80312,48701.839216482236,239664.2778671002,190962.43865061796,23643.618697361362,64.75656124198802
6,6.0,0.12550156857933856,541666.79192,137324.77699094207,453244.4273051151,315919.650314173,39648.411659464844,58.323614263735756
6,7.0,0.11874615170497879,865200.21064,258960.81270332064,733070.7610316407,474109.94832832005,56298.731849034346,54.797715314657026
6,8.0,0.1056889785214659,1296557.33328,425440.1128971252,1101119.1454033838,675679.0325062586,71411.82675395883,52.113316948116896
6,9.0,0.08891628237938953,1848601.93952,694157.5902811888,1593001.9174390866,898844.3271578978,79921.89600868402,48.622924597346675
6,10.0,0.07093511077072036,2486183.84608,1102372.3088296617,2196545.7753027156,1094173.466473054,77615.31604664915,44.01015911185539
6,11.0,0.05377986905203338,2920000.0,1856928.484144272,2836820.414776331,979891.9306320588,52698.45971453629,33.55794282986503
6,12.0,0.03880841860490078,2920000.0,2724675.267344283,2918910.453572736,194235.18622845318,7537.96041495467,6.651889939330588
6,13.0,0.026684601888904678,2920000.0,2920000.0,2920000.0,0.0,0.0,0.0
6,14.0,0.017497438949734496,2920000.0,2920000.0,2920000.0,0.0,0.0,0.0
6,15.0,0.01094774708186122,2920000.0,2920000.0,2920000.0,0.0,0.0,0.0
6,16.0,0.006538850935106118,2920000.0,2920000.0,2920000.0,0.0,0.0,0.0
6,17.0,0.003729445207556598,2920000.0,2920000.0,2920000.0,0.0,0.0,0.0
6,18.0,0.002031678386101973,2920000.0,2920000.0,2920000.0,0.0,0.0,0.0
6,19.0,0.0010573200565304264,2920000.0,2920000.0,2920000.0,0.0,0.0,0.0
6,20.0,0.0005257135523411261,2920000.0,2920000.0,2920000.0,0.0,0.0,0.0
6,21.0,0.0002497560023103009,2920000.0,2920000.0,2920000.0,0.0,0.0,0.0
6,22.0,0.00011337721423239578,2920000.0,2920000.0,2920000.0,0.0,0.0,0.0
6,23.0,4.9179798461236715e-05,2920000.0,2920000.0,2920000.0,0.0,0.0,0.0
6,24.0,2.0384405964468693e-05,2920000.0,2920000.0,2920000.0,0.0,0.0,0.0
6,25.0,8.073315059820118e-06,2920000.0,2920000.0,2920000.0,0.0,0.0,0.0
7,3.0,0.03895543885503814,10110.84304,747.63276,1303.5332116481354,555.9004516481355,21.655346053667028,5.498062322290145
7,4.0,0.05347052291413663,117593.21040000001,20485.7067603786,58783.021364734064,38297.31460435546,2047.777438102088,32.56762399298817
7,5.0,0.0664123155108352,286813.54824000003,65684.779559936,172751.61232419062,107066.83276425462,7110.556278285505,37.32976821396986
7,6.0,0.07683321585708953,526826.60584,165886.9370925212,345566.9597325339,179680.0226400127,13805.393964706831,34.10610258635694
7,7.0,0.08405532303171202,841496.09528,300308.8347845056,572938.1181815502,272629.2833970446,22915.942483842744,32.39816380922477
7,8.0,0.08771749496060864,1261035.21456,482039.12707375595,869613.4725638069,387574.34549005097,33997.05069738474,30.734617163350453
7,9.0,0.08779328618277006,1797955.31104,766238.8004278109,1284854.831987296,518616.0315594851,45531.00567767439,28.84476762993066
7,10.0,0.08457031395080343,2418069.22016,1183093.5116590254,1835224.5698913382,652131.0582323128,55150.92833177637,26.969081480188656
7,11.0,0.07859268566313524,2840000.0,1905058.1414972674,2539768.170733914,634710.0292366464,49883.56581503512,22.34894469143121
7,12.0,0.07057612825354881,2840000.0,2676320.318655364,2837015.559865003,160695.24120963877,11341.247953346428,5.658283141184463
7,13.0,0.06131033626599182,2840000.0,2840000.0,2840000.0,0.0,0.0,0.0
7,14.0,0.05156436663609224,2840000.0,2840000.0,2840000.0,0.0,0.0,0.0
7,15.0,0.0420088010119959,2840000.0,2840000.0,2840000.0,0.0,0.0,0.0
7,16.0,0.03316374162922435,2840000.0,2840000.0,2840000.0,0.0,0.0,0.0
7,17.0,0.02537587191526388,2840000.0,2840000.0,2840000.0,0.0,0.0,0.0
7,18.0,0.018822265335533075,2840000.0,2840000.0,2840000.0,0.0,0.0,0.0
7,19.0,0.013534536706989139,2840000.0,2840000.0,2840000.0,0.0,0.0,0.0
7,20.0,0.009434913903742709,2840000.0,2840000.0,2840000.0,0.0,0.0,0.0
7,21.0,0.0063758619758559195,2840000.0,2840000.0,2840000.0,0.0,0.0,0.0
7,22.0,0.004176522183532,2840000.0,2840000.0,2840000.0,0.0,0.0,0.0
7,23.0,0.0026516881700664944,2840000.0,2840000.0,2840000.0,0.0,0.0,0.0
7,24.0,0.0016315845330334088,2840000.0,2840000.0,2840000.0,0.0,0.0,0.0
7,25.0,0.0009727845530012318,2840000.0,2840000.0,2840000.0,0.0,0.0,0.0
8,3.0,0.057001666401883054,9897.23368,1019.5661144849951,2909.117439663013,1889.551325178018,107.70757428703344,19.09171174766097
8,4.0,0.08090160736105569,115108.8468,32697.726098058843,88470.04074526457,55772.31464720573,4512.069901205493,48.45180557156422
8,5.0,0.10102925501443008,280754.10708,98746.83560653252,229274.76308454538,130527.92747801286,13187.139271681197,46.49190312319077
8,6.0,0.11453346937453775,515696.46628,214784.80696807802,433549.46820129483,218764.66123321682,25055.875627585763,42.4212061818623
8,7.0,0.11969365250478715,823718.00876,373681.38475549384,701152.5413507964,327471.1565953025,39196.21882285888,39.7552503542162
8,8.0,0.11624681255032186,1234393.62552,585727.7350849942,1053490.8173968042,467763.08231181,54375.96734746175,37.89415893287365
8,9.0,0.10538070059525498,1759970.33968,900742.6789064915,1523309.2442397554,622566.565333264,65606.50082200093,35.373696436637665
8,10.0,0.08937163115818537,2366983.2507200004,1343909.768561577,2099126.4670178453,755216.6984562683,67494.94821893612,31.906296684885405
8,11.0,0.0709807121612412,2780000.0,2027521.1505959318,2688612.5291482448,661091.378552313,46924.73685329987,23.780265415550826
8,12.0,0.05280619435276845,2780000.0,2646560.838325138,2779804.9041584632,133244.06583332503,7036.112036747635,4.792952008392986
8,13.0,0.03678859826365263,2780000.0,2780000.0,2780000.0,0.0,0.0,0.0
8,14.0,0.023985998538409114,2780000.0,2780000.0,2780000.0,0.0,0.0,0.0
8,15.0,0.014623481890363952,2780000.0,2780000.0,2780000.0,0.0,0.0,0.0
8,16.0,0.008328289526164951,2780000.0,2780000.0,2780000.0,0.0,0.0,0.0
8,17.0,0.004425773918898198,2780000.0,2780000.0,2780000.0,0.0,0.0,0.0
8,18.0,0.00219197170370658,2780000.0,2780000.0,2780000.0,0.0,0.0,0.0
8,19.0,0.0010105432840957949,2780000.0,2780000.0,2780000.0,0.0,0.0,0.0
8,20.0,0.0004331084231766859,2780000.0,2780000.0,2780000.0,0.0,0.0,0.0
8,21.0,0.0001723449272455981,2780000.0,2780000.0,2780000.0,0.0,0.0,0.0
8,22.0,6.359074440289298e-05,2780000.0,2780000.0,2780000.0,0.0,0.0,0.0
8,23.0,2.1727715547192225e-05,2780000.0,2780000.0,2780000.0,0.0,0.0,0.0
8,24.0,6.865785556224134e-06,2780000.0,2780000.0,2780000.0,0.0,0.0,0.0
8,25.0,2.0038043144371604e-06,2780000.0,2780000.0,2780000.0,0.0,0.0,0.0
9,3.0,0.049977442349770265,9505.61652,818.83588,1657.4462853752098,838.6104053752098,41.91160318855702,8.822262118514432
9,4.0,0.06426928238789181,110554.1802,27482.340344206707,56736.69664302957,29254.356298822866,1880.1564860450483,26.46155599534975
9,5.0,0.0756186587876526,269645.13162,91909.67043364178,166666.63807490916,74756.96764126739,5653.0216280645855,27.72420447279551
9,6.0,0.08349514870702153,495291.21041999996,199443.95019919888,332345.9733514724,132902.02315227353,11096.674186563096,26.83310754486729
9,7.0,0.08768539112935986,791124.85014,350645.4357458716,550116.0971979199,199470.66145204823,17490.662968254972,25.21355022747032
9,8.0,0.08828183822351199,1185550.7122799999,548554.126850657,834705.5363610553,286151.4095103983,25261.97244182691,24.136581130307306
9,9.0,0.08564254274526475,1690331.22552,846730.1020288051,1229803.3441306688,383073.2421018637,32807.36651127602,22.662614067489532
9,10.0,0.08032686807447198,2273325.6400800003,1275042.3043038042,1748835.1849441796,473792.8806403754,38058.29821782349,20.841399590412497
9,11.0,0.0730169456243976,2670000.0,1949124.949587823,2393729.4713060297,444604.5217182068,32463.66418665961,16.651854746000254
9,12.0,0.06443638162126154,2670000.0,2536746.209483279,2669268.8262855504,132522.61680227146,8539.27790971937,4.963393887725523
9,13.0,0.0552769040085434,2670000.0,2670000.0,2670000.0,0.0,0.0,0.0
9,14.0,0.046141018003530015,2670000.0,2670000.0,2670000.0,0.0,0.0,0.0
9,15.0,0.037505123279074175,2670000.0,2670000.0,2670000.0,0.0,0.0,0.0
9,16.0,0.029703788938582085,2670000.0,2670000.0,2670000.0,0.0,0.0,0.0
9,17.0,0.02293270637514727,2670000.0,2670000.0,2670000.0,0.0,0.0,0.0
9,18.0,0.017265711167342462,2670000.0,2670000.0,2670000.0,0.0,0.0,0.0
9,19.0,0.0126803456216322,2670000.0,2670000.0,2670000.0,0.0,0.0,0.0
9,20.0,0.009086611519659756,2670000.0,2670000.0,2670000.0,0.0,0.0,0.0
9,21.0,0.006354538267104578,2670000.0,2670000.0,2670000.0,0.0,0.0,0.0
9,22.0,0.004337586382812033,2670000.0,2670000.0,2670000.0,0.0,0.0,0.0
9,23.0,0.0028903625589470744,2670000.0,2670000.0,2670000.0,0.0,0.0,0.0
9,24.0,0.0018803724412817173,2670000.0,2670000.0,2670000.0,0.0,0.0,0.0
9,25.0,0.0011944317857393776,2670000.0,2670000.0,2670000.0,0.0,0.0,0.0
10,3.0,0.04155122955191726,8757.98376,1266.8275633688602,2607.341454702387,1340.513891333527,55.700000416333246,15.306192932852927
10,4.0,0.0561986548672152,101858.9076,33489.62828831501,83881.32442955338,50391.69614123837,2831.945539615035,49.47205632631226
10,5.0,0.0689346285125452,248437.08756,123271.84147118183,213489.6635202283,90217.82204904646,6219.132048161927,36.31415218038167
10,6.0,0.07887542891244162,456335.72196,259052.33665874344,400404.00603092276,141351.6693721793,11149.17354922028,30.97536803935973
10,7.0,0.08543271762399071,728901.54732,435549.58075841796,645287.7145447007,209738.13378628273,17918.49875874628,28.77454912222929
10,8.0,0.08834777328584528,1092305.15064,666416.8820915429,968390.5565266373,301973.67443509435,26678.70172728537,27.64554156484229
10,9.0,0.08769417215956339,1557383.82576,994778.05328876,1395393.0498595238,400614.99657076376,35131.60047897945,25.723587849338585
10,10.0,0.0838430090645684,2094524.7470400003,1444569.6568017586,1910676.1182072628,466106.46140550426,39079.768268675594,22.25356668925539
10,11.0,0.07739519363057941,2460000.0,2059583.0709328996,2413959.5231923377,354376.4522594381,27427.034140736992,14.405546839814557
10,12.0,0.069092163539875,2460000.0,2459003.326704989,2459747.1463660244,743.8196610352024,51.3921096644186,0.03023657158679685
10,13.0,0.05971975818212928,2460000.0,2460000.0,2460000.0,0.0,0.0,0.0
10,14.0,0.05001995101315561,2460000.0,2460000.0,2460000.0,0.0,0.0,0.0
10,15.0,0.040622131674380293,2460000.0,2460000.0,2460000.0,0.0,0.0,0.0
10,16.0,0.03200070509113099,2460000.0,2460000.0,2460000.0,0.0,0.0,0.0
10,17.0,0.024460273663366446,2460000.0,2460000.0,2460000.0,0.0,0.0,0.0
10,18.0,0.01814486195621624,2460000.0,2460000.0,2460000.0,0.0,0.0,0.0
10,19.0,0.013064426424782907,2460000.0,2460000.0,2460000.0,0.0,0.0,0.0
10,20.0,0.009130623610913326,2460000.0,2460000.0,2460000.0,0.0,0.0,0.0
10,21.0,0.006194323069892395,2460000.0,2460000.0,2460000.0,0.0,0.0,0.0
10,22.0,0.004079110119023096,2460000.0,2460000.0,2460000.0,0.0,0.0,0.0
10,23.0,0.0026073427244684244,2460000.0,2460000.0,2460000.0,0.0,0.0,0.0
10,24.0,0.0016175787515618882,2460000.0,2460000.0,2460000.0,0.0,0.0,0.0
10,25.0,0.0009739425704376301,2460000.0,2460000.0,2460000.0,0.0,0.0,0.0
11,3.0,0.03745084341778744,8757.98376,427.21871999999996,1715.4899522421092,1288.2712322421094,48.24684419833932,14.709678249530226
11,4.0,0.05195568969995687,101858.9076,11782.03058621517,48385.370882901916,36603.34029668674,1901.7517904365836,35.93533561191141
11,5.0,0.06509833926482488,248437.08756,41787.96890039438,144761.86312155135,102973.89422115697,6703.429501429066,41.448680320842904
11,6.0,0.07587823933358778,456335.72196,102478.07673070971,292135.9249809416,189657.84825023188,14390.903601024367,41.561034809117196
11,7.0,0.08354993644418883,728901.54732,195810.93450186012,485760.37830295926,289949.44380109914,24225.257601609734,39.77895847075305
11,8.0,0.08768015950218627,1092305.15064,323209.49926720734,739550.5727092925,416341.0734420852,36504.85172671348,38.11582076658194
11,9.0,0.0881768493961968,1557383.82576,533986.8156399435,1093314.769949622,559327.9543096785,49319.776790247364,35.91458605502903
11,10.0,0.08527804962855959,2094524.7470400003,858903.2331444207,1560824.9016110874,701921.6684666667,59858.51087886175,33.51221652829016
11,11.0,0.07950024754106755,2460000.0,1470150.2828969276,2151550.186061139,681399.9031642117,54171.460976014285,27.699183055455755
11,12.0,0.07155479221761013,2460000.0,2206454.2972404966,2453640.7118218597,247186.4145813631,17687.37253438547,10.04822823501476
11,13.0,0.06224709028685551,2460000.0,2459585.7789892135,2460000.0,414.2210107864812,25.784052657138645,0.01683825247099517
11,14.0,0.05237562754810079,2460000.0,2460000.0,2460000.0,0.0,0.0,0.0
11,15.0,0.04264635790405353,2460000.0,2460000.0,2460000.0,0.0,0.0,0.0
11,16.0,0.03361339526159337,2460000.0,2460000.0,2460000.0,0.0,0.0,0.0
11,17.0,0.02565066955757684,2460000.0,2460000.0,2460000.0,0.0,0.0,0.0
11,18.0,0.018952933974612906,2460000.0,2460000.0,2460000.0,0.0,0.0,0.0
11,19.0,0.01355966303071774,2460000.0,2460000.0,2460000.0,0.0,0.0,0.0
11,20.0,0.00939279176499708,2460000.0,2460000.0,2460000.0,0.0,0.0,0.0
11,21.0,0.006299027685051504,2460000.0,2460000.0,2460000.0,0.0,0.0,0.0
11,22.0,0.004089124642212702,2460000.0,2460000.0,2460000.0,0.0,0.0,0.0
11,23.0,0.0025692049304182184,2460000.0,2460000.0,2460000.0,0.0,0.0,0.0
11,24.0,0.0015620803428004315,2460000.0,2460000.0,2460000.0,0.0,0.0,0.0
11,25.0,0.0009188866250432406,2460000.0,2460000.0,2460000.0,0.0,0.0,0.0
12,3.0,0.06272295949329186,8686.780639999999,1518.6486888950553,4972.6539151482975,3454.005226253242,216.6454298959005,39.76162596242608
12,4.0,0.08698364107853439,101030.78640000001,20787.069085527237,85062.94550643415,64275.876420906905,5590.949764604397,63.620089193829045
12,5.0,0.10637133078908874,246417.27384,54569.606008193565,215201.2447851968,160631.63877700322,17086.60118354202,65.18684192622882
12,6.0,0.11822726843812012,452625.67543999996,120196.08822312698,402707.48856802617,282511.40034489916,33400.55116540562,62.41612344908809
12,7.0,0.12122803554639783,722975.51848,218330.50038228332,648414.6780998851,430084.17771760176,52138.25998429271,59.48806933626473
12,8.0,0.11559831606174376,1083424.62096,357252.66376248084,973413.4753021605,616160.8115396796,71227.15223722442,56.87159029058362
12,9.0,0.10296255767987776,1544722.16864,576348.0333942885,1400714.2836629206,824366.2502686321,84878.85759262857,53.36663556750909
12,10.0,0.08586749935428704,2077496.0905600002,899828.8087863259,1914359.3379366784,1014530.5291503526,87115.1995567224,48.83429305885627
12,11.0,0.06713035608978203,2440000.0,1460513.1736192026,2382394.527007592,921881.3533883893,61886.223525492765,37.78202267985202
12,12.0,0.049219862726058154,2440000.0,2154100.6726488997,2438903.560429612,284802.88778071245,14017.959040551612,11.672249499209526
12,13.0,0.03384313308039603,2440000.0,2439954.344420666,2440000.0,45.65557933412492,1.5451278472673684,0.0018711303005788905
12,14.0,0.0218144692748858,2440000.0,2440000.0,2440000.0,0.0,0.0,0.0
12,15.0,0.013173503145845485,2440000.0,2440000.0,2440000.0,0.0,0.0,0.0
12,16.0,0.007447536366633026,2440000.0,2440000.0,2440000.0,0.0,0.0,0.0
12,17.0,0.003938265188754571,2440000.0,2440000.0,2440000.0,0.0,0.0,0.0
12,18.0,0.0019461341051769368,2440000.0,2440000.0,2440000.0,0.0,0.0,0.0
12,19.0,0.0008978191436333275,2440000.0,2440000.0,2440000.0,0.0,0.0,0.0
12,20.0,0.00038628828814308387,2440000.0,2440000.0,2440000.0,0.0,0.0,0.0
12,21.0,0.00015484236227563894,2440000.0,2440000.0,2440000.0,0.0,0.0,0.0
12,22.0,5.776530897693192e-05,2440000.0,2440000.0,2440000.0,0.0,0.0,0.0
12,23.0,2.003476729775372e-05,2440000.0,2440000.0,2440000.0,0.0,0.0,0.0
12,24.0,6.453296700850002e-06,2440000.0,2440000.0,2440000.0,0.0,0.0,0.0
12,25.0,1.9284140989330645e-06,2440000.0,2440000.0,2440000.0,0.0,0.0,0.0
13,3.0,0.05750582718126234,7654.3354,676.7695989256106,1638.44813856669,961.6785396410794,55.30211990452866,12.563841135588067
13,4.0,0.07445834247914494,89023.02900000001,15935.985623099708,41620.19404023237,25684.208417132657,1912.4035866286006,28.851195814885894
13,5.0,0.08747580863060794,217129.9749,48428.71225116521,127386.66686678439,78957.95461561918,6906.91092782013,36.364373298520185
13,6.0,0.09573645785237477,398830.0009,113198.56006939163,257792.05411741458,144593.49404802296,13842.86894865615,36.25441760191892
13,7.0,0.09896531667161444,637048.1003,208894.9273319324,428812.565133207,219917.6378012746,21764.21866667655,34.52135524738407
13,8.0,0.09741197896147112,954656.9406,338814.23471843044,652412.4962718412,313598.2615534108,30548.22725679477,32.8493145774769
13,9.0,0.0917635204460172,1361128.1404,543084.5402194678,963117.5799552792,420033.0397358114,38543.71042979988,30.859184177352674
13,10.0,0.08300716027689085,1830580.5716000001,846179.2113096468,1373989.4482306505,527810.2369210037,43812.028931885485,28.832942133744844
13,11.0,0.07226904754196349,2150000.0,1374712.904323085,1884632.9722705632,509920.06794747827,36851.43763309756,23.717212462673405
13,12.0,0.06065828488468413,2150000.0,1969769.9201030792,2149350.689257896,179580.76915481687,10893.061455203579,8.352593914177529
13,13.0,0.04914071763544119,2150000.0,2150000.0,2150000.0,0.0,0.0,0.0
13,14.0,0.038457597878210494,2150000.0,2150000.0,2150000.0,0.0,0.0,0.0
13,15.0,0.029093115646182277,2150000.0,2150000.0,2150000.0,0.0,0.0,0.0
13,16.0,0.021284950500558727,2150000.0,2150000.0,2150000.0,0.0,0.0,0.0
13,17.0,0.015065491858787928,2150000.0,2150000.0,2150000.0,0.0,0.0,0.0
13,18.0,0.010318963971875227,2150000.0,2150000.0,2150000.0,0.0,0.0,0.0
13,19.0,0.006840913441598087,2150000.0,2150000.0,2150000.0,0.0,0.0,0.0
13,20.0,0.004390121584837747,2150000.0,2150000.0,2150000.0,0.0,0.0,0.0
13,21.0,0.0027274949771308237,2150000.0,2150000.0,2150000.0,0.0,0.0,0.0
13,22.0,0.0016405973431519731,2150000.0,2150000.0,2150000.0,0.0,0.0,0.0
13,23.0,0.0009554424324981333,2150000.0,2150000.0,2150000.0,0.0,0.0,0.0
13,24.0,0.0005387358361366052,2150000.0,2150000.0,2150000.0,0.0,0.0,0.0
13,25.0,0.00029411196755969106,2150000.0,2150000.0,2150000.0,0.0,0.0,0.0
14,3.0,0.09247206121987886,6443.88236,1527.2668511627753,2097.1129272380026,569.8460760752273,52.69484123273617,8.843210416324661
14,4.0,0.1106944026061245,74944.96860000001,27067.130549304293,54648.06935521358,27580.938805909285,3053.055544436205,36.80158831357397
14,5.0,0.12004326173654967,182793.14166000002,72809.32845911346,143364.02103957703,70554.69258046357,8469.615428178387,38.59810709512128
14,6.0,0.1208035551502567,335759.21006,149198.59310795143,272863.03520467435,123664.44209672292,14939.104250957194,36.83128813491792
14,7.0,0.11426134004189537,536305.61002,256233.87026121205,442725.579392069,186491.70913085697,21308.79259199509,34.77340263584084
14,8.0,0.10235185749331774,803687.93604,399605.1263432879,666562.3275430712,266957.20119978336,27323.56541401518,33.21652462710312
14,9.0,0.08725445231341446,1145879.96936,609192.5286335277,966347.9214961242,357155.39286259655,31163.398195008238,31.168656614363886
14,10.0,0.07102547809160731,1541093.4114400002,896316.3530019317,1337431.9272264466,441115.5742245149,31330.44455295006,28.623545526181687
14,11.0,0.05533451264684545,1810000.0,1309630.1507798065,1722545.482050654,412915.33127084747,22848.468620283085,22.813001727671132
14,12.0,0.041331591442091045,1810000.0,1688728.624823344,1808818.825966735,120090.20114339096,4963.51912985717,6.634817742728782
14,13.0,0.029637177218288985,1810000.0,1810000.0,1810000.0,0.0,0.0,0.0
14,14.0,0.020421874640390355,1810000.0,1810000.0,1810000.0,0.0,0.0,0.0
14,15.0,0.013533203593077862,1810000.0,1810000.0,1810000.0,0.0,0.0,0.0
14,16.0,0.008630284964535884,1810000.0,1810000.0,1810000.0,0.0,0.0,0.0
14,17.0,0.005298957327705963,1810000.0,1810000.0,1810000.0,0.0,0.0,0.0
14,18.0,0.0031338467240778003,1810000.0,1810000.0,1810000.0,0.0,0.0,0.0
14,19.0,0.0017858179720846871,1810000.0,1810000.0,1810000.0,0.0,0.0,0.0
14,20.0,0.0009808307946183004,1810000.0,1810000.0,1810000.0,0.0,0.0,0.0
14,21.0,0.0005193426801462695,1810000.0,1810000.0,1810000.0,0.0,0.0,0.0
14,22.0,0.000265159054184302,1810000.0,1810000.0,1810000.0,0.0,0.0,0.0
14,23.0,0.00013056530980272782,1810000.0,1810000.0,1810000.0,0.0,0.0,0.0
14,24.0,6.201311801998523e-05,1810000.0,1810000.0,1810000.0,0.0,0.0,0.0
14,25.0,2.8413861086008704e-05,1810000.0,1810000.0,1810000.0,0.0,0.0,0.0
15,3.0,0.04864500045555882,6479.48392,1724.5534491800595,1898.5969229378616,174.04347375780208,8.466344860235322,2.686070000429943
15,4.0,0.06419264604915305,75359.0292,43596.54066825051,54004.45407495415,10407.913406703636,668.1115014267612,13.811103350444482
15,5.0,0.07695670360255284,183803.04852,115719.19382139883,142803.70928576312,27084.51546436429,2084.3350288098413,14.735618197005673
15,6.0,0.0861070727252288,337614.23332,223283.10611899247,272455.201474619,49172.095355626516,4234.065190838818,14.564580074744615
15,7.0,0.09120206107159735,539268.62444,367770.2005099453,442391.4624738249,74621.26196387963,6805.6128908694145,13.837493705733314
15,8.0,0.09219990223162444,808128.20088,559057.022508984,665959.3045497816,106902.28204079764,9856.379952499085,13.228381576634485
15,9.0,0.08942683924853524,1152210.79792,822526.2887051175,965931.9970577951,143405.70835267752,12824.31922817722,12.446134736070615
15,10.0,0.08350356108525986,1549607.73968,1159680.77886821,1338371.8823677157,178691.10349950567,14921.343476463464,11.531376549294086
15,11.0,0.07524242858868514,1820000.0,1555974.3033102956,1731224.0249926304,175249.72168233478,13186.214668870021,9.629105586941472
15,12.0,0.0655332073690914,1820000.0,1762663.2921487025,1819942.3465866542,57279.05443795165,3753.6801523877607,3.1472007932940462
15,13.0,0.05523559809839892,1820000.0,1820000.0,1820000.0,0.0,0.0,0.0
15,14.0,0.04509349063925491,1820000.0,1820000.0,1820000.0,0.0,0.0,0.0
15,15.0,0.0356799377401351,1820000.0,1820000.0,1820000.0,0.0,0.0,0.0
15,16.0,0.027375068099717594,1820000.0,1820000.0,1820000.0,0.0,0.0,0.0
15,17.0,0.020373165234522497,1820000.0,1820000.0,1820000.0,0.0,0.0,0.0
15,18.0,0.01471107276037749,1820000.0,1820000.0,1820000.0,0.0,0.0,0.0
15,19.0,0.010308410352760231,1820000.0,1820000.0,1820000.0,0.0,0.0,0.0
15,20.0,0.007010600429689571,1820000.0,1820000.0,1820000.0,0.0,0.0,0.0
15,21.0,0.004627756078899156,1820000.0,1820000.0,1820000.0,0.0,0.0,0.0
15,22.0,0.002965226793558888,1820000.0,1820000.0,1820000.0,0.0,0.0,0.0
15,23.0,0.0018442765715557165,1820000.0,1820000.0,1820000.0,0.0,0.0,0.0
15,24.0,0.0011134576292680346,1820000.0,1820000.0,1820000.0,0.0,0.0,0.0
15,25.0,0.0006525171445748561,1820000.0,1820000.0,1820000.0,0.0,0.0,0.0
16,3.0,0.03703935702414996,6337.077679999999,1122.207135156214,2436.840101514028,1314.632966357814,48.693159796644395,20.745097862802496
16,4.0,0.05105675900007609,73702.7868,26134.127137308697,47785.28272391656,21651.155586607867,1105.437832858589,29.376305193669914
16,5.0,0.06370801199828938,179763.42108,74885.20048402397,129997.65785661002,55112.457372586054,3511.105095547924,30.658326950764582
16,6.0,0.07408676172658454,330194.14028,161560.4632850146,251019.52119282458,89459.05790781,6627.731907500648,27.09286658810782
16,7.0,0.08152409422421784,527416.56676,274835.10965289606,409854.19653534424,135019.08688244817,11007.30876107256,25.600084523679435
16,8.0,0.0856341378950949,790367.14152,425825.9621973479,618891.3928076827,193065.43061033485,16532.99170766129,24.42730984983001
16,9.0,0.08633602720632799,1126887.48368,645276.6803675361,901707.217530519,256430.53716298286,22139.19383303659,22.755646936957277
16,10.0,0.0838422783144118,1515550.42672,944402.3432273198,1258757.7284332016,314355.3852058818,26356.27169606567,20.741994437375418
16,11.0,0.07861346300098279,1780000.0,1375584.52265633,1645709.699184609,270125.1765282792,21235.47557063982,15.175571715071865
16,12.0,0.07128634499105879,1780000.0,1722647.1475941697,1778102.980189758,55455.832595588174,3953.243614175502,3.1154962132352906
16,13.0,0.06258743721945978,1780000.0,1780000.0,1780000.0,0.0,0.0,0.0
16,14.0,0.05324580110758835,1780000.0,1780000.0,1780000.0,0.0,0.0,0.0
16,15.0,0.04391779929972577,1780000.0,1780000.0,1780000.0,0.0,0.0,0.0
16,16.0,0.03513300262373828,1780000.0,1780000.0,1780000.0,0.0,0.0,0.0
16,17.0,0.02726559311310772,1780000.0,1780000.0,1780000.0,0.0,0.0,0.0
16,18.0,0.020530632865509924,1780000.0,1780000.0,1780000.0,0.0,0.0,0.0
16,19.0,0.015000566256571495,1780000.0,1780000.0,1780000.0,0.0,0.0,0.0
16,20.0,0.010634967285905716,1780000.0,1780000.0,1780000.0,0.0,0.0,0.0
16,21.0,0.007316001174449883,1780000.0,1780000.0,1780000.0,0.0,0.0,0.0
16,22.0,0.004883051447207648,1780000.0,1780000.0,1780000.0,0.0,0.0,0.0
16,23.0,0.00316189715731004,1780000.0,1780000.0,1780000.0,0.0,0.0,0.0
16,24.0,0.0019860617412291847,1780000.0,1780000.0,1780000.0,0.0,0.0,0.0
16,25.0,0.0012099533270021258,1780000.0,1780000.0,1780000.0,0.0,0.0,0.0
17,3.0,0.047886303984991066,6230.273,462.82028,1067.0717734834554,604.2514934834554,28.935370700333593,9.698635894180807
17,4.0,0.06466784363773401,72460.60500000001,5645.368033039307,40467.815112071294,34822.44707903199,2251.892562790108,48.05707470843223
17,5.0,0.0788095585209813,176733.7005,14721.173584742293,114628.38091529155,99907.20733054925,7873.642902784733,56.5297999464167
17,6.0,0.08916937801571369,324629.0705,35772.14302723107,225460.6154084371,189688.47238120603,16914.403098983024,58.43237393651904
17,7.0,0.09506012712373957,518527.5235,86309.91221294655,372257.92578579864,285948.01357285207,27182.254521016126,55.14615919377558
17,8.0,0.09629687212360617,777046.347,152073.61062815075,564065.219952608,411991.60932445724,39673.503319115975,53.02021055951985
17,9.0,0.09318131639580263,1107894.998,274475.6123983157,829172.4207343105,554696.8083359948,51687.378801298226,50.067633605833365
17,10.0,0.08642003031866925,1490007.442,475045.6095923286,1175205.4059109448,700159.7963186163,60507.830825768106,46.99035565747303
17,11.0,0.07699175457214891,1750000.0,889615.0730273151,1596049.143572552,706434.0705452368,54389.598580823,40.36766117401353
17,12.0,0.06599014885103252,1750000.0,1482892.742515342,1749914.464504491,267021.721989149,17620.803180522966,15.258384113665658
17,13.0,0.05447161115412244,1750000.0,1750000.0,1750000.0,0.0,0.0,0.0
17,14.0,0.043333548456127004,1750000.0,1750000.0,1750000.0,0.0,0.0,0.0
17,15.0,0.03323883534214231,1750000.0,1750000.0,1750000.0,0.0,0.0,0.0
17,16.0,0.0245904059497728,1750000.0,1750000.0,1750000.0,0.0,0.0,0.0
17,17.0,0.017549331496561543,1750000.0,1750000.0,1750000.0,0.0,0.0,0.0
17,18.0,0.012082772760474899,1750000.0,1750000.0,1750000.0,0.0,0.0,0.0
17,19.0,0.008025820031982482,1750000.0,1750000.0,1750000.0,0.0,0.0,0.0
17,20.0,0.005142938676420492,1750000.0,1750000.0,1750000.0,0.0,0.0,0.0
17,21.0,0.003179046238055161,1750000.0,1750000.0,1750000.0,0.0,0.0,0.0
17,22.0,0.0018953810844317153,1750000.0,1750000.0,1750000.0,0.0,0.0,0.0
17,23.0,0.0010898089008983221,1750000.0,1750000.0,1750000.0,0.0,0.0,0.0
17,24.0,0.0006042127138745364,1750000.0,1750000.0,1750000.0,0.0,0.0,0.0
17,25.0,0.00032295365071725337,1750000.0,1750000.0,1750000.0,0.0,0.0,0.0
18,3.0,0.03866986300575621,6194.67144,905.570116095056,2285.4160342946825,1379.8459181996263,53.35845262583143,22.274723228898583
18,4.0,0.05323788369682648,72046.5444,27683.179403905866,47125.950513296826,19442.77110939096,1035.0919870657738,26.986403402563415
18,5.0,0.06627833914267214,175723.79364000002,85447.39673944545,127562.19813275142,42114.80139330597,2791.2990896718143,23.966476321120904
18,6.0,0.07682128957309269,322774.04724,178899.27186663606,246268.17845196062,67368.90658532456,5175.3662810138485,20.871847399562498
18,7.0,0.08416566088573539,515564.50908,301330.58764587605,402055.0880273561,100724.50038148003,8477.544141992774,19.536740525684756
18,8.0,0.08792972592417428,772606.08216,462931.97261374467,607059.3083196604,144127.3357059157,12673.077126802626,18.654698562943516
18,9.0,0.08807212390151231,1101564.16944,692888.8784962697,884370.8986711558,191482.0201748861,16864.228205754447,17.38273860815838
18,10.0,0.08487318097736045,1481493.11376,1002668.2522863098,1234039.764377681,231371.51209137123,19637.236218736492,15.617454441226187
18,11.0,0.0788777361580781,1740000.0,1426161.8760810157,1613655.8175512631,187493.94147024746,14789.097646528317,10.775513877600428
18,12.0,0.07080910773210895,1740000.0,1721695.1221367822,1738705.2100478625,17010.087911080336,1204.4691474283316,0.9775912592574906
18,13.0,0.061469099968497386,1740000.0,1740000.0,1740000.0,0.0,0.0,0.0
18,14.0,0.05164051322341458,1740000.0,1740000.0,1740000.0,0.0,0.0,0.0
18,15.0,0.04200657125011551,1740000.0,1740000.0,1740000.0,0.0,0.0,0.0
18,16.0,0.03309689322038801,1740000.0,1740000.0,1740000.0,0.0,0.0,0.0
18,17.0,0.02526354417742177,1740000.0,1740000.0,1740000.0,0.0,0.0,0.0
18,18.0,0.01868485587018993,1740000.0,1740000.0,1740000.0,0.0,0.0,0.0
18,19.0,0.013390379949412416,1740000.0,1740000.0,1740000.0,0.0,0.0,0.0
18,20.0,0.00929818860599581,1740000.0,1740000.0,1740000.0,0.0,0.0,0.0
18,21.0,0.006255783619128512,1740000.0,1740000.0,1740000.0,0.0,0.0,0.0
18,22.0,0.004077592555480841,1740000.0,1740000.0,1740000.0,0.0,0.0,0.0
18,23.0,0.0025746248141060974,1740000.0,1740000.0,1740000.0,0.0,0.0,0.0
18,24.0,0.0015745349508555207,1740000.0,1740000.0,1740000.0,0.0,0.0,0.0
18,25.0,0.0009325067976765862,1740000.0,1740000.0,1740000.0,0.0,0.0,0.0
19,3.0,0.08751604774537376,6087.86676,925.6405599999998,2354.122691054875,1428.482131054875,125.0151103848117,23.4644118764333
19,4.0,0.11101148391681948,70804.36260000001,19087.408747436086,48004.56930913424,28917.160561698154,3210.136904615041,40.84093055827912
19,5.0,0.12525280856866228,172694.07306,53819.52036182386,129137.41787073169,75317.89750890783,9433.778198477357,43.61348144399822
19,6.0,0.12911778954802008,317208.97745999997,112714.15475811379,247939.4389600556,135225.2842019418,17459.989787157527,42.62971536453242
19,7.0,0.12328591546154244,506675.46582,199851.29296812817,403823.95491571754,203972.66194758937,25146.956357336276,40.25706309214745
19,8.0,0.10988235032545947,759285.28764,316738.0211907233,608941.5102948826,292203.4891041593,32108.00615606481,38.48401830784607
19,9.0,0.09184287672725489,1082571.68376,494390.7648028949,885472.6084615313,391081.84365863644,35918.08155740771,36.125260758745014
19,10.0,0.07219746751652459,1455950.12904,749523.5484347839,1232635.0992093794,483111.55077459547,34879.43049390668,33.18187492404987
19,11.0,0.05347538783800374,1710000.0,1156518.6338919243,1600405.5502599142,443886.91636798996,23737.025008993794,25.95829920280643
19,12.0,0.03736339344685381,1710000.0,1562629.8317440895,1709916.5368117858,147286.70506769628,5503.131110935054,8.613257606298028
19,13.0,0.024644019712085678,1710000.0,1710000.0,1710000.0,0.0,0.0,0.0
19,14.0,0.015350808547583937,1710000.0,1710000.0,1710000.0,0.0,0.0,0.0
19,15.0,0.009032248569863,1710000.0,1710000.0,1710000.0,0.0,0.0,0.0
19,16.0,0.005020316972206231,1710000.0,1710000.0,1710000.0,0.0,0.0,0.0
19,17.0,0.0026358220846468116,1710000.0,1710000.0,1710000.0,0.0,0.0,0.0
19,18.0,0.001307060866776133,1710000.0,1710000.0,1710000.0,0.0,0.0,0.0
19,19.0,0.0006120549290778456,1710000.0,1710000.0,1710000.0,0.0,0.0,0.0
19,20.0,0.00027058364478349533,1710000.0,1710000.0,1710000.0,0.0,0.0,0.0
19,21.0,0.00011290608128274257,1710000.0,1710000.0,1710000.0,0.0,0.0,0.0
19,22.0,4.445451441258098e-05,1710000.0,1710000.0,1710000.0,0.0,0.0,0.0
19,23.0,1.6510793884904782e-05,1710000.0,1710000.0,1710000.0,0.0,0.0,0.0
19,24.0,5.782813155014451e-06,1710000.0,1710000.0,1710000.0,0.0,0.0,0.0
19,25.0,1.909375726996564e-06,1710000.0,1710000.0,1710000.0,0.0,0.0,0.0
20,3.0,0.03636695638535571,5945.46052,883.5598052517986,1241.1613025568768,357.60149730507817,13.004878055831675,6.014698038985182
20,4.0,0.05028592403269819,69148.1202,19092.90453490332,38769.24432111248,19676.33978620916,989.4429277308707,28.455350238442428
20,5.0,0.06291972978515277,168654.44562,65669.30318341243,109686.2737411618,44016.97055774937,2769.5358934546157,26.09890916064272
20,6.0,0.07335950577784467,309788.88442,143554.36572889838,215865.99044678756,72311.62471788918,5304.745051297326,23.342227030925947
20,7.0,0.0809251504165751,494823.40814,246441.2511246928,355371.5813442457,108930.33021955291,8815.203357944514,22.013980831871503
20,8.0,0.08521244559540038,741524.2282799999,383817.57989206526,538491.2408179347,154673.66092586948,13180.12091668706,20.85888161532392
20,9.0,0.0861177487055429,1057248.36952,584532.1689866346,790876.1467857463,206343.97779911174,17769.87882700603,19.517076946904513
20,10.0,0.08382976057076724,1421892.81608,864965.9255678118,1117968.6542810565,253002.72871324467,21209.158171782077,17.793375552085916
20,11.0,0.07878758046750955,1670000.0,1284226.381703529,1508701.2570786981,224474.8753751691,17685.832306555316,13.441609303902341
20,12.0,0.07161157350171762,1670000.0,1631389.2106822543,1667121.1614131082,35731.95073085395,2558.8212161223,2.1396377683146075
20,13.0,0.06301855269801926,1670000.0,1670000.0,1670000.0,0.0,0.0,0.0
20,14.0,0.0537349150606058,1670000.0,1670000.0,1670000.0,0.0,0.0,0.0
20,15.0,0.04442055069698651,1670000.0,1670000.0,1670000.0,0.0,0.0,0.0
20,16.0,0.035613063091599596,1670000.0,1670000.0,1670000.0,0.0,0.0,0.0
20,17.0,0.0276970991650392,1670000.0,1670000.0,1670000.0,0.0,0.0,0.0
20,18.0,0.02089861132207842,1670000.0,1670000.0,1670000.0,0.0,0.0,0.0
20,19.0,0.015299765480484711,1670000.0,1670000.0,1670000.0,0.0,0.0,0.0
20,20.0,0.010867691709271108,1670000.0,1670000.0,1670000.0,0.0,0.0,0.0
20,21.0,0.007489565967693562,1670000.0,1670000.0,1670000.0,0.0,0.0,0.0
20,22.0,0.005007365622932457,1670000.0,1670000.0,1670000.0,0.0,0.0,0.0
20,23.0,0.0032475058518157338,1670000.0,1670000.0,1670000.0,0.0,0.0,0.0
20,24.0,0.002042790989767662,1670000.0,1670000.0,1670000.0,0.0,0.0,0.0
20,25.0,0.0012461471051417796,1670000.0,1670000.0,1670000.0,0.0,0.0,0.0
21,3.0,0.05569539681913425,5767.45272,327.7750435651461,1890.0667798994953,1562.291736334349,87.01245820239582,27.08807184351481
21,4.0,0.07409196246194644,67077.8172,4857.567613641865,56919.27042852945,52061.70281488759,3857.3537306656626,77.61388934237351
21,5.0,0.08877064160285822,163604.91132,12374.18243655278,143861.14169617978,131486.959259627,11672.18173588597,80.36858930380612
21,6.0,0.09849769895005639,300513.76811999996,28118.9538687841,268917.95343750244,240798.99956871834,23718.147366994377,80.12910725360291
21,7.0,0.10268669155805946,480008.33604,55154.550544560625,432758.73771680344,377604.1871722428,38774.924699187846,78.66617281846044
21,8.0,0.10142318464738749,719322.90408,101456.57301635593,649266.9398064599,547810.366790104,55560.67198270578,76.15639147355425
21,9.0,0.09539155351347038,1025594.22672,194833.84491867563,934138.6988187812,739304.8539001056,70523.43853358032,72.08551244135903
21,10.0,0.08571480470339117,1379321.17488,357032.5604507226,1276058.7637503333,919026.2032996108,78774.1515331252,66.62887658340817
21,11.0,0.0737424287652238,1620000.0,718299.7439571499,1590362.3219372989,872062.577980149,64308.01253551856,53.83102333210796
21,12.0,0.06083159352684466,1620000.0,1266237.6747713748,1620000.0,353762.3252286252,21519.925973419155,21.837180569668224
21,13.0,0.048163773029902046,1620000.0,1613637.0418882025,1620000.0,6362.958111797459,306.46407029538693,0.39277519208626294
21,14.0,0.03662517870229227,1620000.0,1620000.0,1620000.0,0.0,0.0,0.0
21,15.0,0.02676060036392493,1620000.0,1620000.0,1620000.0,0.0,0.0,0.0
21,16.0,0.01879256268537699,1620000.0,1620000.0,1620000.0,0.0,0.0,0.0
21,17.0,0.012685711837729709,1620000.0,1620000.0,1620000.0,0.0,0.0,0.0
21,18.0,0.008232047399382653,1620000.0,1620000.0,1620000.0,0.0,0.0,0.0
21,19.0,0.005135244614754492,1620000.0,1620000.0,1620000.0,0.0,0.0,0.0
21,20.0,0.003079274233810178,1620000.0,1620000.0,1620000.0,0.0,0.0,0.0
21,21.0,0.0017747049516102268,1620000.0,1620000.0,1620000.0,0.0,0.0,0.0
21,22.0,0.000982964811726306,1620000.0,1620000.0,1620000.0,0.0,0.0,0.0
21,23.0,0.0005231390309077673,1620000.0,1620000.0,1620000.0,0.0,0.0,0.0
21,24.0,0.00026747865587525014,1620000.0,1620000.0,1620000.0,0.0,0.0,0.0
21,25.0,0.00013136313433487323,1620000.0,1620000.0,1620000.0,0.0,0.0,0.0
22,3.0,0.046659628430706576,5731.85116,391.61716,1376.515301287868,984.8981412878679,45.95498131458547,17.182898051523512
22,4.0,0.06444275813125037,66663.75660000001,7287.986411547094,33291.574118849414,26003.587707302322,1675.742913166439,39.007084259188474
22,5.0,0.07983506033548728,162595.00446,28652.407287826114,97501.85985356144,68849.45256573532,5496.600199650748,42.34413769008074
22,6.0,0.09138942505197689,298658.74486,78111.30311549766,195659.96988891513,117548.66677341747,10742.705072049042,39.35885648636201
22,7.0,0.09815272245651219,477045.32162,144712.08844777403,324126.54168166406,179414.45323389003,17610.017032952892,37.609519494838736
22,8.0,0.09976286456431858,714882.6392399999,236614.61047342187,493045.8219604126,256431.21148699074,25582.312221640794,35.870392902477775
22,9.0,0.0964634534559493,1019263.39816,384763.97952188563,726750.7271040985,341986.7475822129,32989.22270794828,33.55234262307231
22,10.0,0.08902360389265923,1370806.8466400001,608419.2093867732,1031619.6919926741,423200.48260590096,37674.83213068995,30.87236423156277
22,11.0,0.07857851087778255,1610000.0,1018656.7562155544,1402425.8726994237,383769.11648386926,30156.005694184718,23.836591085954613
22,12.0,0.06642614321477795,1610000.0,1493183.5350902895,1601505.437561954,108321.90247166436,7195.406206879987,6.7280684765008925
22,13.0,0.053823772368446064,1610000.0,1609810.039755278,1610000.0,189.96024472196586,10.224376970969399,0.011798772964097258
22,14.0,0.04182382994052951,1610000.0,1610000.0,1610000.0,0.0,0.0,0.0
22,15.0,0.03117443774381192,1610000.0,1610000.0,1610000.0,0.0,0.0,0.0
22,16.0,0.0222912661528418,1610000.0,1610000.0,1610000.0,0.0,0.0,0.0
22,17.0,0.015290233656781794,1610000.0,1610000.0,1610000.0,0.0,0.0,0.0
22,18.0,0.010059559564542239,1610000.0,1610000.0,1610000.0,0.0,0.0,0.0
22,19.0,0.006346611099758053,1610000.0,1610000.0,1610000.0,0.0,0.0,0.0
22,20.0,0.003838781608005769,1610000.0,1610000.0,1610000.0,0.0,0.0,0.0
22,21.0,0.002225396894870991,1610000.0,1610000.0,1610000.0,0.0,0.0,0.0
22,22.0,0.0012360773171408738,1610000.0,1610000.0,1610000.0,0.0,0.0,0.0
22,23.0,0.0006575974688136322,1610000.0,1610000.0,1610000.0,0.0,0.0,0.0
22,24.0,0.00033496261286460147,1610000.0,1610000.0,1610000.0,0.0,0.0,0.0
22,25.0,0.0001633031601720255,1610000.0,1610000.0,1610000.0,0.0,0.0,0.0
23,3.0,0.03856854411693841,5553.84336,1116.855941176961,1808.2439451260818,691.3880039491207,26.66582873223365,12.448820737881249
23,4.0,0.05288192989268412,64593.4536,21715.829623318925,38480.24528744734,16764.415664128413,886.5346538422543,25.953737925120656
23,5.0,0.06565315448429852,157545.47016,60436.56955024607,107011.97032231548,46575.400772069406,3057.8219820567892,29.56314816590307
23,6.0,0.07596553281807111,289383.62856,123506.2318469686,209383.50129701808,85877.26945004948,6523.71253073407,29.675925302817856
23,7.0,0.08316203185969506,462230.24952,214526.51138799233,344088.1790525839,129561.66766459154,10774.611534117985,28.029681700653303
23,8.0,0.08688928972743777,692681.31504,335158.97243102523,520739.57164019684,185580.5992091716,16124.96645247722,26.791627719661378
23,9.0,0.08711458965714636,987609.25536,512730.78343975265,761886.7176846393,249155.93424488662,21705.116972386237,25.228189478040598
23,10.0,0.08410675178264354,1328235.2054400002,758895.8854297127,1070951.4506466356,312055.5652169229,26245.97996609227,23.493998949798147
23,11.0,0.07838230431921324,1560000.0,1120120.4939200806,1424342.3192842924,304221.8253642118,23845.607696244195,19.50139906180845
23,12.0,0.07062575122186943,1560000.0,1455775.442450114,1558981.8938828246,103206.45143271051,7289.033163378562,6.615798168763494
23,13.0,0.06159732364690887,1560000.0,1560000.0,1560000.0,0.0,0.0,0.0
23,14.0,0.052042918848617906,1560000.0,1560000.0,1560000.0,0.0,0.0,0.0
23,15.0,0.04261911526028812,1560000.0,1560000.0,1560000.0,0.0,0.0,0.0
23,16.0,0.033841971978682515,1560000.0,1560000.0,1560000.0,0.0,0.0,0.0
23,17.0,0.0260629931551707,1560000.0,1560000.0,1560000.0,0.0,0.0,0.0
23,18.0,0.019470488289573887,1560000.0,1560000.0,1560000.0,0.0,0.0,0.0
23,19.0,0.014110668714196242,1560000.0,1560000.0,1560000.0,0.0,0.0,0.0
23,20.0,0.009920784945866963,1560000.0,1560000.0,1560000.0,0.0,0.0,0.0
23,21.0,0.006766474208686565,1560000.0,1560000.0,1560000.0,0.0,0.0,0.0
23,22.0,0.004476844835478165,1560000.0,1560000.0,1560000.0,0.0,0.0,0.0
23,23.0,0.0028730179970043505,1560000.0,1560000.0,1560000.0,0.0,0.0,0.0
23,24.0,0.0017881976955214844,1560000.0,1560000.0,1560000.0,0.0,0.0,0.0
23,25.0,0.001079320544006561,1560000.0,1560000.0,1560000.0,0.0,0.0,0.0
24,3.0,0.08354377556624687,5553.84336,1044.8115772643423,1939.4626955088052,894.6511182444629,74.74253223270719,16.10868474771789
24,4.0,0.11044262488475029,64593.4536,21767.873103126833,40271.54883023067,18503.675727103837,2043.594517317588,28.646363827655495
24,5.0,0.12826194569334567,157545.47016,62372.575091264385,110271.46952430607,47898.894433041685,6143.60539654209,30.403219073450057
24,6.0,0.13462864365328933,289383.62856,130573.66625262247,213947.67881401494,83374.01256139248,11224.530227072577,28.810894720019014
24,7.0,0.1295181452316773,462230.24952,224715.8987329317,350271.1828133379,125555.28408040619,16261.687518130548,27.162931074023877
24,8.0,0.11505769322871252,692681.31504,350398.9188425164,529438.4608690243,179039.5420265079,20599.87670229513,25.84731797134862
24,9.0,0.09477054962318542,987609.25536,533692.8002076993,773401.4525630835,239708.6523553842,22717.32073315284,24.271608538946552
24,10.0,0.07253838790351363,1328235.2054400002,786111.1863648338,1083912.643388308,297801.45702347404,21602.037607800306,22.4208374995468
24,11.0,0.05165070776495702,1560000.0,1154100.9123869785,1430757.5236441225,276656.611257144,14289.509779286063,17.734398157509233
24,12.0,0.03422722428725473,1560000.0,1479895.547194788,1557240.3328902358,77344.78569544782,2647.2973274477436,4.957999083041527
24,13.0,0.02110721568118346,1560000.0,1560000.0,1560000.0,0.0,0.0,0.0
24,14.0,0.012108795088555224,1560000.0,1560000.0,1560000.0,0.0,0.0,0.0
24,15.0,0.006458637514956341,1560000.0,1560000.0,1560000.0,0.0,0.0,0.0
24,16.0,0.0032007413325108674,1560000.0,1560000.0,1560000.0,0.0,0.0,0.0
24,17.0,0.0014726140357234172,1560000.0,1560000.0,1560000.0,0.0,0.0,0.0
24,18.0,0.0006284740673254404,1560000.0,1560000.0,1560000.0,0.0,0.0,0.0
24,19.0,0.00024857576550075215,1560000.0,1560000.0,1560000.0,0.0,0.0,0.0
24,20.0,9.103412376384268e-05,1560000.0,1560000.0,1560000.0,0.0,0.0,0.0
24,21.0,3.084021923169591e-05,1560000.0,1560000.0,1560000.0,0.0,0.0,0.0
24,22.0,9.655805778113222e-06,1560000.0,1560000.0,1560000.0,0.0,0.0,0.0
24,23.0,2.791297593786968e-06,1560000.0,1560000.0,1560000.0,0.0,0.0,0.0
24,24.0,7.443198419511129e-07,1560000.0,1560000.0,1560000.0,0.0,0.0,0.0
24,25.0,1.8291110237317634e-07,1560000.0,1560000.0,1560000.0,0.0,0.0,0.0
25,3.0,0.03974262239173583,5411.43712,1420.17429665277,1535.3802079506681,115.20591129789818,4.57858503000818,2.1289337516666587
25,4.0,0.05540730009732831,62937.211200000005,28508.51113893593,43687.088277382136,15178.577138446206,841.0039785603358,24.117015751162175
25,5.0,0.06952107414678607,153505.84272000002,74164.84703064541,116381.46777174776,42216.62074110235,2934.9448207689234,27.501637718185705
25,6.0,0.08089664578800283,281963.53552,147137.61695950644,223071.12672331787,75933.50976381142,6142.766242802907,26.930258773984406
25,7.0,0.08866182182309525,450378.19184,248462.62967292315,363001.6226352045,114538.99296228137,10155.235785818551,25.431736047062454
25,8.0,0.09233843114183722,674920.25568,383006.446004692,547084.6594156226,164078.2134109306,15150.724810920887,24.31075553446199
25,9.0,0.09187906799143966,962285.94112,574825.0024357915,794651.4211907745,219826.418754983,20197.44647510377,22.844188963119226
25,10.0,0.08764633809691272,1294177.8924800002,829483.4587062732,1103431.6954475343,273948.2367412611,24010.559778477655,21.16774195673371
25,11.0,0.08033588390209749,1520000.0,1166390.466564531,1434313.430642993,267922.964078462,21523.82813691316,17.626510794635657
25,12.0,0.07085772158860701,1520000.0,1433698.3418508386,1519592.1989265832,85893.85707574454,6086.243010844709,5.650911649720036
25,13.0,0.06019890671924804,1520000.0,1520000.0,1520000.0,0.0,0.0,0.0
25,14.0,0.04929284451356213,1520000.0,1520000.0,1520000.0,0.0,0.0,0.0
25,15.0,0.03891669494146123,1520000.0,1520000.0,1520000.0,0.0,0.0,0.0
25,16.0,0.02962993324712455,1520000.0,1520000.0,1520000.0,0.0,0.0,0.0
25,17.0,0.021756923935135605,1520000.0,1520000.0,1520000.0,0.0,0.0,0.0
25,18.0,0.015407209593869955,1520000.0,1520000.0,1520000.0,0.0,0.0,0.0
25,19.0,0.010521225713406001,1520000.0,1520000.0,1520000.0,0.0,0.0,0.0
25,20.0,0.006927187598502369,1520000.0,1520000.0,1520000.0,0.0,0.0,0.0
25,21.0,0.0043965311983317455,1520000.0,1520000.0,1520000.0,0.0,0.0,0.0
25,22.0,0.0026892210076582437,1520000.0,1520000.0,1520000.0,0.0,0.0,0.0
25,23.0,0.0015848783359325347,1520000.0,1520000.0,1520000.0,0.0,0.0,0.0
25,24.0,0.0008997055078146956,1520000.0,1520000.0,1520000.0,0.0,0.0,0.0
25,25.0,0.0004918307201106168,1520000.0,1520000.0,1520000.0,0.0,0.0,0.0
26,3.0,0.04386232967063663,4984.2184,1018.1871507059925,1702.6695330801467,684.4823823741542,30.02299190943791,13.732993369113885
26,4.0,0.05971724217248942,57968.484000000004,22016.032232614056,42120.78542357012,20104.753190956068,1200.600415122453,34.6822131676862
26,5.0,0.07344048788483687,141386.9604,65815.89587312359,110746.52739561908,44930.63152249549,3299.7274999858996,31.778483245825186
26,6.0,0.08395804027134908,259703.25639999998,138849.9914355611,210860.95698289605,72010.96554733496,6045.89954540188,27.728171970405434
26,7.0,0.09056368709464888,414822.0188,235401.52737004214,342111.82772618264,106710.3003561405,9664.078251229508,25.72435780165016
26,8.0,0.09297034562035253,621637.0776,362800.6666959338,514554.19684646284,151753.53015052906,14108.578147203274,24.411917438453816
26,9.0,0.09131429740190977,886315.9984,544359.3758275537,746173.914256931,201814.53842937737,18428.552782169314,22.77004350521688
26,10.0,0.0861049603028568,1192005.9536000001,788550.6609978721,1033968.5051143151,245417.84411644295,21131.693725259018,20.588642479112774
26,11.0,0.07812811632157149,1400000.0,1122023.65429323,1337171.9039003928,215148.24960716278,16809.12747169091,15.367732114797342
26,12.0,0.06832077590862337,1400000.0,1382435.3359623784,1399878.392270356,17443.05630797753,1191.7231411788323,1.2459325934269665
26,13.0,0.05764059930410977,1400000.0,1400000.0,1400000.0,0.0,0.0,0.0
26,14.0,0.04695177341227811,1400000.0,1400000.0,1400000.0,0.0,0.0,0.0
26,15.0,0.03694343199061506,1400000.0,1400000.0,1400000.0,0.0,0.0,0.0
26,16.0,0.028088151407069308,1400000.0,1400000.0,1400000.0,0.0,0.0,0.0
26,17.0,0.020639231956513984,1400000.0,1400000.0,1400000.0,0.0,0.0,0.0
26,18.0,0.014658546190649997,1400000.0,1400000.0,1400000.0,0.0,0.0,0.0
26,19.0,0.010062979936204629,1400000.0,1400000.0,1400000.0,0.0,0.0,0.0
26,20.0,0.0066771043912676265,1400000.0,1400000.0,1400000.0,0.0,0.0,0.0
26,21.0,0.004281981022700163,1400000.0,1400000.0,1400000.0,0.0,0.0,0.0
26,22.0,0.002653696578389539,1400000.0,1400000.0,1400000.0,0.0,0.0,0.0
26,23.0,0.001589101453635322,1400000.0,1400000.0,1400000.0,0.0,0.0,0.0
26,24.0,0.0009193504123622074,1400000.0,1400000.0,1400000.0,0.0,0.0,0.0
26,25.0,0.0005137692949293679,1400000.0,1400000.0,1400000.0,0.0,0.0,0.0
27,3.0,0.03474903116235246,4913.01528,998.5904459598626,1514.6596423652938,516.0691964054313,17.932904587822524,10.504123577759996
27,4.0,0.04862013767121055,57140.3628,19659.624380983027,31377.338542037913,11717.714161054886,569.716875702382,20.506894928316566
27,5.0,0.06143038661170731,139367.14668,62599.65312385017,90188.17911869902,27588.525994848846,1694.7738179107016,19.795573527952524
27,6.0,0.07222278059580162,255993.20987999998,133162.40763165092,178096.122273797,44933.71464214608,3245.2378139540747,17.552697848200474
27,7.0,0.08025210903299466,408895.98996,225693.19132244238,293057.53833992255,67364.34701748018,5406.130921783308,16.47469006092969
27,8.0,0.08504133991641229,612756.5479199999,348423.80028002115,444530.22358165064,96106.42330162949,8173.01901214448,15.684275203237311
27,9.0,0.08641724896186441,873654.3412799999,524400.1148111618,652047.3765735477,127647.26176238596,11030.925199020383,14.610728263007159
27,10.0,0.08451229871273466,1174977.29712,763622.0119631132,919145.9869364287,155523.9749733155,13143.688629936709,13.236338723694665
27,11.0,0.07972983900497516,1380000.0,1097932.0069172643,1231066.9085367229,133134.90161945857,10614.824272062639,9.647456639091201
27,12.0,0.07267784148878015,1380000.0,1356046.6384776225,1376916.5295779314,20869.891100308858,1516.7786372763508,1.5123109492977433
27,13.0,0.06408245169621532,1380000.0,1380000.0,1380000.0,0.0,0.0,0.0
27,14.0,0.05469583734141827,1380000.0,1380000.0,1380000.0,0.0,0.0,0.0
27,15.0,0.04521273153354372,1380000.0,1380000.0,1380000.0,0.0,0.0,0.0
27,16.0,0.036207041495407905,1380000.0,1380000.0,1380000.0,0.0,0.0,0.0
27,17.0,0.028094911253349328,1380000.0,1380000.0,1380000.0,0.0,0.0,0.0
27,18.0,0.021125051100502383,1380000.0,1380000.0,1380000.0,0.0,0.0,0.0
27,19.0,0.01539230597387236,1380000.0,1380000.0,1380000.0,0.0,0.0,0.0
27,20.0,0.010867275728192334,1380000.0,1380000.0,1380000.0,0.0,0.0,0.0
27,21.0,0.007433694564423617,1380000.0,1380000.0,1380000.0,0.0,0.0,0.0
27,22.0,0.004926026611692941,1380000.0,1380000.0,1380000.0,0.0,0.0,0.0
27,23.0,0.003161740014339622,1380000.0,1380000.0,1380000.0,0.0,0.0,0.0
27,24.0,0.0019652291314539113,1380000.0,1380000.0,1380000.0,0.0,0.0,0.0
27,25.0,0.0011826903967551436,1380000.0,1380000.0,1380000.0,0.0,0.0,0.0
28,3.0,0.06459310969726953,4770.60904,142.40624,1892.771149987472,1750.364909987472,113.06151264107208,36.69059642723253
28,4.0,0.08498273623549543,55484.1204,2136.9144925450173,45198.076091990864,43061.16159944585,3659.455338199751,77.60988421372875
28,5.0,0.10026991889048348,135327.51924,5848.361320131591,115335.95019706483,109487.58887693324,10978.311656204696,80.90563507837582
28,6.0,0.1090761623085496,248573.11684,15258.702335898763,216580.75050227338,201322.04816637462,21959.43640208512,80.99107849058366
28,7.0,0.11096893432447465,397043.93228,34497.92958593428,349201.31533670274,314703.3857507685,34922.29934506684,79.26160310361725
28,8.0,0.10644295417069359,594995.48856,70150.49510818868,523999.1961992532,453848.7010910645,48308.99649066499,76.27767097687799
28,9.0,0.09674428041262025,848331.02704,143701.69074416725,755575.6182857556,611873.9275415884,59195.302823254715,72.12678872262181
28,10.0,0.08357760558315135,1140919.98416,275035.04738675634,1036761.4677626078,761726.4203758514,63663.27032443865,66.76422807482604
28,11.0,0.0687697576815356,1340000.0,581517.4941938361,1308971.1084169298,727453.6142230937,50026.80877467944,54.28758315097715
28,12.0,0.0539672876535314,1340000.0,1050357.3017006107,1340000.0,289642.69829938933,15631.230815868154,21.6151267387604
28,13.0,0.04042686110105704,1340000.0,1336663.8633838953,1340000.0,3336.136616104748,134.8695315934171,0.24896541911229464
28,14.0,0.028924007165502988,1340000.0,1340000.0,1340000.0,0.0,0.0,0.0
28,15.0,0.019771590533576782,1340000.0,1340000.0,1340000.0,0.0,0.0,0.0
28,16.0,0.012915038011079072,1340000.0,1340000.0,1340000.0,0.0,0.0,0.0
28,17.0,0.008062065530941019,1340000.0,1340000.0,1340000.0,0.0,0.0,0.0
28,18.0,0.0048092991204528885,1340000.0,1340000.0,1340000.0,0.0,0.0,0.0
28,19.0,0.0027413375845208774,1340000.0,1340000.0,1340000.0,0.0,0.0,0.0
28,20.0,0.0014928907973917657,1340000.0,1340000.0,1340000.0,0.0,0.0,0.0
28,21.0,0.0007766084161420617,1340000.0,1340000.0,1340000.0,0.0,0.0,0.0
28,22.0,0.00038583043392955693,1340000.0,1340000.0,1340000.0,0.0,0.0,0.0
28,23.0,0.00018302650783779675,1340000.0,1340000.0,1340000.0,0.0,0.0,0.0
28,24.0,8.288016944471282e-05,1340000.0,1340000.0,1340000.0,0.0,0.0,0.0
28,25.0,3.581767031859079e-05,1340000.0,1340000.0,1340000.0,0.0,0.0,0.0
29,3.0,0.04116668797622994,4663.80436,1032.44524,1108.824807761038,76.37956776103806,3.144293833777965,1.6377095149213774
29,4.0,0.05696466052195267,54241.9386,18016.590439697957,28054.422508682903,10037.832068984946,571.8016961860973,18.505666147015155
29,5.0,0.07101428107870054,132297.79866,57144.74949436738,81548.26187201383,24403.512377646446,1732.9978872937324,18.445894508314904
29,6.0,0.08215154264277337,243008.04705999998,123206.20917087031,162460.3226945382,39254.11352366788,3224.785981043869,16.15342125438991
29,7.0,0.08954933533792041,388154.88902,209528.40181925957,269007.4855517942,59479.08373253461,5326.312414756988,15.323543620101072
29,8.0,0.09278883734761147,581674.69404,323846.9540322878,408748.9703932163,84902.01636092848,7877.95938659844,14.59613375497646
29,9.0,0.09188594012594095,829338.54136,488853.08739792265,602014.9942302972,113161.90683237452,10397.988195736873,13.64483877076359
29,10.0,0.08725981620785142,1115376.9994400002,714212.3387852433,854778.1749849827,140565.83619973937,12265.749031892205,12.602540331234513
29,11.0,0.07964735018927384,1310000.0,1032761.4705462849,1164209.5689334674,131448.09838718246,10469.492723958043,10.034205983754386
29,12.0,0.0699797354202322,1310000.0,1287931.9256081341,1307656.3131707099,19724.38756257575,1380.3074229551696,1.5056784398912786
29,13.0,0.059244900171481284,1310000.0,1310000.0,1310000.0,0.0,0.0,0.0
29,14.0,0.04836052649242405,1310000.0,1310000.0,1310000.0,0.0,0.0,0.0
29,15.0,0.038077654282676544,1310000.0,1310000.0,1310000.0,0.0,0.0,0.0
29,16.0,0.028926101211230758,1310000.0,1310000.0,1310000.0,0.0,0.0,0.0
29,17.0,0.02120291902214643,1310000.0,1310000.0,1310000.0,0.0,0.0,0.0
29,18.0,0.014996549628090189,1310000.0,1310000.0,1310000.0,0.0,0.0,0.0
29,19.0,0.010234099181666866,1310000.0,1310000.0,1310000.0,0.0,0.0,0.0
29,20.0,0.006737819845686794,1310000.0,1310000.0,1310000.0,0.0,0.0,0.0
29,21.0,0.004278893599072681,1310000.0,1310000.0,1310000.0,0.0,0.0,0.0
29,22.0,0.0026206126788502404,1310000.0,1310000.0,1310000.0,0.0,0.0,0.0
29,23.0,0.0015475323045768406,1310000.0,1310000.0,1310000.0,0.0,0.0,0.0
29,24.0,0.0008809276409060394,1310000.0,1310000.0,1310000.0,0.0,0.0,0.0
29,25.0,0.00048327709270451556,1310000.0,1310000.0,1310000.0,0.0,0.0,0.0
30,3.0,0.04506748653295291,4592.60124,320.41404,1112.1745545339186,791.7605145339186,35.68265632608124,17.23991422634199
30,4.0,0.06207629630184333,53413.8174,7016.006509727929,25684.262032164108,18668.25552243618,1158.8561612492713,34.95023653268448
30,5.0,0.07687298277319399,130277.98494000001,22030.62912744897,78392.26756194541,56361.63843449644,4332.687260444033,43.26259610206129
30,6.0,0.08814678693712011,239298.00053999998,50913.991088116585,157319.84581834474,106405.85473022815,9379.334205767575,44.46583527238533
30,7.0,0.0950216306297719,382228.86018,95861.39994855876,260615.26056437055,164753.86061581178,15655.18048826459,43.10345915225385
30,8.0,0.09713738835075703,572794.1643599999,160434.61859390052,396127.8360811812,235693.21748728066,22894.62359870142,41.14797813113682
30,9.0,0.09466494485242237,816676.88424,266690.2603163253,583968.5961454865,317278.33582916117,30035.136164135885,38.849922405287685
30,10.0,0.0882435760802707,1098348.34296,432055.81305308815,831150.5224282292,399094.7093751411,35217.54434997879,36.33589579600935
30,11.0,0.07885167408731847,1290000.0,743509.57809959,1134540.2712028394,391030.6931032494,30833.424770715672,30.312456829709255
30,12.0,0.06763784660066217,1290000.0,1126421.111215035,1289195.7824181383,162774.67120310338,11009.728241308729,12.618191566132046
30,13.0,0.055746853964021736,1290000.0,1289896.4174288684,1290000.0,103.58257113164291,5.774402466093591,0.008029656676871543
30,14.0,0.044172802594671164,1290000.0,1290000.0,1290000.0,0.0,0.0,0.0
30,15.0,0.03366211462295267,1290000.0,1290000.0,1290000.0,0.0,0.0,0.0
30,16.0,0.024674738582146267,1290000.0,1290000.0,1290000.0,0.0,0.0,0.0
30,17.0,0.0173982911975553,1290000.0,1290000.0,1290000.0,0.0,0.0,0.0
30,18.0,0.011799976718496282,1290000.0,1290000.0,1290000.0,0.0,0.0,0.0
30,19.0,0.007697037522793398,1290000.0,1290000.0,1290000.0,0.0,0.0,0.0
30,20.0,0.004827902904534292,1290000.0,1290000.0,1290000.0,0.0,0.0,0.0
30,21.0,0.002911341973827434,1290000.0,1290000.0,1290000.0,0.0,0.0,0.0
30,22.0,0.0016874148824036754,1290000.0,1290000.0,1290000.0,0.0,0.0,0.0
30,23.0,0.0009397854614825377,1290000.0,1290000.0,1290000.0,0.0,0.0,0.0
30,24.0,0.0005027944448494796,1290000.0,1290000.0,1290000.0,0.0,0.0,0.0
30,25.0,0.0002583319839529076,1290000.0,1290000.0,1290000.0,0.0,0.0,0.0
31,3.0,0.04487463412985735,4592.60124,897.6577213592607,1096.0896118439991,198.43189048473846,8.90455848519856,4.320686254152962
31,4.0,0.05958902057428954,53413.8174,24993.39348224672,30828.769272715268,5835.375790468548,347.7243280369414,10.92484318574195
31,5.0,0.07196974135081532,130277.98494000001,64447.728222800826,86518.97593998733,22071.247717186503,1588.4619894956859,16.941655742796062
31,6.0,0.08123442353757841,239298.00053999998,125597.6250383984,169309.4721019933,43711.847063594905,3550.906697973922,18.266699665252002
31,7.0,0.08692032811780964,382228.86018,211323.2427836794,277903.60033483314,66580.35755115375,5787.186524547369,17.4189770808514
31,8.0,0.0889014283179668,572794.1643599999,325037.71507461445,421411.13155873073,96373.41648411629,8567.734377320223,16.825139374769503
31,9.0,0.08737249124189037,816676.88424,487529.1236463863,617230.8371880172,129701.71354163089,11332.361830474318,15.88164377424878
31,10.0,0.08279870180621111,1098348.34296,702107.4607066903,866900.1074750961,164792.6467684058,13644.617219633512,15.003677824495727
31,11.0,0.0758384111648991,1290000.0,990038.860968225,1158385.043012439,168346.182044214,12767.106971910054,13.050091631334418
31,12.0,0.06725163577545908,1290000.0,1205205.1276275774,1285650.208911179,80445.0812836017,5410.063306411981,6.236052812682303
31,13.0,0.05780853627083387,1290000.0,1290000.0,1290000.0,0.0,0.0,0.0
31,14.0,0.04821064151928957,1290000.0,1290000.0,1290000.0,0.0,0.0,0.0
31,15.0,0.039033834359399146,1290000.0,1290000.0,1290000.0,0.0,0.0,0.0
31,16.0,0.03069720773484545,1290000.0,1290000.0,1290000.0,0.0,0.0,0.0
31,17.0,0.02345703533225356,1290000.0,1290000.0,1290000.0,0.0,0.0,0.0
31,18.0,0.01742126839879947,1290000.0,1290000.0,1290000.0,0.0,0.0,0.0
31,19.0,0.01257774664946328,1290000.0,1290000.0,1290000.0,0.0,0.0,0.0
31,20.0,0.008828799653379654,1290000.0,1290000.0,1290000.0,0.0,0.0,0.0
31,21.0,0.006025820276350044,1290000.0,1290000.0,1290000.0,0.0,0.0,0.0
31,22.0,0.003999180222242034,1290000.0,1290000.0,1290000.0,0.0,0.0,0.0
31,23.0,0.00258094298826496,1290000.0,1290000.0,1290000.0,0.0,0.0,0.0
31,24.0,0.0016197238800126942,1290000.0,1290000.0,1290000.0,0.0,0.0,0.0
31,25.0,0.000988446698089503,1290000.0,1290000.0,1290000.0,0.0,0.0,0.0
32,3.0,0.07117314614371656,4556.99968,317.92201365472147,1693.3726797500149,1375.4506660952934,97.8951512714726,30.183251320642917
32,4.0,0.09984388135613688,52999.7568,18622.559291450634,41148.901736217886,22526.34244476725,2249.117462443052,42.50272794604078
32,5.0,0.1218592987918947,129268.07808,48577.863374148925,106235.20167668286,57657.338302533935,7026.082815753837,44.602920658301734
32,6.0,0.13341106686197113,237442.97728,93544.04929148819,200625.60784816503,107081.55855667684,14285.86496828889,45.097799810016284
32,7.0,0.1329195933890845,379265.84576,154873.93230220777,324614.3979731931,169740.46567098532,22561.833678661224,44.7550095977789
32,8.0,0.12138252181279476,568353.89952,242977.00085130232,488200.15907642187,245223.15822511955,29765.805352262993,43.146208450794724
32,9.0,0.10194816143475405,810346.05568,374445.1921551173,705552.8145765654,331107.6224214481,33755.81334289938,40.86002765122364
32,10.0,0.07885719423462734,1089834.01472,558367.1178987772,971527.9018216415,413160.78392286424,32580.7001879362,37.910432078871516
32,11.0,0.05618099383795497,1280000.0,846037.741429845,1235157.8229578412,389120.0815279962,21861.15290254889,30.400006369374704
32,12.0,0.03684175401890094,1280000.0,1114106.4541754993,1280000.0,165893.54582450073,6111.809208589527,12.96043326753912
32,13.0,0.02221261195263066,1280000.0,1278359.9620474554,1280000.0,1640.0379525446333,36.42952662746083,0.12812796504254947
32,14.0,0.012295207503701567,1280000.0,1280000.0,1280000.0,0.0,0.0,0.0
32,15.0,0.006237739677801138,1280000.0,1280000.0,1280000.0,0.0,0.0,0.0
32,16.0,0.0028952942172411032,1280000.0,1280000.0,1280000.0,0.0,0.0,0.0
32,17.0,0.001227192248587763,1280000.0,1280000.0,1280000.0,0.0,0.0,0.0
32,18.0,0.00047407059628641726,1280000.0,1280000.0,1280000.0,0.0,0.0,0.0
32,19.0,0.00016658107354013748,1280000.0,1280000.0,1280000.0,0.0,0.0,0.0
32,20.0,5.3136734302045486e-05,1280000.0,1280000.0,1280000.0,0.0,0.0,0.0
32,21.0,1.5356158972847026e-05,1280000.0,1280000.0,1280000.0,0.0,0.0,0.0
32,22.0,4.012564599408095e-06,1280000.0,1280000.0,1280000.0,0.0,0.0,0.0
32,23.0,9.461284110222723e-07,1280000.0,1280000.0,1280000.0,0.0,0.0,0.0
32,24.0,2.0091355018389094e-07,1280000.0,1280000.0,1280000.0,0.0,0.0,0.0
32,25.0,3.8348539956934384e-08,1280000.0,1280000.0,1280000.0,0.0,0.0,0.0
33,3.0,0.08570535887005391,3880.57004,488.36207123782054,2244.5223360447358,1756.1602648069152,150.51234572860557,45.25521371099683
33,4.0,0.10896649374198404,45132.6054,9647.305146717825,40413.84619360774,30766.541046889914,3352.522102448425,68.16921109298492
33,5.0,0.1233372122580301,110079.84774000001,31325.249342589832,100908.6447345722,69583.39539198237,8582.222007095363,63.21174749108748
33,6.0,0.12766371556834927,202197.53534,76827.12357499903,187520.92413068662,110693.80055568759,14131.581869320882,54.7453757878667
33,7.0,0.12251167114778037,322968.57178,135126.21393808507,301020.60204558057,165894.3881074955,20323.998721087737,51.365489587172455
33,8.0,0.10984888158238182,483988.86756,213215.33295626586,451441.1068424628,238225.77388619693,26168.834825496113,49.221333351570145
33,9.0,0.09245916990112202,690060.31304,332075.92952944286,647540.969843537,315465.0403140941,29167.635760265133,45.71557505232269
33,10.0,0.07326682946267608,928061.7781600001,501094.5619021356,880002.0089934102,378907.44709127455,27761.347308174372,40.82782590642904
33,11.0,0.054761401740082136,1090000.0,774746.9361194163,1077597.8489812277,302850.91286181146,16584.540506576264,27.784487418514814
33,12.0,0.038651449548077976,1090000.0,1050403.1031687353,1090000.0,39596.89683126472,1530.477460134077,3.6327428285563963
33,13.0,0.025781154773377963,1090000.0,1090000.0,1090000.0,0.0,0.0,0.0
33,14.0,0.01625826419523259,1090000.0,1090000.0,1090000.0,0.0,0.0,0.0
33,15.0,0.009695706576872336,1090000.0,1090000.0,1090000.0,0.0,0.0,0.0
33,16.0,0.0054682873925478714,1090000.0,1090000.0,1090000.0,0.0,0.0,0.0
33,17.0,0.002916593248434835,1090000.0,1090000.0,1090000.0,0.0,0.0,0.0
33,18.0,0.001470973439783964,1090000.0,1090000.0,1090000.0,0.0,0.0,0.0
33,19.0,0.0007013983287173534,1090000.0,1090000.0,1090000.0,0.0,0.0,0.0
33,20.0,0.0003161282958787059,1090000.0,1090000.0,1090000.0,0.0,0.0,0.0
33,21.0,0.00013464639871748225,1090000.0,1090000.0,1090000.0,0.0,0.0,0.0
33,22.0,5.418044921092836e-05,1090000.0,1090000.0,1090000.0,0.0,0.0,0.0
33,23.0,2.0591273682713905e-05,1090000.0,1090000.0,1090000.0,0.0,0.0,0.0
33,24.0,7.389029683710427e-06,1090000.0,1090000.0,1090000.0,0.0,0.0,0.0
33,25.0,2.5027773219535454e-06,1090000.0,1090000.0,1090000.0,0.0,0.0,0.0
34,3.0,0.03182982904711075,4450.195,517.7745890846172,967.6323891479806,449.85780006336336,14.318896871526183,10.108721079938372
34,4.0,0.045966952132001554,51757.575000000004,9374.055607649201,33496.76598003209,24122.71037238289,1108.8474729814618,46.60711088644104
34,5.0,0.05954847410284774,126238.35750000001,28323.178946568056,90907.53696850473,62584.35802193668,3726.8030229126475,49.57634055238454
34,6.0,0.07144574568286234,231877.9075,68671.81291787692,175498.1135245686,106826.30060669167,7632.284705386696,46.07006409469676
34,7.0,0.08070504844095289,370376.8025,125507.08893799006,286299.01539625414,160791.92645826406,12976.720213728335,43.41306619986387
34,8.0,0.08663696368353294,555033.105,203028.3195529428,431461.7050396929,228433.38548675014,19790.77492252205,41.15671361382131
34,9.0,0.08888754012868982,791353.57,324186.1517992153,629700.9794945982,305514.82769538293,27156.461506683107,38.60661520682632
34,10.0,0.08746974186306182,1064291.03,502199.2062861483,881958.4639986915,379759.25771254324,33217.444242224126,35.681899687958776
34,11.0,0.08274522219659994,1250000.0,809390.012254637,1172382.3785198492,362992.3662652122,30035.88400228457,29.03938930121697
34,12.0,0.07535806118756452,1250000.0,1157352.1183018186,1249631.9452306957,92279.82692887704,6954.0288440841805,7.382386154310164
34,13.0,0.06613257337527986,1250000.0,1250000.0,1250000.0,0.0,0.0,0.0
34,14.0,0.055954493094612236,1250000.0,1250000.0,1250000.0,0.0,0.0,0.0
34,15.0,0.04565717100587709,1250000.0,1250000.0,1250000.0,0.0,0.0,0.0
34,16.0,0.03593155839830049,1250000.0,1250000.0,1250000.0,0.0,0.0,0.0
34,17.0,0.027271854307756933,1250000.0,1250000.0,1250000.0,0.0,0.0,0.0
34,18.0,0.019959927803472628,1250000.0,1250000.0,1250000.0,0.0,0.0,0.0
34,19.0,0.014083475964004128,1250000.0,1250000.0,1250000.0,0.0,0.0,0.0
34,20.0,0.009577302936468364,1250000.0,1250000.0,1250000.0,0.0,0.0,0.0
34,21.0,0.006275032894375948,1250000.0,1250000.0,1250000.0,0.0,0.0,0.0
34,22.0,0.003959777345088361,1250000.0,1250000.0,1250000.0,0.0,0.0,0.0
34,23.0,0.002405687283179938,1250000.0,1250000.0,1250000.0,0.0,0.0,0.0
34,24.0,0.0014065159825228908,1250000.0,1250000.0,1250000.0,0.0,0.0,0.0
34,25.0,0.0007910511438368427,1250000.0,1250000.0,1250000.0,0.0,0.0,0.0
35,3.0,0.06079905656523666,4272.1872,260.6394007664335,1599.0395705867845,1338.400169820351,81.37346763182987,31.328219180572216
35,4.0,0.08672735739967012,49687.272000000004,11111.985171536719,35914.98268488628,24802.99751334956,2151.0984299233965,49.9182114754651
35,5.0,0.10821378394768767,121188.82320000001,36068.07546439691,94466.1299099432,58398.054445546295,6319.474446735649,48.187656999664874
35,6.0,0.12187476478957905,222602.79119999998,79613.22163194149,179987.89555972867,100374.67392778718,12233.139775779755,45.09138155307515
35,7.0,0.12578053048300333,355561.7304,141968.892673987,292125.85423733684,150156.96156334985,18886.822281154084,42.230912026000716
35,8.0,0.11987782695636605,532831.7808,224467.24927178855,439515.65025610675,215048.4009843182,25779.535000441316,40.35952973027284
35,9.0,0.10592501659339257,759699.4272,350635.69879236916,637590.6085719058,286954.9097795366,30395.703579952882,37.77216350381586
35,10.0,0.08693139430294959,1021719.3888000001,534102.2979311873,883997.6054522581,349895.3075210708,30416.88694286601,34.24573433337891
35,11.0,0.06629892271396547,1200000.0,834436.752330326,1143438.8129195387,309002.0605892127,20486.503733460286,25.75017171576772
35,12.0,0.04697619866545577,1200000.0,1122994.1508315154,1199713.200986179,76719.05015466362,3603.9693414905437,6.393254179555302
35,13.0,0.030900067662443513,1200000.0,1200000.0,1200000.0,0.0,0.0,0.0
35,14.0,0.018848371688308514,1200000.0,1200000.0,1200000.0,0.0,0.0,0.0
35,15.0,0.01064746250034109,1200000.0,1200000.0,1200000.0,0.0,0.0,0.0
35,16.0,0.005562057573726439,1200000.0,1200000.0,1200000.0,0.0,0.0,0.0
35,17.0,0.002682605681785273,1200000.0,1200000.0,1200000.0,0.0,0.0,0.0
35,18.0,0.001192602487625455,1200000.0,1200000.0,1200000.0,0.0,0.0,0.0
35,19.0,0.00048788632201285517,1200000.0,1200000.0,1200000.0,0.0,0.0,0.0
35,20.0,0.00018334989407868522,1200000.0,1200000.0,1200000.0,0.0,0.0,0.0
35,21.0,6.318742113421497e-05,1200000.0,1200000.0,1200000.0,0.0,0.0,0.0
35,22.0,1.9934948412521108e-05,1200000.0,1200000.0,1200000.0,0.0,0.0,0.0
35,23.0,5.747529827634468e-06,1200000.0,1200000.0,1200000.0,0.0,0.0,0.0
35,24.0,1.5117455905223606e-06,1200000.0,1200000.0,1200000.0,0.0,0.0,0.0
35,25.0,3.6212740707415794e-07,1200000.0,1200000.0,1200000.0,0.0,0.0,0.0
36,3.0,0.05590245991002231,4129.78096,534.0233999999999,1542.1460226895795,1008.1226226895795,56.35653449929077,24.411043405303985
36,4.0,0.0718048353434656,48031.0296,6559.12192387105,28147.880847033444,21588.758923162393,1550.1772797474493,44.94752476253891
36,5.0,0.08401818645987966,117149.19576,18810.599852084288,78804.82010103953,59994.220248955244,5040.605583391809,51.21180718292217
36,6.0,0.09188829475705888,215182.69816,51890.607216805285,154881.94703336374,102991.33981655847,9463.698590488339,47.86227735650885
36,7.0,0.09521468879222257,343709.67272,98164.09605946683,255326.66542688984,157162.569367423,14964.185132105275,45.725384486183515
36,8.0,0.09422576837643912,515070.72144,162829.24599493694,386911.0419884315,224081.79599349454,21114.279406659498,43.50505409568258
36,9.0,0.08950634987797625,734376.1129599999,266877.6060734784,565998.0454698325,299120.4393963541,26773.178704264057,40.73123214625128
36,10.0,0.0818890016686457,987662.0758400001,422832.26180335024,795611.7715852204,372779.5097818701,30526.541898564486,37.743629010441005
36,11.0,0.07232824264001149,1160000.0,707747.2275885601,1052928.198154348,345180.97056578787,24966.33299379697,29.756980221188613
36,12.0,0.061778251257397644,1160000.0,1062840.0428509987,1160000.0,97159.9571490013,6002.372244908991,8.375858374913905
36,13.0,0.051091569978687475,1160000.0,1160000.0,1160000.0,0.0,0.0,0.0
36,14.0,0.04095002126798464,1160000.0,1160000.0,1160000.0,0.0,0.0,0.0
36,15.0,0.031831613915075406,1160000.0,1160000.0,1160000.0,0.0,0.0,0.0
36,16.0,0.02401044192471212,1160000.0,1160000.0,1160000.0,0.0,0.0,0.0
36,17.0,0.017581776862539283,1160000.0,1160000.0,1160000.0,0.0,0.0,0.0
36,18.0,0.01250230708755499,1160000.0,1160000.0,1160000.0,0.0,0.0,0.0
36,19.0,0.00863564442078629,1160000.0,1160000.0,1160000.0,0.0,0.0,0.0
36,20.0,0.005795147123443745,1160000.0,1160000.0,1160000.0,0.0,0.0,0.0
36,21.0,0.0037789214964002275,1160000.0,1160000.0,1160000.0,0.0,0.0,0.0
36,22.0,0.0023947382118355725,1160000.0,1160000.0,1160000.0,0.0,0.0,0.0
36,23.0,0.001474944170361984,1160000.0,1160000.0,1160000.0,0.0,0.0,0.0
36,24.0,0.0008829801217771218,1160000.0,1160000.0,1160000.0,0.0,0.0,0.0
36,25.0,0.0005138143357219728,1160000.0,1160000.0,1160000.0,0.0,0.0,0.0
37,3.0,0.08756498394495044,4058.57784,686.8907282604382,1926.0667436890371,1239.176015428599,108.50842789597291,30.532271753314433
37,4.0,0.11693981382160562,47202.9084,15090.747913378727,37977.65194329292,22886.904029914193,2676.390296211121,48.48621579833456
37,5.0,0.13602192100460092,115129.38204000001,46722.00636488158,97420.7253479426,50698.71898306102,6896.137148548388,44.036299061734304
37,6.0,0.14182215078562058,211472.65164,99546.92222753611,183308.3144706154,83761.3922430793,11879.220800711502,39.6086168086029
37,7.0,0.13438092654230796,337783.64388,170363.13951999933,295913.93156522384,125550.79204522452,16871.631763157897,37.168996877133374
37,8.0,0.11652644461819363,506190.19175999996,264745.21686093346,444672.7373244363,179927.52046350285,20966.314248579267,35.54543793863393
37,9.0,0.09279799678442159,721714.45584,402088.5834922187,641096.7871686576,239008.20367643895,22179.48251621656,33.1167266697268
37,10.0,0.06797954573808375,970633.41936,591664.9787121923,879119.7177704744,287454.7390582821,19541.04258144142,29.615170189361418
37,11.0,0.045829777119566234,1140000.0,867912.4323064103,1103184.8082142815,235272.37590787117,10782.48055024854,20.63792771121677
37,12.0,0.02842800365334498,1140000.0,1097281.5755564282,1139903.5165968293,42621.941040401114,1211.6566956091772,3.7387667579299224
37,13.0,0.01621359328407254,1140000.0,1140000.0,1140000.0,0.0,0.0,0.0
37,14.0,0.008494259415570627,1140000.0,1140000.0,1140000.0,0.0,0.0,0.0
37,15.0,0.004083017981848162,1140000.0,1140000.0,1140000.0,0.0,0.0,0.0
37,16.0,0.0017984083256575448,1140000.0,1140000.0,1140000.0,0.0,0.0,0.0
37,17.0,0.000724857824079161,1140000.0,1140000.0,1140000.0,0.0,0.0,0.0
37,18.0,0.00026696771462608233,1140000.0,1140000.0,1140000.0,0.0,0.0,0.0
37,19.0,8.971737747994199e-05,1140000.0,1140000.0,1140000.0,0.0,0.0,0.0
37,20.0,2.747070896567336e-05,1140000.0,1140000.0,1140000.0,0.0,0.0,0.0
37,21.0,7.652436682645143e-06,1140000.0,1140000.0,1140000.0,0.0,0.0,0.0
37,22.0,1.9365471948792425e-06,1140000.0,1140000.0,1140000.0,0.0,0.0,0.0
37,23.0,4.445492203668127e-07,1140000.0,1140000.0,1140000.0,0.0,0.0,0.0
37,24.0,9.24367633260173e-08,1140000.0,1140000.0,1140000.0,0.0,0.0,0.0
37,25.0,1.7385143500201823e-08,1140000.0,1140000.0,1140000.0,0.0,0.0,0.0
38,3.0,0.06453306825841204,4094.1794,835.5872627336371,1781.935091853547,946.3478291199099,61.0707290527952,23.114469022044073
38,4.0,0.0873222652285278,47616.969000000005,14353.794930912198,35481.51885034127,21127.723919429074,1844.9207117674966,44.370157032525675
38,5.0,0.10492191731452365,116139.2889,44646.8234305958,92655.53748425646,48008.71405366066,5037.166326314793,41.337186156700035
38,6.0,0.11525431649574101,213327.67489999998,93294.42795273665,175975.53727941858,82681.10932668194,9529.354742556365,38.757798005082904
38,7.0,0.11745455913347382,340746.6583,159289.04192549508,285401.1683677898,126112.12644229474,14812.444212664635,37.01052479031597
38,8.0,0.11194904279050841,510630.4566,248805.97872816576,429677.44470427255,180871.4659761068,20248.387484141163,35.42120600882834
38,9.0,0.1002648434169776,728045.2844,380102.7391251823,622039.6482448379,241936.90911965555,24257.7663096698,33.23102481448551
38,10.0,0.08461773599750666,979147.7476000001,563655.1353331301,859291.9735357515,295636.8382026213,25016.119926167,30.19328175214211
38,11.0,0.06740058027938069,1150000.0,835206.3669031569,1094419.2571068525,259212.89020369563,17471.09921562448,22.540251322060488
38,12.0,0.05071585154697842,1150000.0,1080278.6279849596,1149911.495039698,69632.86705473834,3531.490148338594,6.055031917803333
38,13.0,0.03606471030016169,1150000.0,1149952.4813061475,1150000.0,47.51869385247119,1.7137479276314476,0.004132060334997495
38,14.0,0.024239333656243027,1150000.0,1150000.0,1150000.0,0.0,0.0,0.0
38,15.0,0.01539582129354833,1150000.0,1150000.0,1150000.0,0.0,0.0,0.0
38,16.0,0.009238595228063124,1150000.0,1150000.0,1150000.0,0.0,0.0,0.0
38,17.0,0.005235510500911024,1150000.0,1150000.0,1150000.0,0.0,0.0,0.0
38,18.0,0.0028006393541361446,1150000.0,1150000.0,1150000.0,0.0,0.0,0.0
38,19.0,0.0014134195865134224,1150000.0,1150000.0,1150000.0,0.0,0.0,0.0
38,20.0,0.0006725958831243944,1150000.0,1150000.0,1150000.0,0.0,0.0,0.0
38,21.0,0.00030161140072962556,1150000.0,1150000.0,1150000.0,0.0,0.0,0.0
38,22.0,0.00012737514129732038,1150000.0,1150000.0,1150000.0,0.0,0.0,0.0
38,23.0,5.0628190714403204e-05,1150000.0,1150000.0,1150000.0,0.0,0.0,0.0
38,24.0,1.892757621042931e-05,1150000.0,1150000.0,1150000.0,0.0,0.0,0.0
38,25.0,6.651426316953518e-06,1150000.0,1150000.0,1150000.0,0.0,0.0,0.0
39,3.0,0.0825351011549082,4058.57784,598.169642402162,1546.8685926113517,948.6989502091897,78.30096382107068,23.375157200611675
39,4.0,0.09013945193211996,47202.9084,12655.046954002777,37579.4205350923,24924.373581089523,2246.66937435082,52.802622605113726
39,5.0,0.09297392121373868,115129.38204000001,46997.56031832832,96563.33342369732,49565.773105369,4608.324283596625,43.05223586464496
39,6.0,0.09205867158181794,211472.65164,102402.41458245227,181850.53796995198,79448.12338749971,7313.888698721585,37.568982452987846
39,7.0,0.08829386485175471,337783.64388,175653.4647534249,293598.3083660513,117944.8436126264,10413.80608189458,34.917274933101005
39,8.0,0.08248453892703846,506190.19175999996,272555.8903284834,440979.8641078196,168423.9737793362,13892.373821448162,33.27286393948761
39,9.0,0.07533672556361204,721714.45584,412987.6162755456,636374.6231163716,223387.00684082595,16829.24562884403,30.95226997785806
39,10.0,0.06744972731856315,970633.41936,608109.2142449776,874200.0161228944,266090.8018779168,17947.7520286433,27.414139732935144
39,11.0,0.05931228979025946,1140000.0,893862.6340258335,1104693.9240260124,210831.29000017897,12504.886569344846,18.493972807033245
39,12.0,0.051304519062489985,1140000.0,1129308.6574879994,1139874.0989157944,10565.441427794984,542.0548911359291,0.9267931077013144
39,13.0,0.04370509526955206,1140000.0,1140000.0,1140000.0,0.0,0.0,0.0
39,14.0,0.03670245144182296,1140000.0,1140000.0,1140000.0,0.0,0.0,0.0
39,15.0,0.030408361184162465,1140000.0,1140000.0,1140000.0,0.0,0.0,0.0
39,16.0,0.02487248095433183,1140000.0,1140000.0,1140000.0,0.0,0.0,0.0
39,17.0,0.02009665275393981,1140000.0,1140000.0,1140000.0,0.0,0.0,0.0
39,18.0,0.01604809152142451,1140000.0,1140000.0,1140000.0,0.0,0.0,0.0
39,19.0,0.012670897861725506,1140000.0,1140000.0,1140000.0,0.0,0.0,0.0
39,20.0,0.009895615576335646,1140000.0,1140000.0,1140000.0,0.0,0.0,0.0
39,21.0,0.0076467770659366776,1140000.0,1140000.0,1140000.0,0.0,0.0,0.0
39,22.0,0.005848542824945734,1140000.0,1140000.0,1140000.0,0.0,0.0,0.0
39,23.0,0.00442864702608297,1140000.0,1140000.0,1140000.0,0.0,0.0,0.0
39,24.0,0.003320917677349069,1140000.0,1140000.0,1140000.0,0.0,0.0,0.0
39,25.0,0.0024666574460882242,1140000.0,1140000.0,1140000.0,0.0,0.0,0.0
40,3.0,0.04218218635162186,4058.57784,708.1642884909501,2086.5626184057705,1378.3983299148204,58.1438552192313,33.962594392789086
40,4.0,0.056677775769863464,47202.9084,16930.83760492461,42109.00315967784,25178.165554753232,1427.0424216088036,53.340284334584
40,5.0,0.0691686398395297,115129.38204000001,52343.768514938565,105229.05930555711,52885.29079061854,3658.0036315050907,45.935529100854836
40,6.0,0.07882611967230935,211472.65164,110965.73975276023,195629.2352927498,84663.49553998957,6673.694831311246,40.03519834995794
40,7.0,0.08511465178244082,337783.64388,188435.45135744655,314090.78879785456,125655.33744040801,10695.110290845427,37.199947278989015
40,8.0,0.08781894420772825,506190.19175999996,291116.10365913453,471031.0601375299,179914.95647839538,15799.941525112059,35.54295587056702
40,9.0,0.08704096950538179,721714.45584,437727.0659945069,675778.2751098281,238051.20911532122,20720.208033325936,32.98412650447116
40,10.0,0.08316236559457182,970633.41936,636317.6452734484,918699.4175824613,282381.7723090128,23483.53618600526,29.092525218759206
40,11.0,0.07677732761532909,1140000.0,912646.5953002698,1127958.5976073358,215312.002307066,16531.080140642098,18.88701774623386
40,12.0,0.06860697349798844,1140000.0,1126624.138397008,1140000.0,13375.861602992052,917.677382509237,1.1733211932449168
40,13.0,0.05940886557029524,1140000.0,1140000.0,1140000.0,0.0,0.0,0.0
40,14.0,0.049894975747110125,1140000.0,1140000.0,1140000.0,0.0,0.0,0.0
40,15.0,0.04066842570461496,1140000.0,1140000.0,1140000.0,0.0,0.0,0.0
40,16.0,0.03218479365395293,1140000.0,1140000.0,1140000.0,0.0,0.0,0.0
40,17.0,0.02473884204356398,1140000.0,1140000.0,1140000.0,0.0,0.0,0.0
40,18.0,0.018473276504554385,1140000.0,1140000.0,1140000.0,0.0,0.0,0.0
40,19.0,0.013403342027743249,1140000.0,1140000.0,1140000.0,0.0,0.0,0.0
40,20.0,0.009449978288415395,1140000.0,1140000.0,1140000.0,0.0,0.0,0.0
40,21.0,0.00647472983300091,1140000.0,1140000.0,1140000.0,0.0,0.0,0.0
40,22.0,0.004311168133817666,1140000.0,1140000.0,1140000.0,0.0,0.0,0.0
40,23.0,0.002789638749543683,1140000.0,1140000.0,1140000.0,0.0,0.0,0.0
40,24.0,0.0017541560778120224,1140000.0,1140000.0,1140000.0,0.0,0.0,0.0
40,25.0,0.0010718538288108294,1140000.0,1140000.0,1140000.0,0.0,0.0,0.0
41,3.0,0.06370555261387137,3631.35912,385.2246824144709,1734.5889788585364,1349.3642964440655,85.96199818239694,37.158657457268106
41,4.0,0.08523865205706409,42234.1812,5705.984504202713,34485.85351491549,28779.86901071278,2453.157240852028,68.14354675049977
41,5.0,0.10176018727320627,103010.49972,15173.359705703602,87922.68724443318,72749.32753872959,7402.985194340945,70.62321582409035
41,6.0,0.11153186878047167,189212.37252,34995.834882853356,165132.72938623963,130136.89450338628,14514.411041249763,68.77821612306597
41,7.0,0.11387136321113195,302227.47084,70255.05970788053,266305.8617717562,196050.80206387566,22324.572089649322,64.868624125722
41,8.0,0.10918623727331853,452907.01368,118610.36359613542,399957.4098400481,281347.0462439127,30719.225347335174,62.12026701858443
41,9.0,0.0988022104694577,645744.51312,200020.73060847397,576446.2495442415,376425.51893576747,37191.673347966534,58.29325860114828
41,10.0,0.08462629042271667,868461.48048,326760.6683841923,789800.3284744306,463039.6600902383,39185.32875203252,53.31723634240123
41,11.0,0.06873644703231854,1020000.0,567397.0302158564,989430.4956167685,422033.4654009121,29009.080940395634,41.37582994126589
41,12.0,0.053003368997975524,1020000.0,885187.2843461882,1019622.0439459708,134434.75959978264,7125.495169221412,13.179878392135553
41,13.0,0.038827590882973266,1020000.0,1020000.0,1020000.0,0.0,0.0,0.0
41,14.0,0.027029893627098116,1020000.0,1020000.0,1020000.0,0.0,0.0,0.0
41,15.0,0.01788398960091021,1020000.0,1020000.0,1020000.0,0.0,0.0,0.0
41,16.0,0.011245561497584187,1020000.0,1020000.0,1020000.0,0.0,0.0,0.0
41,17.0,0.006719324584727825,1020000.0,1020000.0,1020000.0,0.0,0.0,0.0
41,18.0,0.0038141085909082773,1020000.0,1020000.0,1020000.0,0.0,0.0,0.0
41,19.0,0.0020561389950029953,1020000.0,1020000.0,1020000.0,0.0,0.0,0.0
41,20.0,0.0010523342696823024,1020000.0,1020000.0,1020000.0,0.0,0.0,0.0
41,21.0,0.0005111314530721712,1020000.0,1020000.0,1020000.0,0.0,0.0,0.0
41,22.0,0.0002355129465923983,1020000.0,1020000.0,1020000.0,0.0,0.0,0.0
41,23.0,0.00010290076312769173,1020000.0,1020000.0,1020000.0,0.0,0.0,0.0
41,24.0,4.261448825873806e-05,1020000.0,1020000.0,1020000.0,0.0,0.0,0.0
41,25.0,1.672016852977591e-05,1020000.0,1020000.0,1020000.0,0.0,0.0,0.0
42,3.0,0.05211769961798439,3951.7731599999997,177.8411349118652,2567.854521819968,2390.013386908103,124.56199978183801,60.47951869049343
42,4.0,0.06101535462663572,45960.7266,2385.3532352026245,41544.09348938699,39158.74025418437,2389.284423341375,85.20043774543889
42,5.0,0.06722742158933667,112099.66146,6344.787166191863,103515.6593767713,97170.87221057944,6532.547192304183,86.6825741889082
42,6.0,0.07101236794755181,205907.58186,13639.806584493574,192170.6641272966,178530.85754280302,12677.898945821482,86.70436315656852
42,7.0,0.07263614978662973,328894.60062,26096.90271898055,308351.8847067883,282254.9819878077,20501.915149688877,85.81928114834606
42,8.0,0.07238481014139113,492869.39723999996,52754.63339537459,462384.9305021813,409630.2971068067,29651.011284237844,83.1113271387267
42,9.0,0.07055988556508977,702721.97016,109584.77148976059,662893.3421788584,553308.5706890977,39041.38943000612,78.73790690834913
42,10.0,0.06746802179934412,945090.4346400001,213868.2150547506,900094.8574535107,686226.6423987602,46298.354068650275,72.60962731679268
42,11.0,0.06340940539587074,1110000.0,458441.56677807285,1099598.7188509903,641157.1520729174,40655.393778253565,57.761905592154726
42,12.0,0.05866717401889184,1110000.0,841579.5007239169,1110000.0,268420.4992760831,15747.472141267797,24.182026961809285
42,13.0,0.05349885522238657,1110000.0,1105391.4873406969,1110000.0,4608.5126593031455,246.5501515505947,0.41518132065794106
42,14.0,0.04813027079111648,1110000.0,1110000.0,1110000.0,0.0,0.0,0.0
42,15.0,0.04275196380746231,1110000.0,1110000.0,1110000.0,0.0,0.0,0.0
42,16.0,0.03751796080460103,1110000.0,1110000.0,1110000.0,0.0,0.0,0.0
42,17.0,0.03254653009996849,1110000.0,1110000.0,1110000.0,0.0,0.0,0.0
42,18.0,0.027922517238306237,1110000.0,1110000.0,1110000.0,0.0,0.0,0.0
42,19.0,0.02370081347362198,1110000.0,1110000.0,1110000.0,0.0,0.0,0.0
42,20.0,0.019910529744085588,1110000.0,1110000.0,1110000.0,0.0,0.0,0.0
42,21.0,0.016559494216870283,1110000.0,1110000.0,1110000.0,0.0,0.0,0.0
42,22.0,0.01363875501351657,1110000.0,1110000.0,1110000.0,0.0,0.0,0.0
42,23.0,0.011126841545221927,1110000.0,1110000.0,1110000.0,0.0,0.0,0.0
42,24.0,0.008993610218955093,1110000.0,1110000.0,1110000.0,0.0,0.0,0.0
42,25.0,0.007203567335161577,1110000.0,1110000.0,1110000.0,0.0,0.0,0.0
43,3.0,0.04205397634862611,3951.7731599999997,550.7892109005165,1440.8388729691933,890.0496620686768,37.43012743773879,22.52279232719615
43,4.0,0.058623198555151926,45960.7266,16129.737928610373,32487.837360597394,16358.09943198702,958.964110986293,35.591472637830364
43,5.0,0.0733972444316791,112099.66146,47140.52524353504,86099.37807809786,38958.852834562815,2859.472444276221,34.753764933058534
43,6.0,0.0850549921756689,205907.58186,100188.24829122322,164591.66422931975,64403.41593809653,5477.83203870115,31.277826370611976
43,7.0,0.09265142223358319,328894.60062,170740.0702065529,267621.1196024221,96881.04939586922,8976.16701400931,29.456564265037656
43,8.0,0.09571104777995133,492869.39723999996,264106.72277221887,403082.1609819749,138975.43820975604,13301.484806733635,28.19721390453519
43,9.0,0.09426460520327161,702721.97016,400311.5856863138,585136.0981257855,184824.51243947167,17422.40969699396,26.301228691823837
43,10.0,0.08881242977399546,945090.4346400001,586947.5171371625,812110.6208423293,225163.10370516684,19997.282335509986,23.82450350277167
43,11.0,0.08021925957361704,1110000.0,858114.6011084405,1051139.534730229,193024.9336217885,15484.317254386453,17.38963365962059
43,12.0,0.06956200239984718,1110000.0,1070621.3729163967,1110000.0,39378.62708360329,2739.256151692299,3.547624061585882
43,13.0,0.05796179825987255,1110000.0,1110000.0,1110000.0,0.0,0.0,0.0
43,14.0,0.04643274934447138,1110000.0,1110000.0,1110000.0,0.0,0.0,0.0
43,15.0,0.03577253729013252,1110000.0,1110000.0,1110000.0,0.0,0.0,0.0
43,16.0,0.02650767306325094,1110000.0,1110000.0,1110000.0,0.0,0.0,0.0
43,17.0,0.018892440947244217,1110000.0,1110000.0,1110000.0,0.0,0.0,0.0
43,18.0,0.012949594294135076,1110000.0,1110000.0,1110000.0,0.0,0.0,0.0
43,19.0,0.008534974845289764,1110000.0,1110000.0,1110000.0,0.0,0.0,0.0
43,20.0,0.0054079127506366405,1110000.0,1110000.0,1110000.0,0.0,0.0,0.0
43,21.0,0.003293247994950452,1110000.0,1110000.0,1110000.0,0.0,0.0,0.0
43,22.0,0.0019269008792345377,1110000.0,1110000.0,1110000.0,0.0,0.0,0.0
43,23.0,0.001082922634699455,1110000.0,1110000.0,1110000.0,0.0,0.0,0.0
43,24.0,0.000584378328644188,1110000.0,1110000.0,1110000.0,0.0,0.0,0.0
43,25.0,0.0003026908920463076,1110000.0,1110000.0,1110000.0,0.0,0.0,0.0
44,3.0,0.08321409573437029,3844.96848,232.890115551916,2018.9389366766995,1786.0488211247834,148.62443758733693,46.451585504929376
44,4.0,0.10259381029793786,44718.5448,9725.899495227728,35954.189762552276,26228.290267324548,2690.8602361251446,58.65193150767407
44,5.0,0.11422061568579925,109069.94088000001,31794.098381317282,91929.87203992516,60135.77365860788,6868.745092028061,55.135056619100894
44,6.0,0.11775122453064363,200342.51208,75430.5573316167,172730.13004798946,97299.57271637276,11457.143833661296,48.56661309982949
44,7.0,0.11389882765051995,320005.55736,133264.73193574062,278842.66378352017,145577.93184777955,16581.15576924938,45.49231364879305
44,8.0,0.10417714300741258,479548.60271999997,209948.31799179933,419029.18312117044,209080.86512937112,21781.447186696038,43.59951503214988
44,9.0,0.09054260937515565,683729.48448,326867.1135324893,604472.0413995198,277604.9278670305,25135.074544482803,40.60157330763038
44,10.0,0.0750204466944917,919547.44992,494007.357594532,829687.3448504551,335679.98725592304,25182.86259034063,36.504911985251766
44,11.0,0.05939316575014888,1080000.0,766286.8148200489,1041751.3121494354,275464.49732938653,16360.708548165698,25.505971974943197
44,12.0,0.045001513808436235,1080000.0,1034299.3612309236,1078022.2819294813,43722.92069855775,1967.5976195613089,4.048418583199791
44,13.0,0.032671311353377995,1080000.0,1080000.0,1080000.0,0.0,0.0,0.0
44,14.0,0.02274775565024947,1080000.0,1080000.0,1080000.0,0.0,0.0,0.0
44,15.0,0.015199629188909323,1080000.0,1080000.0,1080000.0,0.0,0.0,0.0
44,16.0,0.00975149249997796,1080000.0,1080000.0,1080000.0,0.0,0.0,0.0
44,17.0,0.006009284514508354,1080000.0,1080000.0,1080000.0,0.0,0.0,0.0
44,18.0,0.0035581068501635226,1080000.0,1080000.0,1080000.0,0.0,0.0,0.0
44,19.0,0.00202470007639405,1080000.0,1080000.0,1080000.0,0.0,0.0,0.0
44,20.0,0.0011074533224950402,1080000.0,1080000.0,1080000.0,0.0,0.0,0.0
44,21.0,0.0005823340913273289,1080000.0,1080000.0,1080000.0,0.0,0.0,0.0
44,22.0,0.00029440512049012734,1080000.0,1080000.0,1080000.0,0.0,0.0,0.0
44,23.0,0.000143112420564648,1080000.0,1080000.0,1080000.0,0.0,0.0,0.0
44,24.0,6.689459067534587e-05,1080000.0,1080000.0,1080000.0,0.0,0.0,0.0
44,25.0,3.006778595067368e-05,1080000.0,1080000.0,1080000.0,0.0,0.0,0.0
45,3.0,0.03182982904711075,3773.76536,605.692804752375,1282.764214621986,677.071409869611,21.551067228835972,17.94153439019354
45,4.0,0.045966952132001554,43890.4236,13060.965916231396,22731.540436075345,9670.574519843949,444.52683604262074,22.033449957051563
45,5.0,0.05954847410284774,107050.12716,38392.22050925841,64989.05212267836,26596.83161341995,1583.8007385495398,24.84521253642941
45,6.0,0.07144574568286234,196632.46555999998,81181.13774077989,129286.66605683116,48105.52831605128,3436.9353420083326,24.46469263305477
45,7.0,0.08070504844095289,314079.52852,139155.1607153453,213778.28088283198,74623.12016748669,6022.462527932062,23.759307242698828
45,8.0,0.08663696368353294,470668.07304,218071.35468663252,325368.80739090417,107297.45270427165,9295.925513275575,22.79684109679411
45,9.0,0.08888754012868982,671067.82736,335191.3550553087,479340.69091914274,144149.335863834,12813.079876120533,21.480591079879602
45,10.0,0.08746974186306182,902518.79344,499485.48995177017,679264.4439655269,179778.9540137567,15725.21869999456,19.91969090510784
45,11.0,0.08274522219659994,1060000.0,749771.3974664286,916938.0961824758,167166.69871604722,13832.245629131405,15.770443275098794
45,12.0,0.07535806118756452,1060000.0,985441.6751835142,1049030.019806284,63588.34462276974,4791.8943648986215,5.998900436110353
45,13.0,0.06613257337527986,1060000.0,1059497.917746406,1060000.0,502.08225359395146,33.20399147622787,0.04736625033905203
45,14.0,0.055954493094612236,1060000.0,1060000.0,1060000.0,0.0,0.0,0.0
45,15.0,0.04565717100587709,1060000.0,1060000.0,1060000.0,0.0,0.0,0.0
45,16.0,0.03593155839830049,1060000.0,1060000.0,1060000.0,0.0,0.0,0.0
45,17.0,0.027271854307756933,1060000.0,1060000.0,1060000.0,0.0,0.0,0.0
45,18.0,0.019959927803472628,1060000.0,1060000.0,1060000.0,0.0,0.0,0.0
45,19.0,0.014083475964004128,1060000.0,1060000.0,1060000.0,0.0,0.0,0.0
45,20.0,0.009577302936468364,1060000.0,1060000.0,1060000.0,0.0,0.0,0.0
45,21.0,0.006275032894375948,1060000.0,1060000.0,1060000.0,0.0,0.0,0.0
45,22.0,0.003959777345088361,1060000.0,1060000.0,1060000.0,0.0,0.0,0.0
45,23.0,0.002405687283179938,1060000.0,1060000.0,1060000.0,0.0,0.0,0.0
45,24.0,0.0014065159825228908,1060000.0,1060000.0,1060000.0,0.0,0.0,0.0
45,25.0,0.0007910511438368427,1060000.0,1060000.0,1060000.0,0.0,0.0,0.0
46,3.0,0.025391178142003867,3738.1638,794.1573545971712,2241.0087239644645,1446.8513693672933,36.73726086460718,38.704868132511834
46,4.0,0.038894051257417205,43476.363000000005,21218.729006425117,37637.08320692788,16418.35420050276,638.5763098367854,37.76386309154415
46,5.0,0.05287936410541499,106040.2203,56376.74465608556,94614.1219172376,38237.37726115204,2021.9681946285743,36.05931518528922
46,6.0,0.06612004977805687,194777.4423,108931.05430530262,176554.93831862608,67623.88401332346,4471.294577146491,34.71853989599465
46,7.0,0.07742309966044349,311116.5141,181278.87084191552,283970.9670651725,102692.09622325699,7950.740400233078,33.007600551300015
46,8.0,0.08575694301566121,466227.80819999997,277907.9644317907,426493.8894065785,148585.9249747878,12742.27470099219,31.86981178759895
46,9.0,0.09038370400797185,664736.9988,414587.9676071221,612601.5416773828,198013.57407026069,17897.20026832705,29.788258277742898
46,10.0,0.09096257227187027,894004.4652000001,594884.6125307098,834259.232792964,239374.62026225415,21774.131195656795,26.775550859100356
46,11.0,0.0875970685582786,1050000.0,831505.0938802666,1023290.1928976667,191785.09901740006,16799.812467083444,18.26524752546667
46,12.0,0.08081131665294627,1050000.0,986983.0919704551,1048788.0311671668,61804.93919671164,4994.538512141556,5.886184685401108
46,13.0,0.0714571352091935,1050000.0,1049922.299097836,1050000.0,77.70090216398239,5.552283871808005,0.007400085920379276
46,14.0,0.060570648683058906,1050000.0,1050000.0,1050000.0,0.0,0.0,0.0
46,15.0,0.049209185791729525,1050000.0,1050000.0,1050000.0,0.0,0.0,0.0
46,16.0,0.03830273003007445,1050000.0,1050000.0,1050000.0,0.0,0.0,0.0
46,17.0,0.028548174459024116,1050000.0,1050000.0,1050000.0,0.0,0.0,0.0
46,18.0,0.020361433053208526,1050000.0,1050000.0,1050000.0,0.0,0.0,0.0
46,19.0,0.013886717215774618,1050000.0,1050000.0,1050000.0,0.0,0.0,0.0
46,20.0,0.009049087314042319,1050000.0,1050000.0,1050000.0,0.0,0.0,0.0
46,21.0,0.0056293244878808475,1050000.0,1050000.0,1050000.0,0.0,0.0,0.0
46,22.0,0.003340191425433221,1050000.0,1050000.0,1050000.0,0.0,0.0,0.0
46,23.0,0.0018886698713906323,1050000.0,1050000.0,1050000.0,0.0,0.0,0.0
46,24.0,0.0010167360922259572,1050000.0,1050000.0,1050000.0,0.0,0.0,0.0
46,25.0,0.0005206189168988534,1050000.0,1050000.0,1050000.0,0.0,0.0,0.0
47,3.0,0.06640048095173785,3702.5622399999997,320.41404,2183.0615831440546,1862.6475431440545,123.6806927083381,50.306988037128974
47,4.0,0.09253859931873058,43062.3024,4343.3199633716295,38353.43300012636,34010.11303675473,3147.2482230929813,78.97885422112202
47,5.0,0.11307832731336556,105030.31344,13387.239105798615,95763.24803548168,82376.00892968307,9314.941300519427,78.43069893982701
47,6.0,0.1248966881065753,192922.41904,40131.97683959423,178128.87659324415,137996.89975364992,17235.35574820595,71.52973741482997
47,7.0,0.12654736744332903,308153.49968,78233.75609735295,286035.61432694446,207801.8582295915,26296.778108786686,67.43452806649348
47,8.0,0.11852859487765076,461787.54336,131466.81999318354,429109.3496817489,297642.52968856535,35279.1508198151,64.45443017429541
47,9.0,0.10304232253017959,658406.17024,219677.14405433688,615607.2294178682,395930.0853635313,40797.55555543053,60.13462559429056
47,10.0,0.0833102636345571,885490.13696,355291.86938360403,836575.8268327666,481283.9574491626,40095.893378172696,54.35226631676232
47,11.0,0.06269185557625205,1040000.0,614199.1686838691,1024417.3080685884,410218.1393847193,25717.336349065656,39.44405186391532
47,12.0,0.04390998804973219,1040000.0,945592.7738372348,1039434.055540594,93841.28170335921,4120.569558166055,9.023200163784539
47,13.0,0.02861228244236539,1040000.0,1040000.0,1040000.0,0.0,0.0,0.0
47,14.0,0.01733148886278331,1040000.0,1040000.0,1040000.0,0.0,0.0,0.0
47,15.0,0.0097493711441793,1040000.0,1040000.0,1040000.0,0.0,0.0,0.0
47,16.0,0.005087147530583742,1040000.0,1040000.0,1040000.0,0.0,0.0,0.0
47,17.0,0.002459154199876667,1040000.0,1040000.0,1040000.0,0.0,0.0,0.0
47,18.0,0.0010998637511701616,1040000.0,1040000.0,1040000.0,0.0,0.0,0.0
47,19.0,0.00045450953488266666,1040000.0,1040000.0,1040000.0,0.0,0.0,0.0
47,20.0,0.00017329888671037953,1040000.0,1040000.0,1040000.0,0.0,0.0,0.0
47,21.0,6.0881929929220354e-05,1040000.0,1040000.0,1040000.0,0.0,0.0,0.0
47,22.0,1.967928616748569e-05,1040000.0,1040000.0,1040000.0,0.0,0.0,0.0
47,23.0,5.844494156296638e-06,1040000.0,1040000.0,1040000.0,0.0,0.0,0.0
47,24.0,1.5925440605634672e-06,1040000.0,1040000.0,1040000.0,0.0,0.0,0.0
47,25.0,3.97591024976881e-07,1040000.0,1040000.0,1040000.0,0.0,0.0,0.0
48,3.0,0.041656363820594094,3631.35912,249.21092,1895.2901989015454,1646.0792789015454,68.56967731946395,45.32956462046489
48,4.0,0.05643100395394231,42234.1812,2935.2008973770353,36860.72560987046,33925.524712493425,1914.451419190284,80.32717516610319
48,5.0,0.06929039061387031,103010.49972,9228.327800526304,92566.85343455907,83338.52563403278,5774.558994366174,80.90294276851488
48,6.0,0.07932652711111748,189212.37252,31716.76195293969,172499.47934248633,140782.71738954663,11167.804047778662,74.4046044740894
48,7.0,0.08593292009549497,302227.47084,65598.30927531967,277234.3666142859,211636.05733896623,18186.504404634976,70.02542050553932
48,8.0,0.08884127810064336,452907.01368,113275.56466182247,415818.3707925417,302542.80613071925,26878.28957680826,66.80020335133956
48,9.0,0.08812527880729462,645744.51312,194519.01618287247,597287.3833760376,402768.3671931651,35494.07465365649,62.37271227395127
48,10.0,0.08416512784738171,868461.48048,322471.03763420624,813487.0340020787,491015.99636787246,41326.4241094115,56.53860388793377
48,11.0,0.0775775827785772,1020000.0,577470.507042514,1007639.1700701736,430168.6630276595,33371.445064778134,42.173398336045054
48,12.0,0.06912332858877955,1020000.0,917455.8847635124,1020000.0,102544.11523648759,7088.1905723374075,10.053344631028196
48,13.0,0.05960721992464735,1020000.0,1020000.0,1020000.0,0.0,0.0,0.0
48,14.0,0.04978686663508672,1020000.0,1020000.0,1020000.0,0.0,0.0,0.0
48,15.0,0.040301837993611755,1020000.0,1020000.0,1020000.0,0.0,0.0,0.0
48,16.0,0.03163051809908798,1020000.0,1020000.0,1020000.0,0.0,0.0,0.0
48,17.0,0.024075802936311955,1020000.0,1020000.0,1020000.0,0.0,0.0,0.0
48,18.0,0.017775755543231433,1020000.0,1020000.0,1020000.0,0.0,0.0,0.0
48,19.0,0.012731984238865153,1020000.0,1020000.0,1020000.0,0.0,0.0,0.0
48,20.0,0.008847248215165394,1020000.0,1020000.0,1020000.0,0.0,0.0,0.0
48,21.0,0.00596442654543208,1020000.0,1020000.0,1020000.0,0.0,0.0,0.0
48,22.0,0.0039009182090610672,1020000.0,1020000.0,1020000.0,0.0,0.0,0.0
48,23.0,0.00247502831216963,1020000.0,1020000.0,1020000.0,0.0,0.0,0.0
48,24.0,0.0015232698345422088,1020000.0,1020000.0,1020000.0,0.0,0.0,0.0
48,25.0,0.0009093217950917231,1020000.0,1020000.0,1020000.0,0.0,0.0,0.0
49,3.0,0.046543262909595894,3595.75756,249.21092,708.9878697516267,459.7769497516267,21.399519452062023,12.786650436789367
49,4.0,0.06272111576239246,41820.1206,2898.4242000000004,15771.343731415089,12872.91953141509,807.4038761298488,30.78164134087908
49,5.0,0.07641557456873152,102000.59286,7069.34802,53245.881291245125,46176.53327124513,3528.606321514344,45.27084792009426
49,6.0,0.08657766401881657,187357.34926,14588.92331867772,109885.19052291634,95296.26720423863,8250.52820425594,50.8633728971015
49,7.0,0.09256712525895786,299264.45642,26060.529408754526,183441.92811181545,157381.39870306093,14568.343647176229,52.589405566488466
49,8.0,0.09419270329693391,448466.74883999996,48059.67973458871,280766.4721626137,232706.792428025,21919.281854354143,51.88941945639053
49,9.0,0.09169986674609015,639413.68456,98538.59597736472,417923.4071185131,319384.8111411483,29287.54462236847,49.949636495647844
49,10.0,0.08570241771471755,859947.1522400001,190209.245501252,601786.5276650848,411577.2821638328,35273.16815789297,47.86076459370226
49,11.0,0.07706991268402388,1010000.0,405732.4961723007,847468.1166917252,441735.6205194245,34044.52570285516,43.73620005142817
49,12.0,0.06679220369881693,1010000.0,749007.2362201391,1005093.1884850124,256085.9522648733,17104.545088080926,25.355044778700325
49,13.0,0.05584554169714729,1010000.0,1002145.8596151995,1010000.0,7854.140384800499,438.61872435462476,0.7776376618614356
49,14.0,0.04508183584280201,1010000.0,1010000.0,1010000.0,0.0,0.0,0.0
49,15.0,0.03515534620535692,1010000.0,1010000.0,1010000.0,0.0,0.0,0.0
49,16.0,0.026491724192923838,1010000.0,1010000.0,1010000.0,0.0,0.0,0.0
49,17.0,0.01929549492165413,1010000.0,1010000.0,1010000.0,0.0,0.0,0.0
49,18.0,0.01358580594928166,1010000.0,1010000.0,1010000.0,0.0,0.0,0.0
49,19.0,0.009247506278033408,1010000.0,1010000.0,1010000.0,0.0,0.0,0.0
49,20.0,0.006085213597205864,1010000.0,1010000.0,1010000.0,0.0,0.0,0.0
49,21.0,0.0038709972851896954,1010000.0,1010000.0,1010000.0,0.0,0.0,0.0
49,22.0,0.002380320156250367,1010000.0,1010000.0,1010000.0,0.0,0.0,0.0
49,23.0,0.0014147243284243418,1010000.0,1010000.0,1010000.0,0.0,0.0,0.0
49,24.0,0.0008126095883892048,1010000.0,1010000.0,1010000.0,0.0,0.0,0.0
49,25.0,0.00045103329826447496,1010000.0,1010000.0,1010000.0,0.0,0.0,0.0
50,3.0,0.09136286549839386,3560.156,213.60935999999998,1169.4574928697452,955.8481328697453,87.32902440026945,26.84849014677293
50,4.0,0.11403822645562949,41406.060000000005,3585.9726128186485,32605.646880270546,29019.674267451897,3309.352185780283,70.08557266122855
50,5.0,0.12695129342532882,100990.686,9433.309123087456,83998.52598603071,74565.21686294326,9466.150725290787,73.83375617722139
50,6.0,0.12939298835274113,185502.326,25751.14667665985,158317.12740405646,132565.9807273966,17153.108400229736,71.46324447025889
50,7.0,0.1223882018596269,296301.442,57363.676822868125,255618.04052972922,198254.3637068611,24263.995084907205,66.90968574728068
50,8.0,0.1082621215708589,444026.484,99551.19438933821,384042.77734971524,284491.58296037704,30799.66234034243,64.07085910676828
50,9.0,0.08998468734522312,633082.856,174166.47066529293,554550.6147376004,380384.1440723075,34228.7482754269,60.08441714496649
50,10.0,0.07048893714592218,851432.824,294698.8824768712,762333.6070960081,467634.72461913695,32963.07471092897,54.92326716066762
50,11.0,0.052142135496553284,1000000.0,537236.4381982641,969166.6501295987,431930.2119313346,22521.763635578624,43.193021193133454
50,12.0,0.0364703902639139,1000000.0,868257.0713059647,999629.5858888945,131372.51458292978,4791.20687679117,13.137251458292978
50,13.0,0.02414090816351393,1000000.0,1000000.0,1000000.0,0.0,0.0,0.0
50,14.0,0.015131288338325968,1000000.0,1000000.0,1000000.0,0.0,0.0,0.0
50,15.0,0.008983867077393227,1000000.0,1000000.0,1000000.0,0.0,0.0,0.0
50,16.0,0.005053662537478567,1000000.0,1000000.0,1000000.0,0.0,0.0,0.0
50,17.0,0.002693687837469046,1000000.0,1000000.0,1000000.0,0.0,0.0,0.0
50,18.0,0.001360484763807117,1000000.0,1000000.0,1000000.0,0.0,0.0,0.0
50,19.0,0.00065106809112186,1000000.0,1000000.0,1000000.0,0.0,0.0,0.0
50,20.0,0.0002951933278036205,1000000.0,1000000.0,1000000.0,0.0,0.0,0.0
50,21.0,0.00012678858036882743,1000000.0,1000000.0,1000000.0,0.0,0.0,0.0
50,22.0,5.158006801949733e-05,1000000.0,1000000.0,1000000.0,0.0,0.0,0.0
50,23.0,1.9871831868855423e-05,1000000.0,1000000.0,1000000.0,0.0,0.0,0.0
50,24.0,7.248825347172547e-06,1000000.0,1000000.0,1000000.0,0.0,0.0,0.0
50,25.0,2.5031432906982007e-06,1000000.0,1000000.0,1000000.0,0.0,0.0,0.0
51,3.0,0.042097254970484256,3239.74196,536.1045862608353,1152.831314224199,616.7267279633638,25.96250231418621,19.036291642293754
51,4.0,0.05818290094609372,37679.5146,10464.105601978255,22540.187223289617,12076.081621311361,702.6214607897018,32.049461755304456
51,5.0,0.0724131391509396,91901.52426,34931.19047338552,62847.63418256664,27916.44370918112,2021.5173229123047,30.376475182503267
51,6.0,0.08359005507775927,168807.11666,78056.87816769868,122713.95464702307,44657.07647932439,3732.8874825184334,26.45449869822117
51,7.0,0.09087435952600272,269634.31222,134516.99975494164,201177.32683806223,66660.32708312059,6057.714529472436,24.722494156727016
51,8.0,0.09385915703054783,404064.10044,209181.21998182454,304409.8109871791,95228.59100535457,8938.075276969388,23.567694061822543
51,9.0,0.09259417989986286,576105.39896,318750.139025469,445175.6428460221,126425.50382055307,11706.265844691092,21.944856626717886
51,10.0,0.08754780084796032,774803.86984,471431.90799968876,624922.0440039587,153490.13600426994,13437.723859028169,19.810192227868743
51,11.0,0.07951200778667258,910000.0,698488.4134114349,827516.7705897099,129028.35717827501,10259.303740660574,14.17894034926099
51,12.0,0.06946888493720751,910000.0,893215.1285433891,908917.7233757154,15702.594832326286,1090.841753622464,1.7255598716842073
51,13.0,0.05844460379033999,910000.0,910000.0,910000.0,0.0,0.0,0.0
51,14.0,0.047377445675589776,910000.0,910000.0,910000.0,0.0,0.0,0.0
51,15.0,0.03702056975541816,910000.0,910000.0,910000.0,0.0,0.0,0.0
51,16.0,0.027890345519043777,910000.0,910000.0,910000.0,0.0,0.0,0.0
51,17.0,0.020260188584313794,910000.0,910000.0,910000.0,0.0,0.0,0.0
51,18.0,0.014190901576516307,910000.0,910000.0,910000.0,0.0,0.0,0.0
51,19.0,0.009583419433941389,910000.0,910000.0,910000.0,0.0,0.0,0.0
51,20.0,0.0062390518122436515,910000.0,910000.0,910000.0,0.0,0.0,0.0
51,21.0,0.003914983605787745,910000.0,910000.0,910000.0,0.0,0.0,0.0
51,22.0,0.0023673721275732354,910000.0,910000.0,910000.0,0.0,0.0,0.0
51,23.0,0.0013792081239586483,910000.0,910000.0,910000.0,0.0,0.0,0.0
51,24.0,0.0007739505432085275,910000.0,910000.0,910000.0,0.0,0.0,0.0
51,25.0,0.0004182192785342533,910000.0,910000.0,910000.0,0.0,0.0,0.0
52,3.0,0.030941897393906376,3204.1403999999998,462.82027999999997,1674.2539888849064,1211.4337088849065,37.48405751983623,37.80838407970221
52,4.0,0.0468770333284005,37265.454000000005,11734.655148758697,23274.65786920975,11540.002720451053,540.9610921364165,30.967025708182845
52,5.0,0.06287585696490548,90891.6174,34147.165403852065,64673.00246760421,30525.837063752144,1919.3381649544901,33.58487607213836
52,6.0,0.0773113980432541,166952.09339999998,69871.53937960543,125446.09001921976,55574.55063961433,4296.5462055742055,33.287723147300376
52,7.0,0.0886849401414693,266671.2978,118077.8989910717,204977.57726542786,86899.67827435615,7706.692766074215,32.58681342584149
52,8.0,0.09582535580951984,399623.8356,183902.19510651936,310228.70896249625,126326.5138559769,12105.283138425224,31.61135613102476
52,9.0,0.09806818764081833,569774.5704,281449.7975828344,451767.7131323458,170317.91554951144,16702.769300702537,29.89215812666803
52,10.0,0.09536128515681558,766289.5416000001,417991.2756234991,629666.2376317655,211674.96200826642,20185.596412628398,27.62336564926784
52,11.0,0.08826260308852855,900000.0,625551.3048730058,814886.5169322285,189335.21205922263,16711.218672665553,21.03724578435807
52,12.0,0.07782428518896108,900000.0,818740.4502322383,898761.9166330813,80021.466400843,6227.613422418072,8.891274044538111
52,13.0,0.06538852797627932,900000.0,898126.9265178523,900000.0,1873.0734821476508,122.47751778903859,0.20811927579418343
52,14.0,0.05234484124930738,900000.0,900000.0,900000.0,0.0,0.0,0.0
52,15.0,0.03990681348938195,900000.0,900000.0,900000.0,0.0,0.0,0.0
52,16.0,0.028956674993160722,900000.0,900000.0,900000.0,0.0,0.0,0.0
52,17.0,0.019982215455114437,900000.0,900000.0,900000.0,0.0,0.0,0.0
52,18.0,0.013102407529969457,900000.0,900000.0,900000.0,0.0,0.0,0.0
52,19.0,0.008155620397482457,900000.0,900000.0,900000.0,0.0,0.0,0.0
52,20.0,0.00481418655210088,900000.0,900000.0,900000.0,0.0,0.0,0.0
52,21.0,0.0026921093951566416,900000.0,900000.0,900000.0,0.0,0.0,0.0
52,22.0,0.0014246148620298711,900000.0,900000.0,900000.0,0.0,0.0,0.0
52,23.0,0.0007126221204455377,900000.0,900000.0,900000.0,0.0,0.0,0.0
52,24.0,0.00033658449370002044,900000.0,900000.0,900000.0,0.0,0.0,0.0
52,25.0,0.00014993872929213315,900000.0,900000.0,900000.0,0.0,0.0,0.0
53,3.0,0.04355462352946371,3204.1403999999998,933.4154226401572,1418.8349951445027,485.4195725043455,21.142266734259984,15.14975974537026
53,4.0,0.059603858720668874,37265.454000000005,16923.97177392903,32722.533832360852,15798.56205843182,941.6552609204898,42.394658759374884
53,5.0,0.07358107296288266,90891.6174,47335.58135377532,82062.16854013223,34726.58718635691,2555.219545511234,38.20658954007887
53,6.0,0.08435406465199555,166952.09339999998,97619.06545361446,152822.38892915775,55203.32347554329,4656.624717461003,33.06536764608386
53,7.0,0.09116410326436615,266671.2978,163713.81297529355,245541.19346872607,81827.38049343252,7459.719765155863,30.684734790919265
53,8.0,0.09368590775803876,399623.8356,251017.76507942475,368267.71086095856,117249.94578153381,10984.667605123821,29.34007817764257
53,9.0,0.09203785580134177,569774.5704,373486.03672318946,528807.1020200393,155321.06529684988,14295.417810702258,27.260090808863147
53,10.0,0.08673334155257234,766289.5416000001,534765.6194554066,719789.8630560031,185024.24360059656,16047.770915716888,24.145474204733233
53,11.0,0.07858089011289694,900000.0,739544.0648112535,889625.6338449288,150081.56903367536,11793.5432842064,16.675729892630596
53,12.0,0.068552236668032,900000.0,887766.2249254413,900000.0,12233.775074558682,838.6526442546175,1.3593083416176313
53,13.0,0.05764324291864334,900000.0,900000.0,900000.0,0.0,0.0,0.0
53,14.0,0.046751768187909624,900000.0,900000.0,900000.0,0.0,0.0,0.0
53,15.0,0.03659039400150836,900000.0,900000.0,900000.0,0.0,0.0,0.0
53,16.0,0.027642471472136058,900000.0,900000.0,900000.0,0.0,0.0,0.0
53,17.0,0.02016013642441282,900000.0,900000.0,900000.0,0.0,0.0,0.0
53,18.0,0.014195208280550396,900000.0,900000.0,900000.0,0.0,0.0,0.0
53,19.0,0.009649740119292365,900000.0,900000.0,900000.0,0.0,0.0,0.0
53,20.0,0.006332646022248226,900000.0,900000.0,900000.0,0.0,0.0,0.0
53,21.0,0.00401146153577822,900000.0,900000.0,900000.0,0.0,0.0,0.0
53,22.0,0.00245248287426882,900000.0,900000.0,900000.0,0.0,0.0,0.0
53,23.0,0.001446846886129086,900000.0,900000.0,900000.0,0.0,0.0,0.0
53,24.0,0.0008235146980482029,900000.0,900000.0,900000.0,0.0,0.0,0.0
53,25.0,0.00045213155681584895,900000.0,900000.0,900000.0,0.0,0.0,0.0
54,3.0,0.05101624066309143,3168.5388399999997,356.01559999999995,576.1952186713241,220.1796186713242,11.232736415243975,6.9489322930731126
54,4.0,0.06671042642877625,36851.3934,4140.606,15831.709873322705,11691.103873322705,779.9185248124754,31.724998147078757
54,5.0,0.07932345173049318,89881.71054,10294.355753909702,50474.51088971865,40180.15513580895,3187.228596439069,44.70337168085781
54,6.0,0.08807647895133441,165097.07014,27884.108107874614,103150.96152000932,75266.85341213472,6629.239430287056,45.5894543424117
54,7.0,0.0926025939554977,263708.28338,57917.62716992712,172105.57649320006,114187.94932327294,10574.100305793994,43.30085800100928
54,8.0,0.09294698050009775,395183.57076,99149.41633502029,262128.88655642426,162979.470221404,15148.449640585099,41.241458977651554
54,9.0,0.08952173553116452,563443.74184,169291.11960865298,388146.45473240723,218855.33512375425,19592.30943053311,38.842446702674025
54,10.0,0.08302024182231665,757775.21336,279307.8529289261,556552.0330511067,277244.1801221806,23016.87887757335,36.58659919646499
54,11.0,0.07430589331919478,890000.0,492282.0066066615,772549.3651918747,280267.3585852132,20825.516447885362,31.490714447776764
54,12.0,0.06429412844920895,890000.0,781458.0325858823,889931.2262811944,108473.19369531202,6974.189448742313,12.187999291608092
54,13.0,0.0538460694608674,890000.0,890000.0,890000.0,0.0,0.0,0.0
54,14.0,0.04368766550594666,890000.0,890000.0,890000.0,0.0,0.0,0.0
54,15.0,0.03436169003895294,890000.0,890000.0,890000.0,0.0,0.0,0.0
54,16.0,0.02621305052832088,890000.0,890000.0,890000.0,0.0,0.0,0.0
54,17.0,0.019402188829414878,890000.0,890000.0,890000.0,0.0,0.0,0.0
54,18.0,0.013937856886218862,890000.0,890000.0,890000.0,0.0,0.0,0.0
54,19.0,0.009719503317582227,890000.0,890000.0,890000.0,0.0,0.0,0.0
54,20.0,0.006580535945999169,890000.0,890000.0,890000.0,0.0,0.0,0.0
54,21.0,0.0043260820116513745,890000.0,890000.0,890000.0,0.0,0.0,0.0
54,22.0,0.0027616998897898666,890000.0,890000.0,890000.0,0.0,0.0,0.0
54,23.0,0.0017120887274683712,890000.0,890000.0,890000.0,0.0,0.0,0.0
54,24.0,0.0010307518091008374,890000.0,890000.0,890000.0,0.0,0.0,0.0
54,25.0,0.0006026456975109065,890000.0,890000.0,890000.0,0.0,0.0,0.0
55,3.0,0.04177302563187317,3132.93728,284.81247999999994,1320.7271160110913,1035.9146360110913,43.27328864252388,33.065284856615165
55,4.0,0.05707079067290334,36437.332800000004,3312.4848,23277.671429216287,19965.18662921629,1139.4289868614514,54.79321644864271
55,5.0,0.07048238827391057,88871.80368000001,8584.702489026902,63551.088569516054,54966.38608048915,3874.1621657387095,61.84907226414148
55,6.0,0.08098564674709383,163242.04687999998,24971.947090851594,123585.25383409171,98613.30674324011,7986.2624244708495,60.409256455679724
55,7.0,0.0878824527007235,260745.26896,53406.07244368386,202362.45717065508,148956.3847269712,13090.65243523882,57.12716680194957
55,8.0,0.09084890918059571,390743.30591999996,92803.55040089578,305791.1524578263,212987.60205693054,19349.691315862943,54.508317565531684
55,9.0,0.08994654154636984,557112.91328,160458.34736600306,445460.1806203788,285001.8332543757,25634.929235606276,51.156924648619004
55,10.0,0.08558598585265388,749260.8851200001,267993.95781056874,621946.8765220903,353952.91871152155,30293.40949334983,47.24027715057262
55,11.0,0.07844802426847533,880000.0,480931.05066205666,811619.2139567337,330688.16329467704,25941.83305943836,37.578200374395124
55,12.0,0.06937618105371685,880000.0,773373.6749408657,880000.0,106626.32505913428,7397.327232394965,12.116627847628896
55,13.0,0.05926004840753443,880000.0,880000.0,880000.0,0.0,0.0,0.0
55,14.0,0.04892869739226857,880000.0,880000.0,880000.0,0.0,0.0,0.0
55,15.0,0.039069490121544356,880000.0,880000.0,880000.0,0.0,0.0,0.0
55,16.0,0.030180823443209957,880000.0,880000.0,880000.0,0.0,0.0,0.0
55,17.0,0.02255977569325502,880000.0,880000.0,880000.0,0.0,0.0,0.0
55,18.0,0.016319176170276232,880000.0,880000.0,880000.0,0.0,0.0,0.0
55,19.0,0.011424554375776021,880000.0,880000.0,880000.0,0.0,0.0,0.0
55,20.0,0.007740188529743505,880000.0,880000.0,880000.0,0.0,0.0,0.0
55,21.0,0.0050746959866551635,880000.0,880000.0,880000.0,0.0,0.0,0.0
55,22.0,0.0032194022241445763,880000.0,880000.0,880000.0,0.0,0.0,0.0
55,23.0,0.0019760428675409127,880000.0,880000.0,880000.0,0.0,0.0,0.0
55,24.0,0.001173312624373362,880000.0,880000.0,880000.0,0.0,0.0,0.0
55,25.0,0.0006738462353619324,880000.0,880000.0,880000.0,0.0,0.0,0.0
56,3.0,0.1025638237285038,2954.92948,356.0156,1237.0110184100797,880.9954184100798,90.35825879943087,29.814431253705582
56,4.0,0.1169555561026513,34367.029800000004,6517.167175645306,25453.368677325692,18936.201501680385,2214.69397710089,55.099907125754534
56,5.0,0.12212203709279137,83822.26938,18442.837867873382,66396.93225607731,47954.09438820393,5856.251693627459,57.209253272312125
56,6.0,0.11933889802987756,153966.93058,42781.39488173066,126089.3767755992,83307.98189386853,9941.882756307263,54.10771103901586
56,7.0,0.11043949066561835,245930.19686,79700.14363361333,204318.4556305741,124618.31199696078,13762.782904553465,50.672228782015694
56,8.0,0.09748803964209342,368541.98172,129215.66227993746,307233.16017617116,178017.4978962337,17354.57689189431,48.30318029588352
56,9.0,0.08247606316817523,525458.77048,207292.40469605837,445202.9786135318,237910.57391747343,19621.92752279436,45.276734785518016
56,10.0,0.06709644940498347,706689.24392,323055.7348530023,616111.901673074,293056.1668200717,19663.028269861334,41.46888739872299
56,11.0,0.05261688339508795,830000.0,523326.13159016665,793460.2143524903,270134.0827623236,14213.61353374422,32.546275031605255
56,12.0,0.03984824843973271,830000.0,756582.0507393872,829388.3696809626,72806.31894157548,2901.2042851663173,8.771845655611504
56,13.0,0.029186474216736983,830000.0,830000.0,830000.0,0.0,0.0,0.0
56,14.0,0.020698914373352115,830000.0,830000.0,830000.0,0.0,0.0,0.0
56,15.0,0.014227249992077511,830000.0,830000.0,830000.0,0.0,0.0,0.0
56,16.0,0.00948521187641817,830000.0,830000.0,830000.0,0.0,0.0,0.0
56,17.0,0.006137876983999879,830000.0,830000.0,830000.0,0.0,0.0,0.0
56,18.0,0.0038573175521892486,830000.0,830000.0,830000.0,0.0,0.0,0.0
56,19.0,0.00235541102090733,830000.0,830000.0,830000.0,0.0,0.0,0.0
56,20.0,0.0013981490637920843,830000.0,830000.0,830000.0,0.0,0.0,0.0
56,21.0,0.0008070775115245926,830000.0,830000.0,830000.0,0.0,0.0,0.0
56,22.0,0.00045321413616864647,830000.0,830000.0,830000.0,0.0,0.0,0.0
56,23.0,0.0002476591365563546,830000.0,830000.0,830000.0,0.0,0.0,0.0
56,24.0,0.0001317320408778724,830000.0,830000.0,830000.0,0.0,0.0,0.0
56,25.0,6.822242588418085e-05,830000.0,830000.0,830000.0,0.0,0.0,0.0
57,3.0,0.1137686540615913,2848.1248,413.04777641584417,773.1893742998077,360.1415978839635,40.972824862849365,12.644867173094504
57,4.0,0.1564636862140106,33124.848,6251.776855090016,16502.79645651128,10251.019601421265,1603.9123142904489,30.94661627253736
57,5.0,0.17870416060971836,80792.5488,15906.44961547033,46598.768580937154,30692.318965466824,5484.845097889488,37.98904654121621
57,6.0,0.1740918168606576,148401.8608,30609.690423030966,93615.92574306532,63006.23532003436,10968.869980414918,42.45649952122053
57,7.0,0.14601250608480096,237041.1536,51853.59094603566,155593.93539400387,103740.34444796821,15147.387674948306,43.76469776342171
57,8.0,0.10559769617232898,355221.1872,80712.78620931532,237388.8925824195,156676.10637310418,16544.635878250552,44.106633280545545
57,9.0,0.06570089513096843,506466.2848,126334.01457564833,351135.80483698926,224801.79026134094,14769.67884721432,44.38632876621069
57,10.0,0.03501297586267265,681146.2592000001,200643.99187459255,499581.65886760835,298937.6669930158,10466.697318870136,43.8874416405245
57,11.0,0.015892752604180122,800000.0,353205.3422094433,684179.6254769803,330974.2832675371,5260.092402316799,41.371785408442136
57,12.0,0.0061059357949649895,800000.0,576228.3656507843,793433.0691263403,217204.703475556,1326.2379737861538,27.1505879344445
57,13.0,0.0019723470566233203,800000.0,764618.6957689137,800000.0,35381.30423108628,69.78421125967725,4.422663028885785
57,14.0,0.000531970181490391,800000.0,800000.0,800000.0,0.0,0.0,0.0
57,15.0,0.00011896135743022291,800000.0,800000.0,800000.0,0.0,0.0,0.0
57,16.0,2.1900701872301066e-05,800000.0,800000.0,800000.0,0.0,0.0,0.0
57,17.0,3.295786013058993e-06,800000.0,800000.0,800000.0,0.0,0.0,0.0
57,18.0,4.0256265405754426e-07,800000.0,800000.0,800000.0,0.0,0.0,0.0
57,19.0,3.96299767116058e-08,800000.0,800000.0,800000.0,0.0,0.0,0.0
57,20.0,3.122450417276137e-09,800000.0,800000.0,800000.0,0.0,0.0,0.0
57,21.0,1.9554239323132192e-10,800000.0,800000.0,800000.0,0.0,0.0,0.0
57,22.0,9.666762648720895e-12,800000.0,800000.0,800000.0,0.0,0.0,0.0
57,23.0,3.746857339546401e-13,800000.0,800000.0,800000.0,0.0,0.0,0.0
57,24.0,1.1310483058171303e-14,800000.0,800000.0,800000.0,0.0,0.0,0.0
57,25.0,2.6414099358279897e-16,800000.0,800000.0,800000.0,0.0,0.0,0.0
58,3.0,0.07129580443756443,2883.72636,345.70780198183854,1104.7027847577624,758.9949827759239,54.11315786108485,26.319937748043603
58,4.0,0.09071146469663054,33538.9086,6875.405345271039,24273.766795169486,17398.361449898446,1578.2308504416806,51.875156873466196
58,5.0,0.10411111903587347,81802.45566,27990.058626731457,63822.21724167853,35832.158614947075,3730.526130873054,43.803279896484064
58,6.0,0.11064411357475175,150256.88405999998,64575.15769520671,121506.89221447754,56931.73451927083,6299.161300157816,37.8896014485014
58,7.0,0.11037939327525186,240004.16802,112300.65194788399,197053.08437991596,84752.43243203197,9354.922070449467,35.31290024303635
58,8.0,0.10418939878701991,359661.45204,175565.23658577268,296122.26213387586,120557.02554810318,12560.76401140827,33.51958483854849
58,9.0,0.0935161085200865,512797.11336,269451.2350690497,429798.9998537613,160347.7647847116,14995.098972560394,31.269240915586494
58,10.0,0.08007341902811287,689660.58744,403090.7882246868,596932.6154870213,193841.82726233447,15521.57785955198,28.106844264055987
58,11.0,0.06555252894886339,810000.0,610989.5034197358,773845.3404522396,162855.8370325038,10675.611971564584,20.105658892901705
58,12.0,0.051387743376484864,810000.0,797803.1751442936,810000.0,12196.824855706422,626.7673056929737,1.505780846383509
58,13.0,0.03861662774303388,810000.0,810000.0,810000.0,0.0,0.0,0.0
58,14.0,0.027840385276306178,810000.0,810000.0,810000.0,0.0,0.0,0.0
58,15.0,0.019266739439973566,810000.0,810000.0,810000.0,0.0,0.0,0.0
58,16.0,0.012804127123356804,810000.0,810000.0,810000.0,0.0,0.0,0.0
58,17.0,0.00817383518020893,810000.0,810000.0,810000.0,0.0,0.0,0.0
58,18.0,0.005013288623901245,810000.0,810000.0,810000.0,0.0,0.0,0.0
58,19.0,0.0029545942472929397,810000.0,810000.0,810000.0,0.0,0.0,0.0
58,20.0,0.0016733469341577364,810000.0,810000.0,810000.0,0.0,0.0,0.0
58,21.0,0.0009107605066815828,810000.0,810000.0,810000.0,0.0,0.0,0.0
58,22.0,0.0004763823284657544,810000.0,810000.0,810000.0,0.0,0.0,0.0
58,23.0,0.00023945980216288616,810000.0,810000.0,810000.0,0.0,0.0,0.0
58,24.0,0.00011566946080749837,810000.0,810000.0,810000.0,0.0,0.0,0.0
58,25.0,5.3689653011432004e-05,810000.0,810000.0,810000.0,0.0,0.0,0.0
59,3.0,0.0361201472301501,2848.1248,284.81248,605.2265199999999,320.41403999999994,11.573402299407201,11.249999999999998
59,4.0,0.05037856625592141,33124.848,3312.4848,12049.18353836323,8736.69873836323,440.14235624865694,26.37506061420487
59,5.0,0.06343374669355548,80792.5488,8079.25488,41368.84738058966,33289.59250058966,2111.6835782140884,41.20379044235531
59,6.0,0.07429191600084646,148401.8608,17119.382718158166,85577.51834366111,68458.13562550294,5085.886061464419,46.130240723708596
59,7.0,0.08219416107578081,237041.1536,34619.94745478233,142969.3174477622,108349.36999297989,8905.68556966236,45.70909664733419
59,8.0,0.0866752936028252,355221.1872,63862.7312759815,219052.48865899624,155189.75738301474,13451.117785324013,43.6882041317086
59,9.0,0.08759783803789192,506466.2848,116241.0663077987,327054.58506517095,210813.51875737225,18466.808472306384,41.62439338694007
59,10.0,0.08514813893875907,681146.2592000001,202107.49484939408,473464.3105783721,271356.815728978,23105.527847670262,39.838259707641065
59,11.0,0.07979271110828955,800000.0,383253.91804886865,671139.57376847,287885.6557196013,22971.176959054654,35.98570696495017
59,12.0,0.07220184329545201,800000.0,648181.507860562,797353.3142072904,149171.80634672847,10770.479385946002,18.646475793341057
59,13.0,0.06315380369325323,800000.0,800000.0,800000.0,0.0,0.0,0.0
59,14.0,0.05343592450845159,800000.0,800000.0,800000.0,0.0,0.0,0.0
59,15.0,0.043758060327894206,800000.0,800000.0,800000.0,0.0,0.0,0.0
59,16.0,0.03468996748645925,800000.0,800000.0,800000.0,0.0,0.0,0.0
59,17.0,0.026628301359455483,800000.0,800000.0,800000.0,0.0,0.0,0.0
59,18.0,0.019792764060769588,800000.0,800000.0,800000.0,0.0,0.0,0.0
59,19.0,0.014245904592925967,800000.0,800000.0,800000.0,0.0,0.0,0.0
59,20.0,0.009928110406091428,800000.0,800000.0,800000.0,0.0,0.0,0.0
59,21.0,0.00669868337802313,800000.0,800000.0,800000.0,0.0,0.0,0.0
59,22.0,0.004375192145871693,800000.0,800000.0,800000.0,0.0,0.0,0.0
59,23.0,0.0027657741651084767,800000.0,800000.0,800000.0,0.0,0.0,0.0
59,24.0,0.0016918675678300038,800000.0,800000.0,800000.0,0.0,0.0,0.0
59,25.0,0.001001284068393948,800000.0,800000.0,800000.0,0.0,0.0,0.0
60,3.0,0.03514360205085906,2848.1248,213.60935999999998,1403.732423539262,1190.1230635392621,41.82521133657308,41.78619783582735
60,4.0,0.04910458487110034,33124.848,5959.092495402534,24442.679926943772,18483.587431541237,907.6288877545202,55.79976527451911
60,5.0,0.06196084941072788,80792.5488,21180.297221998997,64145.06711797177,42964.76989597277,2662.1336374909433,53.17912423128403
60,6.0,0.07274974830833753,148401.8608,52923.95160027266,121947.8589566039,69023.90735633124,5021.471887431105,46.511483740324664
60,7.0,0.08072646373611422,237041.1536,94099.10256424829,197658.35953577666,103559.25697152838,8359.97260245102,43.688302811030695
60,8.0,0.08542044580853836,355221.1872,149290.1195731301,297614.7148165296,148324.5952433995,12669.953050062193,41.75555979995315
60,9.0,0.08667009523363371,506466.2848,234118.37190874905,430795.75441968115,196677.3825109321,17046.04747252429,38.833262630423384
60,10.0,0.08462283071146683,681146.2592000001,356956.5704252454,594695.1994101047,237738.62898485927,20118.115754161965,34.902728419015475
60,11.0,0.07969795677644687,800000.0,563536.4795494471,757557.444296845,194020.96474739793,15463.074462162642,24.25262059342474
60,12.0,0.07251800837491215,800000.0,770696.2944508095,799439.411380557,28743.116929747513,2084.3935942325093,3.5928896162184394
60,13.0,0.06382031964005906,800000.0,800000.0,800000.0,0.0,0.0,0.0
60,14.0,0.0543636458476316,800000.0,800000.0,800000.0,0.0,0.0,0.0
60,15.0,0.04484439581281986,800000.0,800000.0,800000.0,0.0,0.0,0.0
60,16.0,0.03583379052711914,800000.0,800000.0,800000.0,0.0,0.0,0.0
60,17.0,0.027742105011660755,800000.0,800000.0,800000.0,0.0,0.0,0.0
60,18.0,0.02081047670956035,800000.0,800000.0,800000.0,0.0,0.0,0.0
60,19.0,0.01512591818920407,800000.0,800000.0,800000.0,0.0,0.0,0.0
60,20.0,0.010652086891008716,800000.0,800000.0,800000.0,0.0,0.0,0.0
60,21.0,0.007267378151074972,800000.0,800000.0,800000.0,0.0,0.0,0.0
60,22.0,0.004802781921952687,800000.0,800000.0,800000.0,0.0,0.0,0.0
60,23.0,0.0030740459832825453,800000.0,800000.0,800000.0,0.0,0.0,0.0
60,24.0,0.0019052480234360138,800000.0,800000.0,800000.0,0.0,0.0,0.0
60,25.0,0.001143222009053241,800000.0,800000.0,800000.0,0.0,0.0,0.0
61,3.0,0.03628737753441427,2848.1248,569.6249599999999,1111.1840555512763,541.5590955512764,19.6517593574651,19.0145844575096
61,4.0,0.050547791683620835,33124.848,7956.84958782558,19369.613493287423,11412.763905461843,576.8900124276322,34.45378498178118
61,5.0,0.06358090878905322,80792.5488,22007.72969545344,54795.739460323035,32788.009764869596,2084.69145823476,40.58296247842795
61,6.0,0.07439869756853369,148401.8608,50918.53555383574,107450.30225785045,56531.766704014706,4205.889814026893,38.093704754957294
61,7.0,0.08224981045705869,237041.1536,90613.11515301716,176540.06582894808,85926.95067593092,7067.475406248349,36.24980277514601
61,8.0,0.08667731687293492,355221.1872,145001.17328949308,267489.22345099284,122488.05016149976,10616.935536996263,34.482191540150275
61,9.0,0.08755139896680336,506466.2848,227450.14372911566,390965.66904666094,163515.52531754528,14316.012994342844,32.28556968646322
61,10.0,0.08506430840774976,681146.2592000001,345040.8867364838,548694.3560784011,203653.4693419173,17323.641524409064,29.898640209975813
61,11.0,0.0796859590602922,800000.0,534554.8519583306,722729.6315479142,188174.77958958363,14994.88778255507,23.521847448697955
61,12.0,0.07208730750909592,800000.0,744746.7329012605,799773.1867343266,55026.45383306616,3966.70889859931,6.87830672913327
61,13.0,0.06304487122175151,800000.0,800000.0,800000.0,0.0,0.0,0.0
61,14.0,0.05334253424356073,800000.0,800000.0,800000.0,0.0,0.0,0.0
61,15.0,0.043685925133422586,800000.0,800000.0,800000.0,0.0,0.0,0.0
61,16.0,0.0346406867827269,800000.0,800000.0,800000.0,0.0,0.0,0.0
61,17.0,0.026600151875932326,800000.0,800000.0,800000.0,0.0,0.0,0.0
61,18.0,0.019781857855295428,800000.0,800000.0,800000.0,0.0,0.0,0.0
61,19.0,0.014247398692006167,800000.0,800000.0,800000.0,0.0,0.0,0.0
61,20.0,0.009937222620789731,800000.0,800000.0,800000.0,0.0,0.0,0.0
61,21.0,0.006711378189062196,800000.0,800000.0,800000.0,0.0,0.0,0.0
61,22.0,0.004388510940443469,800000.0,800000.0,800000.0,0.0,0.0,0.0
61,23.0,0.002777867199535195,800000.0,800000.0,800000.0,0.0,0.0,0.0
61,24.0,0.0017018280984462952,800000.0,800000.0,800000.0,0.0,0.0,0.0
61,25.0,0.0010088902974705243,800000.0,800000.0,800000.0,0.0,0.0,0.0
62,3.0,0.08476440407195121,2812.52324,447.41037628028795,1446.0217343889058,998.6113581086179,84.64669666955886,35.50588823254019
62,4.0,0.09468836074818637,32710.7874,13192.41511587249,24506.660865466798,11314.245749594307,1071.3273831312201,34.58872943423645
62,5.0,0.0989417268779538,79782.64194,43384.76558404564,63693.50858191695,20308.742997871304,2009.3821029299393,25.455089608519554
62,6.0,0.09850753561915244,146546.83754,88832.36996540887,120944.70620341218,32112.336238003307,3163.3071057793104,21.912677732972732
62,7.0,0.09439719773773543,234078.13918,148120.15147813965,195973.59085046212,47853.439372322464,4517.230578859858,20.443361152800524
62,8.0,0.08760983399703252,350780.92235999997,225977.49220553183,295277.1877619177,69299.69555638588,6071.3348237398595,19.755833666822078
62,9.0,0.0790777909538862,500135.45623999997,335674.4128981817,427142.9623151439,91468.5494169622,7233.130829649746,18.288755231356603
62,10.0,0.0696210222519895,672631.93096,483133.74679073994,588571.1781850335,105437.43139429356,7340.661757294728,15.675353271411034
62,11.0,0.05991774408546641,790000.0,678127.8771059893,745348.5744163254,67220.69731033617,4027.7125386873226,8.508949026624832
62,12.0,0.05049229189413061,790000.0,788735.3671680122,788622.0381468667,-113.32902114547323,-5.722242015753335,-0.014345445714616866
62,13.0,0.04171791873719829,790000.0,790000.0,790000.0,0.0,0.0,0.0
62,14.0,0.03383080943565928,790000.0,790000.0,790000.0,0.0,0.0,0.0
62,15.0,0.026951196078938117,790000.0,790000.0,790000.0,0.0,0.0,0.0
62,16.0,0.02110776343171029,790000.0,790000.0,790000.0,0.0,0.0,0.0
62,17.0,0.01626223507517394,790000.0,790000.0,790000.0,0.0,0.0,0.0
62,18.0,0.012331902791372744,790000.0,790000.0,790000.0,0.0,0.0,0.0
62,19.0,0.009208732337420545,790000.0,790000.0,790000.0,0.0,0.0,0.0
62,20.0,0.00677443673609365,790000.0,790000.0,790000.0,0.0,0.0,0.0
62,21.0,0.004911494982324156,790000.0,790000.0,790000.0,0.0,0.0,0.0
62,22.0,0.0035104938078296833,790000.0,790000.0,790000.0,0.0,0.0,0.0
62,23.0,0.0024743971115112322,790000.0,790000.0,790000.0,0.0,0.0,0.0
62,24.0,0.0017204336701575297,790000.0,790000.0,790000.0,0.0,0.0,0.0
62,25.0,0.001180277567126007,790000.0,790000.0,790000.0,0.0,0.0,0.0
63,3.0,0.08421477074969862,2670.1169999999997,391.61715999999996,1260.8042468239544,869.1870868239544,73.1983912554777,32.552397023199894
63,4.0,0.1078490167773869,31054.545000000002,4841.590235793598,25174.948388574656,20333.358152781057,2192.9326845599007,65.47627135667598
63,5.0,0.12278935822669322,75743.0145,13640.970825668657,64358.214419605094,50717.24359393644,6227.537791926323,66.9596317610734
63,6.0,0.12770259688694788,139126.7445,37274.82810820681,120926.65916862315,83651.83106041634,10682.556060763414,60.12634836030131
63,7.0,0.12300833129671043,222226.0815,69109.45100333466,195020.47985185875,125911.02884852409,15488.105550508915,56.6589789995123
63,8.0,0.11059539301839745,333019.863,113462.57248401214,292792.44194097695,179329.8694569648,19833.057392530933,53.84960159477479
63,9.0,0.0932434002766055,474812.142,183735.4598088499,422247.82443776756,238512.36462891765,22239.703886013853,50.232996069615595
63,10.0,0.07392964411340773,638574.618,287158.263771396,579568.3619666917,292410.09819529566,21617.774494744815,45.79106183567347
63,11.0,0.0552223287288822,750000.0,471391.2282440704,728827.6544917335,257436.42624766316,14216.238957037092,34.324856833021755
63,12.0,0.038903431012174854,750000.0,695949.5252957562,750000.0,54050.474704243825,2102.7489138318515,7.206729960565843
63,13.0,0.02586578329777593,750000.0,750000.0,750000.0,0.0,0.0,0.0
63,14.0,0.016236173953591088,750000.0,750000.0,750000.0,0.0,0.0,0.0
63,15.0,0.00962335272590544,750000.0,750000.0,750000.0,0.0,0.0,0.0
63,16.0,0.005385838749440414,750000.0,750000.0,750000.0,0.0,0.0,0.0
63,17.0,0.002845886991002499,750000.0,750000.0,750000.0,0.0,0.0,0.0
63,18.0,0.0014195109863872678,750000.0,750000.0,750000.0,0.0,0.0,0.0
63,19.0,0.0006682077800785289,750000.0,750000.0,750000.0,0.0,0.0,0.0
63,20.0,0.0002967651012029181,750000.0,750000.0,750000.0,0.0,0.0,0.0
63,21.0,0.0001243100898034634,750000.0,750000.0,750000.0,0.0,0.0,0.0
63,22.0,4.909602893829225e-05,750000.0,750000.0,750000.0,0.0,0.0,0.0
63,23.0,1.827595723107574e-05,750000.0,750000.0,750000.0,0.0,0.0,0.0
63,24.0,6.409885130453195e-06,750000.0,750000.0,750000.0,0.0,0.0,0.0
63,25.0,2.1173666078263212e-06,750000.0,750000.0,750000.0,0.0,0.0,0.0
64,3.0,0.14275902485436853,2670.1169999999997,430.0121828697143,1825.5728206053398,1395.5606377356255,199.22887576827856,52.26589837582494
64,4.0,0.18395714872329708,31054.545000000002,8394.660980080294,27156.508404864206,18761.84742478391,3451.3759570447824,60.415785917275265
64,5.0,0.195243678697783,75743.0145,26195.87905202414,68198.64467382753,42002.76562180339,8200.774475481667,55.45430941595728
64,6.0,0.17491847878829195,139126.7445,56957.17683358252,127075.80001962032,70118.6231860378,12265.042902431189,50.39909719589378
64,7.0,0.13338673780270885,222226.0815,99395.27485890582,204220.25047603933,104824.97561713352,13982.261537817936,47.17041983082149
64,8.0,0.08668176343843119,333019.863,155866.873717787,306430.0259356198,150563.15221783277,13051.079543090687,45.211463022502286
64,9.0,0.047892505689764525,474812.142,239988.27213310695,440069.4353374793,200081.16320437234,9582.388247180106,42.139015729798324
64,10.0,0.022402917178132854,638574.618,358521.6710141846,599544.3055153072,241022.63450112264,5399.610118784037,37.74384820618138
64,11.0,0.008825941992025622,750000.0,540693.3596483615,735255.9452667302,194562.5856183687,1717.1980944862405,25.941678082449158
64,12.0,0.0029114339099293265,750000.0,713038.6896707359,750000.0,36961.310329264146,107.61041224804072,4.928174710568553
64,13.0,0.0007992321335184736,750000.0,750000.0,750000.0,0.0,0.0,0.0
64,14.0,0.00018143379235928807,750000.0,750000.0,750000.0,0.0,0.0,0.0
64,15.0,3.384320466792884e-05,750000.0,750000.0,750000.0,0.0,0.0,0.0
64,16.0,5.154152113283538e-06,750000.0,750000.0,750000.0,0.0,0.0,0.0
64,17.0,6.368127225847715e-07,750000.0,750000.0,750000.0,0.0,0.0,0.0
64,18.0,6.34298270246615e-08,750000.0,750000.0,750000.0,0.0,0.0,0.0
64,19.0,5.061624048740846e-09,750000.0,750000.0,750000.0,0.0,0.0,0.0
64,20.0,3.2160346939768513e-10,750000.0,750000.0,750000.0,0.0,0.0,0.0
64,21.0,1.6171148859475816e-11,750000.0,750000.0,750000.0,0.0,0.0,0.0
64,22.0,6.396482155851686e-13,750000.0,750000.0,750000.0,0.0,0.0,0.0
64,23.0,1.9785586833851428e-14,750000.0,750000.0,750000.0,0.0,0.0,0.0
64,24.0,4.758034842216693e-16,750000.0,750000.0,750000.0,0.0,0.0,0.0
64,25.0,8.84456598872541e-18,750000.0,750000.0,750000.0,0.0,0.0,0.0
65,3.0,0.03922301539721524,2670.1169999999997,243.26931802220463,715.939541117287,472.6702230950824,18.53955143826358,17.70222889465452
65,4.0,0.05372445871972506,31054.545000000002,4640.033793411702,16282.528106079371,11642.49431266767,625.486705095548,37.49046818321656
65,5.0,0.0666142554573756,75743.0145,18477.910563907797,47631.77052043153,29153.85995652373,1942.0626747124252,38.490493346450755
65,6.0,0.07695755960794927,139126.7445,43895.44198772228,94640.24274645228,50744.800758729994,3905.196029183473,36.47379297280258
65,7.0,0.08409107261471,222226.0815,80048.36025962068,156302.04527621754,76253.68501659686,6412.25416386987,34.31356234240978
65,8.0,0.08766798235114419,333019.863,127440.90608065971,237346.98439659836,109906.07831593865,9635.24413408518,33.00285974711924
65,9.0,0.08767376904016003,474812.142,202020.30870824325,348948.0818867751,146927.77317853185,12881.71165123962,30.944400991862558
65,10.0,0.08440394954625025,638574.618,312676.84429635556,494050.5706116076,181373.72631525202,15308.658844927932,28.402902527399238
65,11.0,0.07840573688864566,750000.0,500804.99556609616,668509.0689413219,167704.07337522577,13148.961452212077,22.360543116696768
65,12.0,0.0703933617336326,750000.0,704422.7503926647,749224.901008994,44802.15061632928,3153.773994779958,5.973620082177238
65,13.0,0.06115143750824278,750000.0,750000.0,750000.0,0.0,0.0,0.0
65,14.0,0.05144188047906387,750000.0,750000.0,750000.0,0.0,0.0,0.0
65,15.0,0.04192771041397725,750000.0,750000.0,750000.0,0.0,0.0,0.0
65,16.0,0.03312243636828855,750000.0,750000.0,750000.0,0.0,0.0,0.0
65,17.0,0.025368018076452756,750000.0,750000.0,750000.0,0.0,0.0,0.0
65,18.0,0.01883900602739119,750000.0,750000.0,750000.0,0.0,0.0,0.0
65,19.0,0.013566522361696096,750000.0,750000.0,750000.0,0.0,0.0,0.0
65,20.0,0.009473826676173254,750000.0,750000.0,750000.0,0.0,0.0,0.0
65,21.0,0.006415297693131673,750000.0,750000.0,750000.0,0.0,0.0,0.0
65,22.0,0.004212266923172329,750000.0,750000.0,750000.0,0.0,0.0,0.0
65,23.0,0.0026815392262760575,750000.0,750000.0,750000.0,0.0,0.0,0.0
65,24.0,0.0016549082516755045,750000.0,750000.0,750000.0,0.0,0.0,0.0
65,25.0,0.0009899886376509189,750000.0,750000.0,750000.0,0.0,0.0,0.0
66,3.0,0.07844312109109837,2634.51544,106.80467999999999,1589.9552275209128,1483.1505475209128,116.34295799551181,56.296900940573444
66,4.0,0.10418252843126527,30640.4844,1242.1818,25488.87664287613,24246.69484287613,2526.0819748321555,79.13287050669516
66,5.0,0.12198827457440077,74733.10764,3029.72058,64720.636463060684,61690.91588306068,7525.5683854890685,82.54830801394556
66,6.0,0.12957519371547868,137271.72123999998,5948.63026586106,121248.83453457804,115300.20426871697,14940.046303553265,83.99414185761614
66,7.0,0.12663711479650028,219263.06708,11983.134504441523,195301.82511118142,183318.6906067399,23214.950066709836,83.60673461703175
66,8.0,0.11475184833950343,328579.59816,21267.180030895048,293022.1924653859,271755.01243449084,31184.38997238256,82.70599086379103
66,9.0,0.09682436722739993,468481.31344,46450.72454774284,422024.7788525544,375574.0543048115,36364.72015509252,80.16841729438853
66,10.0,0.07625775190501544,630060.2897600001,102852.33883338649,578305.757931594,475453.41909820755,36257.00887598244,75.46157515804009
66,11.0,0.056132710725544155,740000.0,252593.51596401096,721109.8113039208,468516.29533990985,26299.08967651877,63.313012883771606
66,12.0,0.038639554824288595,740000.0,507889.58434759727,740000.0,232110.41565240273,8968.64313088943,31.36627238545983
66,13.0,0.024876222650131508,740000.0,726500.8660194508,740000.0,13499.133980549173,335.80746248409724,1.8242072946688073
66,14.0,0.014975879201804987,740000.0,740000.0,740000.0,0.0,0.0,0.0
66,15.0,0.008427231903484074,740000.0,740000.0,740000.0,0.0,0.0,0.0
66,16.0,0.00443026181690901,740000.0,740000.0,740000.0,0.0,0.0,0.0
66,17.0,0.002174451993086884,740000.0,740000.0,740000.0,0.0,0.0,0.0
66,18.0,0.0009957278703825415,740000.0,740000.0,740000.0,0.0,0.0,0.0
66,19.0,0.0004250851486079141,740000.0,740000.0,740000.0,0.0,0.0,0.0
66,20.0,0.00016905029128772654,740000.0,740000.0,740000.0,0.0,0.0,0.0
66,21.0,6.257661052302269e-05,740000.0,740000.0,740000.0,0.0,0.0,0.0
66,22.0,2.1543204767447797e-05,740000.0,740000.0,740000.0,0.0,0.0,0.0
66,23.0,6.892139062721904e-06,740000.0,740000.0,740000.0,0.0,0.0,0.0
66,24.0,2.047319703971871e-06,740000.0,740000.0,740000.0,0.0,0.0,0.0
66,25.0,5.642197530932759e-07,740000.0,740000.0,740000.0,0.0,0.0,0.0
67,3.0,0.04550058205577335,2598.91388,356.01559999999995,559.9834322827675,203.96783228276752,9.28065508952028,7.848195119215244
67,4.0,0.06267508442156755,30226.4238,4140.606,13014.512471320677,8873.906471320677,556.172837239118,29.35810908375035
67,5.0,0.07758607360275696,73723.20078,10179.704004788997,41812.582884549294,31632.878879760297,2454.270869032179,42.90763090191524
67,6.0,0.08889789994010813,135416.69798,22986.804951988994,84649.39749984472,61662.59254785573,5481.674982366936,45.53544242894094
67,7.0,0.09572303833997468,216300.05266,47244.30888648108,140294.96701853577,93050.6581320547,8907.091715934548,43.01924894966167
67,8.0,0.09770566636219162,324139.33332,79795.46461841324,214435.8104245789,134640.34580616566,13155.124706227327,41.53779932447899
67,9.0,0.09503573328716637,462150.48488,136374.87039281277,317154.03051188536,180779.1601190726,17180.480044954125,39.11694697583471
67,10.0,0.0883821058487379,621545.96152,224159.02219826786,452337.63952477835,228178.6173265105,20166.90670897031,36.71146326307008
67,11.0,0.07875687054461793,730000.0,393179.0225174098,620384.5593876299,227205.53687022004,17893.997054308336,31.124046146605483
67,12.0,0.06733951621844546,730000.0,625087.0405505531,727325.4149099587,102238.3743594056,6884.682668322692,14.005256761562409
67,13.0,0.05529722205907289,730000.0,730000.0,730000.0,0.0,0.0,0.0
67,14.0,0.04363494354108916,730000.0,730000.0,730000.0,0.0,0.0,0.0
67,15.0,0.033098248563815685,730000.0,730000.0,730000.0,0.0,0.0,0.0
67,16.0,0.024136926925515154,730000.0,730000.0,730000.0,0.0,0.0,0.0
67,17.0,0.01692300937691821,730000.0,730000.0,730000.0,0.0,0.0,0.0
67,18.0,0.011406799643350556,730000.0,730000.0,730000.0,0.0,0.0,0.0
67,19.0,0.007390646730203842,730000.0,730000.0,730000.0,0.0,0.0,0.0
67,20.0,0.004602063762129555,730000.0,730000.0,730000.0,0.0,0.0,0.0
67,21.0,0.002753444866784497,730000.0,730000.0,730000.0,0.0,0.0,0.0
67,22.0,0.0015824963835342337,730000.0,730000.0,730000.0,0.0,0.0,0.0
67,23.0,0.0008734355155394026,730000.0,730000.0,730000.0,0.0,0.0,0.0
67,24.0,0.00046282043711323,730000.0,730000.0,730000.0,0.0,0.0,0.0
67,25.0,0.0002353715735936666,730000.0,730000.0,730000.0,0.0,0.0,0.0
68,3.0,0.03484219903484147,2563.31232,142.40624,2142.1282502179074,1999.7220102179074,69.6747122943656,78.01320169279674
68,4.0,0.04861936227092851,29812.3632,2083.962625099636,28157.431613118737,26073.4689880191,1267.6754343883204,87.45857821837855
68,5.0,0.06130781427243738,72713.29392,9756.407351154765,69496.8311001082,59740.42374895344,3662.554803757545,82.15887429701719
68,6.0,0.07197486650253077,133561.67472,33565.11143117088,128414.39205175839,94849.28062058751,6826.764310527865,71.0153424022501
68,7.0,0.07989865810066354,213337.03824,64433.3802562661,205639.59346845906,141206.21321219296,11282.186951130405,66.18926295083311
68,8.0,0.08462106986640551,319699.06848,105025.10866328294,308276.4065449575,203251.29788167455,17199.34227848278,63.57581798659188
68,9.0,0.0859804272478537,455819.65632,171575.35689347016,440895.6966300393,269320.33973656915,23156.277877087323,59.084845509053174
68,10.0,0.08411177122782602,613031.6332800001,273426.05200832966,596272.0704694754,322846.0184611457,27155.150446618383,52.663843256141874
68,11.0,0.07941216660424788,720000.0,462048.6447412148,715694.9166049903,253646.27186377544,20142.59999979249,35.22864886996881
68,12.0,0.07247621626088906,720000.0,693351.9665227192,720000.0,26648.033477280755,1931.3486372268114,3.701115760733438
68,13.0,0.06401260960710928,720000.0,720000.0,720000.0,0.0,0.0,0.0
68,14.0,0.05475545785028861,720000.0,720000.0,720000.0,0.0,0.0,0.0
68,15.0,0.04538402680603093,720000.0,720000.0,720000.0,0.0,0.0,0.0
68,16.0,0.03646159913916658,720000.0,720000.0,720000.0,0.0,0.0,0.0
68,17.0,0.028399514518953634,720000.0,720000.0,720000.0,0.0,0.0,0.0
68,18.0,0.021447207525726066,720000.0,720000.0,720000.0,0.0,0.0,0.0
68,19.0,0.01570451426494059,720000.0,720000.0,720000.0,0.0,0.0,0.0
68,20.0,0.011149524038502879,720000.0,720000.0,720000.0,0.0,0.0,0.0
68,21.0,0.007674162100661059,720000.0,720000.0,720000.0,0.0,0.0,0.0
68,22.0,0.005120332034080741,720000.0,720000.0,720000.0,0.0,0.0,0.0
68,23.0,0.0033112787665100073,720000.0,720000.0,720000.0,0.0,0.0,0.0
68,24.0,0.0020751648015409187,720000.0,720000.0,720000.0,0.0,0.0,0.0
68,25.0,0.0012600571578647145,720000.0,720000.0,720000.0,0.0,0.0,0.0
69,3.0,0.05168260114222061,2527.71076,249.21092,1444.8188838203203,1195.6079638203203,61.79212951658815,47.30003063405563
69,4.0,0.06705528061714836,29398.302600000003,3174.9089226474516,25557.88664862695,22382.9777259795,1500.8968524629365,76.13697304408146
69,5.0,0.07926754670274838,71703.38706000001,15984.24986898384,64239.298986251095,48255.049117267255,3825.0593595463993,67.29814461468656
69,6.0,0.08763085192500672,131706.65146,41932.534608293376,119761.92418423781,77829.38957594443,6820.255713343247,59.09298331799258
69,7.0,0.09185077645684854,210374.02382,77412.47994391908,192511.41854992494,115098.93860600586,10571.926880320778,54.711573470918005
69,8.0,0.09201898736139821,315258.80364,124435.90761571703,288751.5005887915,164315.59297307447,15120.154473069993,52.12085787165187
69,9.0,0.08856426640695414,449488.82776,197037.91655871007,414856.4518326163,217818.53527390622,19290.938786370767,48.45916557245516
69,10.0,0.08216865937459301,604517.30504,304341.7715596817,565556.5228751359,261214.7513154542,21463.66592445858,43.21046711775604
69,11.0,0.07366283710482162,710000.0,488175.0051876015,700017.1352772579,211842.1300896564,15604.89232073279,29.836919730937524
69,12.0,0.0639177105431071,710000.0,695087.0123888412,710000.0,14912.987611158751,953.2040254629873,2.1004207903040495
69,13.0,0.05374819823906691,710000.0,710000.0,710000.0,0.0,0.0,0.0
69,14.0,0.04384086497963509,710000.0,710000.0,710000.0,0.0,0.0,0.0
69,15.0,0.034711346441729816,710000.0,710000.0,710000.0,0.0,0.0,0.0
69,16.0,0.026691552226003428,710000.0,710000.0,710000.0,0.0,0.0,0.0
69,17.0,0.01994185162254894,710000.0,710000.0,710000.0,0.0,0.0,0.0
69,18.0,0.014480544686261566,710000.0,710000.0,710000.0,0.0,0.0,0.0
69,19.0,0.010222076379452766,710000.0,710000.0,710000.0,0.0,0.0,0.0
69,20.0,0.007016339826051779,710000.0,710000.0,710000.0,0.0,0.0,0.0
69,21.0,0.00468341266536099,710000.0,710000.0,710000.0,0.0,0.0,0.0
69,22.0,0.0030404797005323127,710000.0,710000.0,710000.0,0.0,0.0,0.0
69,23.0,0.0019199271394286053,710000.0,710000.0,710000.0,0.0,0.0,0.0
69,24.0,0.0011792756212158143,710000.0,710000.0,710000.0,0.0,0.0,0.0
69,25.0,0.0007046128378653273,710000.0,710000.0,710000.0,0.0,0.0,0.0
70,3.0,0.0993137909188033,2492.1092,514.1110624412282,1128.3871835134903,614.2761210722621,61.00609025458414,24.64884448371131
70,4.0,0.12049268328642174,28984.242000000002,8328.867640210443,22812.397302633937,14483.529662423494,1745.1593524838888,49.97035859148393
70,5.0,0.13089491360562155,70693.4802,21299.320130580552,58674.87206692233,37375.551936341784,4892.269641669879,52.8698712110396
70,6.0,0.13057104605926376,129851.62819999999,43799.40754121728,110684.44054746036,66885.03300624307,8733.24872533354,51.50881350769468
70,7.0,0.12118714396934592,207411.0094,78513.53716786591,178904.99821289338,100391.46104502746,12166.154442956726,48.402185272344305
70,8.0,0.10545860417170441,310818.5388,124805.49844043383,269036.0958228339,144230.59738240007,15210.357478798995,46.40347320955879
70,9.0,0.08645805457050203,443157.9992,195438.3011235298,388409.1995393758,192970.898415846,16683.888465756016,43.54449175332543
70,10.0,0.06698790875016629,596002.9768000001,295878.0651635062,533805.2905380491,237927.22537454288,15938.247262570127,39.9204760103713
70,11.0,0.04915745547509007,700000.0,454222.08849948214,672570.5752290664,218348.48672958429,10733.456014462834,31.192640961369182
70,12.0,0.03421678923261839,700000.0,630301.0811902137,699677.8897599453,69376.80856973166,2373.851636462221,9.910972652818808
70,13.0,0.02261589033996217,700000.0,700000.0,700000.0,0.0,0.0,0.0
70,14.0,0.01420531580104487,700000.0,700000.0,700000.0,0.0,0.0,0.0
70,15.0,0.008483928777014902,700000.0,700000.0,700000.0,0.0,0.0,0.0
70,16.0,0.004819825181320192,700000.0,700000.0,700000.0,0.0,0.0,0.0
70,17.0,0.002605453743858879,700000.0,700000.0,700000.0,0.0,0.0,0.0
70,18.0,0.0013404344751560245,700000.0,700000.0,700000.0,0.0,0.0,0.0
70,19.0,0.0006564199903994829,700000.0,700000.0,700000.0,0.0,0.0,0.0
70,20.0,0.0003060087531240346,700000.0,700000.0,700000.0,0.0,0.0,0.0
70,21.0,0.0001358083424091919,700000.0,700000.0,700000.0,0.0,0.0,0.0
70,22.0,5.738135815748158e-05,700000.0,700000.0,700000.0,0.0,0.0,0.0
70,23.0,2.3081686152424864e-05,700000.0,700000.0,700000.0,0.0,0.0,0.0
70,24.0,8.839112045045879e-06,700000.0,700000.0,700000.0,0.0,0.0,0.0
70,25.0,3.222399817929687e-06,700000.0,700000.0,700000.0,0.0,0.0,0.0
71,3.0,0.08591823792321218,2456.50764,747.6327599999998,1380.2858850468458,632.653125046846,54.35644172063862,25.75416883486045
71,4.0,0.09530104717739783,28570.1814,14757.177689596707,22367.055546673477,7609.87785707677,725.2293286715084,26.635735176244875
71,5.0,0.0990550039348544,69683.57334,43005.38577585988,57723.184867925345,14717.799092065463,1457.871646976941,21.12090179453685
71,6.0,0.09822907194969313,127996.60493999999,85417.26552619293,108915.56768693449,23498.302160741558,2308.216413643112,18.358535503153917
71,7.0,0.09386094048497491,204447.99498,141092.34870890816,176084.27760686958,34991.92889796142,3284.375355746031,17.115320158255642
71,8.0,0.08694822132496387,306378.27395999996,214512.90175776664,265025.4494916839,50512.54773391728,4391.976180056442,16.48698750111507
71,9.0,0.07840390672872008,436827.17063999997,315807.02791528613,382559.92629126966,66752.89837598352,5233.688018142342,15.281306398176461
71,10.0,0.06901928634074916,587488.64856,447507.0020949517,525546.1292940229,78039.12719907123,5386.204865934843,13.283512352171195
71,11.0,0.05944143971637912,690000.0,606410.9615578534,659356.8613865582,52945.89982870477,3147.1805128974024,7.673318815754316
71,12.0,0.05016599445588444,690000.0,686984.5229256316,689552.833467986,2568.31054235436,128.8418524287384,0.37221891918179134
71,13.0,0.04154289950896467,690000.0,690000.0,690000.0,0.0,0.0,0.0
71,14.0,0.03379172649246534,690000.0,690000.0,690000.0,0.0,0.0,0.0
71,15.0,0.02702276901457209,690000.0,690000.0,690000.0,0.0,0.0,0.0
71,16.0,0.02126056467733681,690000.0,690000.0,690000.0,0.0,0.0,0.0
71,17.0,0.016467141240299642,690000.0,690000.0,690000.0,0.0,0.0,0.0
71,18.0,0.01256308442132508,690000.0,690000.0,690000.0,0.0,0.0,0.0
71,19.0,0.009445297117221921,690000.0,690000.0,690000.0,0.0,0.0,0.0
71,20.0,0.007000979265019414,690000.0,690000.0,690000.0,0.0,0.0,0.0
71,21.0,0.005117860545933991,690000.0,690000.0,690000.0,0.0,0.0,0.0
71,22.0,0.0036910562605646487,690000.0,690000.0,690000.0,0.0,0.0,0.0
71,23.0,0.0026271054990291585,690000.0,690000.0,690000.0,0.0,0.0,0.0
71,24.0,0.001845819122943764,690000.0,690000.0,690000.0,0.0,0.0,0.0
71,25.0,0.0012805467974945177,690000.0,690000.0,690000.0,0.0,0.0,0.0
72,3.0,0.057779782987133835,2420.9060799999997,285.00828929838,968.5183721002608,683.5100828018808,39.49306425381055,28.233647246731724
72,4.0,0.08463907583595733,28156.1208,5593.0902925656255,21369.943369152432,15776.853076586805,1335.3382640019872,56.033475593650685
72,5.0,0.107786144862236,68673.66648,16175.458886377008,55577.57362485281,39402.11473847581,4247.002047079798,57.375871652274434
72,6.0,0.12326831797789452,126141.58168,38634.23302670597,105205.01959500491,66570.78656829894,8206.068886739622,52.7746566054466
72,7.0,0.1285495428866132,201484.98056,70178.14399464053,170220.10773939578,100041.96374475525,12860.348708867417,49.65231823568301
72,8.0,0.12316006069543002,301938.00912,112626.41848186827,255793.9020836877,143167.48360181943,17632.515970012064,47.416184540357094
72,9.0,0.10878250176030273,430496.34208,179165.52119869343,370122.33783795865,190956.81663926522,20772.760242202676,44.357361021148776
72,10.0,0.08868957364243081,578974.32032,276033.932297019,510950.83391936467,234916.90162234567,20834.6798462867,40.57466685094197
72,11.0,0.06673667626934487,680000.0,440727.1157381357,653707.7597504982,212980.64401236252,14213.620291089623,31.320682942994488
72,12.0,0.046305002837369026,680000.0,628512.3804700187,679838.2159374296,51325.835467410856,2376.6429569487955,7.547916980501597
72,13.0,0.029581715097618817,680000.0,680000.0,680000.0,0.0,0.0,0.0
72,14.0,0.017368376051542102,680000.0,680000.0,680000.0,0.0,0.0,0.0
72,15.0,0.009352816750393416,680000.0,680000.0,680000.0,0.0,0.0,0.0
72,16.0,0.004609057664940653,680000.0,680000.0,680000.0,0.0,0.0,0.0
72,17.0,0.0020737792212607306,680000.0,680000.0,680000.0,0.0,0.0,0.0
72,18.0,0.0008498815882107525,680000.0,680000.0,680000.0,0.0,0.0,0.0
72,19.0,0.0003164801280865064,680000.0,680000.0,680000.0,0.0,0.0,0.0
72,20.0,0.000106822505924018,680000.0,680000.0,680000.0,0.0,0.0,0.0
72,21.0,3.260158680291761e-05,680000.0,680000.0,680000.0,0.0,0.0,0.0
72,22.0,8.974391711290016e-06,680000.0,680000.0,680000.0,0.0,0.0,0.0
72,23.0,2.222769811928871e-06,680000.0,680000.0,680000.0,0.0,0.0,0.0
72,24.0,4.941336298599587e-07,680000.0,680000.0,680000.0,0.0,0.0,0.0
72,25.0,9.835535447729864e-08,680000.0,680000.0,680000.0,0.0,0.0,0.0
73,3.0,0.04080768492102777,2385.30452,254.21695338832185,454.14061827704444,199.92366488872258,8.158421925036134,8.38147344342946
73,4.0,0.056094133269254706,27742.0602,5056.54788675603,20241.76876496781,15185.220878211778,851.8018036654804,54.737178020440524
73,5.0,0.06962946511368641,67663.75962,14519.307417959626,53120.396363439395,38601.08894547977,2687.77317607959,57.04839512652515
73,6.0,0.08035796986109288,124286.55842,38507.79219934057,101090.1609198139,62582.368720473336,5028.9920994755985,50.35328801123411
73,7.0,0.08753825248513153,198521.96614,69818.48809093634,163904.10342223378,94085.61533129743,8236.090350090077,47.39305033124
73,8.0,0.0908001896395645,297497.74428,112242.5046260294,246463.46921165596,134220.96458562656,12187.289037980163,45.11663270270043
73,9.0,0.0901635395950938,424165.51352,178857.3511077674,357390.1030687618,178532.7519609944,16097.14485045618,42.090350646240445
73,10.0,0.0860078335907363,570459.99208,275771.7189820292,494955.1580216702,219183.439039641,18851.492750766738,38.42222804099875
73,11.0,0.07899706887120918,670000.0,442766.3000851467,643376.8202310719,200610.52014592523,15847.64307625675,29.941868678496302
73,12.0,0.06997282724432873,670000.0,631464.1369500482,669874.9004080712,38410.76345802308,2687.7097157710236,5.732949769854192
73,13.0,0.05983523521963333,670000.0,670000.0,670000.0,0.0,0.0,0.0
73,14.0,0.04943204489870669,670000.0,670000.0,670000.0,0.0,0.0,0.0
73,15.0,0.039472417044861194,670000.0,670000.0,670000.0,0.0,0.0,0.0
73,16.0,0.030475153490602553,670000.0,670000.0,670000.0,0.0,0.0,0.0
73,17.0,0.022753204795131262,670000.0,670000.0,670000.0,0.0,0.0,0.0
73,18.0,0.016429311665190106,670000.0,670000.0,670000.0,0.0,0.0,0.0
73,19.0,0.011473086887228005,670000.0,670000.0,670000.0,0.0,0.0,0.0
73,20.0,0.007748277787106985,670000.0,670000.0,670000.0,0.0,0.0,0.0
73,21.0,0.005060056437518765,670000.0,670000.0,670000.0,0.0,0.0,0.0
73,22.0,0.0031950506063190163,670000.0,670000.0,670000.0,0.0,0.0,0.0
73,23.0,0.0019503299348560595,670000.0,670000.0,670000.0,0.0,0.0,0.0
73,24.0,0.0011507301020175736,670000.0,670000.0,670000.0,0.0,0.0,0.0
73,25.0,0.0006561365397026107,670000.0,670000.0,670000.0,0.0,0.0,0.0
74,3.0,0.06408556203277536,2207.29672,71.20312,1188.9643209836934,1117.7612009836935,71.63235478346998,50.639372172115294
74,4.0,0.08423434065000801,25671.7572,828.1212,20790.410505862397,19962.289305862396,1681.510277544025,77.75973086042741
74,5.0,0.09937142596239049,62614.225320000005,2283.0949425977656,53127.023385397115,50843.92844279935,5052.433670890715,81.20188053585798
74,6.0,0.10816031640591517,115011.44211999999,8204.454997245979,99829.14006257022,91624.68506532424,9910.1549272578,79.66571271206685
74,7.0,0.11017762669219228,183706.89403999998,16214.576876841671,161009.2172139159,144794.64033707423,15953.12983008841,78.81829426910181
74,8.0,0.105894114263001,275296.42008,28507.839118295517,241756.4080194676,213248.56890117208,22581.768321642157,77.46143914228995
74,9.0,0.0965071295974808,392511.37072,56251.84275032686,348700.24153677584,292448.398786449,28223.35552225958,74.50698772114517
74,10.0,0.083662187294895,527888.35088,110597.81682888349,478980.6566102406,368382.8397813571,30819.71413801319,69.7842335727348
74,11.0,0.0691319557325149,620000.0,245150.44869498513,600931.054689747,355780.6059947619,24595.80910411721,57.38396870883257
74,12.0,0.054525828281643415,620000.0,460468.96844511543,620000.0,159531.03155488457,8698.561632155073,25.730811541110416
74,13.0,0.04108581232504972,620000.0,611550.3594633094,620000.0,8449.640536690596,347.1603453046023,1.3628452478533222
74,14.0,0.029593878058925643,620000.0,620000.0,620000.0,0.0,0.0,0.0
74,15.0,0.020383998623441764,620000.0,620000.0,620000.0,0.0,0.0,0.0
74,16.0,0.013428942183512737,620000.0,620000.0,620000.0,0.0,0.0,0.0
74,17.0,0.008462442442712837,620000.0,620000.0,620000.0,0.0,0.0,0.0
74,18.0,0.005100939051005443,620000.0,620000.0,620000.0,0.0,0.0,0.0
74,19.0,0.002940870530480006,620000.0,620000.0,620000.0,0.0,0.0,0.0
74,20.0,0.001621521660854868,620000.0,620000.0,620000.0,0.0,0.0,0.0
74,21.0,0.0008549178026066597,620000.0,620000.0,620000.0,0.0,0.0,0.0
74,22.0,0.00043092552897640535,620000.0,620000.0,620000.0,0.0,0.0,0.0
74,23.0,0.00020761971324386182,620000.0,620000.0,620000.0,0.0,0.0,0.0
74,24.0,9.559357094473873e-05,620000.0,620000.0,620000.0,0.0,0.0,0.0
74,25.0,4.2051595428858136e-05,620000.0,620000.0,620000.0,0.0,0.0,0.0
75,3.0,0.0632021120436469,2207.29672,249.21092,1460.0493239272187,1210.8384039272187,76.52754447175866,54.856168314662234
75,4.0,0.08072206831051909,25671.7572,3078.06849869462,23908.756804198074,20830.688305503456,1681.4962443519812,81.14243268670154
75,5.0,0.0935287613470134,62614.225320000005,14906.273619433267,59187.72402562458,44281.45040619131,4141.589207140277,70.72107045944253
75,6.0,0.10088472021011738,115011.44211999999,38300.2974612035,109528.03636875945,71227.73890755595,7185.790510888073,61.931002337348964
75,7.0,0.1026918897859469,183706.89403999998,69939.4296504239,175506.7978629343,105567.3682125104,10840.91254147159,57.4651097141321
75,8.0,0.0994340856948652,275296.42008,111986.15881792436,263127.84606024716,151141.6872423228,15028.63548131964,54.90143576818095
75,9.0,0.09204552728640962,392511.37072,176444.5842161839,376612.8604438646,200168.2762276807,18424.594531388564,50.9968095600654
75,10.0,0.08173098162526432,527888.35088,271130.04947169806,509803.36839311465,238673.3189214166,19507.00464320715,45.21284065532865
75,11.0,0.06977306630655715,620000.0,430820.2913875841,616081.1378117907,185260.84642420657,12926.217321565066,29.880781681323644
75,12.0,0.057361114017274686,620000.0,607625.0765675174,620000.0,12374.92343248264,709.8393939656809,1.9959553923359095
75,13.0,0.04546670975369361,620000.0,620000.0,620000.0,0.0,0.0,0.0
75,14.0,0.03477749601661365,620000.0,620000.0,620000.0,0.0,0.0,0.0
75,15.0,0.025687287961076524,620000.0,620000.0,620000.0,0.0,0.0,0.0
75,16.0,0.018330287928599667,620000.0,620000.0,620000.0,0.0,0.0,0.0
75,17.0,0.012641972855596454,620000.0,620000.0,620000.0,0.0,0.0,0.0
75,18.0,0.008429049865972966,620000.0,620000.0,620000.0,0.0,0.0,0.0
75,19.0,0.005434425974297194,620000.0,620000.0,620000.0,0.0,0.0,0.0
75,20.0,0.0033885139907589962,620000.0,620000.0,620000.0,0.0,0.0,0.0
75,21.0,0.002043600333124795,620000.0,620000.0,620000.0,0.0,0.0,0.0
75,22.0,0.0011922006577668998,620000.0,620000.0,620000.0,0.0,0.0,0.0
75,23.0,0.0006728111342400962,620000.0,620000.0,620000.0,0.0,0.0,0.0
75,24.0,0.00036731739496315504,620000.0,620000.0,620000.0,0.0,0.0,0.0
75,25.0,0.00019399950568148904,620000.0,620000.0,620000.0,0.0,0.0,0.0
76,3.0,0.0972178108626039,2171.6951599999998,319.3455124125512,1899.1529035140932,1579.807391101542,153.58541614745343,72.74535672407826
76,4.0,0.11756791286250388,25257.696600000003,5261.58076650969,24287.504978405315,19025.924211895624,2236.8381998727477,75.32723396438146
76,5.0,0.12772765735286265,61604.31846,14210.423873971253,59718.69049581896,45508.26662184771,5812.6642857980805,73.87187742592504
76,6.0,0.12780806396993116,113156.41885999999,30317.254793578017,110138.86178495588,79821.60699137786,10201.845052536726,70.54094482270175
76,7.0,0.11934276321430339,180743.87962,53620.84437895746,176231.3085359527,122610.46415699524,14632.671591484115,67.83657870727033
76,8.0,0.10479255084668179,270856.15524,88342.33371210625,264159.7026533578,175817.36894125157,18424.350574505916,64.91171256029365
76,9.0,0.08694858207524686,386180.54216,142396.71207506102,377431.4791975226,235034.7671224616,20435.939739683887,60.86136960910977
76,10.0,0.06838948225088268,519374.02264000004,222489.81038537985,509573.96940734255,287084.15902196267,19633.536997942098,55.27503234811433
76,11.0,0.051106557169540115,610000.0,361885.25225688017,606988.7433068051,245103.49104992498,12526.395577796855,40.18090017211885
76,12.0,0.036342282642107586,610000.0,531655.6496261247,610000.0,78344.35037387535,2847.212524699685,12.843336126864813
76,13.0,0.024620508945722736,610000.0,609975.583441068,610000.0,24.416558932047337,0.6011481076102378,0.004002714579024153
76,14.0,0.015903851671286145,610000.0,610000.0,610000.0,0.0,0.0,0.0
76,15.0,0.009801817591283075,610000.0,610000.0,610000.0,0.0,0.0,0.0
76,16.0,0.005766612025728597,610000.0,610000.0,610000.0,0.0,0.0,0.0
76,17.0,0.003239701431960585,610000.0,610000.0,610000.0,0.0,0.0,0.0
76,18.0,0.0017385269599632452,610000.0,610000.0,610000.0,0.0,0.0,0.0
76,19.0,0.0008913385278552136,610000.0,610000.0,610000.0,0.0,0.0,0.0
76,20.0,0.00043667511063528764,610000.0,610000.0,610000.0,0.0,0.0,0.0
76,21.0,0.00020444682591859423,610000.0,610000.0,610000.0,0.0,0.0,0.0
76,22.0,9.148413957474176e-05,610000.0,610000.0,610000.0,0.0,0.0,0.0
76,23.0,3.91273638039357e-05,610000.0,610000.0,610000.0,0.0,0.0,0.0
76,24.0,1.5995627820943137e-05,610000.0,610000.0,610000.0,0.0,0.0,0.0
76,25.0,6.250531782831679e-06,610000.0,610000.0,610000.0,0.0,0.0,0.0
77,3.0,0.0898737592618047,2136.0936,262.42534599525095,1612.8377557157928,1350.4124097205417,121.36663981537754,63.21878450085434
77,4.0,0.11622635124927475,24843.636000000002,3279.879346474034,23360.895207610116,20081.015861136082,2333.9432029186596,80.82961713469027
77,5.0,0.13233290200709688,60594.41160000001,8366.116823376087,57705.67929050137,49339.56246712529,6529.247485035126,81.42592883454171
77,6.0,0.13637671715545174,111301.39559999999,19610.76434828168,106672.55074592603,87061.78639764435,11873.2006185999,78.22164846030408
77,7.0,0.12897407904277755,177780.8652,40792.088615192166,170844.62272414778,130052.53410895562,16773.405813881964,73.15328000156207
77,8.0,0.11277140541396846,266415.8904,69029.33273438447,256243.68975878635,187214.3570244019,21112.42615531426,70.2714679455929
77,9.0,0.09155167472615937,379849.7136,116696.5502415901,366524.275530355,249827.7252887649,22872.146643213302,65.7701497050082
77,10.0,0.06917513383375426,510859.69440000004,191317.31370171485,495575.89108413056,304258.5773824157,21047.127810496284,59.55814888464916
77,11.0,0.048710542655544406,600000.0,332068.0522334954,594057.287664896,261989.2354314006,12761.637827774704,43.6648725719001
77,12.0,0.031986130238827556,600000.0,523049.8952278838,599849.8949184078,76799.99969052395,2456.5347924430152,12.799999948420659
77,13.0,0.019590719996360487,600000.0,600000.0,600000.0,0.0,0.0,0.0
77,14.0,0.011190385335476491,600000.0,600000.0,600000.0,0.0,0.0,0.0
77,15.0,0.00595956414679113,600000.0,600000.0,600000.0,0.0,0.0,0.0
77,16.0,0.002957792195876177,600000.0,600000.0,600000.0,0.0,0.0,0.0
77,17.0,0.0013673252526144406,600000.0,600000.0,600000.0,0.0,0.0,0.0
77,18.0,0.0005883903002257248,600000.0,600000.0,600000.0,0.0,0.0,0.0
77,19.0,0.00023554142212257013,600000.0,600000.0,600000.0,0.0,0.0,0.0
77,20.0,8.765615074690277e-05,600000.0,600000.0,600000.0,0.0,0.0,0.0
77,21.0,3.0304507765358012e-05,600000.0,600000.0,600000.0,0.0,0.0,0.0
77,22.0,9.72596849720699e-06,600000.0,600000.0,600000.0,0.0,0.0,0.0
77,23.0,2.895659244102701e-06,600000.0,600000.0,600000.0,0.0,0.0,0.0
77,24.0,7.991682033319305e-07,600000.0,600000.0,600000.0,0.0,0.0,0.0
77,25.0,2.0431141645019074e-07,600000.0,600000.0,600000.0,0.0,0.0,0.0
78,3.0,0.09744551311781054,2136.0936,213.60935999999998,1184.8952446421908,971.2858846421909,94.64745141304483,45.470193096509945
78,4.0,0.11621088288697737,24843.636000000002,2484.3635999999997,20655.34223434844,18170.97863434844,2111.6654700180347,73.14138169770496
78,5.0,0.1251858265715625,60594.41160000001,6337.4817338744315,52454.20128388052,46116.719550006084,5773.1596556364475,76.10721571889326
78,6.0,0.1247907866482476,111301.39559999999,16034.542042518564,98274.6746887933,82240.13264627474,10262.810846984852,73.8895790146541
78,7.0,0.11660017181678302,177780.8652,32013.76349177942,158300.2049699012,126286.4414781218,14725.020774479115,71.03488968627305
78,8.0,0.10289866073396352,266415.8904,56217.76456193716,237509.6716549376,181291.90709300045,18654.69444177589,68.04845867894991
78,9.0,0.08618470347815468,379849.7136,98868.92496555489,342091.3748431343,243222.4498775794,20962.054721929522,64.0312316080102
78,10.0,0.06873743935593532,510859.69440000004,167470.8757587795,468676.2398617829,301205.3641030034,20704.085448712613,58.960487077918
78,11.0,0.05232525875649249,600000.0,307141.0483848981,585813.0427784503,278671.9943935522,14581.584214830444,46.445332398925366
78,12.0,0.03808234212194604,600000.0,504345.0247517174,600000.0,95654.9752482826,3642.7654930713784,15.942495874713766
78,13.0,0.026532911591117078,600000.0,599478.8574358074,600000.0,521.1425641926471,13.827429582091563,0.08685709403210785
78,14.0,0.017714165026334366,600000.0,600000.0,600000.0,0.0,0.0,0.0
78,15.0,0.011341314562183515,600000.0,600000.0,600000.0,0.0,0.0,0.0
78,16.0,0.006967496299471377,600000.0,600000.0,600000.0,0.0,0.0,0.0
78,17.0,0.004109345742899028,600000.0,600000.0,600000.0,0.0,0.0,0.0
78,18.0,0.0023276809426477163,600000.0,600000.0,600000.0,0.0,0.0,0.0
78,19.0,0.0012666901032776102,600000.0,600000.0,600000.0,0.0,0.0,0.0
78,20.0,0.0006624153201577873,600000.0,600000.0,600000.0,0.0,0.0,0.0
78,21.0,0.00033296670599493875,600000.0,600000.0,600000.0,0.0,0.0,0.0
78,22.0,0.00016090269398323122,600000.0,600000.0,600000.0,0.0,0.0,0.0
78,23.0,7.476298432430242e-05,600000.0,600000.0,600000.0,0.0,0.0,0.0
78,24.0,3.3406340173159686e-05,600000.0,600000.0,600000.0,0.0,0.0,0.0
78,25.0,1.4356199562741804e-05,600000.0,600000.0,600000.0,0.0,0.0,0.0
79,3.0,0.08803192230280664,2136.0936,385.77011338698395,1309.1300476186889,923.359934231705,81.2851499878101,43.2265671425496
79,4.0,0.10757336306725357,24843.636000000002,5296.143783205875,21908.66622115974,16612.522437953863,1787.0649076809073,66.86832168187404
79,5.0,0.11859897069384934,60594.41160000001,14232.036236791235,54927.99836699217,40695.96213020093,4826.499220037703,67.16124648399247
79,6.0,0.12094428837839251,111301.39559999999,32146.71100209574,102265.3589548249,70118.64795272917,8480.449978697858,62.99889374678172
79,7.0,0.11558890956107377,177780.8652,59186.472676731864,164312.11141233236,105125.6387356005,12151.35794835944,59.13214485559861
79,8.0,0.10433317217667282,266415.8904,95835.28966614342,246647.98655077248,150812.69688462905,15734.767070492371,56.60799611396944
79,9.0,0.08937676086927723,379849.7136,152945.27743377484,353960.6800779187,201015.40264414385,17966.105573167122,52.91971941719633
79,10.0,0.07290198141908978,510859.69440000004,236588.60102137408,481376.7896406492,244788.18861927514,17845.54397833504,47.91691168879091
79,11.0,0.0567481378957907,600000.0,377083.22096044006,588658.1022501776,211574.8812897376,12006.480538715577,35.26248021495626
79,12.0,0.04222482172290588,600000.0,543933.2507158555,599902.5650759425,55969.31436008704,2363.294320807951,9.328219060014506
79,13.0,0.030068153070564027,600000.0,600000.0,600000.0,0.0,0.0,0.0
79,14.0,0.020509573022552647,600000.0,600000.0,600000.0,0.0,0.0,0.0
79,15.0,0.013409487564095036,600000.0,600000.0,600000.0,0.0,0.0,0.0
79,16.0,0.008408135715479239,600000.0,600000.0,600000.0,0.0,0.0,0.0
79,17.0,0.005058180159446323,600000.0,600000.0,600000.0,0.0,0.0,0.0
79,18.0,0.002920331018966911,600000.0,600000.0,600000.0,0.0,0.0,0.0
79,19.0,0.0016185241981963735,600000.0,600000.0,600000.0,0.0,0.0,0.0
79,20.0,0.0008612679414103343,600000.0,600000.0,600000.0,0.0,0.0,0.0
79,21.0,0.00044010207762993964,600000.0,600000.0,600000.0,0.0,0.0,0.0
79,22.0,0.00021598016653083603,600000.0,600000.0,600000.0,0.0,0.0,0.0
79,23.0,0.00010180215523868043,600000.0,600000.0,600000.0,0.0,0.0,0.0
79,24.0,4.6090388594669464e-05,600000.0,600000.0,600000.0,0.0,0.0,0.0
79,25.0,2.0044434182647202e-05,600000.0,600000.0,600000.0,0.0,0.0,0.0
80,3.0,0.0457903691725845,2136.0936,390.6386552420591,995.1194794532814,604.4808242112224,27.67940009838003,28.298424011533125
80,4.0,0.06017476728800619,24843.636000000002,10575.757610297946,19452.225159992267,8876.467549694322,534.1393691423943,35.72934150900585
80,5.0,0.07210283178271373,60594.41160000001,32990.941991416665,50127.88059948166,17136.938608064993,1235.6218017280025,28.281384628652773
80,6.0,0.08089115489880463,111301.39559999999,67198.30309842108,94577.78183879358,27379.478740372506,2214.7576558360006,24.599402903059833
80,7.0,0.08616310891706648,177780.8652,111933.1254350728,152826.41199562576,40893.286560552966,3523.4927038937362,23.002074219038597
80,8.0,0.08785605272254202,266415.8904,171285.63989653194,229658.3332079785,58372.69331144655,5128.394421127224,21.910364739807786
80,9.0,0.08619886679687593,379849.7136,254493.86678477578,331781.27041207446,77287.40362729869,6662.086610345905,20.346837409672506
80,10.0,0.08166022697640148,510859.69440000004,365074.9668259593,456692.98930243595,91618.02247647668,7481.548510558137,17.93408708512054
80,11.0,0.07487532169431002,600000.0,511321.2298568203,578575.4221856449,67254.19232882455,5035.679285911735,11.20903205480409
80,12.0,0.06656241024200601,600000.0,597058.6079660861,599874.3743871249,2815.766421038774,187.4241996628479,0.46929440350646234
80,13.0,0.05744139748195686,600000.0,600000.0,600000.0,0.0,0.0,0.0
80,14.0,0.04816493597484554,600000.0,600000.0,600000.0,0.0,0.0,0.0
80,15.0,0.03926919336128713,600000.0,600000.0,600000.0,0.0,0.0,0.0
80,16.0,0.031147279622185726,600000.0,600000.0,600000.0,0.0,0.0,0.0
80,17.0,0.02404435648769048,600000.0,600000.0,600000.0,0.0,0.0,0.0
80,18.0,0.018070389313291472,600000.0,600000.0,600000.0,0.0,0.0,0.0
80,19.0,0.013224757983130995,600000.0,600000.0,600000.0,0.0,0.0,0.0
80,20.0,0.00942656600760801,600000.0,600000.0,600000.0,0.0,0.0,0.0
80,21.0,0.006545229725076302,600000.0,600000.0,600000.0,0.0,0.0,0.0
80,22.0,0.004427374590457457,600000.0,600000.0,600000.0,0.0,0.0,0.0
80,23.0,0.002917759178714455,600000.0,600000.0,600000.0,0.0,0.0,0.0
80,24.0,0.0018735101033925258,600000.0,600000.0,600000.0,0.0,0.0,0.0
80,25.0,0.0011721396790519794,600000.0,600000.0,600000.0,0.0,0.0,0.0
81,3.0,0.03742651996447589,2100.49204,318.34368161486225,822.5882418591859,504.2445602443237,18.872119100962546,24.00602100088528
81,4.0,0.05452086706099104,24429.5754,8812.815710945864,15467.839312760374,6655.02360181451,362.8376570822866,27.24166708936951
81,5.0,0.07068406453562384,59584.504740000004,24803.14565409739,42438.19323687881,17635.047582781423,1246.5168414301193,29.596700786106794
81,6.0,0.08425526490272146,109446.37234,50263.88700304779,82106.65187326777,31842.764870219973,2682.920589375457,29.09439955789399
81,7.0,0.09387544546652264,174817.85078,85019.2023109508,134154.58774253915,49135.38543158835,4612.606195559643,28.106617952547026
81,8.0,0.09866512724301583,261975.62556,132396.5815760668,202815.55624634758,70418.97467028079,6947.897096165963,26.879971951494706
81,9.0,0.09834576376614562,373518.88504,201217.8514325282,295789.25321586535,94571.40178333715,9300.696738817318,25.31904157221114
81,10.0,0.09326382323372197,502345.36616000003,295638.3796862805,413373.02389250026,117734.64420621976,10980.383045734028,23.436992184520435
81,11.0,0.08430503295171106,590000.0,434119.1377083772,541297.7383354615,107178.60062708426,9035.695457584618,18.16586451306513
81,12.0,0.07271640406659248,590000.0,550035.5365543892,589259.4054110021,39223.86885661294,2852.2186968324995,6.6481133655276174
81,13.0,0.05987797976415786,590000.0,589920.2783238452,590000.0,79.72167615476064,4.773572911559504,0.01351214850080689
81,14.0,0.04707741651978512,590000.0,590000.0,590000.0,0.0,0.0,0.0
81,15.0,0.03533545177561399,590000.0,590000.0,590000.0,0.0,0.0,0.0
81,16.0,0.025311788542576243,590000.0,590000.0,590000.0,0.0,0.0,0.0
81,17.0,0.017296297543604247,590000.0,590000.0,590000.0,0.0,0.0,0.0
81,18.0,0.01126843810095529,590000.0,590000.0,590000.0,0.0,0.0,0.0
81,19.0,0.006994974900117547,590000.0,590000.0,590000.0,0.0,0.0,0.0
81,20.0,0.0041345642245025835,590000.0,590000.0,590000.0,0.0,0.0,0.0
81,21.0,0.0023253455336615446,590000.0,590000.0,590000.0,0.0,0.0,0.0
81,22.0,0.0012434854633924495,590000.0,590000.0,590000.0,0.0,0.0,0.0
81,23.0,0.0006317748918556389,590000.0,590000.0,590000.0,0.0,0.0,0.0
81,24.0,0.00030473313952296345,590000.0,590000.0,590000.0,0.0,0.0,0.0
81,25.0,0.00013943640873266737,590000.0,590000.0,590000.0,0.0,0.0,0.0
82,3.0,0.07154120876824974,2064.89048,106.80467999999999,864.6116462313366,757.8069662313367,54.21442637719004,36.6996203223009
82,4.0,0.09244458737500934,24015.5148,1242.1818,19601.51308162391,18359.331281623912,1697.220804810824,76.4477939970036
82,5.0,0.1071309088020523,58574.59788,3147.4292870271365,49995.71007180335,46848.28078477621,5018.898896286799,79.98054187371949
82,6.0,0.11439236351774613,107591.34908,9258.493644421978,93862.6156854056,84604.12204098362,9678.065483611957,78.63468835033927
82,7.0,0.11412802248593582,171854.83636,23793.04381845557,151324.359621251,127531.31580279543,14554.89687760242,74.20874413778147
82,8.0,0.1072438404339823,257535.36072,43762.17048814165,227069.0563667649,183306.88587862326,19658.534419617277,71.17736584449848
82,9.0,0.09538096466125642,367188.05647999997,81887.25541407778,327383.15805480094,245495.90264072316,23415.636014258063,66.8583572663385
82,10.0,0.08054132868299031,493831.03792000003,146044.76286420014,449169.2242838529,303124.4614196528,24414.046879054673,61.382221477289676
82,11.0,0.06470484235087326,580000.0,284336.87352296396,567339.3842118985,283002.5106889346,18311.632839028836,48.793536325678375
82,12.0,0.049523543466976114,580000.0,486907.63702479046,580000.0,93092.36297520954,4610.263684246308,16.05040740951889
82,13.0,0.03614449301006059,580000.0,580000.0,580000.0,0.0,0.0,0.0
82,14.0,0.025170463518114184,580000.0,580000.0,580000.0,0.0,0.0,0.0
82,15.0,0.016731189741672512,580000.0,580000.0,580000.0,0.0,0.0,0.0
82,16.0,0.010618139413058763,580000.0,580000.0,580000.0,0.0,0.0,0.0
82,17.0,0.0064343615738336425,580000.0,580000.0,580000.0,0.0,0.0,0.0
82,18.0,0.00372314847452257,580000.0,580000.0,580000.0,0.0,0.0,0.0
82,19.0,0.0020570638890093345,580000.0,580000.0,580000.0,0.0,0.0,0.0
82,20.0,0.001085129232344993,580000.0,580000.0,580000.0,0.0,0.0,0.0
82,21.0,0.000546461051030349,580000.0,580000.0,580000.0,0.0,0.0,0.0
82,22.0,0.00026267376584457444,580000.0,580000.0,580000.0,0.0,0.0,0.0
82,23.0,0.0001204981355740717,580000.0,580000.0,580000.0,0.0,0.0,0.0
82,24.0,5.274355895194422e-05,580000.0,580000.0,580000.0,0.0,0.0,0.0
82,25.0,2.20240909108881e-05,580000.0,580000.0,580000.0,0.0,0.0,0.0
83,3.0,0.06805634748685284,2064.89048,284.81248,427.92858784515465,143.11610784515466,9.73995956647575,6.930929714255579
83,4.0,0.08366919857819541,24015.5148,3312.4848,8064.004262505813,4751.519462505813,397.55582545655915,19.785207612979477
83,5.0,0.09417252383985075,58574.59788,8079.25488,24756.57973652334,16677.32485652334,1570.5457726358798,28.471940841471366
83,6.0,0.09937336377656134,107591.34908,16122.394783058984,53466.3901994796,37343.99541642062,3710.9984413862053,34.709106016184755
83,7.0,0.09956549142842609,171854.83636,28305.119339258665,90971.28728084755,62666.16794158889,6239.387807040578,36.46459376349255
83,8.0,0.09543898253498254,257535.36072,48714.161716840026,141448.91572525472,92734.75400841469,8850.510568194992,36.00855189328297
83,9.0,0.08795057162641606,367188.05647999997,86180.4030437828,213702.68903665696,127522.28599287415,11215.657948180591,34.72942099896979
83,10.0,0.07817944503699518,493831.03792000003,147138.8922397554,311376.3688014665,164237.47656171108,12839.994771871077,33.25782787033271
83,11.0,0.06719200685600606,580000.0,271560.9137996268,448377.7908946362,176816.87709500937,11880.68081802545,30.48566846465679
83,12.0,0.05593372442436824,580000.0,454707.8796459169,569588.3939211527,114880.51427523576,6425.695027200739,19.806985219868235
83,13.0,0.04515830371073327,580000.0,577667.7553864918,580000.0,2332.244613508228,105.3202105845263,0.4021111402600393
83,14.0,0.03539623715880607,580000.0,580000.0,580000.0,0.0,0.0,0.0
83,15.0,0.026957948150781313,580000.0,580000.0,580000.0,0.0,0.0,0.0
83,16.0,0.019962385744612867,580000.0,580000.0,580000.0,0.0,0.0,0.0
83,17.0,0.014380277616512394,580000.0,580000.0,580000.0,0.0,0.0,0.0
83,18.0,0.010081946153377522,580000.0,580000.0,580000.0,0.0,0.0,0.0
83,19.0,0.006881850952164088,580000.0,580000.0,580000.0,0.0,0.0,0.0
83,20.0,0.004574950365973538,580000.0,580000.0,580000.0,0.0,0.0,0.0
83,21.0,0.002962811637016463,580000.0,580000.0,580000.0,0.0,0.0,0.0
83,22.0,0.0018696405956998808,580000.0,580000.0,580000.0,0.0,0.0,0.0
83,23.0,0.0011498338300045808,580000.0,580000.0,580000.0,0.0,0.0,0.0
83,24.0,0.0006893029927024349,580000.0,580000.0,580000.0,0.0,0.0,0.0
83,25.0,0.00040285550296105055,580000.0,580000.0,580000.0,0.0,0.0,0.0
84,3.0,0.062148025050710425,2029.28892,427.21871999999996,862.6687889957242,435.4500689957242,27.062361796279852,21.458258836584207
84,4.0,0.07974545544163011,23601.4542,7841.530578201308,18139.045210213342,10297.514632012033,821.1799942466497,43.63084810262256
84,5.0,0.09276312428468604,57564.691020000006,21966.309963688193,47007.14932829985,25040.839364611656,2322.8664941723296,43.5003453000583
84,6.0,0.10040729644210301,105736.32582,44990.394757572896,88971.46901937186,43981.07426179896,4416.020761246595,41.595046849528366
84,7.0,0.1025226513305054,168891.82194,76931.08316248967,144017.64727972957,67086.5641172399,6877.892421953381,39.72161786559025
84,8.0,0.09954379240318402,253095.09587999998,120325.04086572722,216580.53420802162,96255.4933422944,9581.636846931415,38.03135458141474
84,9.0,0.09237060733475941,360857.22792,184274.91762514072,313033.21590903186,128758.29828389114,11893.482211873135,35.68123022671895
84,10.0,0.08219139483678842,485316.70968,272723.55836114637,431194.08926440374,158470.53090325737,13024.913975465108,32.653013535789235
84,11.0,0.07028911729590015,570000.0,403867.96039926936,547119.7808727527,143251.8204734833,10069.044012111897,25.13189832868128
84,12.0,0.057866124639013354,570000.0,526344.0373808673,570000.0,43655.96261913271,2526.2013741548412,7.65894081037416
84,13.0,0.045914027766764336,570000.0,570000.0,570000.0,0.0,0.0,0.0
84,14.0,0.03514193467460822,570000.0,570000.0,570000.0,0.0,0.0,0.0
84,15.0,0.025962298838008484,570000.0,570000.0,570000.0,0.0,0.0,0.0
84,16.0,0.018522738157964156,570000.0,570000.0,570000.0,0.0,0.0,0.0
84,17.0,0.012766347113078344,570000.0,570000.0,570000.0,0.0,0.0,0.0
84,18.0,0.008502421912977232,570000.0,570000.0,570000.0,0.0,0.0,0.0
84,19.0,0.0054729040564705355,570000.0,570000.0,570000.0,0.0,0.0,0.0
84,20.0,0.0034052825373522876,570000.0,570000.0,570000.0,0.0,0.0,0.0
84,21.0,0.002048287739118697,570000.0,570000.0,570000.0,0.0,0.0,0.0
84,22.0,0.001191129317487448,570000.0,570000.0,570000.0,0.0,0.0,0.0
84,23.0,0.000669688557648348,570000.0,570000.0,570000.0,0.0,0.0,0.0
84,24.0,0.00036403177433124546,570000.0,570000.0,570000.0,0.0,0.0,0.0
84,25.0,0.0001913184949105586,570000.0,570000.0,570000.0,0.0,0.0,0.0
85,3.0,0.07574800771812247,1993.68736,320.41404,1601.02392259948,1280.60988259948,97.00364727104932,64.23323477355447
85,4.0,0.0949948475780386,23187.393600000003,3726.5454,22019.82918959881,18293.283789598812,1737.7677052947436,78.89323011103244
85,5.0,0.10760534091020175,56554.78416,9684.95049611385,54285.54986315426,44600.599367040406,4799.262699689712,78.8626462455593
85,6.0,0.1129505853072083,103881.30256,24508.075185012618,100249.86298790309,75741.78780289047,8555.07926455085,72.91185799209956
85,7.0,0.11135105081975716,165928.80752,46866.3440237365,160498.21290356843,113631.86887983193,12653.028006382148,68.48230309021866
85,8.0,0.10391036951524579,248654.83104,77609.59412586238,240596.07280907326,162986.47868321088,16935.985225961173,65.54728013991088
85,9.0,0.09224111337993114,354526.39936,127078.7255280921,343997.4540341711,216918.72850607903,20008.825030359738,61.185493914604436
85,10.0,0.07814658215148007,476802.38144,201372.81049105863,464896.945985094,263524.1354940354,20593.5105032824,55.26904767089482
85,11.0,0.06332735459167611,560000.0,334624.28029721114,557272.2275280608,222647.94723084965,14099.705503396808,39.75856200550887
85,12.0,0.0491654016541697,560000.0,505224.26874045056,560000.0,54775.731259549444,2693.0708282766072,9.7813805820624
85,13.0,0.03661123289968647,560000.0,560000.0,560000.0,0.0,0.0,0.0
85,14.0,0.026171131859680393,560000.0,560000.0,560000.0,0.0,0.0,0.0
85,15.0,0.017970338035909264,560000.0,560000.0,560000.0,0.0,0.0,0.0
85,16.0,0.011858198163927688,560000.0,560000.0,560000.0,0.0,0.0,0.0
85,17.0,0.007522489975282998,560000.0,560000.0,560000.0,0.0,0.0,0.0
85,18.0,0.004588786659215887,560000.0,560000.0,560000.0,0.0,0.0,0.0
85,19.0,0.0026922198344847053,560000.0,560000.0,560000.0,0.0,0.0,0.0
85,20.0,0.0015193558268410943,560000.0,560000.0,560000.0,0.0,0.0,0.0
85,21.0,0.0008248719848725837,560000.0,560000.0,560000.0,0.0,0.0,0.0
85,22.0,0.00043084303026518064,560000.0,560000.0,560000.0,0.0,0.0,0.0
85,23.0,0.00021650750371276687,560000.0,560000.0,560000.0,0.0,0.0,0.0
85,24.0,0.00010467787176206704,560000.0,560000.0,560000.0,0.0,0.0,0.0
85,25.0,4.8692728527629595e-05,560000.0,560000.0,560000.0,0.0,0.0,0.0
86,3.0,0.11335830577977907,1993.68736,272.87365986376096,1922.4842400000002,1649.6105801362392,186.99706056064255,82.74168825227639
86,4.0,0.1501998029787252,23187.393600000003,5535.46247393559,22760.004523283365,17224.542049347776,2587.1228222108034,74.28408016219544
86,5.0,0.16850907429603607,56554.78416,15286.812260997674,55724.12681695084,40437.31455595317,6814.054442841293,71.50113850943423
86,6.0,0.16451604390093333,103881.30256,30646.91936620087,102552.00749752251,71905.08813132165,11829.540635712992,69.21850839306771
86,7.0,0.14139512281011898,165928.80752,51559.74448946645,163940.9284801263,112381.18399065986,15890.15131190593,67.72855519805634
86,8.0,0.10745875719088609,248654.83104,80318.94744050076,245734.2790795819,165415.33163908112,17775.325958253914,66.52407715033355
86,9.0,0.07228125495247095,354526.39936,124597.4420323668,350714.45651421003,226117.01448184322,16344.021572853677,63.78002171066396
86,10.0,0.04298733663089423,476802.38144,192589.33539457002,472544.74396826787,279955.40857369784,12034.537389997082,58.71518672541004
86,11.0,0.02255583705552466,560000.0,312008.98977767245,558116.5415949989,246107.55181732646,5551.161836925708,43.94777711023687
86,12.0,0.010412820028628759,560000.0,451621.1603582788,560000.0,108378.83964172122,1128.5293521008591,19.353364221735934
86,13.0,0.004215850177718,560000.0,549696.8885245789,560000.0,10303.111475421116,43.43637434470248,1.8398413348966278
86,14.0,0.0014918449701402053,560000.0,560000.0,560000.0,0.0,0.0,0.0
86,15.0,0.00045976863374486306,560000.0,560000.0,560000.0,0.0,0.0,0.0
86,16.0,0.00012295784294560143,560000.0,560000.0,560000.0,0.0,0.0,0.0
86,17.0,2.8430553516213354e-05,560000.0,560000.0,560000.0,0.0,0.0,0.0
86,18.0,5.662865738912551e-06,560000.0,560000.0,560000.0,0.0,0.0,0.0
86,19.0,9.681117433952946e-07,560000.0,560000.0,560000.0,0.0,0.0,0.0
86,20.0,1.4154072032523693e-07,560000.0,560000.0,560000.0,0.0,0.0,0.0
86,21.0,1.763388207273322e-08,560000.0,560000.0,560000.0,0.0,0.0,0.0
86,22.0,1.8654635905026524e-09,560000.0,560000.0,560000.0,0.0,0.0,0.0
86,23.0,1.6698551631218293e-10,560000.0,560000.0,560000.0,0.0,0.0,0.0
86,24.0,1.2604477621398917e-11,560000.0,560000.0,560000.0,0.0,0.0,0.0
86,25.0,7.995508924705646e-13,560000.0,560000.0,560000.0,0.0,0.0,0.0
87,3.0,0.043590089390247444,1993.68736,391.9313618098852,899.3446738822538,507.4133120723686,22.118191631036073,25.45099709476859
87,4.0,0.05900200058518758,23187.393600000003,9671.502774680694,16210.857020399157,6539.354245718463,385.8349830326296,28.20219623872888
87,5.0,0.07228681262020135,56554.78416,28958.93486159335,43256.01070152412,14297.075839930774,1033.4900422578837,25.280046687973734
87,6.0,0.08246331408781316,103881.30256,59848.59118030246,82769.04716206767,22920.45598176521,1890.0967606602005,22.064082194701747
87,7.0,0.08889525050334612,165928.80752,100309.52562089318,134616.2580504905,34306.73242959731,3049.705573280321,20.675573423537198
87,8.0,0.09133189123911194,248654.83104,153802.04442855893,203004.21623923932,49202.17181068039,4493.7274045411605,19.78733797565568
87,9.0,0.08990757789587227,354526.39936,229350.25976520177,294560.41643884254,65210.15667364077,5862.887240737392,18.393596863691897
87,10.0,0.08509444509307301,476802.38144,330020.2749452515,408291.549325045,78271.2743797935,6660.45066007619,16.415873205877226
87,11.0,0.07761550270914747,560000.0,463863.3954288728,524633.9612057935,60770.56577692076,4716.7380126950175,10.851886745878707
87,12.0,0.068333678172491,560000.0,554192.9066963522,559721.3660167588,5528.459320406662,377.77995999037717,0.9872248786440468
87,13.0,0.05813618583939281,560000.0,560000.0,560000.0,0.0,0.0,0.0
87,14.0,0.04783268203494062,560000.0,560000.0,560000.0,0.0,0.0,0.0
87,15.0,0.0380809127228773,560000.0,560000.0,560000.0,0.0,0.0,0.0
87,16.0,0.029346585550907585,560000.0,560000.0,560000.0,0.0,0.0,0.0
87,17.0,0.021896938049538534,560000.0,560000.0,560000.0,0.0,0.0,0.0
87,18.0,0.015821633499039464,560000.0,560000.0,560000.0,0.0,0.0,0.0
87,19.0,0.011071244127147474,560000.0,560000.0,560000.0,0.0,0.0,0.0
87,20.0,0.007502907458054993,560000.0,560000.0,560000.0,0.0,0.0,0.0
87,21.0,0.004924282400205516,560000.0,560000.0,560000.0,0.0,0.0,0.0
87,22.0,0.0031297816151443824,560000.0,560000.0,560000.0,0.0,0.0,0.0
87,23.0,0.0019262333398475627,560000.0,560000.0,560000.0,0.0,0.0,0.0
87,24.0,0.0011478484494227513,560000.0,560000.0,560000.0,0.0,0.0,0.0
87,25.0,0.0006622026169897673,560000.0,560000.0,560000.0,0.0,0.0,0.0
88,3.0,0.09890254574574942,1958.0858,213.60936,1114.7918042949498,901.1824442949497,89.12923792214754,46.02364433136432
88,4.0,0.12254413321985105,22773.333000000002,2484.3635999999997,18222.147824806954,15737.784224806954,1928.5731266300136,69.10619637804862
88,5.0,0.13481772073960915,55544.8773,7976.958835771225,46699.36488214954,38722.40604637831,5220.466524726384,69.71373046201383
88,6.0,0.13518992317224135,102026.2793,19240.463766839483,87870.86843109739,68630.4046642579,9278.139133840861,67.26737967426585
88,7.0,0.12523182527690815,162965.7931,35724.26253708406,141868.07595298928,106143.81341590523,13292.583495925383,65.1325725459285
88,8.0,0.10798485909385336,244214.5662,61825.06212839518,213145.63988346639,151320.57775507122,16340.331266881847,61.962142598466855
88,9.0,0.08707323374034845,348195.5708,104570.32615849652,307624.9019690985,203054.57581060196,17680.61854160385,58.31624318025413
88,10.0,0.06584675972527364,468288.0532,171583.3557612358,422861.3864541951,251278.03069295926,16545.844111279224,53.65885996362191
88,11.0,0.04678619848642281,550000.0,301313.3354824805,531319.9412864216,230006.6058039411,10761.134712331597,41.819382873443836
88,12.0,0.031271971132891145,550000.0,474111.42788915103,550000.0,75888.57211084897,2373.1852363667967,13.79792220197254
88,13.0,0.019677911804148553,550000.0,549892.6602403374,550000.0,107.33975966263097,2.1122223237197546,0.019516319938660175
88,14.0,0.011662529249319093,550000.0,550000.0,550000.0,0.0,0.0,0.0
88,15.0,0.006511942408580713,550000.0,550000.0,550000.0,0.0,0.0,0.0
88,16.0,0.0034259631001125677,550000.0,550000.0,550000.0,0.0,0.0,0.0
88,17.0,0.0016982953928307936,550000.0,550000.0,550000.0,0.0,0.0,0.0
88,18.0,0.0007931813844772661,550000.0,550000.0,550000.0,0.0,0.0,0.0
88,19.0,0.00034898430193068726,550000.0,550000.0,550000.0,0.0,0.0,0.0
88,20.0,0.00014462394772876035,550000.0,550000.0,550000.0,0.0,0.0,0.0
88,21.0,5.644019812584895e-05,550000.0,550000.0,550000.0,0.0,0.0,0.0
88,22.0,2.073736858474131e-05,550000.0,550000.0,550000.0,0.0,0.0,0.0
88,23.0,7.171843099333086e-06,550000.0,550000.0,550000.0,0.0,0.0,0.0
88,24.0,2.3340469618656406e-06,550000.0,550000.0,550000.0,0.0,0.0,0.0
88,25.0,7.146209513952007e-07,550000.0,550000.0,550000.0,0.0,0.0,0.0
89,3.0,0.06676121363936907,1958.0858,534.0234,1068.0467999999998,534.0233999999998,35.652050295822235,27.27272727272726
89,4.0,0.0900068779589351,22773.333000000002,8265.85125838033,17190.16722527214,8924.31596689181,803.249818099007,39.18757068581841
89,5.0,0.1076559340975248,55544.8773,23885.891669362434,44846.46563737049,20960.57396800806,2256.5301697461696,37.73628638118903
89,6.0,0.11760006903110344,102026.2793,51664.06722808715,84971.62810091476,33307.56087282761,3916.9714579022075,32.64606050651855
89,7.0,0.11904707956091964,162965.7931,88001.40245524266,137585.06453801104,49583.66208276838,5902.790164889082,30.425809698813644
89,8.0,0.11257935158712246,244214.5662,136013.28573780906,207114.64795607256,71101.3622182635,8004.545255493232,29.114300315745663
89,9.0,0.09991805369281745,348195.5708,205229.79690761305,299622.6606652806,94392.86375766754,9431.551229157427,27.109151199366018
89,10.0,0.08345665789211111,468288.0532,298630.0272441579,413396.8496800845,114766.82243592659,9578.055437399787,24.507740834232024
89,11.0,0.06570483439037093,550000.0,428053.0863974888,523501.7260392644,95448.63964177563,6271.437060449062,17.35429811668648
89,12.0,0.048800649219859556,550000.0,538119.9187264985,549935.2992124582,11815.3804859597,576.5982384944931,2.1482509974472186
89,13.0,0.034206791162899194,550000.0,550000.0,550000.0,0.0,0.0,0.0
89,14.0,0.02263003877080726,550000.0,550000.0,550000.0,0.0,0.0,0.0
89,15.0,0.014127873500597415,550000.0,550000.0,550000.0,0.0,0.0,0.0
89,16.0,0.008320557757195016,550000.0,550000.0,550000.0,0.0,0.0,0.0
89,17.0,0.00462094397549895,550000.0,550000.0,550000.0,0.0,0.0,0.0
89,18.0,0.0024187811853033105,550000.0,550000.0,550000.0,0.0,0.0,0.0
89,19.0,0.0011926451925605183,550000.0,550000.0,550000.0,0.0,0.0,0.0
89,20.0,0.0005536293431317171,550000.0,550000.0,550000.0,0.0,0.0,0.0
89,21.0,0.00024179800888813198,550000.0,550000.0,550000.0,0.0,0.0,0.0
89,22.0,9.929714844355323e-05,550000.0,550000.0,550000.0,0.0,0.0,0.0
89,23.0,3.8316935002566816e-05,550000.0,550000.0,550000.0,0.0,0.0,0.0
89,24.0,1.3884527754189782e-05,550000.0,550000.0,550000.0,0.0,0.0,0.0
89,25.0,4.721421784537612e-06,550000.0,550000.0,550000.0,0.0,0.0,0.0
90,3.0,0.0782866753534093,1958.0858,363.9906436089027,1781.1451566451003,1417.1545130361976,110.94431528768365,72.37448497079126
90,4.0,0.10878610734850305,22773.333000000002,5586.210218671006,22003.577402177358,16417.36718350635,1785.9814688047131,72.09031362913083
90,5.0,0.1309332308890172,55544.8773,17683.374802288738,54048.809256809196,36365.43445452046,4761.443825813149,65.4703659855244
90,6.0,0.14065536820865504,102026.2793,39241.19415102269,99632.1322072364,60390.93805621371,8494.309628762818,59.19155189285993
90,7.0,0.13675872282588847,162965.7931,69310.31951654417,159385.49331673802,90075.17380019385,12318.565727234442,55.27244220197879
90,8.0,0.12116070691892637,244214.5662,109120.91344679227,238939.3837253651,129818.47027857283,15728.897630085517,53.157545964010076
90,9.0,0.0981035899564606,348195.5708,168971.97476147467,341305.8668227546,172333.89206127994,16906.573482380747,49.493418789139845
90,10.0,0.07266738598728124,468288.0532,254175.76255507892,460578.12545710395,206402.36290202502,14998.72017368835,44.07594033022942
90,11.0,0.04922827258828428,550000.0,386401.6091247453,546903.3489836978,160501.73985895253,7901.223400670407,29.182134519809548
90,12.0,0.030470222266168013,550000.0,519590.38136945834,550000.0,30409.618630541663,926.5878387020082,5.529021569189394
90,13.0,0.017206153107140233,550000.0,550000.0,550000.0,0.0,0.0,0.0
90,14.0,0.008848482877473125,550000.0,550000.0,550000.0,0.0,0.0,0.0
90,15.0,0.0041359510361767635,550000.0,550000.0,550000.0,0.0,0.0,0.0
90,16.0,0.0017534502821832647,550000.0,550000.0,550000.0,0.0,0.0,0.0
90,17.0,0.00067278852741757,550000.0,550000.0,550000.0,0.0,0.0,0.0
90,18.0,0.00023311262366025332,550000.0,550000.0,550000.0,0.0,0.0,0.0
90,19.0,7.277450029853982e-05,550000.0,550000.0,550000.0,0.0,0.0,0.0
90,20.0,2.0423907757932005e-05,550000.0,550000.0,550000.0,0.0,0.0,0.0
90,21.0,5.141207297978602e-06,550000.0,550000.0,550000.0,0.0,0.0,0.0
90,22.0,1.1581970672336395e-06,550000.0,550000.0,550000.0,0.0,0.0,0.0
90,23.0,2.3298156239549616e-07,550000.0,550000.0,550000.0,0.0,0.0,0.0
90,24.0,4.1756203153106806e-08,550000.0,550000.0,550000.0,0.0,0.0,0.0
90,25.0,6.653168096172933e-09,550000.0,550000.0,550000.0,0.0,0.0,0.0
91,3.0,0.08125665917515087,1958.0858,178.0078,1636.8342363147108,1458.8264363147107,118.53936253132439,74.50268197209287
91,4.0,0.10922548493286324,22773.333000000002,2070.303,21324.859790219725,19254.556790219725,2103.088302579104,84.54869908686499
91,5.0,0.1284407558837825,55544.8773,5049.5343,52729.67922063563,47680.144920635634,6124.073854254734,85.8407601894831
91,6.0,0.13601519315251284,102026.2793,10165.672633684344,97521.13775383816,87355.46512015382,11881.670461245321,85.62055356668664
91,7.0,0.131546848719524,162965.7931,18028.257939824813,156228.6308972096,138200.3729573848,18179.823554406892,84.80330155702153
91,8.0,0.11704452233379797,244214.5662,32927.309949619266,234216.92041908516,201289.6104694659,23559.846308154894,82.42326147925975
91,9.0,0.09617546932390715,348195.5708,63379.84865871484,335133.4261372793,271753.57747856446,26136.027854451702,78.04624764588317
91,10.0,0.07312144832831516,468288.0532,116516.34849049461,453681.8928011704,337165.5443106758,24654.032926401338,71.99960409126145
91,11.0,0.05147759013701758,550000.0,234800.77850258362,545243.7765191286,310442.99801654497,15980.857412802663,56.44418145755363
91,12.0,0.0335583426151657,550000.0,417851.9372202885,550000.0,132148.0627797115,4434.669966691985,24.026920505402092
91,13.0,0.020249250252029227,550000.0,547241.6290797455,550000.0,2758.3709202544997,55.854943052153516,0.5015219855008181
91,14.0,0.011301354931831889,550000.0,550000.0,550000.0,0.0,0.0,0.0
91,15.0,0.005828616632684673,550000.0,550000.0,550000.0,0.0,0.0,0.0
91,16.0,0.0027749563300495045,550000.0,550000.0,550000.0,0.0,0.0,0.0
91,17.0,0.0012181649225388063,550000.0,550000.0,550000.0,0.0,0.0,0.0
91,18.0,0.0004924855533087282,550000.0,550000.0,550000.0,0.0,0.0,0.0
91,19.0,0.00018313883872213366,550000.0,550000.0,550000.0,0.0,0.0,0.0
91,20.0,6.256328266302704e-05,550000.0,550000.0,550000.0,0.0,0.0,0.0
91,21.0,1.9609135217318043e-05,550000.0,550000.0,550000.0,0.0,0.0,0.0
91,22.0,5.63175157737802e-06,550000.0,550000.0,550000.0,0.0,0.0,0.0
91,23.0,1.4802053796761167e-06,550000.0,550000.0,550000.0,0.0,0.0,0.0
91,24.0,3.5558546503035256e-07,550000.0,550000.0,550000.0,0.0,0.0,0.0
91,25.0,7.797649559495514e-08,550000.0,550000.0,550000.0,0.0,0.0,0.0
92,3.0,0.06448102147461418,1922.48424,272.729266193488,1106.6973256191234,833.9680594256354,53.77511234896671,43.37970850807263
92,4.0,0.0864279263759057,22359.2724,7895.305569081701,17043.89731737311,9148.591748291408,790.6938140645482,40.91632135709124
92,5.0,0.10322026141731516,54534.970440000005,23515.43702614309,44342.300478868645,20826.863452725556,2149.754290093059,38.18992342837979
92,6.0,0.1130347390978168,100171.25604,47118.763055547446,84056.67289497166,36937.90983942422,4175.2670015179965,36.87475958639704
92,7.0,0.11516398515166286,160002.77868,78328.73971323625,136151.12420770744,57822.38449447119,6659.056229355021,36.13836270313402
92,8.0,0.11005542487604067,239774.30135999998,120874.54215128458,204958.0013056583,84083.45915437373,9253.840822281813,35.067752748085304
92,9.0,0.09912524584118027,341864.74224,183103.31637566505,296182.02902125235,113078.71264558731,11208.955190398021,33.07703271904022
92,10.0,0.08439293813169137,459773.72496,269205.39243499376,407935.47838638054,138730.08595138678,11707.83956069961,30.173556778055595
92,11.0,0.0680385031740987,540000.0,394780.74020912376,513540.825355108,118760.08514598425,8080.258430161281,21.992608360367456
92,12.0,0.05199905752503548,540000.0,496432.27174414037,540000.0,43567.728255859634,2265.480807811559,8.06809782515919
92,13.0,0.0376953546520693,540000.0,539165.8794067902,540000.0,834.120593209751,31.442471583635992,0.15446677652032426
92,14.0,0.025926981564087324,540000.0,540000.0,540000.0,0.0,0.0,0.0
92,15.0,0.01692042399840621,540000.0,540000.0,540000.0,0.0,0.0,0.0
92,16.0,0.010476609653408735,540000.0,540000.0,540000.0,0.0,0.0,0.0
92,17.0,0.0061529971036609595,540000.0,540000.0,540000.0,0.0,0.0,0.0
92,18.0,0.003426730516268372,540000.0,540000.0,540000.0,0.0,0.0,0.0
92,19.0,0.0018090297312090711,540000.0,540000.0,540000.0,0.0,0.0,0.0
92,20.0,0.0009049207326248085,540000.0,540000.0,540000.0,0.0,0.0,0.0
92,21.0,0.0004287336013565183,540000.0,540000.0,540000.0,0.0,0.0,0.0
92,22.0,0.00019230033637905448,540000.0,540000.0,540000.0,0.0,0.0,0.0
92,23.0,8.161776235270772e-05,540000.0,540000.0,540000.0,0.0,0.0,0.0
92,24.0,3.2763733619399486e-05,540000.0,540000.0,540000.0,0.0,0.0,0.0
92,25.0,1.2433549196248375e-05,540000.0,540000.0,540000.0,0.0,0.0,0.0
93,3.0,0.060561161515251975,1388.46084,284.81248,751.6415104900723,466.8290304900723,28.271708315517756,33.622052350433755
93,4.0,0.0806977634096072,16148.3634,7492.149844791278,14266.86051523047,6774.710670439192,546.7039988516433,41.95292428481757
93,5.0,0.09636477333720148,39386.36754,22430.15240256359,35729.54926282576,13299.396860262172,1281.593363960653,33.76649762574721
93,6.0,0.10607553062441018,72345.90714,45377.79129400833,66493.92675253784,21116.135458529505,2239.90527350044,29.187740251382387
93,7.0,0.1092056847864453,115557.56238,75475.13550044119,106806.28549471113,31331.149994269945,3421.539690271081,27.11302432223384
93,8.0,0.10601878996268159,173170.32876,115189.23843758357,160183.82735239126,44994.5889148077,4770.271871616199,25.98285124073798
93,9.0,0.09754183390652438,246902.31384,170522.89697849864,229935.16339617927,59412.26641768063,5795.18142292358,24.063065871542026
93,10.0,0.08531608760416247,332058.80136000004,243458.8184738747,312880.1169673711,69421.29849349638,5922.753583865849,20.906326894264005
93,11.0,0.07108508140920322,390000.0,336880.2141217655,384864.2814099976,47984.067288232094,3410.951329528664,12.30360699698259
93,12.0,0.05649362597257836,390000.0,388317.3434453001,390000.0,1682.6565546998754,95.0593700415221,0.4314503986409937
93,13.0,0.04286024530512921,390000.0,390000.0,390000.0,0.0,0.0,0.0
93,14.0,0.031057366278075458,390000.0,390000.0,390000.0,0.0,0.0,0.0
93,15.0,0.021500654943554926,390000.0,390000.0,390000.0,0.0,0.0,0.0
93,16.0,0.014222238975401457,390000.0,390000.0,390000.0,0.0,0.0,0.0
93,17.0,0.008989067027005953,390000.0,390000.0,390000.0,0.0,0.0,0.0
93,18.0,0.005428193221065833,390000.0,390000.0,390000.0,0.0,0.0,0.0
93,19.0,0.0031313085390260206,390000.0,390000.0,390000.0,0.0,0.0,0.0
93,20.0,0.0017252076870317382,390000.0,390000.0,390000.0,0.0,0.0,0.0
93,21.0,0.0009076143711080649,390000.0,390000.0,390000.0,0.0,0.0,0.0
93,22.0,0.0004558202546255667,390000.0,390000.0,390000.0,0.0,0.0,0.0
93,23.0,0.0002184727323936984,390000.0,390000.0,390000.0,0.0,0.0,0.0
93,24.0,9.99044517195875e-05,390000.0,390000.0,390000.0,0.0,0.0,0.0
93,25.0,4.3573685796259277e-05,390000.0,390000.0,390000.0,0.0,0.0,0.0
94,3.0,0.0978769250203015,1780.078,249.21092,797.8541207060292,548.6432007060292,53.69950941840225,30.82130112871623
94,4.0,0.11602234592700364,20703.030000000002,2992.74105809533,17187.599176882486,14194.858118787157,1646.9207390426595,68.56415760778569
94,5.0,0.12448522485595859,50495.343,7580.945183977363,43673.36061696765,36092.41543299029,4492.972450770466,71.47672099779635
94,6.0,0.12381285120908166,92751.163,17730.890975022532,81862.75797156448,64131.866996541954,7940.349306203463,69.1440030747021
94,7.0,0.11561181133690973,148150.721,34822.55351906499,131915.8001744164,97093.2466553514,11225.126114406527,65.53680333108295
94,8.0,0.10212090281154246,222013.242,58925.494968390696,198055.78099396854,139130.28602557784,14208.110417360138,62.667561976135566
94,9.0,0.0857470574788224,316541.428,99077.47518118126,285216.1279150786,186138.65273389732,15960.841755004056,58.80388355798323
94,10.0,0.06866849569704,425716.412,160972.0090651969,390412.9159246399,229440.906859443,15755.361925402618,53.89524584723856
94,11.0,0.05257207570421479,500000.0,277495.0715288923,487730.55844925006,210235.48692035774,11052.515934089504,42.04709738407155
94,12.0,0.03854491017646577,500000.0,433342.07181793224,500000.0,66657.92818206776,2569.3238543271077,13.331585636413552
94,13.0,0.027099721340835704,500000.0,499987.2053390121,500000.0,12.79466098791454,0.34673174742294566,0.0025589321975829082
94,14.0,0.018289052502250092,500000.0,500000.0,500000.0,0.0,0.0,0.0
94,15.0,0.011857572946719495,500000.0,500000.0,500000.0,0.0,0.0,0.0
94,16.0,0.007390253028853496,500000.0,500000.0,500000.0,0.0,0.0,0.0
94,17.0,0.004430066869208736,500000.0,500000.0,500000.0,0.0,0.0,0.0
94,18.0,0.0025552721512442493,500000.0,500000.0,500000.0,0.0,0.0,0.0
94,19.0,0.001418720986145038,500000.0,500000.0,500000.0,0.0,0.0,0.0
94,20.0,0.0007584412015408375,500000.0,500000.0,500000.0,0.0,0.0,0.0
94,21.0,0.00039050273121767087,500000.0,500000.0,500000.0,0.0,0.0,0.0
94,22.0,0.00019368650442479812,500000.0,500000.0,500000.0,0.0,0.0,0.0
94,23.0,9.256149041906884e-05,500000.0,500000.0,500000.0,0.0,0.0,0.0
94,24.0,4.2627369986515204e-05,500000.0,500000.0,500000.0,0.0,0.0,0.0
94,25.0,1.892065981364756e-05,500000.0,500000.0,500000.0,0.0,0.0,0.0
95,3.0,0.04200297080602304,1780.078,213.60935999999998,877.400067878979,663.790707878979,27.881181724350125,37.28997874694137
95,4.0,0.05696250649464645,20703.030000000002,2781.5474778692724,16965.432052754713,14183.88457488544,807.9496172162275,68.51115307703964
95,5.0,0.06997525442638981,50495.343,9916.751341890238,43231.08813392806,33314.33679203782,2331.1791930692857,65.97506782365618
95,6.0,0.08010450906733158,92751.163,26945.596238348247,81126.22739105066,54180.631152702415,4340.1128594453985,58.41504235661434
95,7.0,0.08672555837114608,148150.721,49271.87311437003,130766.34450661115,81494.47139224112,7067.653535653501,55.007812882828375
95,8.0,0.0895648847613879,222013.242,80147.06621043531,196215.60895043815,116068.54274000284,10395.66565493058,52.28000892847772
95,9.0,0.0887042836418019,316541.428,128679.28113744289,282836.2515781237,154156.97044068083,13674.383631331024,48.70040911064596
95,10.0,0.0845433759190143,425716.412,200003.7212362758,387985.96386459115,187982.24262831535,15892.653404625018,44.156682084484764
95,11.0,0.07772561591373106,500000.0,326242.57627900917,488641.5333912876,162398.95711227844,12622.558965299437,32.47979142245569
95,12.0,0.0690405957728924,500000.0,472125.19125530333,500000.0,27874.808744696667,1924.493402789289,5.574961748939334
95,13.0,0.05931928492149267,500000.0,500000.0,500000.0,0.0,0.0,0.0
95,14.0,0.049338703416884046,500000.0,500000.0,500000.0,0.0,0.0,0.0
95,15.0,0.03974897205511777,500000.0,500000.0,500000.0,0.0,0.0,0.0
95,16.0,0.031029955339168417,500000.0,500000.0,500000.0,0.0,0.0,0.0
95,17.0,0.023478407187734685,500000.0,500000.0,500000.0,0.0,0.0,0.0
95,18.0,0.01722113395306618,500000.0,500000.0,500000.0,0.0,0.0,0.0
95,19.0,0.012246221993196154,500000.0,500000.0,500000.0,0.0,0.0,0.0
95,20.0,0.00844319795168393,500000.0,500000.0,500000.0,0.0,0.0,0.0
95,21.0,0.005643837402739401,500000.0,500000.0,500000.0,0.0,0.0,0.0
95,22.0,0.003657531471785007,500000.0,500000.0,500000.0,0.0,0.0,0.0
95,23.0,0.002297838026752451,500000.0,500000.0,500000.0,0.0,0.0,0.0
95,24.0,0.0013993649743278902,500000.0,500000.0,500000.0,0.0,0.0,0.0
95,25.0,0.0008259961316868556,500000.0,500000.0,500000.0,0.0,0.0,0.0
96,3.0,0.05339923456888574,1780.078,356.01559999999995,806.4391536623712,450.4235536623712,24.052272997368053,25.303585217185493
96,4.0,0.07183356122395156,20703.030000000002,4140.606,14418.872856242539,10278.266856242539,738.3245114940105,49.646196021754
96,5.0,0.08688703810982983,50495.343,10099.0686,38439.44252782937,28340.373927829372,2462.4111495141383,56.12472803250267
96,6.0,0.09722229588702776,92751.163,19930.52608517422,73949.64865201456,54019.122566840335,5251.86311775097,58.24091129384581
96,7.0,0.10212525158782434,148150.721,33949.15916561677,120445.09115874552,86495.93199312875,8833.418816121619,58.3837401595425
96,8.0,0.10155472543404068,222013.242,55316.39078193985,181729.9108098584,126413.52002791857,12837.890317585872,56.93963066757909
96,9.0,0.09609277839474548,316541.428,92298.95173244164,263550.72027359507,171251.76854115343,16456.058244133303,54.100902249405856
96,10.0,0.08680034041952653,425716.412,148861.19281793252,365041.7178294383,216180.52501150576,18764.54316307067,50.78040660821546
96,11.0,0.07500979933723778,500000.0,253685.76882266736,467149.30519726954,213463.53637460218,16011.857029276067,42.69270727492043
96,12.0,0.06210017472219905,500000.0,399999.7479213737,500000.0,100000.2520786263,6210.033126346642,20.000050415725262
96,13.0,0.04930033387695548,500000.0,497636.80153787235,500000.0,2363.1984621276497,116.50647320040086,0.47263969242553
96,14.0,0.03755347806663732,500000.0,500000.0,500000.0,0.0,0.0,0.0
96,15.0,0.027457071648998455,500000.0,500000.0,500000.0,0.0,0.0,0.0
96,16.0,0.01927304119176232,500000.0,500000.0,500000.0,0.0,0.0,0.0
96,17.0,0.012988940437535595,500000.0,500000.0,500000.0,0.0,0.0,0.0
96,18.0,0.008404676970724287,500000.0,500000.0,500000.0,0.0,0.0,0.0
96,19.0,0.005221067222060286,500000.0,500000.0,500000.0,0.0,0.0,0.0
96,20.0,0.0031133902613167115,500000.0,500000.0,500000.0,0.0,0.0,0.0
96,21.0,0.0017818542294877663,500000.0,500000.0,500000.0,0.0,0.0,0.0
96,22.0,0.0009785672488392646,500000.0,500000.0,500000.0,0.0,0.0,0.0
96,23.0,0.0005155786521370767,500000.0,500000.0,500000.0,0.0,0.0,0.0
96,24.0,0.0002605453918346728,500000.0,500000.0,500000.0,0.0,0.0,0.0
96,25.0,0.00012625511644226846,500000.0,500000.0,500000.0,0.0,0.0,0.0
97,3.0,0.08074405461907617,1744.47644,320.41404,786.2127181453594,465.7986781453594,37.61047390966238,26.701345312829762
97,4.0,0.1095175056766172,20288.9694,4642.165205002947,13795.022982947743,9152.857777944795,1002.3981536533389,45.112482539131804
97,5.0,0.1295540032964018,49485.436140000005,14023.579284130183,36862.02807802544,22838.44879389526,2958.81247032901,46.15185916373992
97,6.0,0.13763569743600565,90896.13974,33801.405899203965,70877.87383851268,37076.46793930871,5103.045523290458,40.789925782725774
97,7.0,0.13317348360345302,145187.70658,59841.37697748575,115729.26813030292,55887.891152817174,7442.785156071265,38.493542235287215
97,8.0,0.11819852331688557,217572.97715999998,94850.80728061056,174814.50659316874,79963.69931255818,9451.591177699835,36.75258773232397
97,9.0,0.09657907087672832,310210.59944,147819.01870788375,254101.76935906292,106282.75065117917,10264.689308113877,34.261482632457906
97,10.0,0.07276885613492423,417202.08376,222704.5894962673,353277.65808642446,130573.06859015717,9501.65284333274,31.297319374193428
97,11.0,0.050583471948145865,490000.0,342512.23504768923,455438.60461428645,112926.36956659722,5712.207847177923,23.046197870734126
97,12.0,0.03243159981786239,490000.0,469630.18504299765,489773.8737587182,20143.68871572055,653.2920512838392,4.1109568807592956
97,13.0,0.019165544525177686,490000.0,490000.0,490000.0,0.0,0.0,0.0
97,14.0,0.01042877451402145,490000.0,490000.0,490000.0,0.0,0.0,0.0
97,15.0,0.00521897450251503,490000.0,490000.0,490000.0,0.0,0.0,0.0
97,16.0,0.00239883618022616,490000.0,490000.0,490000.0,0.0,0.0,0.0
97,17.0,0.0010112676028256398,490000.0,490000.0,490000.0,0.0,0.0,0.0
97,18.0,0.00039043119280345745,490000.0,490000.0,490000.0,0.0,0.0,0.0
97,19.0,0.00013784285048744208,490000.0,490000.0,490000.0,0.0,0.0,0.0
97,20.0,4.443507401618548e-05,490000.0,490000.0,490000.0,0.0,0.0,0.0
97,21.0,1.3058911231941432e-05,490000.0,490000.0,490000.0,0.0,0.0,0.0
97,22.0,3.4935353110659944e-06,490000.0,490000.0,490000.0,0.0,0.0,0.0
97,23.0,8.494557427740424e-07,490000.0,490000.0,490000.0,0.0,0.0,0.0
97,24.0,1.8744701981488623e-07,490000.0,490000.0,490000.0,0.0,0.0,0.0
97,25.0,3.74825209758383e-08,490000.0,490000.0,490000.0,0.0,0.0,0.0
98,3.0,0.11749321073087421,1708.8748799999998,303.383247814245,819.6451145895142,516.2618667752691,60.6572643053412,30.21062997750129
98,4.0,0.14309164142508937,19874.9088,5446.732685353738,15779.671308186182,10332.938622832444,1478.5571482857968,51.989866855803854
98,5.0,0.15287595704552878,48475.52928,18233.264060800797,40544.29554740328,22311.031486602482,3410.8202911872813,46.02534890899593
98,6.0,0.14706882534943602,89041.11648,40072.49199236976,76385.89307458873,36313.401082218974,5340.569241604883,40.78273332340292
98,7.0,0.12907936283079316,142224.69216,69049.93420204724,123413.74477818771,54363.81057614047,7017.246030222147,38.22389048659866
98,8.0,0.1041095543151982,213132.71232,108176.5689415654,185445.61299018515,77269.04404861975,8044.445738263219,36.253958018704836
98,9.0,0.07749044522062334,303879.77087999997,165082.50824107626,267654.27322548046,102571.7649844042,7948.331735706625,33.75406157750102
98,10.0,0.0533599165905846,408687.75552,243798.3153509935,367783.2540360511,123984.9386850576,6615.825986723419,30.337326482244002
98,11.0,0.03404342212824441,480000.0,361132.6818208551,465443.46648939175,104310.78466853662,3551.096074999398,21.731413472611795
98,12.0,0.020140250977245408,480000.0,467957.7134298021,480000.0,12042.286570197903,242.53467386369755,2.5088097021245632
98,13.0,0.011053266373149866,480000.0,480000.0,480000.0,0.0,0.0,0.0
98,14.0,0.005628192105355056,480000.0,480000.0,480000.0,0.0,0.0,0.0
98,15.0,0.0026587318394778532,480000.0,480000.0,480000.0,0.0,0.0,0.0
98,16.0,0.0011649953390840853,480000.0,480000.0,480000.0,0.0,0.0,0.0
98,17.0,0.00047336231898981315,480000.0,480000.0,480000.0,0.0,0.0,0.0
98,18.0,0.00017829122864852,480000.0,480000.0,480000.0,0.0,0.0,0.0
98,19.0,6.222424605825827e-05,480000.0,480000.0,480000.0,0.0,0.0,0.0
98,20.0,2.011383882764009e-05,480000.0,480000.0,480000.0,0.0,0.0,0.0
98,21.0,6.019194478601301e-06,480000.0,480000.0,480000.0,0.0,0.0,0.0
98,22.0,1.6668084912600568e-06,480000.0,480000.0,480000.0,0.0,0.0,0.0
98,23.0,4.2690240611951056e-07,480000.0,480000.0,480000.0,0.0,0.0,0.0
98,24.0,1.0107793106641359e-07,480000.0,480000.0,480000.0,0.0,0.0,0.0
98,25.0,2.2113484308328638e-08,480000.0,480000.0,480000.0,0.0,0.0,0.0
99,3.0,0.05697350631229284,1708.8748799999998,284.81247999999994,284.81247999999994,0.0,0.0,0.0
99,4.0,0.07874032558575503,19874.9088,3312.4848,5192.259387543482,1879.774587543482,148.01406305100215,9.458028745990935
99,5.0,0.0966382087346788,48475.52928,8079.25488,15850.55706302762,7771.302183027619,751.0047225036881,16.031392123930654
99,6.0,0.10853335870394067,89041.11648,15147.884898404141,35820.70021737638,20672.815318972243,2243.690080434334,23.21715645110501
99,7.0,0.11323906586468631,142224.69216,25971.687364263213,62618.008022414404,36646.32065815119,4149.795118706797,25.76649673245543
99,8.0,0.11067656647880465,213132.71232,40967.19893429242,98265.75172020355,57298.55278591113,6341.607086549191,26.8839786076022
99,9.0,0.10181796421453836,303879.77087999997,66014.03224599482,151851.19015091436,85837.15790491954,8739.764671840776,28.247078657570807
99,10.0,0.08841465231981914,408687.75552,111021.24882363837,227711.0826185985,116689.83379496014,10317.091084238882,28.55231951994453
99,11.0,0.07258691815077073,480000.0,203708.89072082375,345662.76972217794,141953.8790013542,10303.994596255709,29.57372479194879
99,12.0,0.056390021085118154,480000.0,346736.9513843365,457203.0053974346,110466.05401309807,6229.183114988401,23.013761252728766
99,13.0,0.04146833865058922,480000.0,467467.10158548394,480000.0,12532.898414516065,519.7184757265849,2.6110205030241804
99,14.0,0.028868041248885933,480000.0,480000.0,480000.0,0.0,0.0,0.0
99,15.0,0.01902042718821979,480000.0,480000.0,480000.0,0.0,0.0,0.0
99,16.0,0.011856909721041108,480000.0,480000.0,480000.0,0.0,0.0,0.0
99,17.0,0.006989845067877108,480000.0,480000.0,480000.0,0.0,0.0,0.0
99,18.0,0.003894660137354491,480000.0,480000.0,480000.0,0.0,0.0,0.0
99,19.0,0.002049809775280853,480000.0,480000.0,480000.0,0.0,0.0,0.0
99,20.0,0.0010183982470604257,480000.0,480000.0,480000.0,0.0,0.0,0.0
99,21.0,0.00047729554419864354,480000.0,480000.0,480000.0,0.0,0.0,0.0
99,22.0,0.00021087240164274486,480000.0,480000.0,480000.0,0.0,0.0,0.0
99,23.0,8.776191110975759e-05,480000.0,480000.0,480000.0,0.0,0.0,0.0
99,24.0,3.438224922417754e-05,480000.0,480000.0,480000.0,0.0,0.0,0.0
99,25.0,1.2670407111028834e-05,480000.0,480000.0,480000.0,0.0,0.0,0.0
100,3.0,0.06133699850485427,1708.8748799999998,427.1845174167736,1103.6483600000001,676.4638425832266,41.492261701115346,39.585334801294906
100,4.0,0.0807965983143237,19874.9088,5514.933621502485,18547.49140906304,13032.557787560556,1052.9863365697415,65.57291869213788
100,5.0,0.09568960695638443,48475.52928,13703.418978552065,45895.610739395794,32192.19176084373,3080.4581766596934,66.40915991839528
100,6.0,0.10474270676646888,89041.11648,25737.387164919768,84912.49111321467,59175.1039482949,6198.160560731567,66.45817829742346
100,7.0,0.10749000940314328,142224.69216,41837.85332999226,136050.58675496897,94212.73342497672,10126.927601746578,66.24217777809582
100,8.0,0.10426799898991558,213132.71232,63872.30698074026,203970.61750981922,140098.31052907897,14607.770500734885,65.73289900178894
100,9.0,0.09608388635880577,303879.77087999997,99849.36847423101,291909.29198459815,192059.92351036714,18453.863864651044,63.20260244839078
100,10.0,0.08438437511312685,408687.75552,154104.82990586385,395062.0892504307,240957.25934456685,20333.02775876292,58.95876646413868
100,11.0,0.07077911843989147,480000.0,246228.82865171426,477049.3677518728,230820.53910015855,16337.274275329723,48.08761231253303
100,12.0,0.05678000734496931,480000.0,369477.63103601476,480000.0,110522.36896398524,6275.46092155849,23.02549353416359
100,13.0,0.043605993151823,480000.0,473892.1582379461,480000.0,6107.841762053897,266.33850604854075,1.2724670337612285
100,14.0,0.032079805495405074,480000.0,480000.0,480000.0,0.0,0.0,0.0
100,15.0,0.02261666647684708,480000.0,480000.0,480000.0,0.0,0.0,0.0
100,16.0,0.015284206909787797,480000.0,480000.0,480000.0,0.0,0.0,0.0
100,17.0,0.009902144891665231,480000.0,480000.0,480000.0,0.0,0.0,0.0
100,18.0,0.006150410029541763,480000.0,480000.0,480000.0,0.0,0.0,0.0
100,19.0,0.0036623088007032697,480000.0,480000.0,480000.0,0.0,0.0,0.0
100,20.0,0.002090489034251556,480000.0,480000.0,480000.0,0.0,0.0,0.0
100,21.0,0.0011437530270701694,480000.0,480000.0,480000.0,0.0,0.0,0.0
100,22.0,0.0005997147986881825,480000.0,480000.0,480000.0,0.0,0.0,0.0
100,23.0,0.00030130922300556707,480000.0,480000.0,480000.0,0.0,0.0,0.0
100,24.0,0.00014502898237738385,480000.0,480000.0,480000.0,0.0,0.0,0.0
100,25.0,6.686298695055484e-05,480000.0,480000.0,480000.0,0.0,0.0,0.0
101,3.0,0.039539050906418724,1673.27332,377.90593408024097,1139.24992,761.343985919759,30.102818616577093,45.500276423445214
101,4.0,0.05662332963288766,19460.8482,6129.080999818363,16177.353213520963,10048.2722137026,568.966629797468,51.63326958021594
101,5.0,0.07239696357494795,47465.62242,17869.585617128363,41154.1698032903,23284.584186161937,1685.7331931833746,49.05568072009691
101,6.0,0.08529571036170845,87186.09322,35675.992323783874,77143.44077375815,41467.448449974276,3536.995472428082,47.56199861523544
101,7.0,0.09410371505367796,139261.67773999998,59505.56736655768,124372.81215314587,64867.24478658819,6104.248719714272,46.57939344066687
101,8.0,0.09810139959865019,208692.44748,93185.85495300604,186906.83799174597,93720.98303873993,9194.159607861742,44.90866064893012
101,9.0,0.09715203109967348,297548.94232,142902.10056715045,269000.031790897,126097.93122374656,12250.670135853914,42.378887399348955
101,10.0,0.0916958605436392,400173.42728000006,212512.46974925575,367883.22131669975,155370.751567444,14246.854768288757,38.825854236126375
101,11.0,0.08264801165466128,470000.0,316185.26018295746,454862.78133191454,138677.52114895708,11461.42138415854,29.50585556360789
101,12.0,0.07122196385408244,470000.0,420109.60203519993,469962.4064835467,49852.80444834678,3550.614636444795,10.606979669861017
101,13.0,0.05871878815561563,470000.0,469311.76271959883,470000.0,688.2372804011684,40.41245906867324,0.14643346391514223
101,14.0,0.046328359014784264,470000.0,470000.0,470000.0,0.0,0.0,0.0
101,15.0,0.03498150290567634,470000.0,470000.0,470000.0,0.0,0.0,0.0
101,16.0,0.025274841534971934,470000.0,470000.0,470000.0,0.0,0.0,0.0
101,17.0,0.017469362348207312,470000.0,470000.0,470000.0,0.0,0.0,0.0
101,18.0,0.01154631169778962,470000.0,470000.0,470000.0,0.0,0.0,0.0
101,19.0,0.007294504671579212,470000.0,470000.0,470000.0,0.0,0.0,0.0
101,20.0,0.004402719413189201,470000.0,470000.0,470000.0,0.0,0.0,0.0
101,21.0,0.0025373992164024087,470000.0,470000.0,470000.0,0.0,0.0,0.0
101,22.0,0.0013955874264359898,470000.0,470000.0,470000.0,0.0,0.0,0.0
101,23.0,0.0007321075311945977,470000.0,470000.0,470000.0,0.0,0.0,0.0
101,24.0,0.00036608775321652514,470000.0,470000.0,470000.0,0.0,0.0,0.0
101,25.0,0.0001743920505895936,470000.0,470000.0,470000.0,0.0,0.0,0.0
102,3.0,0.060633365515671445,1602.0701999999999,213.60936,719.5848635147398,505.9755035147398,30.67899764658512,31.582605026592457
102,4.0,0.08074496889385303,18632.727000000003,2706.3148489932964,12325.933631969952,9619.618782976657,776.7358194021746,51.6275410624363
102,5.0,0.09637636801680373,45445.8087,7679.4434766728555,33550.94686546416,25871.503388791305,2493.401531746136,56.92824955448819
102,6.0,0.10605089388587655,83476.04669999999,20205.274924000434,64792.18354034003,44586.9086163396,4728.481514370706,53.41281766322506
102,7.0,0.10915282758833912,133335.6489,38560.00990785055,105733.92368513344,67173.9137772829,7332.222628965718,50.379560403731524
102,8.0,0.10595117984682241,199811.9178,63500.38063159774,159706.3241801279,96205.94354853017,10193.133227243563,48.148250919060125
102,9.0,0.09747434015392105,284887.2852,103814.1204286017,232063.40714431313,128249.28671571142,12501.014597825004,45.017553740833435
102,10.0,0.08526122386641403,383144.77080000006,164491.21676461125,322458.5943398394,157967.37757522817,13468.49194303188,41.22916182449648
102,11.0,0.0710505194093581,450000.0,274088.0429593361,415491.20497072657,141403.1620113905,10046.768107034908,31.422924891420113
102,12.0,0.056481434161931535,450000.0,410905.4500255027,449855.1001298541,38949.6501043514,2199.9320979991935,8.655477800966977
102,13.0,0.0428677068639553,450000.0,450000.0,450000.0,0.0,0.0,0.0
102,14.0,0.03107878588931859,450000.0,450000.0,450000.0,0.0,0.0,0.0
102,15.0,0.021529407083463084,450000.0,450000.0,450000.0,0.0,0.0,0.0
102,16.0,0.014252436095347447,450000.0,450000.0,450000.0,0.0,0.0,0.0
102,17.0,0.009016519421948392,450000.0,450000.0,450000.0,0.0,0.0,0.0
102,18.0,0.0054506437615370615,450000.0,450000.0,450000.0,0.0,0.0,0.0
102,19.0,0.0031481407825743692,450000.0,450000.0,450000.0,0.0,0.0,0.0
102,20.0,0.0017369029674965935,450000.0,450000.0,450000.0,0.0,0.0,0.0
102,21.0,0.0009151957798524119,450000.0,450000.0,450000.0,0.0,0.0,0.0
102,22.0,0.000460425905453648,450000.0,450000.0,450000.0,0.0,0.0,0.0
102,23.0,0.0002211028080975108,450000.0,450000.0,450000.0,0.0,0.0,0.0
102,24.0,0.00010131937139594327,450000.0,450000.0,450000.0,0.0,0.0,0.0
102,25.0,4.4291930568535505e-05,450000.0,450000.0,450000.0,0.0,0.0,0.0
103,3.0,0.07357985603817888,1459.6639599999999,213.60935999999998,1161.3960773925287,947.7867173925288,69.73801022064039,64.9318434492641
103,4.0,0.09367553233768747,16976.4846,2812.5222257254327,15881.04488694198,13068.522661216546,1224.200817156592,76.98014617947786
103,5.0,0.10733623372340419,41406.181260000005,6902.392172036437,39071.971570339156,32169.579398302718,3452.961493079829,77.69269809331534
103,6.0,0.11364546643975963,76055.95366,14457.022418335047,72302.55898881012,57845.53657047507,6573.882985009814,76.05655282302732
103,7.0,0.11271847828141833,121483.59122,27134.18030110297,115846.76087758211,88712.58057647914,9999.547086998438,73.02433166947264
103,8.0,0.10556492689832295,182050.85843999998,46097.8089934055,173806.02197015876,127708.21297675326,13481.508167206415,70.14974500592268
103,9.0,0.09381317136269308,259563.97096,77710.50613494604,248729.20880597655,171018.7026710305,16043.806859902843,65.88691875783688
103,10.0,0.07936351730217185,349087.45784000005,126437.84893530863,336479.72286952473,210041.8739342161,16669.66189615876,60.16883999037462
103,11.0,0.06405164080946693,410000.0,218626.92700506136,403672.59329959966,185045.6662945383,11852.478550846248,45.13308934013129
103,12.0,0.04939011507635363,410000.0,343815.1700248568,409076.45368772134,65261.28366286453,3223.2623101394365,15.917386259235252
103,13.0,0.03642536865474764,410000.0,409874.6743102978,410000.0,125.32568970217835,4.565034449312356,0.03056724139077521
103,14.0,0.025712339057663347,410000.0,410000.0,410000.0,0.0,0.0,0.0
103,15.0,0.0173811086794284,410000.0,410000.0,410000.0,0.0,0.0,0.0
103,16.0,0.011255566343638246,410000.0,410000.0,410000.0,0.0,0.0,0.0
103,17.0,0.006984192349316764,410000.0,410000.0,410000.0,0.0,0.0,0.0
103,18.0,0.004153277543361519,410000.0,410000.0,410000.0,0.0,0.0,0.0
103,19.0,0.0023671717100354284,410000.0,410000.0,410000.0,0.0,0.0,0.0
103,20.0,0.001293149179572014,410000.0,410000.0,410000.0,0.0,0.0,0.0
103,21.0,0.0006770901028125901,410000.0,410000.0,410000.0,0.0,0.0,0.0
103,22.0,0.0003397886482372318,410000.0,410000.0,410000.0,0.0,0.0,0.0
103,23.0,0.00016342217731326136,410000.0,410000.0,410000.0,0.0,0.0,0.0
103,24.0,7.532164785077003e-05,410000.0,410000.0,410000.0,0.0,0.0,0.0
103,25.0,3.3265636565940606e-05,410000.0,410000.0,410000.0,0.0,0.0,0.0
104,3.0,0.06476863913842675,1388.46084,213.60935999999998,747.6327599999997,534.0233999999998,34.58796888607571,38.461538461538446
104,4.0,0.08805477555050338,16148.3634,3612.3225184598377,13322.230056401782,9709.907537941945,855.0037288696188,60.12935984548097
104,5.0,0.10609742134810916,39386.36754,12171.503500241948,33507.55385972701,21336.050359485067,2263.699924894763,54.17115538216771
104,6.0,0.11667308669093684,72345.90714,28334.7621309088,62823.04438437868,34488.28225346988,4023.85434518059,47.671366103309715
104,7.0,0.11883407076413902,115557.56238,49897.269762846016,101307.61448716938,51410.34472432337,6109.300542979024,44.48894876759806
104,8.0,0.11300968670971555,173170.32876,78785.85179678684,152237.852475383,73452.00067859616,8300.787584889966,42.41604275083098
104,9.0,0.10080962806091667,246902.31384,121990.99557012692,219395.17790852292,97404.182338396,9819.27939311141,39.450493931586564
104,10.0,0.08457958580145794,332058.80136000004,183264.26588148336,300253.43785778625,116989.1719763029,9894.895709011229,35.23146246904313
104,11.0,0.06684455854200175,390000.0,279886.45379360975,376023.05481508025,96136.6010214705,6426.20865500875,24.650410518325767
104,12.0,0.04980173758725914,390000.0,376402.6049638943,387977.2496542581,11574.644690363784,576.4374175352596,2.967857612913791
104,13.0,0.034989154985440626,390000.0,390000.0,390000.0,0.0,0.0,0.0
104,14.0,0.02318064333765924,390000.0,390000.0,390000.0,0.0,0.0,0.0
104,15.0,0.014478281771471348,390000.0,390000.0,390000.0,0.0,0.0,0.0
104,16.0,0.008521921597795452,390000.0,390000.0,390000.0,0.0,0.0,0.0
104,17.0,0.0047246467283030905,390000.0,390000.0,390000.0,0.0,0.0,0.0
104,18.0,0.002465820415494548,390000.0,390000.0,390000.0,0.0,0.0,0.0
104,19.0,0.0012107077033779775,390000.0,390000.0,390000.0,0.0,0.0,0.0
104,20.0,0.0005588714195062641,390000.0,390000.0,390000.0,0.0,0.0,0.0
104,21.0,0.0002423688807592888,390000.0,390000.0,390000.0,0.0,0.0,0.0
104,22.0,9.867888926557233e-05,390000.0,390000.0,390000.0,0.0,0.0,0.0
104,23.0,3.769115369873405e-05,390000.0,390000.0,390000.0,0.0,0.0,0.0
104,24.0,1.349600161302165e-05,390000.0,390000.0,390000.0,0.0,0.0,0.0
104,25.0,4.52692214879255e-06,390000.0,390000.0,390000.0,0.0,0.0,0.0
105,3.0,0.09709199030814336,1424.0624,142.40624,574.1953125227883,431.7890725227883,41.92326044454477,30.3209376585456
105,4.0,0.11832702870782262,16562.424,1847.1016450727273,11854.013784981304,10006.912139908576,1184.0881800556208,60.419369410592175
105,5.0,0.12915601926144324,40396.2744,5520.344933215084,31316.933527765155,25796.58859455007,3331.784693397236,63.85883098801326
105,6.0,0.12950037357118066,74200.9304,14933.780513668595,59827.92732385591,44894.14681018732,5813.808783078686,60.503482325859515
105,7.0,0.12086347416520392,118520.5768,29831.0204813567,97295.11829714029,67464.09781578359,8153.94524343675,56.92184398463339
105,8.0,0.10580937030797209,177610.5936,49756.53918680042,146682.98148002656,96926.44229322614,10255.725825238253,54.57244431687218
105,9.0,0.0873055474529411,253233.1424,83258.31915643264,212680.4421404929,129422.12298406026,11299.269299645252,51.10789281271434
105,10.0,0.0681108467312062,340573.12960000004,135020.01337206614,294526.16802057764,159506.1546485115,10864.099251948839,46.83462692310753
105,11.0,0.05034760787973998,400000.0,232861.6749277401,377104.2743641492,144242.5994364091,7262.269835978728,36.06064985910227
105,12.0,0.03531672201113137,400000.0,358997.63283945067,400000.0,41002.36716054933,1448.0692028074625,10.250591790137333
105,13.0,0.02353336819669073,400000.0,400000.0,400000.0,0.0,0.0,0.0
105,14.0,0.01490813650853183,400000.0,400000.0,400000.0,0.0,0.0,0.0
105,15.0,0.00898337328207464,400000.0,400000.0,400000.0,0.0,0.0,0.0
105,16.0,0.005151179043247254,400000.0,400000.0,400000.0,0.0,0.0,0.0
105,17.0,0.0028115752100331503,400000.0,400000.0,400000.0,0.0,0.0,0.0
105,18.0,0.0014610198240975838,400000.0,400000.0,400000.0,0.0,0.0,0.0
105,19.0,0.0007229111654903324,400000.0,400000.0,400000.0,0.0,0.0,0.0
105,20.0,0.00034062251790876167,400000.0,400000.0,400000.0,0.0,0.0,0.0
105,21.0,0.0001528415761684231,400000.0,400000.0,400000.0,0.0,0.0,0.0
105,22.0,6.531247573283251e-05,400000.0,400000.0,400000.0,0.0,0.0,0.0
105,23.0,2.6578683283945942e-05,400000.0,400000.0,400000.0,0.0,0.0,0.0
105,24.0,1.0300095636733257e-05,400000.0,400000.0,400000.0,0.0,0.0,0.0
105,25.0,3.8010243191122115e-06,400000.0,400000.0,400000.0,0.0,0.0,0.0
106,3.0,0.07565552484097869,1317.25772,106.80467999999999,867.973088738105,761.1684087381051,57.58659545545393,57.78431943736151
106,4.0,0.09528981939116742,15320.2422,1248.9762802506702,14513.9386390591,13264.96235880843,1264.0158674014895,86.58454733051433
106,5.0,0.10824412821821087,37366.55382,3329.674922642047,35799.4525296076,32469.777606965556,3514.662770505172,86.89529616077813
106,6.0,0.11379834694647548,68635.86061999999,7570.250046007375,66128.03952487315,58557.78947886577,6663.779643534638,85.3166099323339
106,7.0,0.11223058433388725,109631.53354,16923.869484850726,105881.24127496716,88957.37179011643,9983.737816811625,81.14213941708621
106,8.0,0.1046523024493559,164289.79908,30371.506437205917,158724.53398586664,128353.02754866073,13432.439859312954,78.1259872903977
106,9.0,0.0927231848008198,234240.65672,55360.42415797904,226969.51515938077,171609.0910014017,15912.141458423674,73.26187238560168
106,10.0,0.07831391574943974,315030.14488000004,96154.79714171936,306757.8827261531,210603.08558443375,16493.152301031394,66.85172482927175
106,11.0,0.06319217745769157,370000.0,182423.30417085995,368207.7187590463,185784.41458818634,11740.121695530013,50.21200394275307
106,12.0,0.048790712960599066,370000.0,306643.44314629,370000.0,63356.556853709975,3091.211579621239,17.12339374424594
106,13.0,0.036086424626526954,370000.0,370000.0,370000.0,0.0,0.0,0.0
106,14.0,0.025587840628715528,370000.0,370000.0,370000.0,0.0,0.0,0.0
106,15.0,0.017404519544491667,370000.0,370000.0,370000.0,0.0,0.0,0.0
106,16.0,0.01136097667242336,370000.0,370000.0,370000.0,0.0,0.0,0.0
106,17.0,0.007119180701638533,370000.0,370000.0,370000.0,0.0,0.0,0.0
106,18.0,0.004283532349054243,370000.0,370000.0,370000.0,0.0,0.0,0.0
106,19.0,0.0024751373365907575,370000.0,370000.0,370000.0,0.0,0.0,0.0
106,20.0,0.0013736197933916791,370000.0,370000.0,370000.0,0.0,0.0,0.0
106,21.0,0.0007322017653792572,370000.0,370000.0,370000.0,0.0,0.0,0.0
106,22.0,0.0003748909957686964,370000.0,370000.0,370000.0,0.0,0.0,0.0
106,23.0,0.00018437039027976724,370000.0,370000.0,370000.0,0.0,0.0,0.0
106,24.0,8.709281806963666e-05,370000.0,370000.0,370000.0,0.0,0.0,0.0
106,25.0,3.9515229044164186e-05,370000.0,370000.0,370000.0,0.0,0.0,0.0
107,3.0,0.11619138724909085,1388.46084,178.00779999999997,1182.9466513093435,1004.9388513093435,116.76523923414047,72.37790381681513
107,4.0,0.15159655151557988,16148.3634,2070.303,15445.602211568605,13375.299211568605,2027.6492359628548,82.82758370156944
107,5.0,0.16812049561535164,39386.36754,5049.5343,38020.50731244079,32970.973012440794,5543.09632377193,83.71163697428085
107,6.0,0.16285056522510116,72345.90714,9759.956412238096,70160.13069232057,60400.17428008247,9836.202521206049,83.48803224375807
107,7.0,0.13942214998358965,115557.56238,16575.580319870955,112288.86808567734,95713.2877658064,13344.552362306735,82.82736827821134
107,8.0,0.10602319841921751,173170.32876,27239.007478306252,168319.73339995352,141080.72592164727,14957.829797518052,81.46934115784563
107,9.0,0.07172094775947369,246902.31384,45850.6660583268,240564.90404556622,194714.2379872394,13965.089690708524,78.86286481438971
107,10.0,0.04314161792326932,332058.80136000004,80806.00583095645,324933.7182450058,244127.71241404937,10532.06449344869,73.51942228731333
107,11.0,0.02304144632373821,390000.0,157956.7514893649,388038.72183980653,230081.97035044164,5301.421369889627,58.99537701293376
107,12.0,0.010903426541923705,390000.0,279692.89815847494,390000.0,110307.10184152506,1202.7253819815655,28.28387226705771
107,13.0,0.004559986799659771,390000.0,380724.9178022926,390000.0,9275.08219770738,42.29425238730499,2.3782262045403537
107,14.0,0.0016808008898933676,390000.0,390000.0,390000.0,0.0,0.0,0.0
107,15.0,0.0005444591200462202,390000.0,390000.0,390000.0,0.0,0.0,0.0
107,16.0,0.00015453301078394778,390000.0,390000.0,390000.0,0.0,0.0,0.0
107,17.0,3.831589812277541e-05,390000.0,390000.0,390000.0,0.0,0.0,0.0
107,18.0,8.274259451105432e-06,390000.0,390000.0,390000.0,0.0,0.0,0.0
107,19.0,1.5515507112132557e-06,390000.0,390000.0,390000.0,0.0,0.0,0.0
107,20.0,2.5187950738860523e-07,390000.0,390000.0,390000.0,0.0,0.0,0.0
107,21.0,3.529600069661795e-08,390000.0,390000.0,390000.0,0.0,0.0,0.0
107,22.0,4.256910567167993e-09,390000.0,390000.0,390000.0,0.0,0.0,0.0
107,23.0,4.4060225001145216e-10,390000.0,390000.0,390000.0,0.0,0.0,0.0
107,24.0,3.9025273310914857e-11,390000.0,390000.0,390000.0,0.0,0.0,0.0
107,25.0,2.9496719481575693e-12,390000.0,390000.0,390000.0,0.0,0.0,0.0
108,3.0,0.0978769250203015,1352.85928,106.80467999999999,817.9003613287545,711.0956813287545,69.59985868367471,52.56242772927238
108,4.0,0.11602234592700364,15734.302800000001,2124.9949320768637,13674.724072209452,11549.72914013259,1340.0266696596575,73.40477227966268
108,5.0,0.12448522485595859,38376.460680000004,6474.587113219507,34373.54088857683,27898.95377535732,3473.0075339713508,72.69808961277384
108,6.0,0.12381285120908166,70490.88388,16613.485340582356,64085.039690746526,47471.554350164166,5877.588495420709,67.34424614532747
108,7.0,0.11561181133690973,112594.54796,31923.842495306926,103015.00181109583,71091.15931578891,8218.97769853918,63.1390778717319
108,8.0,0.10212090281154246,168730.06392,52454.98691829134,154553.21265081537,102098.22573252404,10426.36298726201,60.509800897682275
108,9.0,0.0857470574788224,240571.48528,86095.31530927976,222051.4002329709,135956.08492369112,11657.834228547401,56.51379870122699
108,10.0,0.06866849569704,323544.47312000004,137145.83829273382,302732.8296120381,165586.99131930427,11370.609600895446,51.17905112781494
108,11.0,0.05257207570421479,380000.0,231058.95758885608,373604.6943193764,142545.7367305203,7493.925262709983,37.51203598171587
108,12.0,0.03854491017646577,380000.0,345214.63169538544,380000.0,34785.36830461456,1340.7988967566475,9.154044290688041
108,13.0,0.027099721340835704,380000.0,380000.0,380000.0,0.0,0.0,0.0
108,14.0,0.018289052502250092,380000.0,380000.0,380000.0,0.0,0.0,0.0
108,15.0,0.011857572946719495,380000.0,380000.0,380000.0,0.0,0.0,0.0
108,16.0,0.007390253028853496,380000.0,380000.0,380000.0,0.0,0.0,0.0
108,17.0,0.004430066869208736,380000.0,380000.0,380000.0,0.0,0.0,0.0
108,18.0,0.0025552721512442493,380000.0,380000.0,380000.0,0.0,0.0,0.0
108,19.0,0.001418720986145038,380000.0,380000.0,380000.0,0.0,0.0,0.0
108,20.0,0.0007584412015408375,380000.0,380000.0,380000.0,0.0,0.0,0.0
108,21.0,0.00039050273121767087,380000.0,380000.0,380000.0,0.0,0.0,0.0
108,22.0,0.00019368650442479812,380000.0,380000.0,380000.0,0.0,0.0,0.0
108,23.0,9.256149041906884e-05,380000.0,380000.0,380000.0,0.0,0.0,0.0
108,24.0,4.2627369986515204e-05,380000.0,380000.0,380000.0,0.0,0.0,0.0
108,25.0,1.892065981364756e-05,380000.0,380000.0,380000.0,0.0,0.0,0.0
109,3.0,0.07560878965628254,1352.85928,106.80467999999999,911.0527138732222,804.2480338732222,60.80822042459925,59.44801841276664
109,4.0,0.09985659980916788,15734.302800000001,1581.041227694535,13251.967764796816,11670.926537102281,1165.4190406176199,74.17504725472985
109,5.0,0.11685904188883485,38376.460680000004,4848.480941675814,33700.09859087046,28851.617649194646,3371.572395427884,75.18050684708074
109,6.0,0.12465264860346793,70490.88388,16145.94469207273,63020.24675739289,46874.30206532016,5843.005903881165,66.49697022542168
109,7.0,0.1229326373813621,112594.54796,31028.753094095056,101416.99641089523,70388.24331680017,8653.012391575281,62.514788319773785
109,8.0,0.11296939043322807,168730.06392,51282.078772774315,152417.15662015017,101135.07784737585,11425.168095835117,59.938979158644216
109,9.0,0.0971745971210574,240571.48528,84962.12425985411,219118.37483497278,134156.25057511867,13036.579600908783,55.76564920774998
109,10.0,0.07845251139340026,323544.47312000004,136119.57856066665,298923.8326707469,162804.25411008025,12772.402600465102,50.31897239354092
109,11.0,0.05953907131246183,380000.0,233071.91404281824,367829.99239800364,134758.0783551854,8023.370837119703,35.462652198733
109,12.0,0.04251201545066424,380000.0,352917.051843512,379777.12463198625,26860.072788474266,1141.8758293895842,7.068440207493228
109,13.0,0.028569933036584106,380000.0,380000.0,380000.0,0.0,0.0,0.0
109,14.0,0.01807314171601378,380000.0,380000.0,380000.0,0.0,0.0,0.0
109,15.0,0.010760479313865038,380000.0,380000.0,380000.0,0.0,0.0,0.0
109,16.0,0.006028166519976137,380000.0,380000.0,380000.0,0.0,0.0,0.0
109,17.0,0.003176370426015115,380000.0,380000.0,380000.0,0.0,0.0,0.0
109,18.0,0.0015735250062785364,380000.0,380000.0,380000.0,0.0,0.0,0.0
109,19.0,0.0007324772685356051,380000.0,380000.0,380000.0,0.0,0.0,0.0
109,20.0,0.0003202269407218621,380000.0,380000.0,380000.0,0.0,0.0,0.0
109,21.0,0.00013140707645902162,380000.0,380000.0,380000.0,0.0,0.0,0.0
109,22.0,5.058516245375968e-05,380000.0,380000.0,380000.0,0.0,0.0,0.0
109,23.0,1.825628777957968e-05,380000.0,380000.0,380000.0,0.0,0.0,0.0
109,24.0,6.1734118991483105e-06,380000.0,380000.0,380000.0,0.0,0.0,0.0
109,25.0,1.954783490966054e-06,380000.0,380000.0,380000.0,0.0,0.0,0.0
110,3.0,0.08538840377030128,1352.85928,356.0156,1144.0613116622999,788.0457116622999,67.28996541687489,58.250382971265125
110,4.0,0.10891947068281654,15734.302800000001,5710.453993479683,14688.045091956956,8977.591098477273,977.8344704529101,57.05744456930925
110,5.0,0.12356703248863807,38376.460680000004,14917.385378779985,36347.01812034495,21429.63274156496,2647.9961251965397,55.84056570577148
110,6.0,0.12808761392724066,70490.88388,32043.477705126563,67282.59316272652,35239.11545759996,4513.694215870522,49.99102510558556
110,7.0,0.12299834738241384,112594.54796,55012.12302110183,107865.30494989333,52853.1819287915,6500.854031143414,46.94115557670516
110,8.0,0.11026740444239512,168730.06392,85707.53452119767,161848.18251203443,76140.64799083676,8395.831626511637,45.1257151345224
110,9.0,0.09271847055720744,240571.48528,130523.30190110943,231550.42234272466,101027.12044161523,9367.080092145352,41.99463636516616
110,10.0,0.07333419584910783,323544.47312000004,191158.25938466517,313284.3432463215,122126.08386165631,8956.01815219527,37.74630507020304
110,11.0,0.054658224797907225,380000.0,277582.70651993714,375053.4253875302,97470.71886759304,5327.576463078517,25.65018917568238
110,12.0,0.03843327466087787,380000.0,360388.06283371913,380000.0,19611.93716628087,753.7509677435515,5.161036096389703
110,13.0,0.02551308057225154,380000.0,380000.0,380000.0,0.0,0.0,0.0
110,14.0,0.015995264762221476,380000.0,380000.0,380000.0,0.0,0.0,0.0
110,15.0,0.009472638285081483,380000.0,380000.0,380000.0,0.0,0.0,0.0
110,16.0,0.005299252667619764,380000.0,380000.0,380000.0,0.0,0.0,0.0
110,17.0,0.002800199707624193,380000.0,380000.0,380000.0,0.0,0.0,0.0
110,18.0,0.0013974193639696643,380000.0,380000.0,380000.0,0.0,0.0,0.0
110,19.0,0.0006584696059287033,380000.0,380000.0,380000.0,0.0,0.0,0.0
110,20.0,0.00029289068079553157,380000.0,380000.0,380000.0,0.0,0.0,0.0
110,21.0,0.00012294544414025402,380000.0,380000.0,380000.0,0.0,0.0,0.0
110,22.0,4.868809953184946e-05,380000.0,380000.0,380000.0,0.0,0.0,0.0
110,23.0,1.8184277429073764e-05,380000.0,380000.0,380000.0,0.0,0.0,0.0
110,24.0,6.40304332030171e-06,380000.0,380000.0,380000.0,0.0,0.0,0.0
110,25.0,2.1249311804435228e-06,380000.0,380000.0,380000.0,0.0,0.0,0.0
111,3.0,0.07701655350897234,1281.65616,142.40624,1245.3666759583534,1102.9604359583534,84.94621143426598,86.0574364936032
111,4.0,0.10781353142337075,14906.1816,1656.2424,14845.013946283729,13188.77154628373,1421.928035540919,88.47853796631412
111,5.0,0.1305313954343804,36356.64696,4039.62744,36237.763807658244,32198.136367658244,4202.8676704569025,88.56189736936687
111,6.0,0.14088013523403234,66780.83736,8174.2411627224565,66590.58949336516,58416.3483306427,8229.703052699282,87.47471676003958
111,7.0,0.1374493197876132,106668.51912,14757.19540034701,106384.01513202972,91626.81973168271,12594.044046422045,85.89865171804281
111,8.0,0.12203022976494574,159849.53424,27252.7975998972,159427.34311421606,132174.54551431886,16129.290158189608,82.68685057028094
111,9.0,0.09887085188029307,227909.82816,49646.71705743761,227358.22614477016,177711.50908733255,17570.488292397014,77.97448250567473
111,10.0,0.0731617060357204,306515.81664000003,87026.46842222972,305887.9432659423,218861.47484371255,16012.278885059914,71.40299552657777
111,11.0,0.04942190996510649,360000.0,165901.5169404935,359864.03428730875,193962.51734681526,9585.99806891971,53.878477040782016
111,12.0,0.030440621267043787,360000.0,283265.7629282099,360000.0,76734.23707179009,2335.837848917913,21.315065853275026
111,13.0,0.017067003744786435,360000.0,359376.8649727253,360000.0,623.1350272747222,10.635047844005282,0.1730930631318673
111,14.0,0.008693000556520487,360000.0,360000.0,360000.0,0.0,0.0,0.0
111,15.0,0.004013692068905661,360000.0,360000.0,360000.0,0.0,0.0,0.0
111,16.0,0.0016760182990044753,360000.0,360000.0,360000.0,0.0,0.0,0.0
111,17.0,0.000631448672196981,360000.0,360000.0,360000.0,0.0,0.0,0.0
111,18.0,0.0002141243324719722,360000.0,360000.0,360000.0,0.0,0.0,0.0
111,19.0,6.519230167029121e-05,360000.0,360000.0,360000.0,0.0,0.0,0.0
111,20.0,1.7777020441518544e-05,360000.0,360000.0,360000.0,0.0,0.0,0.0
111,21.0,4.330970366345219e-06,360000.0,360000.0,360000.0,0.0,0.0,0.0
111,22.0,9.403960913846698e-07,360000.0,360000.0,360000.0,0.0,0.0,0.0
111,23.0,1.8154258202182395e-07,360000.0,360000.0,360000.0,0.0,0.0,0.0
111,24.0,3.108419550223845e-08,360000.0,360000.0,360000.0,0.0,0.0,0.0
111,25.0,4.7092884566583055e-09,360000.0,360000.0,360000.0,0.0,0.0,0.0
112,3.0,0.10712851406017225,1281.65616,106.80467999999999,1281.6561600000002,1174.8514800000003,125.86009329379421,91.66666666666669
112,4.0,0.14410206973958078,14906.1816,1242.1818,14906.181600000004,13663.999800000003,1969.0106521012183,91.66666666666669
112,5.0,0.16428734408815635,36356.64696,3029.72058,36356.64696000001,33326.92638000001,5475.192221591717,91.66666666666671
112,6.0,0.1632313664428914,66780.83736,5905.776966343658,66780.83736,60875.06039365635,9936.719290350065,91.15647961329539
112,7.0,0.14300660451643685,106668.51912,11152.161836930443,106668.51912000003,95516.35728306958,13659.469930830614,89.54502984673064
112,8.0,0.1109731700831277,159849.53424,19461.426831211258,159849.53423999995,140388.1074087887,15579.313321123907,87.82515887597665
112,9.0,0.07634273977723051,227909.82816,35789.11019747753,227909.82815999998,192120.71796252244,14667.021977227545,84.29681138087977
112,10.0,0.04650750238437596,306515.81664000003,66883.64521740557,306515.81664000003,239632.17142259446,11144.6937838095,78.17938207868738
112,11.0,0.02503264558987448,360000.0,140497.02022014098,360000.0,219502.97977985902,5494.740298750595,60.97304993884972
112,12.0,0.011869928758682442,360000.0,259516.361945227,360000.0,100483.63805477301,1192.7336251233876,27.91212168188139
112,13.0,0.0049419593481326105,360000.0,352114.34680342843,360000.0,7885.653196571569,38.97057753092867,2.1904592212698804
112,14.0,0.0018001370455751808,360000.0,360000.0,360000.0,0.0,0.0,0.0
112,15.0,0.0005715455282024935,360000.0,360000.0,360000.0,0.0,0.0,0.0
112,16.0,0.00015757408706355163,360000.0,360000.0,360000.0,0.0,0.0,0.0
112,17.0,3.757874746943801e-05,360000.0,360000.0,360000.0,0.0,0.0,0.0
112,18.0,7.722457430160236e-06,360000.0,360000.0,360000.0,0.0,0.0,0.0
112,19.0,1.3622672070215343e-06,360000.0,360000.0,360000.0,0.0,0.0,0.0
112,20.0,2.054999251227139e-07,360000.0,360000.0,360000.0,0.0,0.0,0.0
112,21.0,2.6409947187683793e-08,360000.0,360000.0,360000.0,0.0,0.0,0.0
112,22.0,2.88078670329098e-09,360000.0,360000.0,360000.0,0.0,0.0,0.0
112,23.0,2.657311123120663e-10,360000.0,360000.0,360000.0,0.0,0.0,0.0
112,24.0,2.0652906459184574e-11,360000.0,360000.0,360000.0,0.0,0.0,0.0
112,25.0,1.3476196610958767e-12,360000.0,360000.0,360000.0,0.0,0.0,0.0
113,3.0,0.053266087429911305,1281.65616,142.40624,711.7071745107912,569.3009345107912,30.324433351582012,44.41916266456295
113,4.0,0.06977278113264215,14906.1816,1656.2424,11246.435057682987,9590.192657682986,669.1344133243867,64.33701745377223
113,5.0,0.08290640657013859,36356.64696,4122.057076582509,29243.701157948046,25121.644081365535,2082.7452379200067,69.0978024156206
113,6.0,0.09179039450513701,66780.83736,10603.079722455133,55405.45252230878,44802.37279985364,4112.427474064786,67.08866580742982
113,7.0,0.0960305107064459,106668.51912,22584.33930719951,89829.31682340213,67244.97751620262,6457.569533324409,63.041071602909696
113,8.0,0.09571474918320289,159849.53424,38502.23980728616,135293.44674488946,96791.2069376033,9264.346095172186,60.55144758337539
113,9.0,0.09135540274232966,227909.82816,66244.47053665051,195823.63723628363,129579.16669963312,11837.756960860455,56.85545364400186
113,10.0,0.08378089488920266,306515.81664000003,110048.47129717594,270413.63131477474,160365.1600175988,13435.53661532461,52.31872266022284
113,11.0,0.0739975026984551,360000.0,195518.83963004866,342384.55043403886,146865.7108039902,10867.695831528792,40.79603077888617
113,12.0,0.06304604450317251,360000.0,312997.0666535145,360000.0,47002.933346485486,2963.3490275421755,13.056370374023746
113,13.0,0.05187696462234926,360000.0,360000.0,360000.0,0.0,0.0,0.0
113,14.0,0.04126061225195017,360000.0,360000.0,360000.0,0.0,0.0,0.0
113,15.0,0.03174028448245405,360000.0,360000.0,360000.0,0.0,0.0,0.0
113,16.0,0.02362640409591431,360000.0,360000.0,360000.0,0.0,0.0,0.0
113,17.0,0.01702316293484439,360000.0,360000.0,360000.0,0.0,0.0,0.0
113,18.0,0.011875242304604147,360000.0,360000.0,360000.0,0.0,0.0,0.0
113,19.0,0.008021898845240082,360000.0,360000.0,360000.0,0.0,0.0,0.0
113,20.0,0.0052479937915105735,360000.0,360000.0,360000.0,0.0,0.0,0.0
113,21.0,0.0033252255174543274,360000.0,360000.0,360000.0,0.0,0.0,0.0
113,22.0,0.0020406852042986106,360000.0,360000.0,360000.0,0.0,0.0,0.0
113,23.0,0.0012130026883473762,360000.0,360000.0,360000.0,0.0,0.0,0.0
113,24.0,0.0006983492603056013,360000.0,360000.0,360000.0,0.0,0.0,0.0
113,25.0,0.00038939964008913975,360000.0,360000.0,360000.0,0.0,0.0,0.0
114,3.0,0.07262107434241072,1210.4530399999999,462.82027999999997,969.5025181024891,506.6822381024892,36.795808481219915,41.858892609538096
114,4.0,0.09172847776910224,14078.0604,5582.827632720832,12995.70338535878,7412.875752637948,679.971808680967,52.65551888552735
114,5.0,0.10466755708307458,34336.83324,16274.83693640013,32278.132554716954,16003.295618316824,1675.0258576474935,46.606789584993265
114,6.0,0.11071277322779385,63070.79084,34285.69806063163,59794.471405757664,25508.773345126036,2824.147038678131,40.44467019580824
114,7.0,0.11003589231673866,100742.49028,57806.19153585247,95853.56795257506,38047.37641672259,4186.577014324909,37.76696040665175
114,8.0,0.10357363945546978,150969.00456,89133.28244119679,143767.35295884148,54634.07051764469,5658.649521779243,36.1889320770684
114,9.0,0.09278818391284578,215248.17104,133461.4998502348,205803.61954969162,72342.11969945682,6712.493907318303,33.60870354899013
114,10.0,0.07937524578367744,289487.16016,192324.58174609838,278760.5970848102,86436.01533871182,6860.879962071964,29.8583243868013
114,11.0,0.06498312960033376,340000.0,268754.3756016833,336054.65481145954,67300.27920977626,4373.382766027538,19.79419976758125
114,12.0,0.05099483612249318,340000.0,333982.7341485392,340000.0,6017.265851460805,306.8494860007181,1.7697840739590602
114,13.0,0.03840219857014565,340000.0,340000.0,340000.0,0.0,0.0,0.0
114,14.0,0.02777480607570709,340000.0,340000.0,340000.0,0.0,0.0,0.0
114,15.0,0.0193053050249532,340000.0,340000.0,340000.0,0.0,0.0,0.0
114,16.0,0.012901175850913814,340000.0,340000.0,340000.0,0.0,0.0,0.0
114,17.0,0.008291893712798598,340000.0,340000.0,340000.0,0.0,0.0,0.0
114,18.0,0.0051269122425292675,340000.0,340000.0,340000.0,0.0,0.0,0.0
114,19.0,0.0030500847548553113,340000.0,340000.0,340000.0,0.0,0.0,0.0
114,20.0,0.0017461231139874122,340000.0,340000.0,340000.0,0.0,0.0,0.0
114,21.0,0.0009620103374965144,340000.0,340000.0,340000.0,0.0,0.0,0.0
114,22.0,0.0005100905328883734,340000.0,340000.0,340000.0,0.0,0.0,0.0
114,23.0,0.00026030757228053523,340000.0,340000.0,340000.0,0.0,0.0,0.0
114,24.0,0.00012784938119422885,340000.0,340000.0,340000.0,0.0,0.0,0.0
114,25.0,6.043321631007272e-05,340000.0,340000.0,340000.0,0.0,0.0,0.0
115,3.0,0.10278935044128726,1246.0546,356.0156,815.1225723230266,459.1069723230266,47.19130746814995,36.8448519288823
115,4.0,0.1378508433010282,14492.121000000001,5282.5470054598345,12357.128625127962,7074.581619668127,975.2370422732052,48.81674407540571
115,5.0,0.15780359846685055,35346.7401,14107.112262537974,31197.249179067385,17090.13691652941,2696.8851037195063,48.34996627179605
115,6.0,0.15860298392250613,64925.814099999996,29310.92593025799,58294.103999277635,28983.178069019647,4596.8185253038555,44.64045383301501
115,7.0,0.14169770972631998,103705.5047,49929.971978002395,93824.29748799972,43894.325509997325,6219.725394748203,42.32593596354902
115,8.0,0.11312674545145081,155409.2694,77558.69803707504,140889.8630477424,63331.16501066736,7164.448583305594,40.75121468312325
115,9.0,0.08084569690226942,221578.9996,117917.17112365592,202616.74082413805,84699.56970048213,6847.59573975782,38.225449999045004
115,10.0,0.05170385532831206,298001.48840000003,172891.59073229824,276672.22662145534,103780.6358891571,5365.858983893209,34.82554280059666
115,11.0,0.0295498194687426,350000.0,250569.35784945768,341471.8791556315,90902.52130617385,2686.153093850965,25.972148944621097
115,12.0,0.015060794843681266,350000.0,325208.06319160253,350000.0,24791.93680839747,373.3862740487844,7.083410516684991
115,13.0,0.0068283551906110915,350000.0,349678.69565485406,350000.0,321.304345145938,2.1939801929431635,0.091801241470268
115,14.0,0.0027463888550707857,350000.0,350000.0,350000.0,0.0,0.0,0.0
115,15.0,0.0009770588385144675,350000.0,350000.0,350000.0,0.0,0.0,0.0
115,16.0,0.00030654065420943657,350000.0,350000.0,350000.0,0.0,0.0,0.0
115,17.0,8.4555054985542e-05,350000.0,350000.0,350000.0,0.0,0.0,0.0
115,18.0,2.0442910965502097e-05,350000.0,350000.0,350000.0,0.0,0.0,0.0
115,19.0,4.318825120609054e-06,350000.0,350000.0,350000.0,0.0,0.0,0.0
115,20.0,7.948451789224977e-07,350000.0,350000.0,350000.0,0.0,0.0,0.0
115,21.0,1.2705097281866719e-07,350000.0,350000.0,350000.0,0.0,0.0,0.0
115,22.0,1.7585277259842898e-08,350000.0,350000.0,350000.0,0.0,0.0,0.0
115,23.0,2.101396272014326e-09,350000.0,350000.0,350000.0,0.0,0.0,0.0
115,24.0,2.1616307906559194e-10,350000.0,350000.0,350000.0,0.0,0.0,0.0
115,25.0,1.908593429947625e-11,350000.0,350000.0,350000.0,0.0,0.0,0.0
116,3.0,0.04550058205577335,1246.0546,213.60936,749.5462668994633,535.9369068994632,24.38544120909639,43.01070811017938
116,4.0,0.06267508442156755,14492.121000000001,2995.0614015318315,12932.693193769337,9937.631792237506,622.8419115289392,68.5726526312988
116,5.0,0.07758607360275696,35346.7401,9332.627943215899,32315.89483799205,22983.266894776152,1783.18143692991,65.02230992095407
116,6.0,0.08889789994010813,64925.814099999996,23596.458541780732,60075.57389489778,36479.11535311705,3242.9167465650617,56.18584203954872
116,7.0,0.09572303833997468,103705.5047,42077.22309023479,96452.26866968973,54375.04557945494,5204.944572740036,52.43216908953045
116,8.0,0.09770566636219162,155409.2694,66594.35691772905,144645.79326365626,78051.43634592721,7626.067598705001,50.22315377150034
116,9.0,0.09503573328716637,221578.9996,104132.69357077312,207516.28069120913,103383.58712043602,9825.135011848286,46.65766489923083
116,10.0,0.0883821058487379,298001.48840000003,157652.37029905588,282144.09739263175,124491.72709357587,11002.841001276614,41.775538693442265
116,11.0,0.07875687054461793,350000.0,244221.9010413894,346154.8737452638,101932.97270387437,8027.921935467107,29.12370648682125
116,12.0,0.06733951621844546,350000.0,338547.66391634237,350000.0,11452.336083657632,771.1947714445513,3.27209602390218
116,13.0,0.05529722205907289,350000.0,350000.0,350000.0,0.0,0.0,0.0
116,14.0,0.04363494354108916,350000.0,350000.0,350000.0,0.0,0.0,0.0
116,15.0,0.033098248563815685,350000.0,350000.0,350000.0,0.0,0.0,0.0
116,16.0,0.024136926925515154,350000.0,350000.0,350000.0,0.0,0.0,0.0
116,17.0,0.01692300937691821,350000.0,350000.0,350000.0,0.0,0.0,0.0
116,18.0,0.011406799643350556,350000.0,350000.0,350000.0,0.0,0.0,0.0
116,19.0,0.007390646730203842,350000.0,350000.0,350000.0,0.0,0.0,0.0
116,20.0,0.004602063762129555,350000.0,350000.0,350000.0,0.0,0.0,0.0
116,21.0,0.002753444866784497,350000.0,350000.0,350000.0,0.0,0.0,0.0
116,22.0,0.0015824963835342337,350000.0,350000.0,350000.0,0.0,0.0,0.0
116,23.0,0.0008734355155394026,350000.0,350000.0,350000.0,0.0,0.0,0.0
116,24.0,0.00046282043711323,350000.0,350000.0,350000.0,0.0,0.0,0.0
116,25.0,0.0002353715735936666,350000.0,350000.0,350000.0,0.0,0.0,0.0
117,3.0,0.05217538827528251,1139.24992,249.21092,1130.7088563809564,881.4979363809564,45.99249709453668,77.37529061059372
117,4.0,0.06756648521276436,13249.9392,5582.454304096167,13237.499677690714,7655.045373594547,517.2245100380161,57.774192455121195
117,5.0,0.07973720316782336,32317.01952,17711.443302847718,32292.842532067567,14581.399229219849,1162.679992811446,45.11987629365348
117,6.0,0.0880118361460315,59360.74432,36570.07865448043,59322.05405745902,22751.97540297859,2002.4431311654907,38.32831893132602
117,7.0,0.0921124886277462,94816.46144,61275.45141483229,94758.60253107644,33483.151116244146,3084.216376416146,35.31364765962326
117,8.0,0.09214870081666615,142088.47488,93443.70644510603,142002.6148607105,48558.908415604485,4474.64032357343,34.175121139567885
117,9.0,0.0885659545437131,202586.51392,138528.8125781881,202474.33591156884,63945.52333338073,5663.396312818143,31.56455091508824
117,10.0,0.08205970885115205,272458.50368,199027.0908146784,272330.81454416644,73303.72372948803,6015.2822269470735,26.90454610129643
117,11.0,0.07346943910188274,320000.0,276900.53553722845,319972.34897182474,43071.81343459629,3164.461974140727,13.45994169831134
117,12.0,0.06366986879359526,320000.0,320000.0,320000.0,0.0,0.0,0.0
117,13.0,0.053475215237464374,320000.0,320000.0,320000.0,0.0,0.0,0.0
117,14.0,0.0435679244484642,320000.0,320000.0,320000.0,0.0,0.0,0.0
117,15.0,0.03445748713804557,320000.0,320000.0,320000.0,0.0,0.0,0.0
117,16.0,0.026469014015580192,320000.0,320000.0,320000.0,0.0,0.0,0.0
117,17.0,0.01975653702660172,320000.0,320000.0,320000.0,0.0,0.0,0.0
117,18.0,0.014333211596968156,320000.0,320000.0,320000.0,0.0,0.0,0.0
117,19.0,0.010109859566265126,320000.0,320000.0,320000.0,0.0,0.0,0.0
117,20.0,0.006934263832620922,320000.0,320000.0,320000.0,0.0,0.0,0.0
117,21.0,0.004625668406784307,320000.0,320000.0,320000.0,0.0,0.0,0.0
117,22.0,0.0030013543786120995,320000.0,320000.0,320000.0,0.0,0.0,0.0
117,23.0,0.0018943749726245283,320000.0,320000.0,320000.0,0.0,0.0,0.0
117,24.0,0.001163181827937359,320000.0,320000.0,320000.0,0.0,0.0,0.0
117,25.0,0.0006948340153740141,320000.0,320000.0,320000.0,0.0,0.0,0.0
118,3.0,0.07097166057182142,1139.24992,249.21092,810.8790299957582,561.6681099957582,39.86251845663541,49.30157115971166
118,4.0,0.09560986572370408,13249.9392,3498.1688189098813,12031.069721315054,8532.900902405174,815.8295095126321,64.39954760249144
118,5.0,0.11381687349971115,32317.01952,9497.969640868028,29948.07062110373,20450.1009802357,2327.566556323806,63.279662803000036
118,6.0,0.1232565679362361,59360.74432,20774.933070608975,55569.73217652713,34794.79910591816,4288.687519826289,58.6158403242848
118,7.0,0.12319607279150897,94816.46144,37060.26058785187,89163.02237148408,52102.76178363221,6418.855633335005,54.951177245317176
118,8.0,0.11454547142612198,142088.47488,58832.57319973169,133765.27559750763,74932.70239777594,8583.201721386546,52.73665049966926
118,9.0,0.09951370802975935,202586.51392,91960.35726416647,191714.647809488,99754.29054532154,9926.919344042912,49.240341133819896
118,10.0,0.08098564431757889,272458.50368,138859.29642971558,260183.61116278867,121324.31473307309,9825.527800046653,44.52946525595228
118,11.0,0.06182299146221721,320000.0,213009.82750059437,315702.017450392,102692.18994979764,6348.738382502727,32.091309359311765
118,12.0,0.04429877189820555,320000.0,295322.0606444163,320000.0,24677.939355583687,1093.2024064307514,7.711856048619903
118,13.0,0.029799678972636794,320000.0,320000.0,320000.0,0.0,0.0,0.0
118,14.0,0.018817052337948892,320000.0,320000.0,320000.0,0.0,0.0,0.0
118,15.0,0.011149627665608045,320000.0,320000.0,320000.0,0.0,0.0,0.0
118,16.0,0.006196152294278755,320000.0,320000.0,320000.0,0.0,0.0,0.0
118,17.0,0.003227572378890806,320000.0,320000.0,320000.0,0.0,0.0,0.0
118,18.0,0.0015748164379005315,320000.0,320000.0,320000.0,0.0,0.0,0.0
118,19.0,0.0007192336262049561,320000.0,320000.0,320000.0,0.0,0.0,0.0
118,20.0,0.00030723256719039204,320000.0,320000.0,320000.0,0.0,0.0,0.0
118,21.0,0.00012265434397345593,320000.0,320000.0,320000.0,0.0,0.0,0.0
118,22.0,4.572692212305034e-05,320000.0,320000.0,320000.0,0.0,0.0,0.0
118,23.0,1.590690702569258e-05,320000.0,320000.0,320000.0,0.0,0.0,0.0
118,24.0,5.159101913912597e-06,320000.0,320000.0,320000.0,0.0,0.0,0.0
118,25.0,1.5587874398724887e-06,320000.0,320000.0,320000.0,0.0,0.0,0.0
119,3.0,0.08955202287181734,1139.24992,421.09564201701266,563.2565803042144,142.1609382872017,12.7307995969745,12.478468138685646
119,4.0,0.11265488077377754,13249.9392,5938.819848379901,10557.887676572882,4619.067828192981,520.3605354710719,34.861049235554084
119,5.0,0.12622184354261473,32317.01952,15760.573303898313,27177.41489882801,11416.841594929698,1441.0547935460324,35.32764396130085
119,6.0,0.12934104954653747,59360.74432,31336.299550517935,51204.50227295087,19868.202722432936,2569.774192722849,33.470272231305024
119,7.0,0.12287501361376062,94816.46144,52808.06839787116,82711.94059498377,29903.872197112607,3674.4387033243693,31.53869248330452
119,8.0,0.1090615436360356,142088.47488,81404.20508825508,124367.71345580353,42963.50836754845,4685.666542584566,30.237152171443206
119,9.0,0.09086410968477719,202586.51392,122002.54138663679,179336.1875634477,57333.6461768109,5209.570714837952,28.30082075426381
119,10.0,0.07127003215365027,272458.50368,175614.68265346225,245988.67604677117,70373.99339330892,5015.556771921898,25.82925195682735
119,11.0,0.052728094706019,320000.0,244786.5299267828,308112.27746870904,63325.74754192625,3339.046013720137,19.789296106851953
119,12.0,0.03684132494905919,320000.0,302580.29278107034,320000.0,17419.70721892966,641.7650941700597,5.4436585059155185
119,13.0,0.024329467090294862,320000.0,320000.0,320000.0,0.0,0.0,0.0
119,14.0,0.015193217218305782,320000.0,320000.0,320000.0,0.0,0.0,0.0
119,15.0,0.008974514912172658,320000.0,320000.0,320000.0,0.0,0.0,0.0
119,16.0,0.005015052144319628,320000.0,320000.0,320000.0,0.0,0.0,0.0
119,17.0,0.0026512768869888788,320000.0,320000.0,320000.0,0.0,0.0,0.0
119,18.0,0.001325950047941471,320000.0,320000.0,320000.0,0.0,0.0,0.0
119,19.0,0.0006272538047797186,320000.0,320000.0,320000.0,0.0,0.0,0.0
119,20.0,0.00028063123030831847,320000.0,320000.0,320000.0,0.0,0.0,0.0
119,21.0,0.00011871987733693058,320000.0,320000.0,320000.0,0.0,0.0,0.0
119,22.0,4.748026255000583e-05,320000.0,320000.0,320000.0,0.0,0.0,0.0
119,23.0,1.794752374049794e-05,320000.0,320000.0,320000.0,0.0,0.0,0.0
119,24.0,6.410491659366807e-06,320000.0,320000.0,320000.0,0.0,0.0,0.0
119,25.0,2.1630315529305893e-06,320000.0,320000.0,320000.0,0.0,0.0,0.0
120,3.0,0.07732627079834077,1139.24992,178.00779999999997,974.6633367514296,796.6555367514296,61.602401767838565,69.92807484695103
120,4.0,0.10895810779404516,13249.9392,2148.1625344881504,12301.941204981458,10153.778670493308,1106.3365108964863,76.6326434954004
120,5.0,0.13238553983516843,32317.01952,5435.514669092317,30370.945902745247,24935.43123365293,3301.090524889863,77.15882096806968
120,6.0,0.14297732261799362,59360.74432,12302.023030164706,56274.44060804557,43972.41757788086,6287.058534325804,74.0765940211864
120,7.0,0.13916941132582347,94816.46144,24147.283328730045,90229.8961637271,66082.61283499705,9196.678327118847,69.69529534364055
120,8.0,0.1228662433859365,142088.47488,40019.57780845488,135429.79215365573,95410.21434520085,11722.694617241817,67.14845410634395
120,9.0,0.09863723955749824,202586.51392,66560.66777915834,193797.98644950346,127237.31867034512,12550.337882340576,62.806411052904664
120,10.0,0.07203742247410845,272458.50368,106923.25284697377,262163.48495902994,155240.23211205617,11183.106185634848,56.97756906658504
120,11.0,0.0478226895190241,320000.0,181136.30009414998,313580.3363210785,132444.0362269285,6333.830023126782,41.38876132091516
120,12.0,0.028812940597841157,320000.0,278703.956131082,319640.80009721406,40936.84396613203,1179.5108534592543,12.79276373941626
120,13.0,0.015722812295196387,320000.0,320000.0,320000.0,0.0,0.0,0.0
120,14.0,0.007752477007228273,320000.0,320000.0,320000.0,0.0,0.0,0.0
120,15.0,0.0034451796209756733,320000.0,320000.0,320000.0,0.0,0.0,0.0
120,16.0,0.0013762078798016696,320000.0,320000.0,320000.0,0.0,0.0,0.0
120,17.0,0.0004927920207453923,320000.0,320000.0,320000.0,0.0,0.0,0.0
120,18.0,0.00015773883605175247,320000.0,320000.0,320000.0,0.0,0.0,0.0
120,19.0,4.5007805681750846e-05,320000.0,320000.0,320000.0,0.0,0.0,0.0
120,20.0,1.1415319309301278e-05,320000.0,320000.0,320000.0,0.0,0.0,0.0
120,21.0,2.566366912953475e-06,320000.0,320000.0,320000.0,0.0,0.0,0.0
120,22.0,5.099943645625149e-07,320000.0,320000.0,320000.0,0.0,0.0,0.0
120,23.0,8.933504261335978e-08,320000.0,320000.0,320000.0,0.0,0.0,0.0
120,24.0,1.3755998084377219e-08,320000.0,320000.0,320000.0,0.0,0.0,0.0
120,25.0,1.8569117261473215e-09,320000.0,320000.0,320000.0,0.0,0.0,0.0
121,3.0,0.04120637575574086,1068.0468,106.80467999999999,370.9014692549411,264.0967892549411,10.882471533923809,24.727080241702993
121,4.0,0.056283496486490135,12421.818000000001,1242.1818,9586.137011512055,8343.955211512055,469.6269738305698,67.17177156767274
121,5.0,0.06953284063670026,30297.205800000003,3029.72058,24785.882830007104,21756.162250007103,1512.767762595938,71.80913775885926
121,6.0,0.0799619946741355,55650.697799999994,6381.983811069205,46830.96668820665,40448.982877137445,3234.381353395863,72.68369396284092
121,7.0,0.08688864643004036,88890.4326,12724.106224861058,75793.96217165564,63069.85594679459,5480.054413754614,70.95235572832007
121,8.0,0.08998833475503569,133207.9452,23636.737885940318,114156.35981112265,90519.62192518232,8145.710039702575,67.95362077635467
121,9.0,0.08930609034658998,189924.8568,43101.313117958525,165025.9211096248,121924.60799166627,10888.610056776315,64.19623531429524
121,10.0,0.08522350834750664,255429.84720000002,75113.32406885477,227291.37452340985,152178.05045455508,12969.14735322106,59.57723896510833
121,11.0,0.078385402658606,300000.0,142825.55755028006,287592.2336442163,144766.67609393626,11347.594197171184,48.25555869797875
121,12.0,0.06959897867076063,300000.0,242134.99842200018,300000.0,57865.00157799982,4027.34501061074,19.288333859333274
121,13.0,0.059723233568860855,300000.0,300000.0,300000.0,0.0,0.0,0.0
121,14.0,0.04956670057460529,300000.0,300000.0,300000.0,0.0,0.0,0.0
121,15.0,0.039808145904034836,300000.0,300000.0,300000.0,0.0,0.0,0.0
121,16.0,0.030948701073417788,300000.0,300000.0,300000.0,0.0,0.0,0.0
121,17.0,0.023296940168524596,300000.0,300000.0,300000.0,0.0,0.0,0.0
121,18.0,0.016982316769105735,300000.0,300000.0,300000.0,0.0,0.0,0.0
121,19.0,0.011988379040003183,300000.0,300000.0,300000.0,0.0,0.0,0.0
121,20.0,0.008195756109997074,300000.0,300000.0,300000.0,0.0,0.0,0.0
121,21.0,0.005425794920498082,300000.0,300000.0,300000.0,0.0,0.0,0.0
121,22.0,0.003478160648920069,300000.0,300000.0,300000.0,0.0,0.0,0.0
121,23.0,0.002158750744288897,300000.0,300000.0,300000.0,0.0,0.0,0.0
121,24.0,0.0012970827271317502,300000.0,300000.0,300000.0,0.0,0.0,0.0
121,25.0,0.0007543689890058864,300000.0,300000.0,300000.0,0.0,0.0,0.0
122,3.0,0.047419020160374574,1068.0468,106.80467999999999,366.02418031472456,259.21950031472454,12.291934711386146,24.270425258024698
122,4.0,0.06519717524482987,12421.818000000001,1533.0170650078874,7008.128979136481,5475.1119141285935,356.96183095049787,44.07657489530593
122,5.0,0.08046634400572873,30297.205800000003,4372.794411143266,19345.772389998812,14972.977978855546,1204.8207968367913,49.42032634196103
122,6.0,0.09181267972465618,55650.697799999994,9361.270156471812,38049.896448973406,28688.626292501594,2633.979657533799,51.55124270966751
122,7.0,0.09832679863617665,88890.4326,16905.629122856528,62661.38758520994,45755.758462353406,4499.017248773359,51.47433432825189
122,8.0,0.0996921773141784,133207.9452,28423.630846339416,95367.21919336339,66943.58834702396,6673.75207953888,50.25495156952843
122,9.0,0.09619087654217857,189924.8568,48883.83072519411,140015.81604500004,91131.98531980594,8766.065548941084,47.9831796928889
122,10.0,0.08861664529993664,255429.84720000002,82108.03701377098,196873.55064600267,114765.51363223168,10170.134814212519,44.93034580346868
122,11.0,0.0781126314648598,300000.0,149047.7334137746,263053.6604778239,114005.92706404932,8905.302965563771,38.00197568801644
122,12.0,0.06596944352852216,300000.0,241982.12823443057,297939.1662432024,55957.03800877184,3691.4546589430415,18.652346002923945
122,13.0,0.053426340996138966,300000.0,298630.0313041686,300000.0,1369.9686958314269,73.19241469752559,0.45665623194380894
122,14.0,0.04151327565309704,300000.0,300000.0,300000.0,0.0,0.0,0.0
122,15.0,0.030957214012610847,300000.0,300000.0,300000.0,0.0,0.0,0.0
122,16.0,0.022157981859983227,300000.0,300000.0,300000.0,0.0,0.0,0.0
122,17.0,0.01522257788290664,300000.0,300000.0,300000.0,0.0,0.0,0.0
122,18.0,0.01003673140172951,300000.0,300000.0,300000.0,0.0,0.0,0.0
122,19.0,0.0063499355650617146,300000.0,300000.0,300000.0,0.0,0.0,0.0
122,20.0,0.0038541081606238013,300000.0,300000.0,300000.0,0.0,0.0,0.0
122,21.0,0.002243592609648616,300000.0,300000.0,300000.0,0.0,0.0,0.0
122,22.0,0.0012522903077213155,300000.0,300000.0,300000.0,0.0,0.0,0.0
122,23.0,0.0006699970772706359,300000.0,300000.0,300000.0,0.0,0.0,0.0
122,24.0,0.0003434840505699531,300000.0,300000.0,300000.0,0.0,0.0,0.0
122,25.0,0.000168678501196062,300000.0,300000.0,300000.0,0.0,0.0,0.0
123,3.0,0.06012584710411179,1068.0468,142.40624,348.6662999684537,206.2600599684537,12.401560829348176,19.311893445910204
123,4.0,0.07484450285843533,12421.818000000001,1656.2424,8151.524229155719,6495.281829155719,486.13613942858825,52.28930120499044
123,5.0,0.0854651407349909,30297.205800000003,4039.62744,22164.930621161755,18125.303181161755,1549.0815872423675,59.824999377209075
123,6.0,0.09169607585342537,55650.697799999994,8160.678621201705,42937.13221271814,34776.45359151644,3188.864326440819,62.49059754200682
123,7.0,0.09362391362884338,88890.4326,14593.75301057301,70118.5332607428,55524.78025016979,5198.447230402405,62.464292979680906
123,8.0,0.09166422092656884,133207.9452,26040.239487470804,105897.02845288531,79856.78896541451,7320.010346212141,59.94896839337668
123,9.0,0.08648013454492719,189924.8568,45943.47483096013,153983.06985991145,108039.59502895133,9343.278714283157,56.885442405636354
123,10.0,0.07888331821528952,255429.84720000002,78260.3708063023,214212.90577510494,135952.53496880265,10724.387078119335,53.22499952887363
123,11.0,0.06973282577955994,300000.0,143826.65936681817,277735.99200737796,133909.3326405598,9337.876163281295,44.63644421351993
123,12.0,0.05984554940578345,300000.0,239186.51807108877,300000.0,60813.481928911235,3639.4162373143763,20.27116064297041
123,13.0,0.04992796127716623,300000.0,299527.5534787367,300000.0,472.44652126327856,23.588291619164863,0.1574821737544262
123,14.0,0.04053392174333765,300000.0,300000.0,300000.0,0.0,0.0,0.0
123,15.0,0.03204853051176798,300000.0,300000.0,300000.0,0.0,0.0,0.0
123,16.0,0.02469419825655591,300000.0,300000.0,300000.0,0.0,0.0,0.0
123,17.0,0.01855279193627024,300000.0,300000.0,300000.0,0.0,0.0,0.0
123,18.0,0.013596935348475581,300000.0,300000.0,300000.0,0.0,0.0,0.0
123,19.0,0.009724080065872293,300000.0,300000.0,300000.0,0.0,0.0,0.0
123,20.0,0.0067883626433240755,300000.0,300000.0,300000.0,0.0,0.0,0.0
123,21.0,0.004627044996774403,300000.0,300000.0,300000.0,0.0,0.0,0.0
123,22.0,0.003080075856675686,300000.0,300000.0,300000.0,0.0,0.0,0.0
123,23.0,0.0020027259089150365,300000.0,300000.0,300000.0,0.0,0.0,0.0
123,24.0,0.0012722027868270918,300000.0,300000.0,300000.0,0.0,0.0,0.0
123,25.0,0.0007896396161021303,300000.0,300000.0,300000.0,0.0,0.0,0.0
124,3.0,0.045008625828289794,1032.44524,106.80467999999999,586.854807096858,480.0501270968581,21.606396549325446,46.496425040117195
124,4.0,0.06254619395498454,12007.7574,1249.788946929424,8569.936945080402,7320.147998150978,457.8473964715429,60.96182454644676
124,5.0,0.07792991901025079,29287.29894,3835.417405064081,22811.999860934568,18976.582455870488,1478.8435338773331,64.79458039045265
124,6.0,0.08970839547212207,53795.67454,8464.525276411967,43596.73954806635,35132.21427165438,3151.6545716929027,65.3067641070876
124,7.0,0.09688818550813554,85927.41818,15188.718632800916,70813.77060244478,55625.05196964387,5389.410354134536,64.73492762591913
124,8.0,0.09903843642718511,128767.68036,24682.761573079926,106768.43902098812,82085.6774479082,8129.637147507078,63.74711202253438
124,9.0,0.09631923285010963,183594.02823999999,42226.0037203714,154637.4309711351,112411.42725076369,10827.382436379467,61.22825907159457
124,10.0,0.08941786258106439,246915.51896000002,72135.71561525816,213740.34457685082,141604.62896159268,12661.983253330305,57.34942443392246
124,11.0,0.07940436857728939,290000.0,134669.18531614926,271338.5351042934,136669.3497881441,10852.143423796282,47.12736199591176
124,12.0,0.06753816146393299,290000.0,226134.71362081933,289891.64756560314,63756.933944783814,4306.026099208119,21.985149636132352
124,13.0,0.055067488616650236,290000.0,286921.5990168453,290000.0,3078.4009831547155,169.51981109735718,1.0615175803981778
124,14.0,0.043061480296844264,290000.0,290000.0,290000.0,0.0,0.0,0.0
124,15.0,0.03230216190174968,290000.0,290000.0,290000.0,0.0,0.0,0.0
124,16.0,0.023246057660329632,290000.0,290000.0,290000.0,0.0,0.0,0.0
124,17.0,0.01604773233924856,290000.0,290000.0,290000.0,0.0,0.0,0.0
124,18.0,0.010625664568605161,290000.0,290000.0,290000.0,0.0,0.0,0.0
124,19.0,0.00674649594241157,290000.0,290000.0,290000.0,0.0,0.0,0.0
124,20.0,0.0041063844489174425,290000.0,290000.0,290000.0,0.0,0.0,0.0
124,21.0,0.0023953167629165786,290000.0,290000.0,290000.0,0.0,0.0,0.0
124,22.0,0.001338562599273127,290000.0,290000.0,290000.0,0.0,0.0,0.0
124,23.0,0.0007163543703811039,290000.0,290000.0,290000.0,0.0,0.0,0.0
124,24.0,0.00036699902144026874,290000.0,290000.0,290000.0,0.0,0.0,0.0
124,25.0,0.00017991979786805243,290000.0,290000.0,290000.0,0.0,0.0,0.0
125,3.0,0.05240486738265956,996.84368,204.95897316129842,668.4327847295359,463.47381156823747,24.28828363056923,46.494131514004025
125,4.0,0.06607037301667361,11593.696800000002,3250.5677675538536,9741.16225309415,6490.594485540296,428.8359987596121,55.9838211875637
125,5.0,0.07655107395950078,28277.39208,10429.408629696405,24634.156895282154,14204.74826558575,1087.388735054945,50.23358669497837
125,6.0,0.08350384051049888,51940.65128,23167.218980801175,46098.07992396122,22930.86094316004,1914.8149549660639,44.14819679396219
125,7.0,0.08686838120705459,82964.40376,39973.766937963686,74269.20752458225,34295.44058661856,2979.189406542273,41.33753637985352
125,8.0,0.08684499114815226,124327.41552,62463.872437525235,111656.81819424166,49192.94575671642,4272.160938793572,39.567255179371905
125,9.0,0.0838485137909135,177263.19968,95427.09398234104,160668.91083694476,65241.81685460372,5470.429380277493,36.80505427656722
125,10.0,0.07844573753252707,238401.19072,141336.8115173475,219493.28164021389,78156.47012286639,6131.0419417271705,32.78359050423554
125,11.0,0.07128545697261462,280000.0,209483.71443969104,270852.0762178604,61368.36177816935,4374.671713017538,21.91727206363191
125,12.0,0.06303043847763089,280000.0,271301.9646207253,279803.65626864857,8501.69164792326,535.8653523702154,3.0363184456868786
125,13.0,0.05429901482211194,280000.0,280000.0,280000.0,0.0,0.0,0.0
125,14.0,0.0456215328863275,280000.0,280000.0,280000.0,0.0,0.0,0.0
125,15.0,0.03741399017983118,280000.0,280000.0,280000.0,0.0,0.0,0.0
125,16.0,0.029968477654417222,280000.0,280000.0,280000.0,0.0,0.0,0.0
125,17.0,0.02345791855198857,280000.0,280000.0,280000.0,0.0,0.0,0.0
125,18.0,0.017951285411201535,280000.0,280000.0,280000.0,0.0,0.0,0.0
125,19.0,0.013435023121421015,280000.0,280000.0,280000.0,0.0,0.0,0.0
125,20.0,0.009836678886151626,280000.0,280000.0,280000.0,0.0,0.0,0.0
125,21.0,0.007047516080474594,280000.0,280000.0,280000.0,0.0,0.0,0.0
125,22.0,0.00494191335594931,280000.0,280000.0,280000.0,0.0,0.0,0.0
125,23.0,0.0033923935624061803,280000.0,280000.0,280000.0,0.0,0.0,0.0
125,24.0,0.002280021282133473,280000.0,280000.0,280000.0,0.0,0.0,0.0
125,25.0,0.0015005602073601336,280000.0,280000.0,280000.0,0.0,0.0,0.0
126,3.0,0.07862842680881636,961.24212,142.40624,894.690592033825,752.284352033825,59.15093511330945,78.26169248948693
126,4.0,0.10985127752750248,11179.6362,1656.2424,10990.582196819025,9334.339796819026,1025.389151556378,83.4941283404108
126,5.0,0.13258742110330737,27267.485220000002,4039.62744,26900.046966356374,22860.419526356374,3031.004070339283,83.8376525811366
126,6.0,0.14248163188642432,50085.62802,7533.703108009866,49497.61918528497,41963.916077275106,5979.087243035115,83.78434640076439
126,7.0,0.13822557694553084,80001.38934,12830.266098739516,79122.05827890964,66291.79218017012,9163.221220857244,82.86330115897724
126,8.0,0.12184727019145937,119887.15067999999,20026.055762730313,118582.26292335722,98556.20716062692,12008.80480294635,82.20748145369711
126,9.0,0.09786746134277405,170932.37112,31540.465400284378,169227.5064929276,137687.04109264322,13475.081171535203,80.5505944780831
126,10.0,0.07167208294328067,229886.86248,53729.91507041666,227965.5627619998,174235.64769158314,12487.831793027377,75.79191164381632
126,11.0,0.047831460013346164,270000.0,103618.30929986104,269548.45347990305,165930.14418004203,7936.681056356444,61.455608955571115
126,12.0,0.02905134605333233,270000.0,184553.76325866702,270000.0,85446.23674133298,2482.3281925274237,31.646754348641842
126,13.0,0.01603023471020368,270000.0,258187.62291145764,270000.0,11812.377088542358,189.35517721476643,4.37495447723791
126,14.0,0.008019277114018541,270000.0,270000.0,270000.0,0.0,0.0,0.0
126,15.0,0.003628846774097786,270000.0,270000.0,270000.0,0.0,0.0,0.0
126,16.0,0.0014818449142032972,270000.0,270000.0,270000.0,0.0,0.0,0.0
126,17.0,0.0005447121211429955,270000.0,270000.0,270000.0,0.0,0.0,0.0
126,18.0,0.0001797925599589468,270000.0,270000.0,270000.0,0.0,0.0,0.0
126,19.0,5.3151735574686346e-05,270000.0,270000.0,270000.0,0.0,0.0,0.0
126,20.0,1.4037898137676042e-05,270000.0,270000.0,270000.0,0.0,0.0,0.0
126,21.0,3.3038885194862103e-06,270000.0,270000.0,270000.0,0.0,0.0,0.0
126,22.0,6.911818904485639e-07,270000.0,270000.0,270000.0,0.0,0.0,0.0
126,23.0,1.2820813348360524e-07,270000.0,270000.0,270000.0,0.0,0.0,0.0
126,24.0,2.1033758009573978e-08,270000.0,270000.0,270000.0,0.0,0.0,0.0
126,25.0,3.044586888158824e-09,270000.0,270000.0,270000.0,0.0,0.0,0.0
127,3.0,0.04467888077107341,961.24212,195.45607278768242,854.4374399999998,658.9813672123174,29.442549936038073,68.55519057075
127,4.0,0.05981006702306946,11179.6362,5123.949924569477,10705.52112334498,5581.571198775504,333.834147492797,49.92623283014794
127,5.0,0.0726520646212524,27267.485220000002,14302.435328277332,26346.01297999952,12043.577651722188,874.9907818239916,44.16827424513842
127,6.0,0.08232587423847391,50085.62802,29067.4899012731,48611.002521179595,19543.512619906494,1608.9367621244498,39.020200789141455
127,7.0,0.08829212236313384,80001.38934,48518.52538796393,77800.99567235555,29282.470284391624,2585.411449444336,36.60245218985296
127,8.0,0.09037771324754683,119887.15067999999,74454.0993673393,116663.98208637633,42209.882719037036,3814.8326765937113,35.20801226788905
127,9.0,0.08876472406518252,170932.37112,110913.48029421369,166721.79342411488,55808.31312990119,4953.809515518981,32.64935293661957
127,10.0,0.08393857584964755,229886.86248,159041.22798715837,225155.12875309528,66113.90076593691,5549.506674157667,28.759321021090873
127,11.0,0.07660349881517586,270000.0,221906.87284094817,268087.8211911266,46180.94835017843,3537.622222226591,17.104054944510526
127,12.0,0.06757982773164653,270000.0,263469.615292733,270000.0,6530.384707266989,441.322273538482,2.4186610026914774
127,13.0,0.057700055030514216,270000.0,270000.0,270000.0,0.0,0.0,0.0
127,14.0,0.04771910448103878,270000.0,270000.0,270000.0,0.0,0.0,0.0
127,15.0,0.03824985190358449,270000.0,270000.0,270000.0,0.0,0.0,0.0
127,16.0,0.02972891868603748,270000.0,270000.0,270000.0,0.0,0.0,0.0
127,17.0,0.02241175695816271,270000.0,270000.0,270000.0,0.0,0.0,0.0
127,18.0,0.01639133401913593,270000.0,270000.0,270000.0,0.0,0.0,0.0
127,19.0,0.011632065939986126,270000.0,270000.0,270000.0,0.0,0.0,0.0
127,20.0,0.008010169219865852,270000.0,270000.0,270000.0,0.0,0.0,0.0
127,21.0,0.005352884368830449,270000.0,270000.0,270000.0,0.0,0.0,0.0
127,22.0,0.00347135814897645,270000.0,270000.0,270000.0,0.0,0.0,0.0
127,23.0,0.0021845829875853408,270000.0,270000.0,270000.0,0.0,0.0,0.0
127,24.0,0.0013340679283479983,270000.0,270000.0,270000.0,0.0,0.0,0.0
127,25.0,0.0007905016017318808,270000.0,270000.0,270000.0,0.0,0.0,0.0
128,3.0,0.053615977878585366,961.24212,106.80467999999999,356.01559999999995,249.21091999999996,13.361687173821906,25.92592592592592
128,4.0,0.07186230292532458,11179.6362,1242.1818,6450.284026172566,5208.102226172566,374.2662198432702,46.58561453164787
128,5.0,0.08669243575906133,27267.485220000002,3029.72058,17919.66057228349,14889.93999228349,1290.8451662373145,54.60694256235298
128,6.0,0.09682641337494827,50085.62802,5724.802034274829,35065.25317207292,29340.45113779809,2840.930650475909,58.58057949494408
128,7.0,0.10159636950442522,80001.38934,9712.556295326314,57508.46855876117,47795.91226343485,4855.891163117016,59.74385277273843
128,8.0,0.1009875152114143,119887.15067999999,15438.043492438279,87334.14079088184,71896.09729844355,7260.608219567891,59.96981068500573
128,9.0,0.09558466266904952,170932.37112,25785.904833970693,128095.86006696294,102309.95523299224,9779.262558631122,59.85405488885858
128,10.0,0.0864299957692734,229886.86248,47882.187476673585,180336.09174392532,132453.90426725172,11447.990385442312,57.61699595981702
128,11.0,0.07482282724420207,270000.0,99627.1017638703,240330.30591573182,140703.20415186152,10527.81153696043,52.11229783402278
128,12.0,0.06210450773497009,270000.0,184982.53139154337,268810.36069877935,83827.82930723598,5206.086073616989,31.04734418786518
128,13.0,0.04947095178411116,270000.0,262131.21319397085,270000.0,7868.786806029151,389.2763726805182,2.9143654837145005
128,14.0,0.03784355352834438,270000.0,270000.0,270000.0,0.0,0.0,0.0
128,15.0,0.02781147948812522,270000.0,270000.0,270000.0,0.0,0.0,0.0
128,16.0,0.019640414400796342,270000.0,270000.0,270000.0,0.0,0.0,0.0
128,17.0,0.013329766659242844,270000.0,270000.0,270000.0,0.0,0.0,0.0
128,18.0,0.008694638417678027,270000.0,270000.0,270000.0,0.0,0.0,0.0
128,19.0,0.00545029307200988,270000.0,270000.0,270000.0,0.0,0.0,0.0
128,20.0,0.003283125611589023,270000.0,270000.0,270000.0,0.0,0.0,0.0
128,21.0,0.0019001916883997056,270000.0,270000.0,270000.0,0.0,0.0,0.0
128,22.0,0.0010565244358175044,270000.0,270000.0,270000.0,0.0,0.0,0.0
128,23.0,0.000564226998998492,270000.0,270000.0,270000.0,0.0,0.0,0.0
128,24.0,0.0002893561350433845,270000.0,270000.0,270000.0,0.0,0.0,0.0
128,25.0,0.0001424697085897126,270000.0,270000.0,270000.0,0.0,0.0,0.0
129,3.0,0.03694067028865452,783.23432,367.5526471199319,712.0311999999997,344.47855288006775,12.725268643455424,43.9815447413065
129,4.0,0.05086970907243554,9109.333200000001,6442.132542193874,8935.28686571495,2493.1543235210765,126.826035110202,27.369229654713656
129,5.0,0.06343533473463926,22217.950920000003,17335.676405327427,21879.681007452553,4544.0046021251255,288.2504529715486,20.45195175057631
129,6.0,0.07374701916913438,40810.511719999995,33060.885963017565,40269.1807749398,7208.294811922235,531.590255671601,17.6628385877104
129,7.0,0.08114827649622908,65186.31724,53616.2348555354,64376.790093096584,10760.555237561188,873.2005116705612,16.507383287114486
129,8.0,0.08526049731834334,97685.82647999999,80839.48135825986,96484.5245933655,15645.043235105637,1333.9041667920899,16.01567371527411
129,9.0,0.08600390279903797,139278.22832,117064.87168588456,137708.70091618114,20643.829230296586,1775.4498825223664,14.822007344081204
129,10.0,0.08358598329238576,187315.22128000003,161751.63331016415,185528.67148594008,23777.03817577593,1987.4271157028254,12.693596395048889
129,11.0,0.07845732502628308,220000.0,205179.65386033853,219613.12340028383,14433.469539945305,1132.4114109524453,6.560667972702411
129,12.0,0.07124173442527387,220000.0,219889.50985314994,220000.0,110.49014685006114,7.8715096985015665,0.05022279402275506
129,13.0,0.06265217358980553,220000.0,220000.0,220000.0,0.0,0.0,0.0
129,14.0,0.053405817102518835,220000.0,220000.0,220000.0,0.0,0.0,0.0
129,15.0,0.044150498773500614,220000.0,220000.0,220000.0,0.0,0.0,0.0
129,16.0,0.035411478756467184,220000.0,220000.0,220000.0,0.0,0.0,0.0
129,17.0,0.02756282236860601,220000.0,220000.0,220000.0,0.0,0.0,0.0
129,18.0,0.020822912334103605,220000.0,220000.0,220000.0,0.0,0.0,0.0
129,19.0,0.015269747647890351,220000.0,220000.0,220000.0,0.0,0.0,0.0
129,20.0,0.010869367647584494,220000.0,220000.0,220000.0,0.0,0.0,0.0
129,21.0,0.007510152347260552,220000.0,220000.0,220000.0,0.0,0.0,0.0
129,22.0,0.005036630895329955,220000.0,220000.0,220000.0,0.0,0.0,0.0
129,23.0,0.003278244681113964,220000.0,220000.0,220000.0,0.0,0.0,0.0
129,24.0,0.002070646809220743,220000.0,220000.0,220000.0,0.0,0.0,0.0
129,25.0,0.0012690544241812187,220000.0,220000.0,220000.0,0.0,0.0,0.0
130,3.0,0.1201125375174664,925.6405599999999,71.20312,818.6255032098227,747.4223832098227,89.77479904468397,80.74650307132421
130,4.0,0.16073118604282968,10765.5756,828.1212,10572.999765669427,9744.878565669427,1566.305889703396,90.51888099387298
130,5.0,0.1795026959344615,26257.57836,2019.81372,25883.29520772709,23863.48148772709,4283.559261429127,90.88226324815999
130,6.0,0.17179689806716691,48230.60476,3738.5158530112058,47631.64208249142,43893.126229480215,7540.7029326953025,91.00679215592778
130,7.0,0.14231551168752987,77038.37492,6382.973239202791,76142.66306046236,69759.68982125957,9927.885952075925,90.55187092627676
130,8.0,0.1023066438904459,115446.88584,9986.361362162015,114117.6897150035,104131.32835284148,10653.326727633244,90.1984731724674
130,9.0,0.0637519672162546,164601.54256,16027.107624622058,162864.9185136694,146837.81088904734,9361.199305905138,89.20804058414126
130,10.0,0.034330720874841715,221372.53424,31355.459929423374,219395.78294226382,188040.32301284044,6455.5598425689,84.94293280709223
130,11.0,0.015909112420792387,260000.0,76839.78828148068,259571.9353453817,182732.147063901,2907.1062705323684,70.28159502457731
130,12.0,0.0063135614785170815,260000.0,159737.7895443833,260000.0,100262.2104556167,633.0116296835541,38.56238863677566
130,13.0,0.0021344992699816345,260000.0,241655.4262634719,260000.0,18344.57373652811,39.156479248743516,7.055605283280042
130,14.0,0.0006114284161795049,260000.0,260000.0,260000.0,0.0,0.0,0.0
130,15.0,0.00014757389032700135,260000.0,260000.0,260000.0,0.0,0.0,0.0
130,16.0,2.9843760636752123e-05,260000.0,260000.0,260000.0,0.0,0.0,0.0
130,17.0,5.02853160609924e-06,260000.0,260000.0,260000.0,0.0,0.0,0.0
130,18.0,7.020134778346229e-07,260000.0,260000.0,260000.0,0.0,0.0,0.0
130,19.0,8.075261439145937e-08,260000.0,260000.0,260000.0,0.0,0.0,0.0
130,20.0,7.611794781168538e-09,260000.0,260000.0,260000.0,0.0,0.0,0.0
130,21.0,5.84756041432735e-10,260000.0,260000.0,260000.0,0.0,0.0,0.0
130,22.0,3.6415361735504805e-11,260000.0,260000.0,260000.0,0.0,0.0,0.0
130,23.0,1.828564191848125e-12,260000.0,260000.0,260000.0,0.0,0.0,0.0
130,24.0,7.365014927549964e-14,260000.0,260000.0,260000.0,0.0,0.0,0.0
130,25.0,2.367150425469354e-15,260000.0,260000.0,260000.0,0.0,0.0,0.0
131,3.0,0.0918897119333304,890.039,178.0078,818.8358799999999,640.8280799999999,58.885507669989195,71.99999999999999
131,4.0,0.11486557192955142,10351.515000000001,2070.303,10025.697055774119,7955.394055774119,913.8008881414479,76.85246126556468
131,5.0,0.12791892822827322,25247.6715,5310.517365557105,24614.423991786647,19303.906626229542,2469.335046245945,76.45816615694457
131,6.0,0.13029366239064763,46375.5815,13316.85354191627,45362.19999794258,32045.34645602631,4175.3055523328285,69.09961108741312
131,7.0,0.1230357035575952,74075.3605,24260.20242821372,72559.91076713098,48299.708338917255,5942.588597105332,65.20347388510821
131,8.0,0.10854385701686618,111006.621,39664.77457522084,108757.76173671383,69092.98716149299,7499.619319325266,62.242221715309206
131,9.0,0.08988353789988865,158270.714,63561.489298548455,155332.5297847501,91771.04048620164,8248.705795653721,57.98358910935452
131,10.0,0.07007221099732128,212858.206,98285.6901048717,209573.44226995515,111287.75216508345,7798.178851129325,52.28257545545764
131,11.0,0.05152772293991224,250000.0,157601.44110530044,248976.6683660988,91375.22726079836,4708.357393865935,36.55009090431934
131,12.0,0.0357863016151921,250000.0,229887.43055610664,250000.0,20112.569443893357,719.7544763756641,8.045027777557342
131,13.0,0.02349277296187921,250000.0,250000.0,250000.0,0.0,0.0,0.0
131,14.0,0.014585592732885164,250000.0,250000.0,250000.0,0.0,0.0,0.0
131,15.0,0.008566941294740595,250000.0,250000.0,250000.0,0.0,0.0,0.0
131,16.0,0.004761171111076737,250000.0,250000.0,250000.0,0.0,0.0,0.0
131,17.0,0.002503889122086107,250000.0,250000.0,250000.0,0.0,0.0,0.0
131,18.0,0.0012460109121910326,250000.0,250000.0,250000.0,0.0,0.0,0.0
131,19.0,0.000586678627546542,250000.0,250000.0,250000.0,0.0,0.0,0.0
131,20.0,0.00026133475385128413,250000.0,250000.0,250000.0,0.0,0.0,0.0
131,21.0,0.00011011456394959141,250000.0,250000.0,250000.0,0.0,0.0,0.0
131,22.0,4.387976281355464e-05,250000.0,250000.0,250000.0,0.0,0.0,0.0
131,23.0,1.653364644643151e-05,250000.0,250000.0,250000.0,0.0,0.0,0.0
131,24.0,5.8893133350868195e-06,250000.0,250000.0,250000.0,0.0,0.0,0.0
131,25.0,1.9826886202899456e-06,250000.0,250000.0,250000.0,0.0,0.0,0.0
132,3.0,0.09234789085780684,854.4374399999999,142.40624,715.4307703568134,573.0245303568133,52.91760678823702,67.06453902076358
132,4.0,0.11416919493840268,9937.4544,2645.195165108347,8877.528167963394,6232.333002855046,711.5404415239983,62.715588439379864
132,5.0,0.1262527259096429,24237.76464,8300.300315465063,22250.806963043593,13950.50664757853,1761.2894920773833,57.55690285297914
132,6.0,0.128144700043992,44520.55824,18885.533953891678,41353.18908351962,22467.65512962794,2879.1109272780304,50.46579831391607
132,7.0,0.1209883473938604,71112.34608,32815.639728691036,66367.25167200189,33551.611943310854,4059.3540814212893,47.18113491230615
132,8.0,0.10708384599112611,106566.35616,51519.04627011495,99683.47132478046,48164.42505466551,5157.631874804937,45.196651917375185
132,9.0,0.08927215879219146,151939.88543999998,79145.55126854098,142869.50417150062,63723.952902959645,5688.774842419143,41.94024019329921
132,10.0,0.07031771566204006,204343.87776,117750.15345639942,193855.84879527916,76105.69533887974,5351.578645101194,37.24393222500416
132,11.0,0.052441043988068765,240000.0,176815.04300078494,233641.46258657405,56826.41958578912,2980.0367691828196,23.677674827412133
132,12.0,0.03708111777765207,240000.0,232668.49872848945,239878.8411196308,7210.342391141341,267.36755542310954,3.0043093296422256
132,13.0,0.02488495560226657,240000.0,240000.0,240000.0,0.0,0.0,0.0
132,14.0,0.015860642121535352,240000.0,240000.0,240000.0,0.0,0.0,0.0
132,15.0,0.009605271571180669,240000.0,240000.0,240000.0,0.0,0.0,0.0
132,16.0,0.005528943186439213,240000.0,240000.0,240000.0,0.0,0.0,0.0
132,17.0,0.003025574796287043,240000.0,240000.0,240000.0,0.0,0.0,0.0
132,18.0,0.0015742008062077943,240000.0,240000.0,240000.0,0.0,0.0,0.0
132,19.0,0.0007787972997117908,240000.0,240000.0,240000.0,0.0,0.0,0.0
132,20.0,0.00036635773169719723,240000.0,240000.0,240000.0,0.0,0.0,0.0
132,21.0,0.0001638669065200967,240000.0,240000.0,240000.0,0.0,0.0,0.0
132,22.0,6.968798891847017e-05,240000.0,240000.0,240000.0,0.0,0.0,0.0
132,23.0,2.8175488582744826e-05,240000.0,240000.0,240000.0,0.0,0.0,0.0
132,24.0,1.0829048374001064e-05,240000.0,240000.0,240000.0,0.0,0.0,0.0
132,25.0,3.9560974958035285e-06,240000.0,240000.0,240000.0,0.0,0.0,0.0
133,3.0,0.11148609307598141,854.4374399999999,106.80467999999999,809.0071674537836,702.2024874537836,78.28581187445819,82.1830194442069
133,4.0,0.14623348470148106,9937.4544,1242.1818,9834.825651688257,8592.643851688257,1256.5322532311302,86.46725313967988
133,5.0,0.16361584472324198,24237.76464,3029.72058,24038.29926281252,21008.57868281252,3437.3363476230647,86.67704714048466
133,6.0,0.16051441177045608,44520.55824,5836.460561420859,44201.35520971409,38364.89464829324,6158.118497106308,86.17343574507083
133,7.0,0.139763084050141,71112.34608,9873.45942027786,70634.99757305009,60761.53815277223,8492.219963861755,85.44442913529625
133,8.0,0.1085811437018977,106566.35616,16044.42443003369,105857.99243906167,89813.56800902798,9752.059934368428,84.27947735604361
133,9.0,0.07540249482953541,151939.88543999998,28198.73224790744,151014.3926190418,122815.66037113438,9260.607196120438,80.83174474923074
133,10.0,0.04680013567582285,204343.87776,50094.844971003935,203290.41478467136,153195.56981366742,7169.573452214627,74.96949333299537
133,11.0,0.02593120172250255,240000.0,98134.45203460193,239771.873039768,141637.42100516608,3672.828535539981,59.01559208548587
133,12.0,0.012802981115607641,240000.0,173910.12905589506,240000.0,66089.87094410494,846.1473696303217,27.537446226710394
133,13.0,0.005620012248329413,240000.0,236644.64977980487,240000.0,3355.350220195134,18.857109334931447,1.3980625917479725
133,14.0,0.0021878590081906746,240000.0,240000.0,240000.0,0.0,0.0,0.0
133,15.0,0.0007533752238220889,240000.0,240000.0,240000.0,0.0,0.0,0.0
133,16.0,0.00022883918383476745,240000.0,240000.0,240000.0,0.0,0.0,0.0
133,17.0,6.114693255665211e-05,240000.0,240000.0,240000.0,0.0,0.0,0.0
133,18.0,1.43329436891377e-05,240000.0,240000.0,240000.0,0.0,0.0,0.0
133,19.0,2.939035633278457e-06,240000.0,240000.0,240000.0,0.0,0.0,0.0
133,20.0,5.257531729268519e-07,240000.0,240000.0,240000.0,0.0,0.0,0.0
133,21.0,8.182304377244488e-08,240000.0,240000.0,240000.0,0.0,0.0,0.0
133,22.0,1.1048613951185894e-08,240000.0,240000.0,240000.0,0.0,0.0,0.0
133,23.0,1.2909649199634622e-09,240000.0,240000.0,240000.0,0.0,0.0,0.0
133,24.0,1.3018077611962414e-10,240000.0,240000.0,240000.0,0.0,0.0,0.0
133,25.0,1.1299836955810821e-11,240000.0,240000.0,240000.0,0.0,0.0,0.0
134,3.0,0.06648710400211987,854.4374399999999,174.785630011512,854.4374399999999,679.6518099884879,45.188080575933604,79.54377677884621
134,4.0,0.08940599425724366,9937.4544,2601.313259897607,9937.4544,7336.141140102393,655.8949926423236,73.8231426762813
134,5.0,0.10678996855404685,24237.76464,7109.614902707688,24237.76464,17128.14973729231,1829.1145718344517,70.66720051000674
134,6.0,0.11661903296830224,44520.55824,15500.571684521561,44520.55824,29019.986555478437,3384.282768853028,65.18333934412598
134,7.0,0.11814314557793495,71112.34608,27619.175479099496,71112.34608,43493.17060090051,5138.41998594815,61.16120898609017
134,8.0,0.11192979817597626,106566.35616,43925.17906181408,106566.35616,62641.177098185915,7011.414310105536,58.78138218795406
134,9.0,0.0996362985656252,151939.88543999998,68692.15082600944,151939.88543999998,83247.73461399054,8294.496140911493,54.78991534903091
134,10.0,0.08356714582091437,204343.87776,104037.53998955406,204343.87776,100306.33777044594,8382.314355224747,49.087028625469664
134,11.0,0.06614764372060833,240000.0,160222.83746291188,240000.0,79777.16253708812,5277.071324544368,33.24048439045338
134,12.0,0.049460089554717514,240000.0,220928.30027513945,240000.0,19071.699724860548,943.2879763522841,7.946541552025228
134,13.0,0.03495041061060857,240000.0,240000.0,240000.0,0.0,0.0,0.0
134,14.0,0.0233433347716244,240000.0,240000.0,240000.0,0.0,0.0,0.0
134,15.0,0.01473490732923701,240000.0,240000.0,240000.0,0.0,0.0,0.0
134,16.0,0.008788188873017657,240000.0,240000.0,240000.0,0.0,0.0,0.0
134,17.0,0.004950679393099882,240000.0,240000.0,240000.0,0.0,0.0,0.0
134,18.0,0.002633029176021681,240000.0,240000.0,240000.0,0.0,0.0,0.0
134,19.0,0.0013214771955023835,240000.0,240000.0,240000.0,0.0,0.0,0.0
134,20.0,0.000625528564984856,240000.0,240000.0,240000.0,0.0,0.0,0.0
134,21.0,0.00027911051128405774,240000.0,240000.0,240000.0,0.0,0.0,0.0
134,22.0,0.00011732658927702901,240000.0,240000.0,240000.0,0.0,0.0,0.0
134,23.0,4.6435689664313083e-05,240000.0,240000.0,240000.0,0.0,0.0,0.0
134,24.0,1.7293505179411404e-05,240000.0,240000.0,240000.0,0.0,0.0,0.0
134,25.0,6.056593009314524e-06,240000.0,240000.0,240000.0,0.0,0.0,0.0
135,3.0,0.1352873761062226,818.83588,142.40624,577.1366753993093,434.7304353993093,58.813539918688264,53.09127824238836
135,4.0,0.1493811599246457,9523.3938,3194.1094433184726,8142.486012756929,4948.3765694384565,739.1942316866557,51.96022209475846
135,5.0,0.14874039604515532,23227.857780000002,9416.063430551532,20500.628685964464,11084.565255412932,1648.7226260784878,47.72099674623086
135,6.0,0.1366158728682412,42665.53498,19180.569250206863,38283.92448918164,19103.35523897478,2609.8215506846277,44.77467644066743
135,7.0,0.11717891579448478,68149.33166,32242.331733691975,61587.30479847748,29344.973064785507,3438.6121277499246,43.059810492623555
135,8.0,0.09456272296836936,102126.09131999999,50153.73777448938,92624.4244444623,42470.68666997292,4016.1437778490667,41.586519292994446
135,9.0,0.0721524940102633,145609.05688,76336.93804763748,133105.58953114087,56768.65148350339,4095.999786134203,38.987033293051155
135,10.0,0.052232231932933415,195829.54952000003,112623.52333751958,181291.21499358644,68667.69165606686,3586.666796878841,35.065030698573835
135,11.0,0.03596462721324576,230000.0,165931.4492949137,222283.46397964607,56352.01468473236,2026.6792008517502,24.500875949883635
135,12.0,0.02359893546191966,230000.0,212492.47109031206,229661.69542122202,17169.224330909958,405.17541691636484,7.464880143873895
135,13.0,0.014778765393984492,230000.0,229781.1691253705,230000.0,218.83087462949334,3.234050157109715,0.09514385853456232
135,14.0,0.008843678902630665,230000.0,230000.0,230000.0,0.0,0.0,0.0
135,15.0,0.00506177213521129,230000.0,230000.0,230000.0,0.0,0.0,0.0
135,16.0,0.0027733316033967392,230000.0,230000.0,230000.0,0.0,0.0,0.0
135,17.0,0.0014555624691551723,230000.0,230000.0,230000.0,0.0,0.0,0.0
135,18.0,0.0007322296544034957,230000.0,230000.0,230000.0,0.0,0.0,0.0
135,19.0,0.00035324400883351444,230000.0,230000.0,230000.0,0.0,0.0,0.0
135,20.0,0.00016349689133304435,230000.0,230000.0,230000.0,0.0,0.0,0.0
135,21.0,7.263151798303234e-05,230000.0,230000.0,230000.0,0.0,0.0,0.0
135,22.0,3.097967080798839e-05,230000.0,230000.0,230000.0,0.0,0.0,0.0
135,23.0,1.269124126488167e-05,230000.0,230000.0,230000.0,0.0,0.0,0.0
135,24.0,4.994976417462531e-06,230000.0,230000.0,230000.0,0.0,0.0,0.0
135,25.0,1.889209096997104e-06,230000.0,230000.0,230000.0,0.0,0.0,0.0
136,3.0,0.040356178740825345,747.63276,35.60156,747.6327599999997,712.0311999999998,28.73485837624435,95.23809523809521
136,4.0,0.05445444548133863,8695.2726,414.0606,8695.2726,8281.212,450.94880737340725,95.23809523809523
136,5.0,0.06675309483833708,21208.04406,1063.5567359347162,21208.044059999997,20144.48732406528,1344.7068728130089,94.98512577149597
136,6.0,0.07644493365000128,38955.48846,3408.547281689238,38955.48846000001,35546.94117831077,2717.3835598364653,91.25014878150182
136,7.0,0.08298753895801762,62223.30282,9123.569118593421,62223.30282,53099.73370140658,4406.61621920584,85.33737570153397
136,8.0,0.08613179380352441,93245.56164,16734.228836427403,93245.56164000001,76511.33280357262,6590.05834067015,82.05359210443233
136,9.0,0.08592454054552971,132947.39976,30891.575784522247,132947.39975999997,102055.82397547772,8769.099785088378,76.76406169636373
136,10.0,0.08267990622260638,178800.89304000002,54797.71512899534,178800.89304000002,124003.17791100469,10252.571120987042,69.35266138926029
136,11.0,0.07692262722114314,210000.0,105449.37853194773,210000.0,104550.62146805227,8042.30848092583,49.786010222882034
136,12.0,0.06931234956135211,210000.0,179167.43998040387,210000.0,30832.56001959613,2137.0771779496167,14.68217143790292
136,13.0,0.0605608141002567,210000.0,210000.0,210000.0,0.0,0.0,0.0
136,14.0,0.05135406294768128,210000.0,210000.0,210000.0,0.0,0.0,0.0
136,15.0,0.0422896689671821,210000.0,210000.0,210000.0,0.0,0.0,0.0
136,16.0,0.03383524837387723,210000.0,210000.0,210000.0,0.0,0.0,0.0
136,17.0,0.026310161302815903,210000.0,210000.0,210000.0,0.0,0.0,0.0
136,18.0,0.01988831835004495,210000.0,210000.0,210000.0,0.0,0.0,0.0
136,19.0,0.014617131866733957,210000.0,210000.0,210000.0,0.0,0.0,0.0
136,20.0,0.010446240414893981,210000.0,210000.0,210000.0,0.0,0.0,0.0
136,21.0,0.007259660623923563,210000.0,210000.0,210000.0,0.0,0.0,0.0
136,22.0,0.004906145170281023,210000.0,210000.0,210000.0,0.0,0.0,0.0
136,23.0,0.003224254816190366,210000.0,210000.0,210000.0,0.0,0.0,0.0
136,24.0,0.0020604902619395862,210000.0,210000.0,210000.0,0.0,0.0,0.0
136,25.0,0.0012803937815036284,210000.0,210000.0,210000.0,0.0,0.0,0.0
137,3.0,0.05309709072272836,747.63276,213.60935999999998,669.0563461671128,455.4469861671128,24.1829099439084,60.91854323867681
137,4.0,0.07290367835113942,8695.2726,2484.3635999999997,8332.990509564526,5848.626909564527,426.38641501071083,67.26214551990614
137,5.0,0.08942183138298065,21208.04406,6059.44116,20503.926207977885,14444.485047977885,1291.6523063742636,68.10852055527975
137,6.0,0.10092499906076863,38955.48846,12820.904237514298,37838.15244358019,25017.248206065895,2524.865751700216,64.22008603936241
137,7.0,0.10640467162612154,62223.30282,23040.770743365712,60586.59922944993,37545.82848608422,3995.051550992471,60.340462149200036
137,8.0,0.10568240152058297,93245.56164,36633.923353451006,90862.34446731504,54228.42111386403,5730.989773982638,58.15657084379811
137,9.0,0.09938216953769931,132947.39976,57621.27512424452,129823.08683424057,72201.81170999605,7175.572692291871,54.30855499267875
137,10.0,0.08876006800784539,178800.89304000002,87171.95801691516,175245.5962274082,88073.63821049305,7817.422117261734,49.25794089338797
137,11.0,0.07543258732045446,210000.0,133664.45901678543,208302.82255881932,74638.36354203388,5630.164875340296,35.54207787715899
137,12.0,0.06107127844754941,210000.0,188597.80068979214,210000.0,21402.199310207856,1307.0596734636538,10.191523481051359
137,13.0,0.047134821792569344,210000.0,210000.0,210000.0,0.0,0.0,0.0
137,14.0,0.03469110301347348,210000.0,210000.0,210000.0,0.0,0.0,0.0
137,15.0,0.024350550446973828,210000.0,210000.0,210000.0,0.0,0.0,0.0
137,16.0,0.016299900011834064,210000.0,210000.0,210000.0,0.0,0.0,0.0
137,17.0,0.010403172508062553,210000.0,210000.0,210000.0,0.0,0.0,0.0
137,18.0,0.006328967810054829,210000.0,210000.0,210000.0,0.0,0.0,0.0
137,19.0,0.003668935896371045,210000.0,210000.0,210000.0,0.0,0.0,0.0
137,20.0,0.0020259147374827426,210000.0,210000.0,210000.0,0.0,0.0,0.0
137,21.0,0.001065110798019994,210000.0,210000.0,210000.0,0.0,0.0,0.0
137,22.0,0.0005329284823347724,210000.0,210000.0,210000.0,0.0,0.0,0.0
137,23.0,0.0002536551722714591,210000.0,210000.0,210000.0,0.0,0.0,0.0
137,24.0,0.00011479257110067339,210000.0,210000.0,210000.0,0.0,0.0,0.0
137,25.0,4.9370781580993125e-05,210000.0,210000.0,210000.0,0.0,0.0,0.0
138,3.0,0.04971011835872272,356.0156,213.60936,356.0156,142.40624,7.079031045420674,40.0
138,4.0,0.06562745393165252,4140.606,2897.9902699251825,4140.606,1242.6157300748173,81.54970658023184,30.01047986876359
138,5.0,0.07863084388646678,10099.0686,7711.4523411201935,10099.068599999999,2387.616258879805,187.74028131276782,23.64194514808826
138,6.0,0.0878468643884691,18550.2326,14828.239869907042,18550.232600000003,3721.992730092961,326.96539061534423,20.064399246901957
138,7.0,0.09282018050025811,29630.1442,24170.218527284473,29630.1442,5459.925672715526,506.7912864594484,18.42692912954344
138,8.0,0.09352562750007744,44402.6484,36492.7187902186,44402.648400000005,7909.929609781408,739.7811302362488,17.814094192141493
138,9.0,0.09033158799325129,63308.2856,52899.07435948218,63308.2856,10409.21124051782,940.2805811131758,16.442099390095976
138,10.0,0.08391734798249025,85143.28240000001,73227.19486129838,85143.28240000001,11916.087538701628,999.9664645750402,13.995334925802233
138,11.0,0.07515894615253786,100000.0,93000.20523866477,100000.0,6999.79476133523,526.0971975460111,6.99979476133523
138,12.0,0.06500377067412794,100000.0,100000.0,100000.0,0.0,0.0,0.0
138,13.0,0.05435446317310711,100000.0,100000.0,100000.0,0.0,0.0,0.0
138,14.0,0.043978493591953376,100000.0,100000.0,100000.0,0.0,0.0,0.0
138,15.0,0.03445274418062239,100000.0,100000.0,100000.0,0.0,0.0,0.0
138,16.0,0.0261446450321867,100000.0,100000.0,100000.0,0.0,0.0,0.0
138,17.0,0.01922473072226689,100000.0,100000.0,100000.0,0.0,0.0,0.0
138,18.0,0.013701204114533174,100000.0,100000.0,100000.0,0.0,0.0,0.0
138,19.0,0.009465626149593127,100000.0,100000.0,100000.0,0.0,0.0,0.0
138,20.0,0.0063398523152442985,100000.0,100000.0,100000.0,0.0,0.0,0.0
138,21.0,0.004116956487778177,100000.0,100000.0,100000.0,0.0,0.0,0.0
138,22.0,0.002592113554778342,100000.0,100000.0,100000.0,0.0,0.0,0.0
138,23.0,0.0015823910518528207,100000.0,100000.0,100000.0,0.0,0.0,0.0
138,24.0,0.0009365859731104015,100000.0,100000.0,100000.0,0.0,0.0,0.0
138,25.0,0.0005374522849191075,100000.0,100000.0,100000.0,0.0,0.0,0.0
139,3.0,0.10977545252957989,712.0312,142.40624,529.3324937983491,386.9262537983491,42.47500460628885,54.34119372835756
139,4.0,0.12280193231992831,8281.212,1656.2424,7536.619430276512,5880.3770302765115,722.1216620876772,71.00865223926778
139,5.0,0.12602291094431567,20198.1372,4447.736711655694,18750.97507229138,14303.238360635687,1802.5357341377107,70.81464106816586
139,6.0,0.12118250527844965,37100.4652,11604.201658393931,34784.58189737853,23180.380238984595,2809.0565506672206,62.48002582723571
139,7.0,0.1104592260422129,59260.2884,20945.602899119094,55797.02730317891,34851.42440405981,3849.6613661411375,58.81075733013107
139,8.0,0.09612070181198247,88805.2968,33820.15811600337,83665.97305349748,49845.81493749411,4791.214714182133,56.129326440688295
139,9.0,0.08022911408972086,126616.5712,53803.22241848598,119912.022717036,66108.80029855002,5303.850481486942,52.211807405624974
139,10.0,0.06444522669303984,170286.56480000002,82378.41209760946,162813.95681343268,80435.54471582323,5183.686913389371,47.23540275199868
139,11.0,0.049941188447678066,200000.0,130724.2833764018,196988.6084710685,66264.3250946667,3309.319146910952,33.13216254733335
139,12.0,0.03740694791532126,200000.0,187670.02969465643,200000.0,12329.970305343566,461.22655700944455,6.1649851526717825
139,13.0,0.02712155126280439,200000.0,200000.0,200000.0,0.0,0.0,0.0
139,14.0,0.01905749934108274,200000.0,200000.0,200000.0,0.0,0.0,0.0
139,15.0,0.012990799591217891,200000.0,200000.0,200000.0,0.0,0.0,0.0
139,16.0,0.008597758143575787,200000.0,200000.0,200000.0,0.0,0.0,0.0
139,17.0,0.005528683043173355,200000.0,200000.0,200000.0,0.0,0.0,0.0
139,18.0,0.0034562989107919852,200000.0,200000.0,200000.0,0.0,0.0,0.0
139,19.0,0.0021017769101946996,200000.0,200000.0,200000.0,0.0,0.0,0.0
139,20.0,0.0012438072963260214,200000.0,200000.0,200000.0,0.0,0.0,0.0
139,21.0,0.0007166281163135809,200000.0,200000.0,200000.0,0.0,0.0,0.0
139,22.0,0.0004021363565363051,200000.0,200000.0,200000.0,0.0,0.0,0.0
139,23.0,0.0002198570617064031,200000.0,200000.0,200000.0,0.0,0.0,0.0
139,24.0,0.00011714684927294896,200000.0,200000.0,200000.0,0.0,0.0,0.0
139,25.0,6.085104477494279e-05,200000.0,200000.0,200000.0,0.0,0.0,0.0
140,3.0,0.04033617636387937,712.0312,35.60156,712.0311999999998,676.4296399999998,27.284585256795427,94.99999999999997
140,4.0,0.05465704925786886,8281.212,414.0606,8281.212,7867.1514,429.99528158891195,95.0
140,5.0,0.06719948145872817,20198.1372,1053.4998549414668,20198.137199999997,19144.63734505853,1286.5097023033356,94.78417319127097
140,6.0,0.07710795609293378,37100.4652,2843.8176718568293,37100.465200000006,34256.64752814318,2641.4600734911724,92.33481937079101
140,7.0,0.08380042793146812,59260.2884,8235.154446179607,59260.2884,51025.13395382039,4275.928060590632,86.1034182105337
140,8.0,0.08700193764995968,88805.2968,15111.207967937375,88805.29680000001,73694.08883206264,6411.528521737704,82.98388889801295
140,9.0,0.08675032008002932,126616.5712,28205.58567663622,126616.57119999998,98410.98552336375,8537.184493542938,77.72362226419519
140,10.0,0.08336764772688189,170286.56480000002,50651.934985213185,170286.56480000002,119634.62981478684,9973.65767433507,70.25488473227269
140,11.0,0.07740070074074448,200000.0,98243.04930878458,200000.0,101756.95069121542,7876.059288741457,50.87847534560771
140,12.0,0.0695401473872598,200000.0,168616.06294550546,200000.0,31383.93705449454,2182.443608362035,15.69196852724727
140,13.0,0.06053154121512052,200000.0,200000.0,200000.0,0.0,0.0,0.0
140,14.0,0.05109161138329285,200000.0,200000.0,200000.0,0.0,0.0,0.0
140,15.0,0.04184098493558887,200000.0,200000.0,200000.0,0.0,0.0,0.0
140,16.0,0.033260281311955346,200000.0,200000.0,200000.0,0.0,0.0,0.0
140,17.0,0.025671606874067502,200000.0,200000.0,200000.0,0.0,0.0,0.0
140,18.0,0.0192429922895908,200000.0,200000.0,200000.0,0.0,0.0,0.0
140,19.0,0.01401011629695523,200000.0,200000.0,200000.0,0.0,0.0,0.0
140,20.0,0.009908155420247542,200000.0,200000.0,200000.0,0.0,0.0,0.0
140,21.0,0.006806734753164197,200000.0,200000.0,200000.0,0.0,0.0,0.0
140,22.0,0.004542318715334019,200000.0,200000.0,200000.0,0.0,0.0,0.0
140,23.0,0.002944387265439871,200000.0,200000.0,200000.0,0.0,0.0,0.0
140,24.0,0.0018538177783652549,200000.0,200000.0,200000.0,0.0,0.0,0.0
140,25.0,0.0011336070711247795,200000.0,200000.0,200000.0,0.0,0.0,0.0
141,3.0,0.1033789661789164,640.82808,106.80467999999999,640.8280799999999,534.0233999999999,55.20678700734994,83.33333333333333
141,4.0,0.1417718728756327,7453.0908,2620.588367064068,7453.0908,4832.502432935932,685.1129205933787,64.83890459158141
141,5.0,0.1640951502852475,18178.32348,7080.9849197595195,18178.32348,11097.33856024048,1821.0194388089335,61.0470958581516
141,6.0,0.16487568698472385,33390.41868,14014.575516330058,33390.41868,19375.843163669946,3194.6054525183476,58.0281527744831
141,7.0,0.1454507424651108,53334.25956,23419.89520446424,53334.25956,29914.36435553576,4351.0665058845225,56.08845909238261
141,8.0,0.11310221703846705,79924.76712,36060.56486796856,79924.76712,43864.20225203144,4961.1385233284755,54.88186432395005
141,9.0,0.07753243246469366,113954.91408,54591.59292933399,113954.91407999999,59363.321150666,4602.582687993932,52.09369129004041
141,10.0,0.04676510081442361,153257.90832000002,80908.82139262647,153257.90832000002,72349.08692737354,3383.412343990121,47.20740855754721
141,11.0,0.024742479591079496,180000.0,120682.90885000581,180000.0,59317.09114999419,1467.6519171809334,32.95393952777455
141,12.0,0.011439327584057522,180000.0,157335.556142275,180000.0,22664.44385772501,259.2659977989968,12.591357698736116
141,13.0,0.00460218744039758,180000.0,178698.5362669033,180000.0,1301.4637330966943,5.9895800465905555,0.7230354072759413
141,14.0,0.0016039700827112158,180000.0,180000.0,180000.0,0.0,0.0,0.0
141,15.0,0.000482053319580969,180000.0,180000.0,180000.0,0.0,0.0,0.0
141,16.0,0.0001243443696813833,180000.0,180000.0,180000.0,0.0,0.0,0.0
141,17.0,2.7399388179158037e-05,180000.0,180000.0,180000.0,0.0,0.0,0.0
141,18.0,5.13321811136325e-06,180000.0,180000.0,180000.0,0.0,0.0,0.0
141,19.0,8.138243378414587e-07,180000.0,180000.0,180000.0,0.0,0.0,0.0
141,20.0,1.086763522663943e-07,180000.0,180000.0,180000.0,0.0,0.0,0.0
141,21.0,1.2167219158194874e-08,180000.0,180000.0,180000.0,0.0,0.0,0.0
141,22.0,1.1368616768004825e-09,180000.0,180000.0,180000.0,0.0,0.0,0.0
141,23.0,8.82497064126145e-11,180000.0,180000.0,180000.0,0.0,0.0,0.0
141,24.0,5.665780008604924e-12,180000.0,180000.0,180000.0,0.0,0.0,0.0
141,25.0,2.9951664892388675e-13,180000.0,180000.0,180000.0,0.0,0.0,0.0
142,3.0,0.05176854557387078,640.82808,178.0078,264.21714397374797,86.20934397374796,4.462932352398474,13.452803749446804
142,4.0,0.07098757180710666,7453.0908,2347.74119357605,4879.797239882269,2532.0560463062193,179.74451040678133,33.97323492028595
142,5.0,0.08710477601998498,18178.32348,6536.087632025046,13001.613175774763,6465.525543749716,563.1781543398106,35.567226817495914
142,6.0,0.09850105118882577,33390.41868,13490.80694954109,25142.10527263762,11651.29832309653,1147.665132539611,34.89413665266604
142,7.0,0.10421276848191638,53334.25956,22999.519613744465,41052.117077903575,18052.59746415911,1881.311160029644,33.84803241498139
142,8.0,0.1040329786272386,79924.76712,36254.75214962117,62163.62663879434,25908.87448917317,2695.3773859879598,32.41657801801696
142,9.0,0.09849165139004955,113954.91408,55746.43576549027,90514.4948733795,34768.05910788923,3424.3635571628633,30.510364022986263
142,10.0,0.08871035481355684,153257.90832000002,82897.67706803909,125825.3844149889,42927.707346949814,3808.132150080449,28.010109114446124
142,11.0,0.07616496082332201,180000.0,123165.10420334789,162546.51408261975,39381.40987927186,2999.4835406219277,21.87856104403992
142,12.0,0.06241341010731989,180000.0,164633.36245441297,179078.70054284483,14445.338088431861,901.5828102521862,8.02518782690659
142,13.0,0.04884994356329577,180000.0,179908.47582405386,180000.0,91.52417594613507,4.470950829645851,0.050846764414519484
142,14.0,0.03653334312756589,180000.0,180000.0,180000.0,0.0,0.0,0.0
142,15.0,0.026111255487410594,180000.0,180000.0,180000.0,0.0,0.0,0.0
142,16.0,0.017835295271386366,180000.0,180000.0,180000.0,0.0,0.0,0.0
142,17.0,0.011641148838886905,180000.0,180000.0,180000.0,0.0,0.0,0.0
142,18.0,0.007259134042766604,180000.0,180000.0,180000.0,0.0,0.0,0.0
142,19.0,0.00432343998773143,180000.0,180000.0,180000.0,0.0,0.0,0.0
142,20.0,0.0024586177511521936,180000.0,180000.0,180000.0,0.0,0.0,0.0
142,21.0,0.0013344901846799118,180000.0,180000.0,180000.0,0.0,0.0,0.0
142,22.0,0.0006910937275908523,180000.0,180000.0,180000.0,0.0,0.0,0.0
142,23.0,0.00034133572514555304,180000.0,180000.0,180000.0,0.0,0.0,0.0
142,24.0,0.0001607199366987342,180000.0,180000.0,180000.0,0.0,0.0,0.0
142,25.0,7.21135224977358e-05,180000.0,180000.0,180000.0,0.0,0.0,0.0
143,3.0,0.09938620924393433,569.62496,35.60156,569.62496,534.0234,53.074561373557245,93.75000000000001
143,4.0,0.12983502542677638,6624.9696,414.0606,6624.9696,6210.909000000001,806.3935279383944,93.75
143,5.0,0.14712191778478628,16158.50976,1009.90686,16158.50976,15148.602900000002,2228.6915104081754,93.75000000000001
143,6.0,0.14870529531492846,29680.37216,1953.2154101269223,29680.37216,27727.156749873076,4123.175032733187,93.41916806299601
143,7.0,0.13586424240470132,47408.23072,3314.554789022984,47408.23072,44093.67593097701,5990.753875200605,93.0084824118427
143,8.0,0.11295568018297696,71044.23744,5388.072478978984,71044.23744,65656.16496102102,7416.236771377868,92.41589089680997
143,9.0,0.08573633501316963,101293.25696,10496.10835539582,101293.25696,90797.14860460418,7784.614751004891,89.63790022119571
143,10.0,0.05949668293025487,136229.25184,22408.62611261125,136229.25184,113820.62572738876,6771.949679825659,83.55079704986564
143,11.0,0.03775984492314309,160000.0,53538.07399091672,160000.0,106461.92600908328,4019.985816322119,66.53870375567705
143,12.0,0.021908975772514435,160000.0,107037.12609901387,160000.0,52962.87390098613,1160.3623211394422,33.10179618811633
143,13.0,0.011612545533697087,160000.0,156437.93538600855,160000.0,3562.064613991446,41.364637523946804,2.226290383744654
143,14.0,0.0056167577347437745,160000.0,160000.0,160000.0,0.0,0.0,0.0
143,15.0,0.0024760454630981333,160000.0,160000.0,160000.0,0.0,0.0,0.0
143,16.0,0.0009934767000395034,160000.0,160000.0,160000.0,0.0,0.0,0.0
143,17.0,0.00036229509769704766,160000.0,160000.0,160000.0,0.0,0.0,0.0
143,18.0,0.00011990382242378303,160000.0,160000.0,160000.0,0.0,0.0,0.0
143,19.0,3.5959916706837195e-05,160000.0,160000.0,160000.0,0.0,0.0,0.0
143,20.0,9.758069216241885e-06,160000.0,160000.0,160000.0,0.0,0.0,0.0
143,21.0,2.3922833973145852e-06,160000.0,160000.0,160000.0,0.0,0.0,0.0
143,22.0,5.290677297942457e-07,160000.0,160000.0,160000.0,0.0,0.0,0.0
143,23.0,1.0539276583349774e-07,160000.0,160000.0,160000.0,0.0,0.0,0.0
143,24.0,1.8882879922271164e-08,160000.0,160000.0,160000.0,0.0,0.0,0.0
143,25.0,3.038418935032098e-09,160000.0,160000.0,160000.0,0.0,0.0,0.0
144,3.0,0.04456281998745486,569.62496,213.77934848950343,569.62496,355.84561151049655,15.857483929068053,62.4701578228764
144,4.0,0.06319836099544585,6624.9696,2986.373637867092,6624.9696,3638.5959621329084,229.95330113144715,54.922455223536545
144,5.0,0.07987758623822952,16158.50976,7615.505662750125,16158.50976,8543.004097249875,682.3945465116251,52.8699999204003
144,6.0,0.09282342784060127,29680.37216,14519.212788284653,29680.37216,15161.159371715346,1407.3107829202752,51.08143284048143
144,7.0,0.10075410498257945,47408.23072,24026.58931014652,47408.23072,23381.64140985348,2355.7963532734043,49.319793324388975
144,8.0,0.1030524117946941,71044.23744,36797.30951669661,71044.23744,34246.92792330339,3529.228519055469,48.20507497490762
144,9.0,0.09983537453519385,101293.25696,54927.01379423192,101293.25696,46366.24316576808,4628.991252244328,45.77426430673246
144,10.0,0.09189425418194647,136229.25184,79296.75286947886,136229.25184,56932.49897052115,5231.7695316104755,41.79168438610221
144,11.0,0.08051486871172538,160000.0,110792.90383982098,160000.0,49207.09616017902,3961.9028870220595,30.754435100111888
144,12.0,0.0672218733709676,160000.0,140868.4218357022,160000.0,19131.578164297796,1286.0605247471954,11.957236352686122
144,13.0,0.05350920707650717,160000.0,159158.2610124739,160000.0,841.7389875260997,45.04078578790355,0.5260868672038124
144,14.0,0.04061744642350859,160000.0,160000.0,160000.0,0.0,0.0,0.0
144,15.0,0.0293994239999156,160000.0,160000.0,160000.0,0.0,0.0,0.0
144,16.0,0.02028651153984645,160000.0,160000.0,160000.0,0.0,0.0,0.0
144,17.0,0.01334025803045821,160000.0,160000.0,160000.0,0.0,0.0,0.0
144,18.0,0.0083563391014059,160000.0,160000.0,160000.0,0.0,0.0,0.0
144,19.0,0.004983573908285905,160000.0,160000.0,160000.0,0.0,0.0,0.0
144,20.0,0.0028281079581931844,160000.0,160000.0,160000.0,0.0,0.0,0.0
144,21.0,0.0015262419153514585,160000.0,160000.0,160000.0,0.0,0.0,0.0
144,22.0,0.0007828062560510059,160000.0,160000.0,160000.0,0.0,0.0,0.0
144,23.0,0.00038133990738749984,160000.0,160000.0,160000.0,0.0,0.0,0.0
144,24.0,0.00017632568829275836,160000.0,160000.0,160000.0,0.0,0.0,0.0
144,25.0,7.733555595782327e-05,160000.0,160000.0,160000.0,0.0,0.0,0.0
145,3.0,0.08156207539928198,498.42184,71.20312,394.99550590403237,323.79238590403236,26.409178992818095,64.96352284723967
145,4.0,0.09885726063170615,5796.848400000001,828.1212,5207.934399627489,4379.81319962749,432.97633499376155,75.55507574818567
145,5.0,0.10905024967355284,14138.69604,2234.196775372541,12994.104927396002,10759.908152023461,1173.370670442655,76.10254949666108
145,6.0,0.11213540692249717,25970.32564,4931.491890973563,24158.72996420669,19227.238073233126,2156.0541653377268,74.03541387874999
145,7.0,0.10886642518743596,41482.20188,9124.395649931692,38815.37346288718,29690.97781295549,3232.35061481594,71.57522134154247
145,8.0,0.10054899439129383,62163.70776,15431.094855728836,58295.47243856564,42864.3775828368,4309.970061162959,68.95402338021158
145,9.0,0.08878001526063525,88631.59984,26059.947213540407,83562.73046663252,57502.783253092115,5105.097974738519,64.87842186860848
145,10.0,0.07518828680229953,119200.59536,42647.13501908494,113446.70110323613,70799.56608415119,5323.298080213518,59.39531247333796
145,11.0,0.061222181625570464,140000.0,74368.98454555214,137047.97599604924,62678.991450497095,3837.3445986899114,44.77070817892649
145,12.0,0.04801155057479093,140000.0,117854.37857913953,140000.0,22145.621420860465,1063.2456228578155,15.818301014900332
145,13.0,0.03631044688440514,140000.0,139817.11153688736,140000.0,182.88846311264206,6.640761825622079,0.13063461650903005
145,14.0,0.026509882970356898,140000.0,140000.0,140000.0,0.0,0.0,0.0
145,15.0,0.01869917683326721,140000.0,140000.0,140000.0,0.0,0.0,0.0
145,16.0,0.012751306048990753,140000.0,140000.0,140000.0,0.0,0.0,0.0
145,17.0,0.008410681744851406,140000.0,140000.0,140000.0,0.0,0.0,0.0
145,18.0,0.005368324520151126,140000.0,140000.0,140000.0,0.0,0.0,0.0
145,19.0,0.003316901964231346,140000.0,140000.0,140000.0,0.0,0.0,0.0
145,20.0,0.001984463926186976,140000.0,140000.0,140000.0,0.0,0.0,0.0
145,21.0,0.0011499551022164229,140000.0,140000.0,140000.0,0.0,0.0,0.0
145,22.0,0.0006455648071005429,140000.0,140000.0,140000.0,0.0,0.0,0.0
145,23.0,0.0003511567185258806,140000.0,140000.0,140000.0,0.0,0.0,0.0
145,24.0,0.00018511183051659447,140000.0,140000.0,140000.0,0.0,0.0,0.0
145,25.0,9.458018013568074e-05,140000.0,140000.0,140000.0,0.0,0.0,0.0
146,3.0,0.05221779019065336,427.21871999999996,106.80467999999999,427.21872,320.41404,16.731313114859613,75.00000000000001
146,4.0,0.06895512581196742,4968.7272,2458.3307340875635,4968.727199999999,2510.396465912436,173.1047041449104,50.523934296743754
146,5.0,0.08245687483389139,12118.88232,7297.733683980635,12118.882319999997,4821.148636019362,397.5368496358347,39.782122713271484
146,6.0,0.09175566477674657,22260.27912,14722.295359947382,22260.279120000007,7537.983760052624,691.6527109799482,33.86293459941406
146,7.0,0.09637482803040848,35556.17304,24463.38341417179,35556.17304,11092.789625828213,1069.065692566693,31.197929016008107
146,8.0,0.09634039612510917,53283.17808,37160.50930527727,53283.17808000001,16122.66877472274,1553.2642963507174,30.258459340612102
146,9.0,0.0921310042531343,75969.94271999999,54768.41178680713,75969.94271999999,21201.53093319286,1953.3183365789496,27.907788493845082
146,10.0,0.08457124559531567,102171.93888,77960.06020202657,102171.93888000002,24211.87867797345,2047.6287379988796,23.69719019075294
146,11.0,0.07468873341968679,120000.0,106650.89596903436,120000.0,13349.104030965638,997.027672360459,11.124253359138033
146,12.0,0.06356177556572551,120000.0,120000.0,120000.0,0.0,0.0,0.0
146,13.0,0.05218382857255348,120000.0,120000.0,120000.0,0.0,0.0,0.0
146,14.0,0.041364244618183874,120000.0,120000.0,120000.0,0.0,0.0,0.0
146,15.0,0.031674818851045096,120000.0,120000.0,120000.0,0.0,0.0,0.0
146,16.0,0.023441280735558467,120000.0,120000.0,120000.0,0.0,0.0,0.0
146,17.0,0.0167707073304002,120000.0,120000.0,120000.0,0.0,0.0,0.0
146,18.0,0.011601353765476774,120000.0,120000.0,120000.0,0.0,0.0,0.0
146,19.0,0.007760807168597669,120000.0,120000.0,120000.0,0.0,0.0,0.0
146,20.0,0.005020836296833243,120000.0,120000.0,120000.0,0.0,0.0,0.0
146,21.0,0.0031414327785436757,120000.0,120000.0,120000.0,0.0,0.0,0.0
146,22.0,0.0019008995659797936,120000.0,120000.0,120000.0,0.0,0.0,0.0
146,23.0,0.001112387283659777,120000.0,120000.0,120000.0,0.0,0.0,0.0
146,24.0,0.0006294989594896732,120000.0,120000.0,120000.0,0.0,0.0,0.0
146,25.0,0.0003444654710395147,120000.0,120000.0,120000.0,0.0,0.0,0.0
147,3.0,0.10298437540594814,427.21871999999996,35.60156,427.21872,391.61716,40.33044862085126,91.66666666666667
147,4.0,0.12610623425829054,4968.7272,671.796224418898,4968.727199999999,4296.930975581101,541.8697841983352,86.4795108006956
147,5.0,0.13723070425945838,12118.88232,2607.9690704174072,12118.882319999997,9510.91324958259,1305.1893233908327,78.48011886283082
147,6.0,0.13618731252195754,22260.27912,7130.9394083079815,22260.279120000007,15129.339711692024,2060.4241155670647,67.96563345020637
147,7.0,0.12490313776049608,35556.17304,12998.562361542865,35556.17304,22557.61067845714,2817.5163541189695,63.4421782487116
147,8.0,0.10667455836624848,53283.17808,20746.9507496313,53283.17808000001,32536.22733036871,3470.787681370946,61.06285042066829
147,9.0,0.08523360939849016,75969.94271999999,32933.09380843232,75969.94271999999,43036.84891156767,3668.185969870395,56.64983725232915
147,10.0,0.06390048812121883,102171.93888,50885.736512699164,102171.93888000002,51286.20236730085,3277.213365154133,50.19597643883026
147,11.0,0.04503792442719373,120000.0,82063.36360475463,120000.0,37936.63639524537,1708.5873629909881,31.61386366270447
147,12.0,0.029880554200193206,120000.0,116167.95056845219,120000.0,3832.0494315478136,114.50376073718401,3.1933745262898445
147,13.0,0.01867682215536064,120000.0,120000.0,120000.0,0.0,0.0,0.0
147,14.0,0.011004271197937019,120000.0,120000.0,120000.0,0.0,0.0,0.0
147,15.0,0.0061138339720751425,120000.0,120000.0,120000.0,0.0,0.0,0.0
147,16.0,0.0032036556608564916,120000.0,120000.0,120000.0,0.0,0.0,0.0
147,17.0,0.0015834225467857988,120000.0,120000.0,120000.0,0.0,0.0,0.0
147,18.0,0.0007381949460386394,120000.0,120000.0,120000.0,0.0,0.0,0.0
147,19.0,0.0003245990710356629,120000.0,120000.0,120000.0,0.0,0.0,0.0
147,20.0,0.00013461232635295927,120000.0,120000.0,120000.0,0.0,0.0,0.0
147,21.0,5.2641534804972314e-05,120000.0,120000.0,120000.0,0.0,0.0,0.0
147,22.0,1.9409403105943214e-05,120000.0,120000.0,120000.0,0.0,0.0,0.0
147,23.0,6.746230262155465e-06,120000.0,120000.0,120000.0,0.0,0.0,0.0
147,24.0,2.210011917853645e-06,120000.0,120000.0,120000.0,0.0,0.0,0.0
147,25.0,6.822239716112429e-07,120000.0,120000.0,120000.0,0.0,0.0,0.0
148,3.0,0.062017239252594634,391.61716,178.0078,320.41404,142.40624,8.831641857142412,36.36363636363636
148,4.0,0.08264169981648996,4554.6666000000005,2070.303,4057.7782059372876,1987.4752059372877,164.2483293617859,43.63601950441966
148,5.0,0.09855563552403983,11108.975460000001,5473.038374680979,10143.241856382989,4670.203481702009,460.27487216572507,42.03991176790311
148,6.0,0.10820230982217721,20405.255859999997,11449.580502484201,18874.963645375654,7425.383142891453,803.4436073755129,36.389561561182276
148,7.0,0.11095735530507757,32593.15862,19246.08421365342,30337.23527244969,11091.15105879627,1230.644788773145,34.02907704683293
148,8.0,0.10715235341378863,48842.913239999994,29614.568665805302,45541.34742146975,15926.778755664447,1706.5918259701775,32.60816707923389
148,9.0,0.09793058810691348,69639.11416,44179.61374161117,65313.20046593355,21133.586724322384,2069.62457672135,30.347294016070787
148,10.0,0.08496642801527106,93657.61064000001,63228.361920746254,88785.98885948137,25557.626938735113,2171.5402695311896,27.288361046250913
148,11.0,0.07012022343884612,110000.0,86846.96676618629,107532.05959304549,20685.092826859196,1450.44333087264,18.80462984259927
148,12.0,0.055112604021118755,110000.0,107626.89376035961,110000.0,2373.106239640387,130.78806448534678,2.157369308763988
148,13.0,0.04128669217996323,110000.0,110000.0,110000.0,0.0,0.0,0.0
148,14.0,0.029493121684031003,110000.0,110000.0,110000.0,0.0,0.0,0.0
148,15.0,0.020094866089637415,110000.0,110000.0,110000.0,0.0,0.0,0.0
148,16.0,0.013059776679599625,110000.0,110000.0,110000.0,0.0,0.0,0.0
148,17.0,0.00809570616730335,110000.0,110000.0,110000.0,0.0,0.0,0.0
148,18.0,0.004786159974584233,110000.0,110000.0,110000.0,0.0,0.0,0.0
148,19.0,0.002698056235353267,110000.0,110000.0,110000.0,0.0,0.0,0.0
148,20.0,0.0014499186460760448,110000.0,110000.0,110000.0,0.0,0.0,0.0
148,21.0,0.0007425873602513582,110000.0,110000.0,110000.0,0.0,0.0,0.0
148,22.0,0.000362354739034055,110000.0,110000.0,110000.0,0.0,0.0,0.0
148,23.0,0.00016840915669617758,110000.0,110000.0,110000.0,0.0,0.0,0.0
148,24.0,7.45245964570658e-05,110000.0,110000.0,110000.0,0.0,0.0,0.0
148,25.0,3.1389774695977047e-05,110000.0,110000.0,110000.0,0.0,0.0,0.0
149,3.0,0.06703828228438419,391.61716,35.60156,249.21092,213.60935999999998,14.320004574266642,54.54545454545454
149,4.0,0.09277940049948702,4554.6666000000005,414.0606,4161.863632981519,3747.803032981519,347.7189185901845,82.28490386061449
149,5.0,0.11279889746870547,11108.975460000001,1030.029418556258,10345.538379595313,9315.508961039055,1050.7791401650513,83.85569843574984
149,6.0,0.12415758149214408,20405.255859999997,2173.7237380740635,19183.53290770664,17009.80916963258,2111.8967681444765,83.35994062675076
149,7.0,0.12556097621750717,32593.15862,4014.0156883274312,30766.14705729236,26752.13136896493,3359.023730586233,82.0789776187851
149,8.0,0.11757470375639831,48842.913239999994,6614.278888589571,46131.71023021922,39517.43134162965,4646.250283205916,80.90719557912605
149,9.0,0.10236590328511531,69639.11416,11122.351920721925,66096.867645189,54974.515724467085,5627.515959796849,78.9420089379079
149,10.0,0.08304401886984335,93657.61064000001,19356.4478930721,89660.00641727948,70303.55852420739,5838.290040701414,75.06443741602521
149,11.0,0.06283190331215778,110000.0,40224.50244053708,108925.82524833833,68701.32280780125,4316.634872077108,62.45574800709204
149,12.0,0.044345747032382664,110000.0,74958.46493856332,110000.0,35041.535061436676,1553.9430494608384,31.85594096494243
149,13.0,0.02918730701124316,110000.0,103348.65244715582,110000.0,6651.347552844178,194.1349230633439,6.046679593494707
149,14.0,0.01790347231518795,110000.0,110000.0,110000.0,0.0,0.0,0.0
149,15.0,0.010226304078136104,110000.0,110000.0,110000.0,0.0,0.0,0.0
149,16.0,0.005433898428263549,110000.0,110000.0,110000.0,0.0,0.0,0.0
149,17.0,0.0026831531547808728,110000.0,110000.0,110000.0,0.0,0.0,0.0
149,18.0,0.001229761625511396,110000.0,110000.0,110000.0,0.0,0.0,0.0
149,19.0,0.0005225391988139188,110000.0,110000.0,110000.0,0.0,0.0,0.0
149,20.0,0.0002055927606262016,110000.0,110000.0,110000.0,0.0,0.0,0.0
149,21.0,7.48081649263906e-05,110000.0,110000.0,110000.0,0.0,0.0,0.0
149,22.0,2.5142013702772347e-05,110000.0,110000.0,110000.0,0.0,0.0,0.0
149,23.0,7.795028941745822e-06,110000.0,110000.0,110000.0,0.0,0.0,0.0
149,24.0,2.226690525371899e-06,110000.0,110000.0,110000.0,0.0,0.0,0.0
149,25.0,5.853112153527139e-07,110000.0,110000.0,110000.0,0.0,0.0,0.0
150,3.0,0.06040201628147027,391.61716,106.80467999999999,349.6846084062258,242.8799284062258,14.670437390035183,62.01973590897442
150,4.0,0.07826603548477448,4554.6666000000005,1404.0799458636338,4493.594474290387,3089.514528426753,241.80405371257453,67.83184807482402
150,5.0,0.09176823466429915,11108.975460000001,4311.700117133928,10990.277972300879,6678.577855166951,612.8812998367524,60.11875603843444
150,6.0,0.09998857832318893,20405.255859999997,9522.574783577746,20215.30511117771,10692.730327599964,1069.1509038499667,52.4018439217942
150,7.0,0.10265533611776985,32593.15862,16443.944141129607,32309.098953451332,15865.154812321725,1628.6427998193406,48.676334188078535
150,8.0,0.10011453703234668,48842.913239999994,25595.253442363926,48421.381467227475,22826.12802486355,2285.2272394502884,46.733756262044686
150,9.0,0.09321639654072013,69639.11416,38897.39064334346,69088.37360401842,30190.982960674955,2814.294639616401,43.35348507063054
150,10.0,0.08314002214147995,93657.61064000001,57155.17794267292,93030.71784126622,35875.5398985933,2982.693181506594,38.304991610870005
150,11.0,0.0711925247455165,110000.0,83259.49871555905,109864.246630479,26604.74791491995,1894.059174281167,24.186134468109046
150,12.0,0.0586210342631604,110000.0,107874.26691802609,110000.0,2125.7330819739145,124.61267183272639,1.932484619976286
150,13.0,0.04646842176545188,110000.0,110000.0,110000.0,0.0,0.0,0.0
150,14.0,0.03548961806210145,110000.0,110000.0,110000.0,0.0,0.0,0.0
150,15.0,0.026130028489523168,110000.0,110000.0,110000.0,0.0,0.0,0.0
150,16.0,0.018554914233074312,110000.0,110000.0,110000.0,0.0,0.0,0.0
150,17.0,0.012711341077617738,110000.0,110000.0,110000.0,0.0,0.0,0.0
150,18.0,0.00840292397856752,110000.0,110000.0,110000.0,0.0,0.0,0.0
150,19.0,0.005360918771084149,110000.0,110000.0,110000.0,0.0,0.0,0.0
150,20.0,0.003301091115385367,110000.0,110000.0,110000.0,0.0,0.0,0.0
150,21.0,0.0019620354910717883,110000.0,110000.0,110000.0,0.0,0.0,0.0
150,22.0,0.001125627080138851,110000.0,110000.0,110000.0,0.0,0.0,0.0
150,23.0,0.0006233277633923165,110000.0,110000.0,110000.0,0.0,0.0,0.0
150,24.0,0.0003331651731245936,110000.0,110000.0,110000.0,0.0,0.0,0.0
150,25.0,0.00017187140474044334,110000.0,110000.0,110000.0,0.0,0.0,0.0
151,3.0,0.09755110138104392,356.0156,71.20312,356.0156,284.81248,27.783771111066542,80.0
151,4.0,0.11323051485441687,4140.606,828.1212,4140.606,3312.4847999999997,375.0743593514301,80.0
151,5.0,0.11999983311741871,10099.0686,2621.8032931442053,10099.068599999999,7477.265306855794,897.2705889973599,74.03915750068074
151,6.0,0.1187581247333217,18550.2326,6661.457192871171,18550.232600000003,11888.775407128833,1411.8886727262534,64.08962983638725
151,7.0,0.11109288724907031,29630.1442,11907.786405918207,29630.1442,17722.357794081792,1968.8278962056108,59.811918816384946
151,8.0,0.09895525390096414,44402.6484,18881.2673502155,44402.648400000005,25521.381049784504,2525.4747416846803,57.47715951507186
151,9.0,0.08433519242738004,63308.2856,29520.728191198326,63308.2856,33787.55740880167,2849.480155722439,53.36988213877911
151,10.0,0.06899938018117382,85143.28240000001,44770.1340419242,85143.28240000001,40373.148358075814,2785.722212669807,47.417890431336964
151,11.0,0.05432504833627784,100000.0,69348.28869161324,100000.0,30651.71130838676,1665.1556984177448,30.65171130838676
151,12.0,0.041234979982740935,100000.0,96832.79639757193,100000.0,3167.203602428068,130.59957714738636,3.1672036024280676
151,13.0,0.0302173515724326,100000.0,100000.0,100000.0,0.0,0.0,0.0
151,14.0,0.021402279626184947,100000.0,100000.0,100000.0,0.0,0.0,0.0
151,15.0,0.014664684111269314,100000.0,100000.0,100000.0,0.0,0.0,0.0
151,16.0,0.009727954585121289,100000.0,100000.0,100000.0,0.0,0.0,0.0
151,17.0,0.0062514519316190864,100000.0,100000.0,100000.0,0.0,0.0,0.0
151,18.0,0.0038938939647420448,100000.0,100000.0,100000.0,0.0,0.0,0.0
151,19.0,0.002351971165603852,100000.0,100000.0,100000.0,0.0,0.0,0.0
151,20.0,0.0013781584075122722,100000.0,100000.0,100000.0,0.0,0.0,0.0
151,21.0,0.0007836802117536921,100000.0,100000.0,100000.0,0.0,0.0,0.0
151,22.0,0.00043260046984494333,100000.0,100000.0,100000.0,0.0,0.0,0.0
151,23.0,0.00023188070160699216,100000.0,100000.0,100000.0,0.0,0.0,0.0
151,24.0,0.00012072038031233789,100000.0,100000.0,100000.0,0.0,0.0,0.0
151,25.0,6.10567081882848e-05,100000.0,100000.0,100000.0,0.0,0.0,0.0
152,3.0,0.043953470040945075,356.0156,106.80467999999999,322.72778926275987,215.92310926275988,9.490569914128427,60.6499010893792
152,4.0,0.0614955299109105,4140.606,1371.9063006032027,4092.1243959794056,2720.2180953762027,167.28125324840727,65.69613470531131
152,5.0,0.07705281394213222,10099.0686,3699.228816734458,10004.841576951374,6305.612760216916,485.86520680412883,62.437567363557825
152,6.0,0.08912776700657742,18550.2326,7158.72256449309,18399.44176243188,11240.71919793879,1001.8602016602503,60.596109171907585
152,7.0,0.09666452363844312,29630.1442,11978.748889425444,29404.64577315112,17425.896883725676,1684.4660212379729,58.81138062002977
152,8.0,0.09916599822100636,44402.6484,18545.046338320768,44068.01887380946,25522.97253548869,2531.0110490490656,57.48074372854005
152,9.0,0.09673550998799908,63308.2856,28438.742683795208,62871.084745388536,34432.34206159333,3330.8301694094625,54.38836597020932
152,10.0,0.09002343611349072,85143.28240000001,42367.582792838984,84645.62871464959,42278.045921810604,3806.0149660453435,49.65517505325893
152,11.0,0.0800875859324829,100000.0,63091.62220260837,99892.23330563484,36800.61110302647,2947.2721040815168,36.80061110302647
152,12.0,0.06819825294549176,100000.0,85767.10381916998,100000.0,14232.896180830023,970.6586538871694,14.232896180830023
152,13.0,0.0556309287027295,100000.0,99480.53474481971,100000.0,519.4652551802865,28.898334574479705,0.5194652551802865
152,14.0,0.043488999788389215,100000.0,100000.0,100000.0,0.0,0.0,0.0
152,15.0,0.03258678691339351,100000.0,100000.0,100000.0,0.0,0.0,0.0
152,16.0,0.023404854236632716,100000.0,100000.0,100000.0,0.0,0.0,0.0
152,17.0,0.01611094554546726,100000.0,100000.0,100000.0,0.0,0.0,0.0
152,18.0,0.010626616212850949,100000.0,100000.0,100000.0,0.0,0.0,0.0
152,19.0,0.006714385700652814,100000.0,100000.0,100000.0,0.0,0.0,0.0
152,20.0,0.004062667066972895,100000.0,100000.0,100000.0,0.0,0.0,0.0
152,21.0,0.002353150534605612,100000.0,100000.0,100000.0,0.0,0.0,0.0
152,22.0,0.001304215453574437,100000.0,100000.0,100000.0,0.0,0.0,0.0
152,23.0,0.0006913989357788296,100000.0,100000.0,100000.0,0.0,0.0,0.0
152,24.0,0.00035042879096118377,100000.0,100000.0,100000.0,0.0,0.0,0.0
152,25.0,0.00016973437851186993,100000.0,100000.0,100000.0,0.0,0.0,0.0
153,3.0,0.05330973539465158,356.0156,71.20312,120.65768351707536,49.45456351707536,2.6364096951532767,13.89112261290667
153,4.0,0.07543866482695856,4140.606,828.1212,2141.751048531503,1313.6298485315028,99.09848185005639,31.725545693830874
153,5.0,0.09438602825723368,10099.0686,2019.81372,5649.419043433116,3629.6053234331157,342.58403062016384,35.94000067920239
153,6.0,0.10771305845951569,18550.2326,3710.04652,11390.61037757565,7680.563857575649,827.2970237930892,41.404137744211624
153,7.0,0.11386729421737508,29630.1442,6045.694579885358,18925.22132133971,12879.526741454354,1466.556860849733,43.46764786063496
153,8.0,0.11244280027747365,44402.6484,9420.192302110256,28957.065190728834,19536.872888618578,2196.7806962613286,43.9993414640974
153,9.0,0.10420808902240573,63308.2856,14388.204404678765,42891.983609730974,28503.77920505221,2970.324360875078,45.02377364180623
153,10.0,0.09087468339484497,85143.28240000001,22643.350291314906,60901.51603920762,38258.165747892715,3476.698699607253,44.93386285973479
153,11.0,0.07467058637332183,100000.0,40215.84521207184,82819.77210344523,42603.92689137338,3181.260202784985,42.60392689137338
153,12.0,0.05784608499646348,100000.0,67860.48191380066,97870.39790833047,30009.915994529816,1735.9561513563006,30.009915994529816
153,13.0,0.04225188881388598,100000.0,94358.17148549373,100000.0,5641.828514506269,238.37791110193038,5.641828514506269
153,14.0,0.029090196712671545,100000.0,100000.0,100000.0,0.0,0.0,0.0
153,15.0,0.018869218796343623,100000.0,100000.0,100000.0,0.0,0.0,0.0
153,16.0,0.011523257300053897,100000.0,100000.0,100000.0,0.0,0.0,0.0
153,17.0,0.0066201569432902995,100000.0,100000.0,100000.0,0.0,0.0,0.0
153,18.0,0.0035748324255924294,100000.0,100000.0,100000.0,0.0,0.0,0.0
153,19.0,0.001812740923300538,100000.0,100000.0,100000.0,0.0,0.0,0.0
153,20.0,0.0008623624689720086,100000.0,100000.0,100000.0,0.0,0.0,0.0
153,21.0,0.00038449267836930203,100000.0,100000.0,100000.0,0.0,0.0,0.0
153,22.0,0.00016050671088054094,100000.0,100000.0,100000.0,0.0,0.0,0.0
153,23.0,6.267058044286467e-05,100000.0,100000.0,100000.0,0.0,0.0,0.0
153,24.0,2.2864206614963277e-05,100000.0,100000.0,100000.0,0.0,0.0,0.0
153,25.0,7.786219337965323e-06,100000.0,100000.0,100000.0,0.0,0.0,0.0
154,3.0,0.0444115457109719,356.0156,35.60156,356.0156,320.41404,14.23008278389718,90.0
154,4.0,0.062140377901020505,4140.606,414.0606,4140.606,3726.5454,231.5689394213096,90.0
154,5.0,0.07783100507382562,10099.0686,1009.90686,10099.068599999999,9089.16174,707.4185935027617,89.99999999999999
154,6.0,0.08995491373971126,18550.2326,1864.2666442247935,18550.232600000003,16685.96595577521,1500.9846282155177,89.95017106025512
154,7.0,0.09744033888074705,29630.1442,3185.434454262462,29630.1442,26444.709745737535,2576.7814792276595,89.2493454207946
154,8.0,0.09979310285725299,44402.6484,4962.963274477921,44402.648400000005,39439.68512552208,3935.808554388896,88.82282149080568
154,9.0,0.09713783871720444,63308.2856,7957.864277049872,63308.2856,55350.42132295013,5376.620299398043,87.42997981760247
154,10.0,0.0901598633450984,85143.28240000001,14777.32588112111,85143.28240000001,70365.9565188789,6344.1850238892575,82.64416702694433
154,11.0,0.07995760165245211,100000.0,32761.241481016845,100000.0,67238.75851898316,5376.249869266277,67.23875851898316
154,12.0,0.06783873835930085,100000.0,64159.634517521445,100000.0,35840.365482478555,2431.36517666758,35.84036548247855
154,13.0,0.05510553455482172,100000.0,94317.27947869722,100000.0,5682.720521302777,313.1493520520447,5.682720521302778
154,14.0,0.04287347400555935,100000.0,100000.0,100000.0,0.0,0.0,0.0
154,15.0,0.031954260459089126,100000.0,100000.0,100000.0,0.0,0.0,0.0
154,16.0,0.022814482957064144,100000.0,100000.0,100000.0,0.0,0.0,0.0
154,17.0,0.015601800189564348,100000.0,100000.0,100000.0,0.0,0.0,0.0
154,18.0,0.010216953880157077,100000.0,100000.0,100000.0,0.0,0.0,0.0
154,19.0,0.00640503715890526,100000.0,100000.0,100000.0,0.0,0.0,0.0
154,20.0,0.0038425922184656754,100000.0,100000.0,100000.0,0.0,0.0,0.0
154,21.0,0.002205271147989052,100000.0,100000.0,100000.0,0.0,0.0,0.0
154,22.0,0.0012101948153047958,100000.0,100000.0,100000.0,0.0,0.0,0.0
154,23.0,0.0006347691737592044,100000.0,100000.0,100000.0,0.0,0.0,0.0
154,24.0,0.0003180891161999968,100000.0,100000.0,100000.0,0.0,0.0,0.0
154,25.0,0.00015221408553527994,100000.0,100000.0,100000.0,0.0,0.0,0.0
155,3.0,0.17182138984816753,320.41404,71.20312,273.8527636429836,202.64964364298356,34.819543422973304,63.246180986009094
155,4.0,0.16836674969136464,3726.5454,863.6503701227797,3574.4886657596307,2710.838295636851,456.4150327752552,72.74400294806152
155,5.0,0.15245496466400443,9089.16174,2493.19865758403,8793.62998746393,6300.4313298799,960.5320357648266,69.31806815751416
155,6.0,0.12991320003695617,16695.20934,5789.1232487451225,16222.271969688614,10433.148720943493,1355.4037367992453,62.49187122168479
155,7.0,0.1052662499755066,26667.12978,10392.693828882813,25959.88101924497,15567.187190362158,1638.699418196167,58.37593816353399
155,8.0,0.08164256046163818,39962.38356,16463.860424783197,38912.85819959066,22448.99777480746,1832.7936581328988,56.1753223280645
155,9.0,0.060885694479495274,56977.45704,25797.417633677163,55606.22901439512,29808.811380717954,1814.9301825232951,52.31685113604002
155,10.0,0.04380598794330285,76628.95416000001,39103.28710947032,75083.03329738253,35979.746187912206,1576.1283277107789,46.95320010865225
155,11.0,0.03048447858176092,90000.0,60408.42551999693,89662.0026928547,29253.577172857775,891.780046765873,32.50397463650864
155,12.0,0.020560217810108264,90000.0,84267.77393390815,90000.0,5732.226066091855,117.85581645562858,6.369140073435394
155,13.0,0.013461501130875835,90000.0,90000.0,90000.0,0.0,0.0,0.0
155,14.0,0.008567804790662999,90000.0,90000.0,90000.0,0.0,0.0,0.0
155,15.0,0.005307121069407459,90000.0,90000.0,90000.0,0.0,0.0,0.0
155,16.0,0.003202542740427839,90000.0,90000.0,90000.0,0.0,0.0,0.0
155,17.0,0.0018843226534465117,90000.0,90000.0,90000.0,0.0,0.0,0.0
155,18.0,0.0010818658641786269,90000.0,90000.0,90000.0,0.0,0.0,0.0
155,19.0,0.0006065218305503194,90000.0,90000.0,90000.0,0.0,0.0,0.0
155,20.0,0.0003322318281935676,90000.0,90000.0,90000.0,0.0,0.0,0.0
155,21.0,0.00017790961449939976,90000.0,90000.0,90000.0,0.0,0.0,0.0
155,22.0,9.318394983226361e-05,90000.0,90000.0,90000.0,0.0,0.0,0.0
155,23.0,4.776041095049962e-05,90000.0,90000.0,90000.0,0.0,0.0,0.0
155,24.0,2.3964372477108574e-05,90000.0,90000.0,90000.0,0.0,0.0,0.0
155,25.0,1.1776252192809644e-05,90000.0,90000.0,90000.0,0.0,0.0,0.0
156,3.0,0.055625119912644724,213.60935999999998,142.40624,213.60936,71.20312000000001,3.9606820881544325,33.33333333333334
156,4.0,0.073091957650622,2484.3636,1895.1664507237501,2484.3635999999997,589.1971492762495,43.06557308276684,23.716220495109873
156,5.0,0.08685934838809727,6059.44116,4914.299729830859,6059.44116,1145.1414301691411,99.46623843670538,18.89846604549158
156,6.0,0.09591800304546862,11130.13956,9339.558270225993,11130.13956,1790.581289774007,171.74898160570234,16.08768048344227
156,7.0,0.0998317043752873,17778.08652,15162.04283912285,17778.08652,2616.04368087715,261.16409938216606,14.714990153378723
156,8.0,0.09873876487799305,26641.58904,22852.85807541155,26641.58904,3788.730964588449,374.09461589847064,14.221114810006277
156,9.0,0.09327760732256965,37984.971359999996,33006.630443342394,37984.97136,4978.340916657609,464.3677291418699,13.106080479765852
156,10.0,0.08444787261468932,51085.96944,45405.572700377714,51085.96944000001,5680.396739622294,479.69742026852003,11.119289311508256
156,11.0,0.07343511132647783,60000.0,56759.41085405184,60000.0,3240.5891459481572,237.97302469607862,5.400981909913596
156,12.0,0.06143323944501571,60000.0,60000.0,60000.0,0.0,0.0,0.0
156,13.0,0.04949565836223426,60000.0,60000.0,60000.0,0.0,0.0,0.0
156,14.0,0.038435719516679914,60000.0,60000.0,60000.0,0.0,0.0,0.0
156,15.0,0.028783826197184895,60000.0,60000.0,60000.0,0.0,0.0,0.0
156,16.0,0.02079587966667244,60000.0,60000.0,60000.0,0.0,0.0,0.0
156,17.0,0.0144989977368872,60000.0,60000.0,60000.0,0.0,0.0,0.0
156,18.0,0.00975680044000441,60000.0,60000.0,60000.0,0.0,0.0,0.0
156,19.0,0.006337707138295834,60000.0,60000.0,60000.0,0.0,0.0,0.0
156,20.0,0.0039740695760597826,60000.0,60000.0,60000.0,0.0,0.0,0.0
156,21.0,0.00240559483761928,60000.0,60000.0,60000.0,0.0,0.0,0.0
156,22.0,0.001405672772727748,60000.0,60000.0,60000.0,0.0,0.0,0.0
156,23.0,0.0007928674709499603,60000.0,60000.0,60000.0,0.0,0.0,0.0
156,24.0,0.0004316608630891821,60000.0,60000.0,60000.0,0.0,0.0,0.0
156,25.0,0.00022681646272990584,60000.0,60000.0,60000.0,0.0,0.0,0.0
157,3.0,0.04933553194975941,249.21092,35.60156,249.21092000000002,213.60936,10.53853140504766,85.71428571428572
157,4.0,0.06953143369460696,2898.4242000000004,414.0606,2898.4241999999995,2484.3635999999997,172.74136292669502,85.7142857142857
157,5.0,0.08710562199483579,7069.34802,1009.90686,7069.34802,6059.44116,527.8113911829093,85.71428571428571
157,6.0,0.1000393678554445,12985.16282,2007.0000948518582,12985.16282,10978.16272514814,1098.2484592380238,84.54389734905257
157,7.0,0.1069832795444635,20741.10094,3472.722493731387,20741.10094,17268.378446268613,1847.4277585967434,83.25680732292223
157,8.0,0.10745086726141861,31081.85388,5950.889524259589,31081.85388,25130.96435574041,2700.3439151401053,80.85413583361331
157,9.0,0.10186195438050406,44315.79992,10478.708620877393,44315.799920000005,33837.091299122614,3446.7122502801785,76.35446355522451
157,10.0,0.09140988600344199,59600.29768,17840.414301036002,59600.29768000001,41759.883378964005,3817.266179188132,70.06656846443457
157,11.0,0.07778373168964978,70000.0,32774.65816482156,70000.0,37225.34183517844,2895.526001363015,53.17905976454064
157,12.0,0.06281958138224487,70000.0,54740.12887915152,70000.0,15259.871120848482,958.6187157587095,21.799815886926403
157,13.0,0.048170960633339296,70000.0,69701.33643277848,70000.0,298.66356722151977,14.386910939240513,0.4266622388878854
157,14.0,0.03507375049805769,70000.0,70000.0,70000.0,0.0,0.0,0.0
157,15.0,0.02424399264772121,70000.0,70000.0,70000.0,0.0,0.0,0.0
157,16.0,0.01590362883167798,70000.0,70000.0,70000.0,0.0,0.0,0.0
157,17.0,0.0098958121737852,70000.0,70000.0,70000.0,0.0,0.0,0.0
157,18.0,0.005837479601689836,70000.0,70000.0,70000.0,0.0,0.0,0.0
157,19.0,0.003262471777589776,70000.0,70000.0,70000.0,0.0,0.0,0.0
157,20.0,0.0017263350576412911,70000.0,70000.0,70000.0,0.0,0.0,0.0
157,21.0,0.0008642833992016276,70000.0,70000.0,70000.0,0.0,0.0,0.0
157,22.0,0.0004090970017378594,70000.0,70000.0,70000.0,0.0,0.0,0.0
157,23.0,0.00018294280482770205,70000.0,70000.0,70000.0,0.0,0.0,0.0
157,24.0,7.723231831004088e-05,70000.0,70000.0,70000.0,0.0,0.0,0.0
157,25.0,3.075749805085501e-05,70000.0,70000.0,70000.0,0.0,0.0,0.0
158,3.0,0.057787464531233394,249.21092,35.60156,249.21092000000002,213.60936,12.343943314539466,85.71428571428572
158,4.0,0.07524726024211668,2898.4242000000004,414.0606,2898.4241999999995,2484.3635999999997,186.94155434524185,85.7142857142857
158,5.0,0.0887155519919874,7069.34802,1085.6499596821986,7069.34802,5983.698060317802,530.8470763744781,84.64285593790586
158,6.0,0.09726651668266699,12985.16282,2919.8874172191427,12985.16282,10065.275402780857,979.0142778802219,77.51366341959243
158,7.0,0.10056525214110934,20741.10094,5671.315921073807,20741.10094,15069.785018926194,1515.4967301406248,72.65663024600369
158,8.0,0.09885166562997585,31081.85388,9373.459379401253,31081.85388,21708.394500598748,2145.910954536794,69.84266313203177
158,9.0,0.09284931892301185,44315.79992,15470.54539703223,44315.799920000005,28845.254522967774,2678.262236618485,65.0902264543119
158,10.0,0.08361483751331018,59600.29768,24685.077184010588,59600.29768000001,34915.22049598942,2919.430488513553,58.58229212788962
158,11.0,0.07235811479877259,70000.0,41556.922695218156,70000.0,28443.077304781844,2058.087452849768,40.63296757825977
158,12.0,0.06026743949202826,70000.0,63338.52261878995,70000.0,6661.477381210047,401.4701849995913,9.516396258871495
158,13.0,0.04836856599901231,70000.0,70000.0,70000.0,0.0,0.0,0.0
158,14.0,0.03743555596979202,70000.0,70000.0,70000.0,0.0,0.0,0.0
158,15.0,0.027957840850880485,70000.0,70000.0,70000.0,0.0,0.0,0.0
158,16.0,0.02015615214244323,70000.0,70000.0,70000.0,0.0,0.0,0.0
158,17.0,0.014032331740316165,70000.0,70000.0,70000.0,0.0,0.0,0.0
158,18.0,0.009435480688673616,70000.0,70000.0,70000.0,0.0,0.0,0.0
158,19.0,0.006128773182301441,70000.0,70000.0,70000.0,0.0,0.0,0.0
158,20.0,0.00384590260341332,70000.0,70000.0,70000.0,0.0,0.0,0.0
158,21.0,0.00233163085729445,70000.0,70000.0,70000.0,0.0,0.0,0.0
158,22.0,0.001365731253998534,70000.0,70000.0,70000.0,0.0,0.0,0.0
158,23.0,0.0007728770266924608,70000.0,70000.0,70000.0,0.0,0.0,0.0
158,24.0,0.00042255370957770176,70000.0,70000.0,70000.0,0.0,0.0,0.0
158,25.0,0.000223182029391787,70000.0,70000.0,70000.0,0.0,0.0,0.0
159,3.0,0.09360476459075552,249.21092,71.20312,249.21092000000002,178.00780000000003,16.662378214318295,71.42857142857144
159,4.0,0.1301259352342345,2898.4242000000004,1153.349889210069,2898.4241999999995,1745.0743107899305,227.07942674477687,60.20769184820946
159,5.0,0.1537123743010609,7069.34802,3062.2244608193855,7069.34802,4007.123559180615,615.94447639937,56.683071024994106
159,6.0,0.15883399236650675,12985.16282,6152.492387367642,12985.16282,6832.670432632358,1085.2603233395844,52.6190585928468
159,7.0,0.14533952312349538,20741.10094,10375.811898832513,20741.10094,10365.289041167487,1506.4861662804753,49.97463283724556
159,8.0,0.11832477228265077,31081.85388,16079.43358813452,31081.85388,15002.42029186548,1775.157964723602,48.26745647086055
159,9.0,0.0857846340489527,44315.79992,24357.32109773615,44315.799920000005,19958.478822263856,1712.1308019416774,45.03693684485761
159,10.0,0.05531804423156669,59600.29768,35629.66317674476,59600.29768000001,23970.63450325525,1326.0086197097926,40.2189845291646
159,11.0,0.03165212997552033,70000.0,51256.3678472847,70000.0,18743.632152715298,593.2758811110866,26.776617361021852
159,12.0,0.016019814995235207,70000.0,64742.137684542686,70000.0,5257.862315457314,84.22998156404519,7.511231879224735
159,13.0,0.007146232107374378,70000.0,69969.08467187705,70000.0,30.915328122951905,0.22092811044225297,0.04416475446135987
159,14.0,0.0027989177248861755,70000.0,70000.0,70000.0,0.0,0.0,0.0
159,15.0,0.0009586357080713535,70000.0,70000.0,70000.0,0.0,0.0,0.0
159,16.0,0.0002859458210616195,70000.0,70000.0,70000.0,0.0,0.0,0.0
159,17.0,7.397348468933373e-05,70000.0,70000.0,70000.0,0.0,0.0,0.0
159,18.0,1.6527942577792933e-05,70000.0,70000.0,70000.0,0.0,0.0,0.0
159,19.0,3.176157159541741e-06,70000.0,70000.0,70000.0,0.0,0.0,0.0
159,20.0,5.227857915272237e-07,70000.0,70000.0,70000.0,0.0,0.0,0.0
159,21.0,7.339974856104042e-08,70000.0,70000.0,70000.0,0.0,0.0,0.0
159,22.0,8.754671884934382e-09,70000.0,70000.0,70000.0,0.0,0.0,0.0
159,23.0,8.834910352640287e-10,70000.0,70000.0,70000.0,0.0,0.0,0.0
159,24.0,7.513495093146457e-11,70000.0,70000.0,70000.0,0.0,0.0,0.0
159,25.0,5.363384276222585e-12,70000.0,70000.0,70000.0,0.0,0.0,0.0
160,3.0,0.060561161515251975,178.0078,35.60156,178.0078,142.40624,8.624287301419736,80.0
160,4.0,0.0806977634096072,2070.303,659.3668276961856,2070.303,1410.9361723038141,113.85939341862998,68.15119198995578
160,5.0,0.09636477333720148,5049.5343,2028.2842213534068,5049.5343,3021.2500786465935,291.1420790237811,59.832251830561745
160,6.0,0.10607553062441018,9275.1163,4490.2162360656175,9275.1163,4784.900063934382,507.56081326661376,51.588572144743694
160,7.0,0.1092056847864453,14815.0721,7753.282541444191,14815.0721,7061.789558555808,771.1875645598562,47.66625171237478
160,8.0,0.10601878996268159,22201.3242,12005.617368119887,22201.3242,10195.706831880112,1080.9365011301754,45.92386805414117
160,9.0,0.09754183390652438,31654.1428,18193.36020655475,31654.1428,13460.782593445252,1312.9894199816713,42.52455256329119
160,10.0,0.08531608760416247,42571.641200000005,26751.04358281743,42571.641200000005,15820.597617182575,1349.7514922577525,37.16229201232339
160,11.0,0.07108508140920322,50000.0,39024.31388808267,50000.0,10975.686111917334,780.2075407875049,21.951372223834667
160,12.0,0.05649362597257836,50000.0,49258.00881930851,50000.0,741.9911806914897,41.91777223693683,1.4839823613829795
160,13.0,0.04286024530512921,50000.0,50000.0,50000.0,0.0,0.0,0.0
160,14.0,0.031057366278075458,50000.0,50000.0,50000.0,0.0,0.0,0.0
160,15.0,0.021500654943554926,50000.0,50000.0,50000.0,0.0,0.0,0.0
160,16.0,0.014222238975401457,50000.0,50000.0,50000.0,0.0,0.0,0.0
160,17.0,0.008989067027005953,50000.0,50000.0,50000.0,0.0,0.0,0.0
160,18.0,0.005428193221065833,50000.0,50000.0,50000.0,0.0,0.0,0.0
160,19.0,0.0031313085390260206,50000.0,50000.0,50000.0,0.0,0.0,0.0
160,20.0,0.0017252076870317382,50000.0,50000.0,50000.0,0.0,0.0,0.0
160,21.0,0.0009076143711080649,50000.0,50000.0,50000.0,0.0,0.0,0.0
160,22.0,0.0004558202546255667,50000.0,50000.0,50000.0,0.0,0.0,0.0
160,23.0,0.0002184727323936984,50000.0,50000.0,50000.0,0.0,0.0,0.0
160,24.0,9.99044517195875e-05,50000.0,50000.0,50000.0,0.0,0.0,0.0
160,25.0,4.3573685796259277e-05,50000.0,50000.0,50000.0,0.0,0.0,0.0
161,3.0,0.060561161515251975,178.0078,71.20312,178.0078,106.80468,6.4682154760648025,60.0
161,4.0,0.0806977634096072,2070.303,828.1212,2070.303,1242.1817999999998,100.24129300812,60.0
161,5.0,0.09636477333720148,5049.5343,2501.2793379172035,5049.5343,2548.2549620827967,245.56201182650764,50.465148084701525
161,6.0,0.10607553062441018,9275.1163,5170.861329555698,9275.1163,4104.254970444302,435.36102380775225,44.250172587531885
161,7.0,0.1092056847864453,14815.0721,8688.971652492759,14815.0721,6126.1004475072405,669.0049944405772,41.350459897574446
161,8.0,0.10601878996268159,22201.3242,13451.361700024667,22201.3242,8749.962499975332,927.6604364662251,39.411894629129065
161,9.0,0.09754183390652438,31654.1428,20081.086616838347,31654.1428,11573.056183161654,1128.857124008829,36.56095272041817
161,10.0,0.08531608760416247,42571.641200000005,28835.700734789367,42571.641200000005,13735.940465210639,1171.896700055471,32.26547081114325
161,11.0,0.07108508140920322,50000.0,39999.55057434256,50000.0,10000.44942565744,710.8827615514787,20.00089885131488
161,12.0,0.05649362597257836,50000.0,49403.42155219123,50000.0,596.5784478087735,33.70287969381021,1.1931568956175471
161,13.0,0.04286024530512921,50000.0,50000.0,50000.0,0.0,0.0,0.0
161,14.0,0.031057366278075458,50000.0,50000.0,50000.0,0.0,0.0,0.0
161,15.0,0.021500654943554926,50000.0,50000.0,50000.0,0.0,0.0,0.0
161,16.0,0.014222238975401457,50000.0,50000.0,50000.0,0.0,0.0,0.0
161,17.0,0.008989067027005953,50000.0,50000.0,50000.0,0.0,0.0,0.0
161,18.0,0.005428193221065833,50000.0,50000.0,50000.0,0.0,0.0,0.0
161,19.0,0.0031313085390260206,50000.0,50000.0,50000.0,0.0,0.0,0.0
161,20.0,0.0017252076870317382,50000.0,50000.0,50000.0,0.0,0.0,0.0
161,21.0,0.0009076143711080649,50000.0,50000.0,50000.0,0.0,0.0,0.0
161,22.0,0.0004558202546255667,50000.0,50000.0,50000.0,0.0,0.0,0.0
161,23.0,0.0002184727323936984,50000.0,50000.0,50000.0,0.0,0.0,0.0
161,24.0,9.99044517195875e-05,50000.0,50000.0,50000.0,0.0,0.0,0.0
161,25.0,4.3573685796259277e-05,50000.0,50000.0,50000.0,0.0,0.0,0.0
162,3.0,0.057710002702034836,178.0078,35.60156,178.0078,142.40624,8.218264495186622,80.0
162,4.0,0.07757004169731195,2070.303,663.7587460994697,2070.303,1406.5442539005303,109.10569642417866,67.93905307100123
162,5.0,0.0934073041170769,5049.5343,2147.9194932522028,5049.5343,2901.6148067477975,271.03201668450487,57.46301805985945
162,6.0,0.10368595962539662,9275.1163,4644.120030357421,9275.1163,4630.996269642579,480.1692922395228,49.92925285090581
162,7.0,0.1076654759005717,14815.0721,7993.972633980405,14815.0721,6821.099466019595,734.3969201741352,46.04162180229683
162,8.0,0.10545278898194317,22201.3242,12383.72150644331,22201.3242,9817.60269355669,1035.2935851521904,44.22079784572801
162,9.0,0.09791315418231918,31654.1428,18699.94608513853,31654.1428,12954.196714861471,1268.3862602503239,40.924174749288966
162,10.0,0.08645480144859759,42571.641200000005,27397.061175468734,42571.641200000005,15174.580024531271,1311.9153030867062,35.644808602143506
162,11.0,0.07274005316451235,50000.0,39702.08753867624,50000.0,10297.912461323758,749.0706999201843,20.595824922647516
162,12.0,0.058391843134233144,50000.0,49500.75180466828,50000.0,499.2481953317183,29.152022306858683,0.9984963906634367
162,13.0,0.044758423459249526,50000.0,50000.0,50000.0,0.0,0.0,0.0
162,14.0,0.0327755151226924,50000.0,50000.0,50000.0,0.0,0.0,0.0
162,15.0,0.02293428868014752,50000.0,50000.0,50000.0,0.0,0.0,0.0
162,16.0,0.015336279857255171,50000.0,50000.0,50000.0,0.0,0.0,0.0
162,17.0,0.009800323225405732,50000.0,50000.0,50000.0,0.0,0.0,0.0
162,18.0,0.005984051422699747,50000.0,50000.0,50000.0,0.0,0.0,0.0
162,19.0,0.003490645752308889,50000.0,50000.0,50000.0,0.0,0.0,0.0
162,20.0,0.0019447867295780653,50000.0,50000.0,50000.0,0.0,0.0,0.0
162,21.0,0.0010346146030269197,50000.0,50000.0,50000.0,0.0,0.0,0.0
162,22.0,0.0005254104615877076,50000.0,50000.0,50000.0,0.0,0.0,0.0
162,23.0,0.0002546224990665127,50000.0,50000.0,50000.0,0.0,0.0,0.0
162,24.0,0.00011771475484524919,50000.0,50000.0,50000.0,0.0,0.0,0.0
162,25.0,5.189847813904641e-05,50000.0,50000.0,50000.0,0.0,0.0,0.0
163,3.0,0.04916335370456051,178.0078,106.80467999999999,110.14595802526085,3.3412780252608627,0.16426843338117525,1.8770402337767573
163,4.0,0.06803118329472671,2070.303,1242.1818,1939.229381439116,697.0475814391159,47.420971778030435,33.6688678632604
163,5.0,0.0841947979675334,5049.5343,3029.72058,4794.784542298982,1765.063962298982,148.60920370553677,34.95498510226937
163,6.0,0.09601833461961357,9275.1163,5606.671526383157,8867.442067161423,3260.770540778266,313.09375690222583,35.156114870260616
163,7.0,0.1024572737928596,14815.0721,9163.6601209535,14205.420348908723,5041.760227955223,516.5650080735585,34.03129052578302
163,8.0,0.10317653928092387,22201.3242,14077.54276919265,21296.628413604867,7219.085644412216,744.8402735630506,32.51646424050785
163,9.0,0.09855858584856503,31654.1428,20757.093887746938,30472.13780636381,9715.043918616873,957.5009900755807,30.691224147181366
163,10.0,0.08958924781391124,42571.641200000005,29216.144511338876,41226.19748693037,12010.05297559149,1075.9716122884681,28.211392929787937
163,11.0,0.07764637131894639,50000.0,38324.645752747245,49708.64473492284,11383.998982175595,883.9262120645141,22.767997964351192
163,12.0,0.06424177377077935,50000.0,45699.77562041887,50000.0,4300.22437958113,276.2540417566409,8.60044875916226
163,13.0,0.05077558172515842,50000.0,50000.0,50000.0,0.0,0.0,0.0
163,14.0,0.03835263297113712,50000.0,50000.0,50000.0,0.0,0.0,0.0
163,15.0,0.02768833682440995,50000.0,50000.0,50000.0,0.0,0.0,0.0
163,16.0,0.019104908386699374,50000.0,50000.0,50000.0,0.0,0.0,0.0
163,17.0,0.012597123179168883,50000.0,50000.0,50000.0,0.0,0.0,0.0
163,18.0,0.007935408742812665,50000.0,50000.0,50000.0,0.0,0.0,0.0
163,19.0,0.004774231011806819,50000.0,50000.0,50000.0,0.0,0.0,0.0
163,20.0,0.0027423154927707877,50000.0,50000.0,50000.0,0.0,0.0,0.0
163,21.0,0.0015032782886454869,50000.0,50000.0,50000.0,0.0,0.0,0.0
163,22.0,0.0007861148919103114,50000.0,50000.0,50000.0,0.0,0.0,0.0
163,23.0,0.00039198161114726616,50000.0,50000.0,50000.0,0.0,0.0,0.0
163,24.0,0.00018628624598455905,50000.0,50000.0,50000.0,0.0,0.0,0.0
163,25.0,8.433921592891295e-05,50000.0,50000.0,50000.0,0.0,0.0,0.0
164,3.0,0.040772455087221215,178.0078,71.20312,178.0078,106.80468,4.354689018405034,60.0
164,4.0,0.054648972108692656,2070.303,894.5181849755522,2070.303,1175.7848150244477,64.2554315620954,56.79288563193155
164,5.0,0.06665657018351212,5049.5343,2931.4680876904367,5049.5343,2118.0662123095635,141.1830291341381,41.94577334209936
164,6.0,0.07604855664087849,9275.1163,5923.322553834553,9275.1163,3351.7937461654465,254.89907655380526,36.13748483310604
164,7.0,0.08233631414346562,14815.0721,9813.662698994322,14815.0721,5001.409401005678,411.7976156012857,33.75892717393983
164,8.0,0.08531131630979605,22201.3242,14946.139111032351,22201.3242,7255.185088967648,618.9493900110348,32.679064652223076
164,9.0,0.08504304271664859,31654.1428,22057.65734854177,31654.1428,9596.485451458233,816.1143221780592,30.316680859411022
164,10.0,0.08184866331248354,42571.641200000005,31425.312719123045,42571.641200000005,11146.32848087696,912.3120870016445,26.182520021983457
164,11.0,0.07623814431462268,50000.0,42690.561282889845,50000.0,7309.438717110155,557.2580437739344,14.618877434220309
164,12.0,0.06884321164937804,50000.0,49939.17814245549,50000.0,60.82185754451348,4.187172011845262,0.12164371508902695
164,13.0,0.0603409187527511,50000.0,50000.0,50000.0,0.0,0.0,0.0
164,14.0,0.05138252298114032,50000.0,50000.0,50000.0,0.0,0.0,0.0
164,15.0,0.042536347120428385,50000.0,50000.0,50000.0,0.0,0.0,0.0
164,16.0,0.03424996806692819,50000.0,50000.0,50000.0,0.0,0.0,0.0
164,17.0,0.026833281822367227,50000.0,50000.0,50000.0,0.0,0.0,0.0
164,18.0,0.020460557606331895,50000.0,50000.0,50000.0,0.0,0.0,0.0
164,19.0,0.015187117531726578,50000.0,50000.0,50000.0,0.0,0.0,0.0
164,20.0,0.010975051572792128,50000.0,50000.0,50000.0,0.0,0.0,0.0
164,21.0,0.007722369170325146,50000.0,50000.0,50000.0,0.0,0.0,0.0
164,22.0,0.005290919989025665,50000.0,50000.0,50000.0,0.0,0.0,0.0
164,23.0,0.0035298797710503287,50000.0,50000.0,50000.0,0.0,0.0,0.0
164,24.0,0.0022931801337536238,50000.0,50000.0,50000.0,0.0,0.0,0.0
164,25.0,0.001450639014680616,50000.0,50000.0,50000.0,0.0,0.0,0.0
165,3.0,0.11503131170929855,142.40624,71.20312,142.40624,71.20312,8.19058829139459,50.0
165,4.0,0.13910748393159306,1656.2424,828.1212,1656.2424,828.1212,115.19785652241157,50.0
165,5.0,0.1484538021947641,4039.62744,2074.954970997947,4039.62744,1964.6724690020533,291.6630980907296,48.634991671460995
165,6.0,0.14346174466283623,7420.09304,4275.4109288546415,7420.09304,3144.6821111453582,451.1415820749242,42.380629113315784
165,7.0,0.12720421936178863,11852.05768,7138.776695167594,11852.05768,4713.280984832406,599.5492283083686,39.76761767524916
165,8.0,0.10425823191992897,17761.05936,10976.514312828049,17761.05936,6784.5450471719505,707.3446709992587,38.198988639447634
165,9.0,0.07934050318958033,25323.31424,16340.2290512277,25323.31424,8983.0851887723,712.7224990720605,35.473576261131214
165,10.0,0.05621571948126697,34057.31296,23238.027001300237,34057.31296,10819.285958699766,608.2139444418766,31.76787896158137
165,11.0,0.03715016906026579,40000.0,31547.368853997927,40000.0,8452.631146002073,314.0166760780452,21.131577865005184
165,12.0,0.022923804437264675,40000.0,38691.98338714661,40000.0,1308.0166128533892,29.984717033744435,3.2700415321334733
165,13.0,0.013217039078319314,40000.0,40000.0,40000.0,0.0,0.0,0.0
165,14.0,0.007123230959036398,40000.0,40000.0,40000.0,0.0,0.0,0.0
165,15.0,0.003589237494941485,40000.0,40000.0,40000.0,0.0,0.0,0.0
165,16.0,0.0016909668581473374,40000.0,40000.0,40000.0,0.0,0.0,0.0
165,17.0,0.000744829547959778,40000.0,40000.0,40000.0,0.0,0.0,0.0
165,18.0,0.00030670200799628593,40000.0,40000.0,40000.0,0.0,0.0,0.0
165,19.0,0.00011804286533084494,40000.0,40000.0,40000.0,0.0,0.0,0.0
165,20.0,4.2455547856539376e-05,40000.0,40000.0,40000.0,0.0,0.0,0.0
165,21.0,1.426580255228406e-05,40000.0,40000.0,40000.0,0.0,0.0,0.0
165,22.0,4.47724840506194e-06,40000.0,40000.0,40000.0,0.0,0.0,0.0
165,23.0,1.3120755095027072e-06,40000.0,40000.0,40000.0,0.0,0.0,0.0
165,24.0,3.5893331633728117e-07,40000.0,40000.0,40000.0,0.0,0.0,0.0
165,25.0,9.163204140812762e-08,40000.0,40000.0,40000.0,0.0,0.0,0.0
166,3.0,0.10351543454786667,142.40624,106.80467999999999,142.40624,35.601560000000006,3.685310953981949,25.000000000000007
166,4.0,0.11853323656098917,1656.2424,1242.1818,1656.2424,414.0606,49.07994305038512,25.0
166,5.0,0.1239782623262287,4039.62744,3107.4730647730566,4039.62744,932.1543752269436,115.56687966042783,23.075256049526775
166,6.0,0.12110092416601204,7420.09304,5929.590451702887,7420.09304,1490.502588297113,180.50124091461336,20.087384083490054
166,7.0,0.11180415521584453,11852.05768,9642.384793078965,11852.05768,2209.6728869210347,247.05061042556264,18.643791201335386
166,8.0,0.09827486029045468,17761.05936,14579.761629484368,17761.05936,3181.297730515631,312.6415900087642,17.911644041234887
166,9.0,0.08263859822330467,25323.31424,21111.41898372145,25323.31424,4211.895256278549,348.06511984224585,16.63248031580936
166,10.0,0.06670095498751573,34057.31296,29025.854585480643,34057.31296,5031.4583745193595,335.60307856037485,14.773503653763761
166,11.0,0.05180246630143115,40000.0,36173.36798527344,40000.0,3826.632014726558,198.2289759908501,9.566580036816394
166,12.0,0.038782985449826224,40000.0,39694.23719098758,40000.0,305.7628090124199,11.858394573026676,0.7644070225310498
166,13.0,0.02803050406553642,40000.0,40000.0,40000.0,0.0,0.0,0.0
166,14.0,0.019580343747373132,40000.0,40000.0,40000.0,0.0,0.0,0.0
166,15.0,0.013231782666881369,40000.0,40000.0,40000.0,0.0,0.0,0.0
166,16.0,0.008656950085707747,40000.0,40000.0,40000.0,0.0,0.0,0.0
166,17.0,0.005487150383465929,40000.0,40000.0,40000.0,0.0,0.0,0.0
166,18.0,0.003371395254989594,40000.0,40000.0,40000.0,0.0,0.0,0.0
166,19.0,0.002008934941729517,40000.0,40000.0,40000.0,0.0,0.0,0.0
166,20.0,0.0011614524517055203,40000.0,40000.0,40000.0,0.0,0.0,0.0
166,21.0,0.0006517493595256004,40000.0,40000.0,40000.0,0.0,0.0,0.0
166,22.0,0.000355099207399539,40000.0,40000.0,40000.0,0.0,0.0,0.0
166,23.0,0.00018790571578786703,40000.0,40000.0,40000.0,0.0,0.0,0.0
166,24.0,9.659843605220084e-05,40000.0,40000.0,40000.0,0.0,0.0,0.0
166,25.0,4.8255614372157015e-05,40000.0,40000.0,40000.0,0.0,0.0,0.0
167,3.0,0.07621946059807917,106.80467999999999,35.60156,106.80467999999999,71.20311999999998,5.427063399300302,66.66666666666666
167,4.0,0.08772070812465194,1242.1818,414.0606,1242.1818,828.1212,72.64337807703652,66.66666666666666
167,5.0,0.09399870153285025,3029.72058,1226.5522659409671,3029.72058,1803.168314059033,169.49548016672784,59.515993849803564
167,6.0,0.09566104260269237,5565.06978,2671.7411147909916,5565.06978,2893.3286652090082,276.77883670615,51.99087845416034
167,7.0,0.0934608306510307,8889.04326,4593.57995071369,8889.04326,4295.4633092863105,401.4575689169238,48.323123013874394
167,8.0,0.08824070575082174,13320.79452,7153.765829401659,13320.79452,6167.02869059834,544.1829640439636,46.2962526847711
167,9.0,0.08086261832072743,18992.485679999998,10830.449799733753,18992.485679999998,8162.035880266245,660.0035921060519,42.97507981728406
167,10.0,0.07214329191582457,25542.98472,15814.687455756968,25542.98472,9728.297264243032,701.8313893782026,38.08598474643347
167,11.0,0.06280443111975507,30000.0,22713.515476058325,30000.0,7286.484523941675,457.6235153890563,24.28828174647225
167,12.0,0.0534410278740194,30000.0,29434.12263948908,30000.0,565.87736051092,30.241067796340598,1.8862578683697333
167,13.0,0.04450749472103759,30000.0,30000.0,30000.0,0.0,0.0,0.0
167,14.0,0.036319053759503485,30000.0,30000.0,30000.0,0.0,0.0,0.0
167,15.0,0.029064576502409845,30000.0,30000.0,30000.0,0.0,0.0,0.0
167,16.0,0.02282670432939969,30000.0,30000.0,30000.0,0.0,0.0,0.0
167,17.0,0.017605361415887918,30000.0,30000.0,30000.0,0.0,0.0,0.0
167,18.0,0.013341467678317235,30000.0,30000.0,30000.0,0.0,0.0,0.0
167,19.0,0.009938549343097762,30000.0,30000.0,30000.0,0.0,0.0,0.0
167,20.0,0.007280850415382914,30000.0,30000.0,30000.0,0.0,0.0,0.0
167,21.0,0.005247344562088534,30000.0,30000.0,30000.0,0.0,0.0,0.0
167,22.0,0.0037216640561655886,30000.0,30000.0,30000.0,0.0,0.0,0.0
167,23.0,0.0025983786333009565,30000.0,30000.0,30000.0,0.0,0.0,0.0
167,24.0,0.001786285822046733,30000.0,30000.0,30000.0,0.0,0.0,0.0
167,25.0,0.0012094502709091195,30000.0,30000.0,30000.0,0.0,0.0,0.0
168,3.0,0.12418861317300357,106.80467999999999,35.60156,106.80467999999999,71.20311999999998,8.842616726390952,66.66666666666666
168,4.0,0.14950434640460813,1242.1818,526.751323411875,1242.1818,715.4304765881251,106.95996580024494,57.594667430172066
168,5.0,0.15756880117108904,3029.72058,1711.7633598953125,3029.72058,1317.9572201046876,207.66893916667675,43.50094952006061
168,6.0,0.14919909574884663,5565.06978,3497.673444722952,5565.06978,2067.396335277048,308.4536637778149,37.14951324971613
168,7.0,0.1285846934748337,8889.04326,5825.161724998424,8889.04326,3063.8815350015766,393.9682680213807,34.46806867043615
168,8.0,0.10159063699902225,13320.79452,8878.566731196674,13320.79452,4442.227788803326,451.28875075928795,33.348069307230226
168,9.0,0.0738871167361005,18992.485679999998,13124.655204739127,18992.485679999998,5867.830475260871,433.55707531324805,30.89553718310805
168,10.0,0.04959180467042225,25542.98472,18771.104730935964,25542.98472,6771.879989064037,335.8297496692049,26.511701992922138
168,11.0,0.030761894124403385,30000.0,25740.020893657365,30000.0,4259.979106342635,131.04502624148267,14.199930354475448
168,12.0,0.01764971241309773,30000.0,30000.0,30000.0,0.0,0.0,0.0
168,13.0,0.009370502463864578,30000.0,30000.0,30000.0,0.0,0.0,0.0
168,14.0,0.004604127632771373,30000.0,30000.0,30000.0,0.0,0.0,0.0
168,15.0,0.002093471004887174,30000.0,30000.0,30000.0,0.0,0.0,0.0
168,16.0,0.0008807245514633612,30000.0,30000.0,30000.0,0.0,0.0,0.0
168,17.0,0.0003427243037379103,30000.0,30000.0,30000.0,0.0,0.0,0.0
168,18.0,0.00012331927534648432,30000.0,30000.0,30000.0,0.0,0.0,0.0
168,19.0,4.1013592990437544e-05,30000.0,30000.0,30000.0,0.0,0.0,0.0
168,20.0,1.2602332424859794e-05,30000.0,30000.0,30000.0,0.0,0.0,0.0
168,21.0,3.5760706649779913e-06,30000.0,30000.0,30000.0,0.0,0.0,0.0
168,22.0,9.366829626862758e-07,30000.0,30000.0,30000.0,0.0,0.0,0.0
168,23.0,2.2636316587148212e-07,30000.0,30000.0,30000.0,0.0,0.0,0.0
168,24.0,5.0447360545736324e-08,30000.0,30000.0,30000.0,0.0,0.0,0.0
168,25.0,1.036293236641148e-08,30000.0,30000.0,30000.0,0.0,0.0,0.0
169,3.0,0.09890254574574942,106.80467999999999,71.20312,106.80467999999999,35.60155999999999,3.5210849165200417,33.33333333333333
169,4.0,0.12254413321985105,1242.1818,828.1212,1242.1818,414.0606,50.74069732749146,33.33333333333333
169,5.0,0.13481772073960915,3029.72058,2121.834917771921,3029.72058,907.8856622280791,122.3990756737603,29.965986573853588
169,6.0,0.13518992317224135,5565.06978,4101.949112942377,5565.06978,1463.120667057623,197.79917057123856,26.29114683010539
169,7.0,0.12523182527690815,8889.04326,6728.543525172279,8889.04326,2160.499734827721,270.5633253027516,24.305199914481246
169,8.0,0.10798485909385336,13320.79452,10217.123874006633,13320.79452,3103.6706459933666,335.1494373813225,23.299440895462194
169,9.0,0.08707323374034845,18992.485679999998,14884.489715610127,18992.485679999998,4107.995964389871,357.6964928117274,21.62958568775328
169,10.0,0.06584675972527364,25542.98472,20644.3481687972,25542.98472,4898.636551202799,322.5593439684938,19.17801151627827
169,11.0,0.04678619848642281,30000.0,26307.096097220354,30000.0,3692.903902779646,172.77693498673398,12.309679675932154
169,12.0,0.031271971132891145,30000.0,29725.594815688324,30000.0,274.40518431167584,8.581191002510401,0.914683947705586
169,13.0,0.019677911804148553,30000.0,30000.0,30000.0,0.0,0.0,0.0
169,14.0,0.011662529249319093,30000.0,30000.0,30000.0,0.0,0.0,0.0
169,15.0,0.006511942408580713,30000.0,30000.0,30000.0,0.0,0.0,0.0
169,16.0,0.0034259631001125677,30000.0,30000.0,30000.0,0.0,0.0,0.0
169,17.0,0.0016982953928307936,30000.0,30000.0,30000.0,0.0,0.0,0.0
169,18.0,0.0007931813844772661,30000.0,30000.0,30000.0,0.0,0.0,0.0
169,19.0,0.00034898430193068726,30000.0,30000.0,30000.0,0.0,0.0,0.0
169,20.0,0.00014462394772876035,30000.0,30000.0,30000.0,0.0,0.0,0.0
169,21.0,5.644019812584895e-05,30000.0,30000.0,30000.0,0.0,0.0,0.0
169,22.0,2.073736858474131e-05,30000.0,30000.0,30000.0,0.0,0.0,0.0
169,23.0,7.171843099333086e-06,30000.0,30000.0,30000.0,0.0,0.0,0.0
169,24.0,2.3340469618656406e-06,30000.0,30000.0,30000.0,0.0,0.0,0.0
169,25.0,7.146209513952007e-07,30000.0,30000.0,30000.0,0.0,0.0,0.0
170,3.0,0.08964373904742173,106.80467999999999,35.60156,106.80467999999999,71.20311999999998,6.382913908642254,66.66666666666666
170,4.0,0.1025857226547507,1242.1818,414.0606,1242.1818,828.1212,84.95341174771934,66.66666666666666
170,5.0,0.10845701468902803,3029.72058,1009.90686,3029.72058,2019.81372,219.06296629914036,66.66666666666666
170,6.0,0.10815899747347031,5565.06978,2207.3380754784366,5565.06978,3357.731704521563,363.1688949459389,60.33584190783612
170,7.0,0.10290053571399482,8889.04326,3849.8813187545593,8889.04326,5039.161941245441,518.53246330373,56.68958732512053
170,8.0,0.09404273518163522,13320.79452,6058.279609011384,13320.79452,7262.514910988615,682.9867665267794,54.52013316536479
170,9.0,0.08294161031749414,18992.485679999998,9353.145178986868,18992.485679999998,9639.34050101313,799.5024235526698,50.75344356407135
170,10.0,0.07081972898060071,25542.98472,13856.771670079766,25542.98472,11686.213049920234,827.6144410049102,45.75116486199047
170,11.0,0.05868076752430653,30000.0,20506.875032396812,30000.0,9493.124967603188,557.0638593031126,31.643749892010625
170,12.0,0.047269202918753826,30000.0,27763.107267189152,30000.0,2236.8927328108475,105.73613649472173,7.456309109369491
170,13.0,0.03706935429985196,30000.0,30000.0,30000.0,0.0,0.0,0.0
170,14.0,0.028333449062872832,30000.0,30000.0,30000.0,0.0,0.0,0.0
170,15.0,0.021126953905463552,30000.0,30000.0,30000.0,0.0,0.0,0.0
170,16.0,0.015380351493778789,30000.0,30000.0,30000.0,0.0,0.0,0.0
170,17.0,0.010938942108277552,30000.0,30000.0,30000.0,0.0,0.0,0.0
170,18.0,0.007605217720911998,30000.0,30000.0,30000.0,0.0,0.0,0.0
170,19.0,0.005171193039587342,30000.0,30000.0,30000.0,0.0,0.0,0.0
170,20.0,0.0034403461999670992,30000.0,30000.0,30000.0,0.0,0.0,0.0
170,21.0,0.002240340594569971,30000.0,30000.0,30000.0,0.0,0.0,0.0
170,22.0,0.0014284891622357687,30000.0,30000.0,30000.0,0.0,0.0,0.0
170,23.0,0.0008921265990978562,30000.0,30000.0,30000.0,0.0,0.0,0.0
170,24.0,0.0005458655756572276,30000.0,30000.0,30000.0,0.0,0.0,0.0
170,25.0,0.00032731573627206275,30000.0,30000.0,30000.0,0.0,0.0,0.0
