farm_id,theta_deg,state,turbine_index,x_D,y_D,alongwind_D,crosswind_D,velocity_deficit_pct,effective_wake_count,effective_speed_ms,power_kw,power_loss_pct
2,140.0,bad,0,28.185767641449477,79.76860740270484,29.682721803633576,-79.22376064560893,2.749591782908061,0,8.752536739538275,5862.983497738152,7.3899499540680536
2,140.0,bad,1,22.425666631348466,77.75850639260383,32.80314715071414,-73.98141237687736,7.477869139545039,2,8.326991777440947,5058.463631168168,20.097921097895465
2,140.0,bad,2,21.307989863671462,71.72163770573138,29.778912834570026,-68.63847388756248,14.799055801943005,4,7.66808497782513,3949.9432340878634,37.60779972712034
2,140.0,bad,3,33.22768683336861,70.06254679664048,19.581452127564194,-75.0293700393637,9.551615584829664,4,8.14035459736533,4705.614149714102,25.671432970945883
2,140.0,bad,4,54.822131277813114,70.7812336653311,3.5011109730947467,-89.46055744841998,7.697140546991502,1,8.307257350770765,5021.1544400705225,20.687246661588276
2,140.0,bad,5,37.20142420710592,75.24487002896653,19.868525857128407,-81.55352910192012,7.907067961234351,3,8.288363883488909,4985.435136282438,21.25145880932783
2,140.0,bad,6,49.12516158084342,76.0140619481575,11.228840135893691,-89.80719494230317,19.168383884992227,2,7.2748454503507,3369.0299769656604,46.783743312018224
2,140.0,bad,7,50.273141378823155,82.08325386735036,14.250637957305308,-95.19437287653528,12.729187817600069,2,7.854373096415994,4225.1374355172275,33.26090897149129
2,140.0,bad,8,43.17516158084324,73.79537507947158,14.360660143486214,-84.28299591789025,5.972199548916104,2,8.46250204059755,5314.654418379697,16.051202966398183
2,140.0,bad,9,44.94233329801507,85.24284982694445,20.365222999384812,-94.1881864199232,7.851276346695898,4,8.293385128797368,4994.928120491832,21.101510281746883
2,140.0,bad,10,63.90394945963106,68.91608215017582,-4.654861662633671,-93.86944869535884,0.0,0,9.0,6330.82856,0.0
2,140.0,bad,11,56.06607067175245,79.7009306350262,8.281668807069309,-97.09303057598528,0.0,0,9.0,6330.82856,0.0
2,140.0,bad,12,40.912535318216975,79.89992053401798,20.017858599776833,-87.5049609141452,6.137476737376928,3,8.447627093636077,5286.532383317411,16.495410778942166
2,140.0,bad,13,59.782232287914006,74.62113265522916,2.169692650152463,-95.59038220385611,0.0,0,9.0,6330.82856,0.0
2,140.0,bad,14,51.08627269195447,87.18022356432101,16.904012201515513,-99.62154892277444,0.0,0,9.0,6330.82856,0.0
2,140.0,bad,15,47.629201984883764,68.06658720068464,7.266273375536883,-82.75749178229863,12.951708532785636,3,7.834346232049293,4195.552741720235,33.72822053294973
2,140.0,bad,16,27.253444409126068,50.68325386734943,11.701217959066597,-56.34380137173861,3.5740269695483216,1,8.678337572740652,5722.705244936338,9.605746061518083
2,140.0,bad,17,28.931222186903906,64.45850639260195,19.27052725914691,-67.97471178863198,5.182654483273554,1,8.53356109650538,5448.996091456491,13.929179414447912
2,140.0,bad,18,25.13576764144936,59.23931447340815,18.82318222456915,-61.53690766641546,6.672989721192227,2,8.3994309250927,5195.414455626296,17.93468411935173
2,140.0,bad,19,20.474151479833196,53.61456699866444,18.77866939674792,-54.23167200963914,3.96301644786172,1,8.643328519692446,5656.518399371844,10.651214990856683
2,140.0,bad,20,32.68526259094425,54.74284982694444,10.149661808013363,-62.945137723237416,7.295072977096403,2,8.343443432061324,5089.566532527424,19.60662835375495
2,140.0,bad,21,32.7292019848837,35.533253867348485,-2.2316879904608626,-48.257977181829574,6.305681305849204,3,8.432488682473572,5257.9122523951355,16.947486374593346
2,140.0,bad,22,41.868090873772594,49.84840538250188,-0.03088101534987686,-65.09838399649882,7.536821947508271,3,8.321686024724256,5048.432767574702,20.25636581802016
2,140.0,bad,23,46.219606025287625,60.538809422906866,3.507324243399246,-76.08480862910483,14.866407603228163,3,7.662023315709465,3940.9886411816,37.749243976027046
2,140.0,bad,24,48.85394945963124,40.58880942290404,-11.334312718994926,-62.49554530813422,0.768608552647941,0,8.930825230261686,6200.049249993389,2.0657534597116167
2,140.0,bad,25,35.278696934378594,46.99790033199495,3.184618267630011,-58.679189662889364,2.8649135613336423,1,8.742157779479973,5843.361412400597,7.699894934438134
2,140.0,bad,26,40.294353500035335,66.98022356431818,12.186792213404303,-77.21053923046492,8.01997225018884,4,8.278202497483004,4966.22438855476,21.554906415681565
2,140.0,bad,27,63.52162622730806,48.97466800876451,-17.18007900476449,-78.34768656776397,1.3267896208221956,0,8.880588934126003,6105.074331092091,3.565950756182046
2,140.0,bad,28,59.83980804548988,64.2761831602806,-4.524018297182863,-87.70270011249237,1.811973321072795,0,8.836922401103449,6022.519967981468,4.869956421921051
2,140.0,bad,29,42.152434308115964,43.446385180478856,-4.363839985989298,-60.37692443249528,0.25143677428584765,0,8.977370690314274,6288.046408099522,0.6757749241669275
2,140.0,bad,30,57.26960602528774,52.03577911987374,-10.423109376644433,-76.67391260283036,6.788156163185745,1,8.389065945313282,5175.818800896795,18.24421160921793
2,140.0,bad,31,57.60849491417651,44.449415483511984,-15.559133874842292,-71.0802544745537,1.5993128403508496,0,8.856061844368423,6058.704305039226,4.29839873851795
2,140.0,bad,32,49.99586865155031,47.80497103906472,-7.570614294091765,-68.75745732267141,5.941846945812164,2,8.465233774876905,5319.8189361009245,15.969625686705935
2,140.0,bad,33,61.68526259094425,57.72567810977555,-10.14830198041058,-83.87095743498796,11.211728489657789,1,7.990944435930799,4426.887504175435,30.07412122726262
2,140.0,bad,34,53.840313095994816,37.960526594624035,-16.843516510772066,-63.68733661543132,0.0,0,9.0,6330.82856,0.0
2,140.0,bad,35,41.774151479833314,55.82870841280303,3.8851454254157147,-69.61917882254298,10.250884912491157,4,8.077420357875797,4586.632959789397,27.550826620561697
2,140.0,bad,36,35.460515116196774,61.37012255421811,12.283623827896786,-69.80582110598297,19.010123630075736,3,7.289088873293184,3390.0710794896827,46.45138393244245
2,140.0,bad,37,51.37970703538869,55.17668821078471,-3.8922475381107944,-75.29403446525222,4.611025664892143,1,8.585007690159706,5546.259154936942,12.39283922518758
2,140.0,bad,38,53.60596966165126,62.038809422906866,-1.1867771605633948,-81.98173831987705,5.65682563958911,1,8.49088569243698,5368.315520788431,15.203587178035495
2,140.0,bad,39,66.81657572225738,64.40951649361111,-9.78282739227965,-92.28941918986044,0.0,0,9.0,6330.82856,0.0
2,140.0,bad,40,-65.47938387370209,30.62517305926862,69.84559994230779,18.62909300231455,28.022115222808512,12,6.478009629947234,2384.6537043764065,62.33267601900743
2,140.0,bad,41,-65.26069700501529,46.09537507946876,79.62213025969949,6.63766150121922,37.24901361737157,15,5.647588774436559,1557.194753732237,75.40298652895069
2,140.0,bad,42,-71.96827276259093,32.356991241088686,75.92956848716136,21.473420686049277,14.4706500978869,8,7.697641491190178,3993.605605870117,36.91812109550923
2,140.0,bad,43,-67.46877781309615,41.82820336229986,78.5707331844865,11.32583166761195,13.389194196971552,9,7.79497252227256,4137.387912415598,34.646975933658865
2,140.0,bad,44,-64.39251518683335,37.80547608957259,73.62842004600607,12.430036040764328,15.720917384589816,10,7.585117435386916,3827.3793971746445,39.543783868084326
2,140.0,bad,45,-65.48089902521718,21.93729427138889,64.2622997763988,25.285368190881762,16.607501209035107,10,7.50532489118684,3709.505827742213,41.40568185371595
2,140.0,bad,46,-62.09554548986372,43.48325386735131,75.51844437973952,6.604142263794998,34.43548153208009,15,5.9008066621127915,1771.1933433807785,72.02272456765472
2,140.0,bad,47,-67.02433336865171,33.84941548351293,73.10160299874335,17.152254402898834,12.961506945956375,9,7.833464374863927,4194.250017822773,33.74879799583812
2,140.0,bad,48,-69.23241417673258,27.623152857246534,70.79092656091294,23.34117527377059,16.906680785223095,16,7.478398729329921,3669.729143830092,42.033983244839405
2,140.0,bad,49,-67.33897983329811,24.823152857249358,67.54066639659385,24.269023578786925,14.853503659563613,11,7.663184670639275,3942.7042532394307,37.72214464705974
2,140.0,bad,50,-68.81221215653049,36.89537507947064,76.42910269705561,15.968140312920365,9.62148526790505,5,8.134066325888545,4693.72577179858,25.859218468576252
2,140.0,bad,51,-70.5970606413788,30.039314473410034,73.38938515184725,22.367465933108317,19.0587804397838,10,7.284709760419458,3383.6020331577442,46.55356718176959
2,140.0,bad,52,-63.710191954510236,17.899920534017976,60.310685650436405,27.239987341754475,16.07615641363098,10,7.553145922773211,3780.149466738014,40.289814659931125
2,140.0,bad,53,-63.09554548986372,27.322647806741486,65.89665148207331,19.62667234364657,19.16813008311592,17,7.274868292519567,3369.0637205692137,46.78321030747966
2,140.0,bad,54,-55.200090944409226,44.38476901886646,70.81570251175324,1.4812288466143784,17.436205026559428,11,7.430741547609651,3599.327552117807,43.146027127327436
2,140.0,bad,55,-47.98190912622735,16.92416295825946,47.6349171102713,17.87751568682973,41.3237030366965,9,5.280866726697315,1247.271936946219,80.29844079451397
2,140.0,bad,56,-52.80766670198493,20.930223564321008,53.90670800624942,17.910632397806364,32.460385622836455,9,6.0785652939447194,1942.0729111735507,69.32355863426586
2,140.0,bad,57,-61.28089902521731,33.81860740270202,68.68207398291325,13.484046328999408,21.463509248168695,18,7.068284167664818,3063.8872353622032,51.60369284487143
2,140.0,bad,58,-53.10463639895456,38.7418397259334,65.5832861695647,4.457031255899448,16.040981418311265,14,7.5563116723519865,3784.826071632874,40.21594431499067
2,140.0,bad,59,-57.96978791410631,36.46103164512721,67.84413327826343,9.33149072520914,18.04816040483928,8,7.375665563564465,3517.9665315551424,44.431183087429204
2,140.0,bad,60,-56.691000035318375,28.9165872006837,62.01504951893328,14.288881464392716,19.571873188743325,9,7.2385314130131,3315.3850500567955,47.631103596702104
2,140.0,bad,61,-52.92231316663145,29.262041746135424,59.35012178684646,11.60178270551891,25.00364584098296,11,6.749671874311534,2685.6530696378104,57.57817410178281
2,140.0,bad,62,-48.38544447976282,33.042344776438455,58.30461068884952,5.789659597155445,32.586862057846126,12,6.067182414793848,1929.4607816990367,69.52277630940875
2,140.0,bad,63,-61.22988892420732,22.382748816844376,61.29216977337489,22.211633590092035,19.42571627042032,10,7.251685535662171,3334.816983264867,47.324162206267886
2,140.0,bad,64,-59.034939429257655,40.68375891785259,71.37440344751818,6.781360159509024,23.017064605804183,15,6.928464185477623,2883.753369885807,54.44903708013526
2,140.0,bad,65,-52.09908084339913,35.230728614826056,62.55608720553151,6.5003397597740395,24.023429716089296,11,6.837891325551963,2783.399441752257,56.03419970430763
2,140.0,bad,66,-54.784939429257655,32.87820336229704,63.101400166431475,10.028915277131027,18.131661983619928,13,7.368150421474207,3506.864784745949,44.60654317977695
2,140.0,bad,67,-51.1450404393586,25.200425584523025,55.37789534622513,13.57075230807953,11.984501099243387,10,7.921394901068096,4324.1454245887035,31.697006424879348
2,140.0,bad,68,-60.045040439358665,26.03375891785636,62.731347231389535,18.653191665023957,33.25020730156852,11,6.007481342858833,1863.3125217525162,70.56763575110118
2,140.0,bad,69,-57.04655559087376,23.102950837044517,58.55048745471619,18.970932000739143,18.639976471468962,11,7.322402117567793,3439.2830835859118,45.67404485857832
2,140.0,bad,70,-59.24504043935884,31.07668821078565,65.36004414291475,14.275853615384438,37.207316557933225,10,5.651341509786009,1560.366251920917,75.35289042922815
2,140.0,bad,71,-50.06120205552034,28.046385180482623,56.37697454099812,10.693942890219631,16.257493227710594,9,7.536825609506046,3756.0402771095623,40.670636686620966
2,140.0,bad,72,-58.43241417673246,18.82769831179199,56.86403737184855,23.1367781684069,15.845421329573098,11,7.573912080338421,3810.826281723006,39.80525225717049
2,140.0,bad,73,-54.12029296461131,17.3635568976534,52.61962891941046,21.48659747603016,24.763176306469134,11,6.7713141324177775,2709.632500301967,57.19940171145675
2,140.0,bad,74,-61.98645458077292,15.066587200684642,57.168994653109905,28.302449571066283,28.83249266821018,12,6.405075659861084,2303.843510257248,63.6091312784302
2,140.0,bad,75,-57.7344343787526,8.01507204916855,49.37913163641116,30.971077666458946,30.128991161752435,10,6.2883907954422815,2174.557711975416,65.65129364401213
2,140.0,bad,76,-55.43291922723739,13.681738715835216,51.25853186539585,25.150773732551585,24.64794530679344,9,6.781684922388591,2721.1232439118444,57.01789713427583
2,140.0,bad,77,-59.877363671681834,12.74638518048074,54.06194017161118,28.72412993149064,18.68647533553214,12,7.318217219802108,3433.100941603896,45.77169624691438
2,140.0,bad,78,-36.95059599491416,28.18325386734943,46.42164511842081,2.1617602619694196,56.94080996946731,12,3.875327102747942,366.87701499196754,94.20491312448418
2,140.0,bad,79,-40.52887882319699,18.603960938055558,43.00531799042696,11.800000245438216,55.08788767417574,8,4.0420901093241834,439.13983422380585,93.06346981185973
2,140.0,bad,80,-41.337464681783025,34.69891043300411,53.97036480806493,-0.00969740618086945,17.165115801994844,14,7.455139577820464,3635.3695524939035,42.57671775439922
2,140.0,bad,81,-39.32786872218695,21.815072049165728,44.14935331196685,8.568152010497027,55.52954164212905,12,4.002341252208386,415.4556263720836,93.43757894508387
2,140.0,bad,82,-34.00211114642937,29.95547608957353,45.30213717067534,-1.0910902512918348,55.00308242512871,14,4.049722581738416,443.6876143663793,92.99163434673108
2,140.0,bad,83,-32.33897983329812,38.672647806745246,49.63139464138189,-8.837871406307624,14.335132613729579,3,7.709838064764337,4011.6229993051047,36.63352338030925
2,140.0,bad,84,-42.258171752490036,20.081233665328284,45.279605834655584,11.779911750207836,56.57809821734618,9,3.9079711604388434,379.23145372737065,94.00976586029411
2,140.0,bad,85,-32.26625256057073,28.459011443105123,43.01048341385411,-1.0605202156986415,51.97924470736225,13,4.321867976337398,605.844429914407,90.43025057190292
2,140.0,bad,86,-38.14100003531826,24.982243766340268,45.275977887228606,5.3790532299077505,55.66789298392125,12,3.9898896314470873,410.2342396234185,93.52005451205238
2,140.0,bad,87,-35.74554548986377,31.388809422905922,47.55901426862281,-1.0684292921666945,56.826687543124976,14,3.8855981211187522,370.7641747444067,94.14351263455464
2,140.0,bad,88,-43.61574751006573,28.656991241085862,51.83195991323193,6.083133189943741,30.066446010411475,13,6.294019859062967,2180.794664706213,65.55277648039464
2,140.0,bad,89,-39.89150508582349,26.43628417037785,47.55158170951881,5.390396615482764,57.069040822355134,13,3.863786325988038,362.50930369855996,94.27390427235704
2,140.0,bad,90,-36.40362629794452,23.53678922088478,43.015952117908725,5.369573340456363,52.72669407942166,12,4.25459753285205,565.7615877551211,91.06338795320148
2,140.0,bad,91,-38.69403033834856,29.639314473409094,48.69313102567935,2.16701112011458,57.898750017104284,13,3.7891124984606144,334.2483186194056,94.7203069005646
2,140.0,bad,92,-34.6399899343081,22.06860740270202,40.72119920036755,5.3606222612254655,47.36838747865739,13,4.7368451269208345,853.1070130750046,86.5245598583228
2,140.0,bad,93,-38.38796973228807,35.79032457442108,52.41246807913633,-2.7416679527231906,6.818678767273761,4,8.386318910945363,5170.625357383214,18.326245792648443
2,140.0,bad,94,-37.488979833298174,32.836789220886665,49.82530593257196,-1.0569881758967625,57.7624149115894,14,3.801382657956954,338.8920714030372,94.64695547839891
2,140.0,bad,95,-30.49958589390412,27.028203362297983,40.73743252482842,-1.1000490800061193,44.63304175103778,13,4.983026242406599,999.7931100198257,84.2075472342308
2,140.0,bad,96,-37.52786872218712,43.66305184714741,56.814084025177266,-9.325389204558185,19.101122436934325,4,7.280898980675911,3377.972557181061,46.64248881222175
2,140.0,bad,97,-34.109686904005066,17.414566998661616,37.323404004137046,8.584951833533808,37.52229664522588,11,5.622993301929671,1536.4087165509163,75.73131696760215
2,140.0,bad,98,-35.20413134844957,26.71860740270296,44.14231898084692,2.161138711842682,55.29301916721398,13,4.023628274950743,428.1394192596517,93.23722929468096
2,140.0,bad,99,-32.909686904005184,20.606991241088682,38.45620142028942,5.368067850920468,34.01967151862068,14,5.938229563324138,1802.8200509300677,71.52315792721345
2,140.0,bad,100,-35.84605054036894,18.889314473409094,39.60148512319165,8.571342756864722,48.78206117284286,10,4.609614494444142,777.2971165563329,87.72203181322078
2,140.0,bad,101,-38.78544447976288,17.148910433006932,40.73448136358307,11.793975605026741,52.51204438504919,9,4.273916005345574,577.2724273393001,90.88156594562244
2,140.0,bad,102,-37.58241417673252,20.33426396836141,41.86041247004,8.5805602570337,53.3739307757349,10,4.196346230183859,531.0527669201514,91.61163879439896
2,140.0,bad,103,-40.23089902521719,37.650425584521145,55.01988370510361,-2.9819758801271306,33.332574286200405,3,6.000068314241964,1855.0989515761978,70.69737501190211
2,140.0,bad,104,-33.45817175248992,25.261536695632255,41.86824933750951,2.1550384349294553,51.66055104382748,13,4.350550406055526,622.9347483896667,90.1602966738738
2,140.0,bad,105,-31.71726266158106,23.802445786539465,39.59675004467236,2.153732124618532,42.915445211199824,14,5.137609930992015,1126.2032694842205,82.21080765636432
2,140.0,bad,106,-41.07130306562135,23.274668008761687,46.42311170067437,8.570694630711252,56.935499240100064,12,3.8758050683909944,367.0579054103901,94.20205582994984
2,140.0,bad,107,-29.9728182171365,18.180223564321008,34.646533288329486,5.339296941253531,12.989191634940788,15,7.830972752855329,4190.569268164091,33.806938089568305
2,140.0,bad,108,-26.99201013632836,19.38779932189488,33.13931655674859,2.498213741321891,40.64927324148249,16,5.341565408266576,1298.569388198779,79.488160579746
2,140.0,bad,109,-26.6152424595608,32.88779932189488,41.52832850238224,-8.085567835140882,18.04542500008525,3,7.375911749992328,3518.3302105591015,44.42543851544289
2,140.0,bad,110,-27.901606095924496,24.74941548350916,37.28248792366144,-1.0243455127702994,41.56894273175231,13,5.258795154142292,1228.618889006179,80.59307913076422
2,140.0,bad,111,-28.808676802995084,21.328203362299863,35.778231636706124,2.179508833027956,38.724502385092016,17,5.514794785341718,1444.9683757267655,77.17568305582476
2,140.0,bad,112,-37.05867680299509,15.69588012997569,38.47771070495008,11.797116526913763,47.340970921594646,11,4.739312617056481,854.5772578439166,86.5013362825305
2,140.0,bad,113,-39.96827276259093,13.949920534015153,39.584309326223156,15.004851405331811,53.5082717163644,16,4.184255545527204,523.8485776866444,91.72543415570482
2,140.0,bad,114,-35.310697005015406,14.20749629159091,36.18196580425209,11.8137049394128,35.70498142232931,12,5.786551671990361,1674.6345774464749,73.54793986955674
2,140.0,bad,115,-31.187464681782963,14.910021544118985,33.47496112316827,8.625176724330052,27.465646192568116,11,6.52809184266887,2440.1443533452184,61.45616122409705
2,140.0,bad,116,-4.00514144945985,69.24689023098391,47.57915940106454,-50.471740165960284,2.956473633137072,0,8.733917373017665,5827.782398904904,7.945976681053835
2,140.0,bad,117,-9.71170710602533,67.80749629158997,51.0254177218698,-45.70099073932539,4.556053788313654,2,8.58995515905177,5555.6126601301075,12.245093869196367
2,140.0,bad,118,2.852434308116143,71.68274881684626,43.89169131664693,-56.745680829340415,4.35571168645998,2,8.607985948218602,5589.701015971887,11.706643719761589
2,140.0,bad,119,-11.78342427774256,43.514566998660676,36.99725119649182,-25.75985311863999,4.005669860362727,1,8.639489712567354,5649.260889893067,10.765852583866742
2,140.0,bad,120,-13.520798015116299,20.881233665330168,23.779730461057625,-7.304951577603989,9.571762287444727,1,8.138541394129975,4702.186173460352,25.72558032656074
2,140.0,bad,121,1.4201110757927344,21.677698311795755,12.846287683122387,-17.518910135258977,12.470505140931175,2,7.877654537316194,4259.5299538652525,32.71765435604763
2,140.0,bad,122,-5.755646499964783,20.1665872006837,17.371913400117855,-11.748843805844992,15.23305523617913,4,7.629025028743879,3892.2419079024066,38.51923376199581
2,140.0,bad,123,-0.27029296461136476,37.72719326128976,24.457628800161256,-28.726965783649145,12.977964666736613,2,7.8319831799937045,4192.061922078636,33.78336054516953
2,140.0,bad,124,-10.264737409055632,50.62567810977179,40.40480367322294,-32.18347337189389,5.5137192801335715,3,8.50376526478798,5392.665173004348,14.818966871465122
2,140.0,bad,125,-8.056151550469833,37.411536695633195,30.219042375448073,-23.480505395832523,13.580821147307459,3,7.777726096742329,4111.910623057566,35.04940808162452
2,140.0,bad,126,1.3549595606413958,29.579718513814075,17.975517316614955,-23.53033021373743,15.069114990248437,3,7.643779650877641,3914.0381796464485,38.17494594030756
2,140.0,bad,127,-11.379888924207089,58.708506392601954,46.454601166067576,-37.65847348577832,4.283248259453091,1,8.614507656649222,5602.030721323235,11.51188713719906
2,140.0,bad,128,-16.05615155046983,33.30143568553313,33.70547591654744,-15.189684478895355,2.963237996786593,1,8.733308580289206,5826.63143745948,7.964156946630685
2,140.0,bad,129,-2.407161651479934,64.98931447340816,43.61831891233415,-48.237409530382195,3.8159937704893023,1,8.656560560655963,5681.534415959023,10.256068978765342
2,140.0,bad,130,-21.046555590873755,47.86608215017865,46.89032148755636,-23.139081084628238,9.714495579745568,3,8.125695397822899,4677.899998894939,26.109197957890384
2,140.0,bad,131,-4.54554548986389,56.012041746135424,39.48593629111582,-39.98589300722421,4.370484325212655,1,8.606656410730862,5587.187440633186,11.746347453875982
2,140.0,bad,132,-6.509181853500195,29.559516493612055,23.986813538543444,-18.4598819065889,9.74880202192911,2,8.12260781802638,4672.062732549035,26.201401786987656
2,140.0,bad,133,-19.699585893904295,26.88678922088384,32.37325328120813,-7.933825747411886,14.350132843889629,2,7.7084880440499335,4009.628680637743,36.6650250810497
2,140.0,bad,134,-1.492515186833587,46.04385992795737,30.73975562897811,-34.3122727681947,13.160865611270806,3,7.815522094985627,4167.744777336797,34.16746737275734
2,140.0,bad,135,2.5201110757926757,53.69436497846148,32.583555432488325,-42.75216609310602,21.986690019754228,4,7.02119789822212,2994.3290240517435,52.702414926052846
2,140.0,bad,136,15.73677774245946,31.091334675429295,7.930053555773933,-33.93274990650885,10.167000664462831,3,8.084969940198345,4600.9059262295605,27.32537482851122
2,140.0,bad,137,13.074151479833139,44.21911245320613,18.40811650663472,-42.277707952833424,5.924548724260954,2,8.466790614816514,5322.762241208595,15.923134061166323
2,140.0,bad,138,11.531727237409072,59.14638518048168,29.184747981980202,-52.721211084573994,3.8517637022653455,1,8.653341266796119,5675.448135783583,10.352206160774902
2,140.0,bad,139,5.623141378823096,65.2862841703816,37.65763834107593,-53.62668080643049,10.96003945231533,2,8.01359644929162,4465.9697937515575,29.456788295155512
2,140.0,bad,140,8.614555520237179,30.024668008761687,12.70035219476623,-28.537559635969277,5.235432683101124,1,8.5288110585209,5440.015841974409,14.071028927461438
2,140.0,bad,141,17.74485855054015,42.27668821078377,13.581581073899237,-43.79199728927196,5.27644682809476,1,8.525119785471471,5433.037255066546,14.181260737432666
2,140.0,bad,142,7.832232287914123,37.60446598856343,18.17184678495381,-33.84115407785367,15.342915947179142,2,7.619137564753878,3877.635647570443,38.749950171286216
2,140.0,bad,143,14.73475754043914,37.37416295825758,12.736169737414734,-38.10158942912595,4.55219069785213,1,8.590302837193308,5556.269967810735,12.234711220631523
2,140.0,bad,144,8.756474712156548,48.7059811400767,24.5997523999082,-42.939499648521235,17.3300485276842,4,7.440295632508422,3613.4413280472327,42.92308986412937
2,140.0,bad,145,18.585262590944307,24.227193261289763,1.3358025141383791,-30.505483286410325,10.893175369035754,3,8.019614216786781,4477.346766653303,29.277080808308863
2,140.0,bad,146,9.697383803065579,23.11658720068182,7.430428855706353,-23.941691323943083,10.742248176774481,3,8.033197664090297,4503.027139317862,28.87144081314592
2,140.0,bad,147,-8.665242459560625,7.022142756236435,11.151707191583908,0.19063705073217996,44.65024188598532,10,4.981478230261321,998.8707327726271,84.22211684764645
2,140.0,bad,148,-12.996050540368705,11.345375079468758,17.248218827271792,-0.337361272518514,41.901650133475684,8,5.228851487987188,1203.3130056623756,80.9928037971956
2,140.0,bad,149,-6.240494984813267,4.8155770996736,7.875889798588485,0.3223667769329923,42.442019632937054,9,5.180218233035665,1162.2122443174626,81.64201994568839
2,140.0,bad,150,-10.842010136328302,9.27719326128694,14.268726498196632,-0.13763256582198746,38.26218883603028,8,5.556403004757274,1480.1321643296503,76.62024567081863
2,140.0,bad,151,-4.9576667019849845,12.592344776440337,11.891996227088452,-6.45956901283893,4.634018968883065,2,8.582938292800524,5542.346827367407,12.454637258927647
2,140.0,bad,152,2.4342524899340896,13.433758917852597,6.77030819084916,-11.855563708599234,8.754098598245736,4,8.212131126157884,4841.312250996837,23.527983657847827
2,140.0,bad,153,10.99889895458079,14.35648619058081,0.8025260173575024,-18.067662437207538,4.688907962146318,1,8.577998283406831,5533.007424831233,12.60215985328731
2,140.0,bad,154,3.3413231970049733,3.8958801299738086,-0.055378591359048546,-5.13217847561709,15.81305750102576,3,7.576824824907681,3815.129134861298,39.73728559060367
2,140.0,bad,155,9.434757540439316,74.01860740270484,40.35080013868263,-62.76608813563833,7.190311117982056,2,8.352871999381616,5107.391839834746,19.325064777386014
2,140.0,bad,156,-52.10261619693454,49.16406194815845,71.51496947176028,-4.170940332901246,35.88280973424445,4,5.770547123918,1661.1088713959339,73.7615881451711
2,140.0,bad,157,-49.61271720703555,46.78375891785636,68.0775668914431,-3.9479986436771632,28.807199492289108,3,6.40735204569398,2306.3657256368456,63.5692910686426
2,140.0,bad,158,-47.192010136328534,44.318102352198856,64.63830420136226,-3.6151966446464776,16.218536227856408,2,7.540331739492924,3761.219709105252,40.58882382521425
2,140.0,bad,159,-47.427868722186886,40.05497103906472,62.07869437387162,-0.19784161530562017,26.843318983256744,12,6.584101291506894,2502.2023275342212,60.47591079398585
2,140.0,bad,160,-54.44352528784363,51.42769831179575,74.76324728007984,-4.400279031468706,38.644921925264065,5,5.521957026726234,1451.0213033815787,77.08007270091707
2,140.0,bad,161,-43.7824141767324,49.92820336229892,65.63250558161499,-10.104429385635477,11.958113243709475,2,7.923769808066147,4327.653756949036,31.641589786644996
2,140.0,bad,162,-42.72534346966175,56.99689023098391,69.36640677642431,-16.198829634607304,9.863854736759814,3,8.112253073691617,4652.486428579858,26.510623617647646
2,140.0,bad,163,-56.71827276259093,53.05749629158997,77.55341889031281,-4.186597225363293,45.300120857973376,6,4.922989122782397,964.020216830572,84.77260586518595
2,140.0,bad,164,-35.446555590873814,53.09284982694351,61.28106296980424,-17.886875839401636,8.109197340554374,2,8.270172239350106,4951.042673866467,21.794712541284365
2,140.0,bad,165,-35.64403033834874,59.25093063502808,65.39067544564897,-22.477305101809588,8.225753284444737,2,8.259682204399974,4931.210594368215,22.10797453077429
2,140.0,bad,166,-45.78645458077275,22.741839725933403,49.69263189902755,12.009705747642517,44.05400318661864,12,5.035139713204322,1039.6040079202694,83.57870540850234
2,140.0,bad,167,-49.388474782793004,55.33880942290404,73.40486769332779,-10.645687795540322,16.827043387788013,2,7.485566095099079,3680.3171379228747,41.86673824693059
2,140.0,bad,168,-21.263727308045475,19.148910433006932,28.597642509659664,-1.0008559796230365,47.475998394727554,8,4.72716014447452,847.3362525062024,86.61571318073725
2,140.0,bad,169,-25.43342427774262,17.609516493613935,30.80231235211783,2.858617741688839,44.84215770078368,16,4.964205806929469,988.5790239292061,84.38468180649633
2,140.0,bad,170,-22.332414176732517,40.82820336229986,43.35148502856609,-16.921219181029695,5.129312022825695,3,8.538361917945688,5458.0723502977335,13.785813364408439
2,140.0,bad,171,-24.361202055520454,22.2675973016938,32.975099105348264,-1.3988903362148761,49.72761841559733,8,4.524514342596241,726.590509352329,88.52297922039561
2,140.0,bad,172,-17.05312124743965,60.79487002896371,52.141637956556735,-35.61003731149167,6.381644738359054,2,8.425651973547685,5244.987018535654,17.15164975916432
2,140.0,bad,173,-22.671303065621288,20.62820336229704,30.626779263064186,-1.2292878511860401,48.38860469419421,8,4.645025577522522,798.3966779711347,87.38874903333137
2,140.0,bad,174,-29.29453538885373,45.87971851381595,51.931830644970674,-16.31573903989257,15.899788124466344,3,7.569019068798029,3803.598078369898,39.91942693880345
2,140.0,bad,175,-19.228878823197164,17.32517305926674,25.866582348090077,-0.9117674924108847,41.92720043435199,7,5.2265519609083215,1201.3696376157814,81.02350069615878
2,140.0,bad,176,-26.798070742389143,55.37012255421811,56.11974190319307,-25.190506860764472,8.245701244676773,3,8.25788688797909,4927.816434276972,22.161587735729615
2,140.0,bad,177,-29.188979833298056,61.57618316027778,61.94046338882538,-28.40777836217291,3.7531586236424266,1,8.662215723872182,5692.225862366284,10.087189876986912
2,140.0,bad,178,-21.97635357067191,63.68779932189676,57.77259182514915,-34.66155698369718,7.9941761561462235,3,8.28052414594684,4970.613612911081,21.485575453474592
2,140.0,bad,179,-23.881404075722475,15.87618316027966,28.499230710627963,3.1888087539207053,34.69800414449051,14,5.877179626995854,1751.2257485200792,72.33812711996612
2,140.0,bad,180,-36.49453538885361,11.047900331996832,35.05788948529957,14.995052511763555,37.935723281162936,18,5.585784904695336,1504.9632898304653,76.22802014669521
2,140.0,bad,181,-38.25615155046972,12.4559811400767,37.312462653685316,15.048745074981882,48.888805449744574,17,4.600007509522989,771.5728305211874,87.81245103687996
2,140.0,bad,182,-32.33089902521743,11.640829624923304,32.24948658868129,11.864508455969105,28.842782099720303,14,6.404149611025172,2302.817456333329,63.62533853967878
2,140.0,bad,183,-41.73190912622735,15.377193261290703,41.85276638700564,15.045140666325223,55.8200684147625,15,3.9761938426713748,405.05094455131956,93.60192839353527
2,140.0,bad,184,-46.94706064137904,36.5605265946231,59.464188423737035,2.1700006561664154,24.766245591649792,11,6.771037896751519,2709.3264336256757,57.204236255203924
2,140.0,bad,185,-21.430899025217368,14.45901144310512,25.711094513255546,2.699270988868669,37.8434730280507,15,5.594087427475437,1511.9798879933028,76.11718792155536
2,140.0,bad,186,-22.03140407572224,9.979718513815016,23.29187407515548,6.516605652472205,35.176440607364604,14,5.834120345337186,1714.8356434181192,72.9129350579331
2,140.0,bad,187,-19.75867680299497,12.793354877449497,23.35943456986554,2.9003542200467525,13.852066989445555,14,7.7533139709499,4075.847799977608,35.61904636416804
2,140.0,bad,188,-17.547565691883914,15.683758917852597,23.523541094239313,-0.7350985593351069,28.10235677304307,7,6.470787890426124,2376.6520808271935,62.45906743007437
2,140.0,bad,189,-24.31574751006591,7.12466800876545,23.206591579534617,10.172048882554364,14.176387725404362,14,7.7241251047136075,4032.7285350707207,36.30014623124275
2,140.0,bad,190,-17.622818217136558,5.969617503714004,17.337058133288604,6.754736881467713,49.07078146075198,14,4.583629668532321,761.8141552200234,87.96659634675017
2,140.0,bad,191,-23.73190912622735,11.576183160277779,25.620724213639548,6.386706358087569,47.5248604057648,14,4.722762563481168,844.7159703182665,86.65710242644342
2,140.0,bad,192,-29.446555590873814,12.917597301694743,30.86064177183261,9.032427450347623,10.542522435835341,10,8.051172980774819,4537.01062089713,28.3346472282748
2,140.0,bad,193,-26.66675761107601,13.929718513813134,29.381771951065765,6.470277921195784,43.807032865479044,16,5.057367042106886,1058.38868810402,83.28198784608976
2,140.0,bad,194,-28.800595994914396,8.491334675430236,27.52066123948709,12.007926514341923,12.192082307789445,14,7.9027125922989505,4296.546976112913,32.13294380991872
2,140.0,bad,195,31.952434308116086,28.039819523913202,-6.453336178038384,-42.01837680493285,6.521823751462318,3,8.41303586236839,5221.135456452593,17.5284023730917
2,140.0,bad,196,28.371626227308003,37.71608215017771,2.5095036783759426,-47.12912495293375,7.415162392568124,3,8.332635384668869,5069.133230243207,19.929387090475757
2,140.0,bad,197,27.43425248993409,21.45749629159091,-7.223243919907485,-34.07179337896102,8.227758956628398,4,8.259501693903445,4930.869327772399,22.11336508262042
2,140.0,bad,198,24.282232287914006,31.671132655226334,1.7565425448374903,-39.869813228021684,5.897459822821762,2,8.469228615946042,5327.3714376934,15.85032848064677
2,140.0,bad,199,51.84788885357057,18.649920534017976,-27.729849302822807,-47.613848533174995,10.287941690554952,3,8.074085247850054,4580.327721772519,27.650422399488907
2,140.0,bad,200,39.26960602528774,25.099415483512924,-13.948670195966617,-44.469283947006346,2.455885566788392,1,8.778970298989044,5912.95782622624,6.600569416995228
2,140.0,bad,201,64.53526259094419,41.1357791198728,-22.995310159960347,-72.99430218947441,13.713220923298309,1,7.765810116903152,4094.3077368354307,35.327458356644705
2,140.0,bad,202,46.43627269195441,28.81456699866256,-17.050602009606266,-51.92189965661864,6.330330441619868,2,8.430270260254211,5253.71818383157,17.013734710396733
2,140.0,bad,203,59.103444409126006,35.69487002896465,-22.33164497481251,-65.3348185895259,0.5726965857404117,0,8.948457307283363,6233.383815118817,1.5392099779303225
2,140.0,bad,204,45.574656530338366,22.102445786541345,-20.705034086764506,-46.226280307539696,6.347659015767007,2,8.428710688580969,5250.769714207398,17.060307913196795
2,140.0,bad,205,62.66102016670188,20.823657907752526,-34.615937007413734,-56.22957479911874,1.9593144073333058,0,8.823661703340003,5997.449773888012,5.265958206772037
2,140.0,bad,206,51.8135454192272,25.933758917852597,-23.02157964169832,-53.17151691761822,5.331414024188538,2,8.520172737823032,5423.6845462612955,14.328993513902777
2,140.0,bad,207,40.81607067175245,31.991334675430235,-10.703290581345545,-50.742848659965425,4.659837311029377,2,8.580614642007356,5537.953817479896,12.524028016328149
2,140.0,bad,208,63.933747439429155,33.20497103906566,-27.632347989835104,-66.53230424329642,0.0,0,9.0,6330.82856,0.0
2,140.0,bad,209,57.33425248993415,23.261031645129087,-28.968682590279002,-54.67273114413513,0.0417856096857922,0,8.996239295128278,6323.718707807896,0.1123052397442259
2,140.0,bad,210,37.714050469732186,17.95648619057987,-17.348431953034833,-37.997590817273036,2.5714499600118628,1,8.768569503598933,5893.2944598025515,6.911166461873808
2,140.0,bad,211,67.88677774245951,18.13779932189488,-40.34553617976927,-57.53113997534166,27.482890893225846,1,6.526539819609674,2438.4247255155133,61.48332398507546
2,140.0,bad,212,30.296373702055362,13.542344776438455,-14.50351729271758,-29.848171596906298,6.686121327614579,3,8.398249080514688,5193.180103144428,17.969977327194776
2,140.0,bad,213,34.167080772762546,-3.471796637702018,-28.405130225638267,-19.302625657940176,3.36578892941932,1,8.69707899635226,5758.137100477596,9.046074366013224
2,140.0,bad,214,26.434757540439318,5.719112453206132,-16.57402449572615,-21.373028926413316,9.305182286222697,4,8.162533594239957,4747.544956551263,25.009105655654295
2,140.0,bad,215,57.16657572225732,7.390829624923303,-39.04140395597058,-42.40767052668596,10.776401979105833,2,8.030123821880474,4497.215844754967,28.9632343992116
2,140.0,bad,216,42.239808045489646,1.079213463310905,-31.66386518923649,-27.977950723687055,13.993997858326395,3,7.740540192750624,4056.9777307677396,35.91711270779161
2,140.0,bad,217,57.79384844953011,15.138304372398052,-34.54194196898187,-48.74578364217883,7.362715984848406,1,8.337355561363642,5078.057025054336,19.78842931967919
2,140.0,bad,218,44.78627269195435,15.110526594620273,-24.595416052822006,-40.36339610084127,5.583955179232316,1,8.497444033869092,5380.714483163357,15.007736630869106
2,140.0,bad,219,64.16253531821698,13.59487002896559,-40.412739627027314,-51.65715734923869,3.440130007601909,1,8.690388299315828,5745.487911399005,9.245877424312932
2,140.0,bad,220,46.76910097478281,-10.460685526589966,-42.55120895672209,-22.04924860390968,5.298837238450283,1,8.523104648539475,5429.227510292081,14.241438401988871
2,140.0,bad,221,43.66102016670188,8.223657907753468,-28.160216470202943,-34.36445023177608,16.760009089094133,4,7.491599181981528,3689.229518053869,41.72596077923379
2,140.0,bad,222,54.21001006569184,-7.196544112449493,-46.15312636029224,-29.332650164206775,5.853402931348779,1,8.47319373617861,5334.867750150531,15.731918822478253
2,140.0,bad,223,49.76809087377265,3.8580013420950205,-35.64469399764114,-34.94571266107225,14.70423808590519,2,7.6766185722685325,3962.54949006349,37.408674828125655
2,140.0,bad,224,51.08728279296463,11.511536695632255,-31.73565594119399,-41.6566211093193,15.5295013435947,3,7.602344879076477,3852.8286456005744,39.141794646851494
2,140.0,bad,225,62.57162622730789,1.462041746138247,-46.99286424908477,-41.34025501208799,0.0,0,9.0,6330.82856,0.0
2,140.0,bad,226,36.64485855054021,10.139314473409092,-21.554164547299525,-31.322026544393946,4.2851651659230265,2,8.614335135066929,5601.704558278835,11.51703911756481
2,140.0,bad,227,63.9792019848837,7.577193261288821,-44.140386211150044,-46.92950510576456,9.078463063316871,1,8.182938324301482,4786.121398921976,24.399762944742008
2,140.0,bad,228,55.57364642932821,-0.020281486184985348,-42.584919719071436,-35.70651483008256,18.81193897917704,1,7.3069254918740665,3416.420231779671,46.03518008107819
2,140.0,bad,229,35.20192925761086,3.0110316451290866,-25.03078846099711,-24.933948023660875,5.11496551327579,3,8.539653103805179,5460.513419439465,13.747254917933438
2,140.0,bad,230,40.95192925761086,-5.258160274066595,-34.750878116710275,-22.295408260574266,20.029959786432578,3,7.197303619221067,3254.4812743618413,48.59312262972034
2,140.0,bad,231,39.653444409126124,-13.409675425581748,-38.99587395362039,-15.21633540378424,17.856340467279352,2,7.392929357944858,3543.469479054372,44.028345650630406
2,140.0,bad,232,48.293343399025176,-3.118766334669834,-38.999551707893076,-28.653249147170246,14.206784228698949,2,7.721389419417095,4028.6872428174597,36.36398135511255
2,140.0,bad,233,-43.4728182171365,16.85648619058081,44.13725128811649,15.0309713313244,57.0361860606725,14,3.866743254539475,363.6283800394853,94.25622765498667
2,140.0,bad,234,-42.47382831814666,-4.936948152851652,29.36343105878784,31.083572277316453,26.978460036583556,9,6.57193859670748,2488.726169214693,60.68877642747772
2,140.0,bad,235,-35.867262661580824,2.3327488168424955,28.97537928777008,21.26804276390224,47.400057748607466,11,4.733994802625327,851.4086580037394,86.55138660074947
2,140.0,bad,236,-43.54908084339901,4.374162958257577,36.172189135342734,24.64200635190423,54.370492283044825,15,4.106655694525966,477.61099669099906,92.45579007290321
2,140.0,bad,237,-49.43847478279312,0.9054760895716497,38.45409769488046,31.084804105386386,52.92123473993865,11,4.237088873405521,555.3291185062933,91.22817632410673
2,140.0,bad,238,-47.04908084339901,7.292344776438455,40.72911580179836,24.65630601997882,57.20659562332341,13,3.851406393900893,357.8240064855939,94.3479119187269
2,140.0,bad,239,-33.52988892420715,8.522647806744308,31.163637500682853,15.023870161629667,32.42942975700171,18,6.081351321869846,1945.159805486104,69.27479891374433
2,140.0,bad,240,-31.998070742389025,-1.0137158296202695,23.86034030771204,21.344514785263385,29.2575507681608,11,6.366820430865528,2261.457054706396,64.27865589355976
2,140.0,bad,241,-44.659686904005184,13.684769018863639,43.00770495099433,18.223552132107507,56.87051736879339,9,3.8816534368085955,369.2712733072818,94.16709408875097
2,140.0,bad,242,-40.10261619693454,1.4499205340151533,31.652377246489856,24.666761239357847,41.76401689349498,13,5.241238479585451,1213.7814554087302,80.82744708839927
2,140.0,bad,243,-41.28695963127797,-1.7207865366909765,30.521545734117687,27.85694505683989,46.104199623704744,15,4.850622033866573,920.9005575529909,85.45371196163
2,140.0,bad,244,-46.493525287843454,2.652445786543228,37.32106597471941,27.853570630217785,57.45337728312767,16,3.8291960445185094,349.4182989802723,94.48068612712089
2,140.0,bad,245,-42.91271720703537,12.226688210781889,40.73221224497667,18.217576357046916,55.61610561114101,10,3.994550494997309,411.99818556820645,93.49219171450433
2,140.0,bad,246,-40.64605054036876,6.120122554218114,35.07062009879716,21.438491796176002,51.35077952468507,14,4.378429842778344,639.5466064918642,89.89790040228377
2,140.0,bad,247,-38.88493942925759,4.664566998661618,32.78591764209324,21.421491639657457,43.54374318404721,12,5.081063113435751,1078.4146265996135,82.96566371401451
2,140.0,bad,248,-34.752616196934596,5.42567810977367,30.109607184618334,18.182240529436907,34.57987440879883,12,5.887811303208106,1760.2107524465428,72.19620250707686
2,140.0,bad,249,-47.607161651479814,-0.30664512254956244,36.272093950437345,30.83619743405403,53.245004144904854,12,4.2079496269585634,537.9666074916553,91.50242969947594
2,140.0,bad,250,-38.77534346966187,-3.7940188599233,27.264888080888475,27.830697408371364,36.69963825184357,15,5.6970325573340785,1598.98050553697,74.74295046244357
2,140.0,bad,251,-33.63241417673234,0.7059811400767002,26.217719918275424,21.077686187346906,40.9721316610433,12,5.312508150506103,1274.012623126376,79.87605238315953
2,140.0,bad,252,-44.21322225754042,-3.4622006781041774,31.64383352463945,31.071911041888576,45.02810470857227,9,4.947470576228495,978.6073993057938,84.542190804393
2,140.0,bad,253,-37.00665660097494,-0.8526047185072769,27.80069989857234,24.440553445820804,44.58401416339742,11,4.987438725294233,1002.422271445736,84.16601773456118
2,140.0,bad,254,-35.05463639895474,-2.7111905770931357,25.11068970852117,24.609578415133612,39.153543951067995,11,5.47618104440388,1412.3352699948473,77.69114648091421
2,140.0,bad,255,-31.671303065621288,2.9943649784586572,26.186366426788762,18.064104540790346,21.530093642677233,12,7.062291572159048,3055.034671134414,51.743525477265266
2,140.0,bad,256,-45.86827276259098,10.45648619057987,41.85843522941153,21.473424268672026,57.78742321145025,15,3.7991319109694777,338.040255858874,94.66041051885831
2,140.0,bad,257,-44.75867680299497,1.1938599279536066,35.05453401568244,27.855773111258213,56.21057617425402,16,3.941048144317138,391.74973729204555,93.81203054893584
2,140.0,bad,258,-37.68392932824755,7.8327488168424955,33.902358546045576,18.222529151011784,38.83849412584657,12,5.504535528673809,1436.2981096649064,77.31263615729776
2,140.0,bad,259,-39.425343469661634,9.319112453209895,36.19177530119023,18.203267980352315,49.10267552440122,12,4.580759202803891,760.1037989512797,87.99361265674078
2,140.0,bad,260,-43.01776771208611,-0.2798774457828264,32.77362015684663,27.865686643798895,53.82997366661393,15,4.155302370004747,506.5969363364645,91.99793626481548
2,140.0,bad,261,-35.83594953026793,-7.027352193257574,22.9348350828244,28.418168436893318,31.67729122147609,11,6.149043790067152,2020.1624618473002,68.09007789894565
2,140.0,bad,262,-33.36120205552046,-4.369271385177707,22.747649940650696,24.791223390631806,16.9555421729751,11,7.474001204432241,3663.232898328034,42.13659612466218
2,140.0,bad,263,-41.844030338348624,2.891839725934345,33.9132256634238,24.681546488395437,50.672395546500745,14,4.439484400814933,675.9257365539186,89.32326582298228
2,140.0,bad,264,-45.316252560570845,5.8246680087635685,38.45828788357224,24.666771102234645,56.07694850868775,14,3.9530746342181025,396.30127111453425,93.74013579172748
2,140.0,bad,265,-48.25160609592444,4.133758917855419,39.62000373517741,27.848891497719062,57.91158709598291,15,3.7879571613615384,333.8110708500129,94.72721354422504
2,140.0,bad,266,-42.368777813096216,7.569112453209895,37.3216985067124,21.43584888169611,54.96640207374156,15,4.05302381336326,445.65464088343646,92.96056374517529
2,140.0,bad,267,-41.94049498481315,-8.019271385173944,26.973594839671847,33.10194880283387,9.747491858492198,6,8.122725732735702,4672.285657820535,26.197880521652685
2,140.0,bad,268,-45.89251518683335,-1.920786536689095,33.92104845299052,30.97054799229625,51.04084842803693,10,4.406323641476676,656.1670221234582,89.63536895834913
2,140.0,bad,269,-41.189989934308215,10.738809422904984,38.45613654113182,18.25000988875652,53.469495861472915,11,4.187745372467438,525.9279780170298,91.69258852877498
2,140.0,bad,270,-37.36322225754048,-5.577352193254752,25.036835902725997,28.2891159800716,47.71583512138211,13,4.70557483907561,834.4747290133043,86.81887021414929
2,140.0,bad,271,-39.16019195451012,-8.160180476084916,24.75318453539159,31.42274708985844,17.152041389603877,6,7.456316274935651,3637.107828801526,42.54926042727137
2,140.0,bad,272,-44.11978791410608,9.043859927957369,39.6109994686204,21.43165437102718,56.53300503284081,15,3.912029547044327,380.76738682603093,93.9855046899891
2,140.0,bad,273,-10.02130306562123,-22.585938051841552,-6.841197606641166,23.743401780737756,8.768937507722399,8,8.210795624304984,4838.787399645752,23.567865504704933
2,140.0,bad,274,-11.72079801511618,-13.892503708408148,0.04872293711063769,18.17625900659112,37.80942735607083,9,5.597151537953626,1514.5694180098317,76.07628442856094
2,140.0,bad,275,-8.618272762590987,-17.202099668003168,-4.455316568118902,18.717291809345113,46.724825948902826,5,4.794765664598746,887.6187488275771,85.97942211804931
2,140.0,bad,276,-18.526353570671734,-15.822806738712119,4.021306081961685,24.029483704635705,39.15696835444473,11,5.475872848099974,1412.0748082439968,77.69526066199465
2,140.0,bad,277,-14.81473740905575,-5.779372395274954,7.633838301026843,13.949985755416296,42.215083342237186,9,5.200642499198654,1179.4731266097695,81.3693718692365
2,140.0,bad,278,-13.832414176732518,-19.628362294267674,-2.020624066187601,23.927502307905918,47.48028480251244,11,4.72677436777388,847.1063889019308,86.61934404203909
2,140.0,bad,279,-9.401101045419269,-20.398059263961823,-5.909958541482948,21.668731218976223,30.334910542882447,8,6.26985805114058,2154.0235951185905,65.9756448195686
2,140.0,bad,280,-15.66574751006585,-12.259675425580806,4.120291365049014,19.46120463015655,23.640198760219754,9,6.872382111580222,2821.61492777302,55.430558559099254
2,140.0,bad,281,-12.275848520166802,-21.17432189022539,-4.206746211107241,24.111234947971752,32.394307206274284,10,6.084512351435315,1948.662198301142,69.21947609490879
2,140.0,bad,282,-10.666252560570785,-0.5046249205303012,7.846456856472887,7.242700103953819,39.66077258787224,14,5.430530467091499,1373.755218438686,78.30054620151195
2,140.0,bad,283,-7.825343469661694,-11.355129971032529,-1.3043759713282617,13.728568039043243,54.424789180373054,7,4.101768973766425,474.6992624027623,92.50178301459545
2,140.0,bad,284,-16.82332326764167,-23.919271385174884,-2.4875979751491,29.137048678259326,39.06883541527414,10,5.483804812625327,1418.778241548591,77.58937510150186
2,140.0,bad,285,-13.74201013632836,-23.329372395276835,-4.468841015228126,26.7045299326738,30.9659780151942,8,6.213061978632521,2091.0940488569427,66.96966235874594
2,140.0,bad,286,-8.058171752490153,-2.6990693649747457,4.437989347203115,7.24730004785831,24.028293712619515,13,6.8374535658642435,2782.9144078880595,56.041861163776964
2,140.0,bad,287,-7.069787914106255,-18.707655223561545,-6.609277238362222,18.875267402094188,29.085806054117047,4,6.382277455129466,2278.5833009507446,64.00813449052323
2,140.0,bad,288,-16.92332326764161,-19.887453203357644,0.18060924094378628,26.112775525380787,36.89279770578674,11,5.679648206479193,1584.2887055261522,74.97501803261353
2,140.0,bad,289,-7.317767712085936,-15.039978455883837,-4.061776509515715,16.225062336652016,51.964507470292695,11,4.323194327673657,606.6347313975631,90.4177671903729
2,140.0,bad,290,-9.06170710602527,-9.631897647803969,0.7504059079650975,13.203214720152499,34.42188759638729,8,5.902030116325144,1772.227304600287,72.00639240497317
2,140.0,bad,291,-11.65463639895468,-24.651089566994948,-6.917445488946065,26.37528605227451,12.469759537148475,7,7.877721641656637,4259.629083780357,32.716088527591445
2,140.0,bad,292,-14.118272762590987,-26.17432189022539,-6.009305406763195,29.12574463838302,31.090772986357408,11,6.201830431227833,2078.649593619427,67.16623149846555
2,140.0,bad,293,-4.26322225754054,-18.03442290032546,-8.326485868006316,16.555515892138896,35.48811744521134,10,5.806069429930979,1691.129354773321,73.28739297319842
2,140.0,bad,294,-4.709181853500077,-10.767756233659734,-3.313937700611013,11.275583574845317,54.27820877547076,10,4.114961210207632,482.5598071472913,92.37762004492993
2,140.0,bad,295,-12.127868722187063,-7.70260471851104,4.339347566135888,13.69618128868417,42.32909079104686,9,5.1903818288057835,1170.8016657857602,81.50634384283879
2,140.0,bad,296,-8.845040439358781,-13.567756233661614,-1.945491520511558,16.07898666998556,54.516502208549426,12,4.093514801230552,469.7810445678678,92.57946981006437
2,140.0,bad,297,-7.4910000353182005,-7.581897647802088,0.8648890845408745,10.623192568259608,32.46163815525543,10,6.078452566027012,1941.9480096372458,69.3255315440536
2,140.0,bad,298,-13.68695963127803,-15.669776435682756,0.4124812293193294,20.801553228736843,31.446899632987567,10,6.169779033031119,2043.1369277518281,67.72717965131837
2,140.0,bad,299,-6.242515186833587,-9.256645122547681,-1.1680127220792906,11.103612973428724,53.867699612312,10,4.15190703489192,504.5738386080401,92.02989255156768
2,140.0,bad,300,-15.572313166631508,-21.649574415480735,-1.9869942214511607,26.594226134539106,46.886148283477404,10,4.7802466544870335,878.9676509536112,86.11607244417922
2,140.0,bad,301,-5.104636398954564,-5.968766334668893,0.07372930252270837,7.853537312151644,28.830130118962504,11,6.405288289293375,2304.0791017885817,63.605409940392036
2,140.0,bad,302,-5.780393974712375,-16.58038249628788,-6.229625749110586,16.416875502120337,51.298727647556575,11,4.383114511719908,642.3379489600335,89.85380913616095
2,140.0,bad,303,-10.955646499964665,-18.868261284166664,-3.735772447716755,21.49608053433581,47.743691076274544,9,4.7030678031352915,832.9809210245797,86.84246598798153
2,140.0,bad,304,-12.448070742388907,-17.450079465985787,-1.680919449022218,21.369002044612106,53.89796056525523,10,4.149183549127029,502.9510598008665,92.05552551243204
2,140.0,bad,305,-10.158171752490095,-15.74502896093246,-2.3390985069999086,18.59093888183812,52.34950917998691,6,4.288544173801178,585.9885668042218,90.74388824068517
2,140.0,bad,306,-15.320798015116415,-17.81725118315374,0.28370388442413663,23.496825395136916,36.12691346374387,9,5.748577788263051,1642.5422255368321,74.05486169827931
2,140.0,bad,307,-10.657666701984867,-11.74300875891508,0.6159858229985513,15.84628270946906,48.90020599478649,12,4.598981460469217,770.9614630299207,87.82210802704282
2,140.0,bad,308,-4.787464681782906,-20.18391784982323,-9.306561592689192,18.539101088488998,6.852291874522587,5,8.383293731292968,5164.906062485913,18.416586177688043
2,140.0,bad,309,-18.843525287843686,-11.037958253861753,7.33991503370499,20.567951161590955,27.8936654423081,10,6.489570110192271,2397.462614293262,62.1303500549498
2,140.0,bad,310,-7.223323267641432,-21.770281486184984,-8.460280548679233,21.32006585482837,16.751124542110354,8,7.492398791210069,3690.410741122566,41.70730250950649
2,140.0,bad,311,-6.020798015116298,-12.900079465983906,-3.6798123820845943,13.752128555252268,51.18602051297325,7,4.393258153832408,648.3820001755448,89.75833899100965
2,140.0,bad,312,-4.488474782792948,-14.39654411244761,-5.815549012348824,13.913528594227518,47.54081229635209,8,4.721326893328312,843.8605316270938,86.6706146971212
2,140.0,bad,313,-35.0556464999649,-16.330887546791047,16.356891030979867,35.04352087614894,37.50775583225191,2,5.624301975097328,1537.5146977071436,75.71384719811235
2,140.0,bad,314,-30.256656600974942,5.753960938056498,26.876518454139052,15.040814171125296,16.116433023297176,15,7.549521027903254,3774.794589268914,40.37439880904129
2,140.0,bad,315,-30.970292964611247,-10.616746132652453,16.90030795805074,28.040219964937627,44.354575792054824,13,5.008088178715067,1016.7423124782338,83.93982236539614
2,140.0,bad,316,-32.64150508582349,-18.050079465984847,13.402476151442452,34.80871810346116,31.29661879954999,1,6.183304308040501,2058.1228128987923,67.49046679446344
2,140.0,bad,317,-37.93392932824755,-10.073311789215289,22.584075760955123,32.10006427885562,13.021395008948586,4,7.828074449194627,4186.287747864031,33.87456778857978
2,140.0,bad,318,-40.90817175249009,-10.769776435681816,24.414798797201442,34.54539332961728,23.629062502391758,3,6.873384374784742,2822.7254265436204,55.41301743063438
2,140.0,bad,319,-29.99958589390412,-19.9515946175,10.156378256278074,34.56717029642704,2.4627914816298406,0,8.778348766653314,5911.782779741502,6.619130123127171
2,140.0,bad,320,-40.20615155046989,-12.934927950834272,22.485287555452565,35.75274572870224,15.408423298193199,3,7.613241903162613,3868.9262790085686,38.88752092492979
2,140.0,bad,321,-3.179888924207207,-12.261190577095016,-5.445405142837512,11.436610108266263,53.48028498793672,9,4.186774351085695,525.3493985583386,91.7017276083316
2,140.0,bad,322,-25.827868722186945,-14.567756233661614,10.421322104306235,27.761382710740612,26.186314065286382,12,6.643231734124226,2567.718335241113,59.44103823210918
2,140.0,bad,323,-22.088979833298115,-18.250079465982964,5.1902152989366,28.178894508855883,22.761937140722686,10,6.951425657334958,2909.1944777243234,54.04717644534789
2,140.0,bad,324,-15.522818217136617,4.042344776438455,14.489537773159288,6.881259464230212,45.65342297289165,14,4.891191932439751,945.0739798863985,85.07187533307017
2,140.0,bad,325,-2.9470606413790414,-15.872301688206129,-7.944939434522578,14.053222573031592,29.919586920303143,7,6.307237177172717,2195.4393363307245,65.32145333705381
2,140.0,bad,326,-26.58493942925777,-4.945028960935282,17.18664177480722,20.876581625980922,44.61783997533511,11,4.9843944022198405,1000.6083229276277,84.1946703587938
2,140.0,bad,327,-21.3652424595608,-9.030382496285995,10.562107282693354,20.650987461473218,41.038963228536865,10,5.306493309431683,1268.9293822909897,79.95634583586023
2,140.0,bad,328,-22.178878823197046,0.6388094229059238,17.400625659114212,13.766952095661114,46.641514437084844,12,4.8022637006623645,892.0864255734296,85.90885194380576
2,140.0,bad,329,-20.150090944409108,-24.065230981136363,-0.032967102612463606,31.387265258597296,32.80346242069788,6,6.04768838213719,1907.8615658427086,69.86395149132409
2,140.0,bad,330,-5.854636398954564,-27.708665324567882,-13.325875071682043,24.98935683459655,41.81797376403272,10,5.236382361237055,1209.6774701521597,80.89227249344184
2,140.0,bad,331,-26.27382831814648,-20.3864431023466,7.022767150810143,32.50541275544972,16.934946507781177,3,7.475854814299694,3665.9711442832454,42.09334355623041
2,140.0,bad,332,-28.41675761107601,-12.577857243762624,13.683608466726996,27.90113734779347,40.65507079961025,13,5.341043628035077,1298.1284231679435,79.49512594023011
2,140.0,bad,333,-17.236959631277855,-3.606645122551444,10.885970344494089,13.842554534085167,46.374527005984675,9,4.826292569461379,906.4039371793529,85.68269652875654
2,140.0,bad,334,-21.906656600975,-14.466746132651513,7.482427389943522,25.163497917695228,15.243222961492501,12,7.628109933465675,3890.89008301834,38.54058681035678
2,140.0,bad,335,-3.1066566009748837,-30.127352193256634,-16.985651676632255,25.07581110419015,41.19380183491418,9,5.292557834857723,1257.1522841867534,80.1423735886673
2,140.0,bad,336,-3.6238283181467184,-7.933412799315358,-2.3234859039950315,8.406698732420427,54.65662026597934,11,4.08090417606186,462.2670507248406,92.69815875846683
2,140.0,bad,337,-1.651606095924496,-13.72634209224465,-7.557918951209283,11.576620018657163,49.440821260861384,9,4.550326086522476,741.970340434854,88.28004370355507
2,140.0,bad,338,-6.73190912622735,-32.64199865790498,-15.824930714977572,29.33240946005992,36.715160003158395,11,5.695635599715744,1597.7999137436104,74.76159876072192
2,140.0,bad,339,-9.039484883803226,-30.116746132652455,-12.434024094248542,28.881234901000862,29.558712493429297,11,6.339715875591363,2231.42544706689,64.75302678127034
2,140.0,bad,340,-19.18392932824755,-25.767251183156564,-1.867127337122641,32.07005166060774,7.342235288563045,1,8.339198824029326,5081.541830576508,19.733384304810365
2,140.0,bad,341,-13.02231316663139,1.8347690188645789,11.155037429815955,6.965066941660472,41.67329388151603,14,5.249403550663557,1220.6818908840025,80.71844973663285
2,140.0,bad,342,-16.900595994914337,-26.599574415478855,-4.151269209901903,31.2399498721562,8.580171717198622,4,8.227784545452124,4870.906037608476,23.06052846882848
2,140.0,bad,343,-28.837464681783022,1.3595164936139352,22.964659930379195,17.49491493696176,14.01123172720174,12,7.738989144551844,4054.686444164653,35.95330523111412
2,140.0,bad,344,-23.99958589390412,-7.039978455883836,13.85953848727955,20.819572826016554,43.83897726894499,10,5.054492045794951,1055.958981570864,83.32036681197282
2,140.0,bad,345,-19.75413134844969,-1.4914936073961658,14.173828937361352,13.840261260797224,46.437382707778944,11,4.820635556299894,903.0332270443116,85.73593932475228
2,140.0,bad,346,-18.56372730804559,-21.981897647803027,0.09094870249887421,28.771644445521005,39.56474703961844,11,5.439172766434341,1381.058967347031,78.18517822338518
2,140.0,bad,347,-4.609686904005069,-3.7627057286092276,1.1126044160848338,5.845449440921806,52.38924313582156,12,4.284968117776059,583.8577871961045,90.77754544033799
2,140.0,bad,348,-4.0702929646111885,-35.34553401143939,-19.601646012900737,29.692583803982345,40.252727063798275,10,5.3772545642581555,1328.7308792294211,79.01173809026001
2,140.0,bad,349,-1.9349394292577118,-19.531897647800207,-11.072612204116961,16.206056747286784,31.274558772945717,10,6.185289710434885,2060.3226212008126,67.45571923683853
2,140.0,bad,350,-26.57281821713644,4.314566998662559,23.12930994115085,13.775528230638082,35.26351826316008,13,5.826283356315593,1708.2124754693514,73.01755276927999
2,140.0,bad,351,-2.3086768029950857,-5.791493607398047,-1.9541512965221919,5.9205303390423305,55.45290777808011,10,4.0092382999727905,419.5652064875453,93.37266516521267
2,140.0,bad,352,-0.10968690400506896,-32.550079465984844,-20.8387627317513,25.005312880838172,42.29569534115459,8,5.193387419296086,1173.341739600799,81.46622154619206
2,140.0,bad,353,-0.779888924207148,-7.26523098113448,-4.072570879545101,6.066792758486027,54.17588198593799,10,4.124170621265581,488.0472002829727,92.29094271535646
2,140.0,bad,354,-0.5627172070354308,-10.899574415480737,-6.575044995630501,8.71126606178059,52.1151042223577,8,4.309640619987807,598.558805363816,90.54533226273598
2,140.0,bad,355,-1.0606970050154052,-25.77583704174336,-15.755847633206985,20.42723962502334,41.07379746944775,8,5.303358227749703,1266.2798733462091,79.99819673925573
2,140.0,bad,356,-0.10211114642931139,-15.22482694073044,-9.708108440820666,11.72852985513031,38.01314622747346,9,5.578816839527389,1499.0744636807644,76.32103840005479
2,140.0,bad,357,0.5327373384189382,-5.136948152854474,-3.7100671019948335,3.592693626731389,54.42115969752657,12,4.102095627222609,474.89389764294594,92.49870861069493
2,140.0,bad,358,-2.0849394292577705,-9.429877445783767,-4.46425211898979,8.563878448709456,54.19364142072488,8,4.122572272134761,487.0948299311995,92.30598609147616
2,140.0,bad,359,-0.6238283181467182,-17.40260471850916,-10.708298472753645,13.73215775388635,8.025241888860554,6,8.27772823000255,4965.327755662636,21.569069378453744
2,140.0,bad,360,1.6473838030654617,-27.839978455881013,-19.157162413403018,20.267742895670946,27.88499293875843,9,6.49035063551174,2398.3274294473904,62.11668967628163
2,140.0,bad,361,0.7716262273080623,-8.760180476083976,-6.222035452238913,6.2146957962007,52.11707251185723,10,4.3094634739328495,598.4532535494959,90.5469995297188
2,140.0,bad,362,2.1978888535705123,-16.824826940729498,-12.498470835492038,11.475789461841027,27.06889982475285,9,6.5637990157722435,2479.7075854923464,60.831231457445334
2,140.0,bad,363,0.9994040050857226,-12.387453203357643,-8.728089319216894,8.846935179288298,47.29149231583023,7,4.7437656915752795,857.2306056414438,86.45942474168903
2,140.0,bad,364,2.3175858232675406,-10.29098855689488,-8.390293677163411,6.393639146628759,48.64888076861883,9,4.621600730824305,784.4390706749289,87.6092195004104
2,140.0,bad,365,2.4443535000351,-34.95007946598579,-24.337961454015925,25.20211401796862,41.36565670175688,8,5.27709089684188,1244.080921211781,80.34884518793885
2,140.0,bad,366,2.038797944479603,-6.62331178921717,-5.8191925892105765,3.763237133808354,54.22468272386456,11,4.119778554852189,485.43020393688187,92.33228005882248
2,140.0,bad,367,5.135767641449359,-9.55563502153852,-10.076470057414271,4.018833302569968,39.06450379015835,8,5.484194658885748,1419.1077070167516,77.58417095697263
2,140.0,bad,368,6.439808045489822,-13.172806738711179,-13.400496124439261,5.951526582069377,11.463183446284786,5,7.968313489834369,4393.455929549487,30.60219704402345
2,140.0,bad,369,6.377686833368668,-7.465736031640471,-9.684474176983988,1.6195875258809513,47.818909877712215,7,4.6962981110059,828.9472252879305,86.90618111939632
2,140.0,bad,370,7.910010065691725,-8.948564314466873,-11.811445521660755,1.7705415042676833,40.48881570065623,6,5.356006586940939,1310.7738651318136,79.29538207030814
2,140.0,bad,371,2.9256666313484665,-23.240988556892997,-17.18021014660058,15.923047875895483,40.10816739935688,9,5.390264934057881,1339.7261561172338,78.83805976705783
2,140.0,bad,372,2.5271817828635004,-13.909170375073874,-10.876575939630658,9.030601536770254,31.269110141560734,5,6.185780087259534,2060.8659543875924,67.44713689755022
2,140.0,bad,373,5.98879794447978,-25.73492795083145,-21.129778209301353,15.86457343517388,34.46020290383782,8,5.898581738654596,1769.313024077513,72.05242556627512
2,140.0,bad,374,4.411020166701884,-15.071291587197909,-13.066676981411522,8.709930061765334,9.632968460260665,5,8.13303283857654,4691.771898181422,25.89008131059827
2,140.0,bad,375,4.8377878434695605,-5.949574415477914,-7.53027321165564,1.4479683358253,49.83943274059536,7,4.514451053346416,720.5943360895227,88.61769309877627
2,140.0,bad,376,3.7963737020553605,-30.200079465985787,-22.32042787074708,20.694341079248957,21.441026262502064,8,7.070307636374815,3066.8764053639024,51.55647675027386
2,140.0,bad,377,3.812535318217036,-11.715230981137303,-10.450976814005944,6.523737128913284,28.88640531553652,8,6.400223521601713,2298.4673839587676,63.694051068115364
2,140.0,bad,378,6.659505015186792,-11.08290774881313,-12.225432591042825,4.209352584171119,11.88766526064433,6,7.93011012654201,4337.019995080437,31.493643304717178
2,140.0,bad,379,10.189808045489821,-17.614220880127203,-19.12804876572423,6.943393668366644,37.44751897845844,8,5.62972329193874,1542.0963414794169,75.64147683254565
2,140.0,bad,380,11.441828247509847,-31.08391784982417,-28.745306202507905,16.456997109563833,40.30608545586097,7,5.3724523089725125,1324.6724145305375,79.07584446528533
2,140.0,bad,381,12.241323197005032,-25.826342092248414,-25.978250311912362,11.915554968653401,26.65000763699645,8,6.601499312670319,2521.47918118479,60.17141899693475
2,140.0,bad,382,8.583242388923988,-28.369271385177708,-24.810561278205604,16.21492084141298,38.88130362822525,7,5.500682673459727,1433.0419985366602,77.36406877938485
2,140.0,bad,383,6.77516158084318,-20.786948152850712,-18.551667596087043,11.568736204103327,24.258497474018924,8,6.816735227338297,2759.9586719514236,56.40446355806192
2,140.0,bad,384,3.607484813166648,-8.090483506388887,-7.9639562490425,3.8788233921790685,48.923321083617196,10,4.596901102474452,769.721889499279,87.84168798437216
2,140.0,bad,385,-1.0899899343082757,-37.82179663770108,-23.476401522565798,29.673809167543357,36.25944678329092,9,5.736649789503818,1632.4616781662244,74.21409120947315
2,140.0,bad,386,1.5620302677121027,-40.51725118315657,-27.24057164565483,30.03396141727223,36.553364503210595,6,5.710197194711046,1610.1061564842985,74.56721278700526
2,140.0,bad,387,7.8716262273080035,-39.80512997103535,-31.616259877082744,25.432714814943125,34.576427151973334,7,5.8881215563224,1760.4729524415836,72.1920608691766
2,140.0,bad,388,5.118090873772592,-37.38694815285447,-27.952552109879356,25.350218478760727,39.33759488561059,8,5.459616460295047,1398.336268305293,77.9122708022709
2,140.0,bad,389,4.595868651550251,-42.764725930631315,-31.009275601675252,29.805513235702893,32.62495159849164,5,6.063754356135753,1925.6625230099062,69.58277254296858
2,140.0,bad,390,17.746373702055536,-30.8556350215404,-33.428130840828636,12.229638614610005,38.24515441325088,8,5.557936102807421,1481.4278106346376,76.59978000360451
2,140.0,bad,391,27.249404005085722,-27.59452391042835,-38.61167258122224,3.6230524362855405,33.409811208337594,2,5.993116991249616,1849.206316423707,70.79045343120606
2,140.0,bad,392,22.71556562124728,-23.161695627599126,-32.289183785212586,3.141604100376167,25.718174279074464,3,6.685364314883299,2614.4008622701513,58.703654071622005
2,140.0,bad,393,31.67819188387372,-23.56270572861111,-39.41271815373943,-2.3122694519764764,15.844536645000321,3,7.573991701949971,3810.94390278211,39.803394347767494
2,140.0,bad,394,15.772636328317928,-17.060685526589026,-23.048937681894365,2.9307881395093407,45.56338999074555,6,4.8992949008329,949.9021032983544,84.99561164394642
2,140.0,bad,395,20.560515116196715,-33.270281486184984,-37.135993062529415,12.270469888032169,29.91759369372966,8,6.307416567564331,2195.638099298821,65.31831373271588
2,140.0,bad,396,24.76354541922708,-16.459675425578926,-29.550051783347474,-3.3088572720822924,10.573533158042006,3,8.04838201577622,4531.734123726988,28.417993304070954
2,140.0,bad,397,14.093343399024999,-33.541493607398046,-32.35618389700636,16.635248275907145,36.85262036875135,6,5.6832641668123784,1587.3446129054769,74.92674777303594
2,140.0,bad,398,24.637787843469678,-25.698059263963703,-35.39203455610051,3.848990742233614,39.17154798700399,5,5.47456068116964,1410.9658744516341,77.71277707050032
2,140.0,bad,399,29.55495956064128,-29.77432189022445,-41.77897773589034,3.8108920212752366,5.601637694113557,2,8.49585260752978,5377.705790263201,15.055261103718765
2,140.0,bad,400,31.93677774245934,-17.169776435682756,-35.501510674681626,-7.375753198015769,0.6117604473132142,0,8.94494155974181,6226.737070368079,1.6442001018571406
2,140.0,bad,401,18.148898954580556,0.4686074027029628,-13.601648160619407,-12.024861474302392,15.227301541259791,2,7.629542861286618,3893.0068762436576,38.50715053570085
2,140.0,bad,402,24.75798986367164,-31.31371582962215,-39.093789106388016,8.073568879575758,25.40176584639215,6,6.713841073824706,2645.9528594426815,58.20526753542854
2,140.0,bad,403,32.54283834851995,-10.686443102348482,-31.798373698012675,-12.731842919199405,4.330898409318252,1,8.610219143161357,5593.923013310348,11.639954228829275
2,140.0,bad,404,13.55748481316653,-14.791493607398047,-19.893424723389273,2.6163582269602834,42.36542751851546,7,5.187111523333608,1168.037876998215,81.54999987871706
2,140.0,bad,405,17.42718178286356,-9.579877445780005,-19.507822288449834,-3.863364638679074,15.264572052503695,4,7.626188515274668,3888.05166718868,38.585421634152105
2,140.0,bad,406,18.20849491417675,-18.849069364975687,-26.06446458849377,2.735029923130604,40.46262819620373,5,5.358363462341664,1312.765699185723,79.26391961582793
2,140.0,bad,407,20.45748481316659,-21.0046249205303,-29.172855206347137,2.9406584369166033,37.049238350731706,4,5.6655685484341465,1572.3897556058914,75.16297052267845
2,140.0,bad,408,22.28930299498483,-29.061190577096898,-35.75476992600042,7.934875758281356,37.6644891628178,8,5.610195975346398,1525.593485979237,75.90215132947405
2,140.0,bad,409,19.9261716818534,-26.28341279931912,-32.15898517719747,7.325966055538471,24.26669440110012,8,6.81599750390099,2759.1412809043622,56.417374838778414
2,140.0,bad,410,25.033242388924165,-6.153109769012327,-23.13171894584813,-11.377502491427329,3.975665575854008,2,8.64219009817314,5654.366140949377,10.685211463862842
2,140.0,bad,411,9.410515116196951,-10.429372395275895,-13.912744164139987,1.9404002511602778,20.32257077673907,7,7.170968630093483,3215.577900612423,49.207629457392486
2,140.0,bad,412,12.661525217206817,-19.579372395276835,-22.284669015174703,6.859997893804719,18.798371148196203,8,7.308146596662342,3418.224109341015,46.006686534866226
2,140.0,bad,413,30.42516158084324,-35.61220067810512,-46.19810730955854,7.72361154982336,34.718467151309355,3,5.875337956382158,1749.6693224810467,72.36271199103444
2,140.0,bad,414,16.83728279296463,-35.985433001339324,-36.02909738323935,16.74364422380024,21.584372750241375,6,7.0574064524782765,3047.818126034244,51.85751600839047
2,140.0,bad,415,27.802939358620957,-44.54553401143751,-49.93160452746787,16.252473862641367,30.342492278641892,3,6.269175694922229,2153.2675504606864,65.98758708985343
2,140.0,bad,416,11.082232287914122,-36.869271385177704,-32.188593286073036,21.119978864121613,35.56351281012731,7,5.799283847088542,1685.3947474296194,73.37797522936525
2,140.0,bad,417,24.6347575404392,-47.309170375074814,-49.28106766308437,20.406010159768663,31.27933191589235,2,6.184860127569689,2059.8466471836873,67.46323758949354
2,140.0,bad,418,21.675666631348466,-44.63088754679293,-45.29270549823571,20.256393454361948,35.527272597515164,3,5.802545466223636,1688.1511952512408,73.33443514933468
2,140.0,bad,419,13.48778784346962,-39.168766334671716,-35.50944261409184,21.33523288663796,13.86022670103076,6,7.752579596907232,4074.7629456146387,35.63618242073138
2,140.0,bad,420,32.58071713639874,-43.19704916295266,-52.724805292135784,12.148378180438158,34.942515309908686,3,5.855173622108218,1732.6281128910575,72.63189017882586
2,140.0,bad,421,15.960010065691842,-45.11270572860829,-41.22396530473057,24.29944081676289,38.19531552153017,7,5.562421603062285,1485.2185804622272,76.53990206201023
2,140.0,bad,422,18.756474712156546,-42.01371582962027,-41.37418919792029,20.12794399968731,37.64479850725357,4,5.611968134347178,1527.0911666142033,75.87849438440324
2,140.0,bad,423,25.775161580843182,-37.05462492052748,-43.56317307999583,11.81753501039356,45.99769091846467,8,4.86020781733818,926.6122107837178,85.36349228222161
2,140.0,bad,424,28.049909055590774,-39.119776435680876,-46.63318454859113,11.93735336084206,44.615922447891464,6,4.9845669796897685,1000.7111525676446,84.19304609051608
2,140.0,bad,425,21.911020166701885,-39.237958253864576,-42.006488636751676,15.973887600959525,37.25387967605111,5,5.647150829155399,1556.824638992826,75.40883275801697
2,140.0,bad,426,24.868595924277525,-41.89452391043023,-45.979730599305086,16.10784190827346,35.37200177808237,4,5.816519839972586,1699.9611676862082,73.1478881227798
2,140.0,bad,427,18.83576764144924,-47.72179663770202,-45.104014724308065,24.449619071107335,36.37953367870734,6,5.725841968916339,1623.3278117394884,74.3583672128457
2,140.0,bad,428,32.69233329801507,-37.66371582962121,-49.25355012557327,7.837853442786841,6.244017330981648,2,8.438038440211653,5268.404423029539,16.781754977273632
2,140.0,bad,429,30.3185959242777,-41.13391784982135,-49.66576466269177,12.021991389349662,41.51239325843378,5,5.263884606740959,1232.9200688643348,80.52513889486316
2,140.0,bad,430,52.8600100656919,-28.047554213459595,-58.52173730445984,-12.492086469833517,0.0,0,9.0,6330.82856,0.0
2,140.0,bad,431,55.502939358621134,-34.04805926396276,-64.40338890118959,-9.59427512276072,0.0,0,9.0,6330.82856,0.0
2,140.0,bad,432,48.38324238892411,-33.712200678104175,-58.73349886326541,-5.275104729287442,0.0,0,9.0,6330.82856,0.0
2,140.0,bad,433,45.84637370205548,-17.967251183154684,-46.66948625227329,-15.705768037761539,7.595701173940833,1,8.316386894345325,5038.414423932743,20.41461277648714
2,140.0,bad,434,42.0635454192272,-33.41927138517489,-53.70403879742406,-1.4372786772679476,0.0,0,9.0,6330.82856,0.0
2,140.0,bad,435,59.660515116196954,-29.086948152852592,-64.39933595462688,-16.06714490442535,0.0,0,9.0,6330.82856,0.0
2,140.0,bad,436,61.3898080454897,-4.944018859924241,-50.20527538260398,-35.67326979835543,0.0,0,9.0,6330.82856,0.0
2,140.0,bad,437,58.98374743942927,-17.590988556892057,-56.49144144681595,-24.438542993968596,2.5772609907857165,1,8.768046510829286,5892.305708646436,6.926784499019256
2,140.0,bad,438,64.36354541922702,-23.63543300133556,-64.49789979066965,-23.26629739959194,0.0,0,9.0,6330.82856,0.0
2,140.0,bad,439,45.678191883873716,-26.061695627600066,-51.74366010120704,-9.396958662057077,11.375054508711301,1,7.976245094215983,4405.1728954535,30.41711912265872
2,140.0,bad,440,39.413545419227134,-21.011190577095018,-43.69826041973564,-9.239032864399398,18.97589105632343,2,7.292169804930892,3394.6223870454783,46.37949274927959
2,140.0,bad,441,65.48627269195453,-18.12583704174242,-61.81645876187518,-28.208567948235434,0.0,0,9.0,6330.82856,0.0
2,140.0,bad,442,52.10950501518668,-21.440988556891114,-53.700198534364745,-17.070594031676556,6.647242742417396,1,8.401748153182435,5199.795322983714,17.865485161965687
2,140.0,bad,443,58.43526259094425,-23.802099668002228,-60.06370294110706,-19.327996577001137,0.0,0,9.0,6330.82856,0.0
2,140.0,bad,444,66.4029393586212,-12.902604718509158,-59.161237148179,-32.79901802011371,0.0,0,9.0,6330.82856,0.0
2,140.0,bad,445,52.86607067175227,-13.916746132649632,-49.443271648851244,-23.32080915940153,9.766831068779936,2,8.120985203809806,4668.995076979624,26.24985761769508
2,140.0,bad,446,38.36102016670176,-28.251594617497176,-47.546021305091045,-3.0160113921076253,8.156327872866564,1,8.26593049144201,4943.023379162034,21.92138308098436
2,140.0,bad,447,60.88425248993427,-10.626847142753464,-53.47084896676167,-30.995005923975512,0.0,0,9.0,6330.82856,0.0
2,140.0,bad,448,30.770616126297902,-47.18593805184061,-53.902195826057465,16.367554849563714,4.993185442966206,2,8.550613310133041,5481.234387886636,13.419952286835645
2,140.0,bad,449,31.6281918838736,-55.65462492053124,-60.00270395921132,22.303706294501623,6.905941460578167,1,8.378465268547965,5155.777545996839,18.5607776749393
2,140.0,bad,450,43.35748481316665,-68.72785724376357,-77.3911753853383,24.778939103983642,0.0,0,9.0,6330.82856,0.0
2,140.0,bad,451,35.959505015186615,-54.15209966800599,-62.354877699297546,18.368590759678103,0.0,0,9.0,6330.82856,0.0
2,140.0,bad,452,44.21859592427776,-49.53795825386175,-65.71579546506783,9.525112065969243,15.763521468870639,3,7.5812830678016425,3821.715076048865,39.63325590278084
2,140.0,bad,453,49.69233329801507,-49.38795825386081,-69.8125034218584,5.8917548369841874,17.274199218339252,2,7.445322070349467,3620.866635459019,42.80580178182839
2,140.0,bad,454,38.00142420710604,-62.2632107791171,-69.13280027257846,23.269541997318413,0.00519548383455303,0,8.99953240645489,6329.944544607908,0.013963660265214894
2,140.0,bad,455,43.26001006569167,-43.740988556892994,-61.25525579990567,5.700542755397095,36.10572525637508,4,5.750484726926243,1644.1538106748894,74.0294055494864
2,140.0,bad,456,46.29586865155043,-45.99906936497192,-65.03232476480193,5.478920726789056,24.001568428036844,3,6.839858841476683,2785.579432004007,55.99976518707044
2,140.0,bad,457,40.15546461114645,-65.62129158719509,-72.94142369010606,24.45739065740968,25.74108416779123,1,6.683302424898789,2612.1163063944223,58.73974027825479
2,140.0,bad,458,52.30394945963112,-52.628867344770846,-73.89633367778151,6.695720726785687,22.73250025841638,1,6.954074976742526,2912.129900207925,54.00080933153677
2,140.0,bad,459,49.903444409126124,-61.046039061945386,-77.46789381156688,14.686663250960038,0.0,0,9.0,6330.82856,0.0
2,140.0,bad,460,46.311020166701944,-52.58088754679105,-69.27464267527148,10.511146764383682,18.046554749055066,2,7.375810072585044,3518.180007566487,44.42781107996886
2,140.0,bad,461,51.22213127781288,-38.99805926396559,-64.3058983267778,-3.050704735530058,0.0,0,9.0,6330.82856,0.0
2,140.0,bad,462,37.3251615808433,-57.92533199123643,-65.82641830846907,20.38122729399451,0.0,0,9.0,6330.82856,0.0
2,140.0,bad,463,57.00697976266148,-56.14048350638606,-79.75628726589935,6.362725166989577,0.0,0,9.0,6330.82856,0.0
2,140.0,bad,464,51.24788885357063,-64.08290774881313,-80.44985957147941,16.14884740221627,0.0,0,9.0,6330.82856,0.0
2,140.0,bad,465,52.64384844953005,-56.97937239527778,-76.95316215255991,9.809918086235577,15.86093843209064,1,7.5725155411118426,3808.7632435639966,39.837839431810536
2,140.0,bad,466,41.006474712156546,-40.97078653669098,-57.74829603004346,5.026989494747326,24.950843652413997,4,6.75442407128274,2690.9184618724858,57.49500343644615
2,140.0,bad,467,47.155969661651376,-56.98997845588195,-72.75602054693888,13.345583288334776,0.0,0,9.0,6330.82856,0.0
2,140.0,bad,468,54.939302994984594,-59.705635021539464,-80.46399018845005,10.422866681149458,0.0,0,9.0,6330.82856,0.0
2,140.0,bad,469,34.84536360104532,-45.2152309811373,-55.75688739883108,12.238708459667013,6.396254148497837,1,8.424337126635194,5242.501216665544,17.19091479132482
2,140.0,bad,470,22.353949459631234,40.32315285724936,8.795104274823284,-45.25816891554308,7.1320892842551915,2,8.358111964417033,5117.298327624772,19.168584662719525
2,140.0,bad,471,69.92566663134846,49.867092251189696,-21.512219324174247,-83.1477610232276,0.0,0,9.0,6330.82856,0.0
2,140.0,bad,472,69.05243430811602,54.7009306350262,-17.736153135052852,-86.28939313834917,0.0,0,9.0,6330.82856,0.0
2,140.0,bad,473,71.85293935862107,39.33880942290404,-29.75604564057376,-76.32145549661205,0.0,0,9.0,6330.82856,0.0
2,140.0,bad,474,70.89334339902511,44.4559811400767,-25.731697911648876,-79.62462006190421,0.0,0,9.0,6330.82856,0.0
2,140.0,bad,475,68.20243430811608,59.429718513813135,-14.045409101081631,-89.36548534734877,0.0,0,9.0,6330.82856,0.0
2,140.0,bad,476,73.69990905559084,28.63476901886646,-38.051331058846046,-69.3088940628567,0.0,0,9.0,6330.82856,0.0
2,140.0,bad,477,68.62061612629785,31.029213463309024,-32.621247714417194,-67.87823836296104,0.0,0,9.0,6330.82856,0.0
2,140.0,bad,478,72.74687875256048,34.372647806743366,-33.63303010035515,-73.09176815315634,0.0,0,9.0,6330.82856,0.0
2,140.0,bad,479,10.852434308116143,-2.7419986579040385,-10.075969759123957,-4.875317473267086,7.3916216321825186,3,8.334754053103573,5073.138707920569,19.866117683645367
2,140.0,bad,480,21.241828247509964,14.252445786542287,-7.110888931374237,-24.57199090022415,8.08673702754024,2,8.272193667521378,4954.86431262966,21.734347002603716
2,140.0,bad,481,13.223141378823037,6.046385180482622,-6.242972496417467,-13.131471207906483,6.373986538655127,2,8.426341211521038,5246.29006684252,17.131067171995575
2,140.0,bad,482,69.4807171363988,4.050425584522086,-50.62175388657169,-47.764150098702444,0.0,0,9.0,6330.82856,0.0
2,140.0,bad,483,67.46203026771187,-7.149069364972864,-56.274246616699145,-37.8872523198739,0.0,0,9.0,6330.82856,0.0
2,140.0,bad,484,70.49384844953029,9.720627604725046,-47.75312189613985,-52.759005102707306,0.0,0,9.0,6330.82856,0.0
2,140.0,bad,485,68.47314137882304,-1.5137158296202695,-53.426467236013835,-42.854113274880305,0.0,0,9.0,6330.82856,0.0
2,140.0,bad,486,71.3898080454897,15.190324574422016,-44.92361332502246,-57.52494779895085,0.0,0,9.0,6330.82856,0.0
2,140.0,bad,487,32.944858550540324,-62.389473405379725,-65.34040630182812,26.61656253214743,9.22832595815695,1,8.169450663765875,4760.622117245683,24.80254247722541
2,140.0,bad,488,15.128696934378533,-50.011695627598186,-43.73615250704639,28.586642586358018,45.66241682583435,4,4.890382485674909,944.5916740588981,85.07949370123367
2,140.0,bad,489,18.9923332980149,-66.41321077911334,-57.23856039312243,38.66743454402811,11.067474089978601,3,8.003927331901926,4447.689711210179,29.745535374122046
2,140.0,bad,490,31.64940400508578,-69.66674613264964,-69.02577128736831,33.02397899666412,25.913963043569222,2,6.66774332607877,2594.876962444275,59.01204814106868
2,140.0,bad,491,17.299909055590774,-51.98846330436774,-46.670039257189906,28.70530623096809,42.2913879380947,3,5.193775085571477,1173.6693627278582,81.46104650276837
2,140.0,bad,492,24.592838348520065,-52.917251183157504,-52.85376055661111,24.728994436536286,9.401300549718863,4,8.153882950525302,4731.190363389691,25.267438242085472
2,140.0,bad,493,19.480717136398795,-53.96472593062943,-49.61095229864945,28.8174148205119,35.06827588154416,2,5.843855170661026,1723.062703950432,72.78298270723616
2,140.0,bad,494,24.052434308116027,-75.21927138517677,-66.77524930125743,42.16069810401659,0.0,0,9.0,6330.82856,0.0
2,140.0,bad,495,22.729707035388635,-67.0884633043668,-60.535598733138855,36.78237045754887,24.59345098056932,2,6.7865894117487615,2726.557374767228,56.932061120808044
2,140.0,bad,496,27.55546461114621,-49.92028148618593,-53.19684895431486,20.52884300022722,11.405394807652817,1,7.973514467311247,4401.139075711616,30.48083621282558
2,140.0,bad,497,28.07667673235839,-59.61270572860829,-59.82629081431025,27.61864203795291,4.786223997359105,1,8.56923984023768,5516.449029931953,12.863711635054075
2,140.0,bad,498,12.937282792964568,-48.01876633467077,-40.77640162496878,28.468584033774704,47.09876105533585,5,4.761111505019774,867.5660437090037,86.29616904822639
2,140.0,bad,499,21.667585823267483,-55.92280673871118,-52.54482098625606,28.911699646790176,0.4948983196105033,0,8.955459151235054,6246.621247266987,1.3301151963750701
2,140.0,bad,500,21.703949459631176,-50.340483506388885,-48.98442894082198,24.612017860077984,31.51996807288015,5,6.163202873440786,2035.8506010589902,67.84227243299429
2,140.0,bad,501,26.45546461114627,-70.69098855689111,-65.70535321636191,37.14719410204815,12.432999685852112,1,7.88103002827331,4264.516399299358,32.63888985647468
2,140.0,bad,502,28.220616126297784,-81.7818976478002,-74.18663666960296,44.508705857117995,0.0,0,9.0,6330.82856,0.0
2,140.0,bad,503,29.46859592427776,-74.7889683548728,-70.64767635406247,38.34962527986639,0.21432389195091167,0,8.980710849724419,6294.361192299359,0.5760283563995494
2,140.0,bad,504,31.475161580843356,-78.8950289609334,-74.82411970722568,40.205254648185964,0.0,0,9.0,6330.82856,0.0
2,140.0,bad,505,44.9857676414493,-71.62078653669192,-80.49805150296385,25.948411486082087,0.0,0,9.0,6330.82856,0.0
2,140.0,bad,506,35.84788885357057,-73.0748269407295,-74.43266939131354,32.93598632133144,8.754304663980317,1,8.212112580241772,4841.277188760683,23.528537491138714
2,140.0,bad,507,35.46253531821709,-78.12432189022822,-77.38322424563228,37.0518243458264,0.0,0,9.0,6330.82856,0.0
2,140.0,bad,508,40.13425248993427,-75.59250370840627,-79.33454586759548,32.10941718271446,0.0,0,9.0,6330.82856,0.0
2,140.0,bad,509,-1.0606970050154052,-3.6202814861840444,-1.5145310363716808,3.455099407473326,55.715466199800346,13,3.9856080420179687,408.6138333984001,93.54564999627158
2,140.0,bad,510,-2.214232358550582,-53.40058451648707,-32.62903368317485,42.33050215320357,42.12301595432762,9,5.208928564110515,1186.4758159582477,81.25875934384412
2,140.0,bad,511,-5.483424277742443,-55.36119057709408,-31.38494066322298,45.93380959042084,41.662139282389,7,5.25040746458499,1221.5303150031943,80.70504826617521
2,140.0,bad,512,-0.07079801511641526,-60.10462492052936,-38.58027375770929,46.08832201302919,39.800460310265244,5,5.417958572076127,1363.1305037821173,78.46837122719182
2,140.0,bad,513,-1.0283737726920552,-64.5354330013365,-40.69479670499486,50.09803575416398,36.73214212509918,5,5.694107208741073,1596.5082454653043,74.7820015921375
2,140.0,bad,514,-2.903121247439589,-48.868261284166664,-29.187992961085016,39.30135036889406,39.61322853441517,9,5.434809431902634,1377.3714417755994,78.24342534754093
2,140.0,bad,515,-6.05261619693442,-59.67836229426485,-33.723938845144275,49.60682450754024,38.67747997891321,8,5.519026801897811,1448.544922323391,77.11918892456329
2,140.0,bad,516,-5.5743333686515335,-50.8470491629536,-28.413666089920707,42.53421188190952,39.199135628616794,8,5.472077793424489,1408.8675452988482,77.74592169182279
2,140.0,bad,517,0.5857676414492413,-55.62230168820613,-36.20205039411669,42.23263093965877,41.557813793051736,7,5.259796758625344,1229.4653613811192,80.57970848951375
2,140.0,bad,518,-8.387969732288074,-52.898564314469695,-27.57698410907819,45.91433425641187,40.939441271232845,7,5.315450285589044,1276.499069735985,79.83677716687396
2,140.0,bad,519,1.4842524899342073,-66.94149360739898,-44.16616603684636,50.32610008185647,31.620830067959837,3,6.154125293883615,2025.7927231554472,68.001143863617
2,140.0,bad,520,-2.7753434696618697,-57.717756233662556,-34.974222123225296,45.99832282701605,40.9394958824219,6,5.3154453705820295,1276.4949159829507,79.83684277839691
2,140.0,bad,521,-0.3480707423889661,-50.69906936497475,-32.32209595242482,39.061475918844536,38.85495320810666,11,5.503054211270401,1435.0462240336806,77.33241059312968
2,140.0,bad,522,-11.076353570671854,-54.84553401143939,-26.769050606360707,49.13385939509118,38.94890920259953,9,5.494598171766043,1427.8998863694999,77.44529214720197
2,140.0,bad,523,-8.580393974712198,-57.26725118315657,-30.237716377240023,49.38463047472984,39.76188278766933,9,5.421430549109761,1366.0647285136647,78.42202303273768
2,140.0,bad,524,-3.53544447976288,-62.10411987002619,-37.21145116526243,49.84705582755471,37.738636588135115,6,5.603522707067839,1519.9537975154265,75.99123427352096
2,140.0,bad,525,2.454959560641337,-52.68846330436586,-35.748099514981384,38.78368694292588,44.80491387994058,11,4.967557750805348,990.5762671513786,84.3531339103048
2,140.0,bad,526,13.96657572225744,-77.6041198700262,-60.58198443451756,50.47066296555671,6.556307532353747,1,8.409932322088164,5215.268015795236,17.621082827186264
2,140.0,bad,527,8.994858550540151,-62.264725930631315,-46.913455758020504,41.91576367431601,32.639620376935376,4,6.062434166075816,1924.1997640939758,69.60587787431767
2,140.0,bad,528,4.5216262273080625,-54.11523098113354,-38.24836661528817,38.548226666649995,47.02263750217858,10,4.767962624803927,871.648257809203,86.23168753429009
2,140.0,bad,529,12.72465653033813,-59.990988556892994,-48.30911656288093,37.7765118660038,34.11730283328101,6,5.929442745004709,1795.3941666644978,71.64045512133568
2,140.0,bad,530,6.588292893974494,-55.58088754679105,-40.77363101152758,38.3425570076074,47.70861928759647,10,4.706224264116318,834.8616864949603,86.81275794182997
2,140.0,bad,531,10.59687875256041,-42.12482694073138,-35.194996900496335,25.4579472317995,14.605717198277876,6,7.685485452154991,3975.6480920998497,37.20177296824715
2,140.0,bad,532,6.192838348520008,-60.03290774881125,-43.33239867840877,42.00719562603077,38.13513566917069,5,5.5678377897746385,1489.7958886782992,76.46760017967856
2,140.0,bad,533,8.635767641449359,-57.060180476085854,-43.292958830304734,38.15966973701596,46.23355097743648,8,4.8389804120307165,913.9639407217614,85.5632808239912
2,140.0,bad,534,5.346878752560412,-64.84250370840627,-45.775904721246874,46.23533223110429,32.152589737766604,3,6.106266923601006,1972.76607195031,68.83873803794317
2,140.0,bad,535,10.694858550540326,-58.53896835487279,-45.82086050492956,37.96892885053054,43.49179264978946,7,5.085738661518948,1082.366008963712,82.90324878164586
2,140.0,bad,536,14.5271817828635,-80.9824026983062,-63.182951936058835,52.698227123772114,22.01596143965548,2,7.018563470431007,2990.437314490863,52.76388728348596
2,140.0,bad,537,7.631222186903787,-45.157655223559665,-34.872636610684694,29.687515779783798,14.358145949478788,4,7.707766864546909,4008.563317914004,36.68185325312293
2,140.0,bad,538,4.015060570742171,-69.3899784558829,-47.678733226860594,50.574976217260655,12.454987382610692,3,7.879051135565038,4261.593079214929,32.68506580416815
2,140.0,bad,539,18.03475754043926,-71.5919986579031,-59.833875486847056,43.250134052972754,5.2737596997010066,2,8.525361627026909,5433.494471937245,14.174038667424515
2,140.0,bad,540,15.351929257610916,-61.85715017305461,-51.521269800707586,37.517296245668035,17.433002387841874,4,7.431029785094231,3599.7533510629623,43.13930132609748
2,140.0,bad,541,12.323646429328205,-73.29654411244856,-56.55457125447471,48.22692308623632,14.992886098784222,2,7.6506402511094205,3924.1730042202967,38.01485908156867
2,140.0,bad,542,8.057989863671464,-67.19250370841003,-49.363287205357395,46.292868041731076,6.534615819743482,2,8.411884576223086,5218.958876634941,17.562783020064266
2,140.0,bad,543,2.6483939040756215,-62.495534011440334,-42.200142356704866,46.17200176210778,37.74255516975767,4,5.60317003472181,1519.655748331971,75.99594217519025
2,140.0,bad,544,3.389808045489704,-57.86624108214458,-39.79244640322414,42.149185814303436,40.747163723345345,6,5.3327552648989185,1291.1237915524202,79.60576914513034
2,140.0,bad,545,10.340818146499746,-76.6399784558829,-57.18475483651487,52.062679838295516,20.144323577648407,3,7.187010878011644,3239.2763180872694,48.83329587292964
2,140.0,bad,546,11.787787843469443,-64.4824026983062,-50.47845887144432,41.81934229460188,8.954764026884751,2,8.194071237580372,4807.168880864952,24.06730279764593
2,140.0,bad,547,7.755464611146388,-74.01573603164235,-53.51742861214383,51.714226730993396,28.86295129730914,3,6.402334383242177,2300.8061999963847,63.65710778311797
2,140.0,bad,548,-72.39958589390417,38.98173871583239,80.51827910871556,16.675812432658635,24.04481077830556,11,6.835967029952499,2781.267339238824,56.06787780020339
2,140.0,bad,549,-73.32079801511641,34.73224376634027,78.49244583414497,20.523258162187524,13.60556222344008,8,7.775499399890393,4108.621234197831,35.101366349465145
2,140.0,bad,550,-71.56827276259116,42.851435685530305,82.36884956934476,13.17709479188948,20.622848009851776,14,7.14394367911334,3175.6552804265266,49.83823601714265
2,140.0,bad,551,-67.95564649996466,49.61103164512814,83.94640182511074,5.676792469265557,16.132879378780114,11,7.54804085590979,3772.608004569896,40.40893749032598
2,140.0,bad,552,-70.69807074238891,47.065577099673604,84.41103403385614,9.389520102557256,13.680399892004349,6,7.768764009719609,4098.671376239176,35.258531527203814
2,140.0,bad,553,-61.836454580772866,51.50244578654229,80.47460643392222,0.2945444296481199,23.47147049337057,15,6.887567655596649,2838.4403763030114,55.16478847275859
2,140.0,bad,554,-58.49504043935884,48.01961750371118,75.67621583186315,0.8147260731161765,20.741484446274974,17,7.133266399835253,3159.882265128515,50.08738216205124
2,140.0,bad,555,-52.040494984813385,2.702445786540406,41.602430667715105,31.38079180058297,44.940336728874684,10,4.955369694401278,983.3140593263445,84.46784571708028
2,140.0,bad,556,-50.21524245956074,10.910021544118985,45.47993411599155,23.9201742922304,28.2571155876476,10,6.456859597111715,2361.219654960942,62.70283371943115
2,140.0,bad,557,-51.32483841915676,7.9160821501758285,44.40546678836827,26.92689946258212,21.279034572131337,13,7.08488688850818,3088.413611701202,51.21628105340446
2,140.0,bad,558,-52.452111146429544,4.887294271391713,43.32214047612395,29.971682528339304,15.46558982117206,9,7.6080969160945155,3861.3258447013277,39.007575262765805
2,140.0,bad,559,-3.954131348449572,2.6383043723980513,4.7249097080016345,0.520608234124484,40.621915089234015,8,5.344027641968938,1300.650262281278,79.45529167383933
2,140.0,bad,560,-1.5465555908737558,0.2302235643181837,1.3327151709650287,0.817745289384106,51.55657525022118,7,4.359908227480093,628.5105712872429,90.07222253247618
2,140.0,bad,561,0.25142420710604213,-1.5036148195192593,-1.1591070924472209,0.9902234119810472,53.69518744896078,7,4.16743312959353,513.8250040684,91.88376372541669
2,140.0,bad,562,-2.551101045419328,-1.8995744154807368,0.7332338817299231,3.094974568323921,41.68385066280521,16,5.2484534403475305,1219.8789370741197,80.73113297078258
2,140.0,bad,563,1.7761716818533404,-3.010685526591848,-3.2958578000648746,1.1646177678529894,55.10814497495294,8,4.040266952254235,438.05351290228475,93.08062904009068
2,140.0,bad,564,3.323141378822979,-4.458160274064714,-5.411324173111627,1.2790748009370003,51.17124945224647,7,4.3945875492978175,649.1741154916701,89.74582695868058
2,140.0,bad,565,23.727686833368608,-84.45614007204263,-72.4638230470292,49.445293686454505,0.0,0,9.0,6330.82856,0.0
2,140.0,bad,566,19.934757540439318,-86.53139259729704,-70.89221724924177,53.47307730540635,0.0,0,9.0,6330.82856,0.0
2,140.0,bad,567,24.063040368721968,-80.2324026983062,-70.0057527088592,45.994162044720056,0.0,0,9.0,6330.82856,0.0
2,140.0,bad,568,20.148898954580556,-79.97583704174149,-66.84242920386343,48.31358295278453,1.791748011567066,0,8.838742678958964,6025.961319255424,4.815597798222093
2,140.0,bad,569,18.38021208589392,-83.54957441547697,-67.78469056059942,52.188114613708265,0.0,0,9.0,6330.82856,0.0
2,140.0,bad,570,15.364555520237179,75.58729427138984,36.81664383010902,-67.77937266374651,12.22499071970924,3,7.899750835226168,4292.171719233208,32.202054145765594
2,140.0,bad,571,16.66506057074223,65.91860740270108,29.605487041789388,-61.20867734852948,14.220366881932353,3,7.720166980626088,4026.88139460002,36.39250602925787
2,170.0,good,0,28.185767641449477,79.76860740270484,-13.90588918739156,-83.45115020425197,6.827631693275851,2,8.385513147605174,5169.102010445346,18.350308155472362
2,170.0,good,1,22.425666631348466,77.75850639260383,-8.58234743184113,-80.47135610158534,11.758569788017585,4,7.941728719078418,4354.183565784654,31.222532334935728
2,170.0,good,2,21.307989863671462,71.72163770573138,-8.52994193196115,-74.33211848090895,13.754729356642923,4,7.7620743579021365,4088.789085282161,35.414629435453215
2,170.0,good,3,33.22768683336861,70.06254679664048,-20.55665003422242,-74.76806654781409,11.003193807714595,3,8.009712557305686,4458.627048470552,29.572772249094804
2,170.0,good,4,54.822131277813114,70.7812336653311,-41.6982276800415,-79.22567087359624,15.732654967156535,1,7.584061052955912,3825.818855784763,39.56843374408542
2,170.0,good,5,37.20142420710592,75.24487002896653,-23.57011642293889,-80.56169089910054,21.7695914577118,3,7.040736768805938,3023.1928288280146,52.246490326251795
2,170.0,good,6,49.12516158084342,76.0140619481575,-35.17913665843335,-83.38973233060273,13.582169351650588,1,7.777604758351448,4111.731375868674,35.05223942016408
2,170.0,good,7,50.273141378823155,82.08325386735036,-35.25577194710649,-89.56606418706053,0.0,0,9.0,6330.82856,0.0
2,170.0,good,8,43.17516158084324,73.79537507947158,-29.7048014595714,-80.17154564369619,9.469272026224292,2,8.147765517639813,4719.624966716851,25.450122018201494
2,170.0,good,9,44.94233329801507,85.24284982694445,-29.45729273875925,-91.75197367573037,0.0,0,9.0,6330.82856,0.0
2,170.0,good,10,63.90394945963106,68.91608215017582,-50.965952798622475,-78.96589637810393,0.0,0,9.0,6330.82856,0.0
2,170.0,good,11,56.06607067175245,79.7009306350262,-41.37437971534147,-88.22586541275714,0.0,0,9.0,6330.82856,0.0
2,170.0,good,12,40.912535318216975,79.89992053401798,-26.4165063803011,-85.79044840870253,0.11929004496574139,0,8.989263895953084,6310.5312711947545,0.32061030578982574
2,170.0,good,13,59.782232287914006,74.62113265522916,-45.91618214849166,-83.86854567107952,0.0,0,9.0,6330.82856,0.0
2,170.0,good,14,51.08627269195447,87.18022356432101,-35.171470468992695,-94.72679823223469,0.0,0,9.0,6330.82856,0.0
2,170.0,good,15,47.629201984883764,68.06658720068464,-35.08596855709189,-75.30322692472096,6.697637797119435,1,8.39721259825925,5191.220567395872,18.000929606663163
2,170.0,good,16,27.253444409126068,50.68325386734943,-18.03834867809894,-54.64577231324342,6.724832933531998,2,8.39476503598212,5186.59329495229,18.0740207099797
2,170.0,good,17,28.931222186903906,64.45850639260195,-17.29858974357427,-68.5030908534543,8.691582802506902,3,8.21775754777438,4851.949359578408,23.35996286118972
2,170.0,good,18,25.13576764144936,59.23931447340815,-14.467099846667178,-62.70411642173773,9.85522971442979,3,8.11302932570132,4653.953982466977,26.48744254627269
2,170.0,good,19,20.474151479833196,53.61456699866444,-10.853031257966485,-56.35534034842693,7.066978215825606,2,8.363971960575697,5128.377023761682,18.9935886723541
2,170.0,good,20,32.68526259094425,54.74284982694444,-22.682703896058456,-59.58691921704045,5.278469790584408,3,8.524937718847404,5432.693046512462,14.186697759630018
2,170.0,good,21,32.7292019848837,35.533253867348485,-26.061687083974547,-40.676790179483746,3.516631436672399,2,8.683503170699485,5732.471137029413,9.451486757218197
2,170.0,good,22,41.868090873772594,49.84840538250188,-32.575935742037075,-56.36141377860738,14.991587268301748,2,7.650757145852843,3924.345687029114,38.01213143214363
2,170.0,good,23,46.219606025287625,60.538809422906866,-35.00497242045965,-67.64503923658187,8.999031124360519,1,8.190087198807554,4799.636801701988,24.186277416711665
2,170.0,good,24,48.85394945963124,40.58880942290404,-41.063575403153806,-48.45557350070814,0.9041730520735094,0,8.918624425313384,6176.982850803333,2.4301038598440017
2,170.0,good,25,35.278696934378594,46.99790033199495,-26.581634510321116,-52.409978055362416,6.272104435475987,3,8.435510600807161,5263.625381561422,16.857243381719034
2,170.0,good,26,40.294353500035335,66.98022356431818,-28.051197967781967,-72.95968452017976,6.661445843894079,1,8.400469874049532,5197.378654831015,17.903658177232085
2,170.0,good,27,63.52162622730806,48.97466800876451,-54.052228141031726,-59.26104739304217,0.0,0,9.0,6330.82856,0.0
2,170.0,good,28,59.83980804548988,64.2761831602806,-47.76926482879218,-73.69075712931529,0.0,0,9.0,6330.82856,0.0
2,170.0,good,29,42.152434308115964,43.446385180478856,-33.96765850216472,-50.1060303679196,4.527678974039925,2,8.592508892336406,5560.440655628596,12.168832200558032
2,170.0,good,30,57.26960602528774,52.03577911987374,-47.363633808013056,-61.19000143327669,11.19583365019891,1,7.992374971482098,4429.000763419417,30.040740774388986
2,170.0,good,31,57.60849491417651,44.449415483511984,-49.01473243377329,-53.77773914500486,0.0,0,9.0,6330.82856,0.0
2,170.0,good,32,49.99586865155031,47.80497103906472,-40.935072962272784,-55.76039759401193,6.014853382568202,1,8.458663195568862,5307.396837241755,16.165841691316395
2,170.0,good,33,61.68526259094425,57.72567810977555,-50.72416603780549,-67.5602287882176,0.0,0,9.0,6330.82856,0.0
2,170.0,good,34,53.840313095994816,37.960526594624035,-46.43058149510691,-46.73309315294832,6.830272520611118,1,8.385275473145,5168.652671733772,18.357405784279013
2,170.0,good,35,41.774151479833314,55.82870841280303,-31.44495477546458,-62.23455016364166,9.772263527093392,3,8.120496282561595,4668.07074020582,26.264458183245765
2,170.0,good,36,35.460515116196774,61.37012255421811,-24.26498026750103,-66.59542632376157,7.923336110264116,3,8.28689975007623,4982.667098771189,21.29518195685923
2,170.0,good,37,51.37970703538869,55.17668821078471,-41.017802478447514,-63.26042283127408,0.0,0,9.0,6330.82856,0.0
2,170.0,good,38,53.60596966165126,62.038809422906866,-42.01864832961761,-70.40487945114,9.475175983661634,1,8.147234161470454,4718.620404020662,25.465989810018453
2,170.0,good,39,66.81657572225738,64.40951649361111,-54.61688663748269,-75.03356782279036,0.0,0,9.0,6330.82856,0.0
2,170.0,good,40,-65.47938387370209,30.62517305926862,69.80261039376073,-18.78953218168659,22.935432327585502,11,6.935811090517305,2891.8936757231336,54.3204550823734
2,170.0,good,41,-65.26069700501529,46.09537507946876,72.27361825894302,-34.06268164807196,15.369381206308667,3,7.61675569143222,3874.117024205638,38.805529363353386
2,170.0,good,42,-71.96827276259093,32.356991241088686,76.49364555129675,-19.368256423311756,23.351757347822897,13,6.898341838695939,2850.378075933246,54.97622390309609
2,170.0,good,43,-67.46877781309615,41.82820336229986,73.70716676554028,-29.47690864910504,20.806580444851043,6,7.127407759963406,3151.2275869172004,50.224089042190066
2,170.0,good,44,-64.39251518683335,37.80547608957259,69.97910022073482,-26.049483041745,25.638477669257504,6,6.692537009766824,2622.348144794475,58.57812101620905
2,170.0,good,45,-65.48089902521718,21.93729427138889,68.29546820741328,-10.23337869085284,12.28024790588221,9,7.894777688470601,4284.825136099824,32.3180987213493
2,170.0,good,46,-62.09554548986372,43.48325386735131,68.7029624190341,-32.039867219216845,10.016656868445848,2,8.098500881839874,4626.4870335944715,26.921302800300882
2,170.0,good,47,-67.02433336865171,33.84941548351293,71.88397245572584,-21.69651345428781,12.10280379188204,10,7.910747658730616,4308.416781373819,31.94545168075411
2,170.0,good,48,-69.23241417673258,27.623152857246534,72.97732839607445,-15.181412539185954,23.128074100613276,12,6.9184733309448045,2872.683591382598,54.62389221004907
2,170.0,good,49,-67.33897983329811,24.823152857249358,70.62644467737371,-12.752742254023927,18.156274666703332,11,7.3659352799967,3503.5924660679425,44.65823181179396
2,170.0,good,50,-68.81221215653049,36.89537507947064,74.17361468056009,-24.385736186344396,10.307031391841068,7,8.072367174734303,4577.079595071575,27.701728901792045
2,170.0,good,51,-70.5970606413788,30.039314473410034,74.74080487617435,-17.323898859568835,10.645003658927969,12,8.041949670696484,4519.573365484719,28.610081245278273
2,170.0,good,52,-63.710191954510236,17.899920534017976,65.85057956381277,-6.564821788492301,13.695756268794815,10,7.767381935808467,4096.62970697347,35.29078116477269
2,170.0,good,53,-63.09554548986372,27.322647806741486,66.88151037962825,-15.951128899685282,20.354813150901705,14,7.168066816418847,3211.291195142804,49.275341059894316
2,170.0,good,54,-55.200090944409226,44.38476901886646,62.068811785326965,-34.12506944589026,4.130273423658543,1,8.62827539187073,5628.059502039585,11.100743785745715
2,170.0,good,55,-47.98190912622735,16.92416295825946,50.191806168075836,-8.33507581378631,31.547451509652397,11,6.160729364131285,2033.1099746098848,67.88556260304284
2,170.0,good,56,-52.80766670198493,20.930223564321008,55.63989476670516,-11.442291348779824,19.566471206336956,10,7.239017591429674,3316.103257326874,47.61975899522899
2,170.0,good,57,-61.28089902521731,33.81860740270202,66.22244401830483,-22.66351032473685,23.59203787166993,7,6.876716591549707,2826.417493262406,55.35469857578317
2,170.0,good,58,-53.10463639895456,38.7418397259334,59.025307514457374,-28.931740791712173,12.496437479586428,5,7.875320626837222,4256.082183629949,32.77211437186748
2,170.0,good,59,-57.96978791410631,36.46103164512721,63.42048827931791,-25.840758615921732,25.13651569975591,5,6.737713587021968,2672.4033930322316,57.78746229336793
2,170.0,good,60,-56.691000035318375,28.9165872006837,60.8510490325425,-18.632990419637974,25.68089386574558,10,6.6887195520828975,2618.11843542701,58.64493232419786
2,170.0,good,61,-52.92231316663145,29.262041746135424,57.19960453786876,-19.627622341256913,21.25364548421818,8,7.087171906420364,3091.7891553716836,51.162961908232695
2,170.0,good,62,-48.38544447976282,33.042344776438455,53.38810381288312,-24.138313054023783,15.533126787085106,3,7.60201858916234,3852.3466336878746,39.14940837241888
2,170.0,good,63,-61.22988892420732,22.382748816844376,64.18639287185736,-11.41024593811601,22.032287415326216,10,7.017094132620641,2988.2667345933774,52.7981731573951
2,170.0,good,64,-59.034939429257655,40.68375891785259,65.20272664526486,-29.81437155341259,12.324820136548805,4,7.890766187710607,4278.899144917294,32.41170402318881
2,170.0,good,65,-52.09908084339913,35.230728614826056,57.42533056123199,-25.648584237571413,12.573725030577387,2,7.868364747248036,4245.806607585354,32.93442450153232
2,170.0,good,66,-54.784939429257655,32.87820336229704,59.661873197062775,-22.865404680818422,12.937643134560812,6,7.835612117889528,4197.422772109394,33.69868205514328
2,170.0,good,67,-51.1450404393586,25.200425584523025,54.74404033198677,-15.936331425849405,21.111202468843125,10,7.099991777804119,3110.7273157576815,50.86382001540599
2,170.0,good,68,-60.045040439358665,26.03375891785636,63.65353614851792,-15.211535772123886,20.179501942409004,13,7.18384482518319,3234.5992652166938,48.90717329396937
2,170.0,good,69,-57.04655559087376,23.102950837044517,60.19167554011586,-12.845934681250862,15.859520929587168,11,7.572643116337155,3808.951704119171,39.8348625615101
2,170.0,good,70,-59.24504043935884,31.07668821078565,63.74138542792868,-20.31677017982654,19.598061056183916,8,7.236174504943448,3311.9033066210004,47.68610024370964
2,170.0,good,71,-50.06120205552034,28.046385180482623,54.17086358612272,-18.927261060948894,21.40427210448865,8,7.073615510596021,3071.7629639464863,51.47929003551336
2,170.0,good,72,-58.43241417673246,18.82769831179199,60.814090009972,-8.39498103035872,25.353293697589084,12,6.718203567216983,2650.7864635568826,58.12891727466266
2,170.0,good,73,-54.12029296461131,17.3635568976534,56.31323411993484,-7.701875204572527,24.021605065716905,13,6.838055544085478,2783.5813944356996,56.03132563053169
2,170.0,good,74,-61.98645458077292,15.066587200684642,63.66102646394305,-4.073857008683575,24.78544796042763,10,6.769309683561513,2707.411588688554,57.23448261109516
2,170.0,good,75,-57.7344343787526,8.01507204916855,58.24912124717739,2.132174223528726,19.52434537598551,11,7.242808916161304,3321.7039933790315,47.53129133259878
2,170.0,good,76,-55.43291922723739,13.681738715835216,56.96657762240275,-3.848056955473897,18.227211382834593,7,7.359550975544886,3494.1612496350926,44.80720467282575
2,170.0,good,77,-59.877363671681834,12.74638518048074,61.18107853223505,-2.155143863529741,23.26815969186275,11,6.905865627732352,2858.7143676752967,54.84454616671381
2,170.0,good,78,-36.95059599491416,28.18325386734943,41.283204089003,-21.338683255453194,21.639025830866597,2,7.0524876752220065,3040.5518602665325,51.972291913295265
2,170.0,good,79,-40.52887882319699,18.603960938055558,43.1436980002568,-11.283559018001384,24.790049190196108,5,6.76889557288235,2706.9527577167796,57.241730176993144
2,170.0,good,80,-41.337464681783025,34.69891043300411,46.73485827220745,-26.99358060413592,10.300980387509723,2,8.072911765124125,4578.109177904833,27.685465898877016
2,170.0,good,81,-39.32786872218695,21.815072049165728,42.51853753406644,-14.654439351406296,26.450245254618892,6,6.619477927084299,2541.399327024528,59.856765936107934
2,170.0,good,82,-34.00211114642937,29.95547608957353,38.68725650988621,-23.59598046077795,10.33277288170023,2,8.07005044064698,4572.699661657194,27.770913106874684
2,170.0,good,83,-32.33897983329812,38.672647806745246,38.56311288153375,-32.46951847393345,3.6640513075232346,1,8.67023538232291,5707.3875376800215,9.847700287748406
2,170.0,good,84,-42.258171752490036,20.081233665328284,45.10324480126174,-12.438100087309008,27.87744288865344,9,6.4910301400211905,2399.080314437041,62.10479731523419
2,170.0,good,85,-32.26625256057073,28.459011443105123,36.717911157597584,-22.423679154949042,12.107318648678026,3,7.9103413216189775,4307.816519704989,31.954933246447137
2,170.0,good,86,-38.14100003531826,24.982243766340268,41.89967364647634,-17.97959219820546,24.570538593529808,4,6.788651526582317,2728.8421797737124,56.89597097897543
2,170.0,good,87,-35.74554548986377,31.388809422905922,40.65309988949059,-24.704794043475204,3.1943507012925565,0,8.71250843688367,5787.307440966177,8.585307813703036
2,170.0,good,88,-43.61574751006573,28.656991241085862,47.92936060776738,-20.647832079520427,24.76948405142681,5,6.770746435371587,2709.0034969932294,57.20933727206744
2,170.0,good,89,-39.89150508582349,26.43628417037785,43.87607605831613,-19.10757044927768,25.530901031196322,6,6.70221890719233,2633.0756015539623,58.40867310496303
2,170.0,good,90,-36.40362629794452,23.53678922088478,39.937693972312154,-16.857789138635496,17.471489229607243,5,7.427565969335348,3594.6364277783505,43.22012681736006
2,170.0,good,91,-38.69403033834856,29.639314473409094,43.25299401809981,-22.469878832537084,22.95929182579691,4,6.9336637356782775,2889.5144255441082,54.35803705377692
2,170.0,good,92,-34.6399899343081,22.06860740270202,37.94590411069759,-15.718164541870149,28.227983225319335,4,6.459481509721259,2364.1247109546093,62.656946266214966
2,170.0,good,93,-38.38796973228807,35.79032457442108,44.01969485521144,-28.580588135368135,11.605261965293138,4,7.955526423123618,4374.566229880462,30.900573464897906
2,170.0,good,94,-37.488979833298174,32.836789220886665,42.62148660099042,-25.82803157811236,3.1722104905248947,0,8.71450105585276,5791.07461409692,8.525802598942589
2,170.0,good,95,-30.49958589390412,27.028203362297983,34.72962691145279,-21.32138671110922,3.9288487145293094,1,8.646403615692362,5662.332064304803,10.559383963087399
2,170.0,good,96,-37.52786872218712,43.66305184714741,44.539745456268065,-36.48306596391319,10.517494336261123,3,8.053425509736499,4541.2691704303315,28.267380369081874
2,170.0,good,97,-34.109686904005066,17.414566998661616,36.61549194005942,-11.226915623962462,19.058345416572163,4,7.284748912508505,3383.6598705977317,46.55265359771909
2,170.0,good,98,-35.20413134844957,26.71860740270296,39.30893897529078,-20.199558464865728,14.261319289370942,3,7.716481263956615,4021.43666810204,36.4785094085372
2,170.0,good,99,-32.909686904005184,20.606991241088682,35.98808128848208,-14.579217582009056,27.625995706480488,4,6.513660386416756,2424.15442739195,61.70873362914207
2,170.0,good,100,-35.84605054036894,18.889314473409094,38.58156352270784,-12.377741989607241,29.550171296105958,7,6.340484583350464,2232.277168468597,64.73957322785886
2,170.0,good,101,-38.78544447976288,17.148910433006932,41.17408347336009,-10.153358196224442,16.069967867686458,8,7.553702891908218,3780.9722496266295,40.27681821119115
2,170.0,good,102,-37.58241417673252,20.33426396836141,40.54246074046638,-13.499223073725696,20.39056429389297,8,7.164849213549633,3206.5379899528652,49.35042136170459
2,170.0,good,103,-40.23089902521719,37.650425584521145,46.15762906182164,-30.092408718214372,6.311794708250526,2,8.431938476257452,5256.872052484419,16.963917081899005
2,170.0,good,104,-33.45817175248992,25.261536695632255,37.336486755728956,-19.067806637974,21.50226254309488,3,7.06479637112146,3058.734886453653,51.685077909396846
2,170.0,good,105,-31.71726266158106,23.802445786539465,35.36865750829813,-17.93318828946991,21.099931459192856,4,7.101006168672643,3112.2258250942523,50.840149980396056
2,170.0,good,106,-41.07130306562135,23.274668008761687,44.488941370862236,-15.789116572062365,26.648366189357098,7,6.601647042957861,2521.64286503745,60.16883349250812
2,170.0,good,107,-29.9728182171365,18.180223564321008,32.6744264513833,-12.699299854690645,31.048767788593008,5,6.20561089902663,2082.8383185211587,67.10006756965224
2,170.0,good,108,-26.99201013632836,19.38779932189488,29.94859687285947,-14.40614171430618,17.5893417323551,4,7.416959244088041,3578.9676384519407,43.46762663792714
2,170.0,good,109,-26.6152424595608,32.88779932189488,31.921803542197935,-27.76647140044548,7.798542963151739,2,8.298131133316343,5003.90074445036,20.95978121937391
2,170.0,good,110,-27.901606095924496,24.74941548350916,31.775408901792204,-19.528353198142405,7.240234418066506,2,8.348378902374014,5098.8973536417325,19.459241309138655
2,170.0,good,111,-28.808676802995084,21.328203362299863,32.07461191638558,-16.001605801178286,23.602136331926754,3,6.875807730126592,2825.4104828399295,55.370605031201016
2,170.0,good,112,-37.05867680299509,15.69588012997569,39.221233213412084,-9.022252748762485,28.67814619327525,5,6.4189668426052275,2319.2348179397036,63.36601448042207
2,170.0,good,113,-39.96827276259093,13.949920534015153,41.783443170436435,-6.797572166083604,17.629779163569065,7,7.413319875278784,3573.5913793499312,43.55254852533976
2,170.0,good,114,-35.310697005015406,14.20749629159091,37.24135401504856,-7.860014311780866,27.36851136137137,6,6.536833977476577,2449.830561431686,61.30316058611314
2,170.0,good,115,-31.187464681782963,14.910021544118985,33.302755085525206,-9.267858406184068,31.114447986288752,4,6.199699681234012,2076.288741462103,67.20352285985606
2,170.0,good,116,-4.00514144945985,69.24689023098391,15.968890649050925,-67.4993888574613,7.667346969966224,3,8.30993877270304,5026.223839093694,20.607171850287887
2,170.0,good,117,-9.71170710602533,67.80749629158997,21.33881261618923,-65.09092781930808,9.553110028202514,1,8.140220097461773,4705.359869076092,25.675449516894012
2,170.0,good,118,2.852434308116143,71.68274881684626,9.638479280610865,-71.08904681157587,3.4585772013243603,1,8.688728051880807,5742.34910783213,9.295457088919646
2,170.0,good,119,-11.78342427774256,43.514566998660676,19.16063284703612,-40.80731279674394,5.357609073477229,2,8.517815183387048,5419.2274393767,14.399396729569624
2,170.0,good,120,-13.520798015116299,20.881233665330168,16.941374885620544,-18.21613887014908,14.491735140706515,2,7.695743837336414,3990.8022959176287,36.96240139667234
2,170.0,good,121,1.4201110757927344,21.677698311795755,2.3657564102776316,-21.594965065312145,3.192632324344241,1,8.712663090809018,5787.599824066595,8.580689411899112
2,170.0,good,122,-5.755646499964783,20.1665872006837,9.170096413922863,-18.86075390101614,5.585716254908188,2,8.497285537058263,5380.414834843066,15.01246979205726
2,170.0,good,123,-0.27029296461136476,37.72719326128976,6.817444965444986,-37.10709654236713,4.25532253680864,2,8.617020971687223,5606.782303551012,11.436832471245884
2,170.0,good,124,-10.264737409055632,50.62567810977179,18.899849729986904,-48.074107358691606,4.454019100407856,1,8.599138280963293,5572.973937252369,11.970859984046555
2,170.0,good,125,-8.056151550469833,37.411536695633195,14.430205677260208,-35.44423535421259,4.265424395654826,1,8.616111804391066,5605.063464845485,11.463982767439129
2,170.0,good,126,1.3549595606413958,29.579718513814075,3.802089535486912,-29.365622382840613,3.6092132893066355,0,8.675170803962402,5716.718266774549,9.700314696650869
2,170.0,good,127,-11.379888924207089,58.708506392601954,21.401627989599554,-55.840495289460534,4.707726259827297,2,8.576304636615543,5529.805477653129,12.652736916743656
2,170.0,good,128,-16.05615155046983,33.30143568553313,21.594956150926983,-30.007390592467296,9.286249956248687,2,8.164237503937619,4750.766306407819,24.958222112907468
2,170.0,good,129,-2.407161651479934,64.98931447340816,13.655867483261492,-63.58398152223164,4.961510745113001,1,8.55346403293983,5486.623861000928,13.334821674575126
2,170.0,good,130,-21.046555590873755,47.86608215017865,29.03866905752901,-43.48419278329422,4.688482578484001,2,8.57803656793644,5533.079804173949,12.601016569402269
2,170.0,good,131,-4.54554548986389,56.012041746135424,14.202877416708073,-54.37176728282062,6.636940054477291,3,8.402675395097043,5201.548332907136,17.83779510675715
2,170.0,good,132,-6.509181853500195,29.559516493612055,11.543248926924669,-27.98013345123843,5.700540494326907,1,8.486951355510579,5360.877406133122,15.321077559978624
2,170.0,good,133,-19.699585893904295,26.88678922088384,24.069146870968222,-23.057521287061824,5.753966771505673,2,8.48214299056449,5351.786885813528,15.4646688803475
2,170.0,good,134,-1.492515186833587,46.04385992795737,9.465272896723373,-45.08517769332667,12.51050781697911,3,7.87405429647188,4254.211496565889,32.80166322232726
2,170.0,good,135,2.5201110757926757,53.69436497846148,6.842103703600315,-53.31623961968569,6.171187751645194,2,8.444593102351933,5280.79642946881,16.58601430412435
2,170.0,good,136,15.73677774245946,31.091334675429295,-10.098747120583091,-33.35165021718767,9.32680796523558,3,8.160587283128798,4743.865331376674,25.067227987347785
2,170.0,good,137,13.074151479833139,44.21911245320613,-5.1969574458474,-45.8176273542505,3.9809971208803785,1,8.641710259120766,5653.4589746455185,10.699540809465258
2,170.0,good,138,11.531727237409072,59.14638518048168,-1.08587238684553,-60.25028210851291,6.687277683315374,1,8.398145008501617,5192.983348372248,17.973085210630824
2,170.0,good,139,5.623141378823096,65.2862841703816,5.79913104668338,-65.27088706954613,4.675038738025145,1,8.579246513577736,5535.367283506555,12.56488418466104
2,170.0,good,140,8.614555520237179,30.024668008761687,-3.2699521803076417,-31.064427704145906,4.997081371791609,2,8.550262676538756,5480.571492734267,13.430423193543772
2,170.0,good,141,17.74485855054015,42.27668821078377,-10.134004411081317,-44.71577267191841,4.402206724504586,2,8.603801394794587,5581.789851084043,11.831606271074834
2,170.0,good,142,7.832232287914123,37.60446598856343,-1.1832960894782731,-38.39322251728154,7.123359744893201,3,8.358897622959612,5118.783665161681,19.145122685778738
2,170.0,good,143,14.73475754043914,37.37416295825758,-8.020948175051243,-39.36502923889506,6.285135811532036,2,8.434337776962117,5261.40808335003,16.89226720506818
2,170.0,good,144,8.756474712156548,48.7059811400767,-0.16573931913291595,-49.486573721366454,4.402268996434399,2,8.603795790320904,5581.779255469428,11.831773636444387
2,170.0,good,145,18.585262590944307,24.227193261289763,-14.095902731522209,-27.086424737822128,5.393936275687666,3,8.514545735188111,5413.0463392273705,14.497031661407512
2,170.0,good,146,9.697383803065579,23.11658720068182,-5.535905511916909,-24.449327323953376,6.265177215828929,3,8.436134050575395,5264.8040530744875,16.838625415651954
2,170.0,good,147,-8.665242459560625,7.022142756236435,9.75298024884337,-5.410757066955345,7.836218120304074,2,8.294740369172633,4997.490288777186,21.06103898701711
2,170.0,good,148,-12.996050540368705,11.345375079468758,14.76871503819115,-8.916272845889978,5.717906108502834,2,8.485388450234744,5357.922634120832,15.367750313541384
2,170.0,good,149,-6.240494984813267,4.8155770996736,6.981904031450829,-3.6587670811341626,12.587843506212511,3,7.867094084440874,4243.929520419796,32.964074446208095
2,170.0,good,150,-10.842010136328302,9.27719326128694,12.28826334417946,-7.253556547488193,5.856085309550237,1,8.472952322140479,5334.411341528542,15.739128125615487
2,170.0,good,151,-4.9576667019849845,12.592344776440337,7.0689863279478296,-11.540148976161511,4.1866156262522845,1,8.623204593637293,5618.472834868009,11.25217210323558
2,170.0,good,152,2.4342524899340896,13.433758917852597,-0.0645229695743863,-13.65237344325637,3.3217686159209885,1,8.701040824567112,5765.627189165467,8.9277630167659
2,170.0,good,153,10.99889895458079,14.35648619058081,-8.338823300374225,-16.04831766630234,6.082650795421306,2,8.452561428412082,5295.8610576272595,16.348057644649604
2,170.0,good,154,3.3413231970049733,3.8958801299738086,-2.6140485047512794,-4.41690764096057,9.829428496743805,2,8.115351435293057,4658.344078614981,26.418097813487762
2,170.0,good,155,9.434757540439316,74.01860740270484,3.5617739153086223,-74.53242689097716,13.778740319353064,4,7.759913371258224,4085.5967668548274,35.465054405851305
2,170.0,good,156,-52.10261619693454,49.16406194815845,59.84831014696237,-39.369625021841756,6.399064153921345,2,8.424084226147079,5242.023092177942,17.198467112210945
2,170.0,good,157,-49.61271720703555,46.78375891785636,56.982903033985544,-37.45785056525249,9.16248430114969,3,8.175376412896528,4771.825123565915,24.6255829179188
2,170.0,good,158,-47.192010136328534,44.318102352198856,54.170815173602875,-35.450004234621254,8.399151269560557,3,8.24407638573955,4901.7067997879185,22.57400823079754
2,170.0,good,159,-47.427868722186886,40.05497103906472,53.66280555389011,-31.210683051716238,6.846181256245688,3,8.383843686937889,5165.94578867581,18.40016295314416
2,170.0,good,160,-54.44352528784363,51.42769831179575,62.54673189823261,-41.19237706503181,14.666107781497434,3,7.680050299665231,3967.619010801588,37.328598094250275
2,170.0,good,161,-43.7824141767324,49.92820336229892,51.78720245488479,-41.56694532951382,4.605523425601199,1,8.585502891695892,5547.195364995343,12.378051112549116
2,170.0,good,162,-42.72534346966175,56.99689023098391,51.97365562032482,-48.71180136335829,6.793297656138077,2,8.388603210947574,5174.9439720929895,18.258030160700013
2,170.0,good,163,-56.71827276259093,53.05749629158997,65.0699322966652,-42.40240899773448,10.17019825140436,2,8.084682157373608,4600.361854461874,27.33396883421727
2,170.0,good,164,-35.446555590873814,53.09284982694351,44.12751938306349,-46.131020356162054,4.328361309960284,1,8.610447482103574,5594.354702630366,11.63313538488292
2,170.0,good,165,-35.64403033834874,59.25093063502808,45.39133355565051,-52.161254949605166,3.609580986696539,1,8.675137711197312,5716.655702793476,9.70130293982442
2,170.0,good,166,-45.78645458077275,22.741839725933403,49.039934479288064,-14.445605680079382,27.3451960915515,8,6.538932351760365,2452.1555415884945,61.26643584882522
2,170.0,good,167,-49.388474782793004,55.33880942290404,58.247636286087314,-45.92186991835979,10.629956057968007,2,8.04330395478288,4522.133725845034,28.569638508027552
2,170.0,good,168,-21.263727308045475,19.148910433006932,24.26585691189951,-15.165587958712948,5.476380506381264,2,8.507125754425687,5399.018392794833,14.718613185841301
2,170.0,good,169,-25.43342427774262,17.609516493613935,28.10489386308166,-12.925520592047487,19.983177667137905,4,7.201514009957588,3260.701075845731,48.4948763824094
2,170.0,good,170,-22.332414176732517,40.82820336229986,29.082877736004136,-36.329948188059284,10.625064487410999,2,8.04374419613301,4522.966030169634,28.556491661343706
2,170.0,good,171,-24.361202055520454,22.2675973016938,27.857828349433667,-17.699024120944774,15.086121515554881,3,7.64224906360006,3911.7771189477953,38.210661023684466
2,170.0,good,172,-17.05312124743965,60.79487002896371,27.350964409563204,-56.91001591974188,5.153551289362579,2,8.536180383957367,5453.948021285468,13.85096011373481
2,170.0,good,173,-22.671303065621288,20.62820336229704,25.908924952319012,-16.377984139222797,4.45838451742917,1,8.598745393431376,5572.231158338485,11.982592712343399
2,170.0,good,174,-29.29453538885373,45.87971851381595,36.816415083629515,-40.09575981254984,8.567003649445883,2,8.228969671549871,4873.146594012502,23.025137265563522
2,170.0,good,175,-19.228878823197164,17.32517305926674,21.945233676322694,-13.722904984817704,6.211582414432617,1,8.440957582701065,5273.9232479135335,16.6945811605814
2,170.0,good,176,-26.798070742389143,55.37012255421811,36.00586871160902,-49.87548982722476,3.490411760620302,1,8.685862941544173,5736.932434175893,9.381017353344777
2,170.0,good,177,-29.188979833298056,61.57618316027778,39.43812563581627,-55.57208942113233,9.549736958076354,3,8.140523673773128,4705.933799436591,25.666383873194153
2,170.0,good,178,-21.97635357067191,63.68779932189676,32.70175367119975,-58.904084795178264,4.139841518410841,1,8.627414263343026,5626.43148368685,11.12645950900857
2,170.0,good,179,-23.881404075722475,15.87618316027966,26.275462160677804,-11.488025966608461,10.616276380068737,3,8.044535125793814,4524.461333091422,28.53287227396627
2,170.0,good,180,-36.49453538885361,11.047900331996832,37.858549153218554,-4.542848336380901,7.025885004078523,4,8.367670349632933,5135.369063935738,18.883144358347014
2,170.0,good,181,-38.25615155046972,12.4559811400767,39.83791307334055,-5.623635796832401,25.194917515679116,6,6.73245742358888,2666.579610412854,57.87945313728644
2,170.0,good,182,-32.33089902521743,11.640829624923304,33.86112887278811,-5.849777568056124,15.969044615115694,4,7.5627859846395875,3794.390252178944,40.06487118995773
2,170.0,good,183,-41.73190912622735,15.377193261290703,43.768129242964946,-7.896909172954849,26.950691813016427,7,6.574437736828521,2491.495194376408,60.64503767929536
2,170.0,good,184,-46.94706064137904,36.5605265946231,52.582498118464,-27.852818517399513,16.10098788411107,4,7.550911090430003,3776.84805972038,40.34196276323774
2,170.0,good,185,-21.430899025217368,14.45901144310512,23.616096502016333,-10.517910008569169,7.61337782589359,1,8.314795995669577,5035.40672861418,20.462121491816543
2,170.0,good,186,-22.03140407572224,9.979718513815016,23.429657477068922,-6.00239099609155,11.757504996478916,3,7.941824550316897,4354.325132521948,31.220296186287054
2,170.0,good,187,-19.75867680299497,12.793354877449497,21.680040865567353,-9.167936850398888,20.885260989929442,2,7.1203265109063505,3140.766808773541,50.38932457249259
2,170.0,good,188,-17.547565691883914,15.683758917852597,20.00443489491088,-12.398384573789208,10.709496162361445,2,8.036145345387471,4508.5999186364215,28.783414747272484
2,170.0,good,189,-24.31574751006591,7.12466800876545,25.1835222844042,-2.7940430489381223,23.259083159063675,5,6.9066825156842695,2859.619472304732,54.83024938674485
2,170.0,good,190,-17.622818217136558,5.969617503714004,18.391701211049405,-2.8187553314135907,13.387963036534442,4,7.7950833267119,4137.551598320151,34.64439039682112
2,170.0,good,191,-23.73190912622735,11.576183160277779,25.381551211410713,-7.279312154204351,11.501125727645146,2,7.964898684511937,4388.411406952706,30.681878914239537
2,170.0,good,192,-29.446555590873814,12.917597301694743,31.24231347667206,-7.608009256075366,24.37958038323781,4,6.805837765508597,2747.8843805776787,56.59518569276059
2,170.0,good,193,-26.66675761107601,13.929718513813134,28.680499878421912,-9.087460926231774,22.91061781734981,3,6.938044396438517,2894.3681589414127,54.281368836476396
2,170.0,good,194,-28.800595994914396,8.491334675430236,29.83755501951252,-3.3611612115467215,22.80643248345431,5,6.947421076489112,2904.75743754762,54.11726269290066
2,170.0,good,195,31.952434308116086,28.039819523913202,-26.59794147180885,-33.16231364983946,6.721110853651206,3,8.395100023171391,5187.226609578992,18.06401704899442
2,170.0,good,196,28.371626227308003,37.71608215017771,-21.391268540102825,-42.06977130655968,4.035824899727623,2,8.636775759024514,5644.12998778721,10.846898880686007
2,170.0,good,197,27.43425248993409,21.45749629159091,-23.29140942185189,-25.895416658720933,6.11771959231589,3,8.44940523669157,5289.894076067095,16.442310419047345
2,170.0,good,198,24.282232287914006,31.671132655226334,-18.41369614735342,-35.40654237202637,6.894946908990176,2,8.379454778190885,5157.648277028335,18.531228129982168
2,170.0,good,199,51.84788885357057,18.649920534017976,-47.821678205946256,-27.369877750262557,6.556874311561389,1,8.409881311959476,5215.171577896586,17.6226061333023
2,170.0,good,200,39.26960602528774,25.099415483512924,-34.314544712221135,-31.53719448822771,6.943464895729674,3,8.37508815938433,5149.392905933591,18.661627666417324
2,170.0,good,201,64.53526259094419,41.1357791198728,-56.41167386116528,-51.717264947622716,17.192612996152405,1,7.452664830346284,3631.7137307482762,42.63446409377612
2,170.0,good,202,46.43627269195441,28.81456699866256,-40.727204318446354,-36.44038311057512,0.0,0,9.0,6330.82856,0.0
2,170.0,good,203,59.103444409126006,35.69487002896465,-52.007181151245696,-45.41579016277093,6.277067123500005,1,8.435063958885,5262.780976547551,16.870581367511374
2,170.0,good,204,45.574656530338366,22.102445786541345,-41.04422565913065,-29.68061602540745,5.510234201916348,1,8.504078921827528,5393.25816162384,14.809600188828353
2,170.0,good,205,62.66102016670188,20.823657907752526,-58.09306822378154,-31.38827171632721,0.0,0,9.0,6330.82856,0.0
2,170.0,good,206,51.8135454192272,25.933758917852597,-46.52303126376651,-34.53709458756225,0.0,0,9.0,6330.82856,0.0
2,170.0,good,207,40.81607067175245,31.991334675430235,-34.640745877514675,-38.59295070924644,0.551179177831736,0,8.950393873995143,6237.045017885469,1.4813786414480168
2,170.0,good,208,63.933747439429155,33.20497103906566,-57.19646744705729,-43.80249165209234,0.0,0,9.0,6330.82856,0.0
2,170.0,good,209,57.33425248993415,23.261031645129087,-52.423980609417185,-32.863632769958166,0.0,0,9.0,6330.82856,0.0
2,170.0,good,210,37.714050469732186,17.95648619057987,-34.02297819579037,-24.232662953847335,7.721828700617074,2,8.305035416944463,5016.953732590275,20.753599863865613
2,170.0,good,211,67.88677774245951,18.13779932189488,-63.7058292486552,-29.650660637439664,0.0,0,9.0,6330.82856,0.0
2,170.0,good,212,30.296373702055362,13.542344776438455,-27.48450021817348,-18.597516213079192,5.699425844485845,3,8.487051673996273,5361.067064622621,15.318081767442127
2,170.0,good,213,34.167080772762546,-3.471796637702018,-34.25087720217803,-2.5139990666983647,16.966203148646382,2,7.473041716621825,3661.8154945571123,42.158985038806485
2,170.0,good,214,26.434757540439318,5.719112453206132,-25.040040719451074,-10.2225737582305,5.972414754088937,4,8.462482672131996,5314.617801061407,16.051781363332218
2,170.0,good,215,57.16657572225732,7.390829624923303,-55.01468288862378,-17.20541801344534,4.9079793142834225,1,8.558281861714493,5495.732273291476,13.190947737629521
2,170.0,good,216,42.239808045489646,1.079213463310905,-41.41068699772809,-8.397683477923952,4.149544335615322,1,8.626541009794622,5624.780542209876,11.152537319540423
2,170.0,good,217,57.79384844953011,15.138304372398052,-54.287091062275586,-24.944115977015855,20.03416582009828,1,7.196925076191155,3253.9220715119154,48.60195564177597
2,170.0,good,218,44.78627269195435,15.110526594620273,-41.48195316881208,-22.658018379931278,4.453292630275795,1,8.599203663275178,5573.097546679148,11.968907484060065
2,170.0,good,219,64.16253531821698,13.59487002896559,-60.82703782815106,-24.530040738217046,0.0,0,9.0,6330.82856,0.0
2,170.0,good,220,46.76910097478281,-10.460685526589966,-47.875052220216105,2.1803950530167047,6.565894933652572,1,8.409069455971268,5213.636712419418,17.646850439756378
2,170.0,good,221,43.66102016670188,8.223657907753468,-41.569687955152745,-15.680378652702643,4.545675502068705,1,8.590889204813816,5557.3785331606505,12.217200631939862
2,170.0,good,222,54.21001006569184,-7.196544112449493,-54.63610497418969,-2.326257022378715,0.0,0,9.0,6330.82856,0.0
2,170.0,good,223,49.76809087377265,3.8580013420950205,-48.34206684261605,-12.441527919019483,11.016935295419792,1,8.008475823412219,4456.288924240268,29.609704606496756
2,170.0,good,224,51.08728279296463,11.511536695632255,-48.3121948054962,-20.20786414589661,2.025589466398012,1,8.817696948024178,5986.173023889237,5.444082600631395
2,170.0,good,225,62.57162622730789,1.462041746138247,-61.36714174234494,-12.305278914852767,0.0,0,9.0,6330.82856,0.0
2,170.0,good,226,36.64485855054021,10.139314473409092,-34.32746732750828,-16.348588411805903,15.086348370137001,3,7.64222864668767,3911.7469580553916,38.21113743671821
2,170.0,good,227,63.9792019848837,7.577193261288821,-61.69144834459457,-18.57195050304859,0.0,0,9.0,6330.82856,0.0
2,170.0,good,228,55.57364642932821,-0.020281486184985348,-54.732879709878034,-9.630289063921566,10.122228276494331,1,8.08899945511551,4608.523980941153,27.20504216368871
2,170.0,good,229,35.20192925761086,3.0110316451290866,-34.144272695808326,-9.07803817463255,14.82206598887047,3,7.666014061001658,3946.883971340604,37.65612298715282
2,170.0,good,230,40.95192925761086,-5.258160274066595,-41.242847383174954,-1.9329508830475906,10.70324682092015,1,8.036707786117185,4509.66324867467,28.7666186829316
2,170.0,good,231,39.653444409126124,-13.409675425581748,-41.37958518850329,6.32020396462851,7.950477036304729,2,8.284457066732575,4978.049050262225,21.368127361480383
2,170.0,good,232,48.293343399025176,-3.118766334669834,-48.101227088825325,-5.314665808467678,12.729314261611682,2,7.854361716454949,4225.120624464994,33.261174514177746
2,170.0,good,233,-43.4728182171365,16.85648619058081,45.73946653438851,-9.051422627575718,27.1137584605722,8,6.559761738548502,2475.234318017972,60.901889941275364
2,170.0,good,234,-42.47382831814666,-4.936948152851652,40.97126337784149,12.237447703131831,29.439959136254252,13,6.350403677737117,2243.2674373642144,64.56597400950288
2,170.0,good,235,-35.867262661580824,2.3327488168424955,35.72743592944947,3.930975678428097,25.61005755158367,12,6.695094820357469,2625.182176317864,58.53335544569123
2,170.0,good,236,-43.54908084339901,4.374162958257577,43.64703787765439,3.2545089332951838,22.019607161544396,10,7.018235355461004,2989.952606513618,52.771543595336
2,170.0,good,237,-49.43847478279312,0.9054760895716497,48.844627536068295,7.693181179487176,27.904379170971026,10,6.488605874612608,2396.394249794838,62.147225642217705
2,170.0,good,238,-47.04908084339901,7.292344776438455,47.600601968024996,0.98842947588565,26.31831088106804,7,6.6313520207038765,2554.555717788032,59.64895126163341
2,170.0,good,239,-33.52988892420715,8.522647806744308,34.50043683073557,-2.5707655272111243,21.860042284307454,7,7.032596194412329,3011.167161886014,52.436444403005375
2,170.0,good,240,-31.998070742389025,-1.0137158296202695,31.33591824205213,6.554721881634617,14.236095418322185,14,7.718751412351004,4024.790245771114,36.4255372321895
2,170.0,good,241,-44.659686904005184,13.684769018863639,46.35754111208062,-5.721793381902008,25.882205765528454,9,6.670601481102439,2598.0437729444097,58.96202608676533
2,170.0,good,242,-40.10261619693454,1.4499205340151533,39.74514340530768,5.535853239124281,24.415783964817376,13,6.802579443166437,2744.2741882261344,56.652211282970924
2,170.0,good,243,-41.28695963127797,-1.7207865366909765,40.360906496934426,8.864049223991836,26.17687662315854,12,6.644081103915731,2568.6594294616716,59.426172970609215
2,170.0,good,244,-46.493525287843454,2.652445786543228,46.24777654553094,5.46136676451302,26.617480199563374,9,6.604426782039296,2524.722791366786,60.12018383630363
2,170.0,good,245,-42.91271720703537,12.226688210781889,44.383918735012834,-4.589222201902952,23.153529907537767,8,6.916182308321601,2870.1451585687287,54.66398858589958
2,170.0,good,246,-40.64605054036876,6.120122554218114,41.09129383011946,1.030968464914106,25.75086899473382,8,6.682421790473956,2611.140571236516,58.75515271832734
2,170.0,good,247,-38.88493942925759,4.664566998661618,39.10418338426587,2.1585971258526975,21.866314828731486,11,7.0320316654141655,3010.3332111863756,52.44961725536956
2,170.0,good,248,-34.752616196934596,5.42567810977367,35.16680498456838,0.6914786039022056,19.773889473200327,7,7.22034994741197,3288.5264723613104,48.05535418951054
2,170.0,good,249,-47.607161651479814,-0.30664512254956244,46.83065352656161,8.568883358784625,28.00811914639884,9,6.479269276824104,2386.0493819806998,62.310630285323974
2,170.0,good,250,-38.77534346966187,-3.7940188599233,37.52743441357465,10.469646920243093,27.781545689483885,15,6.499660887946451,2408.643106842418,61.95374611688398
2,170.0,good,251,-33.63241417673234,0.7059811400767002,33.24405457220525,5.14495173210107,15.144067806059569,12,7.637033897454639,3904.0730125691025,38.332352936609894
2,170.0,good,252,-44.21322225754042,-3.4622006781041774,42.94031922640772,11.087147544085973,21.91792804439619,12,7.0273864760043425,3003.4711031797347,52.55800919714473
2,170.0,good,253,-37.00665660097494,-0.8526047185072769,36.296389078061516,7.265790217345932,17.90640428674956,13,7.388423614192539,3536.813367203846,44.13348373464964
2,170.0,good,254,-35.05463639895474,-2.7111905770931357,34.0512844016946,8.757175229670297,17.95359885512471,16,7.384176103038776,3530.538729567995,44.23259615850355
2,170.0,good,255,-31.671303065621288,2.9943649784586572,31.71011082880218,2.55079021554788,16.55009491285989,9,7.51049145784261,3717.138140504408,41.285123972707794
2,170.0,good,256,-45.86827276259098,10.45648619057987,46.98718040567191,-2.3326866917945264,27.01088411224852,9,6.569020429897633,2485.492866185977,60.73984877919396
2,170.0,good,257,-44.75867680299497,1.1938599279536066,44.28600353103583,6.596540148563873,19.839826434803914,10,7.214415620867648,3279.7599859812935,48.193827160258884
2,170.0,good,258,-37.68392932824755,7.8327488168424955,38.47156832458982,-1.170006107044114,13.911556863298408,5,7.747959882303142,4067.938470275468,35.7439799274004
2,170.0,good,259,-39.425343469661634,9.319112453209895,40.4446308090651,-2.3313951477141694,27.102086136239063,8,6.560812247738485,2476.3982729139716,60.883504434781734
2,170.0,good,260,-43.01776771208611,-0.2798774457828264,42.31563095171037,7.745582449003248,22.696701355596797,12,6.957296877996288,2915.699738315485,53.944421165695175
2,170.0,good,261,-35.83594953026793,-7.027352193257574,34.07123403177917,13.143438253962515,16.968495213797464,16,7.472835430758228,3661.5107586784734,42.163798561645564
2,170.0,good,262,-33.36120205552046,-4.369271385177707,32.095654420314986,10.096004276856771,21.58856934701471,18,7.057028758768676,3047.2601778431053,51.86632920220626
2,170.0,good,263,-41.844030338348624,2.891839725934345,41.710488192997104,4.418233431925141,26.88521334279964,12,6.580330799148032,2498.024655331755,60.54190013744811
2,170.0,good,264,-45.316252560570845,5.8246680087635685,45.63923984434616,2.1329064620849483,25.47838931032916,7,6.706944962070376,2638.312028580512,58.32595996596515
2,170.0,good,265,-48.25160609592444,4.133758917855419,48.23637548155752,4.307845636672452,28.416280237264154,9,6.442534778646227,2345.347882732576,62.95353980123297
2,170.0,good,266,-42.368777813096216,7.569112453209895,43.03946346004474,-0.09685957012313295,19.545823561788673,9,7.24087587943902,3318.848414069162,47.57639726593445
2,170.0,good,267,-41.94049498481315,-8.019271385173944,39.9107927639616,15.180331158190082,32.91746036254849,14,6.037428567370636,1896.4937817781292,70.0435138338649
2,170.0,good,268,-45.89251518683335,-1.920786536689095,44.86176367944074,9.860757103958422,23.348557852063784,13,6.89862979331426,2850.6971271048274,54.97118425988734
2,170.0,good,269,-41.189989934308215,10.738809422904984,42.42899612040145,-3.4230960875855603,18.093366445740298,7,7.371597019883373,3511.9562736934604,44.52611944220046
2,170.0,good,270,-37.36322225754048,-5.577352193254752,35.82709391217881,11.980675137983315,16.79357953417742,15,7.488577841924032,3684.76624218497,41.79646143845396
2,170.0,good,271,-39.16019195451012,-8.160180476084916,37.14826017714245,14.836304968815142,15.114756158358396,14,7.639671945747744,3907.970070518072,38.2707960975321
2,170.0,good,272,-44.11978791410608,9.043859927957369,45.01995899463075,-1.2451426038728703,24.66096350616628,8,6.780513284445035,2719.8250794276637,57.03840257794528
2,170.0,good,273,-10.02130306562123,-22.585938051841552,5.947049970708333,23.982987917700154,11.930081222021578,6,7.926292690018058,4331.380685372105,31.582720266048312
2,170.0,good,274,-11.72079801511618,-13.892503708408148,9.130324804580368,15.716740576918292,36.83933141499944,11,5.68446017265005,1588.355377053389,74.91078202481938
2,170.0,good,275,-8.618272762590987,-17.202099668003168,5.500228574779889,18.437308480998713,30.41080759045654,8,6.263027316858912,2146.455201918193,66.09519304502865
2,170.0,good,276,-18.526353570671734,-15.822806738712119,15.497295075689543,18.79949028705788,28.637920595849735,11,6.422587146373524,2323.2460825114904,63.30265366542337
2,170.0,good,277,-14.81473740905575,-5.779372395274954,13.586090774780036,8.264122896108141,27.7234251768142,12,6.504891734086722,2414.4388381251583,61.86219836404544
2,170.0,good,278,-13.832414176732518,-19.628362294267674,10.213839381136296,21.73213688085111,30.747479801700738,8,6.232726817846934,2112.882516869333,66.62549780262358
2,170.0,good,279,-9.401101045419269,-20.398059263961823,5.716191377251054,21.720650974151827,13.842524113588325,7,7.75417282977705,4077.116549540736,35.599005550377186
2,170.0,good,280,-15.66574751006585,-12.259675425580806,13.298879308204388,14.793751915438405,29.73382559039456,13,6.323955696864489,2213.963308357494,65.02885384788411
2,170.0,good,281,-12.275848520166802,-21.17432189022539,8.412468387893078,22.984315087112325,28.36126906466089,10,6.44748578418052,2350.8335530976838,62.8668896840624
2,170.0,good,282,-10.666252560570785,-0.5046249205303012,10.416581019381018,2.3491338537797555,23.068888287439453,5,6.923800054130449,2878.585553584059,54.53066646328424
2,170.0,good,283,-7.825343469661694,-11.355129971032529,5.734661292265347,12.541476665058688,35.63097883306654,8,5.793211905024012,1680.2632496110346,73.45903093589641
2,170.0,good,284,-16.82332326764167,-23.919271385174884,12.41420129824782,26.477223334250922,28.243621897963894,7,6.4580740291832495,2362.5652349606225,62.68157931352002
2,170.0,good,285,-13.74201013632836,-23.329372395276835,9.482135121675508,25.361221825431517,15.232839543278349,8,7.629044441104949,3892.2705848209516,38.51878078939873
2,170.0,good,286,-8.058171752490153,-2.6990693649747457,7.467061540331771,4.057351276691915,34.64690577016525,6,5.881778480685128,1755.1123151940847,72.27673599813791
2,170.0,good,287,-7.069787914106255,-18.707655223561545,3.7138317119711552,19.65109969261898,27.930147629578105,5,6.486286713337971,2393.824639603926,62.18781448720947
2,170.0,good,288,-16.92332326764161,-19.887453203357644,13.212799953505941,22.524022347828407,30.257648577458895,8,6.2768116280287,2161.7280968410073,65.85394666190412
2,170.0,good,289,-7.317767712085936,-15.039978455883837,4.5949295265905175,16.082204416284604,34.329043939794005,9,5.910386045418539,1779.2890373143523,71.89484724706631
2,170.0,good,290,-9.06170710602527,-9.631897647803969,7.251477939523954,11.059116405290158,35.17441430274324,11,5.834302712753108,1714.989765112141,72.91050059469401
2,170.0,good,291,-11.65463639895468,-24.651089566994948,7.1969595034159015,26.300390497824132,17.077583906615573,7,7.463017448404598,3647.0071401230202,42.39289367009774
2,170.0,good,292,-14.118272762590987,-26.17432189022539,9.358661177835407,28.228287464359695,21.04187592740069,7,7.106231166533938,3119.9444553793496,50.718228651900986
2,170.0,good,293,-4.26322225754054,-18.03442290032546,1.0668096601238606,18.500740269352434,12.77938882660094,5,7.849855005605915,4218.46308397044,33.36633516465909
2,170.0,good,294,-4.709181853500077,-10.767756233659734,2.7678375521345346,11.421910668616103,31.564692614059314,7,6.159177664734662,2031.3907053954488,67.9127196994346
2,170.0,good,295,-12.127868722187063,-7.70260471851104,10.60607587246594,9.691567147769634,29.28342777403104,10,6.364491500337207,2258.8766202687625,64.31941571532995
2,170.0,good,296,-8.845040439358781,-13.567756233661614,6.354648255382562,14.89755668357463,35.44577846491184,8,5.809879938157935,1694.3496777682567,73.23652565047098
2,170.0,good,297,-7.4910000353182005,-7.581897647802088,6.06061220279807,8.767510091136435,37.27434139263448,8,5.645309274662897,1555.2683110897187,75.43341607895762
2,170.0,good,298,-13.68695963127803,-15.669776435682756,10.757995837543199,17.80843291960065,34.56909952784683,9,5.888781042493784,1761.030295020594,72.18325724144086
2,170.0,good,299,-6.242515186833587,-9.256645122547681,4.540277797450285,10.200017269819385,33.351323196717274,7,5.9983809122954455,1853.6549424278426,70.7201841771586
2,170.0,good,300,-15.572313166631508,-21.649574415480735,11.57632559431997,24.024772537224475,25.605069562248644,6,6.695543739397623,2625.6795746459097,58.525498680603825
2,170.0,good,301,-5.104636398954564,-5.968766334668893,3.9906201050637966,6.764498170630927,36.17728967774648,8,5.744043929002817,1638.7105867207165,74.11538519500334
2,170.0,good,302,-5.780393974712375,-16.58038249628788,2.8134235962607415,17.332244110157916,27.190581196827722,6,6.552847692285505,2467.57361587874,61.02289625295524
2,170.0,good,303,-10.955646499964665,-18.868261284166664,7.5127664246872286,20.48403804838936,25.96123552395508,8,6.663488802844043,2590.1629883101823,59.086508760076384
2,170.0,good,304,-12.448070742388907,-17.450079465985787,9.228782077737478,19.346558348666797,30.73297798326946,7,6.2340319815057486,2114.328626665653,66.60265545611847
2,170.0,good,305,-10.158171752490095,-15.74502896093246,7.269750711902891,17.26977460537563,33.406769811585676,9,5.993390716957289,1849.4376465083628,70.78679940578958
2,170.0,good,306,-15.320798015116415,-17.81725118315374,11.994107468632087,20.206995758263826,36.83749543522544,8,5.68462541082971,1588.4950225489256,74.90857622356899
2,170.0,good,307,-10.657666701984867,-11.74300875891508,8.456600725822343,13.415290470451033,35.661688917817926,10,5.790447997396386,1677.9274259468434,73.49592695419882
2,170.0,good,308,-4.787464681782906,-20.18391784982323,1.2098317830910994,20.708613302303807,6.579537628206953,5,8.407841613461374,5211.315397916336,17.683517275401684
2,170.0,good,309,-18.843525287843686,-11.037958253861753,16.640528461603314,14.142410692882923,29.813740738396294,13,6.316763333544334,2205.9942333792537,65.1547311308134
2,170.0,good,310,-7.223323267641432,-21.770281486184984,3.3332150491146257,22.69385891497818,17.26034406071852,6,7.446569034535333,3622.708713826315,42.77670482635349
2,170.0,good,311,-6.020798015116298,-12.900079465983906,3.6892532735803507,13.74959887600015,36.03225154585809,7,5.7570973608727725,1649.7422560702983,73.94113202663794
2,170.0,good,312,-4.488474782792948,-14.39654411244761,1.9203511154661799,14.95724372505663,31.93516122841374,5,6.125835489442764,1994.4478699168558,68.49625841207654
2,170.0,good,313,-35.0556464999649,-16.330887546791047,31.687243597836876,22.170133801305347,17.822286663331756,11,7.395994200300142,3547.9970187109484,43.956829898566255
2,170.0,good,314,-30.256656600974942,5.753960938056498,30.796154832128337,-0.4125320612740415,16.583837209358286,7,7.5074546511577545,3712.6520165537463,41.35598553384698
2,170.0,good,315,-30.970292964611247,-10.616746132652453,28.65620600592107,15.833388838314207,16.60766811717358,13,7.505309869454377,3709.483636881624,41.40603237435284
2,170.0,good,316,-32.64150508582349,-18.050079465984847,29.011243872494845,23.44399607504742,15.977767842140736,9,7.562000894207334,3793.23047700816,40.08319067467908
2,170.0,good,317,-37.93392932824755,-10.073311789215289,35.608415469407326,16.5074332481248,20.889732172964905,15,7.119924104433158,3140.172353642007,50.39871441974403
2,170.0,good,318,-40.90817175249009,-10.769776435681816,38.41653265147085,17.709788808573332,18.937257301165175,16,7.295646842895134,3399.75884283851,46.29835872796861
2,170.0,good,319,-29.99958589390412,-19.9515946175,26.079266728594238,24.857858485509635,36.455505715524,10,5.71900448560284,1617.5493424565238,74.44964229995634
2,170.0,good,320,-40.20615155046989,-12.934927950834272,37.34920309877114,19.720142278375423,14.969217565597411,10,7.652770419096233,3927.3197957734856,37.96515324096084
2,170.0,good,321,-3.179888924207207,-12.261190577095016,1.0024458665374198,12.627097458355237,26.50500352254266,8,6.614549682971161,2535.9388761128484,59.943017693834875
2,170.0,good,322,-25.827868722186945,-14.567756233661614,22.905821038719814,18.83140161953035,28.936301215837712,12,6.395732890574606,2293.4918044779106,63.772643932125206
2,170.0,good,323,-22.088979833298115,-18.250079465982964,18.58430555441769,21.80853084576271,27.31636185078909,9,6.541527433428982,2455.0308691368004,61.22101797783006
2,170.0,good,324,-15.522818217136617,4.042344776438455,15.988937532765252,-1.2854233805241901,12.974114196768872,2,7.832329722290802,4192.573851832571,33.77527424573679
2,170.0,good,325,-2.9470606413790414,-15.872301688206129,0.14609190469047517,16.14291747054356,29.834539420626417,6,6.314891452143622,2203.9202053346967,65.18749189861656
2,170.0,good,326,-26.58493942925777,-4.945028960935282,25.322359195716388,9.486329144875302,18.645190519053266,14,7.321932853285206,3438.5898627273696,45.68499478167247
2,170.0,good,327,-21.3652424595608,-9.030382496285995,19.472546955045683,12.603226113523041,21.559289695809515,13,7.0596639273771435,3051.1529817767346,51.80483955836684
2,170.0,good,328,-22.178878823197046,0.6388094229059238,21.952859910366804,3.22221741796883,18.05112070146465,8,7.3753991368681815,3517.5729526061587,44.437399950597325
2,170.0,good,329,-20.150090944409108,-24.065230981136363,15.665082280947091,27.19865262057223,18.462947866689536,9,7.338334691997941,3462.8194858545294,45.30227042106903
2,170.0,good,330,-5.854636398954564,-27.708665324567882,0.9541320775638553,28.30435537883592,15.465672568552183,7,7.608089468830304,3861.3148432271432,39.00774903897977
2,170.0,good,331,-26.27382831814648,-20.3864431023466,22.33460113518931,24.639129631313107,27.327868892848745,8,6.540491799643613,2453.8833960576144,61.23914314214798
2,170.0,good,332,-28.41675761107601,-12.577857243762624,25.800921221522152,17.321289504304413,21.76527882186496,13,7.041124906032153,3023.7662047084586,52.23743344096403
2,170.0,good,333,-17.236959631277855,-3.606645122551444,16.3488041302185,6.5450187075421695,21.112413714174576,9,7.0998827657242884,3110.5662776169665,50.86636372890555
2,170.0,good,334,-21.906656600975,-14.466746132651513,19.061721160511198,18.051014749829125,29.153201241308597,11,6.376211888282226,2271.862706503614,64.11429112363116
2,170.0,good,335,-3.1066566009748837,-30.127352193256634,-2.172100299702191,30.20911527504471,10.861571098853972,6,8.022458601103143,4482.724256447554,29.192139481225286
2,170.0,good,336,-3.6238283181467184,-7.933412799315358,2.1911515480154664,8.442157616236043,35.095803701967995,6,5.841377666822881,1720.9689248257525,72.81605545758526
2,170.0,good,337,-1.651606095924496,-13.72634209224465,-0.7570398021624942,13.804606501721226,30.043491287390484,5,6.296085784134857,2183.08369142309,65.5166196536036
2,170.0,good,338,-6.73190912622735,-32.64199865790498,0.9614127177307505,33.315077104107665,16.573279408234868,8,7.508404853258862,3714.0557030066925,41.33381329462675
2,170.0,good,339,-9.039484883803226,-30.116746132652455,3.672436713613406,31.228895164056762,13.29216183421379,7,7.803705434920759,4150.288611292974,34.443200096813655
2,170.0,good,340,-19.18392932824755,-25.767251183156564,14.418046124255277,28.70704310732694,34.72935538247925,10,5.874358015576867,1748.8411584354656,72.37579343902712
2,170.0,good,341,-13.02231316663139,1.8347690188645789,13.143079265217127,0.4544061956291736,15.760195305244498,4,7.581582422527996,3822.157297944099,39.62627068921767
2,170.0,good,342,-16.900595994914337,-26.599574415478855,12.024870342354905,29.130224807190643,15.572520779198094,8,7.598473129872171,3847.1091024623793,39.232138953034934
2,170.0,good,343,-28.837464681783022,1.3595164936139352,28.63543635745984,3.66871080726711,23.19451946117575,11,6.912493248494183,2866.057712891238,54.72855273636981
2,170.0,good,344,-23.99958589390412,-7.039978455883836,22.41249882772052,11.10050971963073,18.4329683014447,13,7.3410328528699775,3466.8053451359724,45.239310900941966
2,170.0,good,345,-19.75413134844969,-1.4914936073961658,19.195026559048536,4.899103378183359,19.455202578223677,10,7.2490317679598695,3330.8967038120595,47.386085845735494
2,170.0,good,346,-18.56372730804559,-21.981897647803027,14.464586109565765,24.871500647225183,25.01157805807936,8,6.748957974772857,2684.8620752598285,57.590668428086
2,170.0,good,347,-4.609686904005069,-3.7627057286092276,3.8862684091531228,4.506005504333411,30.31494224859495,5,6.271655197626455,2156.0148175381646,65.94419202629356
2,170.0,good,348,-4.0702929646111885,-35.34553401143939,-2.1292315011708105,35.51535488469746,19.837718203318737,8,7.214605361701314,3280.040280707518,48.18939970303795
2,170.0,good,349,-1.9349394292577118,-19.531897647800207,-1.4861350813754963,19.571162940381043,18.17079821230991,5,7.364628160892108,3501.6615238216946,44.68873243628485
2,170.0,good,350,-26.57281821713644,4.314566998662559,26.918334096359636,0.3653024277068493,12.667687618543535,4,7.859908114331082,4233.314043056999,33.131753562175135
2,170.0,good,351,-2.3086768029950857,-5.791493607398047,1.2679205038946513,6.104405325748249,33.648547382745065,6,5.971630735552944,1831.047929359856,71.07727824239399
2,170.0,good,352,-0.10968690400506896,-32.550079465984844,-5.544241468713937,32.07461755025975,10.617607482948912,5,8.044415326534597,4524.234844958263,28.536449817269048
2,170.0,good,353,-0.779888924207148,-7.26523098113448,-0.4935534611557767,7.29028208811692,33.72189628559024,5,5.9650293342968785,1825.4689768953745,71.1654018175565
2,170.0,good,354,-0.5627172070354308,-10.899574415480737,-1.3385229663514586,10.831700206442463,29.456168804392547,6,6.348944807604671,2241.6510221538756,64.59150645276871
2,170.0,good,355,-1.0606970050154052,-25.77583704174336,-3.4313444960024944,25.568432261065816,12.031112839329447,5,7.91719984446035,4317.948275452986,31.794894862024403
2,170.0,good,356,-0.10211114642931139,-15.22482694073044,-2.5432036048796753,15.011259023997404,18.295806441725635,5,7.353377420244692,3485.041362474988,44.95125986360642
2,170.0,good,357,0.5327373384189382,-5.136948152854474,-1.4166655467067417,4.966397499761248,28.771963393020577,4,6.410523294628149,2309.8794414220647,63.51378939533209
2,170.0,good,358,-2.0849394292577705,-9.429877445783767,0.4157834804110623,9.648662350999354,33.346479726061126,5,5.998816824654498,1854.0233391114407,70.71436508602216
2,170.0,good,359,-0.6238283181467182,-17.40260471850916,-2.4075796317675833,17.24654670001786,13.176400997290964,4,7.814123910243813,4165.679308339715,34.20009294423675
2,170.0,good,360,1.6473838030654617,-27.839978455881013,-6.456717866595941,27.130961431724128,16.73870251417294,4,7.493516773724435,3692.062281261467,41.681215242678014
2,170.0,good,361,0.7716262273080623,-8.760180476083976,-2.281092866785944,8.493102162421621,32.97192849792161,4,6.032526435187055,1891.0622626535699,70.12930859316194
2,170.0,good,362,2.1978888535705123,-16.824826940729498,-5.086098521074505,16.1875606201821,20.73683929314422,5,7.133684463617019,3160.499850025716,50.07762696348049
2,170.0,good,363,0.9994040050857226,-12.387453203357643,-3.1352794872973044,12.02571527050635,27.744550207914724,5,6.502990481287674,2412.3322668308883,61.89547317593309
2,170.0,good,364,2.3175858232675406,-10.29098855689488,-4.069387896321083,9.73220076219287,28.69396270701765,3,6.4175433563684114,2317.6576077729296,63.39092765176807
2,170.0,good,365,2.4443535000351,-34.95007946598579,-8.476235886519925,33.99465169564069,19.04755326331637,6,7.2857202063015265,3385.0947147614165,46.529989200001076
2,170.0,good,366,2.038797944479603,-6.62331178921717,-3.1579500448663236,6.168655252948262,29.859388338538306,4,6.3126550495315525,2201.442291010322,65.22663234130728
2,170.0,good,367,5.135767641449359,-9.55563502153852,-6.717062398909013,8.518646762307643,28.51195898988931,2,6.433923690909961,2335.8068736428095,63.104246916412954
2,170.0,good,368,6.439808045489822,-13.172806738711179,-8.629406776044625,11.854421273590084,21.675626879883307,5,7.049193580810502,3035.6856579136174,52.049157086736564
2,170.0,good,369,6.377686833368668,-7.465736031640471,-7.57720689662205,6.2448410295572865,14.211858862615426,3,7.720932702364612,4028.012557359858,36.37463849818959
2,170.0,good,370,7.910010065691725,-8.948564314466873,-9.34374112504031,7.439056681980907,7.166187183342503,2,8.355043153499174,5111.49654503993,19.26022800023619
2,170.0,good,371,2.9256666313484665,-23.240988556892997,-6.916974491363527,22.379869039501624,13.528627905056338,6,7.78242348854493,4118.849847070864,34.93979803694347
2,170.0,good,372,2.5271817828635004,-13.909170375073874,-4.9040903015256205,13.259018312113161,14.79388680786582,6,7.668550187292077,3950.630464968299,37.59694442004762
2,170.0,good,373,5.98879794447978,-25.73492795083145,-10.366637987998892,24.304012719715015,11.526723803096075,5,7.962594857721354,4385.00807785871,30.73563695020183
2,170.0,good,374,4.411020166701884,-15.071291587197909,-6.9611091780650725,14.076359189380305,13.52907791088336,3,7.7823829880204975,4118.790017654135,34.94074308570227
2,170.0,good,375,4.8377878434695605,-5.949574415477914,-5.797423730818565,5.019113968528008,5.861131030839446,3,8.472498207224449,5333.552808343585,15.752689276052912
2,170.0,good,376,3.7963737020553605,-30.200079465985787,-8.98288701978069,29.082039024583015,20.04888997130596,3,7.1955999025824635,3251.9644582419032,48.63287755431015
2,170.0,good,377,3.812535318217036,-11.715230981137303,-5.788942850834659,10.875210488253634,8.409607723696293,4,8.243135304867334,4899.92762643332,22.6021115562586
2,170.0,good,378,6.659505015186792,-11.08290774881313,-8.482858904011735,9.758122566899278,4.8673106987749435,2,8.561942037110255,5502.652068103541,13.081644591185382
2,170.0,good,379,10.189808045489821,-17.614220880127203,-13.093679321761432,15.577179688143657,18.279710346101815,2,7.354826068850836,3487.1813792368466,44.91745675645264
2,170.0,good,380,11.441828247509847,-31.08391784982417,-16.665666856152313,28.624830668143318,15.720932444406394,3,7.585116080003424,3827.377394933811,39.5438154949214
2,170.0,good,381,12.241323197005032,-25.826342092248414,-16.540047231660417,23.30829845899992,14.504923995197638,5,7.694556840432212,3989.0488042423585,36.99009906149854
2,170.0,good,382,8.583242388923988,-28.369271385177708,-13.37911592837007,26.44781400812019,13.024381857662723,4,7.827805632810355,4185.890638747463,33.880840413289235
2,170.0,good,383,6.77516158084318,-20.786948152850712,-10.281847318724301,19.29465324047776,10.106939056906587,4,8.090375484878408,4611.125452888526,27.163950039289553
2,170.0,good,384,3.607484813166648,-8.090483506388887,-4.957576730209098,7.341137718941655,29.58593704182542,3,6.337265666235712,2228.71063676068,64.79590916673504
2,170.0,good,385,-1.0899899343082757,-37.82179663770108,-5.4942555242139655,37.43647332742701,19.323813727608336,7,7.26085676451525,3348.365184939994,47.110158596049644
2,170.0,good,386,1.5620302677121027,-40.51725118315657,-8.574046350111026,39.630459386466846,18.682725321487652,7,7.3185547210661115,3433.599515487896,45.7638209130734
2,170.0,good,387,7.8716262273080035,-39.80512997103535,-14.664126818732758,37.83350705548697,17.732530395207966,7,7.404072264431283,3559.930342341464,43.76833445097329
2,170.0,good,388,5.118090873772592,-37.38694815285447,-11.532510988383459,35.93020924903218,20.41261415996174,7,7.162864725603443,3203.606404300871,49.3967278699951
2,170.0,good,389,4.595868651550251,-42.764725930631315,-11.952063806152296,41.31696943578966,16.27182639222587,5,7.535535624699673,3754.134646512554,40.70073749536894
2,170.0,good,390,17.746373702055536,-30.8556350215404,-22.834791201882656,27.30524313976972,11.292123509536427,2,7.983708884141722,4416.1987822560895,30.242957293790784
2,170.0,good,391,27.249404005085722,-27.59452391042835,-31.627163119802752,22.443491739677505,4.576241042289571,2,8.588138306193938,5552.177784032511,12.299350212817783
2,170.0,good,392,22.71556562124728,-23.161695627599126,-26.39245137527059,18.86530085216542,7.629557357899583,4,8.313339837789037,5032.653769354639,20.505606467494697
2,170.0,good,393,31.67819188387372,-23.56270572861111,-35.2885498793227,17.70387499106338,12.192606316201351,3,7.9026654315418785,4296.477307864721,32.13404427011176
2,170.0,good,394,15.772636328317928,-17.060685526589026,-18.49557149301026,14.062605822872408,6.188943632320405,3,8.442995073091163,5277.775253324901,16.633735958806295
2,170.0,good,395,20.560515116196715,-33.270281486184984,-26.025478442897057,29.194535170672566,14.037506073334665,2,7.736624453399879,4051.1932031672422,36.00848349039415
2,170.0,good,396,24.76354541922708,-16.459675425578926,-27.24552416356571,11.909471436553602,17.31577228212578,4,7.441580494608679,3615.3393911244793,42.89310858981025
2,170.0,good,397,14.093343399024999,-33.541493607398046,-19.703653086374906,30.584639553700057,11.22054934154861,3,7.990150559260625,4425.714749530993,30.092645732125266
2,170.0,good,398,24.637787843469678,-25.698059263963703,-28.72590564608294,21.029341039755693,10.175504071495702,1,8.084204633565387,4599.459065274614,27.34822904010824
2,170.0,good,399,29.55495956064128,-29.77432189022445,-34.27621005278788,24.189818169448962,8.318028634522848,2,8.251377422892944,4915.509875748497,22.35597869754198
2,170.0,good,400,31.93677774245934,-17.169776435682756,-34.43308671600659,11.363165695814848,7.176124107479728,2,8.354148830326825,5109.80577009633,19.286935009083074
2,170.0,good,401,18.148898954580556,0.4686074027029628,-17.791803577585487,-3.6130114334249614,8.214204526623844,5,8.260721592603854,4933.175623997467,22.076935471500647
2,170.0,good,402,24.75798986367164,-31.31371582962215,-29.81943005653548,26.538810302110086,7.8092601050746,2,8.297166590543286,5002.077214877232,20.988585183276044
2,170.0,good,403,32.54283834851995,-10.686443102348482,-33.9041208811096,4.873087443986635,6.96384680453014,2,8.373253787592288,5145.924909174566,18.716407174757453
2,170.0,good,404,13.55748481316653,-14.791493607398047,-15.920032065248385,12.21254505164266,15.430722992923554,4,7.61123493063688,3865.961478002002,38.934352093685476
2,170.0,good,405,17.42718178286356,-9.579877445780005,-18.825951993649372,6.408139223046355,6.817002714639658,3,8.38646975568243,5170.910538970466,18.321741143935412
2,170.0,good,406,18.20849491417675,-18.849069364975687,-21.204973508110214,15.400837687788592,3.6256431638423154,2,8.673692115254191,5713.922711549632,9.744472506302838
2,170.0,good,407,20.45748481316659,-21.0046249205303,-23.794104491163438,17.133112513396394,14.003206244504588,4,7.739711437994587,4055.7534524563075,35.93645106610962
2,170.0,good,408,22.28930299498483,-29.061190577096898,-26.99710118324353,24.749188945545182,18.073651608803708,4,7.3733713552076665,3514.5774112964946,44.48471668459626
2,170.0,good,409,19.9261716818534,-26.28341279931912,-24.187515095610973,22.423965299957537,19.981415082556055,3,7.201672642569955,3260.935415938976,48.491174811737814
2,170.0,good,410,25.033242388924165,-6.153109769012327,-25.72140748601994,1.7126532837272634,6.6423696616762,3,8.402186730449142,5200.6244812525665,17.852388009499876
2,170.0,good,411,9.410515116196951,-10.429372395275895,-11.078589756918785,8.636807993084503,3.408473873481172,1,8.693237351386694,5750.874225880575,9.160796704932805
2,170.0,good,412,12.661525217206817,-19.579372395276835,-15.869090535166876,17.083266953529986,19.835020973104413,4,7.2148481124206025,3280.398884309542,48.18373530068326
2,170.0,good,413,30.42516158084324,-35.61220067810512,-36.146928761925565,29.787897465889206,6.050751616822606,1,8.455432354485966,5301.288726305346,16.262323705929795
2,170.0,good,414,16.83728279296463,-35.985433001339324,-22.830291497408595,32.51496994135926,18.23898043146761,4,7.358491761167915,3492.5965247518425,44.83192063011982
2,170.0,good,415,27.802939358620957,-44.54553401143751,-35.11580104118457,39.04085750312396,17.02000546537105,2,7.468199508116606,3654.6623400090493,42.27197427047291
2,170.0,good,416,11.082232287914122,-36.869271385177704,-17.316150065763654,34.384734866756254,17.414198680431635,5,7.432722118761153,3602.253351683203,43.09981201444503
2,170.0,good,417,24.6347575404392,-47.309170375074814,-32.47565144196654,42.31265701978521,7.862045194554422,3,8.292415932490101,4993.0957931157545,21.130453213287538
2,170.0,good,418,21.675666631348466,-44.63088754679293,-29.096436840418264,40.18890406964813,10.210706532322654,3,8.081036412090961,4593.4693406981405,27.44284105684043
2,170.0,good,419,13.48778784346962,-39.168766334671716,-20.084462934710245,36.2315749825316,15.737758503733742,5,7.583601734663963,3825.1403276450683,39.57915158509571
2,170.0,good,420,32.58071713639874,-43.19704916295266,-39.58683170235871,36.88320676510792,10.30468670731149,1,8.072578196341967,4577.478544867159,27.69542720223087
2,170.0,good,421,15.960010065691842,-45.11270572860829,-23.55128079024352,41.65591569743844,17.17404886627346,5,7.454335602035388,3634.18187892773,42.595477914383295
2,170.0,good,422,18.756474712156546,-42.01371582962027,-25.767126906539012,38.118405428639925,13.129994689583919,5,7.818300477937448,4171.8491447192955,34.10263593176032
2,170.0,good,423,25.775161580843182,-37.05462492052748,-31.81804705153798,32.01587206911074,15.951811270649092,2,7.5643369856415825,3796.6814690605615,40.02867976793607
2,170.0,good,424,28.049909055590774,-39.119776435680876,-34.41684579802684,33.654643538736345,10.96346876141915,1,8.013287811472276,4465.386294287685,29.466005089740023
2,170.0,good,425,21.911020166701885,-39.237958253864576,-28.391742482729526,34.837036778004055,17.970880773085028,2,7.382620730422348,3528.24105471712,44.268889588804164
2,170.0,good,426,24.868595924277525,-41.89452391043023,-31.76569380402615,36.939665592360974,19.638790117353565,3,7.232508889438179,3306.488274576284,47.77163457769762
2,170.0,good,427,18.83576764144924,-47.72179663770202,-26.836413028364483,43.725998590585476,14.399015410260457,4,7.704088613076559,4003.1296193845637,36.76768243769084
2,170.0,good,428,32.69233329801507,-37.66371582962121,-38.73589891392325,31.414555255379376,0.03054815876471526,0,8.997250665711174,6325.630768339394,0.08210286554665158
2,170.0,good,429,30.3185959242777,-41.13391784982135,-37.000818201595706,35.24423227860048,10.853751124070236,1,8.02316239883368,4484.054830903126,29.171122098698476
2,170.0,good,430,52.8600100656919,-28.047554213459595,-56.92735441417843,18.442404423082245,20.503946432660435,1,7.154644821060561,3191.463546862539,49.58853305510237
2,170.0,good,431,55.502939358621134,-34.04805926396276,-60.57210843961929,23.89280846338696,0.0,0,9.0,6330.82856,0.0
2,170.0,good,432,48.38324238892411,-33.712200678104175,-53.50225443337601,24.798374728446365,7.51391302707589,1,8.323747827563169,5052.330737219743,20.194794578045826
2,170.0,good,433,45.84637370205548,-17.967251183154684,-48.26984469491805,9.733149019489488,0.0,0,9.0,6330.82856,0.0
2,170.0,good,434,42.0635454192272,-33.41927138517489,-47.2277012230283,25.60729955188031,9.702726297860384,1,8.126754633192565,4679.902550855772,26.07756620634548
2,170.0,good,435,59.660515116196954,-29.086948152852592,-63.80503337576813,18.28511232379541,0.0,0,9.0,6330.82856,0.0
2,170.0,good,436,61.3898080454897,-4.944018859924241,-61.31567878450626,-5.791320190129971,2.551290322270713,1,8.770383870995635,5896.724636977508,6.856984341122185
2,170.0,good,437,58.98374743942927,-17.590988556892057,-61.14229488632805,7.081321659152973,15.336785143343812,1,7.619689337099057,3878.450753499104,38.73707498566185
2,170.0,good,438,64.36354541922702,-23.63543300133556,-67.4899684092589,12.09974529528439,0.0,0,9.0,6330.82856,0.0
2,170.0,good,439,45.678191883873716,-26.061695627600066,-49.50980346346111,17.73382513094987,15.837444792063652,2,7.574629968714271,3811.8867826277437,39.78850088103248
2,170.0,good,440,39.413545419227134,-21.011190577095018,-42.46332005687881,13.847893042898644,7.2039677401633595,2,8.351642903385297,5105.068155535708,19.361769045666467
2,170.0,good,441,65.48627269195453,-18.12583704174242,-67.63890763389477,6.478892933386238,0.0,0,9.0,6330.82856,0.0
2,170.0,good,442,52.10950501518668,-21.440988556891114,-55.04103313486602,12.06653117805947,11.628624170528655,1,7.953423824652421,4371.460165405795,30.949635991946757
2,170.0,good,443,58.43526259094425,-23.802099668002228,-61.68069088086138,13.293315430611885,0.9234444335166655,0,8.9168900009835,6173.703811090169,2.481898655455461
2,170.0,good,444,66.4029393586212,-12.902604718509158,-67.6346432996955,1.175835749487467,0.0,0,9.0,6330.82856,0.0
2,170.0,good,445,52.86607067175227,-13.916746132649632,-54.47953387382085,4.5252226555750905,0.0,0,9.0,6330.82856,0.0
2,170.0,good,446,38.36102016670176,-28.251594617497176,-42.6840679951388,21.161068168877062,0.0,0,9.0,6330.82856,0.0
2,170.0,good,447,60.88425248993427,-10.626847142753464,-61.80461652912426,-0.10703803723110639,0.02479296371268464,0,8.997768633265858,6326.610019006416,0.06663489547383827
2,170.0,good,448,30.770616126297902,-47.18593805184061,-38.49689348034744,41.1258162105861,12.332690008152507,3,7.890057899266274,4277.8528255154215,32.42823139226785
2,170.0,good,449,31.6281918838736,-55.65462492053124,-40.81201277718329,49.316928229190964,5.957114474062754,2,8.463859697334353,5317.221154950508,16.010659512307058
2,170.0,good,450,43.35748481316665,-68.72785724376357,-54.63325436044806,60.1547784355466,0.0,0,9.0,6330.82856,0.0
2,170.0,good,451,35.959505015186615,-54.15209966800599,-44.81661275762438,47.08510507925011,12.409885122347251,2,7.883110338988748,4267.589539177469,32.59034739715856
2,170.0,good,452,44.21859592427776,-49.53795825386175,-52.14899226966632,41.10688675555698,2.234888919312197,1,8.798859997261902,5950.560568182651,6.0066070059137555
2,170.0,good,453,49.69233329801507,-49.38795825386081,-57.51352404662531,40.00866107262736,0.0,0,9.0,6330.82856,0.0
2,170.0,good,454,38.00142420710604,-62.2632107791171,-48.235990272149486,54.71841464039587,10.702181304818529,1,8.036803682566333,4509.844547022306,28.76375494486134
2,170.0,good,455,43.26001006569167,-43.740988556892994,-50.19833626033383,35.56444274148607,0.0,0,9.0,6330.82856,0.0
2,170.0,good,456,46.29586865155043,-45.99906936497192,-53.58018495008379,37.261046917121405,0.0,0,9.0,6330.82856,0.0
2,170.0,good,457,40.15546461114645,-65.62129158719509,-50.94043057513107,57.65143346465001,0.0,0,9.0,6330.82856,0.0
2,170.0,good,458,52.30394945963112,-52.628867344770846,-60.64824184809749,42.746831084933184,0.0,0,9.0,6330.82856,0.0
2,170.0,good,459,49.903444409126124,-61.046039061945386,-59.74583239301219,51.4529703779422,0.0,0,9.0,6330.82856,0.0
2,170.0,good,460,46.311020166701944,-52.58088754679105,-54.73802701268285,43.74024145849863,4.864464929912601,1,8.562198156307865,5503.136277766538,13.073996150568036
2,170.0,good,461,51.22213127781288,-38.99805926396559,-57.21589393193381,29.510961362974395,0.0,0,9.0,6330.82856,0.0
2,170.0,good,462,37.3251615808433,-57.92533199123643,-46.816736848278026,50.56386975113857,9.632900891716105,2,8.133038919745552,4691.7833950189315,25.889899709763554
2,170.0,good,463,57.00697976266148,-56.14048350638606,-65.88960830030337,45.38842526486124,0.0,0,9.0,6330.82856,0.0
2,170.0,good,464,51.24788885357063,-64.08290774881313,-61.597198418683675,54.210241877897346,0.0,0,9.0,6330.82856,0.0
2,170.0,good,465,52.64384844953005,-56.97937239527778,-61.73843428254227,46.9722193480044,0.0,0,9.0,6330.82856,0.0
2,170.0,good,466,41.006474712156546,-40.97078653669098,-47.49799663990801,33.22764862203043,0.0,0,9.0,6330.82856,0.0
2,170.0,good,467,47.155969661651376,-56.98997845588195,-56.33577042774426,47.93562442948844,5.306704613913229,1,8.52239658474781,5427.888870576115,14.262583181116584
2,170.0,good,468,54.939302994984594,-59.705635021539464,-64.47242625248482,49.25846242035888,0.0,0,9.0,6330.82856,0.0
2,170.0,good,469,34.84536360104532,-45.2152309811373,-42.167526693502644,38.477476134998696,3.815512248634473,1,8.656603897622897,5681.616347256444,10.254774814871247
2,170.0,good,470,22.353949459631234,40.32315285724936,-15.012300726841474,-43.592276147039165,4.256191342910215,2,8.61694277913808,5606.634475554427,11.439167520997806
2,170.0,good,471,69.92566663134846,49.867092251189696,-60.20400893813123,-61.25196365182555,0.0,0,9.0,6330.82856,0.0
2,170.0,good,472,69.05243430811602,54.7009306350262,-58.504655749541385,-65.86072996742656,0.0,0,9.0,6330.82856,0.0
2,170.0,good,473,71.85293935862107,39.33880942290404,-63.9302191892121,-51.218296493582606,0.0,0,9.0,6330.82856,0.0
2,170.0,good,474,70.89334339902511,44.4559811400767,-62.09661410494703,-56.091094784468645,0.0,0,9.0,6330.82856,0.0
2,170.0,good,475,68.20243430811608,59.429718513813135,-56.84642376175624,-70.37007598178921,0.0,0,9.0,6330.82856,0.0
2,170.0,good,476,73.69990905559084,28.63476901886646,-67.60786637620086,-40.997597437215305,0.0,0,9.0,6330.82856,0.0
2,170.0,good,477,68.62061612629785,31.029213463309024,-62.18994840531088,-42.473654929251104,0.0,0,9.0,6330.82856,0.0
2,170.0,good,478,72.74687875256048,34.372647806743366,-65.67294254973243,-46.48281297797819,0.0,0,9.0,6330.82856,0.0
2,170.0,good,479,10.852434308116143,-2.7419986579040385,-11.16370451579866,0.8158360961985249,9.036542758400664,2,8.186711151743939,4793.2541696065055,24.28709569089159
2,170.0,good,480,21.241828247509964,14.252445786542287,-18.44420590817175,-17.72452387546705,10.025664289482794,4,8.09769021394655,4624.954414286384,26.945511626895414
2,170.0,good,481,13.223141378823037,6.046385180482622,-11.972308380978324,-8.250701406902206,7.413704158567455,3,8.33276662572893,5069.381349829932,19.925467862773203
2,170.0,good,482,69.4807171363988,4.050425584522086,-67.72179989924594,-16.05409043236346,0.0,0,9.0,6330.82856,0.0
2,170.0,good,483,67.46203026771187,-7.149069364972864,-67.67855330882891,-4.674199680252118,0.0,0,9.0,6330.82856,0.0
2,170.0,good,484,70.49384844953029,9.720627604725046,-67.73491922342569,-21.814077749267405,0.0,0,9.0,6330.82856,0.0
2,170.0,good,485,68.47314137882304,-1.5137158296202695,-67.69573449828512,-10.399517134695351,0.0,0,9.0,6330.82856,0.0
2,170.0,good,486,71.3898080454897,15.190324574422016,-67.667464268734,-27.356259482753913,0.0,0,9.0,6330.82856,0.0
2,170.0,good,487,32.944858550540324,-62.389473405379725,-43.27817048490625,55.720822465170805,4.748222573174078,2,8.572659968414333,5522.915000180485,12.761576974681422
2,170.0,good,488,15.128696934378533,-50.011695627598186,-23.583297841713616,46.62483494221534,12.500141450429778,6,7.87498726946132,4255.589731306388,32.779893011249264
2,170.0,good,489,18.9923332980149,-66.41321077911334,-30.236330104479755,62.10626081086152,31.790396236636287,3,6.138864338702734,2008.8837197218752,68.26823375988127
2,170.0,good,490,31.64940400508578,-69.66674613264964,-43.26608195234338,63.112490388839035,10.600421134879076,1,8.045962097860883,4527.159114710876,28.490258868882158
2,170.0,good,491,17.299909055590774,-51.98846330436774,-26.064786476859435,48.194544048025065,21.7853995414671,6,7.039314041267961,3021.091103974992,52.279688585106896
2,170.0,good,492,24.592838348520065,-52.917251183157504,-33.408202109297015,47.84281767039003,13.0951466361422,4,7.821436802747202,4176.482281861761,34.029452191297985
2,170.0,good,493,19.480717136398795,-53.96472593062943,-28.55563758631245,49.762089455282215,14.668093704874646,5,7.679871566561282,3967.3549772487113,37.33276869451806
2,170.0,good,494,24.052434308116027,-75.21927138517677,-36.74871318691971,69.89986024999351,8.81170983197693,1,8.206946115122076,4831.509657244739,23.682822691304416
2,170.0,good,495,22.729707035388635,-67.0884633043668,-34.03418110742488,62.122266594216995,8.464953398296506,2,8.238154194153315,4890.510519232094,22.750861551807766
2,170.0,good,496,27.55546461114621,-49.92028148618593,-35.8054010956067,44.37692402565657,8.399961987428217,3,8.24400342113146,4901.568855547019,22.57618715950478
2,170.0,good,497,28.07667673235839,-59.61270572860829,-38.001766640411816,53.83159103005118,10.056643878556784,2,8.094902050929889,4619.68321444164,27.028774027618894
2,170.0,good,498,12.937282792964568,-48.01876633467077,-21.079107665252657,45.042717795505354,15.262342561543402,4,7.626389169461095,3888.348083669853,38.58073952219213
2,170.0,good,499,21.667585823267483,-55.92280673871118,-31.04929998800835,51.31067685383391,9.81648529846104,2,8.116516323138507,4660.5463733134575,26.38331098143878
2,170.0,good,500,21.703949459631176,-50.340483506388885,-30.115750922586496,45.80684717563484,5.876101218985301,3,8.471150890291323,5331.005619830476,15.792923954483529
2,170.0,good,501,26.45546461114627,-70.69098855689111,-38.328907998974906,65.02309037986613,11.796648965694203,1,7.938301593087522,4349.120842475211,31.302501698526306
2,170.0,good,502,28.220616126297784,-81.7818976478002,-41.99315904864332,75.6389882966349,0.0,0,9.0,6330.82856,0.0
2,170.0,good,503,29.46859592427776,-74.7889683548728,-42.00786980102607,68.53558789500944,5.66365841078603,1,8.490270743029257,5367.152919748555,15.221951299395863
2,170.0,good,504,31.475161580843356,-78.8950289609334,-44.69696115817229,72.23083174456427,0.0,0,9.0,6330.82856,0.0
2,170.0,good,505,44.9857676414493,-71.62078653669192,-56.73915181367374,62.721009286280946,0.0,0,9.0,6330.82856,0.0
2,170.0,good,506,35.84788885357057,-73.0748269407295,-47.992589403700194,65.73973554862658,0.0,0,9.0,6330.82856,0.0
2,170.0,good,507,35.46253531821709,-78.12432189022822,-48.48992585055225,70.77943326286055,0.0,0,9.0,6330.82856,0.0
2,170.0,good,508,40.13425248993427,-75.59250370840627,-52.6510235276822,67.47484391474104,0.0,0,9.0,6330.82856,0.0
2,170.0,good,509,-1.0606970050154052,-3.6202814861840444,0.41592735141881454,3.7494693776583015,28.254448746224938,2,6.457099612839755,2361.4855902658715,62.69863307961903
2,170.0,good,510,-2.214232358550582,-53.40058451648707,-7.092320993965753,52.9738070612136,23.84425322765786,5,6.8540172095107925,2801.266778625826,55.75197224064734
2,170.0,good,511,-5.483424277742443,-55.36119057709408,-4.2132511154078935,55.47231632951322,18.905838280957546,8,7.298474554713821,3403.9360813103053,46.2323762355949
2,170.0,good,512,-0.07079801511641526,-60.10462492052936,-10.367336152619766,59.20379455993548,17.00798355714467,3,7.4692814798569795,3656.2606832169445,42.246727287510936
2,170.0,good,513,-1.0283737726920552,-64.5354330013365,-10.193709871286805,63.733569995304535,13.25798448333487,7,7.806781396499861,4154.832576827606,34.37142488616678
2,170.0,good,514,-2.903121247439589,-48.868261284166664,-5.626868205333963,48.62996430303768,10.629053643869188,6,8.043385172051773,4522.287272267039,28.5672131316246
2,170.0,good,515,-6.05261619693442,-59.67836229426485,-4.402375501797653,59.82273964717845,18.19479610466829,3,7.362468350579854,3498.470943130796,44.73912995788349
2,170.0,good,516,-5.5743333686515335,-50.8470491629536,-3.3398507075650166,51.04254106464391,19.270744880830527,6,7.265632960725252,3355.4208227972226,46.998709710799325
2,170.0,good,517,0.5857676414492413,-55.62230168820613,-10.235579840560101,54.6755564594555,19.452180892084275,6,7.249303719712415,3331.2984446527275,47.3797400596056
2,170.0,good,518,-8.387969732288074,-52.898564314469695,-0.9252016700155412,53.55147191844187,21.361323317683294,7,7.077480901408503,3077.4731141476896,51.38909409753959
2,170.0,good,519,1.4842524899342073,-66.94149360739898,-13.085971734742177,65.666764162709,9.69877820598996,4,8.127109961460905,4680.574321588584,26.066955103447242
2,170.0,good,520,-2.7753434696618697,-57.717756233662556,-7.2894034228047975,57.32282716128618,18.094577841588958,6,7.371487994256994,3511.795215541102,44.52866347179836
2,170.0,good,521,-0.3480707423889661,-50.69906936497475,-8.461018238935788,49.98927843124587,9.405823027411516,4,8.153475927532963,4730.420860487168,25.27959309504397
2,170.0,good,522,-11.076353570671854,-54.84553401143939,1.3842518372460013,55.93569572530202,24.327680977319478,7,6.810508712041247,2753.059748044687,56.51343703351388
2,170.0,good,523,-8.580393974712198,-57.26725118315657,-1.4943152977536869,57.88720273624321,20.90714717024612,5,7.1183567546778495,3137.85698555769,50.43528732741911
2,170.0,good,524,-3.53544447976288,-62.10411987002619,-7.302534107023947,61.77454223315475,17.9982226720198,6,7.380159959518218,3524.60587986547,44.326309795609596
2,170.0,good,525,2.454959560641337,-52.68846330436586,-11.566918845525091,51.46170790248734,7.885903091324893,2,8.290268721780759,4989.036354449477,21.194574972829827
2,170.0,good,526,13.96657572225744,-77.6041198700262,-27.230206049187267,73.99986849127335,9.587146718182348,1,8.13715679536359,4699.568501265866,25.76692834553924
2,170.0,good,527,8.994858550540151,-62.264725930631315,-19.67036262860508,59.756844039992885,3.230616804923661,1,8.709244487556871,5781.1367367850125,8.68277853373094
2,170.0,good,528,4.5216262273080625,-54.11523098113354,-13.849943808775167,52.50792687180371,7.963106879679879,3,8.28332038082881,4975.900073131532,21.402072004118022
2,170.0,good,529,12.72465653033813,-59.990988556892994,-22.94866624483655,56.86997722376405,7.066102752866053,2,8.364050752242054,5128.525984427536,18.991235731274703
2,170.0,good,530,6.588292893974494,-55.58088754679105,-16.139721756712163,53.592443920404854,7.221283580325684,3,8.350084477770688,5102.1218526084085,19.408308023927777
2,170.0,good,531,10.59687875256041,-42.12482694073138,-17.75078778604464,39.64472748119027,16.607543838276765,6,7.5053210545550915,3709.5001600763517,41.405771378583154
2,170.0,good,532,6.192838348520008,-60.03290774881125,-16.523360249401833,58.045497893089596,16.117093864390885,3,7.5494615522048205,3774.706728768423,40.37578662897131
2,170.0,good,533,8.635767641449359,-57.060180476085854,-18.41296728352974,54.693722807432444,9.242770039571505,4,8.168150696438564,4758.164446179483,24.84136316306308
2,170.0,good,534,5.346878752560412,-64.84250370840627,-16.525430254263654,62.928924625173195,13.06837843158138,4,7.823845941157677,4180.041182590473,33.97323678923833
2,170.0,good,535,10.694858550540326,-58.53896835487279,-20.69756479526678,55.792487191508116,7.644646799345783,4,8.31198178805888,5030.086289804847,20.546161657474304
2,170.0,good,536,14.5271817828635,-80.9824026983062,-28.368927900832055,77.22947939161823,0.40087754497591455,0,8.963921020952167,6262.618951157527,1.0774199332049705
2,170.0,good,537,7.631222186903787,-45.157655223559665,-15.356831311904298,43.1464611458865,16.351075856359195,5,7.528403172927672,3743.5982291367363,40.867167801859786
2,170.0,good,538,4.015060570742171,-69.3899784558829,-16.00350608609213,67.63858081337185,11.530636609873392,4,7.962242705111395,4384.487860267744,30.743854161993866
2,170.0,good,539,18.03475754043926,-71.5919986579031,-30.192589151998153,67.37265255038035,7.244270490886091,2,8.348015655820252,5098.210612885774,19.470088874342007
2,170.0,good,540,15.351929257610916,-61.85715017305461,-25.860080359810755,58.251566530408866,5.154383442840818,2,8.536105490144326,5453.80642975968,13.853196653935607
2,170.0,good,541,12.323646429328205,-73.29654411244856,-24.86423386339409,70.04302616627623,13.429098040565284,3,7.791381176349124,4132.082595141837,34.730777243763534
2,170.0,good,542,8.057989863671464,-67.19250370841003,-19.6034267132813,64.77244334085859,8.797151456446178,4,8.208256368919844,4833.986775538793,23.64369482248635
2,170.0,good,543,2.6483939040756215,-62.495534011440334,-13.460394443172218,61.086197647917636,18.509738168453772,5,7.33412356483916,3456.5985964905467,45.400533852230126
2,170.0,good,544,3.389808045489704,-57.86624108214458,-13.386676556771082,56.39848886562954,22.0597592690911,5,7.014621665781801,2984.6142819172655,52.855866279890776
2,170.0,good,545,10.340818146499746,-76.6399784558829,-23.492110478459143,73.67998074731726,27.915249563916955,3,6.487627539247474,2395.3102628587544,62.164347997148184
2,170.0,good,546,11.787787843469443,-64.4824026983062,-22.80595657925778,61.455842232404414,18.934532283838113,4,7.29589209445457,3400.121140807693,46.29263597042197
2,170.0,good,547,7.755464611146388,-74.01573603164235,-20.490339357840014,71.54454839218049,6.476808611293393,2,8.417087224983595,5228.794815629462,17.407417274470273
2,170.0,good,548,-72.39958589390417,38.98173871583239,78.06878139348284,-25.817462358931042,22.28274903004244,7,6.99455258729618,2956.978734879296,53.29238966345826
2,170.0,good,549,-73.32079801511641,34.73224376634027,78.23808117863733,-21.47255998019179,24.427746357819192,11,6.801502827796273,2743.081307913272,56.671053687271666
2,170.0,good,550,-71.56827276259116,42.851435685530305,77.92206360349621,-29.77272594682049,30.895820868991358,6,6.219376121790777,2098.090063659264,66.85915526262072
2,170.0,good,551,-67.95564649996466,49.61103164512814,75.53811277147503,-37.05695442215922,17.605595648560055,4,7.415496391629595,3576.806639043303,43.50176118110986
2,170.0,good,552,-70.69807074238891,47.065577099673604,77.79685988431088,-34.07395407876884,26.41903373693801,4,6.622286963675579,2544.511714735783,59.80760352897973
2,170.0,good,553,-61.836454580772866,51.50244578654229,69.84032574615532,-39.98222025834266,14.25403448395905,2,7.7171368964436855,4022.4052014689305,36.46321072594437
2,170.0,good,554,-58.49504043935884,48.01961750371118,65.9448884092257,-37.13253443948744,17.72864576143096,3,7.4044218814712135,3560.44681426054,43.760176404768416
2,170.0,good,555,-52.040494984813385,2.702445786540406,51.71915771771357,6.375347556317701,26.540557843440794,9,6.611349794090328,2532.393427519904,59.99902060971456
2,170.0,good,556,-50.21524245956074,10.910021544118985,51.346865453006444,-2.0244884579728133,34.80749152913195,10,5.867325762378124,1742.8980859282558,72.46966855270117
2,170.0,good,557,-51.32483841915676,7.9160821501758285,51.91971203692417,1.1166455855615167,34.70156031158955,11,5.87685957195694,1750.9552647577902,72.34239960594051
2,170.0,good,558,-52.452111146429544,4.887294271391713,52.50391546281107,4.295168225642063,35.45171186951691,10,5.8093459317434775,1693.8983801896934,73.24365422099358
2,170.0,good,559,-3.954131348449572,2.6383043723980513,4.352195954779371,-1.9115948978296586,4.223161144896225,1,8.61991549695934,5612.254588017098,11.350393793998137
2,170.0,good,560,-1.5465555908737558,0.2302235643181837,1.563037838756689,0.041830608949178255,11.090231508777796,3,8.00187916421,4443.817519679346,29.806699430203075
2,170.0,good,561,0.25142420710604213,-1.5036148195192593,-0.5087044817754871,1.4371121764213015,13.964212200937268,2,7.743220901915646,4060.937809507667,35.85456040989891
2,170.0,good,562,-2.551101045419328,-1.8995744154807368,2.182486452655549,2.31370965937033,26.20168449131827,3,6.641848395781355,2566.185608585922,59.46524875432857
2,170.0,good,563,1.7761716818533404,-3.010685526591848,-2.271987698190779,2.6565174726918546,6.072855303265021,1,8.453443022706148,5297.52776781538,16.321730755960008
2,170.0,good,564,3.323141378822979,-4.458160274064714,-4.046806801558988,3.8133733575077806,4.867394909253313,2,8.561934458167203,5502.637739628772,13.081870919771488
2,170.0,good,565,23.727686833368608,-84.45614007204263,-38.0328647708403,79.05279195356653,0.0,0,9.0,6330.82856,0.0
2,170.0,good,566,19.934757540439318,-86.53139259729704,-34.657922415745546,81.75515198963193,0.0,0,9.0,6330.82856,0.0
2,170.0,good,567,24.063040368721968,-80.2324026983062,-37.629679234563305,74.8349891109352,9.220577086073188,1,8.170148062253412,4761.940593524603,24.781716194118463
2,170.0,good,568,20.148898954580556,-79.97583704174149,-33.73045026481629,75.2620047868899,28.82329295399843,2,6.405903634140141,2304.76089843915,63.594640470896756
2,170.0,good,569,18.38021208589392,-83.54957441547697,-32.60920670629218,79.08857831138498,24.552070634832038,1,6.790313642865117,2730.6837899219468,56.86688141935805
2,170.0,good,570,15.364555520237179,75.58729427138984,-2.0055374929152503,-77.10698049443153,4.20132543114309,2,8.621880711197122,5615.969950757076,11.291706961701776
2,170.0,good,571,16.66506057074223,65.91860740270108,-4.965234804664139,-67.81101303676635,13.214974078982255,3,7.810652332891597,4160.550919238091,34.28109954634293
57,110.0,bad,0,16.57532196969671,10.066565656565915,3.79038346838707,-19.018675970730477,53.79115550321751,3,4.158796004710424,508.6786055096484,91.96505479987839
57,110.0,bad,1,25.95208964646427,5.385252525252667,-3.8156553614357023,-26.228851975288688,0.0,0,9.0,6330.82856,0.0
57,110.0,bad,2,22.907140151515247,13.983737373737515,5.305711463306837,-26.308390424481686,62.97370351294295,5,3.3323666838351347,161.38873609222858,97.4507485937634
57,110.0,bad,3,5.761180555555532,1.5928282828283062,-0.4736708157833094,-5.95851821265691,0.0,0,9.0,6330.82856,0.0
57,110.0,bad,4,18.710170454545548,4.058989898990157,-2.58505232458577,-18.970065416793034,0.0,0,9.0,6330.82856,0.0
57,110.0,bad,5,24.77128156565654,8.860505050505074,-0.14612605905045406,-26.307861701969014,52.208647685585,2,4.3012217082973505,593.5424283197873,90.62456955366065
57,110.0,bad,6,24.161685606060228,10.592828282828306,1.6902193966515586,-26.327518317281033,57.5279814973915,3,3.822481665234765,346.8771814423505,94.52082491012281
57,110.0,bad,7,8.448554292929153,8.115555555555579,4.7365519189713385,-10.71472759965318,0.0,0,9.0,6330.82856,0.0
57,110.0,bad,8,17.268251262626357,8.081212121212497,1.6877656254818953,-18.990785613309164,48.91426591831923,2,4.59771606735127,770.2074832731621,87.83401768072578
57,110.0,bad,9,17.977342171716796,6.062020202020343,-0.45217749529154894,-18.966508798443687,39.67669305004153,1,5.4290976254962615,1372.5443005079487,78.31967352298751
57,110.0,bad,10,-0.24993055555593185,7.131717171717548,6.7871032842278325,-2.2043330304641366,68.46528175320884,8,2.8381246422112043,0.0,100.0
57,110.0,bad,11,10.61118055555518,9.218585858586,5.0333996109290595,-13.124190122495685,6.266053471388945,2,8.436055187574995,5264.654957547081,16.84098048696676
57,110.0,bad,12,1.0162310606060372,4.019595959595983,3.4296131687727245,-2.3297276148772275,72.07476845761774,5,2.513270838814404,0.0,100.0
57,110.0,bad,13,21.475827020201997,-16.95060606060592,-23.273524868487037,-14.383227461853057,0.0,0,9.0,6330.82856,0.0
57,110.0,bad,14,0.5313825757575522,5.2054545454548045,4.709783679478983,-2.279706594965287,74.98273578631589,6,2.2515537792315707,0.0,100.0
57,110.0,bad,15,25.38895833333296,7.150404040404181,-1.9643532556504164,-26.303399010009354,41.58443105056433,1,5.25740120544921,1227.440840104897,80.61168726222942
57,110.0,bad,16,4.934412878787502,3.8564646464650227,1.936222770573992,-5.955819961221908,58.319051632488254,2,3.7512853530760575,319.9322934912258,94.9464388356265
57,110.0,bad,17,23.58390782828292,12.272121212121236,3.465850208811858,-26.358936811412164,61.25411173250668,4,3.487129944074399,219.96029098965076,96.52556866917195
57,110.0,bad,18,4.012190656565398,6.447373737374114,4.686299501050912,-5.97535764289152,69.35042522244693,4,2.7584617299797762,0.0,100.0
57,110.0,bad,19,9.97835227272725,10.88373737373728,6.814570222200538,-13.099041414768656,42.4640396783107,3,5.1782364289520375,1160.5373891848017,81.66847548964742
57,110.0,bad,20,6.511180555555532,6.614545454545714,3.9886846466591694,-8.3808161050581,0.0,0,9.0,6330.82856,0.0
57,110.0,bad,21,1.9344128787875026,1.685252525252784,0.9220111920869377,-2.3941438179767442,60.201813777151735,3,3.5818367600563437,255.80294164763419,95.95940816872105
57,110.0,bad,22,6.032392676767418,7.971111111111252,5.4271944826711005,-8.394875448728396,44.639981098333074,1,4.982401701150024,999.4209794478794,84.21342530482488
57,110.0,bad,23,7.958655303030162,9.490303030303407,6.195947299176287,-10.72456446226448,44.477410448009934,1,4.997033059679106,1008.1390197061522,84.07571757548664
57,110.0,bad,24,3.399564393939488,7.8387878787882554,6.203331624343324,-5.875568928674129,70.3016026883045,5,2.672855758052595,0.0,100.0
57,110.0,bad,25,7.385928030302772,10.83323232323223,7.653772309883481,-10.645685739603469,56.53523158097582,2,3.911829157712176,380.6915476717588,93.9867026240913
57,110.0,bad,26,1.4172411616162557,2.8357575757574818,2.180015443054013,-2.3016572739422694,66.66770679379289,4,2.9999063885586397,35.56823286653724,99.43817412634947
57,110.0,bad,27,9.437443181818276,12.446868686868592,8.468434987268266,-13.125375529279493,54.07236465038402,4,4.133487181465438,493.59843783412254,92.20325691722535
57,110.0,bad,28,2.699059343434085,-0.5925252525249938,-1.4799242709128546,-2.333630576295592,3.151580040942286,1,8.716357796315195,5794.584900252658,8.470355099101623
57,110.0,bad,29,5.468251262626239,9.315555555555461,6.883506733492445,-8.324583006362412,56.69414591871307,2,3.8975268673158237,375.278716578554,94.07220219246383
57,110.0,bad,30,2.3510795454541693,0.5665656565659153,-0.27171899644056907,-2.403068966806047,46.39087703118704,2,4.824821067193167,905.5271480562571,85.69654604489469
57,110.0,bad,31,20.17027146464644,-13.629898989898848,-19.706554640121276,-14.292155248537245,31.731978986847626,1,6.144121891183714,2014.7090413940366,68.17621860551478
57,110.0,bad,32,3.0561300505051445,8.99484848484839,7.40713470840369,-5.94824222460227,75.19154153129986,6,2.232761262183012,0.0,100.0
57,110.0,bad,33,6.625827020201761,-16.703131313131173,-17.9619755460679,-0.5134333917828906,15.501635451009713,1,7.604852809409126,3856.5334867378106,39.0832740108538
57,110.0,bad,34,4.523301767676862,5.016565656565798,3.1669694102768053,-5.966279797535064,67.734946893402,3,2.9038547795938205,1.372361669961808,99.97832255830409
57,110.0,bad,35,5.182392676767771,2.808989898990158,0.8671043938651966,-5.830587284226575,42.91756175931498,1,5.137419441661652,1126.0422838271052,82.21335054084761
57,110.0,bad,36,10.035422979797604,-25.47686868686831,-27.372742311665814,-0.7166106408092006,0.0,0,9.0,6330.82856,0.0
57,110.0,bad,37,-7.451445707070613,-23.747070707070332,-19.766402579999465,15.124045071918076,35.917813872964715,2,5.767396751433176,1658.4464399429003,73.80364316889825
57,110.0,bad,38,-11.614071969697228,-7.628383838383462,-3.1960894417809453,13.522718660948073,5.163602067333934,2,8.535275813939945,5452.23787402833,13.877973122236465
57,110.0,bad,39,-7.717102272727649,-6.119797979797839,-3.1113245769393845,9.344798241706929,0.0,0,9.0,6330.82856,0.0
57,110.0,bad,40,-3.8241729797981208,-4.274343434343176,-2.7086247933042764,5.055458683762337,0.0,0,9.0,6330.82856,0.0
57,110.0,bad,41,-8.081243686868946,-4.929393939394034,-1.8681669857627807,9.279837080983688,46.17039671845857,1,4.844664295338728,917.3506613331168,85.50978513098265
57,110.0,bad,42,-17.285284090909467,-3.607676767676509,2.5218081054313832,17.476752033569092,76.17778817262698,5,2.1439990644635727,0.0,100.0
57,110.0,bad,43,-9.92063762626265,-0.1723232323232088,3.2311270330122785,9.38128798750757,73.79928561283924,5,2.3580642948444686,0.0,100.0
57,110.0,bad,44,-14.202960858586,-0.8824242424241013,4.028491159493923,13.64822437799229,78.62642216376338,9,1.9236220052612962,0.0,100.0
57,110.0,bad,45,-12.873162878787785,-4.1531313131310545,0.5002141647535345,13.51727073033937,66.87977931034659,6,2.980819862068806,28.773131686343216,99.54550764700627
57,110.0,bad,46,-16.82568813131351,-4.71878787878762,1.3205141174741328,17.424895483266717,72.55443956517844,4,2.4701004391339403,0.0,100.0
57,110.0,bad,47,-6.8772032828284235,3.683232323232464,5.813248287254421,5.202717529424792,80.91410620729033,7,1.7177304413438697,0.0,100.0
57,110.0,bad,48,-17.69841540404043,-2.4627272727272493,3.739007927937129,17.473372689570652,78.56540040313341,6,1.929113963717993,0.0,100.0
57,110.0,bad,49,-15.143364898989805,-9.176868686868781,-3.444099953786469,17.368782193012766,0.0,0,9.0,6330.82856,0.0
57,110.0,bad,50,-4.710031565656824,-1.9814141414138826,-0.25099457625310095,5.1036654545503,57.061931950143695,2,3.8644261244870672,362.751441224296,94.27007953561933
57,110.0,bad,51,-8.615587121212027,-3.7960606060605824,-0.6204257975394896,9.394332834098815,57.81146483069462,2,3.7969681652374847,337.22136672633985,94.67334546291457
57,110.0,bad,52,-3.5590214646466056,5.852424242424384,6.716736905752318,1.3427392293504652,69.38022089108782,6,2.7557801198020964,0.0,100.0
57,110.0,bad,53,-5.112556818181842,-0.756161616161475,1.038037924886694,5.062854419731077,66.68505823204326,3,2.9983447591161068,35.01226842357622,99.44695598543302
57,110.0,bad,54,-8.994880050505428,-2.605656565656189,0.6279139170215906,9.343609440357529,66.98764984239762,3,2.971111514184215,25.316808389201757,99.6001027646024
57,110.0,bad,55,-9.403465909090816,-1.4541414141410378,1.8497288015377615,9.333713179464802,72.15329211186344,4,2.506203709932291,0.0,100.0
57,110.0,bad,56,-5.993869949494973,1.4049494949497536,3.370244932182862,5.151874333862791,77.20282062498698,5,2.051746143751171,0.0,100.0
57,110.0,bad,57,-11.94488005050531,-6.522828282828377,-2.044064017145698,13.455454303814337,46.986587108271664,3,4.771207160255551,873.5815021234905,86.20115054697531
57,110.0,bad,58,-12.478718434343458,-5.386969696969674,-0.7941226052048895,13.568611777466234,58.48668875508609,5,3.7361980120422515,314.222352887419,95.03663146285834
57,110.0,bad,59,-3.228718434343458,4.8135353535357295,5.627530393281992,1.3876768358285152,58.40290106706071,5,3.743738903964536,317.07627160507053,94.9915517597736
57,110.0,bad,60,-15.465587121212263,-8.158181818181559,-2.376640929762342,17.323160608656067,47.68338264173224,1,4.7084955622440985,836.2150309897434,86.79138089012248
57,110.0,bad,61,-10.855486111111016,2.2190909090909328,5.798058267717838,9.44184640287497,78.04978995251831,7,1.9755189042733519,0.0,100.0
57,110.0,bad,62,-13.773162878788137,-2.0288888888887477,2.804167224567621,13.636460390649198,74.63250222938174,8,2.283074799355644,0.0,100.0
57,110.0,bad,63,-6.449930555555814,2.6019191919194506,4.651010437579751,5.171043372695255,78.38105800884539,6,1.9457047792039155,0.0,100.0
57,110.0,bad,64,-4.161546717172094,-3.084949494949236,-1.4755714712373467,4.965689609597426,45.34688487302642,1,4.918780361427623,961.5124421180974,84.81221797422836
57,110.0,bad,65,-16.384779040404183,-5.876868686868663,0.08147433738019672,17.406663428064384,68.0256731347601,3,2.877689417871591,0.0,100.0
57,110.0,bad,66,-14.592859848484755,0.2837373737376324,5.2576779332525785,13.6157588185515,80.52261644137455,10,1.7529645202762905,0.0,100.0
57,110.0,bad,67,-16.0357891414144,-6.994040404040145,-1.0876852566682622,17.46081542608124,57.27687363730099,2,3.8450813726429116,355.4302450123186,94.385723106482
57,110.0,bad,68,-5.68073863636366,0.39333333333335685,2.3125394734472424,5.203620254162899,68.80026940883319,4,2.807975753205014,0.0,100.0
57,110.0,bad,69,-10.524678030302937,1.0615151515154102,4.597149843112193,9.526902716959569,72.69032343556577,6,2.4578708907990805,0.0,100.0
57,110.0,bad,70,-13.222657828283086,-3.1273737373735964,1.5836453021260408,13.49485880230409,73.79999845498682,7,2.3580001390511858,0.0,100.0
57,110.0,bad,71,-18.20700126262664,-1.3208080808081748,4.986007574364355,17.560727702233685,79.52327330600959,7,1.842905402459138,0.0,100.0
57,110.0,bad,72,-3.877203282828424,9.875151515151657,10.605688630426528,0.26587857758590516,16.961790586737933,7,7.473438847193586,3662.402155861041,42.1497183006794
57,110.0,bad,73,-6.261546717171741,-26.617272727272585,-22.870479661616613,14.987572677952699,15.530287877840959,1,7.602274090994313,3852.7240738764667,39.14344643260302
57,110.0,bad,74,-0.40144570707108335,-2.5238383838382425,-2.234329787079103,1.2404391343520582,1.0938573990288845,0,8.9015528340874,6144.707919788819,2.9399096571204764
57,110.0,bad,75,-2.1075063131313367,2.0357575757579522,2.633795982925689,1.2841380328721823,72.42718891253998,4,2.481552997871402,0.0,100.0
57,110.0,bad,76,-1.2297285353539116,-0.3137373737373502,0.12577523494767084,1.262871331774201,57.720637704236985,2,3.805142606618671,340.31505796399983,94.62447838006214
57,110.0,bad,77,-1.6539709595963359,0.9690909090909327,1.4763389608010895,1.2227756941039813,66.18389282461975,3,3.0434496457842224,52.045471231836856,99.17790427052985
57,110.0,bad,78,-0.6812436868685928,-1.4394949494950435,-1.119683718276573,1.1324959344502739,45.10424483802088,1,4.94061796457812,974.5242962826853,84.60668635950734
57,110.0,bad,79,-2.8807386363635423,-35.3824242424241,-32.26333232482951,14.808510649607188,0.0,0,9.0,6330.82856,0.0
57,150.0,good,0,16.57532196969671,10.066565656565915,-9.321367073380713,-17.005562572298413,12.846123137261417,1,7.843848917646473,4209.590588009797,33.50648263313899
57,150.0,good,1,25.95208964646427,5.385252525252667,-19.782542652502837,-17.639810315895243,0.0,0,9.0,6330.82856,0.0
57,150.0,good,2,22.907140151515247,13.983737373737515,-12.846296612393964,-23.5638418812642,0.0,0,9.0,6330.82856,0.0
57,150.0,good,3,5.761180555555532,1.5928282828283062,-4.192914575485884,-4.260020034573424,0.0,0,9.0,6330.82856,0.0
57,150.0,good,4,18.710170454545548,4.058989898990157,-14.173987973278404,-12.87027359350268,0.0,0,9.0,6330.82856,0.0
57,150.0,good,5,24.77128156565654,8.860505050505074,-17.022306594903192,-20.059063246925984,0.0,0,9.0,6330.82856,0.0
57,150.0,good,6,24.161685606060228,10.592828282828306,-15.628219391686818,-21.254501193885716,0.0,0,9.0,6330.82856,0.0
57,150.0,good,7,8.448554292929153,8.115555555555579,-3.258884865150934,-11.25255442339964,0.0,0,9.0,6330.82856,0.0
57,150.0,good,8,17.268251262626357,8.081212121212497,-10.914138211760887,-15.63266062165393,0.0,0,9.0,6330.82856,0.0
57,150.0,good,9,17.977342171716796,6.062020202020343,-12.537824912221884,-14.238534579062488,0.0,0,9.0,6330.82856,0.0
57,150.0,good,10,-0.24993055555593185,7.131717171717548,3.7823047961521685,-6.0512829655351394,28.756088622952596,3,6.4119520239342656,2311.462460863275,63.48878446230939
57,150.0,good,11,10.61118055555518,9.218585858586,-4.58025899596126,-13.289119818281046,16.685458424303093,2,7.498308741812722,3699.141218132515,41.569398332711835
57,150.0,good,12,1.0162310606060372,4.019595959595983,1.1297160651983593,-3.989187744262428,25.726896231998975,3,6.684579339120092,2613.5311160637043,58.71739233981557
57,150.0,good,13,21.475827020201997,-16.95060606060592,-27.073914797078153,3.9417419479262,0.0,0,9.0,6330.82856,0.0
57,150.0,good,14,0.5313825757575522,5.2054545454548045,2.1425364629929526,-4.773747162487815,31.968160672733887,4,6.12286553945395,1991.1571915836078,68.54823704808068
57,150.0,good,15,25.38895833333296,7.150404040404181,-18.412280872088875,-18.88691071297939,0.0,0,9.0,6330.82856,0.0
57,150.0,good,16,4.934412878787502,3.8564646464650227,-2.34509458255857,-5.807002792029035,7.611128720083982,1,8.314998415192441,5035.7894156203265,20.45607667473581
57,150.0,good,17,23.58390782828292,12.272121212121236,-14.288202693743084,-22.41992264216033,0.0,0,9.0,6330.82856,0.0
57,150.0,good,18,4.012190656565398,6.447373737374114,-0.2509721647251446,-7.5896847725413,1.1597039497515316,0,8.895626644522363,6133.5040807993155,3.116882369038354
57,150.0,good,19,9.97835227272725,10.88373737373728,-3.1996378692233494,-14.414769190138237,15.709715182766947,1,7.586125633550974,3828.868758335943,39.5202583350963
57,150.0,good,20,6.511180555555532,6.614545454545714,-2.3315750424655093,-8.983954675901241,0.0,0,9.0,6330.82856,0.0
57,150.0,good,21,1.9344128787875026,1.685252525252784,-0.8326244318113736,-2.4266779380545382,8.776831666786826,1,8.210085149989187,4837.444202680314,23.58908226887265
57,150.0,good,22,6.032392676767418,7.971111111111252,-1.2386497481281684,-9.919381056994457,2.363757117145642,1,8.787261859456892,5928.633549628939,6.352960067695479
57,150.0,good,23,7.958655303030162,9.490303030303407,-2.1472461572361583,-12.198171165370272,11.739561379037063,2,7.943439475886664,4356.710781998154,31.182613133372328
57,150.0,good,24,3.399564393939488,7.8387878787882554,0.9752848124414815,-8.488371634877907,21.03150609628735,2,7.107164451334139,3121.323150742426,50.69645116495737
57,150.0,good,25,7.385928030302772,10.83323232323223,-0.9797851431496483,-13.07481841216921,33.38781338117461,4,5.995096795694286,1850.8794816286902,70.76402458087271
57,150.0,good,26,1.4172411616162557,2.8357575757574818,0.19051193863009597,-3.164458680388282,10.007276077051156,1,8.099345153065396,4628.083182143285,26.896090483560897
57,150.0,good,27,9.437443181818276,12.446868686868592,-1.9496311987925754,-15.498026071306397,16.44219728762081,2,7.520202244114127,3731.4834036025372,41.05853020283751
57,150.0,good,28,2.699059343434085,-0.5925252525249938,-2.6337165839981624,-0.836387750646608,0.0,0,9.0,6330.82856,0.0
57,150.0,good,29,5.468251262626239,9.315555555555461,-0.07786672993292587,-10.801633392789409,23.08559020663552,2,6.922296881402803,2876.920051489875,54.55697426925939
57,150.0,good,30,2.3510795454541693,0.5665656565659153,-1.752811784398324,-1.6662000242249768,5.805066873389827,1,8.477543981394914,5343.09216592958,15.602008247565301
57,150.0,good,31,20.17027146464644,-13.629898989898848,-24.2829169845616,1.7187030439450446,0.0,0,9.0,6330.82856,0.0
57,150.0,good,32,3.0561300505051445,8.99484848484839,1.8507379814177192,-9.317832316323246,31.158862154951787,3,6.195702406054339,2071.8597958989385,67.27348124715387
57,150.0,good,33,6.625827020201761,-16.703131313131173,-14.089700177141658,11.152422529818045,0.0,0,9.0,6330.82856,0.0
57,150.0,good,34,4.523301767676862,5.016565656565798,-1.4090114115083208,-6.606124182176973,7.115464823721684,1,8.359608165865048,5120.126991800202,19.123903873331205
57,150.0,good,35,5.182392676767771,2.808989898990158,-3.0835887609722485,-5.023852949883246,8.783058258128017,1,8.209524756768479,4836.384743588311,23.605817188827636
57,150.0,good,36,10.035422979797604,-25.47686868686831,-21.42936558166101,17.04590400180945,0.0,0,9.0,6330.82856,0.0
57,150.0,good,37,-7.451445707070613,-23.747070707070332,-5.420394076291514,24.291289351323506,0.0,0,9.0,6330.82856,0.0
57,150.0,good,38,-11.614071969697228,-7.628383838383462,6.243889447946843,12.413410178707338,4.984326533990913,1,8.551410611940819,5482.741737758311,13.396142609202
57,150.0,good,39,-7.717102272727649,-6.119797979797839,3.6233076218858526,9.158451652897439,0.0,0,9.0,6330.82856,0.0
57,150.0,good,40,-3.8241729797981208,-4.274343434343176,1.1746592317996205,5.613776488539473,3.086659108640265,1,8.722200680222375,5805.631244587744,8.295870128763305
57,150.0,good,41,-8.081243686868946,-4.929393939394034,4.533865357304109,8.309602220210756,5.095974394984781,1,8.54136230445137,5463.744772171355,13.696213372561218
57,150.0,good,42,-17.285284090909467,-3.607676767676509,13.165656750520352,11.766981774905519,29.77396068013337,5,6.320343538787997,2209.9610691402177,65.09207210090337
57,150.0,good,43,-9.92063762626265,-0.1723232323232088,8.505362589921603,5.109555109985471,28.20624460887644,5,6.461437985201121,2366.2924684910527,62.622704973532684
57,150.0,good,44,-14.202960858586,-0.8824242424241013,11.858912791279469,7.865682240147509,29.89836715590955,3,6.309146955968141,2197.55535435361,65.28802930727902
57,150.0,good,45,-12.873162878787785,-4.1531313131310545,9.071920423519511,10.033298661818009,10.242144742251911,3,8.078206973197329,4588.120106177882,27.527336071506536
57,150.0,good,46,-16.82568813131351,-4.71878787878762,12.21207941847801,12.499434243756916,25.68756761140783,4,6.688118914973296,2617.452934819203,58.65544438595249
57,150.0,good,47,-6.8772032828284235,3.683232323232464,7.797448911535384,0.24882888145492021,30.233934995785855,6,6.278945850379273,2164.092796338917,65.8165945289961
57,150.0,good,48,-17.69841540404043,-2.4627272727272493,14.095913710265217,10.981992082794779,28.787013209396484,5,6.409168811154316,2308.378685706692,63.53749491351426
57,150.0,good,49,-15.143364898989805,-9.176868686868781,8.526104357868352,15.51908385951721,3.6235897169972047,1,8.673876925470251,5714.272107039202,9.738953552721041
57,150.0,good,50,-4.710031565656824,-1.9814141414138826,3.0882999177784622,4.070970764710566,13.062263730535713,2,7.824396264251785,4180.85414761238,33.960395420779165
57,150.0,good,51,-8.615587121212027,-3.7960606060605824,5.563287012457365,7.59527847975983,10.97538894357944,1,8.012214995077851,4463.358066534164,29.498042408936055
57,150.0,good,52,-3.5590214646466056,5.852424242424384,6.008415122210252,-3.288837335340112,30.423447644976182,5,6.261889711952144,2145.1947457379224,66.11510285885987
57,150.0,good,53,-5.112556818181842,-0.756161616161475,4.049523274756078,3.2111335780534556,11.270410480454238,4,7.985663056759118,4419.085584575891,30.197358170509503
57,150.0,good,54,-8.994880050505428,-2.605656565656189,6.486966344903461,6.754004804648687,5.588096719878241,1,8.497071295210958,5380.009796979247,15.018867657044133
57,150.0,good,55,-9.403465909090816,-1.4541414141410378,7.416569653823059,5.961056359886574,23.081638240112078,3,6.922652558389913,2877.3141384474075,54.5507493817301
57,150.0,good,56,-5.993869949494973,1.4049494949497536,5.893318390717674,1.7802130210868827,30.327900546397213,5,6.270488950824251,2154.7226263909442,65.96460311680049
57,150.0,good,57,-11.94488005050531,-6.522828282828377,7.083155427481359,11.621375022705656,9.473652812480736,2,8.147371246876734,4718.879572716316,25.461896053676803
57,150.0,good,58,-12.478718434343458,-5.386969696969674,8.113402322329776,10.904611824164425,12.234708889955396,2,7.898876199904015,4290.879663836209,32.222463091999934
57,150.0,good,59,-3.228718434343458,4.8135353535357295,5.202919862576418,-2.554284681004722,28.671550236440265,3,6.419560478720377,2319.8925615075455,63.35562494670452
57,150.0,good,60,-15.465587121212263,-8.158181818181559,9.314500422320487,14.797986263843681,10.525985957665409,1,8.052661263810114,4539.82431480875,28.290202904993045
57,150.0,good,61,-10.855486111111016,2.2190909090909328,10.510672197196751,3.505953954975655,28.37965246126958,7,6.445831278485738,2349.0003754136956,62.89584604682936
57,150.0,good,62,-13.773162878788137,-2.0288888888887477,10.913464499046965,8.643650758627707,30.573019133450437,4,6.248428277989461,2130.2795959063455,66.35069840042635
57,150.0,good,63,-6.449930555555814,2.6019191919194506,6.886763309716538,0.9716371589813839,28.632894526171203,5,6.423039492644592,2323.747278181093,63.294736918589166
57,150.0,good,64,-4.161546717172094,-3.084949494949236,2.0615304286321496,4.752417990604059,5.9754038104232166,2,8.46221365706191,5314.109210929771,16.05981491102374
57,150.0,good,65,-16.384779040404183,-5.876868686868663,11.25120054095051,13.281907097735647,10.532545041229206,2,8.052070946289373,4538.708281920756,28.30783144883082
57,150.0,good,66,-14.592859848484755,0.2837373737376324,12.779656029522549,7.050706150582507,28.35454827885992,4,6.4480906549026065,2351.5037445106987,62.85630352765865
57,150.0,good,67,-16.0357891414144,-6.994040404040145,10.390380564175452,14.074911235700744,10.59597338441791,1,8.046362395402388,4527.91590272005,28.47830485682824
57,150.0,good,68,-5.68073863636366,0.39333333333335685,5.116330638017379,2.49973265935993,26.60264676666933,5,6.605761790999761,2526.2019694935025,60.09681915168616
57,150.0,good,69,-10.524678030302937,1.0615151515154102,9.645396116652016,4.343039927437035,29.819751975816843,4,6.316222322176484,2205.3947975662168,65.16419965151896
57,150.0,good,70,-13.222657828283086,-3.1273737373735964,9.887470716155532,9.31971401783536,25.00248726106725,3,6.749776146503947,2685.7686023052383,57.57634918003153
57,150.0,good,71,-18.20700126262664,-1.3208080808081748,15.107321579765935,10.247353982816968,29.76817603929375,6,6.320864156463562,2210.537908922484,65.08296050078974
57,150.0,good,72,-3.877203282828424,9.875151515151657,8.295332296141664,-6.6135304369275145,25.95101960651705,4,6.664408235413466,2591.1817114693195,59.07041729354112
57,150.0,good,73,-6.261546717171741,-26.617272727272585,-7.885977839582507,26.18200771986264,0.0,0,9.0,6330.82856,0.0
57,150.0,good,74,-0.40144570707108335,-2.5238383838382425,-0.9142570113553565,2.386431008985721,6.312867791846509,2,8.431841898733815,5256.689466522064,16.966801158771794
57,150.0,good,75,-2.1075063131313367,2.0357575757579522,2.8430327936867954,-0.7092646199873425,27.505331452950216,3,6.52452016923448,2436.1869707535075,61.51867093438545
57,150.0,good,76,-1.2297285353539116,-0.3137373737373502,0.9081074645064426,0.8865688034501138,12.546639675497872,2,7.870802429205192,4249.40767428039,32.87754305764379
57,150.0,good,77,-1.6539709595963359,0.9690909090909327,1.9169263226776185,-0.012271866051135949,9.665022393500536,3,8.130147984584951,4686.317897887428,25.97623117616964
57,150.0,good,78,-0.6812436868685928,-1.4394949494950435,-0.1297731357515488,1.5872610383164014,8.578391975677437,2,8.227944722189031,4871.208861936061,23.05574514031602
57,150.0,good,79,-2.8807386363635423,-35.3824242424241,-15.196419280457876,32.082447559599416,0.0,0,9.0,6330.82856,0.0
66,270.0,bad,0,-0.9591796341792543,25.28380425880202,-25.28380425880202,-0.959179634179259,38.91839437210729,1,5.497344506510344,1430.2208589017985,77.40863071323164
66,270.0,bad,1,-0.8773614523613078,27.53430930930754,-27.53430930930754,-0.8773614523613129,0.0,0,9.0,6330.82856,0.0
66,270.0,bad,2,9.66152743652764,25.601986076983838,-25.601986076983838,9.661527436527635,0.0,0,9.0,6330.82856,0.0
66,270.0,bad,3,9.496375921376066,19.577743652742356,-19.577743652742356,9.496375921376062,55.42353864318588,3,4.011881522113271,421.1401605142996,93.34778763122438
66,270.0,bad,4,9.637790062790208,23.526228501226264,-23.526228501226264,9.637790062790204,40.05291511975426,1,5.395237639222117,1343.9286708038942,78.77167801865268
66,270.0,bad,5,9.569103194103457,21.56309718809636,-21.56309718809636,9.569103194103453,50.43519953255227,2,4.460832042070296,688.6456487557483,89.1223456419779
66,270.0,bad,6,-1.317765492765113,10.230773955771719,-10.230773955771719,-1.3177654927651148,45.69006882645773,6,4.887893805618805,943.1088033551317,85.10291671276703
66,270.0,bad,7,-12.023321048320728,3.4125921375899,-3.4125921375898978,-12.023321048320728,63.33536804288901,13,3.2998168761399893,149.06996711973926,97.64533242833954
66,270.0,bad,8,-1.227866502866182,13.46309718809495,-13.46309718809495,-1.2278665028661844,45.70522981368129,5,4.886529316768684,942.2957777769755,85.1157590377558
66,270.0,bad,9,-2.105644280643901,-18.821751296753064,18.821751296753064,-2.1056442806438973,56.906821771631556,14,3.87838604055316,368.03469765714993,94.18662669239696
66,270.0,bad,10,-12.196553371552993,-2.756094731096498,2.7560947310965003,-12.196553371552993,63.26654370436935,16,3.3060110666067586,151.41421449736993,97.60830335141203
66,270.0,bad,11,-1.5450382200378403,3.944410319409493,-3.9444103194094926,-1.545038220037841,46.70520620961716,8,4.796531441134456,888.6708801723757,85.96280294514284
66,270.0,bad,12,-1.7995836745834124,-5.605084630086868,5.605084630086868,-1.7995836745834113,46.843115510768385,11,4.784119604030845,881.2753334544602,86.07962093583434
66,270.0,bad,13,-1.4172604422601214,7.0757234507226245,-7.0757234507226245,-1.4172604422601227,46.26466579971144,7,4.83618007802597,912.2953721782826,85.58963706674308
66,270.0,bad,14,-1.6551392301390855,-2.4581149331167,2.4581149331167005,-1.655139230139085,46.436647860183214,10,4.820701692583511,903.0726341015549,85.73531686188079
66,270.0,bad,15,-1.8950382200380755,-12.010640185641483,12.010640185641483,-1.8950382200380733,46.660428030859194,13,4.800561477222673,891.072162103205,85.92487296634037
66,270.0,bad,16,-12.113220038219659,-0.6899331149344116,0.6899331149344138,-12.113220038219659,63.45386617127604,15,3.2891520445851565,145.03376520773554,97.70908714660035
66,270.0,bad,17,-1.5935230685228652,0.7646123396110429,-0.7646123396110426,-1.5935230685228654,46.65296845864367,9,4.80123283872207,891.4721903417287,85.91855423199569
66,270.0,bad,18,-1.8111998361995152,-8.80861998362128,8.80861998362128,-1.8111998361995136,46.68301065986494,12,4.798529040612155,889.8611423501407,85.94400189617296
66,270.0,bad,19,-12.231906906906527,-4.800539175540002,4.800539175540004,-12.231906906906527,63.391895699791554,17,3.29472938701876,147.14456087090835,97.6757456077612
66,270.0,bad,20,-12.04806852306832,1.3201678951665985,-1.3201678951665963,-12.04806852306832,62.911614036947284,14,3.3379547366747446,163.50358520537665,97.41734302776038
66,270.0,bad,21,-2.050593775593572,-16.536902811905048,16.536902811905048,-2.050593775593569,55.69802972059102,14,3.9871773251468077,409.2077427848287,93.53626876945742
66,270.0,bad,22,-12.312714987714608,-6.777811902812729,6.777811902812732,-12.312714987714607,64.05791399129512,18,3.234787740783439,124.45910298066914,98.03407876550256
66,270.0,bad,23,-1.977866502866182,-14.29801392301475,14.29801392301475,-1.9778665028661793,52.65811521723077,14,4.26076963044923,569.4392090247561,91.00529727463105
66,270.0,bad,24,-12.382411957411813,-10.917710892712659,10.91771089271266,-12.382411957411811,63.44720337870331,20,3.289751695916702,145.26070867500692,97.7055024109671
66,270.0,bad,25,-12.374836199836055,-8.855084630086868,8.85508463008687,-12.374836199836054,63.54795669795785,19,3.2806838971837933,141.82891827163712,97.7597100138242
66,270.0,bad,26,-2.1864523614519817,-21.093973518974817,21.093973518974817,-2.1864523614519777,57.7356876746605,14,3.803788109280555,339.80243620173405,94.63257561026523
66,270.0,bad,27,8.920113295113557,-4.309630084632322,4.30963008463232,8.920113295113557,64.22692360807942,15,3.219576875272852,118.70241342196329,98.12500982617095
66,270.0,bad,28,8.537790062790267,-18.183367458369695,18.183367458369695,8.53779006279027,65.01869286935208,22,3.1483176417583127,91.73371231491495,98.55099989763559
66,270.0,bad,29,8.737790062790443,-10.209630084630911,10.20963008463091,8.737790062790445,64.98686974799458,18,3.151181722680489,92.81764963120409,98.53387832648552
66,270.0,bad,30,8.997386022386225,-0.3288220038233005,0.32882200382329885,8.997386022386225,64.03898550945463,13,3.236491304149083,125.10383193660991,98.02389480696016
66,270.0,bad,31,8.952436527436907,-2.2899331149334707,2.289933114933469,8.952436527436907,64.48011787415412,14,3.196789391326129,110.07828412347118,98.26123416421386
66,270.0,bad,32,8.45193147693168,-20.195993720995958,20.195993720995958,8.451931476931684,64.73109610508841,22,3.1742013505420426,101.52963589284491,98.39626622438746
66,270.0,bad,33,8.78374965874992,-8.275791700792997,8.275791700792995,8.783749658749922,64.28869368340752,17,3.2140175684933237,116.59844351511751,98.15824354726931
66,270.0,bad,34,8.684759759760139,-12.253569478571245,12.253569478571244,8.68475975976014,64.38279745324903,19,3.2055482292075874,113.39314549960349,98.20887353961764
66,270.0,bad,35,8.639810264810526,-14.265185640186466,14.265185640186465,8.639810264810528,64.38199411604745,20,3.2056205295557287,113.42050821995272,98.20844132572826
66,270.0,bad,36,8.557992082992286,-16.20710483210566,16.20710483210566,8.557992082992289,64.99774401543289,21,3.15020303861104,92.44725779781714,98.53972893245087
66,270.0,bad,37,8.792840567840772,-6.2192260442264,6.2192260442263985,8.792840567840774,64.56650858712638,16,3.1890142271586255,107.13570295679534,98.3077143545837
66,270.0,bad,38,-2.3490786240783033,-27.41670079170162,27.41670079170162,-2.3490786240782984,62.007231489196855,15,3.419349165972283,194.3080427786709,96.93076441832014
66,270.0,bad,39,-2.2041291291287495,-23.40760988261165,23.40760988261165,-2.204129129128745,57.92002200347769,15,3.787198019687008,333.5237668206462,94.731751718441
66,270.0,bad,40,-2.2773614523610726,-25.413670488670846,25.413670488670846,-2.2773614523610677,60.59543723873462,15,3.546410648513884,242.39560948234205,96.17118664350086
66,270.0,bad,41,8.352941577941898,-24.13791291291515,24.13791291291515,8.352941577941902,64.93026245952574,22,3.156276378642684,94.74576823578667,98.50342230344987
66,270.0,bad,42,8.379709254709518,-22.129832104833874,22.129832104833874,8.379709254709521,65.29277771984457,22,3.1236500052139893,82.39802226928137,98.69846385053141
66,270.0,bad,43,8.312537537537859,-26.221751296751652,26.221751296751652,8.312537537537864,64.10373526122993,22,3.230663826489306,122.89837033586937,98.05873166251293
66,270.0,bad,44,8.263042588042968,-28.124276549277845,28.124276549277845,8.263042588042973,65.26656138896708,22,3.1260094749929626,83.29098493674061,98.6843588616031
66,270.0,bad,45,8.201426426426748,-30.12478159978337,30.12478159978337,8.201426426426753,64.98647311319058,22,3.1512174198128466,92.83115953364693,98.5336649278393
66,270.0,bad,46,-11.942007917007714,5.4252184002161625,-5.425218400216161,-11.942007917007716,62.910918377887334,12,3.3380173459901394,163.52728026677602,97.41696874718755
66,270.0,bad,47,-11.827866502866122,11.61158203658168,-11.611582036581678,-11.827866502866124,62.373051589733905,9,3.386425356923948,181.8477296130948,97.12758404544294
66,270.0,bad,48,-11.875341250340988,9.528248703248348,-9.528248703248346,-11.87534125034099,62.256543825610144,10,3.396911055695087,185.81613710374918,97.06490018892963
66,270.0,bad,49,-11.875846300845922,7.445420420418183,-7.4454204204181815,-11.875846300845923,62.29347702825476,11,3.393587067457071,184.5581437062184,97.08477110133245
66,270.0,bad,50,-11.40917963417943,28.037339612338315,-28.03733961233831,-11.409179634179436,40.10559918959045,1,5.39049607293686,1339.9214953745363,78.8349742426995
66,270.0,bad,51,-11.62988670488656,17.717642642642286,-17.717642642642282,-11.629886704886564,60.25361006131595,6,3.5771750944815643,254.03869216940217,95.98727576079864
66,270.0,bad,52,-11.728371553371408,13.638854763853937,-13.638854763853935,-11.72837155337141,61.8645900193714,8,3.4321868982565737,199.16659861476057,96.85402002712327
66,270.0,bad,53,-0.9894826644822847,23.044915369914072,-23.044915369914072,-0.9894826644822889,47.89959634549149,2,4.6890363289057655,824.6203195826304,86.97452771359472
66,270.0,bad,54,-11.539987714987335,21.846935571933333,-21.84693557193333,-11.539987714987339,57.492217734671726,4,3.825700403879545,348.0953421798648,94.50158318329403
66,270.0,bad,55,-11.671300846300467,15.658046683044915,-15.658046683044914,-11.67130084630047,60.976701450784155,7,3.512096869429426,229.40924959126588,96.37631555779697
66,270.0,bad,56,-11.441502866502487,25.955521430519195,-25.95552143051919,-11.441502866502493,49.58628039043392,2,4.537234764860948,734.1699253843751,88.40325688136507
66,270.0,bad,57,-11.566755391755247,19.750975975973738,-19.750975975973734,-11.566755391755251,58.77552793408574,5,3.7102024859322835,304.38411103154556,95.19203358380715
66,270.0,bad,58,-11.499583674583295,23.858046683045387,-23.858046683045384,-11.499583674583299,54.126115784187775,3,4.1286495794231,490.7159707498271,92.24878756233723
66,270.0,bad,59,-1.0531190281188247,19.834814359812594,-19.834814359812594,-1.0531190281188283,45.46071802355953,3,4.908535377879642,955.4080069872714,84.90864192684327
66,270.0,bad,60,-1.1369574119570909,16.644410319409964,-16.644410319409964,-1.136957411957094,45.38931150629332,4,4.914961964433601,959.2372645500144,84.84815604373253
66,270.0,bad,61,-11.296048321048,30.077238602236836,-30.077238602236832,-11.296048321048005,0.0,0,9.0,6330.82856,0.0
66,270.0,bad,62,9.09082036582057,3.6812790062777094,-3.681279006277711,9.09082036582057,63.96397268151684,11,3.243242458663484,127.65886739302186,97.98353618040446
66,270.0,bad,63,9.391830466830847,15.62117799617717,-15.621177996177172,9.391830466830843,60.095201542158186,5,3.5914318612057636,259.43429441734656,95.90204833445456
66,270.0,bad,64,9.179204204204408,7.666127491126194,-7.666127491126196,9.179204204204407,63.39831949091652,9,3.2941512458175133,146.9257581069001,97.67920175511908
66,270.0,bad,65,9.269103194103339,11.670167895165658,-11.67016789516566,9.269103194103337,62.344047921944835,7,3.3890356870249647,182.83563263720862,97.11197940515375
66,270.0,bad,66,9.04031531531552,1.6676426426404052,-1.6676426426404067,9.04031531531552,63.87123788894249,12,3.251588589995176,130.817536244528,97.93364272930923
66,270.0,bad,67,9.256981981982303,9.606026481025655,-9.606026481025657,9.256981981982301,62.25507057845614,8,3.3970436479389474,185.86631783707202,97.06410754807942
66,270.0,bad,68,9.463547638547784,17.633804258803433,-17.633804258803433,9.46354763854778,58.68940950489049,4,3.717953144559856,307.3174178551044,95.14569988837125
66,270.0,bad,69,9.376678951679331,13.623198198196901,-13.623198198196903,9.37667895167933,61.24513943649645,6,3.487937450715319,220.26589917776693,96.52074136757595
66,270.0,bad,70,9.17061834561849,5.638854763853938,-5.6388547638539395,9.170618345618488,63.30136704279877,10,3.3028769661481103,150.22808584652634,97.62703910834499
66,270.0,bad,71,7.966072891073035,-38.054074529076296,38.054074529076296,7.9660728910730425,56.287373223301174,21,3.9341364099028944,389.1339289208959,93.85334912748141
66,270.0,bad,72,8.10546683046715,-35.83841796341879,35.83841796341879,8.105466830467158,52.28340668489563,21,4.294493398359394,589.5333900071348,90.68789520329177
66,270.0,bad,73,8.17465874965913,-32.144478569479865,32.144478569479865,8.174658749659136,64.69689356360533,22,3.1772795792755204,102.69461938421736,98.37786447048856
66,235.0,good,0,-0.9591796341792543,25.28380425880202,-20.16111710960735,-15.287908302339375,0.0,0,9.0,6330.82856,0.0
66,235.0,good,1,-0.8773614523613078,27.53430930930754,-22.051551903567507,-16.511723438302184,0.0,0,9.0,6330.82856,0.0
66,235.0,good,2,9.66152743652764,25.601986076983838,-26.513543709570996,-6.7704359869597,0.0,0,9.0,6330.82856,0.0
66,235.0,good,3,9.496375921376066,19.577743652742356,-21.4840461949425,-3.4503566868023183,0.014661961467007057,0,8.998680423467968,6328.333816482778,0.03940627192124957
66,235.0,good,4,9.637790062790208,23.526228501226264,-24.799567449704167,-5.599274872151052,0.0,0,9.0,6330.82856,0.0
66,235.0,good,5,9.569103194103457,21.56309718809636,-23.152067251980615,-4.529533998377414,0.07599715160244815,0,8.993160256355779,6317.897588812135,0.20425400980792485
66,235.0,good,6,-1.317765492765113,10.230773955771719,-7.624720165242383,-6.947581163956673,7.9389843962907936,2,8.285491404333829,4980.004531405388,21.33723912742651
66,235.0,good,7,-12.023321048320728,3.4125921375899,4.100861814169024,-11.8063104528732,7.682210377005459,2,8.308601066069508,5023.6948194643355,20.647119538104576
66,235.0,good,8,-1.227866502866182,13.46309718809495,-10.324048291060546,-8.727924663332102,0.0,0,9.0,6330.82856,0.0
66,235.0,good,9,-2.105644280643901,-18.821751296753064,16.625623994548942,9.070870217642435,10.356984050885195,3,8.067871435420333,4568.5801134300045,27.83598434025507
66,235.0,good,10,-12.196553371552993,-2.756094731096498,9.253316251852521,-8.410000633479203,7.674731947254922,3,8.309274124747057,5024.967279781541,20.62702011027856
66,235.0,good,11,-1.5450382200378403,3.944410319409493,-2.344874260383412,-3.528042030961811,10.799342145902017,3,8.028059206868818,4493.3125585181615,29.024889618584748
66,235.0,good,12,-1.7995836745834124,-5.605084630086868,5.6236153241315385,1.7408118216671513,10.075698912993573,3,8.09318709783058,4616.440986330585,27.079987357443393
66,235.0,good,13,-1.4172604422601214,7.0757234507226245,-4.9831861356301275,-5.21942003003831,10.29287714949568,3,8.073641056545389,4579.487949807181,27.663687202940444
66,235.0,good,14,-1.6551392301390855,-2.4581149331167,2.9629187338478338,0.05410611952702804,11.088235546409994,3,8.0020588008231,4444.157134142859,29.801334974977443
66,235.0,good,15,-1.8950382200380755,-12.010640185641483,10.925489730286202,5.336695764024951,11.044543483466606,3,8.005991086488006,4451.5913707576065,29.683905849480052
66,235.0,good,16,-12.113220038219659,-0.6899331149344116,7.513017703779312,-9.526839579845355,9.81105071910285,2,8.117005435280744,4661.471070984582,26.368704715254797
66,235.0,good,17,-1.5935230685228652,0.7646123396110429,0.28767352180555483,-1.7439013001463097,9.90832375277087,2,8.108250862250623,4644.919992829745,26.63014092376962
66,235.0,good,18,-1.8111998361995152,-8.80861998362128,8.254460614515153,3.568768810937387,10.430586867900281,3,8.061247181888975,4556.056540031536,28.033803208350715
66,235.0,good,19,-12.231906906906527,-4.800539175540002,10.94830505277418,-7.266315395475294,8.850752782481713,4,8.203432249576647,4824.866470527593,23.787756613526224
66,235.0,good,20,-12.04806852306832,1.3201678951665985,5.829069978244327,-10.626417157099986,7.453526830339477,2,8.329182585269447,5062.605492966222,20.03249740558095
66,235.0,good,21,-2.050593775593572,-16.536902811905048,14.722410014788991,7.805429699852338,10.903005604358523,3,8.018729495607733,4475.674144889879,29.30350107459111
66,235.0,good,22,-12.312714987714608,-6.777811902812729,12.61434166045477,-6.198392455461097,10.627330863874153,5,8.043540222251327,4522.580404549095,28.562582895956744
66,235.0,good,23,-1.977866502866182,-14.29801392301475,12.846704954602087,6.580830483706894,11.106220378145341,3,8.00044016596692,4441.097001807837,29.849671970775383
66,235.0,good,24,-12.382411957411813,-10.917710892712659,16.04552492068462,-3.880936361189213,9.888928023670106,6,8.109996477869691,4648.2201903882205,26.578011924742118
66,235.0,good,25,-12.374836199836055,-8.855084630086868,14.351575125017575,-5.057804485124972,8.694672164732117,5,8.21747950517411,4851.423702325724,23.368265996359195
66,235.0,good,26,-2.1864523614519817,-21.093973518974817,18.533269083979032,10.307969237873031,9.958734934840319,3,8.10371385586437,4636.342493158488,26.765628713242428
66,235.0,good,27,8.920113295113557,-4.309630084632322,-1.5861245017029182,9.778831306916349,0.0,0,9.0,6330.82856,0.0
66,235.0,good,28,8.537790062790267,-18.183367458369695,9.997867427052842,17.423299291278155,0.0,0,9.0,6330.82856,0.0
66,235.0,good,29,8.737790062790443,-10.209630084630911,3.3514488694608717,13.013581832907859,0.04572335653162465,0,8.995884897912154,6323.048697288621,0.12288853880098038
66,235.0,good,30,8.997386022386225,-0.3288220038233005,-4.891333394555947,7.558831706641653,0.0,0,9.0,6330.82856,0.0
66,235.0,good,31,8.952436527436907,-2.2899331149334707,-3.259103247683387,8.646858358363174,0.0,0,9.0,6330.82856,0.0
66,235.0,good,32,8.45193147693168,-20.195993720995958,11.695760806179768,18.507363054576032,0.0012741422847128117,0,8.999885327194376,6330.611763754016,0.00342445295951066
66,235.0,good,33,8.78374965874992,-8.275791700792997,1.7409798627489552,11.94202560121214,0.0,0,9.0,6330.82856,0.0
66,235.0,good,34,8.684759759760139,-12.253569478571245,5.056162934640639,14.142497425465134,0.0,0,9.0,6330.82856,0.0
66,235.0,good,35,8.639810264810526,-14.265185640186466,6.7297643968814995,15.25949258407283,0.0,0,9.0,6330.82856,0.0
66,235.0,good,36,8.557992082992286,-16.20710483210566,8.367420453942163,16.306310142959124,0.35079271861137235,0,8.968428655324976,6271.140921165785,0.9428092747817973
66,235.0,good,37,8.792840567840772,-6.2192260442264,0.05112556971837279,10.76987483756294,1.4504955759015161,0,8.869455398168864,6084.025671936208,3.8984294982044476
66,235.0,good,38,-2.3490786240783033,-27.41670079170162,23.805822647089247,13.801320979497811,9.8780953546272,3,8.110971418083551,4650.063376985713,26.548897463972498
66,235.0,good,39,-2.2041291291287495,-23.40760988261165,20.438628018403737,11.620536577961195,10.1102410638314,3,8.090078304255174,4610.5636139839535,27.172824689728238
66,235.0,good,40,-2.2773614523610726,-25.413670488670846,22.123900999810047,12.71117726420506,9.927311393422562,3,8.10654197459197,4641.68923182074,26.681173122452396
66,235.0,good,41,8.352941577941898,-24.13791291291515,14.981570244159695,20.6872672389394,0.0,0,9.0,6330.82856,0.0
66,235.0,good,42,8.379709254709518,-22.129832104833874,13.321293436472658,19.557406202280273,0.29560030238768764,0,8.973395972785108,6280.531951341632,0.7944711846432972
66,235.0,good,43,8.312537537537859,-26.221751296751652,16.711725521756364,21.849410780777358,0.0,0,9.0,6330.82856,0.0
66,235.0,good,44,8.263042588042968,-28.124276549277845,18.29857210842328,22.900110546128488,0.2612234421904972,0,8.976489890202856,6286.381199364303,0.7020780963257867
66,235.0,good,45,8.201426426426748,-30.12478159978337,19.972631488556793,23.997080099150548,0.0,0,9.0,6330.82856,0.0
66,235.0,good,46,-11.942007917007714,5.4252184002161625,2.405575600661945,-12.894097634554303,9.431861878980257,2,8.151132430891776,4725.990330759399,25.34957650536348
66,235.0,good,47,-11.827866502866122,11.61158203658168,-2.7274656443453518,-16.348950870340417,9.44549270261573,2,8.149905656764584,4723.671036101896,25.386211436092086
66,235.0,good,48,-11.875341250340988,9.528248703248348,-0.9936684889366543,-15.192888997721877,9.985112521671072,3,8.101339873049604,4631.8543273769865,26.83652252657136
66,235.0,good,49,-11.875846300845922,7.445420420418183,0.712774241915402,-13.998641486878567,8.438195397018143,2,8.240562414268368,4895.063412811386,22.67894531626069
66,235.0,good,50,-11.40917963417943,28.037339612338315,-16.42280746361008,-25.427410160607447,0.048358280177629824,0,8.995647754784013,6322.600363094111,0.12997030053659708
66,235.0,good,51,-11.62988670488656,17.717642642642286,-7.842814219346992,-19.689067796665288,0.0,0,9.0,6330.82856,0.0
66,235.0,good,52,-11.728371553371408,13.638854763853937,-4.445178201787845,-17.430245245485878,7.545344446722053,1,8.320918999795015,5046.982658071143,20.279271342783865
66,235.0,good,53,-0.9894826644822847,23.044915369914072,-18.309745595207026,-14.02855718128595,0.0,0,9.0,6330.82856,0.0
66,235.0,good,54,-11.539987714987335,21.846935571933333,-11.276896906101788,-21.983891978342154,0.0,0,9.0,6330.82856,0.0
66,235.0,good,55,-11.671300846300467,15.658046683044915,-6.131937802986732,-18.54165656443809,0.0,0,9.0,6330.82856,0.0
66,235.0,good,56,-11.441502866502487,25.955521430519195,-14.69894199972775,-24.25980594858428,0.0,0,9.0,6330.82856,0.0
66,235.0,good,57,-11.566755391755247,19.750975975973738,-9.544634009674423,-20.803625739701175,0.0,0,9.0,6330.82856,0.0
66,235.0,good,58,-11.499583674583295,23.858046683045387,-12.947477489570666,-23.104320870265298,0.0,0,9.0,6330.82856,0.0
66,235.0,good,59,-1.0531190281188247,19.834814359812594,-15.64368447173126,-12.23944674094904,0.0,0,9.0,6330.82856,0.0
66,235.0,good,60,-1.1369574119570909,16.644410319409964,-12.982170758496203,-10.478182544445922,0.0,0,9.0,6330.82856,0.0
66,235.0,good,61,-11.296048321048,30.077238602236836,-18.158684346754143,-26.504776407324833,0.0,0,9.0,6330.82856,0.0
66,235.0,good,62,9.09082036582057,3.6812790062777094,-8.229807572525411,5.335269193291229,0.21127712433624013,0,8.980985058809738,6294.879602047757,0.5678397007838676
66,235.0,good,63,9.391830466830847,15.62117799617717,-18.183052539748765,-1.2666024801325584,0.0,0,9.0,6330.82856,0.0
66,235.0,good,64,9.179204204204408,7.666127491126194,-11.544699242122167,3.122053801847197,0.3164298067709247,0,8.971521317390616,6276.987795865303,0.8504536748140334
66,235.0,good,65,9.269103194103339,11.670167895165658,-14.876181066764602,0.8990715172478616,0.6114129023793017,0,8.944972838785862,6226.796205393959,1.6432660215022654
66,235.0,good,66,9.04031531531552,1.6676426426404052,-6.551364721910845,6.448872247485062,0.0,0,9.0,6330.82856,0.0
66,235.0,good,67,9.256981981982303,9.606026481025655,-13.178382966017608,2.0730852780066877,0.0,0,9.0,6330.82856,0.0
66,235.0,good,68,9.463547638547784,17.633804258803433,-19.872834736947357,-2.362250211733702,0.0,0,9.0,6330.82856,0.0
66,235.0,good,69,9.376678951679331,13.623198198196901,-16.537712751719194,-0.13301974231609215,0.0,0,9.0,6330.82856,0.0
66,235.0,good,70,9.17061834561849,5.638854763853938,-9.879129997075054,4.277816544655053,0.0,0,9.0,6330.82856,0.0
66,235.0,good,71,7.966072891073035,-38.054074529076296,26.602921243444143,28.3523453507023,0.0,0,9.0,6330.82856,0.0
66,235.0,good,72,8.10546683046715,-35.83841796341879,24.708008559236863,27.195681784010855,0.0,0,9.0,6330.82856,0.0
66,235.0,good,73,8.17465874965913,-32.144478569479865,21.642423698777726,25.133603892393012,0.0,0,9.0,6330.82856,0.0
91,165.0,bad,0,-29.369577594122596,-11.615004591371,25.36264910816373,18.82063893524656,53.59541174276208,5,4.176412943151413,519.1755923923621,91.79924732644534
91,165.0,bad,1,-27.39634527088992,-1.8165197428856799,25.992687537821407,8.845319255927953,56.00396640333697,17,3.9596430236996727,398.7871374920754,93.70086974062562
91,165.0,bad,2,-22.341294765839883,-13.555408631775979,18.071635689010794,18.87587186098281,45.898088513032775,2,4.86917203382705,931.9535056524414,85.27912268007394
91,165.0,bad,3,-27.02109274563775,-12.244297520664398,22.931313945314166,18.820656622029567,52.22249526143449,4,4.299975426470896,592.7998359545883,90.63629933528657
91,165.0,bad,4,-22.651900826445946,-3.2175298438953104,21.047298021016978,8.97063851473206,56.95844414316553,15,3.873740027115102,366.27637187155545,94.21440071547988
91,165.0,bad,5,-24.677658402203402,-12.92409550046285,20.491785526784106,18.870765608347895,50.08286219303771,3,4.492542402626606,707.5401484964775,88.82389340051127
91,165.0,bad,6,-24.972102846647495,-2.589752066118473,23.45092191951851,8.964764217320559,56.989749536260106,16,3.870922541736591,365.21006905999013,94.2312437369179
91,165.0,bad,7,-17.64634527088992,-14.907933884300292,13.186603424380417,18.967168588016673,0.0,0,9.0,6330.82856,0.0
91,165.0,bad,8,-13.295840220385339,-5.8705601469270245,11.323382679638566,9.111742330375986,56.128561684829734,11,3.9484294483653235,394.5432585360699,93.76790486747805
91,165.0,bad,9,-20.35897153351665,-3.8437924701579367,18.670409704209153,8.98210798939519,56.519130562582895,14,3.913278249367539,381.2399695085195,93.97803990590894
91,165.0,bad,10,6.419311294766646,11.051157024790147,-3.3403286581700176,-12.336038000147994,54.78569564205574,7,4.069287392214983,455.3452335164509,92.80749385011855
91,165.0,bad,11,5.394563820019054,-11.229146005512883,-8.11706536178465,9.45030627725368,50.045101416700874,3,4.495940872496921,709.5651140584273,88.7919076099823
91,165.0,bad,12,8.887998163453162,-1.4624793388448054,-8.963664476051195,-0.887736633733549,52.17730024317525,4,4.304042978114228,595.2234713886245,90.59801626678981
91,165.0,bad,13,-10.933719008263774,-6.493287419653356,8.880575117938783,9.101888729299192,56.10414989839072,10,3.9506265091448354,395.37475604950566,93.75477076495804
91,165.0,bad,14,8.774361799816798,10.337520661154723,-5.799835445399629,-12.256250128818813,54.3296883796334,6,4.110328045832994,479.7991534826982,92.42122655928155
91,165.0,bad,15,6.503149678604912,-0.8230853994527474,-6.494590403912126,-0.888099545402427,53.28755686454251,5,4.204119882191175,535.6846683952521,91.53847457219325
91,165.0,bad,16,-3.917557392102393,-8.531166207532145,1.5760415695569856,9.254412231578128,55.328647500032666,7,4.0204217249970595,426.22880846224643,93.26740876928365
91,165.0,bad,17,-1.5998806244255082,-9.208943985310864,-0.8380840745686828,9.309236403752976,54.78647925747243,6,4.069216866827481,455.30321122807254,92.80815762245072
91,165.0,bad,18,-18.05594123048635,-4.5407621671276335,16.265464224350755,9.059260915966615,56.08692734452594,13,3.9521765389926653,395.9613788576867,93.74550463489906
91,165.0,bad,19,1.8506244260793072,0.5279247015573536,-1.6509289607682798,-0.9889129503714438,54.9803143808246,7,4.051771705725786,444.9085772305301,92.97234835829245
91,165.0,bad,20,-19.973617998162883,-14.254398530765409,15.603723652614205,18.938244416610303,37.8809733469833,1,5.590712398771503,1509.127595885137,76.16224193117091
91,165.0,bad,21,4.202139577594929,-0.16146923783658582,-4.100746457620675,-0.9316264458830603,54.617267164267446,6,4.08444595521593,464.37740658753944,92.66482416659314
91,165.0,bad,22,-15.71099173553662,-5.213489439855847,13.826302315493365,9.102147973647277,55.74637117313039,12,3.9828265944182646,407.5611694100058,93.56227758266755
91,165.0,bad,23,-6.278668503213504,-7.847327823694231,4.033690168026666,9.20497559878004,55.40359417894564,8,4.013676523894893,422.2097056125727,93.33089339553095
91,165.0,bad,24,-12.224628099172747,4.524389348023411,12.979082128497435,-1.2062579480816344,56.2415254389119,13,3.938262710497929,390.6955646828441,93.82868196508477
91,165.0,bad,25,10.108705234160587,-12.517024793391672,-13.003903860569405,9.474192080309304,37.584896525694646,1,5.617359312687482,1531.6473398449189,75.80652634439814
91,165.0,bad,26,0.6874931129483468,-9.853388429755778,-3.214311937606295,9.339706049751143,53.36419648495665,5,4.197222316353901,531.5747795880089,91.60339322807363
91,165.0,bad,27,-0.6251331496780334,13.054692378326441,3.982635269609051,-12.44806815762297,55.50417528569492,10,4.004624224287457,416.8159267470823,93.41609202023498
91,165.0,bad,28,3.052644628099509,-10.52712580349268,-5.673248932897989,9.378340122505582,52.1715237645056,4,4.304562861194496,595.5332417776395,90.59312322023075
91,165.0,bad,29,-9.871597796142915,3.827924701559235,10.525971074014604,-1.142533815092079,56.341637578433414,12,3.929252617940993,387.285613703435,93.88254459849983
91,165.0,bad,30,11.217796143251377,-2.15692378328925,-11.39381196276225,-0.8199508983348527,49.808150104929894,3,4.51726649055631,722.2719038213024,88.5911947073591
91,165.0,bad,31,-2.802405876950643,1.9092378328704849,3.201063325068036,-1.1188661182357147,55.91340874199978,9,3.9677932132200198,401.871650393764,93.65214763620507
91,165.0,bad,32,1.7950688705237516,12.399136822769474,1.4752293705582624,-12.441244491767035,55.94890930860599,9,3.964598162225461,400.6624544616123,93.67124775747186
91,165.0,bad,33,-8.61452708907209,-7.174600550966018,6.464070933008475,9.159735640689293,55.75886638057037,9,3.9817020257486666,407.1355662308957,93.56900029163172
91,165.0,bad,34,7.714765840221192,-11.919550045915512,-10.536898129777896,9.516672899139245,45.805792738294016,2,4.877478653553538,936.9029739497116,85.20094226102827
91,165.0,bad,35,-0.5044260789708451,1.2036822773163405,0.7987740747535115,-1.0321127222222504,55.30122930094785,8,4.022889362914693,427.6991412865026,93.24418380259371
91,165.0,bad,36,4.108705234160586,11.71327823691183,-0.9370850099871224,-12.377569124855992,55.560152471599054,8,3.999586277556085,413.90402300104955,93.46208763863527
91,165.0,bad,37,-5.151900826445945,2.5228741965068484,5.629321953197825,-1.1034992905206185,56.077549278147224,10,3.9530205649667502,396.28080811757394,93.74045901951303
91,165.0,bad,38,-7.57008264462741,3.159237832870485,8.129809252743563,-1.0923078527294754,55.684674772143495,11,3.9883792705070853,409.66262987201185,93.52908350005909
91,165.0,bad,39,12.530422405877758,19.291056014689136,-7.110565919407441,-21.87684118279782,53.446465617057385,5,4.189818094464836,527.1630016671991,91.67308044008699
91,165.0,bad,40,14.855674931129812,18.599641873275466,-9.535538534043338,-21.810806045152834,51.77755065904373,4,4.340020440686064,616.6605079063429,90.25940282441731
91,165.0,bad,41,17.257695133150484,17.958227731861324,-12.021722078039254,-21.81293613561784,49.839177142964175,3,4.514474057133224,720.608042809858,88.61747659124957
91,165.0,bad,42,24.302139577594577,15.948631772265836,-19.346254606090735,-21.695051882227176,0.0,0,9.0,6330.82856,0.0
91,165.0,bad,43,22.89405876951412,6.393581267215801,-20.459182035687256,-12.101143697728372,0.0,0,9.0,6330.82856,0.0
91,165.0,bad,44,21.96274563820087,16.54610651973964,-16.931935738552195,-21.66668846585516,37.89807138418628,1,5.589173575423235,1507.8271110368128,76.18278402666438
91,165.0,bad,45,13.584967860422859,-2.799348025714433,-13.846595888614422,-0.8120858545741969,45.79631633369536,2,4.878331529967417,937.4111571711633,85.1929151407764
91,165.0,bad,46,20.487998163453398,7.10317722681176,-17.95144900800524,-12.163826452813055,37.334100850753245,1,5.639930923432209,1550.7229782597037,75.50521288702053
91,165.0,bad,47,18.2612304866856,-4.135711662078539,-18.709395090105442,-0.7315635324744636,0.0,0,9.0,6330.82856,0.0
91,165.0,bad,48,19.604159779615014,17.208227731861324,-14.482347164360482,-21.695801505065816,46.031760461720445,2,4.857141558445161,924.7851918901205,85.39235136245547
91,165.0,bad,49,13.507695133150484,9.036005509638633,-10.708741265203416,-12.224159844148248,52.38356195365481,4,4.285479424171067,584.1624471992837,90.77273311600648
91,165.0,bad,50,15.846584022039256,8.376914600547723,-13.138519727528285,-12.192875902008087,50.2908244046688,3,4.473825803579808,696.3879329545231,89.00005068286791
91,165.0,bad,51,12.48042240587764,-13.193287419653826,-15.469836376551866,9.513566042732933,0.0,0,9.0,6330.82856,0.0
91,165.0,bad,52,15.983957759412759,-3.4973278236951715,-16.344492653869594,-0.758793416343734,38.20159658476398,1,5.561856307371241,1484.7408398028767,76.5474483200525
91,165.0,bad,53,11.114260789716024,9.649641873274996,-8.238040441676306,-12.197420664451435,53.374521457138414,5,4.196293068857543,531.0210909426893,91.61213913929318
91,165.0,bad,54,18.174866850322083,7.782470156104689,-15.54132178574927,-12.221290599171262,46.11957937555747,2,4.849237856199827,920.0758004670848,85.46673959423907
91,135.0,good,0,-29.369577594122596,-11.615004591371,12.554378967317254,28.980475987459894,0.0,0,9.0,6330.82856,0.0
91,135.0,good,1,-27.39634527088992,-1.8165197428856799,18.087668092420557,20.656614949127974,0.0,0,9.0,6330.82856,0.0
91,135.0,good,2,-22.341294765839883,-13.555408631775979,6.212559664129445,25.382802394696355,0.0,0,9.0,6330.82856,0.0
91,135.0,good,3,-27.02109274563775,-12.244297520664398,10.448772107783649,27.764823723238507,0.0,0,9.0,6330.82856,0.0
91,135.0,good,4,-22.651900826445946,-3.2175298438953104,13.742175509856619,18.292449852433556,0.0,0,9.0,6330.82856,0.0
91,135.0,good,5,-24.677658402203402,-12.92409550046285,8.311024030923377,26.588455169083034,0.0,0,9.0,6330.82856,0.0
91,135.0,good,6,-24.972102846647495,-2.589752066118473,15.826712015808084,19.48917451089658,0.0,0,9.0,6330.82856,0.0
91,135.0,good,7,-17.64634527088992,-14.907933884300292,1.9363492611359803,23.019351547274873,0.0,0,9.0,6330.82856,0.0
91,135.0,good,8,-13.295840220385339,-5.8705601469270245,5.250465892151719,13.552691670662908,0.0,0,9.0,6330.82856,0.0
91,135.0,good,9,-20.35897153351665,-3.8437924701579367,11.677995108211041,17.113938550455977,0.0,0,9.0,6330.82856,0.0
91,135.0,good,10,6.419311294766646,11.051157024790147,3.275209525109573,-12.353486619263355,0.0,0,9.0,6330.82856,0.0
91,135.0,good,11,5.394563820019054,-11.229146005512883,-11.75473794611107,4.125672628752913,0.0,0,9.0,6330.82856,0.0
91,135.0,good,12,8.887998163453162,-1.4624793388448054,-7.3188928303936915,-5.250634714708931,0.0,0,9.0,6330.82856,0.0
91,135.0,good,13,-10.933719008263774,-6.493287419653356,3.1398592877013796,12.322754420961754,0.0,0,9.0,6330.82856,0.0
91,135.0,good,14,8.774361799816798,10.337520661154723,1.1053202309238896,-13.514141689393206,0.0,0,9.0,6330.82856,0.0
91,135.0,good,15,6.503149678604912,-0.8230853994527474,-5.180430504261326,-4.0164119693639755,0.0,0,9.0,6330.82856,0.0
91,135.0,good,16,-3.917557392102393,-8.531166207532145,-3.2623140791324134,8.80257687441859,0.0,0,9.0,6330.82856,0.0
91,135.0,good,17,-1.5998806244255082,-9.208943985310864,-5.380420300960138,7.642993178200626,0.0,0,9.0,6330.82856,0.0
91,135.0,good,18,-18.05594123048635,-4.5407621671276335,9.556674764651401,15.978282204913947,0.0,0,9.0,6330.82856,0.0
91,135.0,good,19,1.8506244260793072,0.5279247015573536,-0.9352899446830516,-1.6818882175372298,0.0,0,9.0,6330.82856,0.0
91,135.0,good,20,-19.973617998162883,-14.254398530765409,4.044098868490867,24.20286259417043,0.0,0,9.0,6330.82856,0.0
91,135.0,good,21,4.202139577594929,-0.16146923783658582,-3.0855373838370217,-2.8571853977824757,0.0,0,9.0,6330.82856,0.0
91,135.0,good,22,-15.71099173553662,-5.213489439855847,7.422855058797224,14.795842531930274,0.0,0,9.0,6330.82856,0.0
91,135.0,good,23,-6.278668503213504,-7.847327823694231,-1.1092096428834042,9.988587793772723,0.0,0,9.0,6330.82856,0.0
91,135.0,good,24,-12.224628099172747,4.524389348023411,11.8433438151242,5.444891037693128,9.977604298049796,3,8.102015613175519,4633.13185714319,26.81634302314466
91,135.0,good,25,10.108705234160587,-12.517024793391672,-15.998807131778293,1.7029390915964955,0.0,0,9.0,6330.82856,0.0
91,135.0,good,26,0.6874931129483468,-9.853388429755778,-7.453528818530204,6.4812667341605525,0.0,0,9.0,6330.82856,0.0
91,135.0,good,27,-0.6251331496780334,13.054692378326441,9.673097396300808,-8.789025617737122,8.957094032878219,3,8.19386153704096,4806.772428633074,24.073565046388268
91,135.0,good,28,3.052644628099509,-10.52712580349268,-9.602347759135407,5.285256324971707,0.0,0,9.0,6330.82856,0.0
91,135.0,good,29,-9.871597796142915,3.827924701559235,9.687025257142858,4.273522228454807,10.103210120737478,3,8.090711089133627,4611.759934117722,27.153927950977053
91,135.0,good,30,11.217796143251377,-2.15692378328925,-9.457355156527719,-6.407004289194976,0.0,0,9.0,6330.82856,0.0
91,135.0,good,31,-2.802405876950643,1.9092378328704849,3.3316352177494615,0.6315651807082052,8.654261105722513,2,8.221116500484973,4858.299673710252,23.259655072538365
91,135.0,good,32,1.7950688705237516,12.399136822769474,7.498208357195899,-10.03681909928434,7.506132102756702,2,8.324448110751897,5053.654667210078,20.17388214963639
91,135.0,good,33,-8.61452708907209,-7.174600550966018,1.0181818195052728,11.164599223290896,0.0,0,9.0,6330.82856,0.0
91,135.0,good,34,7.714765840221192,-11.919550045915512,-13.88355790704602,2.9732314252725436,0.0,0,9.0,6330.82856,0.0
91,135.0,good,35,-0.5044260789708451,1.2036822773163405,1.2078150017320763,-0.4944487996368251,6.701105993440991,1,8.396900460590311,5190.630451243333,18.0102509166141
91,135.0,good,36,4.108705234160586,11.71327823691183,5.377245138273551,-11.187831804216772,5.408351547793518,1,8.513248360698583,5410.593570086215,14.5357749178061
91,135.0,good,37,-5.151900826445945,2.5228741965068484,5.426885462811061,1.8590025579499514,9.579204101260915,3,8.137871630886517,4700.91994337128,25.74558134344298
91,135.0,good,38,-7.57008264462741,3.159237832870485,7.586775267162448,3.118938277154823,9.81646482812509,3,8.116518165468742,4660.5498563561605,26.383255964268905
91,135.0,good,39,12.530422405877758,19.291056014689136,4.780489869908209,-22.50118317856424,0.06464858705952645,0,8.994181627164643,6319.82855540804,0.17375300069663036
91,135.0,good,40,14.855674931129812,18.599641873275466,2.6473844133294566,-23.65648137913923,0.0,0,9.0,6330.82856,0.0
91,135.0,good,41,17.257695133150484,17.958227731861324,0.4953513509906706,-24.90141786359224,0.0,0,9.0,6330.82856,0.0
91,135.0,good,42,24.302139577594577,15.948631772265836,-5.906822015842705,-28.461593369475505,0.0,0,9.0,6330.82856,0.0
91,135.0,good,43,22.89405876951412,6.393581267215801,-11.667599534691206,-20.709488874922354,0.0,0,9.0,6330.82856,0.0
91,135.0,good,44,21.96274563820087,16.54610651973964,-3.830142251904256,-27.229870496589953,0.0,0,9.0,6330.82856,0.0
91,135.0,good,45,13.584967860422859,-2.799348025714433,-11.585460868190156,-7.62658492442246,0.0,0,9.0,6330.82856,0.0
91,135.0,good,46,20.487998163453398,7.10317722681176,-9.464497649266978,-19.509907219363882,0.0,0,9.0,6330.82856,0.0
91,135.0,good,47,18.2612304866856,-4.135711662078539,-15.837029671233928,-9.988250148657885,0.0,0,9.0,6330.82856,0.0
91,135.0,good,48,19.604159779615014,17.208227731861324,-1.6941797982288023,-26.030288841031894,0.0,0,9.0,6330.82856,0.0
91,135.0,good,49,13.507695133150484,9.036005509638633,-3.1619620561467485,-15.940803597555714,0.0,0,9.0,6330.82856,0.0
91,135.0,good,50,15.846584022039256,8.376914600547723,-5.281853901158457,-17.128600140094246,0.0,0,9.0,6330.82856,0.0
91,135.0,good,51,12.48042240587764,-13.193287419653826,-18.154054315848995,0.5040716853117804,0.0,0,9.0,6330.82856,0.0
91,135.0,good,52,15.983957759412759,-3.4973278236951715,-13.775349142047341,-8.82938070171285,0.0,0,9.0,6330.82856,0.0
91,135.0,good,53,11.114260789716024,9.649641873274996,-1.0356419676695428,-14.682296376898364,0.0,0,9.0,6330.82856,0.0
91,135.0,good,54,18.174866850322083,7.782470156104689,-7.3485341752617765,-18.35460901878889,0.0,0,9.0,6330.82856,0.0
126,290.0,bad,0,24.012944257388366,10.908342686120768,-2.0375784905683503,26.29565945096374,0.0,0,9.0,6330.82856,0.0
126,290.0,bad,1,14.587186681631144,-0.7477179199405428,5.69173669136729,13.45173709261003,72.07374952919095,7,2.513362542372815,0.0,100.0
126,290.0,bad,2,-14.114833520389059,-10.203778526001384,4.760858001355791,-16.75350269665756,75.8326522588548,8,2.1750612967030687,0.0,100.0
126,290.0,bad,3,1.3811260755703023,-6.088121960344113,6.193336218897374,-0.7844263638726323,71.04989094936919,7,2.605509814556773,0.0,100.0
126,290.0,bad,4,13.019509913954257,3.3300598578379406,1.3237019716149194,13.373284942252582,65.65714255012885,4,3.090857170488403,69.98727752015739,98.89450050879032
126,290.0,bad,5,0.2568836513279956,-3.1744855967082195,3.070900073263087,-0.8443463472179595,67.69025898715935,5,2.907876691155659,2.804224927796602,99.95570524614243
126,290.0,bad,6,10.863954358398468,8.836120463898311,-4.587545969557629,13.230908930647324,0.0,0,9.0,6330.82856,0.0
126,290.0,bad,7,12.38062102506537,4.716423494201577,-0.197566576548863,13.247090057472173,63.446087554075916,3,3.2898521201331676,145.2987151275633,97.70490207165611
126,290.0,bad,8,13.583651328095437,1.9623830901609376,2.8018454651418336,13.435631462096698,69.25909387405038,5,2.7666815513354654,0.0,100.0
126,290.0,bad,9,11.867994762439107,6.0548073325854155,-1.630564501073212,13.223133173490012,56.44307827141593,2,3.920122955572567,383.83041044795635,93.93712202423065
126,290.0,bad,10,-2.0355405910963644,2.6866255144028917,-3.220798055411538,-0.9939024292649635,43.98216277845509,1,5.041605349939042,1045.0682235612232,83.4923941841631
126,290.0,bad,11,-1.500187055742829,1.1654133931910056,-1.6082245575671301,-1.0111198503072325,54.968254999982236,2,4.052857050001599,445.55527555808567,92.96213329210599
126,290.0,bad,12,11.381631126075234,7.435110362887505,-3.0939712337140786,13.238192293637058,44.21327176513055,1,5.020805541138251,1027.4899640268104,83.77005546290121
126,290.0,bad,13,-0.9335203890758096,-0.2992330714554592,-0.03809566812734527,-0.9795659589547046,61.33863464559946,3,3.479522881896048,217.0813295404117,96.57104394025146
126,290.0,bad,14,-15.19362139917682,-7.588627010849634,1.9344522354096192,-16.87279720971716,72.63021734848029,6,2.463280438636774,0.0,100.0
126,290.0,bad,15,-15.586045641601414,-6.216404788627647,0.5107681434706492,-16.77222773342202,69.81763256729667,5,2.7164130689432993,0.0,100.0
126,290.0,bad,16,-14.564328469884009,-8.871960344182261,3.3556219566214276,-16.72038113834899,72.54920678524742,7,2.470571389327732,0.0,100.0
126,290.0,bad,17,-0.3658436213995123,-1.6739805462026986,1.4479012787799972,-0.9163156177273439,66.08342110009865,4,3.0524921009911217,55.467670148682956,99.12384817211536
126,290.0,bad,18,0.871530115974225,-4.640647212870071,4.65886279678284,-0.7682244060960219,69.31544099827056,6,2.7616103101556497,0.0,100.0
126,290.0,bad,19,24.73163112607547,9.15026187803949,-0.13971754263440772,26.369705148166673,41.2596105234798,1,5.286635052886819,1252.146844009518,80.22143812389831
126,290.0,bad,20,13.938701833146178,0.6659184436965263,4.141558151159559,13.325852777498769,72.16475867898117,6,2.505171718891694,0.0,100.0
126,290.0,bad,21,-2.5511971567528127,4.120463898241981,-4.7445303365973635,-0.9880594893256409,0.0,0,9.0,6330.82856,0.0
126,290.0,bad,22,-17.12341937897527,-2.311354283576201,-3.684591785924204,-16.881280556390614,55.29584240958035,2,4.0233741831377685,427.98801960319446,93.23962076137481
126,290.0,bad,23,-16.737560793116568,-3.652768424990813,-2.2921034069801953,-16.97748274749801,63.4121212342841,3,3.292909088914431,146.45565259783012,97.68662741045968
126,290.0,bad,24,-18.280995136550793,0.3224841002621829,-6.555504506076116,-17.068220172247937,0.0,0,9.0,6330.82856,0.0
126,290.0,bad,25,-17.725439580995236,-0.9613542835771417,-5.1590798597641125,-16.985267304303484,44.666897553682695,1,4.979979220168557,997.9775532151515,84.2362252625089
126,290.0,bad,26,-16.164833520389177,-4.923980546202698,-0.9016704933190427,-16.87407530748746,67.80037713270055,4,2.8979660580569515,0.0,100.0
126,60.0,good,0,24.012944257388366,10.908342686120768,21.453374008060955,-15.34164840349759,0.0,0,9.0,6330.82856,0.0
126,60.0,good,1,14.587186681631144,-0.7477179199405428,6.646050627282205,-13.006733196008867,0.0,0,9.0,6330.82856,0.0
126,60.0,good,2,-14.114833520389059,-10.203778526001384,-15.894148178301863,7.12191513584437,0.0,0,9.0,6330.82856,0.0
126,60.0,good,3,1.3811260755703023,-6.088121960344113,-4.581905241210767,-4.240151247445045,0.0,0,9.0,6330.82856,0.0
126,60.0,good,4,13.019509913954257,3.3300598578379406,9.393671389987583,-9.610196401388766,0.0,0,9.0,6330.82856,0.0
126,60.0,good,5,0.2568836513279956,-3.1744855967082195,-2.6207433450331226,-1.8097105662210586,0.0,0,9.0,6330.82856,0.0
126,60.0,good,6,10.863954358398468,8.836120463898311,13.08428197183471,-4.990400227978589,7.630698233775236,1,8.313237158960229,5032.459648486081,20.50867274652465
126,60.0,good,7,12.38062102506537,4.716423494201577,10.27485307351702,-8.363720575233557,0.0,0,9.0,6330.82856,0.0
126,60.0,good,8,13.583651328095437,1.9623830901609376,8.4912992720841,-10.782595581200408,1.635193816515675,0,8.852832556513588,6052.59913057944,4.394834369366663
126,60.0,good,9,11.867994762439107,6.0548073325854155,11.177614346258817,-7.250581289960221,0.0,0,9.0,6330.82856,0.0
126,60.0,good,10,-2.0355405910963644,2.6866255144028917,1.3089156503801567,3.10614261952529,0.0,0,9.0,6330.82856,0.0
126,60.0,good,11,-1.500187055742829,1.1654133931910056,0.25918407654261855,1.8819067972973746,0.0,0,9.0,6330.82856,0.0
126,60.0,good,12,11.381631126075234,7.435110362887505,12.129810017239134,-6.139226510241086,0.0,0,9.0,6330.82856,0.0
126,60.0,good,13,-0.9335203890758096,-0.2992330714554592,-0.7259036360707767,0.6588358361626546,0.0,0,9.0,6330.82856,0.0
126,60.0,good,14,-15.19362139917682,-7.588627010849634,-14.168754470828963,9.363748601745176,0.0,0,9.0,6330.82856,0.0
126,60.0,good,15,-15.586045641601414,-6.216404788627647,-13.176587287959485,10.389709075856729,0.2152087656164834,0,8.980631211094517,6294.210630394955,0.5784065901959123
126,60.0,good,16,-14.564328469884009,-8.871960344182261,-14.965507274371976,8.177098271889362,0.0,0,9.0,6330.82856,0.0
126,60.0,good,17,-0.3658436213995123,-1.6739805462026986,-1.6326314891522433,-0.5201604031568756,0.0,0,9.0,6330.82856,0.0
126,60.0,good,18,0.871530115974225,-4.640647212870071,-3.5831533183598205,-3.075090827031913,0.0,0,9.0,6330.82856,0.0
126,60.0,good,19,24.73163112607547,9.15026187803949,20.290174800700242,-16.843089893187553,0.0,0,9.0,6330.82856,0.0
126,60.0,good,20,13.938701833146178,0.6659184436965263,7.54605320566288,-11.73831066143305,0.0,0,9.0,6330.82856,0.0
126,60.0,good,21,-2.5511971567528127,4.120463898241981,2.2928278328778076,4.269633496931558,0.0,0,9.0,6330.82856,0.0
126,60.0,good,22,-17.12341937897527,-2.311354283576201,-10.563401216210607,13.67363904005924,0.5386303893461538,0,8.951523264958846,6239.180203467141,1.4476518462673282
126,60.0,good,23,-16.737560793116568,-3.652768424990813,-11.532170646742003,12.668768631729957,0.0,0,9.0,6330.82856,0.0
126,60.0,good,24,-18.280995136550793,0.3224841002621829,-8.86121814513178,15.99304824484385,0.0,0,9.0,6330.82856,0.0
126,60.0,good,25,-17.725439580995236,-0.9613542835771417,-9.695277022112414,14.870003828599499,0.0,0,9.0,6330.82856,0.0
126,60.0,good,26,-16.164833520389177,-4.923980546202698,-12.346709000946504,11.537166203501915,0.0,0,9.0,6330.82856,0.0
155,60.0,bad,0,-4.406228956229034,-5.358529741861716,-6.843737361501233,1.1366413400540765,0.0,0,9.0,6330.82856,0.0
155,60.0,bad,1,-2.643097643097251,-2.889337822667916,-3.8237887760942586,0.8443207922710365,29.75434063406922,1,6.3221093429337705,2211.917564524026,65.06116784618747
155,60.0,bad,2,-0.9006734006730087,-0.41509539842831367,-0.8098198603694473,0.5724583462815889,34.834143101590406,2,5.864927120856863,1740.8709546409168,72.50168855242359
155,60.0,bad,3,-1.3430976430977215,-5.648428731762587,-5.56323159472118,-1.6610576871956622,0.0,0,9.0,6330.82856,0.0
155,60.0,bad,4,0.37104377104381026,-3.1565095398415144,-2.5480955632687747,-1.8995881015606741,31.93462503999523,1,6.125883746400429,1994.5013381993576,68.49541384201758
155,60.0,bad,5,1.5664983164987085,3.5667227833917496,3.8721216969233514,0.42673405462243785,34.74035522312057,3,5.873368029919149,1748.0045053203635,72.38900897799128
155,60.0,bad,6,2.109932659932934,5.069248035917002,5.44506390715496,0.7073687341821073,44.83716300000615,4,4.964655329999446,988.8468705692358,84.38045097576872
155,60.0,bad,7,2.6513468013468406,2.2434904601594265,3.268593132319524,-1.1743884541292637,20.062145425937263,2,7.194406911665647,3250.2021119089795,48.660715084835914
155,60.0,bad,8,2.5942760942764864,6.58843995510798,7.002894419570161,1.0475109754798808,41.9265755250561,5,5.226608202744951,1201.4171685142833,81.02274991135941
155,15.0,good,0,-4.406228956229034,-5.358529741861716,-5.642979896306455,-4.035526297648051,0.0,0,9.0,6330.82856,0.0
155,15.0,good,1,-2.643097643097251,-2.889337822667916,-3.3008519311129074,-2.1068020156896106,0.0,0,9.0,6330.82856,0.0
155,15.0,good,2,-0.9006734006730087,-0.41509539842831367,-0.9774182934093276,-0.16783993620423074,0.0,0,9.0,6330.82856,0.0
155,15.0,good,3,-1.3430976430977215,-5.648428731762587,-2.759253631380502,-5.108343940496693,0.8459822563815947,0,8.923861596925656,6186.884057448909,2.2737071646604656
155,15.0,good,4,0.37104377104381026,-3.1565095398415144,-0.45856402382387357,-3.144987279973539,7.21291932412973,1,8.350837260828325,5103.545036946208,19.385827801563337
155,15.0,good,5,1.5664983164987085,3.5667227833917496,2.436256965687307,3.0397500532608195,0.0,0,9.0,6330.82856,0.0
155,15.0,good,6,2.109932659932934,5.069248035917002,3.350056384003878,4.350426841482903,0.0,0,9.0,6330.82856,0.0
155,15.0,good,7,2.6513468013468406,2.2434904601594265,3.141662408464903,1.4808263291409243,0.0,0,9.0,6330.82856,0.0
155,15.0,good,8,2.5942760942764864,6.58843995510798,4.211092017882335,5.69249624614065,0.0,0,9.0,6330.82856,0.0
157,195.0,bad,0,-6.614285714285815,-1.6622655122644372,6.81913536647464,-0.10627792416085136,56.712991887471674,6,3.895830730127549,374.63679812657136,94.08234175707055
157,195.0,bad,1,-2.1981240981240813,-0.558225108221211,2.267704125228481,-0.029712331179436724,54.358339199545945,4,4.107749472040865,478.2627199325241,92.44549563457892
157,195.0,bad,2,4.403896103895885,1.1094516594517938,-4.540984202133562,0.06816417345729264,38.77437768709209,1,5.510306008161712,1441.1748365159967,77.23560474182234
157,195.0,bad,3,0.0038961038961206947,-0.013780663777707201,-0.00019664913534336555,0.01431948493630783,51.92207287240025,3,4.327013441483977,608.9103360779568,90.38182237432193
157,195.0,bad,4,-4.40367965367999,-1.094083694082619,4.536797605157904,-0.0829524666667043,55.84596181736533,5,3.9738634364371204,404.1689812450936,93.61585963962523
157,195.0,bad,5,6.6044011544007,1.6801587301588645,-6.814218720369355,0.08643609053048218,0.0,0,9.0,6330.82856,0.0
157,195.0,bad,6,2.203896103896003,0.5387445887447231,-2.2682375252240647,0.05002297307351855,47.59925657893979,2,4.716066907895419,840.7263889792498,86.7201207391525
157,45.0,good,0,-6.614285714285815,-1.6622655122644372,-5.852405497131521,3.501607065422094,0.0,0,9.0,6330.82856,0.0
157,45.0,good,1,-2.1981240981240813,-0.558225108221211,-1.9490332151249146,1.1595836962212893,0.0,0,9.0,6330.82856,0.0
157,45.0,good,2,4.403896103895885,1.1094516594517938,3.898525590502829,-2.3295240069087653,0.0,0,9.0,6330.82856,0.0
157,45.0,good,3,0.0038961038961206947,-0.013780663777707201,-0.006989439321314317,-0.01249936229162286,0.0,0,9.0,6330.82856,0.0
157,45.0,good,4,-4.40367965367999,-1.094083694082619,-3.887505744561796,2.3402377460189,0.0,0,9.0,6330.82856,0.0
157,45.0,good,5,6.6044011544007,1.6801587301588645,5.85806847351811,-3.4819652103878864,0.0,0,9.0,6330.82856,0.0
157,45.0,good,6,2.203896103896003,0.5387445887447231,1.9393398321244273,-1.1774399280665244,0.0,0,9.0,6330.82856,0.0
159,255.0,bad,0,-2.7630591630586423,-4.624025974025823,5.181598443887615,-1.4721242180363843,14.63972263397306,1,7.682424962942425,3971.126983125181,37.27318714305571
159,255.0,bad,1,0.03441558441622277,4.952236652236686,-4.792400688985982,-1.2484902596391416,0.0,0,9.0,6330.82856,0.0
159,255.0,bad,2,0.2364357864364248,-2.076551226550958,1.944600374864273,0.7658304379402963,52.88301480285372,3,4.240528667743165,557.3787070975476,91.19580159508304
159,255.0,bad,3,0.9500721500724356,-0.19271284271257394,-0.05975045482658822,0.9675769805228097,43.660829081990634,2,5.070525382620843,1069.5090174691497,83.10633422887777
159,255.0,bad,4,-1.2261904761897202,-3.36139971139956,3.5642242418826844,-0.3144147853890191,12.0132320692742,3,7.918809113765322,4320.32556920965,31.75734379372216
159,255.0,bad,5,1.5091630591636975,3.605266955267224,-3.8730206046359137,0.5246278242256979,0.0,0,9.0,6330.82856,0.0
159,255.0,bad,6,1.2591630591636975,1.6971861471861809,-1.965251312188289,0.7769940203794122,34.35488306916956,1,5.90806052377474,1777.3237008346225,71.92589115326442
159,0.0,good,0,-2.7630591630586423,-4.624025974025823,-2.7630591630586423,-4.624025974025823,0.0,0,9.0,6330.82856,0.0
159,0.0,good,1,0.03441558441622277,4.952236652236686,0.03441558441622277,4.952236652236686,0.0,0,9.0,6330.82856,0.0
159,0.0,good,2,0.2364357864364248,-2.076551226550958,0.2364357864364248,-2.076551226550958,0.0,0,9.0,6330.82856,0.0
159,0.0,good,3,0.9500721500724356,-0.19271284271257394,0.9500721500724356,-0.19271284271257394,0.0,0,9.0,6330.82856,0.0
159,0.0,good,4,-1.2261904761897202,-3.36139971139956,-1.2261904761897202,-3.36139971139956,0.0,0,9.0,6330.82856,0.0
159,0.0,good,5,1.5091630591636975,3.605266955267224,1.5091630591636975,3.605266955267224,0.0,0,9.0,6330.82856,0.0
159,0.0,good,6,1.2591630591636975,1.6971861471861809,1.2591630591636975,1.6971861471861809,0.0,0,9.0,6330.82856,0.0
