farm_id,theta_deg,state,upstream_turbine_index,downstream_turbine_index,upstream_alongwind_D,upstream_crosswind_D,downstream_alongwind_D,downstream_crosswind_D,pair_velocity_deficit_pct
2,140.0,bad,3,1,19.581452127564194,-75.0293700393637,32.80314715071414,-73.98141237687736,6.466017364279954
2,140.0,bad,37,1,-3.8922475381107944,-75.29403446525222,32.80314715071414,-73.98141237687736,2.67864278135717
2,140.0,bad,17,2,19.27052725914691,-67.97471178863198,29.778912834570026,-68.63847388756248,12.397950568896613
2,140.0,bad,32,2,-7.570614294091765,-68.75745732267141,29.778912834570026,-68.63847388756248,2.605143254138132
2,140.0,bad,35,2,3.8851454254157147,-69.61917882254298,29.778912834570026,-68.63847388756248,4.533408070620515
2,140.0,bad,36,2,12.283623827896786,-69.80582110598297,29.778912834570026,-68.63847388756248,5.588596215102089
2,140.0,bad,23,3,3.507324243399246,-76.08480862910483,19.581452127564194,-75.0293700393637,6.626550111973762
2,140.0,bad,30,3,-10.423109376644433,-76.67391260283036,19.581452127564194,-75.0293700393637,3.2861155244035998
2,140.0,bad,37,3,-3.8922475381107944,-75.29403446525222,19.581452127564194,-75.0293700393637,5.212612864931799
2,140.0,bad,201,3,-22.995310159960347,-72.99430218947441,19.581452127564194,-75.0293700393637,2.1128819113694104
2,140.0,bad,475,4,-14.045409101081631,-89.36548534734877,3.5011109730947467,-89.46055744841998,7.697140546991502
2,140.0,bad,15,5,7.266273375536883,-82.75749178229863,19.868525857128407,-81.55352910192012,4.1480405648868155
2,140.0,bad,38,5,-1.1867771605633948,-81.98173831987705,19.868525857128407,-81.55352910192012,6.056076599409441
2,140.0,bad,471,5,-21.512219324174247,-83.1477610232276,19.868525857128407,-81.55352910192012,2.212392129276245
2,140.0,bad,4,6,3.5011109730947467,-89.46055744841998,11.228840135893691,-89.80719494230317,18.584748388606748
2,140.0,bad,475,6,-14.045409101081631,-89.36548534734877,11.228840135893691,-89.80719494230317,4.6940460260428365
2,140.0,bad,10,7,-4.654861662633671,-93.86944869535884,14.250637957305308,-95.19437287653528,4.3047818822514206
2,140.0,bad,13,7,2.169692650152463,-95.59038220385611,14.250637957305308,-95.19437287653528,11.979193438707714
2,140.0,bad,33,8,-10.14830198041058,-83.87095743498796,14.360660143486214,-84.28299591789025,4.904549321673869
2,140.0,bad,471,8,-21.512219324174247,-83.1477610232276,14.360660143486214,-84.28299591789025,2.775561777541055
2,140.0,bad,7,9,14.250637957305308,-95.19437287653528,20.365222999384812,-94.1881864199232,4.694487434466262
2,140.0,bad,10,9,-4.654861662633671,-93.86944869535884,20.365222999384812,-94.1881864199232,4.762429049632541
2,140.0,bad,13,9,2.169692650152463,-95.59038220385611,20.365222999384812,-94.1881864199232,3.4659620333036307
2,140.0,bad,39,9,-9.78282739227965,-92.28941918986044,20.365222999384812,-94.1881864199232,2.2160109951755014
2,140.0,bad,28,12,-4.524018297182863,-87.70270011249237,20.017858599776833,-87.5049609141452,4.895206736471178
2,140.0,bad,472,12,-17.736153135052852,-86.28939313834917,20.017858599776833,-87.5049609141452,2.5611981435588795
2,140.0,bad,475,12,-14.045409101081631,-89.36548534734877,20.017858599776833,-87.5049609141452,2.67316961274078
2,140.0,bad,33,15,-10.14830198041058,-83.87095743498796,7.266273375536883,-82.75749178229863,6.092010273551969
2,140.0,bad,38,15,-1.1867771605633948,-81.98173831987705,7.266273375536883,-82.75749178229863,10.749352606509484
2,140.0,bad,471,15,-21.512219324174247,-83.1477610232276,7.266273375536883,-82.75749178229863,3.8840163859202823
2,140.0,bad,209,16,-28.968682590279002,-54.67273114413513,11.701217959066597,-56.34380137173861,2.2749025534948384
2,140.0,bad,32,17,-7.570614294091765,-68.75745732267141,19.27052725914691,-67.97471178863198,4.303251656086123
2,140.0,bad,24,18,-11.334312718994926,-62.49554530813422,18.82318222456915,-61.53690766641546,3.6218434564597044
2,140.0,bad,29,18,-4.363839985989298,-60.37692443249528,18.82318222456915,-61.53690766641546,5.302886315316668
2,140.0,bad,206,19,-23.02157964169832,-53.17151691761822,18.77866939674792,-54.23167200963914,2.1767031541989503
2,140.0,bad,24,20,-11.334312718994926,-62.49554530813422,10.149661808013363,-62.945137723237416,5.892285712350848
2,140.0,bad,34,20,-16.843516510772066,-63.68733661543132,10.149661808013363,-62.945137723237416,4.267952822628428
2,140.0,bad,199,21,-27.729849302822807,-47.613848533174995,-2.2316879904608626,-48.257977181829574,4.635015435230607
2,140.0,bad,217,21,-34.54194196898187,-48.74578364217883,-2.2316879904608626,-48.257977181829574,3.2626586387561884
2,140.0,bad,227,21,-44.140386211150044,-46.92950510576456,-2.2316879904608626,-48.257977181829574,2.1676173904778375
2,140.0,bad,34,22,-16.843516510772066,-63.68733661543132,-0.03088101534987686,-65.09838399649882,3.034979473618962
2,140.0,bad,203,22,-22.33164497481251,-65.3348185895259,-0.03088101534987686,-65.09838399649882,5.598056967892524
2,140.0,bad,208,22,-27.632347989835104,-66.53230424329642,-0.03088101534987686,-65.09838399649882,4.0316675020869335
2,140.0,bad,30,23,-10.423109376644433,-76.67391260283036,3.507324243399246,-76.08480862910483,10.19909802221245
2,140.0,bad,37,23,-3.8922475381107944,-75.29403446525222,3.507324243399246,-76.08480862910483,10.356207937105118
2,140.0,bad,473,23,-29.75604564057376,-76.32145549661205,3.507324243399246,-76.08480862910483,3.120485815071619
2,140.0,bad,211,25,-40.34553617976927,-57.53113997534166,3.184618267630011,-58.679189662889364,2.038289696408603
2,140.0,bad,23,26,3.507324243399246,-76.08480862910483,12.186792213404303,-77.21053923046492,3.7315507479269296
2,140.0,bad,27,26,-17.18007900476449,-78.34768656776397,12.186792213404303,-77.21053923046492,3.7687827458668
2,140.0,bad,30,26,-10.423109376644433,-76.67391260283036,12.186792213404303,-77.21053923046492,5.49242234814492
2,140.0,bad,473,26,-29.75604564057376,-76.32145549661205,12.186792213404303,-77.21053923046492,2.164768976839431
2,140.0,bad,473,30,-29.75604564057376,-76.32145549661205,-10.423109376644433,-76.67391260283036,6.788156163185745
2,140.0,bad,476,32,-38.051331058846046,-69.3088940628567,-7.570614294091765,-68.75745732267141,3.564236510864735
2,140.0,bad,477,32,-32.621247714417194,-67.87823836296104,-7.570614294091765,-68.75745732267141,4.7541311742605625
2,140.0,bad,471,33,-21.512219324174247,-83.1477610232276,-10.14830198041058,-83.87095743498796,11.211728489657789
2,140.0,bad,31,35,-15.559133874842292,-71.0802544745537,3.8851454254157147,-69.61917882254298,3.2193035000272077
2,140.0,bad,32,35,-7.570614294091765,-68.75745732267141,3.8851454254157147,-69.61917882254298,9.095918132295894
2,140.0,bad,476,35,-38.051331058846046,-69.3088940628567,3.8851454254157147,-69.61917882254298,2.165299306969589
2,140.0,bad,477,35,-32.621247714417194,-67.87823836296104,3.8851454254157147,-69.61917882254298,2.700458980554827
2,140.0,bad,31,36,-15.559133874842292,-71.0802544745537,12.283623827896786,-69.80582110598297,4.078470710885824
2,140.0,bad,32,36,-7.570614294091765,-68.75745732267141,12.283623827896786,-69.80582110598297,6.380397341165681
2,140.0,bad,35,36,3.8851454254157147,-69.61917882254298,12.283623827896786,-69.80582110598297,17.254369229069162
2,140.0,bad,473,37,-29.75604564057376,-76.32145549661205,-3.8922475381107944,-75.29403446525222,4.540987851373933
2,140.0,bad,471,38,-21.512219324174247,-83.1477610232276,-1.1867771605633948,-81.98173831987705,5.65682563958911
2,140.0,bad,53,40,65.89665148207331,19.62667234364657,69.84559994230779,18.62909300231455,3.3752982902036854
2,140.0,bad,55,40,47.6349171102713,17.87751568682973,69.84559994230779,18.62909300231455,5.6294120574537665
2,140.0,bad,56,40,53.90670800624942,17.910632397806364,69.84559994230779,18.62909300231455,8.680806232538936
2,140.0,bad,68,40,62.731347231389535,18.653191665023957,69.84559994230779,18.62909300231455,19.941004013090627
2,140.0,bad,69,40,58.55048745471619,18.970932000739143,69.84559994230779,18.62909300231455,12.879619263932357
2,140.0,bad,241,40,43.00770495099433,18.223552132107507,69.84559994230779,18.62909300231455,4.304010189580718
2,140.0,bad,245,40,40.73221224497667,18.217576357046916,69.84559994230779,18.62909300231455,3.8177900028825054
2,140.0,bad,248,40,30.109607184618334,18.182240529436907,69.84559994230779,18.62909300231455,2.3611377225535635
2,140.0,bad,255,40,26.186366426788762,18.064104540790346,69.84559994230779,18.62909300231455,2.028495144052277
2,140.0,bad,258,40,33.902358546045576,18.222529151011784,69.84559994230779,18.62909300231455,2.7670667594399565
2,140.0,bad,259,40,36.19177530119023,18.203267980352315,69.84559994230779,18.62909300231455,3.064914070350905
2,140.0,bad,269,40,38.45613654113182,18.25000988875652,69.84559994230779,18.62909300231455,3.4094420252967605
2,140.0,bad,46,41,75.51844437973952,6.604142263794998,79.62213025969949,6.63766150121922,29.362812275391615
2,140.0,bad,62,41,58.30461068884952,5.789659597155445,79.62213025969949,6.63766150121922,5.955088047047771
2,140.0,bad,64,41,71.37440344751818,6.781360159509024,79.62213025969949,6.63766150121922,17.540637001073286
2,140.0,bad,65,41,62.55608720553151,6.5003397597740395,79.62213025969949,6.63766150121922,7.972845812887036
2,140.0,bad,81,41,44.14935331196685,8.568152010497027,79.62213025969949,6.63766150121922,2.512507538788883
2,140.0,bad,86,41,45.275977887228606,5.3790532299077505,79.62213025969949,6.63766150121922,2.9699628174845243
2,140.0,bad,88,41,51.83195991323193,6.083133189943741,79.62213025969949,6.63766150121922,4.089829496445355
2,140.0,bad,89,41,47.55158170951881,5.390396615482764,79.62213025969949,6.63766150121922,3.2999438672201107
2,140.0,bad,90,41,43.015952117908725,5.369573340456363,79.62213025969949,6.63766150121922,2.6889078579616497
2,140.0,bad,92,41,40.72119920036755,5.3606222612254655,79.62213025969949,6.63766150121922,2.442466669220238
2,140.0,bad,97,41,37.323404004137046,8.584951833533808,79.62213025969949,6.63766150121922,2.1354070815295207
2,140.0,bad,99,41,38.45620142028942,5.368067850920468,79.62213025969949,6.63766150121922,2.2310082538135156
2,140.0,bad,100,41,39.60148512319165,8.571342756864722,79.62213025969949,6.63766150121922,2.33434114291241
2,140.0,bad,102,41,41.86041247004,8.5805602570337,79.62213025969949,6.63766150121922,2.4992611871242842
2,140.0,bad,106,41,46.42311170067437,8.570694630711252,79.62213025969949,6.63766150121922,2.377915449282087
2,140.0,bad,51,42,73.38938515184725,22.367465933108317,75.92956848716136,21.473420686049277,5.110694595738371
2,140.0,bad,63,42,61.29216977337489,22.211633590092035,75.92956848716136,21.473420686049277,9.611521448892258
2,140.0,bad,73,42,52.61962891941046,21.48659747603016,75.92956848716136,21.473420686049277,5.263991901064145
2,140.0,bad,246,42,35.07062009879716,21.438491796176002,75.92956848716136,21.473420686049277,2.2580219011388434
2,140.0,bad,247,42,32.78591764209324,21.421491639657457,75.92956848716136,21.473420686049277,2.0680456909610383
2,140.0,bad,256,42,41.85843522941153,21.473424268672026,75.92956848716136,21.473420686049277,3.0071456639751073
2,140.0,bad,266,42,37.3216985067124,21.43584888169611,75.92956848716136,21.473420686049277,2.472007140892478
2,140.0,bad,272,42,39.6109994686204,21.43165437102718,75.92956848716136,21.473420686049277,2.722404378678425
2,140.0,bad,61,43,59.35012178684646,11.60178270551891,78.5707331844865,11.32583166761195,6.840444201790999
2,140.0,bad,66,43,63.101400166431475,10.028915277131027,78.5707331844865,11.32583166761195,3.863012180449242
2,140.0,bad,71,43,56.37697454099812,10.693942890219631,78.5707331844865,11.32583166761195,5.635332352414991
2,140.0,bad,79,43,43.00531799042696,11.800000245438216,78.5707331844865,11.32583166761195,2.8131457785811937
2,140.0,bad,84,43,45.279605834655584,11.779911750207836,78.5707331844865,11.32583166761195,3.11648550298742
2,140.0,bad,101,43,40.73448136358307,11.793975605026741,78.5707331844865,11.32583166761195,2.5523992896561474
2,140.0,bad,112,43,38.47771070495008,11.797116526913763,78.5707331844865,11.32583166761195,2.3276004295602806
2,140.0,bad,114,43,36.18196580425209,11.8137049394128,78.5707331844865,11.32583166761195,2.128073096295764
2,140.0,bad,166,43,49.69263189902755,12.009705747642517,78.5707331844865,11.32583166761195,3.8641396040291895
2,140.0,bad,57,44,68.68207398291325,13.484046328999408,73.62842004600607,12.430036040764328,2.838148332412392
2,140.0,bad,61,44,59.35012178684646,11.60178270551891,73.62842004600607,12.430036040764328,9.132909465961307
2,140.0,bad,67,44,55.37789534622513,13.57075230807953,73.62842004600607,12.430036040764328,5.869852314886194
2,140.0,bad,79,44,43.00531799042696,11.800000245438216,73.62842004600607,12.430036040764328,3.539294769167466
2,140.0,bad,84,44,45.279605834655584,11.779911750207836,73.62842004600607,12.430036040764328,3.9715407477532523
2,140.0,bad,101,44,40.73448136358307,11.793975605026741,73.62842004600607,12.430036040764328,3.1744686957098525
2,140.0,bad,112,44,38.47771070495008,11.797116526913763,73.62842004600607,12.430036040764328,2.8650601662809856
2,140.0,bad,114,44,36.18196580425209,11.8137049394128,73.62842004600607,12.430036040764328,2.594510169038942
2,140.0,bad,166,44,49.69263189902755,12.009705747642517,73.62842004600607,12.430036040764328,5.07162369239133
2,140.0,bad,182,44,32.24948658868129,11.864508455969105,73.62842004600607,12.430036040764328,2.212548158771943
2,140.0,bad,76,45,51.25853186539585,25.150773732551585,64.2622997763988,25.285368190881762,11.03735337898463
2,140.0,bad,236,45,36.172189135342734,24.64200635190423,64.2622997763988,25.285368190881762,4.025672432839417
2,140.0,bad,238,45,40.72911580179836,24.65630601997882,64.2622997763988,25.285368190881762,5.194136023618806
2,140.0,bad,242,45,31.652377246489856,24.666761239357847,64.2622997763988,25.285368190881762,3.2169285330988444
2,140.0,bad,253,45,27.80069989857234,24.440553445820804,64.2622997763988,25.285368190881762,2.705668472970228
2,140.0,bad,254,45,25.11068970852117,24.609578415133612,64.2622997763988,25.285368190881762,2.4176164645359393
2,140.0,bad,262,45,22.747649940650696,24.791223390631806,64.2622997763988,25.285368190881762,2.200905510375938
2,140.0,bad,263,45,33.9132256634238,24.681546488395437,64.2622997763988,25.285368190881762,3.5875317645882485
2,140.0,bad,264,45,38.45828788357224,24.666771102234645,64.2622997763988,25.285368190881762,4.5561657661116755
2,140.0,bad,556,45,45.47993411599155,23.9201742922304,64.2622997763988,25.285368190881762,3.9239688554091865
2,140.0,bad,62,46,58.30461068884952,5.789659597155445,75.51844437973952,6.604142263794998,7.886484410596928
2,140.0,bad,64,46,71.37440344751818,6.781360159509024,75.51844437973952,6.604142263794998,29.19549836168511
2,140.0,bad,65,46,62.55608720553151,6.5003397597740395,75.51844437973952,6.604142263794998,11.077199207692049
2,140.0,bad,81,46,44.14935331196685,8.568152010497027,75.51844437973952,6.604142263794998,2.071694647347091
2,140.0,bad,86,46,45.275977887228606,5.3790532299077505,75.51844437973952,6.604142263794998,3.6065646345573006
2,140.0,bad,88,46,51.83195991323193,6.083133189943741,75.51844437973952,6.604142263794998,5.146968632816893
2,140.0,bad,89,46,47.55158170951881,5.390396615482764,75.51844437973952,6.604142263794998,4.051851117829237
2,140.0,bad,90,46,43.015952117908725,5.369573340456363,75.51844437973952,6.604142263794998,3.2332114494083957
2,140.0,bad,92,46,40.72119920036755,5.3606222612254655,75.51844437973952,6.604142263794998,2.9104509633683553
2,140.0,bad,97,46,37.323404004137046,8.584951833533808,75.51844437973952,6.604142263794998,2.4267336208854657
2,140.0,bad,99,46,38.45620142028942,5.368067850920468,75.51844437973952,6.604142263794998,2.6370457162500505
2,140.0,bad,100,46,39.60148512319165,8.571342756864722,75.51844437973952,6.604142263794998,2.423597454642229
2,140.0,bad,102,46,41.86041247004,8.5805602570337,75.51844437973952,6.604142263794998,2.2535912374102223
2,140.0,bad,107,46,34.646533288329486,5.339296941253531,75.51844437973952,6.604142263794998,2.2568713118417008
2,140.0,bad,115,46,33.47496112316827,8.625176724330052,75.51844437973952,6.604142263794998,2.1564043032478364
2,140.0,bad,55,47,47.6349171102713,17.87751568682973,73.10160299874335,17.152254402898834,4.643245908847751
2,140.0,bad,56,47,53.90670800624942,17.910632397806364,73.10160299874335,17.152254402898834,6.852500358228361
2,140.0,bad,239,47,31.163637500682853,15.023870161629667,73.10160299874335,17.152254402898834,2.142648972611418
2,140.0,bad,241,47,43.00770495099433,18.223552132107507,73.10160299874335,17.152254402898834,3.6333424971178587
2,140.0,bad,245,47,40.73221224497667,18.217576357046916,73.10160299874335,17.152254402898834,3.2535573296409317
2,140.0,bad,248,47,30.109607184618334,18.182240529436907,73.10160299874335,17.152254402898834,2.0798994929715824
2,140.0,bad,258,47,33.902358546045576,18.222529151011784,73.10160299874335,17.152254402898834,2.4129372900928137
2,140.0,bad,259,47,36.19177530119023,18.203267980352315,73.10160299874335,17.152254402898834,2.654209666085631
2,140.0,bad,269,47,38.45613654113182,18.25000988875652,73.10160299874335,17.152254402898834,2.9302735993172173
2,140.0,bad,49,48,67.54066639659385,24.269023578786925,70.79092656091294,23.34117527377059,4.682684210447855
2,140.0,bad,63,48,61.29216977337489,22.211633590092035,70.79092656091294,23.34117527377059,4.059268709737479
2,140.0,bad,72,48,56.86403737184855,23.1367781684069,70.79092656091294,23.34117527377059,10.20211995091043
2,140.0,bad,235,48,28.97537928777008,21.26804276390224,70.79092656091294,23.34117527377059,2.175418026406323
2,140.0,bad,236,48,36.172189135342734,24.64200635190423,70.79092656091294,23.34117527377059,2.9337854349903743
2,140.0,bad,238,48,40.72911580179836,24.65630601997882,70.79092656091294,23.34117527377059,3.639165039629332
2,140.0,bad,242,48,31.652377246489856,24.666761239357847,70.79092656091294,23.34117527377059,2.4189018133864852
2,140.0,bad,246,48,35.07062009879716,21.438491796176002,70.79092656091294,23.34117527377059,2.5921655269638624
2,140.0,bad,247,48,32.78591764209324,21.421491639657457,70.79092656091294,23.34117527377059,2.521505593326462
2,140.0,bad,253,48,27.80069989857234,24.440553445820804,70.79092656091294,23.34117527377059,2.080038375914962
2,140.0,bad,256,48,41.85843522941153,21.473424268672026,70.79092656091294,23.34117527377059,2.2075590175254236
2,140.0,bad,263,48,33.9132256634238,24.681546488395437,70.79092656091294,23.34117527377059,2.65784894366155
2,140.0,bad,264,48,38.45828788357224,24.666771102234645,70.79092656091294,23.34117527377059,3.259209086644161
2,140.0,bad,266,48,37.3216985067124,21.43584888169611,70.79092656091294,23.34117527377059,2.4976403012380275
2,140.0,bad,272,48,39.6109994686204,21.43165437102718,70.79092656091294,23.34117527377059,2.2860067171068734
2,140.0,bad,556,48,45.47993411599155,23.9201742922304,70.79092656091294,23.34117527377059,4.684282235088813
2,140.0,bad,45,49,64.2622997763988,25.285368190881762,67.54066639659385,24.269023578786925,2.357347580834291
2,140.0,bad,72,49,56.86403737184855,23.1367781684069,67.54066639659385,24.269023578786925,4.509900725227733
2,140.0,bad,76,49,51.25853186539585,25.150773732551585,67.54066639659385,24.269023578786925,8.150059669729842
2,140.0,bad,236,49,36.172189135342734,24.64200635190423,67.54066639659385,24.269023578786925,3.4129021079968354
2,140.0,bad,238,49,40.72911580179836,24.65630601997882,67.54066639659385,24.269023578786925,4.310172772905001
2,140.0,bad,242,49,31.652377246489856,24.666761239357847,67.54066639659385,24.269023578786925,2.773697975467323
2,140.0,bad,253,49,27.80069989857234,24.440553445820804,67.54066639659385,24.269023578786925,2.3607604736701817
2,140.0,bad,254,49,25.11068970852117,24.609578415133612,67.54066639659385,24.269023578786925,2.1247291331388416
2,140.0,bad,263,49,33.9132256634238,24.681546488395437,67.54066639659385,24.269023578786925,3.068622234795738
2,140.0,bad,264,49,38.45828788357224,24.666771102234645,67.54066639659385,24.269023578786925,3.823850714853579
2,140.0,bad,556,49,45.47993411599155,23.9201742922304,67.54066639659385,24.269023578786925,5.682193601799833
2,140.0,bad,113,50,39.584309326223156,15.004851405331811,76.42910269705561,15.968140312920365,2.661584426273393
2,140.0,bad,180,50,35.05788948529957,14.995052511763555,76.42910269705561,15.968140312920365,2.2132132276919765
2,140.0,bad,181,50,37.312462653685316,15.048745074981882,76.42910269705561,15.968140312920365,2.4210602751777484
2,140.0,bad,183,50,41.85276638700564,15.045140666325223,76.42910269705561,15.968140312920365,2.93936933659464
2,140.0,bad,233,50,44.13725128811649,15.0309713313244,76.42910269705561,15.968140312920365,3.2654986357574773
2,140.0,bad,48,51,70.79092656091294,23.34117527377059,73.38938515184725,22.367465933108317,2.8157388094027618
2,140.0,bad,63,51,61.29216977337489,22.211633590092035,73.38938515184725,22.367465933108317,11.96155949022637
2,140.0,bad,72,51,56.86403737184855,23.1367781684069,73.38938515184725,22.367465933108317,8.30119715352787
2,140.0,bad,73,51,52.61962891941046,21.48659747603016,73.38938515184725,22.367465933108317,6.169000290350475
2,140.0,bad,246,51,35.07062009879716,21.438491796176002,73.38938515184725,22.367465933108317,2.501677082977551
2,140.0,bad,247,51,32.78591764209324,21.421491639657457,73.38938515184725,22.367465933108317,2.2808795309995102
2,140.0,bad,256,51,41.85843522941153,21.473424268672026,73.38938515184725,22.367465933108317,3.3862512051632585
2,140.0,bad,266,51,37.3216985067124,21.43584888169611,73.38938515184725,22.367465933108317,2.7521372835848084
2,140.0,bad,272,51,39.6109994686204,21.43165437102718,73.38938515184725,22.367465933108317,3.0474979062741716
2,140.0,bad,556,51,45.47993411599155,23.9201742922304,73.38938515184725,22.367465933108317,3.60388334377129
2,140.0,bad,243,52,30.521545734117687,27.85694505683989,60.310685650436405,27.239987341754475,3.689213582777399
2,140.0,bad,244,52,37.32106597471941,27.853570630217785,60.310685650436405,27.239987341754475,5.36671193295378
2,140.0,bad,250,52,27.264888080888475,27.830697408371364,60.310685650436405,27.239987341754475,3.1521101392786766
2,140.0,bad,257,52,35.05453401568244,27.855773111258213,60.310685650436405,27.239987341754475,4.6988663355356755
2,140.0,bad,260,52,32.77362015684663,27.865686643798895,60.310685650436405,27.239987341754475,4.1451692307714945
2,140.0,bad,261,52,22.9348350828244,28.418168436893318,60.310685650436405,27.239987341754475,2.602249067456264
2,140.0,bad,265,52,39.62000373517741,27.848891497719062,60.310685650436405,27.239987341754475,6.2008300102479526
2,140.0,bad,270,52,25.036835902725997,28.2891159800716,60.310685650436405,27.239987341754475,2.8494959993736977
2,140.0,bad,315,52,16.90030795805074,28.040219964937627,60.310685650436405,27.239987341754475,2.047441980550528
2,140.0,bad,557,52,44.40546678836827,26.92689946258212,60.310685650436405,27.239987341754475,8.703388509285254
2,140.0,bad,68,53,62.731347231389535,18.653191665023957,65.89665148207331,19.62667234364657,3.3351772701365565
2,140.0,bad,69,53,58.55048745471619,18.970932000739143,65.89665148207331,19.62667234364657,13.677063988532762
2,140.0,bad,235,53,28.97537928777008,21.26804276390224,65.89665148207331,19.62667234364657,2.6529150554332075
2,140.0,bad,240,53,23.86034030771204,21.344514785263385,65.89665148207331,19.62667234364657,2.1569987717800068
2,140.0,bad,241,53,43.00770495099433,18.223552132107507,65.89665148207331,19.62667234364657,4.160061641000105
2,140.0,bad,245,53,40.73221224497667,18.217576357046916,65.89665148207331,19.62667234364657,4.213654256859593
2,140.0,bad,246,53,35.07062009879716,21.438491796176002,65.89665148207331,19.62667234364657,2.6688895839764437
2,140.0,bad,247,53,32.78591764209324,21.421491639657457,65.89665148207331,19.62667234364657,2.847733225140618
2,140.0,bad,248,53,30.109607184618334,18.182240529436907,65.89665148207331,19.62667234364657,2.7859780047333955
2,140.0,bad,251,53,26.217719918275424,21.077686187346906,65.89665148207331,19.62667234364657,2.366564840576026
2,140.0,bad,255,53,26.186366426788762,18.064104540790346,65.89665148207331,19.62667234364657,2.3635804814801045
2,140.0,bad,258,53,33.902358546045576,18.222529151011784,65.89665148207331,19.62667234364657,3.3119391979686186
2,140.0,bad,259,53,36.19177530119023,18.203267980352315,65.89665148207331,19.62667234364657,3.7048890773835117
2,140.0,bad,266,53,37.3216985067124,21.43584888169611,65.89665148207331,19.62667234364657,2.450520827425588
2,140.0,bad,269,53,38.45613654113182,18.25000988875652,65.89665148207331,19.62667234364657,4.16397364667472
2,140.0,bad,272,53,39.6109994686204,21.43165437102718,65.89665148207331,19.62667234364657,2.1401379826243723
2,140.0,bad,343,53,22.964659930379195,17.49491493696176,65.89665148207331,19.62667234364657,2.0846177576825373
2,140.0,bad,78,54,46.42164511842081,2.1617602619694196,70.81570251175324,1.4812288466143784,4.937374602181534
2,140.0,bad,80,54,53.97036480806493,-0.00969740618086945,70.81570251175324,1.4812288466143784,2.282821683979631
2,140.0,bad,91,54,48.69313102567935,2.16701112011458,70.81570251175324,1.4812288466143784,5.660337063040575
2,140.0,bad,98,54,44.14231898084692,2.161138711842682,70.81570251175324,1.4812288466143784,4.34271112515741
2,140.0,bad,104,54,41.86824933750951,2.1550384349294553,70.81570251175324,1.4812288466143784,3.8503904746871256
2,140.0,bad,105,54,39.59675004467236,2.153732124618532,70.81570251175324,1.4812288466143784,3.4377081282642004
2,140.0,bad,108,54,33.13931655674859,2.498213741321891,70.81570251175324,1.4812288466143784,2.569545120897344
2,140.0,bad,111,54,35.778231636706124,2.179508833027956,70.81570251175324,1.4812288466143784,2.8794856159404207
2,140.0,bad,169,54,30.80231235211783,2.858617741688839,70.81570251175324,1.4812288466143784,2.3350184343055504
2,140.0,bad,179,54,28.499230710627963,3.1888087539207053,70.81570251175324,1.4812288466143784,2.1339586835159343
2,140.0,bad,184,54,59.464188423737035,2.1700006561664154,70.81570251175324,1.4812288466143784,11.682716790765314
2,140.0,bad,241,55,43.00770495099433,18.223552132107507,47.6349171102713,17.87751568682973,24.6694763375343
2,140.0,bad,245,55,40.73221224497667,18.217576357046916,47.6349171102713,17.87751568682973,20.443275678865913
2,140.0,bad,248,55,30.109607184618334,18.182240529436907,47.6349171102713,17.87751568682973,7.709007472030634
2,140.0,bad,255,55,26.186366426788762,18.064104540790346,47.6349171102713,17.87751568682973,5.905567403142355
2,140.0,bad,258,55,33.902358546045576,18.222529151011784,47.6349171102713,17.87751568682973,10.369881163170504
2,140.0,bad,259,55,36.19177530119023,18.203267980352315,47.6349171102713,17.87751568682973,12.702408247362515
2,140.0,bad,269,55,38.45613654113182,18.25000988875652,47.6349171102713,17.87751568682973,15.87891856465691
2,140.0,bad,280,55,4.120291365049014,19.46120463015655,47.6349171102713,17.87751568682973,2.0394727967495676
2,140.0,bad,343,55,22.964659930379195,17.49491493696176,47.6349171102713,17.87751568682973,4.859020994645646
2,140.0,bad,55,56,47.6349171102713,17.87751568682973,53.90670800624942,17.910632397806364,22.059323655508393
2,140.0,bad,241,56,43.00770495099433,18.223552132107507,53.90670800624942,17.910632397806364,13.372474026950407
2,140.0,bad,245,56,40.73221224497667,18.217576357046916,53.90670800624942,17.910632397806364,10.87532677414484
2,140.0,bad,248,56,30.109607184618334,18.182240529436907,53.90670800624942,17.910632397806364,5.1133321855325224
2,140.0,bad,255,56,26.186366426788762,18.064104540790346,53.90670800624942,17.910632397806364,4.104985885934641
2,140.0,bad,258,56,33.902358546045576,18.222529151011784,53.90670800624942,17.910632397806364,6.487755460663916
2,140.0,bad,259,56,36.19177530119023,18.203267980352315,53.90670800624942,17.910632397806364,7.603879836839575
2,140.0,bad,269,56,38.45613654113182,18.25000988875652,53.90670800624942,17.910632397806364,9.017119499003169
2,140.0,bad,343,56,22.964659930379195,17.49491493696176,53.90670800624942,17.910632397806364,3.4843660548564457
2,140.0,bad,60,57,62.01504951893328,14.288881464392716,68.68207398291325,13.484046328999408,9.895424259972595
2,140.0,bad,67,57,55.37789534622513,13.57075230807953,68.68207398291325,13.484046328999408,10.754625715720294
2,140.0,bad,70,57,65.36004414291475,14.275853615384438,68.68207398291325,13.484046328999408,9.134440601381927
2,140.0,bad,79,57,43.00531799042696,11.800000245438216,68.68207398291325,13.484046328999408,2.7391872110404294
2,140.0,bad,84,57,45.279605834655584,11.779911750207836,68.68207398291325,13.484046328999408,2.2279061297074763
2,140.0,bad,101,57,40.73448136358307,11.793975605026741,68.68207398291325,13.484046328999408,2.9737338747017494
2,140.0,bad,112,57,38.47771070495008,11.797116526913763,68.68207398291325,13.484046328999408,3.1344080590536705
2,140.0,bad,113,57,39.584309326223156,15.004851405331811,68.68207398291325,13.484046328999408,3.6979861400615968
2,140.0,bad,114,57,36.18196580425209,11.8137049394128,68.68207398291325,13.484046328999408,3.174355232523365
2,140.0,bad,166,57,49.69263189902755,12.009705747642517,68.68207398291325,13.484046328999408,3.004066518422656
2,140.0,bad,180,57,35.05788948529957,14.995052511763555,68.68207398291325,13.484046328999408,3.0690803536060645
2,140.0,bad,181,57,37.312462653685316,15.048745074981882,68.68207398291325,13.484046328999408,3.412714994325049
2,140.0,bad,182,57,32.24948658868129,11.864508455969105,68.68207398291325,13.484046328999408,2.7090506961286898
2,140.0,bad,183,57,41.85276638700564,15.045140666325223,68.68207398291325,13.484046328999408,3.525548283725423
2,140.0,bad,194,57,27.52066123948709,12.007926514341923,68.68207398291325,13.484046328999408,2.231402140204152
2,140.0,bad,233,57,44.13725128811649,15.0309713313244,68.68207398291325,13.484046328999408,3.41329030335868
2,140.0,bad,239,57,31.163637500682853,15.023870161629667,68.68207398291325,13.484046328999408,2.5866556512923053
2,140.0,bad,314,57,26.876518454139052,15.040814171125296,68.68207398291325,13.484046328999408,2.1762572536562512
2,140.0,bad,86,58,45.275977887228606,5.3790532299077505,65.5832861695647,4.457031255899448,6.358697556494894
2,140.0,bad,89,58,47.55158170951881,5.390396615482764,65.5832861695647,4.457031255899448,7.345785974439129
2,140.0,bad,90,58,43.015952117908725,5.369573340456363,65.5832861695647,4.457031255899448,5.506789609135954
2,140.0,bad,92,58,40.72119920036755,5.3606222612254655,65.5832861695647,4.457031255899448,4.805694267235805
2,140.0,bad,99,58,38.45620142028942,5.368067850920468,65.5832861695647,4.457031255899448,4.237221850641017
2,140.0,bad,107,58,34.646533288329486,5.339296941253531,65.5832861695647,4.457031255899448,3.4852675230202133
2,140.0,bad,108,58,33.13931655674859,2.498213741321891,65.5832861695647,4.457031255899448,2.2105617076481363
2,140.0,bad,169,58,30.80231235211783,2.858617741688839,65.5832861695647,4.457031255899448,2.9125663976985514
2,140.0,bad,179,58,28.499230710627963,3.1888087539207053,65.5832861695647,4.457031255899448,2.634602968526779
2,140.0,bad,185,58,25.711094513255546,2.699270988868669,65.5832861695647,4.457031255899448,2.3482589927513615
2,140.0,bad,186,58,23.29187407515548,6.516605652472205,65.5832861695647,4.457031255899448,2.1360044952621053
2,140.0,bad,187,58,23.35943456986554,2.9003542200467525,65.5832861695647,4.457031255899448,2.1415346452038437
2,140.0,bad,191,58,25.620724213639548,6.386706358087569,65.5832861695647,4.457031255899448,2.339771799967709
2,140.0,bad,193,58,29.381771951065765,6.470277921195784,65.5832861695647,4.457031255899448,2.3014600247206958
2,140.0,bad,66,59,63.101400166431475,10.028915277131027,67.84413327826343,9.33149072520914,12.771458688941827
2,140.0,bad,81,59,44.14935331196685,8.568152010497027,67.84413327826343,9.33149072520914,5.144434624796218
2,140.0,bad,97,59,37.323404004137046,8.584951833533808,67.84413327826343,9.33149072520914,3.557200920110384
2,140.0,bad,100,59,39.60148512319165,8.571342756864722,67.84413327826343,9.33149072520914,3.993622277341555
2,140.0,bad,102,59,41.86041247004,8.5805602570337,67.84413327826343,9.33149072520914,4.51077084771591
2,140.0,bad,106,59,46.42311170067437,8.570694630711252,67.84413327826343,9.33149072520914,5.915920103416428
2,140.0,bad,115,59,33.47496112316827,8.625176724330052,67.84413327826343,9.33149072520914,2.966881842127346
2,140.0,bad,192,59,30.86064177183261,9.032427450347623,67.84413327826343,9.33149072520914,2.6458933016191875
2,140.0,bad,67,60,55.37789534622513,13.57075230807953,62.01504951893328,14.288881464392716,12.178469482086363
2,140.0,bad,113,60,39.584309326223156,15.004851405331811,62.01504951893328,14.288881464392716,5.553274993509189
2,140.0,bad,180,60,35.05788948529957,14.995052511763555,62.01504951893328,14.288881464392716,4.276275932476276
2,140.0,bad,181,60,37.312462653685316,15.048745074981882,62.01504951893328,14.288881464392716,4.849971672415949
2,140.0,bad,183,60,41.85276638700564,15.045140666325223,62.01504951893328,14.288881464392716,6.419991858357957
2,140.0,bad,233,60,44.13725128811649,15.0309713313244,62.01504951893328,14.288881464392716,7.515293757998758
2,140.0,bad,239,60,31.163637500682853,15.023870161629667,62.01504951893328,14.288881464392716,3.499844567156766
2,140.0,bad,314,60,26.876518454139052,15.040814171125296,62.01504951893328,14.288881464392716,2.8666063486760476
2,140.0,bad,350,60,23.12930994115085,13.775528230638082,62.01504951893328,14.288881464392716,2.4439849219005643
2,140.0,bad,71,61,56.37697454099812,10.693942890219631,59.35012178684646,11.60178270551891,5.050343760578436
2,140.0,bad,79,61,43.00531799042696,11.800000245438216,59.35012178684646,11.60178270551891,8.415365146823428
2,140.0,bad,84,61,45.279605834655584,11.779911750207836,59.35012178684646,11.60178270551891,10.080732788746143
2,140.0,bad,101,61,40.73448136358307,11.793975605026741,59.35012178684646,11.60178270551891,7.1327329135153645
2,140.0,bad,112,61,38.47771070495008,11.797116526913763,59.35012178684646,11.60178270551891,6.128043014403603
2,140.0,bad,114,61,36.18196580425209,11.8137049394128,59.35012178684646,11.60178270551891,5.309091957079955
2,140.0,bad,166,61,49.69263189902755,12.009705747642517,59.35012178684646,11.60178270551891,15.11495227056186
2,140.0,bad,182,61,32.24948658868129,11.864508455969105,59.35012178684646,11.60178270551891,4.243265551206048
2,140.0,bad,189,61,23.206591579534617,10.172048882554364,59.35012178684646,11.60178270551891,2.7430976477472955
2,140.0,bad,194,61,27.52066123948709,12.007926514341923,59.35012178684646,11.60178270551891,3.3380925574851887
2,140.0,bad,328,61,17.400625659114212,13.766952095661114,59.35012178684646,11.60178270551891,2.094411250839898
2,140.0,bad,86,62,45.275977887228606,5.3790532299077505,58.30461068884952,5.789659597155445,11.013531346318134
2,140.0,bad,88,62,51.83195991323193,6.083133189943741,58.30461068884952,5.789659597155445,21.524641121369907
2,140.0,bad,89,62,47.55158170951881,5.390396615482764,58.30461068884952,5.789659597155445,13.561256080687512
2,140.0,bad,90,62,43.015952117908725,5.369573340456363,58.30461068884952,5.789659597155445,9.132954964344094
2,140.0,bad,92,62,40.72119920036755,5.3606222612254655,58.30461068884952,5.789659597155445,7.676565244982603
2,140.0,bad,99,62,38.45620142028942,5.368067850920468,58.30461068884952,5.789659597155445,6.555721869929947
2,140.0,bad,107,62,34.646533288329486,5.339296941253531,58.30461068884952,5.789659597155445,5.155660274696597
2,140.0,bad,186,62,23.29187407515548,6.516605652472205,58.30461068884952,5.789659597155445,2.8826510097018065
2,140.0,bad,190,62,17.337058133288604,6.754736881467713,58.30461068884952,5.789659597155445,2.248409145528489
2,140.0,bad,191,62,25.620724213639548,6.386706358087569,58.30461068884952,5.789659597155445,3.2057894080720892
2,140.0,bad,193,62,29.381771951065765,6.470277921195784,58.30461068884952,5.789659597155445,3.8552619158372976
2,140.0,bad,324,62,14.489537773159288,6.881259464230212,58.30461068884952,5.789659597155445,2.0167637931502735
2,140.0,bad,72,63,56.86403737184855,23.1367781684069,61.29216977337489,22.211633590092035,5.6455712632409
2,140.0,bad,73,63,52.61962891941046,21.48659747603016,61.29216977337489,22.211633590092035,11.823185593443277
2,140.0,bad,235,63,28.97537928777008,21.26804276390224,61.29216977337489,22.211633590092035,3.2616507766779006
2,140.0,bad,240,63,23.86034030771204,21.344514785263385,61.29216977337489,22.211633590092035,2.596110359477338
2,140.0,bad,246,63,35.07062009879716,21.438491796176002,61.29216977337489,22.211633590092035,4.451730327404956
2,140.0,bad,247,63,32.78591764209324,21.421491639657457,61.29216977337489,22.211633590092035,3.939130797277036
2,140.0,bad,251,63,26.217719918275424,21.077686187346906,61.29216977337489,22.211633590092035,2.874762906585807
2,140.0,bad,256,63,41.85843522941153,21.473424268672026,61.29216977337489,22.211633590092035,6.741742558699422
2,140.0,bad,266,63,37.3216985067124,21.43584888169611,61.29216977337489,22.211633590092035,5.061272941869439
2,140.0,bad,272,63,39.6109994686204,21.43165437102718,61.29216977337489,22.211633590092035,5.819162296064022
2,140.0,bad,62,64,58.30461068884952,5.789659597155445,71.37440344751818,6.781360159509024,7.226726616758161
2,140.0,bad,65,64,62.55608720553151,6.5003397597740395,71.37440344751818,6.781360159509024,16.493065237633957
2,140.0,bad,81,64,44.14935331196685,8.568152010497027,71.37440344751818,6.781360159509024,2.3856024393090878
2,140.0,bad,86,64,45.275977887228606,5.3790532299077505,71.37440344751818,6.781360159509024,4.2246253172449695
2,140.0,bad,88,64,51.83195991323193,6.083133189943741,71.37440344751818,6.781360159509024,6.692217907762051
2,140.0,bad,89,64,47.55158170951881,5.390396615482764,71.37440344751818,6.781360159509024,4.284655129040529
2,140.0,bad,90,64,43.015952117908725,5.369573340456363,71.37440344751818,6.781360159509024,3.969545390873433
2,140.0,bad,92,64,40.72119920036755,5.3606222612254655,71.37440344751818,6.781360159509024,3.534055276414827
2,140.0,bad,97,64,37.323404004137046,8.584951833533808,71.37440344751818,6.781360159509024,2.832415068617165
2,140.0,bad,99,64,38.45620142028942,5.368067850920468,71.37440344751818,6.781360159509024,3.170880406696136
2,140.0,bad,100,64,39.60148512319165,8.571342756864722,71.37440344751818,6.781360159509024,2.8167581054543387
2,140.0,bad,102,64,41.86041247004,8.5805602570337,71.37440344751818,6.781360159509024,2.604868059208091
2,140.0,bad,107,64,34.646533288329486,5.339296941253531,71.37440344751818,6.781360159509024,2.6749208075009885
2,140.0,bad,115,64,33.47496112316827,8.625176724330052,71.37440344751818,6.781360159509024,2.545669315339248
2,140.0,bad,193,64,29.381771951065765,6.470277921195784,71.37440344751818,6.781360159509024,2.1606245389454455
2,140.0,bad,62,65,58.30461068884952,5.789659597155445,62.55608720553151,6.5003397597740395,12.275014500137132
2,140.0,bad,86,65,45.275977887228606,5.3790532299077505,62.55608720553151,6.5003397597740395,6.013812723082925
2,140.0,bad,88,65,51.83195991323193,6.083133189943741,62.55608720553151,6.5003397597740395,13.599107274489718
2,140.0,bad,89,65,47.55158170951881,5.390396615482764,62.55608720553151,6.5003397597740395,5.9325226574221315
2,140.0,bad,90,65,43.015952117908725,5.369573340456363,62.55608720553151,6.5003397597740395,5.9304235802414
2,140.0,bad,92,65,40.72119920036755,5.3606222612254655,62.55608720553151,6.5003397597740395,5.6425774979003895
2,140.0,bad,99,65,38.45620142028942,5.368067850920468,62.55608720553151,6.5003397597740395,5.022929160529499
2,140.0,bad,107,65,34.646533288329486,5.339296941253531,62.55608720553151,6.5003397597740395,4.064110932412833
2,140.0,bad,186,65,23.29187407515548,6.516605652472205,62.55608720553151,6.5003397597740395,2.4065772179198257
2,140.0,bad,191,65,25.620724213639548,6.386706358087569,62.55608720553151,6.5003397597740395,2.6513223937225945
2,140.0,bad,193,65,29.381771951065765,6.470277921195784,62.55608720553151,6.5003397597740395,3.133372194802882
2,140.0,bad,71,66,56.37697454099812,10.693942890219631,63.101400166431475,10.028915277131027,13.58538286156081
2,140.0,bad,81,66,44.14935331196685,8.568152010497027,63.101400166431475,10.028915277131027,3.113097635019773
2,140.0,bad,97,66,37.323404004137046,8.584951833533808,63.101400166431475,10.028915277131027,4.052187040163871
2,140.0,bad,100,66,39.60148512319165,8.571342756864722,63.101400166431475,10.028915277131027,3.862395923964141
2,140.0,bad,102,66,41.86041247004,8.5805602570337,63.101400166431475,10.028915277131027,3.6517890549867786
2,140.0,bad,106,66,46.42311170067437,8.570694630711252,63.101400166431475,10.028915277131027,2.539646221921206
2,140.0,bad,112,66,38.47771070495008,11.797116526913763,63.101400166431475,10.028915277131027,2.0605897707705148
2,140.0,bad,114,66,36.18196580425209,11.8137049394128,63.101400166431475,10.028915277131027,2.3517722692960557
2,140.0,bad,115,66,33.47496112316827,8.625176724330052,63.101400166431475,10.028915277131027,3.7195706138135423
2,140.0,bad,182,66,32.24948658868129,11.864508455969105,63.101400166431475,10.028915277131027,2.5708573066783225
2,140.0,bad,189,66,23.206591579534617,10.172048882554364,63.101400166431475,10.028915277131027,2.3461305800015873
2,140.0,bad,192,66,30.86064177183261,9.032427450347623,63.101400166431475,10.028915277131027,3.2734030901065094
2,140.0,bad,194,66,27.52066123948709,12.007926514341923,63.101400166431475,10.028915277131027,2.3738136168784885
2,140.0,bad,113,67,39.584309326223156,15.004851405331811,55.37789534622513,13.57075230807953,2.5044691817359186
2,140.0,bad,180,67,35.05788948529957,14.995052511763555,55.37789534622513,13.57075230807953,3.6923705553690818
2,140.0,bad,181,67,37.312462653685316,15.048745074981882,55.37789534622513,13.57075230807953,2.743341677018224
2,140.0,bad,182,67,32.24948658868129,11.864508455969105,55.37789534622513,13.57075230807953,2.159296744051154
2,140.0,bad,194,67,27.52066123948709,12.007926514341923,55.37789534622513,13.57075230807953,3.5601843047152735
2,140.0,bad,239,67,31.163637500682853,15.023870161629667,55.37789534622513,13.57075230807953,3.9453239067967965
2,140.0,bad,314,67,26.876518454139052,15.040814171125296,55.37789534622513,13.57075230807953,3.867705904445009
2,140.0,bad,328,67,17.400625659114212,13.766952095661114,55.37789534622513,13.57075230807953,2.537416989350861
2,140.0,bad,345,67,14.173828937361352,13.840261260797224,55.37789534622513,13.57075230807953,2.2276861135302317
2,140.0,bad,350,67,23.12930994115085,13.775528230638082,55.37789534622513,13.57075230807953,3.27219033532431
2,140.0,bad,55,68,47.6349171102713,17.87751568682973,62.731347231389535,18.653191665023957,9.213245494033963
2,140.0,bad,56,68,53.90670800624942,17.910632397806364,62.731347231389535,18.653191665023957,11.434868023677724
2,140.0,bad,69,68,58.55048745471619,18.970932000739143,62.731347231389535,18.653191665023957,26.386372708023377
2,140.0,bad,241,68,43.00770495099433,18.223552132107507,62.731347231389535,18.653191665023957,6.61087354612298
2,140.0,bad,245,68,40.73221224497667,18.217576357046916,62.731347231389535,18.653191665023957,5.704090732947225
2,140.0,bad,248,68,30.109607184618334,18.182240529436907,62.731347231389535,18.653191665023957,3.2151448970072716
2,140.0,bad,255,68,26.186366426788762,18.064104540790346,62.731347231389535,18.653191665023957,2.6959832579641385
2,140.0,bad,258,68,33.902358546045576,18.222529151011784,62.731347231389535,18.653191665023957,3.873920850943141
2,140.0,bad,259,68,36.19177530119023,18.203267980352315,62.731347231389535,18.653191665023957,4.374576258169563
2,140.0,bad,269,68,38.45613654113182,18.25000988875652,62.731347231389535,18.653191665023957,4.971673911079753
2,140.0,bad,343,68,22.964659930379195,17.49491493696176,62.731347231389535,18.653191665023957,2.3582260682653744
2,140.0,bad,55,69,47.6349171102713,17.87751568682973,58.55048745471619,18.970932000739143,5.217410750872885
2,140.0,bad,56,69,53.90670800624942,17.910632397806364,58.55048745471619,18.970932000739143,2.4772953411134964
2,140.0,bad,241,69,43.00770495099433,18.223552132107507,58.55048745471619,18.970932000739143,8.952132287022396
2,140.0,bad,245,69,40.73221224497667,18.217576357046916,58.55048745471619,18.970932000739143,7.547489252985577
2,140.0,bad,248,69,30.109607184618334,18.182240529436907,58.55048745471619,18.970932000739143,3.9525398174049298
2,140.0,bad,255,69,26.186366426788762,18.064104540790346,58.55048745471619,18.970932000739143,3.2543668080901242
2,140.0,bad,258,69,33.902358546045576,18.222529151011784,58.55048745471619,18.970932000739143,4.865229472424051
2,140.0,bad,259,69,36.19177530119023,18.203267980352315,58.55048745471619,18.970932000739143,5.57802484648942
2,140.0,bad,269,69,38.45613654113182,18.25000988875652,58.55048745471619,18.970932000739143,6.449008368689442
2,140.0,bad,326,69,17.18664177480722,20.876581625980922,58.55048745471619,18.970932000739143,2.2138481913777537
2,140.0,bad,343,69,22.964659930379195,17.49491493696176,58.55048745471619,18.970932000739143,2.810627013099807
2,140.0,bad,60,70,62.01504951893328,14.288881464392716,65.36004414291475,14.275853615384438,32.796394034967754
2,140.0,bad,67,70,55.37789534622513,13.57075230807953,65.36004414291475,14.275853615384438,11.920228788540038
2,140.0,bad,113,70,39.584309326223156,15.004851405331811,65.36004414291475,14.275853615384438,4.563370982854596
2,140.0,bad,180,70,35.05788948529957,14.995052511763555,65.36004414291475,14.275853615384438,3.5958897801465364
2,140.0,bad,181,70,37.312462653685316,15.048745074981882,65.36004414291475,14.275853615384438,4.034677164010816
2,140.0,bad,183,70,41.85276638700564,15.045140666325223,65.36004414291475,14.275853615384438,5.202170841758981
2,140.0,bad,233,70,44.13725128811649,15.0309713313244,65.36004414291475,14.275853615384438,5.991277100127022
2,140.0,bad,239,70,31.163637500682853,15.023870161629667,65.36004414291475,14.275853615384438,2.990122496282283
2,140.0,bad,314,70,26.876518454139052,15.040814171125296,65.36004414291475,14.275853615384438,2.484703170598552
2,140.0,bad,350,70,23.12930994115085,13.775528230638082,65.36004414291475,14.275853615384438,2.1409702893749283
2,140.0,bad,79,71,43.00531799042696,11.800000245438216,56.37697454099812,10.693942890219631,5.698918021984257
2,140.0,bad,84,71,45.279605834655584,11.779911750207836,56.37697454099812,10.693942890219631,5.396318673710616
2,140.0,bad,101,71,40.73448136358307,11.793975605026741,56.37697454099812,10.693942890219631,6.120134243064969
2,140.0,bad,112,71,38.47771070495008,11.797116526913763,56.37697454099812,10.693942890219631,6.1897146127895635
2,140.0,bad,114,71,36.18196580425209,11.8137049394128,56.37697454099812,10.693942890219631,5.953681127153855
2,140.0,bad,182,71,32.24948658868129,11.864508455969105,56.37697454099812,10.693942890219631,5.014807398807237
2,140.0,bad,189,71,23.206591579534617,10.172048882554364,56.37697454099812,10.693942890219631,3.1339430444396563
2,140.0,bad,192,71,30.86064177183261,9.032427450347623,56.37697454099812,10.693942890219631,2.848666181979738
2,140.0,bad,194,71,27.52066123948709,12.007926514341923,56.37697454099812,10.693942890219631,3.8684743135802098
2,140.0,bad,235,72,28.97537928777008,21.26804276390224,56.86403737184855,23.1367781684069,2.0525026706563634
2,140.0,bad,236,72,36.172189135342734,24.64200635190423,56.86403737184855,23.1367781684069,3.1149217819778183
2,140.0,bad,240,72,23.86034030771204,21.344514785263385,56.86403737184855,23.1367781684069,2.85330912349496
2,140.0,bad,242,72,31.652377246489856,24.666761239357847,56.86403737184855,23.1367781684069,3.57745347212176
2,140.0,bad,247,72,32.78591764209324,21.421491639657457,56.86403737184855,23.1367781684069,2.2857800914081987
2,140.0,bad,253,72,27.80069989857234,24.440553445820804,56.86403737184855,23.1367781684069,3.827579420255357
2,140.0,bad,254,72,25.11068970852117,24.609578415133612,56.86403737184855,23.1367781684069,3.3502737808786023
2,140.0,bad,262,72,22.747649940650696,24.791223390631806,56.86403737184855,23.1367781684069,3.000979425007229
2,140.0,bad,263,72,33.9132256634238,24.681546488395437,56.86403737184855,23.1367781684069,3.2178231822819807
2,140.0,bad,264,72,38.45828788357224,24.666771102234645,56.86403737184855,23.1367781684069,2.3782776776296726
2,140.0,bad,556,72,45.47993411599155,23.9201742922304,56.86403737184855,23.1367781684069,10.323998351183207
2,140.0,bad,235,73,28.97537928777008,21.26804276390224,52.61962891941046,21.48659747603016,5.159899092908936
2,140.0,bad,240,73,23.86034030771204,21.344514785263385,52.61962891941046,21.48659747603016,3.8878661712758347
2,140.0,bad,246,73,35.07062009879716,21.438491796176002,52.61962891941046,21.48659747603016,7.6957499077885165
2,140.0,bad,247,73,32.78591764209324,21.421491639657457,52.61962891941046,21.48659747603016,6.562182995552856
2,140.0,bad,251,73,26.217719918275424,21.077686187346906,52.61962891941046,21.48659747603016,4.407725931622689
2,140.0,bad,256,73,41.85843522941153,21.473424268672026,52.61962891941046,21.48659747603016,13.550591765156769
2,140.0,bad,266,73,37.3216985067124,21.43584888169611,52.61962891941046,21.48659747603016,9.12626162666083
2,140.0,bad,272,73,39.6109994686204,21.43165437102718,52.61962891941046,21.48659747603016,11.032689662364639
2,140.0,bad,326,73,17.18664177480722,20.876581625980922,52.61962891941046,21.48659747603016,2.829569191197754
2,140.0,bad,327,73,10.562107282693354,20.650987461473218,52.61962891941046,21.48659747603016,2.1552414226259757
2,140.0,bad,344,73,13.85953848727955,20.819572826016554,52.61962891941046,21.48659747603016,2.45659688695515
2,140.0,bad,77,74,54.06194017161118,28.72412993149064,57.168994653109905,28.302449571066283,24.04984021769818
2,140.0,bad,243,74,30.521545734117687,27.85694505683989,57.168994653109905,28.302449571066283,4.348859786671149
2,140.0,bad,244,74,37.32106597471941,27.853570630217785,57.168994653109905,28.302449571066283,6.5559329827936805
2,140.0,bad,250,74,27.264888080888475,27.830697408371364,57.168994653109905,28.302449571066283,3.667986415918567
2,140.0,bad,257,74,35.05453401568244,27.855773111258213,57.168994653109905,28.302449571066283,5.663196580768197
2,140.0,bad,260,74,32.77362015684663,27.865686643798895,57.168994653109905,28.302449571066283,4.93699647540466
2,140.0,bad,261,74,22.9348350828244,28.418168436893318,57.168994653109905,28.302449571066283,2.985020660610316
2,140.0,bad,265,74,39.62000373517741,27.848891497719062,57.168994653109905,28.302449571066283,7.6957599099406355
2,140.0,bad,270,74,25.036835902725997,28.2891159800716,57.168994653109905,28.302449571066283,3.290299853846053
2,140.0,bad,315,74,16.90030795805074,28.040219964937627,57.168994653109905,28.302449571066283,2.3113612269714245
2,140.0,bad,332,74,13.683608466726996,27.90113734779347,57.168994653109905,28.302449571066283,2.0417032970544433
2,140.0,bad,557,74,44.40546678836827,26.92689946258212,57.168994653109905,28.302449571066283,2.050480154706846
2,140.0,bad,234,75,29.36343105878784,31.083572277316453,49.37913163641116,30.971077666458946,6.482849404988424
2,140.0,bad,237,75,38.45409769488046,31.084804105386386,49.37913163641116,30.971077666458946,13.3392238220675
2,140.0,bad,249,75,36.272093950437345,30.83619743405403,49.37913163641116,30.971077666458946,10.93891774503511
2,140.0,bad,252,75,31.64383352463945,31.071911041888576,49.37913163641116,30.971077666458946,7.592717220078379
2,140.0,bad,268,75,33.92104845299052,30.97054799229625,49.37913163641116,30.971077666458946,9.011799061622831
2,140.0,bad,271,75,24.75318453539159,31.42274708985844,49.37913163641116,30.971077666458946,4.871464920732638
2,140.0,bad,317,75,22.584075760955123,32.10006427885562,49.37913163641116,30.971077666458946,4.314038021861907
2,140.0,bad,331,75,7.022767150810143,32.50541275544972,49.37913163641116,30.971077666458946,2.130708002941279
2,140.0,bad,555,75,41.602430667715105,31.38079180058297,49.37913163641116,30.971077666458946,18.34309785894335
2,140.0,bad,558,75,43.32214047612395,29.971682528339304,49.37913163641116,30.971077666458946,4.814853134040621
2,140.0,bad,236,76,36.172189135342734,24.64200635190423,51.25853186539585,25.150773732551585,9.280859527219256
2,140.0,bad,238,76,40.72911580179836,24.65630601997882,51.25853186539585,25.150773732551585,13.858292034130534
2,140.0,bad,242,76,31.652377246489856,24.666761239357847,51.25853186539585,25.150773732551585,6.66344620780798
2,140.0,bad,253,76,27.80069989857234,24.440553445820804,51.25853186539585,25.150773732551585,5.217558301012281
2,140.0,bad,254,76,25.11068970852117,24.609578415133612,51.25853186539585,25.150773732551585,4.469903502131325
2,140.0,bad,262,76,22.747649940650696,24.791223390631806,51.25853186539585,25.150773732551585,3.938183726482794
2,140.0,bad,263,76,33.9132256634238,24.681546488395437,51.25853186539585,25.150773732551585,7.810832423351082
2,140.0,bad,264,76,38.45828788357224,24.666771102234645,51.25853186539585,25.150773732551585,11.23528033972612
2,140.0,bad,334,76,7.482427389943522,25.163497917695228,51.25853186539585,25.150773732551585,2.0196877168886718
2,140.0,bad,243,77,30.521545734117687,27.85694505683989,54.06194017161118,28.72412993149064,5.191903008772836
2,140.0,bad,244,77,37.32106597471941,27.853570630217785,54.06194017161118,28.72412993149064,8.062955011816973
2,140.0,bad,250,77,27.264888080888475,27.830697408371364,54.06194017161118,28.72412993149064,4.313569967249913
2,140.0,bad,257,77,35.05453401568244,27.855773111258213,54.06194017161118,28.72412993149064,6.941368652606528
2,140.0,bad,260,77,32.77362015684663,27.865686643798895,54.06194017161118,28.72412993149064,5.966208303176314
2,140.0,bad,261,77,22.9348350828244,28.418168436893318,54.06194017161118,28.72412993149064,3.4530798422449194
2,140.0,bad,265,77,39.62000373517741,27.848891497719062,54.06194017161118,28.72412993149064,8.62541571666317
2,140.0,bad,270,77,25.036835902725997,28.2891159800716,54.06194017161118,28.72412993149064,3.8350829139462537
2,140.0,bad,315,77,16.90030795805074,28.040219964937627,54.06194017161118,28.72412993149064,2.6259427147744
2,140.0,bad,322,77,10.421322104306235,27.761382710740612,54.06194017161118,28.72412993149064,2.0299033268815982
2,140.0,bad,332,77,13.683608466726996,27.90113734779347,54.06194017161118,28.72412993149064,2.301311134793102
2,140.0,bad,558,77,43.32214047612395,29.971682528339304,54.06194017161118,28.72412993149064,2.807064987082778
2,140.0,bad,98,78,44.14231898084692,2.161138711842682,46.42164511842081,2.1617602619694196,38.73591626686746
2,140.0,bad,104,78,41.86824933750951,2.1550384349294553,46.42164511842081,2.1617602619694196,27.576187390758662
2,140.0,bad,105,78,39.59675004467236,2.153732124618532,46.42164511842081,2.1617602619694196,20.632800216525013
2,140.0,bad,108,78,33.13931655674859,2.498213741321891,46.42164511842081,2.1617602619694196,10.77482125972095
2,140.0,bad,111,78,35.778231636706124,2.179508833027956,46.42164511842081,2.1617602619694196,13.7056576370163
2,140.0,bad,147,78,11.151707191583908,0.19063705073217996,46.42164511842081,2.1617602619694196,2.3823459583023383
2,140.0,bad,149,78,7.875889798588485,0.3223667769329923,46.42164511842081,2.1617602619694196,2.4783370915308076
2,140.0,bad,169,78,30.80231235211783,2.858617741688839,46.42164511842081,2.1617602619694196,8.898714482027316
2,140.0,bad,179,78,28.499230710627963,3.1888087539207053,46.42164511842081,2.1617602619694196,6.803105381014145
2,140.0,bad,185,78,25.711094513255546,2.699270988868669,46.42164511842081,2.1617602619694196,6.192809150164322
2,140.0,bad,187,78,23.35943456986554,2.9003542200467525,46.42164511842081,2.1617602619694196,5.343171665960036
2,140.0,bad,559,78,4.7249097080016345,0.520608234124484,46.42164511842081,2.1617602619694196,2.1854288123717405
2,140.0,bad,101,79,40.73448136358307,11.793975605026741,43.00531799042696,11.800000245438216,38.789533268375074
2,140.0,bad,112,79,38.47771070495008,11.797116526913763,43.00531799042696,11.800000245438216,27.674177315953628
2,140.0,bad,114,79,36.18196580425209,11.8137049394128,43.00531799042696,11.800000245438216,20.636584902297393
2,140.0,bad,182,79,32.24948658868129,11.864508455969105,43.00531799042696,11.800000245438216,13.557594285442365
2,140.0,bad,194,79,27.52066123948709,12.007926514341923,43.00531799042696,11.800000245438216,8.993015147899474
2,140.0,bad,290,79,0.7504059079650975,13.203214720152499,43.00531799042696,11.800000245438216,2.138989532092093
2,140.0,bad,295,79,4.339347566135888,13.69618128868417,43.00531799042696,11.800000245438216,2.4661081943889767
2,140.0,bad,297,79,0.8648890845408745,10.623192568259608,43.00531799042696,11.800000245438216,2.148392874466877
2,140.0,bad,82,80,45.30213717067534,-1.0910902512918348,53.97036480806493,-0.00969740618086945,4.521561109917963
2,140.0,bad,85,80,43.01048341385411,-1.0605202156986415,53.97036480806493,-0.00969740618086945,5.9240634058117685
2,140.0,bad,87,80,47.55901426862281,-1.0684292921666945,53.97036480806493,-0.00969740618086945,3.734823390329279
2,140.0,bad,94,80,49.82530593257196,-1.0569881758967625,53.97036480806493,-0.00969740618086945,2.3712170578216436
2,140.0,bad,95,80,40.73743252482842,-1.1000490800061193,53.97036480806493,-0.00969740618086945,5.884343375953401
2,140.0,bad,110,80,37.28248792366144,-1.0243455127702994,53.97036480806493,-0.00969740618086945,7.012585307471668
2,140.0,bad,147,80,11.151707191583908,0.19063705073217996,53.97036480806493,-0.00969740618086945,2.09357335844925
2,140.0,bad,148,80,17.248218827271792,-0.337361272518514,53.97036480806493,-0.00969740618086945,2.675576285178008
2,140.0,bad,150,80,14.268726498196632,-0.13763256582198746,53.97036480806493,-0.00969740618086945,2.3644029516101446
2,140.0,bad,168,80,28.597642509659664,-1.0008559796230365,53.97036480806493,-0.00969740618086945,4.667947176494122
2,140.0,bad,171,80,32.975099105348264,-1.3988903362148761,53.97036480806493,-0.00969740618086945,4.0686884631998135
2,140.0,bad,173,80,30.626779263064186,-1.2292878511860401,53.97036480806493,-0.00969740618086945,5.129395251413295
2,140.0,bad,175,80,25.866582348090077,-0.9117674924108847,53.97036480806493,-0.00969740618086945,4.022784090161627
2,140.0,bad,188,80,23.523541094239313,-0.7350985593351069,53.97036480806493,-0.00969740618086945,3.5702124295060513
2,140.0,bad,97,81,37.323404004137046,8.584951833533808,44.14935331196685,8.568152010497027,20.6302147909598
2,140.0,bad,100,81,39.60148512319165,8.571342756864722,44.14935331196685,8.568152010497027,27.59714700809078
2,140.0,bad,102,81,41.86041247004,8.5805602570337,44.14935331196685,8.568152010497027,38.67532704381327
2,140.0,bad,115,81,33.47496112316827,8.625176724330052,44.14935331196685,8.568152010497027,13.664615032288166
2,140.0,bad,189,81,23.206591579534617,10.172048882554364,44.14935331196685,8.568152010497027,2.4100384712739524
2,140.0,bad,190,81,17.337058133288604,6.754736881467713,44.14935331196685,8.568152010497027,2.1788896021486885
2,140.0,bad,192,81,30.86064177183261,9.032427450347623,44.14935331196685,8.568152010497027,10.768915735328672
2,140.0,bad,282,81,7.846456856472887,7.242700103953819,44.14935331196685,8.568152010497027,2.7242476445854944
2,140.0,bad,286,81,4.437989347203115,7.24730004785831,44.14935331196685,8.568152010497027,2.3634778867609096
2,140.0,bad,297,81,0.8648890845408745,10.623192568259608,44.14935331196685,8.568152010497027,2.057129799115679
2,140.0,bad,324,81,14.489537773159288,6.881259464230212,44.14935331196685,8.568152010497027,3.111101032719343
2,140.0,bad,341,81,11.155037429815955,6.965066941660472,44.14935331196685,8.568152010497027,3.159663375126921
2,140.0,bad,85,82,43.01048341385411,-1.0605202156986415,45.30213717067534,-1.0910902512918348,38.658256713979384
2,140.0,bad,95,82,40.73743252482842,-1.1000490800061193,45.30213717067534,-1.0910902512918348,27.533380575914663
2,140.0,bad,110,82,37.28248792366144,-1.0243455127702994,45.30213717067534,-1.0910902512918348,17.98747633759309
2,140.0,bad,147,82,11.151707191583908,0.19063705073217996,45.30213717067534,-1.0910902512918348,2.9963533500257378
2,140.0,bad,148,82,17.248218827271792,-0.337361272518514,45.30213717067534,-1.0910902512918348,4.033333542476938
2,140.0,bad,149,82,7.875889798588485,0.3223667769329923,45.30213717067534,-1.0910902512918348,2.596721522476957
2,140.0,bad,150,82,14.268726498196632,-0.13763256582198746,45.30213717067534,-1.0910902512918348,3.468867156487903
2,140.0,bad,168,82,28.597642509659664,-1.0008559796230365,45.30213717067534,-1.0910902512918348,8.190193714898205
2,140.0,bad,171,82,32.975099105348264,-1.3988903362148761,45.30213717067534,-1.0910902512918348,11.716574986249544
2,140.0,bad,173,82,30.626779263064186,-1.2292878511860401,45.30213717067534,-1.0910902512918348,9.592592166142694
2,140.0,bad,175,82,25.866582348090077,-0.9117674924108847,45.30213717067534,-1.0910902512918348,6.740908773130526
2,140.0,bad,188,82,23.523541094239313,-0.7350985593351069,45.30213717067534,-1.0910902512918348,5.783536598286203
2,140.0,bad,559,82,4.7249097080016345,0.520608234124484,45.30213717067534,-1.0910902512918348,2.283246837979963
2,140.0,bad,560,82,1.3327151709650287,0.817745289384106,45.30213717067534,-1.0910902512918348,2.0052446586420407
2,140.0,bad,109,83,41.52832850238224,-8.085567835140882,49.63139464138189,-8.837871406307624,11.280952274873155
2,140.0,bad,120,83,23.779730461057625,-7.304951577603989,49.63139464138189,-8.837871406307624,3.6093249584281577
2,140.0,bad,133,83,32.37325328120813,-7.933825747411886,49.63139464138189,-8.837871406307624,7.724923216806638
2,140.0,bad,79,84,43.00531799042696,11.800000245438216,45.279605834655584,11.779911750207836,38.76772307576994
2,140.0,bad,101,84,40.73448136358307,11.793975605026741,45.279605834655584,11.779911750207836,27.60755955870752
2,140.0,bad,112,84,38.47771070495008,11.797116526913763,45.279605834655584,11.779911750207836,20.68932694191308
2,140.0,bad,114,84,36.18196580425209,11.8137049394128,45.279605834655584,11.779911750207836,16.014135385343355
2,140.0,bad,182,84,32.24948658868129,11.864508455969105,45.279605834655584,11.779911750207836,11.012109688619812
2,140.0,bad,189,84,23.206591579534617,10.172048882554364,45.279605834655584,11.779911750207836,2.6205690978653906
2,140.0,bad,194,84,27.52066123948709,12.007926514341923,45.279605834655584,11.779911750207836,7.57978700294036
2,140.0,bad,295,84,4.339347566135888,13.69618128868417,45.279605834655584,11.779911750207836,2.2508192301127115
2,140.0,bad,333,84,10.885970344494089,13.842554534085167,45.279605834655584,11.779911750207836,2.000371550601165
2,140.0,bad,95,85,40.73743252482842,-1.1000490800061193,43.01048341385411,-1.0605202156986415,38.77553797912979
2,140.0,bad,110,85,37.28248792366144,-1.0243455127702994,43.01048341385411,-1.0605202156986415,23.611096166236276
2,140.0,bad,147,85,11.151707191583908,0.19063705073217996,43.01048341385411,-1.0605202156986415,3.333418547510351
2,140.0,bad,148,85,17.248218827271792,-0.337361272518514,43.01048341385411,-1.0605202156986415,4.56680931286628
2,140.0,bad,149,85,7.875889798588485,0.3223667769329923,43.01048341385411,-1.0605202156986415,2.8671065242285323
2,140.0,bad,150,85,14.268726498196632,-0.13763256582198746,43.01048341385411,-1.0605202156986415,3.8913856972713425
2,140.0,bad,168,85,28.597642509659664,-1.0008559796230365,43.01048341385411,-1.0605202156986415,9.800004163599791
2,140.0,bad,171,85,32.975099105348264,-1.3988903362148761,43.01048341385411,-1.0605202156986415,14.550152575931449
2,140.0,bad,173,85,30.626779263064186,-1.2292878511860401,43.01048341385411,-1.0605202156986415,11.657327237372177
2,140.0,bad,175,85,25.866582348090077,-0.9117674924108847,43.01048341385411,-1.0605202156986415,7.9271736997677476
2,140.0,bad,188,85,23.523541094239313,-0.7350985593351069,43.01048341385411,-1.0605202156986415,6.717434206795854
2,140.0,bad,559,85,4.7249097080016345,0.520608234124484,43.01048341385411,-1.0605202156986415,2.5051175545273425
2,140.0,bad,560,85,1.3327151709650287,0.817745289384106,43.01048341385411,-1.0605202156986415,2.1870333321767568
2,140.0,bad,90,86,43.015952117908725,5.369573340456363,45.275977887228606,5.3790532299077505,38.85797244060817
2,140.0,bad,92,86,40.72119920036755,5.3606222612254655,45.275977887228606,5.3790532299077505,27.570947398760907
2,140.0,bad,99,86,38.45620142028942,5.368067850920468,45.275977887228606,5.3790532299077505,20.64536010538299
2,140.0,bad,107,86,34.646533288329486,5.339296941253531,45.275977887228606,5.3790532299077505,13.724225034119652
2,140.0,bad,186,86,23.29187407515548,6.516605652472205,45.275977887228606,5.3790532299077505,5.62370046044778
2,140.0,bad,190,86,17.337058133288604,6.754736881467713,45.275977887228606,5.3790532299077505,4.057821885163167
2,140.0,bad,191,86,25.620724213639548,6.386706358087569,45.275977887228606,5.3790532299077505,6.58789397977216
2,140.0,bad,193,86,29.381771951065765,6.470277921195784,45.275977887228606,5.3790532299077505,6.238142177282026
2,140.0,bad,282,86,7.846456856472887,7.242700103953819,45.275977887228606,5.3790532299077505,2.596363075401401
2,140.0,bad,286,86,4.437989347203115,7.24730004785831,45.275977887228606,5.3790532299077505,2.2598841916925605
2,140.0,bad,324,86,14.489537773159288,6.881259464230212,45.275977887228606,5.3790532299077505,3.5110037994956107
2,140.0,bad,341,86,11.155037429815955,6.965066941660472,45.275977887228606,5.3790532299077505,3.0003600894785056
2,140.0,bad,82,87,45.30213717067534,-1.0910902512918348,47.55901426862281,-1.0684292921666945,38.877939468068604
2,140.0,bad,85,87,43.01048341385411,-1.0605202156986415,47.55901426862281,-1.0684292921666945,27.594633039562588
2,140.0,bad,95,87,40.73743252482842,-1.1000490800061193,47.55901426862281,-1.0684292921666945,20.640929060620348
2,140.0,bad,110,87,37.28248792366144,-1.0243455127702994,47.55901426862281,-1.0684292921666945,14.206130159574753
2,140.0,bad,147,87,11.151707191583908,0.19063705073217996,47.55901426862281,-1.0684292921666945,2.712003003381151
2,140.0,bad,148,87,17.248218827271792,-0.337361272518514,47.55901426862281,-1.0684292921666945,3.5943483580308335
2,140.0,bad,149,87,7.875889798588485,0.3223667769329923,47.55901426862281,-1.0684292921666945,2.3661654145786395
2,140.0,bad,150,87,14.268726498196632,-0.13763256582198746,47.55901426862281,-1.0684292921666945,3.1166063874883565
2,140.0,bad,168,87,28.597642509659664,-1.0008559796230365,47.55901426862281,-1.0684292921666945,6.963452943372735
2,140.0,bad,171,87,32.975099105348264,-1.3988903362148761,47.55901426862281,-1.0684292921666945,9.664086419256744
2,140.0,bad,173,87,30.626779263064186,-1.2292878511860401,47.55901426862281,-1.0684292921666945,8.052265966493446
2,140.0,bad,175,87,25.866582348090077,-0.9117674924108847,47.55901426862281,-1.0684292921666945,5.815027458649994
2,140.0,bad,188,87,23.523541094239313,-0.7350985593351069,47.55901426862281,-1.0684292921666945,5.04195907862154
2,140.0,bad,559,87,4.7249097080016345,0.520608234124484,47.55901426862281,-1.0684292921666945,2.092349354237654
2,140.0,bad,86,88,45.275977887228606,5.3790532299077505,51.83195991323193,6.083133189943741,12.56008099588015
2,140.0,bad,89,88,47.55158170951881,5.390396615482764,51.83195991323193,6.083133189943741,12.896656254
2,140.0,bad,90,88,43.015952117908725,5.369573340456363,51.83195991323193,6.083133189943741,12.038510459725186
2,140.0,bad,92,88,40.72119920036755,5.3606222612254655,51.83195991323193,6.083133189943741,11.302644889553028
2,140.0,bad,99,88,38.45620142028942,5.368067850920468,51.83195991323193,6.083133189943741,10.459035664294285
2,140.0,bad,107,88,34.646533288329486,5.339296941253531,51.83195991323193,6.083133189943741,7.902974785075037
2,140.0,bad,186,88,23.29187407515548,6.516605652472205,51.83195991323193,6.083133189943741,3.9322176369460977
2,140.0,bad,190,88,17.337058133288604,6.754736881467713,51.83195991323193,6.083133189943741,2.9501384447405044
2,140.0,bad,191,88,25.620724213639548,6.386706358087569,51.83195991323193,6.083133189943741,4.454266643733066
2,140.0,bad,193,88,29.381771951065765,6.470277921195784,51.83195991323193,6.083133189943741,5.546620705437704
2,140.0,bad,282,88,7.846456856472887,7.242700103953819,51.83195991323193,6.083133189943741,2.0040502027535863
2,140.0,bad,324,88,14.489537773159288,6.881259464230212,51.83195991323193,6.083133189943741,2.605925254770087
2,140.0,bad,341,88,11.155037429815955,6.965066941660472,51.83195991323193,6.083133189943741,2.2742721636349685
2,140.0,bad,86,89,45.275977887228606,5.3790532299077505,47.55158170951881,5.390396615482764,38.75941151094631
2,140.0,bad,90,89,43.015952117908725,5.369573340456363,47.55158170951881,5.390396615482764,27.643638637673266
2,140.0,bad,92,89,40.72119920036755,5.3606222612254655,47.55158170951881,5.390396615482764,20.61934803255961
2,140.0,bad,99,89,38.45620142028942,5.368067850920468,47.55158170951881,5.390396615482764,16.01792582489221
2,140.0,bad,107,89,34.646533288329486,5.339296941253531,47.55158170951881,5.390396615482764,11.13269916793812
2,140.0,bad,186,89,23.29187407515548,6.516605652472205,47.55158170951881,5.390396615482764,4.976174450222508
2,140.0,bad,190,89,17.337058133288604,6.754736881467713,47.55158170951881,5.390396615482764,3.6115783926362535
2,140.0,bad,191,89,25.620724213639548,6.386706358087569,47.55158170951881,5.390396615482764,5.728510834518445
2,140.0,bad,193,89,29.381771951065765,6.470277921195784,47.55158170951881,5.390396615482764,6.375882523085381
2,140.0,bad,282,89,7.846456856472887,7.242700103953819,47.55158170951881,5.390396615482764,2.3640712633231558
2,140.0,bad,286,89,4.437989347203115,7.24730004785831,47.55158170951881,5.390396615482764,2.0703870842908034
2,140.0,bad,324,89,14.489537773159288,6.881259464230212,47.55158170951881,5.390396615482764,3.1497321435960233
2,140.0,bad,341,89,11.155037429815955,6.965066941660472,47.55158170951881,5.390396615482764,2.7132613783170116
2,140.0,bad,92,90,40.72119920036755,5.3606222612254655,43.015952117908725,5.369573340456363,38.63876985623057
2,140.0,bad,99,90,38.45620142028942,5.368067850920468,43.015952117908725,5.369573340456363,27.55212020265345
2,140.0,bad,107,90,34.646533288329486,5.339296941253531,43.015952117908725,5.369573340456363,17.309003641253085
2,140.0,bad,186,90,23.29187407515548,6.516605652472205,43.015952117908725,5.369573340456363,5.809173876120623
2,140.0,bad,190,90,17.337058133288604,6.754736881467713,43.015952117908725,5.369573340456363,4.308933610270471
2,140.0,bad,191,90,25.620724213639548,6.386706358087569,43.015952117908725,5.369573340456363,6.9346996237345655
2,140.0,bad,193,90,29.381771951065765,6.470277921195784,43.015952117908725,5.369573340456363,5.823962174803218
2,140.0,bad,282,90,7.846456856472887,7.242700103953819,43.015952117908725,5.369573340456363,2.660631272742592
2,140.0,bad,286,90,4.437989347203115,7.24730004785831,43.015952117908725,5.369573340456363,2.4750518792772755
2,140.0,bad,324,90,14.489537773159288,6.881259464230212,43.015952117908725,5.369573340456363,3.7500672366317103
2,140.0,bad,341,90,11.155037429815955,6.965066941660472,43.015952117908725,5.369573340456363,3.332293453198746
2,140.0,bad,347,90,1.1126044160848338,5.845449440921806,43.015952117908725,5.369573340456363,2.1680643163908897
2,140.0,bad,78,91,46.42164511842081,2.1617602619694196,48.69313102567935,2.16701112011458,38.78542869323851
2,140.0,bad,98,91,44.14231898084692,2.161138711842682,48.69313102567935,2.16701112011458,27.585981471780162
2,140.0,bad,104,91,41.86824933750951,2.1550384349294553,48.69313102567935,2.16701112011458,20.632833046720705
2,140.0,bad,105,91,39.59675004467236,2.153732124618532,48.69313102567935,2.16701112011458,16.01624712077485
2,140.0,bad,108,91,33.13931655674859,2.498213741321891,48.69313102567935,2.16701112011458,8.944404415784026
2,140.0,bad,111,91,35.778231636706124,2.179508833027956,48.69313102567935,2.16701112011458,11.123129473894409
2,140.0,bad,147,91,11.151707191583908,0.19063705073217996,48.69313102567935,2.16701112011458,2.4368728704816807
2,140.0,bad,149,91,7.875889798588485,0.3223667769329923,48.69313102567935,2.16701112011458,2.261729868263826
2,140.0,bad,169,91,30.80231235211783,2.858617741688839,48.69313102567935,2.16701112011458,7.508278574063196
2,140.0,bad,179,91,28.499230710627963,3.1888087539207053,48.69313102567935,2.16701112011458,6.388984492469428
2,140.0,bad,185,91,25.711094513255546,2.699270988868669,48.69313102567935,2.16701112011458,5.369180023810809
2,140.0,bad,187,91,23.35943456986554,2.9003542200467525,48.69313102567935,2.16701112011458,4.678264306776876
2,140.0,bad,559,91,4.7249097080016345,0.520608234124484,48.69313102567935,2.16701112011458,2.0053338847812965
2,140.0,bad,99,92,38.45620142028942,5.368067850920468,40.72119920036755,5.3606222612254655,38.82647417210259
2,140.0,bad,107,92,34.646533288329486,5.339296941253531,40.72119920036755,5.3606222612254655,22.603671701301987
2,140.0,bad,186,92,23.29187407515548,6.516605652472205,40.72119920036755,5.3606222612254655,5.692080346488125
2,140.0,bad,190,92,17.337058133288604,6.754736881467713,40.72119920036755,5.3606222612254655,4.247424341296329
2,140.0,bad,191,92,25.620724213639548,6.386706358087569,40.72119920036755,5.3606222612254655,6.91873804457976
2,140.0,bad,193,92,29.381771951065765,6.470277921195784,40.72119920036755,5.3606222612254655,5.1011562244779745
2,140.0,bad,282,92,7.846456856472887,7.242700103953819,40.72119920036755,5.3606222612254655,2.542991427255149
2,140.0,bad,286,92,4.437989347203115,7.24730004785831,40.72119920036755,5.3606222612254655,2.628010063796844
2,140.0,bad,324,92,14.489537773159288,6.881259464230212,40.72119920036755,5.3606222612254655,3.694427663895757
2,140.0,bad,341,92,11.155037429815955,6.965066941660472,40.72119920036755,5.3606222612254655,3.423903322954089
2,140.0,bad,347,92,1.1126044160848338,5.845449440921806,40.72119920036755,5.3606222612254655,2.3732803927519117
2,140.0,bad,351,92,-1.9541512965221919,5.9205303390423305,40.72119920036755,5.3606222612254655,2.104980291040058
2,140.0,bad,509,92,-1.5145310363716808,3.455099407473326,40.72119920036755,5.3606222612254655,2.1405607669703652
2,140.0,bad,168,93,28.597642509659664,-1.0008559796230365,52.41246807913633,-2.7416679527231906,2.0741128565561517
2,140.0,bad,171,93,32.975099105348264,-1.3988903362148761,52.41246807913633,-2.7416679527231906,4.230114814199197
2,140.0,bad,173,93,30.626779263064186,-1.2292878511860401,52.41246807913633,-2.7416679527231906,3.2605911415244755
2,140.0,bad,175,93,25.866582348090077,-0.9117674924108847,52.41246807913633,-2.7416679527231906,2.044961060644418
2,140.0,bad,82,94,45.30213717067534,-1.0910902512918348,49.82530593257196,-1.0569881758967625,27.691095284811258
2,140.0,bad,85,94,43.01048341385411,-1.0605202156986415,49.82530593257196,-1.0569881758967625,20.657526883954404
2,140.0,bad,87,94,47.55901426862281,-1.0684292921666945,49.82530593257196,-1.0569881758967625,38.818283546849806
2,140.0,bad,95,94,40.73743252482842,-1.1000490800061193,49.82530593257196,-1.0569881758967625,16.03052736652735
2,140.0,bad,110,94,37.28248792366144,-1.0243455127702994,49.82530593257196,-1.0569881758967625,11.493346292369138
2,140.0,bad,147,94,11.151707191583908,0.19063705073217996,49.82530593257196,-1.0569881758967625,2.465335258726222
2,140.0,bad,148,94,17.248218827271792,-0.337361272518514,49.82530593257196,-1.0569881758967625,3.221892233159075
2,140.0,bad,149,94,7.875889798588485,0.3223667769329923,49.82530593257196,-1.0569881758967625,2.164220768373885
2,140.0,bad,150,94,14.268726498196632,-0.13763256582198746,49.82530593257196,-1.0569881758967625,2.8142371111974382
2,140.0,bad,168,94,28.597642509659664,-1.0008559796230365,49.82530593257196,-1.0569881758967625,5.9894083309436414
2,140.0,bad,171,94,32.975099105348264,-1.3988903362148761,49.82530593257196,-1.0569881758967625,8.101540942728509
2,140.0,bad,173,94,30.626779263064186,-1.2292878511860401,49.82530593257196,-1.0569881758967625,6.850795853020232
2,140.0,bad,175,94,25.866582348090077,-0.9117674924108847,49.82530593257196,-1.0569881758967625,5.064775341498385
2,140.0,bad,188,94,23.523541094239313,-0.7350985593351069,49.82530593257196,-1.0569881758967625,4.432078294225124
2,140.0,bad,110,95,37.28248792366144,-1.0243455127702994,40.73743252482842,-1.1000490800061193,32.26257848511611
2,140.0,bad,147,95,11.151707191583908,0.19063705073217996,40.73743252482842,-1.1000490800061193,3.7272256659534175
2,140.0,bad,148,95,17.248218827271792,-0.337361272518514,40.73743252482842,-1.1000490800061193,5.207784449937131
2,140.0,bad,149,95,7.875889798588485,0.3223667769329923,40.73743252482842,-1.1000490800061193,3.1792692141646692
2,140.0,bad,150,95,14.268726498196632,-0.13763256582198746,40.73743252482842,-1.1000490800061193,4.39159410918581
2,140.0,bad,168,95,28.597642509659664,-1.0008559796230365,40.73743252482842,-1.1000490800061193,11.915599759013167
2,140.0,bad,171,95,32.975099105348264,-1.3988903362148761,40.73743252482842,-1.1000490800061193,18.512405984101658
2,140.0,bad,173,95,30.626779263064186,-1.2292878511860401,40.73743252482842,-1.1000490800061193,14.441441509956102
2,140.0,bad,175,95,25.866582348090077,-0.9117674924108847,40.73743252482842,-1.1000490800061193,9.442383590512186
2,140.0,bad,188,95,23.523541094239313,-0.7350985593351069,40.73743252482842,-1.1000490800061193,7.8864509451327915
2,140.0,bad,559,95,4.7249097080016345,0.520608234124484,40.73743252482842,-1.1000490800061193,2.758740244078326
2,140.0,bad,560,95,1.3327151709650287,0.817745289384106,40.73743252482842,-1.1000490800061193,2.392908343205612
2,140.0,bad,561,95,-1.1591070924472209,0.9902234119810472,40.73743252482842,-1.1000490800061193,2.1686331918286514
2,140.0,bad,83,96,49.63139464138189,-8.837871406307624,56.814084025177266,-9.325389204558185,17.74057933791235
2,140.0,bad,109,96,41.52832850238224,-8.085567835140882,56.814084025177266,-9.325389204558185,4.462837608797075
2,140.0,bad,120,96,23.779730461057625,-7.304951577603989,56.814084025177266,-9.325389204558185,2.0246056390509892
2,140.0,bad,133,96,32.37325328120813,-7.933825747411886,56.814084025177266,-9.325389204558185,4.295938053928013
2,140.0,bad,115,97,33.47496112316827,8.625176724330052,37.323404004137046,8.584951833533808,30.455169002045118
2,140.0,bad,192,97,30.86064177183261,9.032427450347623,37.323404004137046,8.584951833533808,19.37940655523109
2,140.0,bad,282,97,7.846456856472887,7.242700103953819,37.323404004137046,8.584951833533808,3.7477946039217986
2,140.0,bad,286,97,4.437989347203115,7.24730004785831,37.323404004137046,8.584951833533808,3.1757307537535695
2,140.0,bad,297,97,0.8648890845408745,10.623192568259608,37.323404004137046,8.584951833533808,2.240057294241975
2,140.0,bad,301,97,0.07372930252270837,7.853537312151644,37.323404004137046,8.584951833533808,2.616165752970388
2,140.0,bad,324,97,14.489537773159288,6.881259464230212,37.323404004137046,8.584951833533808,2.1155746631132772
2,140.0,bad,336,97,-2.3234859039950315,8.406698732420427,37.323404004137046,8.584951833533808,2.3696205455935484
2,140.0,bad,341,97,11.155037429815955,6.965066941660472,37.323404004137046,8.584951833533808,3.16503287616791
2,140.0,bad,354,97,-6.575044995630501,8.71126606178059,37.323404004137046,8.584951833533808,2.0105291124019242
2,140.0,bad,358,97,-4.46425211898979,8.563878448709456,37.323404004137046,8.584951833533808,2.177761876421319
2,140.0,bad,104,98,41.86824933750951,2.1550384349294553,44.14231898084692,2.161138711842682,38.76910146568657
2,140.0,bad,105,98,39.59675004467236,2.153732124618532,44.14231898084692,2.161138711842682,27.605872390697012
2,140.0,bad,108,98,33.13931655674859,2.498213741321891,44.14231898084692,2.161138711842682,13.240370470107424
2,140.0,bad,111,98,35.778231636706124,2.179508833027956,44.14231898084692,2.161138711842682,17.31905544453128
2,140.0,bad,147,98,11.151707191583908,0.19063705073217996,44.14231898084692,2.161138711842682,2.216920854168865
2,140.0,bad,149,98,7.875889798588485,0.3223667769329923,44.14231898084692,2.161138711842682,2.707561584094312
2,140.0,bad,169,98,30.80231235211783,2.858617741688839,44.14231898084692,2.161138711842682,10.596746239484517
2,140.0,bad,179,98,28.499230710627963,3.1888087539207053,44.14231898084692,2.161138711842682,6.912237516046835
2,140.0,bad,185,98,25.711094513255546,2.699270988868669,44.14231898084692,2.161138711842682,7.225564358219916
2,140.0,bad,187,98,23.35943456986554,2.9003542200467525,44.14231898084692,2.161138711842682,6.163739544379652
2,140.0,bad,559,98,4.7249097080016345,0.520608234124484,44.14231898084692,2.161138711842682,2.391679355315903
2,140.0,bad,560,98,1.3327151709650287,0.817745289384106,44.14231898084692,2.161138711842682,2.0942912745762436
2,140.0,bad,562,98,0.7332338817299231,3.094974568323921,44.14231898084692,2.161138711842682,2.0475410851033287
2,140.0,bad,107,99,34.646533288329486,5.339296941253531,38.45620142028942,5.368067850920468,30.62643298533735
2,140.0,bad,186,99,23.29187407515548,6.516605652472205,38.45620142028942,5.368067850920468,5.501062002020557
2,140.0,bad,190,99,17.337058133288604,6.754736881467713,38.45620142028942,5.368067850920468,4.103162692701099
2,140.0,bad,191,99,25.620724213639548,6.386706358087569,38.45620142028942,5.368067850920468,6.819826432463472
2,140.0,bad,193,99,29.381771951065765,6.470277921195784,38.45620142028942,5.368067850920468,4.3359189418495365
2,140.0,bad,282,99,7.846456856472887,7.242700103953819,38.45620142028942,5.368067850920468,2.377670403413666
2,140.0,bad,286,99,4.437989347203115,7.24730004785831,38.45620142028942,5.368067850920468,2.613646040131474
2,140.0,bad,324,99,14.489537773159288,6.881259464230212,38.45620142028942,5.368067850920468,3.558246517074352
2,140.0,bad,341,99,11.155037429815955,6.965066941660472,38.45620142028942,5.368067850920468,3.378896698595664
2,140.0,bad,347,99,1.1126044160848338,5.845449440921806,38.45620142028942,5.368067850920468,2.605795920696712
2,140.0,bad,351,99,-1.9541512965221919,5.9205303390423305,38.45620142028942,5.368067850920468,2.298388445185799
2,140.0,bad,353,99,-4.072570879545101,6.066792758486027,38.45620142028942,5.368067850920468,2.1167443086963527
2,140.0,bad,357,99,-3.7100671019948335,3.592693626731389,38.45620142028942,5.368067850920468,2.1462650665756517
2,140.0,bad,509,99,-1.5145310363716808,3.455099407473326,38.45620142028942,5.368067850920468,2.3390067303601363
2,140.0,bad,97,100,37.323404004137046,8.584951833533808,39.60148512319165,8.571342756864722,38.74377244207806
2,140.0,bad,115,100,33.47496112316827,8.625176724330052,39.60148512319165,8.571342756864722,22.458532116327035
2,140.0,bad,192,100,30.86064177183261,9.032427450347623,39.60148512319165,8.571342756864722,16.47979376031466
2,140.0,bad,282,100,7.846456856472887,7.242700103953819,39.60148512319165,8.571342756864722,3.3500040951233325
2,140.0,bad,286,100,4.437989347203115,7.24730004785831,39.60148512319165,8.571342756864722,2.863438116482936
2,140.0,bad,297,100,0.8648890845408745,10.623192568259608,39.60148512319165,8.571342756864722,2.2860491559923615
2,140.0,bad,301,100,0.07372930252270837,7.853537312151644,39.60148512319165,8.571342756864722,2.3810340288831378
2,140.0,bad,324,100,14.489537773159288,6.881259464230212,39.60148512319165,8.571342756864722,2.6189989086658616
2,140.0,bad,336,100,-2.3234859039950315,8.406698732420427,39.60148512319165,8.571342756864722,2.16625898081452
2,140.0,bad,341,100,11.155037429815955,6.965066941660472,39.60148512319165,8.571342756864722,3.394316904784706
2,140.0,bad,112,101,38.47771070495008,11.797116526913763,40.73448136358307,11.793975605026741,38.8786147126838
2,140.0,bad,114,101,36.18196580425209,11.8137049394128,40.73448136358307,11.793975605026741,27.579523431079217
2,140.0,bad,182,101,32.24948658868129,11.864508455969105,40.73448136358307,11.793975605026741,17.093233987436065
2,140.0,bad,194,101,27.52066123948709,12.007926514341923,40.73448136358307,11.793975605026741,10.838512233521882
2,140.0,bad,283,101,-1.3043759713282617,13.728568039043243,40.73448136358307,11.793975605026741,2.156787701395204
2,140.0,bad,290,101,0.7504059079650975,13.203214720152499,40.73448136358307,11.793975605026741,2.337758124739765
2,140.0,bad,295,101,4.339347566135888,13.69618128868417,40.73448136358307,11.793975605026741,2.5951320358205523
2,140.0,bad,297,101,0.8648890845408745,10.623192568259608,40.73448136358307,11.793975605026741,2.3485037980463286
2,140.0,bad,299,101,-1.1680127220792906,11.103612973428724,40.73448136358307,11.793975605026741,2.168135631266641
2,140.0,bad,97,102,37.323404004137046,8.584951833533808,41.86041247004,8.5805602570337,27.638394739657574
2,140.0,bad,100,102,39.60148512319165,8.571342756864722,41.86041247004,8.5805602570337,38.864936244395096
2,140.0,bad,115,102,33.47496112316827,8.625176724330052,41.86041247004,8.5805602570337,17.278829140893475
2,140.0,bad,192,102,30.86064177183261,9.032427450347623,41.86041247004,8.5805602570337,13.24444599466053
2,140.0,bad,282,102,7.846456856472887,7.242700103953819,41.86041247004,8.5805602570337,3.0149637837172016
2,140.0,bad,286,102,4.437989347203115,7.24730004785831,41.86041247004,8.5805602570337,2.5971403501154393
2,140.0,bad,297,102,0.8648890845408745,10.623192568259608,41.86041247004,8.5805602570337,2.245943336051396
2,140.0,bad,301,102,0.07372930252270837,7.853537312151644,41.86041247004,8.5805602570337,2.177843707711089
2,140.0,bad,324,102,14.489537773159288,6.881259464230212,41.86041247004,8.5805602570337,2.8683455555066972
2,140.0,bad,341,102,11.155037429815955,6.965066941660472,41.86041247004,8.5805602570337,3.3748434825925178
2,140.0,bad,93,103,52.41246807913633,-2.7416679527231906,55.01988370510361,-2.9819758801271306,33.003827243486
2,140.0,bad,171,103,32.975099105348264,-1.3988903362148761,55.01988370510361,-2.9819758801271306,2.7925139139744473
2,140.0,bad,173,103,30.626779263064186,-1.2292878511860401,55.01988370510361,-2.9819758801271306,2.1118097972632865
2,140.0,bad,105,104,39.59675004467236,2.153732124618532,41.86824933750951,2.1550384349294553,38.78534408008583
2,140.0,bad,108,104,33.13931655674859,2.498213741321891,41.86824933750951,2.1550384349294553,16.65086654825286
2,140.0,bad,111,104,35.778231636706124,2.179508833027956,41.86824933750951,2.1550384349294553,22.56055910107097
2,140.0,bad,149,104,7.875889798588485,0.3223667769329923,41.86824933750951,2.1550384349294553,2.75329247619757
2,140.0,bad,169,104,30.80231235211783,2.858617741688839,41.86824933750951,2.1550384349294553,11.592681884224872
2,140.0,bad,179,104,28.499230710627963,3.1888087539207053,41.86824933750951,2.1550384349294553,6.681515344372695
2,140.0,bad,185,104,25.711094513255546,2.699270988868669,41.86824933750951,2.1550384349294553,8.53654032146132
2,140.0,bad,187,104,23.35943456986554,2.9003542200467525,41.86824933750951,2.1550384349294553,7.186287328021377
2,140.0,bad,509,104,-1.5145310363716808,3.455099407473326,41.86824933750951,2.1550384349294553,2.0495594616365844
2,140.0,bad,559,104,4.7249097080016345,0.520608234124484,41.86824933750951,2.1550384349294553,2.627980949551232
2,140.0,bad,560,104,1.3327151709650287,0.817745289384106,41.86824933750951,2.1550384349294553,2.2870158831836114
2,140.0,bad,561,104,-1.1591070924472209,0.9902234119810472,41.86824933750951,2.1550384349294553,2.0771265089833917
2,140.0,bad,562,104,0.7332338817299231,3.094974568323921,41.86824933750951,2.1550384349294553,2.2337065559663123
2,140.0,bad,108,105,33.13931655674859,2.498213741321891,39.59675004467236,2.153732124618532,21.38462044434533
2,140.0,bad,111,105,35.778231636706124,2.179508833027956,39.59675004467236,2.153732124618532,30.587215237494945
2,140.0,bad,149,105,7.875889798588485,0.3223667769329923,39.59675004467236,2.153732124618532,2.6567385218960284
2,140.0,bad,169,105,30.80231235211783,2.858617741688839,39.59675004467236,2.153732124618532,12.222148788223501
2,140.0,bad,179,105,28.499230710627963,3.1888087539207053,39.59675004467236,2.153732124618532,6.220020128460788
2,140.0,bad,185,105,25.711094513255546,2.699270988868669,39.59675004467236,2.153732124618532,10.237374065782696
2,140.0,bad,187,105,23.35943456986554,2.9003542200467525,39.59675004467236,2.153732124618532,8.484458065366749
2,140.0,bad,357,105,-3.7100671019948335,3.592693626731389,39.59675004467236,2.153732124618532,2.05540494597936
2,140.0,bad,509,105,-1.5145310363716808,3.455099407473326,39.59675004467236,2.153732124618532,2.2357815553273945
2,140.0,bad,559,105,4.7249097080016345,0.520608234124484,39.59675004467236,2.153732124618532,2.9007823120647145
2,140.0,bad,560,105,1.3327151709650287,0.817745289384106,39.59675004467236,2.153732124618532,2.5073539753503726
2,140.0,bad,561,105,-1.1591070924472209,0.9902234119810472,39.59675004467236,2.153732124618532,2.2672038446897567
2,140.0,bad,562,105,0.7332338817299231,3.094974568323921,39.59675004467236,2.153732124618532,2.4462085048983213
2,140.0,bad,563,105,-3.2958578000648746,1.1646177678529894,39.59675004467236,2.153732124618532,2.087723316056494
2,140.0,bad,81,106,44.14935331196685,8.568152010497027,46.42311170067437,8.570694630711252,38.77106780964615
2,140.0,bad,97,106,37.323404004137046,8.584951833533808,46.42311170067437,8.570694630711252,16.010668306827018
2,140.0,bad,100,106,39.60148512319165,8.571342756864722,46.42311170067437,8.570694630711252,20.640819034667416
2,140.0,bad,102,106,41.86041247004,8.5805602570337,46.42311170067437,8.570694630711252,27.54096428841832
2,140.0,bad,115,106,33.47496112316827,8.625176724330052,46.42311170067437,8.570694630711252,11.090918658660218
2,140.0,bad,189,106,23.206591579534617,10.172048882554364,46.42311170067437,8.570694630711252,2.8762185593000087
2,140.0,bad,190,106,17.337058133288604,6.754736881467713,46.42311170067437,8.570694630711252,2.478848212358969
2,140.0,bad,192,106,30.86064177183261,9.032427450347623,46.42311170067437,8.570694630711252,8.938348285277362
2,140.0,bad,282,106,7.846456856472887,7.242700103953819,46.42311170067437,8.570694630711252,2.4751851626226586
2,140.0,bad,286,106,4.437989347203115,7.24730004785831,46.42311170067437,8.570694630711252,2.1612487794839
2,140.0,bad,324,106,14.489537773159288,6.881259464230212,46.42311170067437,8.570694630711252,3.1474675673381287
2,140.0,bad,341,106,11.155037429815955,6.965066941660472,46.42311170067437,8.570694630711252,2.850223145305392
2,140.0,bad,186,107,23.29187407515548,6.516605652472205,34.646533288329486,5.339296941253531,4.079677436140529
2,140.0,bad,190,107,17.337058133288604,6.754736881467713,34.646533288329486,5.339296941253531,3.1256047144746018
2,140.0,bad,191,107,25.620724213639548,6.386706358087569,34.646533288329486,5.339296941253531,5.3094256467693395
2,140.0,bad,286,107,4.437989347203115,7.24730004785831,34.646533288329486,5.339296941253531,2.181029072783218
2,140.0,bad,324,107,14.489537773159288,6.881259464230212,34.646533288329486,5.339296941253531,2.711157370297778
2,140.0,bad,341,107,11.155037429815955,6.965066941660472,34.646533288329486,5.339296941253531,2.7599545348153165
2,140.0,bad,347,107,1.1126044160848338,5.845449440921806,34.646533288329486,5.339296941253531,3.0818193329394625
2,140.0,bad,351,107,-1.9541512965221919,5.9205303390423305,34.646533288329486,5.339296941253531,2.6895418632016126
2,140.0,bad,353,107,-4.072570879545101,6.066792758486027,34.646533288329486,5.339296941253531,2.4607319827709593
2,140.0,bad,357,107,-3.7100671019948335,3.592693626731389,34.646533288329486,5.339296941253531,2.4977638729284464
2,140.0,bad,361,107,-6.222035452238913,6.2146957962007,34.646533288329486,5.339296941253531,2.2571678998422087
2,140.0,bad,364,107,-8.390293677163411,6.393639146628759,34.646533288329486,5.339296941253531,2.076384769885545
2,140.0,bad,366,107,-5.8191925892105765,3.763237133808354,34.646533288329486,5.339296941253531,2.293347431386557
2,140.0,bad,384,107,-7.9639562490425,3.8788233921790685,34.646533288329486,5.339296941253531,2.1101737497568958
2,140.0,bad,509,107,-1.5145310363716808,3.455099407473326,34.646533288329486,5.339296941253531,2.6345661919947414
2,140.0,bad,169,108,30.80231235211783,2.858617741688839,33.13931655674859,2.498213741321891,27.974582861907216
2,140.0,bad,179,108,28.499230710627963,3.1888087539207053,33.13931655674859,2.498213741321891,12.992357610465662
2,140.0,bad,185,108,25.711094513255546,2.699270988868669,33.13931655674859,2.498213741321891,19.229001493139293
2,140.0,bad,187,108,23.35943456986554,2.9003542200467525,33.13931655674859,2.498213741321891,14.928477218686197
2,140.0,bad,357,108,-3.7100671019948335,3.592693626731389,33.13931655674859,2.498213741321891,2.661062889410731
2,140.0,bad,366,108,-5.8191925892105765,3.763237133808354,33.13931655674859,2.498213741321891,2.4367250784799857
2,140.0,bad,367,108,-10.076470057414271,4.018833302569968,33.13931655674859,2.498213741321891,2.062442881469563
2,140.0,bad,369,108,-9.684474176983988,1.6195875258809513,33.13931655674859,2.498213741321891,2.0931664949799846
2,140.0,bad,375,108,-7.53027321165564,1.4479683358253,33.13931655674859,2.498213741321891,2.2749304597213733
2,140.0,bad,384,108,-7.9639562490425,3.8788233921790685,33.13931655674859,2.498213741321891,2.236482338507165
2,140.0,bad,509,108,-1.5145310363716808,3.455099407473326,33.13931655674859,2.498213741321891,2.9291737292419233
2,140.0,bad,560,108,1.3327151709650287,0.817745289384106,33.13931655674859,2.498213741321891,3.173683919819063
2,140.0,bad,561,108,-1.1591070924472209,0.9902234119810472,33.13931655674859,2.498213741321891,2.9763661558619106
2,140.0,bad,562,108,0.7332338817299231,3.094974568323921,33.13931655674859,2.498213741321891,3.247929475556689
2,140.0,bad,563,108,-3.2958578000648746,1.1646177678529894,33.13931655674859,2.498213741321891,2.7087488552220442
2,140.0,bad,564,108,-5.411324173111627,1.2790748009370003,33.13931655674859,2.498213741321891,2.4778383511010658
2,140.0,bad,120,109,23.779730461057625,-7.304951577603989,41.52832850238224,-8.085567835140882,7.585440571113086
2,140.0,bad,133,109,32.37325328120813,-7.933825747411886,41.52832850238224,-8.085567835140882,15.918244769514894
2,140.0,bad,151,109,11.891996227088452,-6.45956901283893,41.52832850238224,-8.085567835140882,3.34751140808685
2,140.0,bad,147,110,11.151707191583908,0.19063705073217996,37.28248792366144,-1.0243455127702994,4.474125992045946
2,140.0,bad,148,110,17.248218827271792,-0.337361272518514,37.28248792366144,-1.0243455127702994,6.474835912182994
2,140.0,bad,149,110,7.875889798588485,0.3223667769329923,37.28248792366144,-1.0243455127702994,3.7611877430564467
2,140.0,bad,150,110,14.268726498196632,-0.13763256582198746,37.28248792366144,-1.0243455127702994,5.358865844597545
2,140.0,bad,168,110,28.597642509659664,-1.0008559796230365,37.28248792366144,-1.0243455127702994,16.729535533673854
2,140.0,bad,171,110,32.975099105348264,-1.3988903362148761,37.28248792366144,-1.0243455127702994,24.260202159763747
2,140.0,bad,173,110,30.626779263064186,-1.2292878511860401,37.28248792366144,-1.0243455127702994,21.054099485697368
2,140.0,bad,175,110,25.866582348090077,-0.9117674924108847,37.28248792366144,-1.0243455127702994,12.734738026871742
2,140.0,bad,188,110,23.523541094239313,-0.7350985593351069,37.28248792366144,-1.0243455127702994,10.346858996994063
2,140.0,bad,559,110,4.7249097080016345,0.520608234124484,37.28248792366144,-1.0243455127702994,3.2248468160795185
2,140.0,bad,560,110,1.3327151709650287,0.817745289384106,37.28248792366144,-1.0243455127702994,2.7173421312616783
2,140.0,bad,561,110,-1.1591070924472209,0.9902234119810472,37.28248792366144,-1.0243455127702994,2.361337940565717
2,140.0,bad,563,110,-3.2958578000648746,1.1646177678529894,37.28248792366144,-1.0243455127702994,2.0262099965491362
2,140.0,bad,108,111,33.13931655674859,2.498213741321891,35.778231636706124,2.179508833027956,29.399044765717324
2,140.0,bad,149,111,7.875889798588485,0.3223667769329923,35.778231636706124,2.179508833027956,2.1144610663380807
2,140.0,bad,169,111,30.80231235211783,2.858617741688839,35.778231636706124,2.179508833027956,13.372569978242998
2,140.0,bad,179,111,28.499230710627963,3.1888087539207053,35.778231636706124,2.179508833027956,5.270729397492781
2,140.0,bad,185,111,25.711094513255546,2.699270988868669,35.778231636706124,2.179508833027956,14.432322622347712
2,140.0,bad,187,111,23.35943456986554,2.9003542200467525,35.778231636706124,2.179508833027956,10.852198954023553
2,140.0,bad,357,111,-3.7100671019948335,3.592693626731389,35.778231636706124,2.179508833027956,2.3848323452500826
2,140.0,bad,366,111,-5.8191925892105765,3.763237133808354,35.778231636706124,2.179508833027956,2.1938496355711345
2,140.0,bad,375,111,-7.53027321165564,1.4479683358253,35.778231636706124,2.179508833027956,2.0552748033122996
2,140.0,bad,384,111,-7.9639562490425,3.8788233921790685,35.778231636706124,2.179508833027956,2.022237763238375
2,140.0,bad,509,111,-1.5145310363716808,3.455099407473326,35.778231636706124,2.179508833027956,2.6114007987789365
2,140.0,bad,559,111,4.7249097080016345,0.520608234124484,35.778231636706124,2.179508833027956,3.243835811712076
2,140.0,bad,560,111,1.3327151709650287,0.817745289384106,35.778231636706124,2.179508833027956,2.956698137090718
2,140.0,bad,561,111,-1.1591070924472209,0.9902234119810472,35.778231636706124,2.179508833027956,2.651099193756912
2,140.0,bad,562,111,0.7332338817299231,3.094974568323921,35.778231636706124,2.179508833027956,2.878523390042859
2,140.0,bad,563,111,-3.2958578000648746,1.1646177678529894,35.778231636706124,2.179508833027956,2.42526054648857
2,140.0,bad,564,111,-5.411324173111627,1.2790748009370003,35.778231636706124,2.179508833027956,2.228949247817757
2,140.0,bad,114,112,36.18196580425209,11.8137049394128,38.47771070495008,11.797116526913763,38.632535591763755
2,140.0,bad,182,112,32.24948658868129,11.864508455969105,38.47771070495008,11.797116526913763,22.177924892982332
2,140.0,bad,194,112,27.52066123948709,12.007926514341923,38.47771070495008,11.797116526913763,13.298499002055367
2,140.0,bad,283,112,-1.3043759713282617,13.728568039043243,38.47771070495008,11.797116526913763,2.3567673270264446
2,140.0,bad,290,112,0.7504059079650975,13.203214720152499,38.47771070495008,11.797116526913763,2.564065303052888
2,140.0,bad,294,112,-3.313937700611013,11.275583574845317,38.47771070495008,11.797116526913763,2.177426150270035
2,140.0,bad,295,112,4.339347566135888,13.69618128868417,38.47771070495008,11.797116526913763,2.5554706735781223
2,140.0,bad,297,112,0.8648890845408745,10.623192568259608,38.47771070495008,11.797116526913763,2.5764105174890957
2,140.0,bad,299,112,-1.1680127220792906,11.103612973428724,38.47771070495008,11.797116526913763,2.3697319006053896
2,140.0,bad,311,112,-3.6798123820845943,13.752128555252268,38.47771070495008,11.797116526913763,2.1469848705339283
2,140.0,bad,321,112,-5.445405142837512,11.436610108266263,38.47771070495008,11.797116526913763,2.008690121010153
2,140.0,bad,180,113,35.05788948529957,14.995052511763555,39.584309326223156,15.004851405331811,27.678701884924433
2,140.0,bad,181,113,37.312462653685316,15.048745074981882,39.584309326223156,15.004851405331811,38.78314831430038
2,140.0,bad,239,113,31.163637500682853,15.023870161629667,39.584309326223156,15.004851405331811,17.2128177766204
2,140.0,bad,277,113,7.633838301026843,13.949985755416296,39.584309326223156,15.004851405331811,3.318862186231393
2,140.0,bad,283,113,-1.3043759713282617,13.728568039043243,39.584309326223156,15.004851405331811,2.255383712582824
2,140.0,bad,289,113,-4.061776509515715,16.225062336652016,39.584309326223156,15.004851405331811,2.0294895604142735
2,140.0,bad,290,113,0.7504059079650975,13.203214720152499,39.584309326223156,15.004851405331811,2.44917615262736
2,140.0,bad,295,113,4.339347566135888,13.69618128868417,39.584309326223156,15.004851405331811,2.853135851439874
2,140.0,bad,296,113,-1.945491520511558,16.07898666998556,39.584309326223156,15.004851405331811,2.199611461465896
2,140.0,bad,307,113,0.6159858229985513,15.84628270946906,39.584309326223156,15.004851405331811,2.435748426954051
2,140.0,bad,311,113,-3.6798123820845943,13.752128555252268,39.584309326223156,15.004851405331811,2.0587014083724036
2,140.0,bad,314,113,26.876518454139052,15.040814171125296,39.584309326223156,15.004851405331811,11.326953825898926
2,140.0,bad,328,113,17.400625659114212,13.766952095661114,39.584309326223156,15.004851405331811,5.146329687185351
2,140.0,bad,333,113,10.885970344494089,13.842554534085167,39.584309326223156,15.004851405331811,3.900122542950997
2,140.0,bad,345,113,14.173828937361352,13.840261260797224,39.584309326223156,15.004851405331811,4.657997647377464
2,140.0,bad,350,113,23.12930994115085,13.775528230638082,39.584309326223156,15.004851405331811,4.823150604683322
2,140.0,bad,182,114,32.24948658868129,11.864508455969105,36.18196580425209,11.8137049394128,30.08888498845884
2,140.0,bad,194,114,27.52066123948709,12.007926514341923,36.18196580425209,11.8137049394128,16.7717700811068
2,140.0,bad,283,114,-1.3043759713282617,13.728568039043243,36.18196580425209,11.8137049394128,2.550523854928009
2,140.0,bad,290,114,0.7504059079650975,13.203214720152499,36.18196580425209,11.8137049394128,2.8297469777984543
2,140.0,bad,294,114,-3.313937700611013,11.275583574845317,36.18196580425209,11.8137049394128,2.384099569493573
2,140.0,bad,295,114,4.339347566135888,13.69618128868417,36.18196580425209,11.8137049394128,2.4630993291888683
2,140.0,bad,297,114,0.8648890845408745,10.623192568259608,36.18196580425209,11.8137049394128,2.844062447799811
2,140.0,bad,299,114,-1.1680127220792906,11.103612973428724,36.18196580425209,11.8137049394128,2.605093583577548
2,140.0,bad,311,114,-3.6798123820845943,13.752128555252268,36.18196580425209,11.8137049394128,2.3492399476598163
2,140.0,bad,312,114,-5.815549012348824,13.913528594227518,36.18196580425209,11.8137049394128,2.1602187300934386
2,140.0,bad,321,114,-5.445405142837512,11.436610108266263,36.18196580425209,11.8137049394128,2.1913052662677575
2,140.0,bad,337,114,-7.557918951209283,11.576620018657163,36.18196580425209,11.8137049394128,2.0224111010437853
2,140.0,bad,192,115,30.86064177183261,9.032427450347623,33.47496112316827,8.625176724330052,25.32088180212885
2,140.0,bad,282,115,7.846456856472887,7.242700103953819,33.47496112316827,8.625176724330052,4.321736590640277
2,140.0,bad,286,115,4.437989347203115,7.24730004785831,33.47496112316827,8.625176724330052,3.832751485382486
2,140.0,bad,297,115,0.8648890845408745,10.623192568259608,33.47496112316827,8.625176724330052,2.0692348785431913
2,140.0,bad,301,115,0.07372930252270837,7.853537312151644,33.47496112316827,8.625176724330052,3.1006931524694727
2,140.0,bad,336,115,-2.3234859039950315,8.406698732420427,33.47496112316827,8.625176724330052,2.784590892221353
2,140.0,bad,341,115,11.155037429815955,6.965066941660472,33.47496112316827,8.625176724330052,2.303861500422996
2,140.0,bad,354,115,-6.575044995630501,8.71126606178059,33.47496112316827,8.625176724330052,2.3316031434280493
2,140.0,bad,358,115,-4.46425211898979,8.563878448709456,33.47496112316827,8.625176724330052,2.5414472348402866
2,140.0,bad,363,115,-8.728089319216894,8.846935179288298,33.47496112316827,8.625176724330052,2.1432416440780666
2,140.0,bad,377,115,-10.450976814005944,6.523737128913284,33.47496112316827,8.625176724330052,2.0084798861970325
2,140.0,bad,141,117,13.581581073899237,-43.79199728927196,51.0254177218698,-45.70099073932539,2.560400820974949
2,140.0,bad,470,117,8.795104274823284,-45.25816891554308,51.0254177218698,-45.70099073932539,2.1410047837870043
2,140.0,bad,16,118,11.701217959066597,-56.34380137173861,43.89169131664693,-56.745680829340415,3.281210600866243
2,140.0,bad,25,118,3.184618267630011,-58.679189662889364,43.89169131664693,-56.745680829340415,2.2715683906971718
2,140.0,bad,146,119,7.430428855706353,-23.941691323943083,36.99725119649182,-25.75985311863999,2.5223233652527814
2,140.0,bad,151,120,11.891996227088452,-6.45956901283893,23.779730461057625,-7.304951577603989,9.325505830978619
2,140.0,bad,153,121,0.8025260173575024,-18.067662437207538,12.846287683122387,-17.518910135258977,12.019640774117747
2,140.0,bad,213,121,-28.405130225638267,-19.302625657940176,12.846287683122387,-17.518910135258977,2.2235716693142233
2,140.0,bad,152,122,6.77030819084916,-11.855563708599234,17.371913400117855,-11.748843805844992,13.761341772998225
2,140.0,bad,401,122,-13.601648160619407,-12.024861474302392,17.371913400117855,-11.748843805844992,3.479008341908389
2,140.0,bad,410,122,-23.13171894584813,-11.377502491427329,17.371913400117855,-11.748843805844992,2.2899060916864706
2,140.0,bad,481,122,-6.242972496417467,-13.131471207906483,17.371913400117855,-11.748843805844992,4.325253833464163
2,140.0,bad,140,123,12.70035219476623,-28.537559635969277,24.457628800161256,-28.726965783649145,12.338257673304105
2,140.0,bad,212,123,-14.50351729271758,-29.848171596906298,24.457628800161256,-28.726965783649145,2.4364626115170984
2,140.0,bad,136,124,7.930053555773933,-33.93274990650885,40.40480367322294,-32.18347337189389,2.9751884184600406
2,140.0,bad,142,124,18.17184678495381,-33.84115407785367,40.40480367322294,-32.18347337189389,2.3024977007668976
2,140.0,bad,145,124,1.3358025141383791,-30.505483286410325,40.40480367322294,-32.18347337189389,2.4257635540354245
2,140.0,bad,126,125,17.975517316614955,-23.53033021373743,30.219042375448073,-23.480505395832523,11.804719581779132
2,140.0,bad,146,125,7.430428855706353,-23.941691323943083,30.219042375448073,-23.480505395832523,5.432713423167778
2,140.0,bad,480,125,-7.110888931374237,-24.57199090022415,30.219042375448073,-23.480505395832523,2.6073008947542133
2,140.0,bad,146,126,7.430428855706353,-23.941691323943083,17.975517316614955,-23.53033021373743,13.837157073455769
2,140.0,bad,229,126,-25.03078846099711,-24.933948023660875,17.975517316614955,-23.53033021373743,2.0787766353111863
2,140.0,bad,480,126,-7.110888931374237,-24.57199090022415,17.975517316614955,-23.53033021373743,4.744441836684155
2,140.0,bad,143,127,12.736169737414734,-38.10158942912595,46.454601166067576,-37.65847348577832,3.0558621472300094
2,140.0,bad,481,128,-6.242972496417467,-13.131471207906483,33.70547591654744,-15.189684478895355,2.276353550999681
2,140.0,bad,196,129,2.5095036783759426,-47.12912495293375,43.61831891233415,-48.237409530382195,2.2359973000439446
2,140.0,bad,125,130,30.219042375448073,-23.480505395832523,46.89032148755636,-23.139081084628238,8.210606022442487
2,140.0,bad,126,130,17.975517316614955,-23.53033021373743,46.89032148755636,-23.139081084628238,3.8568540378016776
2,140.0,bad,146,130,7.430428855706353,-23.941691323943083,46.89032148755636,-23.139081084628238,2.387572474770452
2,140.0,bad,198,131,1.7565425448374903,-39.869813228021684,39.48593629111582,-39.98589300722421,2.563840867552189
2,140.0,bad,121,132,12.846287683122387,-17.518910135258977,23.986813538543444,-18.4598819065889,7.785534815256473
2,140.0,bad,153,132,0.8025260173575024,-18.067662437207538,23.986813538543444,-18.4598819065889,5.3039315024425475
2,140.0,bad,120,133,23.779730461057625,-7.304951577603989,32.37325328120813,-7.933825747411886,13.842264268051604
2,140.0,bad,151,133,11.891996227088452,-6.45956901283893,32.37325328120813,-7.933825747411886,3.3195302099523065
2,140.0,bad,136,134,7.930053555773933,-33.93274990650885,30.73975562897811,-34.3122727681947,5.425731875593988
2,140.0,bad,142,134,18.17184678495381,-33.84115407785367,30.73975562897811,-34.3122727681947,11.467804063300399
2,140.0,bad,197,134,-7.223243919907485,-34.07179337896102,30.73975562897811,-34.3122727681947,2.5389270983131267
2,140.0,bad,137,135,18.40811650663472,-42.277707952833424,32.583555432488325,-42.75216609310602,9.993420602207172
2,140.0,bad,141,135,13.581581073899237,-43.79199728927196,32.583555432488325,-42.75216609310602,6.575010910204783
2,140.0,bad,144,135,24.5997523999082,-42.939499648521235,32.583555432488325,-42.75216609310602,18.05925487514989
2,140.0,bad,195,135,-6.453336178038384,-42.01837680493285,32.583555432488325,-42.75216609310602,2.4289413930649437
2,140.0,bad,197,136,-7.223243919907485,-34.07179337896102,7.930053555773933,-33.93274990650885,9.231516450000308
2,140.0,bad,221,136,-28.160216470202943,-34.36445023177608,7.930053555773933,-33.93274990650885,2.7494409514710862
2,140.0,bad,223,136,-35.64469399764114,-34.94571266107225,7.930053555773933,-33.93274990650885,2.0348979551551376
2,140.0,bad,195,137,-6.453336178038384,-42.01837680493285,18.40811650663472,-42.277707952833424,4.8058691426352045
2,140.0,bad,218,137,-24.595416052822006,-40.36339610084127,18.40811650663472,-42.277707952833424,2.078994169941101
2,140.0,bad,207,138,-10.703290581345545,-50.742848659965425,29.184747981980202,-52.721211084573994,2.346767383432044
2,140.0,bad,19,139,18.77866939674792,-54.23167200963914,37.65763834107593,-53.62668080643049,7.003248461761478
2,140.0,bad,138,139,29.184747981980202,-52.721211084573994,37.65763834107593,-53.62668080643049,7.950319130122339
2,140.0,bad,212,140,-14.50351729271758,-29.848171596906298,12.70035219476623,-28.537559635969277,4.219749570073713
2,140.0,bad,200,141,-13.948670195966617,-44.469283947006346,13.581581073899237,-43.79199728927196,4.146674612367678
2,140.0,bad,136,142,7.930053555773933,-33.93274990650885,18.17184678495381,-33.84115407785367,14.25492489758701
2,140.0,bad,197,142,-7.223243919907485,-34.07179337896102,18.17184678495381,-33.84115407785367,4.662049096020821
2,140.0,bad,210,143,-17.348431953034833,-37.997590817273036,12.736169737414734,-38.10158942912595,3.635027970609255
2,140.0,bad,137,144,18.40811650663472,-42.277707952833424,24.5997523999082,-42.939499648521235,13.774058078592915
2,140.0,bad,141,144,13.581581073899237,-43.79199728927196,24.5997523999082,-42.939499648521235,9.254052076903916
2,140.0,bad,195,144,-6.453336178038384,-42.01837680493285,24.5997523999082,-42.939499648521235,3.4655425013709857
2,140.0,bad,200,144,-13.948670195966617,-44.469283947006346,24.5997523999082,-42.939499648521235,2.4780647767075323
2,140.0,bad,212,145,-14.50351729271758,-29.848171596906298,1.3358025141383791,-30.505483286410325,8.747838320791645
2,140.0,bad,226,145,-21.554164547299525,-31.322026544393946,1.3358025141383791,-30.505483286410325,5.3992821737940355
2,140.0,bad,232,145,-38.999551707893076,-28.653249147170246,1.3358025141383791,-30.505483286410325,2.3052426372075523
2,140.0,bad,229,146,-25.03078846099711,-24.933948023660875,7.430428855706353,-23.941691323943083,3.239500269878095
2,140.0,bad,230,146,-34.750878116710275,-22.295408260574266,7.430428855706353,-23.941691323943083,2.145028154314693
2,140.0,bad,480,146,-7.110888931374237,-24.57199090022415,7.430428855706353,-23.941691323943083,9.697664240957824
2,140.0,bad,149,147,7.875889798588485,0.3223667769329923,11.151707191583908,0.19063705073217996,33.13907345896235
2,140.0,bad,369,147,-9.684474176983988,1.6195875258809513,11.151707191583908,0.19063705073217996,3.7389150670345086
2,140.0,bad,370,147,-11.811445521660755,1.7705415042676833,11.151707191583908,0.19063705073217996,2.9793068180847806
2,140.0,bad,375,147,-7.53027321165564,1.4479683358253,11.151707191583908,0.19063705073217996,4.876003020875096
2,140.0,bad,411,147,-13.912744164139987,1.9404002511602778,11.151707191583908,0.19063705073217996,2.251873576813128
2,140.0,bad,559,147,4.7249097080016345,0.520608234124484,11.151707191583908,0.19063705073217996,21.598473461830608
2,140.0,bad,560,147,1.3327151709650287,0.817745289384106,11.151707191583908,0.19063705073217996,13.29294444289307
2,140.0,bad,561,147,-1.1591070924472209,0.9902234119810472,11.151707191583908,0.19063705073217996,9.9169418683417
2,140.0,bad,563,147,-3.2958578000648746,1.1646177678529894,11.151707191583908,0.19063705073217996,7.514877638946711
2,140.0,bad,564,147,-5.411324173111627,1.2790748009370003,11.151707191583908,0.19063705073217996,6.3048281993980035
2,140.0,bad,147,148,11.151707191583908,0.19063705073217996,17.248218827271792,-0.337361272518514,17.60602895328656
2,140.0,bad,149,148,7.875889798588485,0.3223667769329923,17.248218827271792,-0.337361272518514,12.933224541983652
2,140.0,bad,150,148,14.268726498196632,-0.13763256582198746,17.248218827271792,-0.337361272518514,33.44501707817743
2,140.0,bad,559,148,4.7249097080016345,0.520608234124484,17.248218827271792,-0.337361272518514,9.08968581567528
2,140.0,bad,560,148,1.3327151709650287,0.817745289384106,17.248218827271792,-0.337361272518514,5.540866141049099
2,140.0,bad,561,148,-1.1591070924472209,0.9902234119810472,17.248218827271792,-0.337361272518514,4.198283603974905
2,140.0,bad,563,148,-3.2958578000648746,1.1646177678529894,17.248218827271792,-0.337361272518514,3.111263572049215
2,140.0,bad,564,148,-5.411324173111627,1.2790748009370003,17.248218827271792,-0.337361272518514,2.673781426674286
2,140.0,bad,369,149,-9.684474176983988,1.6195875258809513,7.875889798588485,0.3223667769329923,4.333593006577099
2,140.0,bad,370,149,-11.811445521660755,1.7705415042676833,7.875889798588485,0.3223667769329923,3.3785608992932836
2,140.0,bad,375,149,-7.53027321165564,1.4479683358253,7.875889798588485,0.3223667769329923,5.803718907489406
2,140.0,bad,411,149,-13.912744164139987,1.9404002511602778,7.875889798588485,0.3223667769329923,2.489689500035344
2,140.0,bad,559,149,4.7249097080016345,0.520608234124484,7.875889798588485,0.3223667769329923,32.90772544622758
2,140.0,bad,560,149,1.3327151709650287,0.817745289384106,7.875889798588485,0.3223667769329923,18.129272821267495
2,140.0,bad,561,149,-1.1591070924472209,0.9902234119810472,7.875889798588485,0.3223667769329923,12.900485614688058
2,140.0,bad,563,149,-3.2958578000648746,1.1646177678529894,7.875889798588485,0.3223667769329923,9.418380213108122
2,140.0,bad,564,149,-5.411324173111627,1.2790748009370003,7.875889798588485,0.3223667769329923,7.71901774047518
2,140.0,bad,147,150,11.151707191583908,0.19063705073217996,14.268726498196632,-0.13763256582198746,28.04370983355271
2,140.0,bad,149,150,7.875889798588485,0.3223667769329923,14.268726498196632,-0.13763256582198746,19.15216652456611
2,140.0,bad,375,150,-7.53027321165564,1.4479683358253,14.268726498196632,-0.13763256582198746,2.726454909350419
2,140.0,bad,559,150,4.7249097080016345,0.520608234124484,14.268726498196632,-0.13763256582198746,12.893284218965583
2,140.0,bad,560,150,1.3327151709650287,0.817745289384106,14.268726498196632,-0.13763256582198746,7.72346810717639
2,140.0,bad,561,150,-1.1591070924472209,0.9902234119810472,14.268726498196632,-0.13763256582198746,5.7807546318543475
2,140.0,bad,563,150,-3.2958578000648746,1.1646177678529894,14.268726498196632,-0.13763256582198746,4.28517530850128
2,140.0,bad,564,150,-5.411324173111627,1.2790748009370003,14.268726498196632,-0.13763256582198746,3.6420618497237878
2,140.0,bad,154,151,-0.055378591359048546,-5.13217847561709,11.891996227088452,-6.45956901283893,2.2845511114060533
2,140.0,bad,479,151,-10.075969759123957,-4.875317473267086,11.891996227088452,-6.45956901283893,2.769334673620609
2,140.0,bad,401,152,-13.601648160619407,-12.024861474302392,6.77030819084916,-11.855563708599234,6.33165682088873
2,140.0,bad,403,152,-31.798373698012675,-12.731842919199405,6.77030819084916,-11.855563708599234,2.475997874015531
2,140.0,bad,410,152,-23.13171894584813,-11.377502491427329,6.77030819084916,-11.855563708599234,3.6683687293270073
2,140.0,bad,481,152,-6.242972496417467,-13.131471207906483,6.77030819084916,-11.855563708599234,3.3455432299814527
2,140.0,bad,213,153,-28.405130225638267,-19.302625657940176,0.8025260173575024,-18.067662437207538,3.7994535406893832
2,140.0,bad,396,154,-29.550051783347474,-3.3088572720822924,-0.055378591359048546,-5.13217847561709,2.4903148734279723
2,140.0,bad,405,154,-19.507822288449834,-3.863364638679074,-0.055378591359048546,-5.13217847561709,4.857184847372422
2,140.0,bad,479,154,-10.075969759123957,-4.875317473267086,-0.055378591359048546,-5.13217847561709,14.571662627655732
2,140.0,bad,18,155,18.82318222456915,-61.53690766641546,40.35080013868263,-62.76608813563833,5.219492496390303
2,140.0,bad,20,155,10.149661808013363,-62.945137723237416,40.35080013868263,-62.76608813563833,3.6139837927584266
2,140.0,bad,93,156,52.41246807913633,-2.7416679527231906,71.51496947176028,-4.170940332901246,3.420364798666643
2,140.0,bad,103,156,55.01988370510361,-2.9819758801271306,71.51496947176028,-4.170940332901246,5.257491332301586
2,140.0,bad,157,156,68.0775668914431,-3.9479986436771632,71.51496947176028,-4.170940332901246,31.238241626642527
2,140.0,bad,158,156,64.63830420136226,-3.6151966446464776,71.51496947176028,-4.170940332901246,16.368435499087276
2,140.0,bad,93,157,52.41246807913633,-2.7416679527231906,68.0775668914431,-3.9479986436771632,4.926661241814577
2,140.0,bad,103,157,55.01988370510361,-2.9819758801271306,68.0775668914431,-3.9479986436771632,7.581971637826906
2,140.0,bad,158,157,64.63830420136226,-3.6151966446464776,68.0775668914431,-3.9479986436771632,27.25474745198659
2,140.0,bad,93,158,52.41246807913633,-2.7416679527231906,64.63830420136226,-3.6151966446464776,8.889341071416993
2,140.0,bad,103,158,55.01988370510361,-2.9819758801271306,64.63830420136226,-3.6151966446464776,13.293263718655854
2,140.0,bad,80,159,53.97036480806493,-0.00969740618086945,62.07869437387162,-0.19784161530562017,17.811730775519965
2,140.0,bad,82,159,45.30213717067534,-1.0910902512918348,62.07869437387162,-0.19784161530562017,7.932822350064277
2,140.0,bad,85,159,43.01048341385411,-1.0605202156986415,62.07869437387162,-0.19784161530562017,6.912359153488777
2,140.0,bad,87,159,47.55901426862281,-1.0684292921666945,62.07869437387162,-0.19784161530562017,8.659311191717338
2,140.0,bad,94,159,49.82530593257196,-1.0569881758967625,62.07869437387162,-0.19784161530562017,9.09572087311252
2,140.0,bad,95,159,40.73743252482842,-1.1000490800061193,62.07869437387162,-0.19784161530562017,5.946069022579162
2,140.0,bad,110,159,37.28248792366144,-1.0243455127702994,62.07869437387162,-0.19784161530562017,4.823908973929504
2,140.0,bad,168,159,28.597642509659664,-1.0008559796230365,62.07869437387162,-0.19784161530562017,3.0893194491652696
2,140.0,bad,171,159,32.975099105348264,-1.3988903362148761,62.07869437387162,-0.19784161530562017,3.819702365039023
2,140.0,bad,173,159,30.626779263064186,-1.2292878511860401,62.07869437387162,-0.19784161530562017,3.3991763917123734
2,140.0,bad,175,159,25.866582348090077,-0.9117674924108847,62.07869437387162,-0.19784161530562017,2.7349618140651875
2,140.0,bad,188,159,23.523541094239313,-0.7350985593351069,62.07869437387162,-0.19784161530562017,2.4773778088701293
2,140.0,bad,93,160,52.41246807913633,-2.7416679527231906,74.76324728007984,-4.400279031468706,2.320643950672172
2,140.0,bad,103,160,55.01988370510361,-2.9819758801271306,74.76324728007984,-4.400279031468706,3.6402891762523004
2,140.0,bad,156,160,71.51496947176028,-4.170940332901246,74.76324728007984,-4.400279031468706,31.598527706666452
2,140.0,bad,157,160,68.0775668914431,-3.9479986436771632,74.76324728007984,-4.400279031468706,19.022457859670443
2,140.0,bad,158,160,64.63830420136226,-3.6151966446464776,74.76324728007984,-4.400279031468706,10.470913041010785
2,140.0,bad,83,161,49.63139464138189,-8.837871406307624,65.63250558161499,-10.104429385635477,4.3293883238311555
2,140.0,bad,96,161,56.814084025177266,-9.325389204558185,65.63250558161499,-10.104429385635477,10.67183005143274
2,140.0,bad,128,162,33.70547591654744,-15.189684478895355,69.36640677642431,-16.198829634607304,2.801388749192622
2,140.0,bad,170,162,43.35148502856609,-16.921219181029695,69.36640677642431,-16.198829634607304,4.502958567801223
2,140.0,bad,174,162,51.931830644970674,-16.31573903989257,69.36640677642431,-16.198829634607304,7.760083469059474
2,140.0,bad,93,163,52.41246807913633,-2.7416679527231906,77.55341889031281,-4.186597225363293,4.035140910286998
2,140.0,bad,103,163,55.01988370510361,-2.9819758801271306,77.55341889031281,-4.186597225363293,5.284530545793363
2,140.0,bad,156,163,71.51496947176028,-4.170940332901246,77.55341889031281,-4.186597225363293,22.705869860078955
2,140.0,bad,157,163,68.0775668914431,-3.9479986436771632,77.55341889031281,-4.186597225363293,15.398200518263597
2,140.0,bad,158,163,64.63830420136226,-3.6151966446464776,77.55341889031281,-4.186597225363293,11.122920459162804
2,140.0,bad,160,163,74.76324728007984,-4.400279031468706,77.55341889031281,-4.186597225363293,33.55827517795397
2,140.0,bad,132,164,23.986813538543444,-18.4598819065889,61.28106296980424,-17.886875839401636,2.611236615584268
2,140.0,bad,170,164,43.35148502856609,-16.921219181029695,61.28106296980424,-17.886875839401636,7.212150198048445
2,140.0,bad,125,165,30.219042375448073,-23.480505395832523,65.39067544564897,-22.477305101809588,2.8624065602552333
2,140.0,bad,130,165,46.89032148755636,-23.139081084628238,65.39067544564897,-22.477305101809588,7.190554701933512
2,140.0,bad,79,166,43.00531799042696,11.800000245438216,49.69263189902755,12.009705747642517,20.974423403967496
2,140.0,bad,84,166,45.279605834655584,11.779911750207836,49.69263189902755,12.009705747642517,28.04195828365398
2,140.0,bad,101,166,40.73448136358307,11.793975605026741,49.69263189902755,12.009705747642517,16.250658620765368
2,140.0,bad,112,166,38.47771070495008,11.797116526913763,49.69263189902755,12.009705747642517,12.977171863565736
2,140.0,bad,114,166,36.18196580425209,11.8137049394128,49.69263189902755,12.009705747642517,10.566545679897144
2,140.0,bad,182,166,32.24948658868129,11.864508455969105,49.69263189902755,12.009705747642517,7.755238021446351
2,140.0,bad,194,166,27.52066123948709,12.007926514341923,49.69263189902755,12.009705747642517,5.642967825445093
2,140.0,bad,277,166,7.633838301026843,13.949985755416296,49.69263189902755,12.009705747642517,2.1551361051582973
2,140.0,bad,328,166,17.400625659114212,13.766952095661114,49.69263189902755,12.009705747642517,2.9477371133947115
2,140.0,bad,333,166,10.885970344494089,13.842554534085167,49.69263189902755,12.009705747642517,2.4519109736977205
2,140.0,bad,345,166,14.173828937361352,13.840261260797224,49.69263189902755,12.009705747642517,2.751587375476144
2,140.0,bad,350,166,23.12930994115085,13.775528230638082,49.69263189902755,12.009705747642517,2.4030015370657543
2,140.0,bad,96,167,56.814084025177266,-9.325389204558185,73.40486769332779,-10.645687795540322,3.8950173841671
2,140.0,bad,161,167,65.63250558161499,-10.104429385635477,73.40486769332779,-10.645687795540322,16.112064802984598
2,140.0,bad,147,168,11.151707191583908,0.19063705073217996,28.597642509659664,-1.0008559796230365,5.351243958141223
2,140.0,bad,148,168,17.248218827271792,-0.337361272518514,28.597642509659664,-1.0008559796230365,12.000428411051574
2,140.0,bad,149,168,7.875889798588485,0.3223667769329923,28.597642509659664,-1.0008559796230365,4.54179312626686
2,140.0,bad,150,168,14.268726498196632,-0.13763256582198746,28.597642509659664,-1.0008559796230365,8.771120374709826
2,140.0,bad,175,168,25.866582348090077,-0.9117674924108847,28.597642509659664,-1.0008559796230365,36.03576624546868
2,140.0,bad,188,168,23.523541094239313,-0.7350985593351069,28.597642509659664,-1.0008559796230365,25.60662492835273
2,140.0,bad,559,168,4.7249097080016345,0.520608234124484,28.597642509659664,-1.0008559796230365,3.4954650334971165
2,140.0,bad,560,168,1.3327151709650287,0.817745289384106,28.597642509659664,-1.0008559796230365,2.221012892347157
2,140.0,bad,179,169,28.499230710627963,3.1888087539207053,30.80231235211783,2.858617741688839,29.515415506771003
2,140.0,bad,185,169,25.711094513255546,2.699270988868669,30.80231235211783,2.858617741688839,25.645686306844322
2,140.0,bad,187,169,23.35943456986554,2.9003542200467525,30.80231235211783,2.858617741688839,19.19670214052727
2,140.0,bad,357,169,-3.7100671019948335,3.592693626731389,30.80231235211783,2.858617741688839,2.9478221706448244
2,140.0,bad,366,169,-5.8191925892105765,3.763237133808354,30.80231235211783,2.858617741688839,2.6871401939836344
2,140.0,bad,367,169,-10.076470057414271,4.018833302569968,30.80231235211783,2.858617741688839,2.2562617597717565
2,140.0,bad,369,169,-9.684474176983988,1.6195875258809513,30.80231235211783,2.858617741688839,2.2914344826570203
2,140.0,bad,370,169,-11.811445521660755,1.7705415042676833,30.80231235211783,2.858617741688839,2.109911592338078
2,140.0,bad,375,169,-7.53027321165564,1.4479683358253,30.80231235211783,2.858617741688839,2.5002465982917235
2,140.0,bad,378,169,-12.225432591042825,4.209352584171119,30.80231235211783,2.858617741688839,2.0770960725347143
2,140.0,bad,384,169,-7.9639562490425,3.8788233921790685,30.80231235211783,2.858617741688839,2.455974476840927
2,140.0,bad,509,169,-1.5145310363716808,3.455099407473326,30.80231235211783,2.858617741688839,3.2616426215031145
2,140.0,bad,561,169,-1.1591070924472209,0.9902234119810472,30.80231235211783,2.858617741688839,2.529141913608889
2,140.0,bad,562,169,0.7332338817299231,3.094974568323921,30.80231235211783,2.858617741688839,3.637845019145003
2,140.0,bad,563,169,-3.2958578000648746,1.1646177678529894,30.80231235211783,2.858617741688839,3.0034593905722
2,140.0,bad,564,169,-5.411324173111627,1.2790748009370003,30.80231235211783,2.858617741688839,2.7347813747265826
2,140.0,bad,121,170,12.846287683122387,-17.518910135258977,43.35148502856609,-16.921219181029695,3.55992949755769
2,140.0,bad,132,170,23.986813538543444,-18.4598819065889,43.35148502856609,-16.921219181029695,2.551454377282548
2,140.0,bad,153,170,0.8025260173575024,-18.067662437207538,43.35148502856609,-16.921219181029695,2.115118324097634
2,140.0,bad,147,171,11.151707191583908,0.19063705073217996,32.975099105348264,-1.3988903362148761,2.7027784508987125
2,140.0,bad,148,171,17.248218827271792,-0.337361272518514,32.975099105348264,-1.3988903362148761,6.549947497597791
2,140.0,bad,149,171,7.875889798588485,0.3223667769329923,32.975099105348264,-1.3988903362148761,2.429057742369376
2,140.0,bad,150,171,14.268726498196632,-0.13763256582198746,32.975099105348264,-1.3988903362148761,4.843901436200223
2,140.0,bad,168,171,28.597642509659664,-1.0008559796230365,32.975099105348264,-1.3988903362148761,23.34938141442963
2,140.0,bad,173,171,30.626779263064186,-1.2292878511860401,32.975099105348264,-1.3988903362148761,36.80619812006014
2,140.0,bad,175,171,25.866582348090077,-0.9117674924108847,32.975099105348264,-1.3988903362148761,17.818336571623426
2,140.0,bad,188,171,23.523541094239313,-0.7350985593351069,32.975099105348264,-1.3988903362148761,12.829256050653065
2,140.0,bad,134,172,30.73975562897811,-34.3122727681947,52.141637956556735,-35.61003731149167,4.772402057693408
2,140.0,bad,142,172,18.17184678495381,-33.84115407785367,52.141637956556735,-35.61003731149167,2.9158063566340022
2,140.0,bad,147,173,11.151707191583908,0.19063705073217996,30.626779263064186,-1.2292878511860401,3.5760308456370953
2,140.0,bad,148,173,17.248218827271792,-0.337361272518514,30.626779263064186,-1.2292878511860401,8.565795469226089
2,140.0,bad,149,173,7.875889798588485,0.3223667769329923,30.626779263064186,-1.2292878511860401,3.1391351000523238
2,140.0,bad,150,173,14.268726498196632,-0.13763256582198746,30.626779263064186,-1.2292878511860401,6.2627284740774645
2,140.0,bad,168,173,28.597642509659664,-1.0008559796230365,30.626779263064186,-1.2292878511860401,35.22389904509118
2,140.0,bad,175,173,25.866582348090077,-0.9117674924108847,30.626779263064186,-1.2292878511860401,25.24622066196131
2,140.0,bad,188,173,23.523541094239313,-0.7350985593351069,30.626779263064186,-1.2292878511860401,17.666683728069675
2,140.0,bad,559,173,4.7249097080016345,0.520608234124484,30.626779263064186,-1.2292878511860401,2.3909916766909993
2,140.0,bad,121,174,12.846287683122387,-17.518910135258977,51.931830644970674,-16.31573903989257,2.4241288673828536
2,140.0,bad,128,174,33.70547591654744,-15.189684478895355,51.931830644970674,-16.31573903989257,5.9945267042111645
2,140.0,bad,170,174,43.35148502856609,-16.921219181029695,51.931830644970674,-16.31573903989257,14.314746383731993
2,140.0,bad,147,175,11.151707191583908,0.19063705073217996,25.866582348090077,-0.9117674924108847,5.982927312575396
2,140.0,bad,148,175,17.248218827271792,-0.337361272518514,25.866582348090077,-0.9117674924108847,14.888388400315428
2,140.0,bad,149,175,7.875889798588485,0.3223667769329923,25.866582348090077,-0.9117674924108847,5.006490473721272
2,140.0,bad,150,175,14.268726498196632,-0.13763256582198746,25.866582348090077,-0.9117674924108847,10.41969895811577
2,140.0,bad,188,175,23.523541094239313,-0.7350985593351069,25.866582348090077,-0.9117674924108847,36.54627769894739
2,140.0,bad,559,175,4.7249097080016345,0.520608234124484,25.866582348090077,-0.9117674924108847,3.7586552668932653
2,140.0,bad,560,175,1.3327151709650287,0.817745289384106,25.866582348090077,-0.9117674924108847,2.280560468297309
2,140.0,bad,119,176,36.99725119649182,-25.75985311863999,56.11974190319307,-25.190506860764472,6.886616063746737
2,140.0,bad,125,176,30.219042375448073,-23.480505395832523,56.11974190319307,-25.190506860764472,2.620916571629113
2,140.0,bad,126,176,17.975517316614955,-23.53033021373743,56.11974190319307,-25.190506860764472,2.5198489565873983
2,140.0,bad,123,177,24.457628800161256,-28.726965783649145,61.94046338882538,-28.40777836217291,2.5905359740975964
2,140.0,bad,134,178,30.73975562897811,-34.3122727681947,57.77259182514915,-34.66155698369718,4.258816751007919
2,140.0,bad,142,178,18.17184678495381,-33.84115407785367,57.77259182514915,-34.66155698369718,2.374031636220783
2,140.0,bad,172,178,52.141637956556735,-35.61003731149167,57.77259182514915,-34.66155698369718,5.784867602361673
2,140.0,bad,185,179,25.711094513255546,2.699270988868669,28.499230710627963,3.1888087539207053,21.369756444001375
2,140.0,bad,187,179,23.35943456986554,2.9003542200467525,28.499230710627963,3.1888087539207053,25.089384091266155
2,140.0,bad,357,179,-3.7100671019948335,3.592693626731389,28.499230710627963,3.1888087539207053,3.2782845522820567
2,140.0,bad,366,179,-5.8191925892105765,3.763237133808354,28.499230710627963,3.1888087539207053,2.973680462301215
2,140.0,bad,367,179,-10.076470057414271,4.018833302569968,28.499230710627963,3.1888087539207053,2.475282393884683
2,140.0,bad,369,179,-9.684474176983988,1.6195875258809513,28.499230710627963,3.1888087539207053,2.5157212690916397
2,140.0,bad,370,179,-11.811445521660755,1.7705415042676833,28.499230710627963,3.1888087539207053,2.307504690144417
2,140.0,bad,375,179,-7.53027321165564,1.4479683358253,28.499230710627963,3.1888087539207053,2.7567051225247967
2,140.0,bad,378,179,-12.225432591042825,4.209352584171119,28.499230710627963,3.1888087539207053,2.2699931990209183
2,140.0,bad,384,179,-7.9639562490425,3.8788233921790685,28.499230710627963,3.1888087539207053,2.705483636576023
2,140.0,bad,411,179,-13.912744164139987,1.9404002511602778,28.499230710627963,3.1888087539207053,2.126188934869678
2,140.0,bad,509,179,-1.5145310363716808,3.455099407473326,28.499230710627963,3.1888087539207053,3.6479101944669154
2,140.0,bad,562,179,0.7332338817299231,3.094974568323921,28.499230710627963,3.1888087539207053,4.095066864171161
2,140.0,bad,564,179,-5.411324173111627,1.2790748009370003,28.499230710627963,3.1888087539207053,2.508571909651303
2,140.0,bad,239,180,31.163637500682853,15.023870161629667,35.05788948529957,14.995052511763555,30.254679742835382
2,140.0,bad,277,180,7.633838301026843,13.949985755416296,35.05788948529957,14.995052511763555,4.170242453096338
2,140.0,bad,283,180,-1.3043759713282617,13.728568039043243,35.05788948529957,14.995052511763555,2.717275064413889
2,140.0,bad,289,180,-4.061776509515715,16.225062336652016,35.05788948529957,14.995052511763555,2.420761991993808
2,140.0,bad,290,180,0.7504059079650975,13.203214720152499,35.05788948529957,14.995052511763555,2.8583121192281418
2,140.0,bad,293,180,-8.326485868006316,16.555515892138896,35.05788948529957,14.995052511763555,2.0494369929811067
2,140.0,bad,295,180,4.339347566135888,13.69618128868417,35.05788948529957,14.995052511763555,3.5227227642458474
2,140.0,bad,296,180,-1.945491520511558,16.07898666998556,35.05788948529957,14.995052511763555,2.6436545537756126
2,140.0,bad,302,180,-6.229625749110586,16.416875502120337,35.05788948529957,14.995052511763555,2.2204427696544173
2,140.0,bad,307,180,0.6159858229985513,15.84628270946906,35.05788948529957,14.995052511763555,2.9571788727255073
2,140.0,bad,311,180,-3.6798123820845943,13.752128555252268,35.05788948529957,14.995052511763555,2.4588543717733597
2,140.0,bad,312,180,-5.815549012348824,13.913528594227518,35.05788948529957,14.995052511763555,2.256735794853876
2,140.0,bad,314,180,26.876518454139052,15.040814171125296,35.05788948529957,14.995052511763555,17.668905284634643
2,140.0,bad,325,180,-7.944939434522578,14.053222573031592,35.05788948529957,14.995052511763555,2.0790493697271484
2,140.0,bad,328,180,17.400625659114212,13.766952095661114,35.05788948529957,14.995052511763555,5.021905259039238
2,140.0,bad,333,180,10.885970344494089,13.842554534085167,35.05788948529957,14.995052511763555,5.001775119422151
2,140.0,bad,345,180,14.173828937361352,13.840261260797224,35.05788948529957,14.995052511763555,5.689584720412253
2,140.0,bad,350,180,23.12930994115085,13.775528230638082,35.05788948529957,14.995052511763555,3.692805568067777
2,140.0,bad,180,181,35.05788948529957,14.995052511763555,37.312462653685316,15.048745074981882,38.89255939041677
2,140.0,bad,239,181,31.163637500682853,15.023870161629667,37.312462653685316,15.048745074981882,22.39654552302976
2,140.0,bad,277,181,7.633838301026843,13.949985755416296,37.312462653685316,15.048745074981882,3.709793092451315
2,140.0,bad,283,181,-1.3043759713282617,13.728568039043243,37.312462653685316,15.048745074981882,2.4710951725676633
2,140.0,bad,289,181,-4.061776509515715,16.225062336652016,37.312462653685316,15.048745074981882,2.2129525180972833
2,140.0,bad,290,181,0.7504059079650975,13.203214720152499,37.312462653685316,15.048745074981882,2.6822314697721734
2,140.0,bad,295,181,4.339347566135888,13.69618128868417,37.312462653685316,15.048745074981882,3.162781785240143
2,140.0,bad,296,181,-1.945491520511558,16.07898666998556,37.312462653685316,15.048745074981882,2.4071888396799634
2,140.0,bad,302,181,-6.229625749110586,16.416875502120337,37.312462653685316,15.048745074981882,2.037381171987039
2,140.0,bad,307,181,0.6159858229985513,15.84628270946906,37.312462653685316,15.048745074981882,2.6785186333230366
2,140.0,bad,311,181,-3.6798123820845943,13.752128555252268,37.312462653685316,15.048745074981882,2.2462294908384766
2,140.0,bad,312,181,-5.815549012348824,13.913528594227518,37.312462653685316,15.048745074981882,2.0692634025259435
2,140.0,bad,314,181,26.876518454139052,15.040814171125296,37.312462653685316,15.048745074981882,13.985354703469987
2,140.0,bad,328,181,17.400625659114212,13.766952095661114,37.312462653685316,15.048745074981882,4.792837852222494
2,140.0,bad,333,181,10.885970344494089,13.842554534085167,37.312462653685316,15.048745074981882,4.401778616137309
2,140.0,bad,345,181,14.173828937361352,13.840261260797224,37.312462653685316,15.048745074981882,5.195904479852512
2,140.0,bad,350,181,23.12930994115085,13.775528230638082,37.312462653685316,15.048745074981882,3.768364927943541
2,140.0,bad,194,182,27.52066123948709,12.007926514341923,32.24948658868129,11.864508455969105,26.923199981643492
2,140.0,bad,283,182,-1.3043759713282617,13.728568039043243,32.24948658868129,11.864508455969105,2.6429910558321943
2,140.0,bad,290,182,0.7504059079650975,13.203214720152499,32.24948658868129,11.864508455969105,3.391454149130607
2,140.0,bad,294,182,-3.313937700611013,11.275583574845317,32.24948658868129,11.864508455969105,2.8133916261131096
2,140.0,bad,295,182,4.339347566135888,13.69618128868417,32.24948658868129,11.864508455969105,2.2473369077888754
2,140.0,bad,297,182,0.8648890845408745,10.623192568259608,32.24948658868129,11.864508455969105,3.4102438196912574
2,140.0,bad,299,182,-1.1680127220792906,11.103612973428724,32.24948658868129,11.864508455969105,3.0983700778295495
2,140.0,bad,311,182,-3.6798123820845943,13.752128555252268,32.24948658868129,11.864508455969105,2.628858743390761
2,140.0,bad,312,182,-5.815549012348824,13.913528594227518,32.24948658868129,11.864508455969105,2.2779235902403947
2,140.0,bad,321,182,-5.445405142837512,11.436610108266263,32.24948658868129,11.864508455969105,2.56755152363909
2,140.0,bad,325,182,-7.944939434522578,14.053222573031592,32.24948658868129,11.864508455969105,2.0122593562732747
2,140.0,bad,337,182,-7.557918951209283,11.576620018657163,32.24948658868129,11.864508455969105,2.354371879862822
2,140.0,bad,356,182,-9.708108440820666,11.72852985513031,32.24948658868129,11.864508455969105,2.1635394611525407
2,140.0,bad,359,182,-10.708298472753645,13.73215775388635,32.24948658868129,11.864508455969105,2.082587592942114
2,140.0,bad,113,183,39.584309326223156,15.004851405331811,41.85276638700564,15.045140666325223,38.80458181243062
2,140.0,bad,180,183,35.05788948529957,14.995052511763555,41.85276638700564,15.045140666325223,20.706621829277847
2,140.0,bad,181,183,37.312462653685316,15.048745074981882,41.85276638700564,15.045140666325223,27.625868786546366
2,140.0,bad,239,183,31.163637500682853,15.023870161629667,41.85276638700564,15.045140666325223,13.64515557780306
2,140.0,bad,277,183,7.633838301026843,13.949985755416296,41.85276638700564,15.045140666325223,2.9870774325805782
2,140.0,bad,283,183,-1.3043759713282617,13.728568039043243,41.85276638700564,15.045140666325223,2.0669960662472042
2,140.0,bad,290,183,0.7504059079650975,13.203214720152499,41.85276638700564,15.045140666325223,2.236562194735292
2,140.0,bad,295,183,4.339347566135888,13.69618128868417,41.85276638700564,15.045140666325223,2.5872020084166496
2,140.0,bad,296,183,-1.945491520511558,16.07898666998556,41.85276638700564,15.045140666325223,2.0180246964092468
2,140.0,bad,307,183,0.6159858229985513,15.84628270946906,41.85276638700564,15.045140666325223,2.2248423125434185
2,140.0,bad,314,183,26.876518454139052,15.040814171125296,41.85276638700564,15.045140666325223,9.36285954022976
2,140.0,bad,328,183,17.400625659114212,13.766952095661114,41.85276638700564,15.045140666325223,4.794921222966557
2,140.0,bad,333,183,10.885970344494089,13.842554534085167,41.85276638700564,15.045140666325223,3.480157528086859
2,140.0,bad,345,183,14.173828937361352,13.840261260797224,41.85276638700564,15.045140666325223,4.1140125073613305
2,140.0,bad,350,183,23.12930994115085,13.775528230638082,41.85276638700564,15.045140666325223,4.771630999518334
2,140.0,bad,78,184,46.42164511842081,2.1617602619694196,59.464188423737035,2.1700006561664154,11.000237889703184
2,140.0,bad,91,184,48.69313102567935,2.16701112011458,59.464188423737035,2.1700006561664154,13.537725078325364
2,140.0,bad,98,184,44.14231898084692,2.161138711842682,59.464188423737035,2.1700006561664154,9.109014039023783
2,140.0,bad,104,184,41.86824933750951,2.1550384349294553,59.464188423737035,2.1700006561664154,7.669597039082355
2,140.0,bad,105,184,39.59675004467236,2.153732124618532,59.464188423737035,2.1700006561664154,6.547370981971945
2,140.0,bad,108,184,33.13931655674859,2.498213741321891,59.464188423737035,2.1700006561664154,4.4264414078933285
2,140.0,bad,111,184,35.778231636706124,2.179508833027956,59.464188423737035,2.1700006561664154,5.147129885234572
2,140.0,bad,169,184,30.80231235211783,2.858617741688839,59.464188423737035,2.1700006561664154,3.9074826037055597
2,140.0,bad,179,184,28.499230710627963,3.1888087539207053,59.464188423737035,2.1700006561664154,3.480469883808248
2,140.0,bad,185,184,25.711094513255546,2.699270988868669,59.464188423737035,2.1700006561664154,3.0510221782709377
2,140.0,bad,187,184,23.35943456986554,2.9003542200467525,59.464188423737035,2.1700006561664154,2.7477137467426043
2,140.0,bad,187,185,23.35943456986554,2.9003542200467525,25.711094513255546,2.699270988868669,35.490107666719425
2,140.0,bad,357,185,-3.7100671019948335,3.592693626731389,25.711094513255546,2.699270988868669,3.7584092403201415
2,140.0,bad,366,185,-5.8191925892105765,3.763237133808354,25.711094513255546,2.699270988868669,3.3863592946077707
2,140.0,bad,367,185,-10.076470057414271,4.018833302569968,25.711094513255546,2.699270988868669,2.785914692281135
2,140.0,bad,369,185,-9.684474176983988,1.6195875258809513,25.711094513255546,2.699270988868669,2.8342358027225885
2,140.0,bad,370,185,-11.811445521660755,1.7705415042676833,25.711094513255546,2.699270988868669,2.58620895717791
2,140.0,bad,375,185,-7.53027321165564,1.4479683358253,25.711094513255546,2.699270988868669,3.1236621666104676
2,140.0,bad,378,185,-12.225432591042825,4.209352584171119,25.711094513255546,2.699270988868669,2.5417320643561387
2,140.0,bad,384,185,-7.9639562490425,3.8788233921790685,25.711094513255546,2.699270988868669,3.0619356912704236
2,140.0,bad,411,185,-13.912744164139987,1.9404002511602778,25.711094513255546,2.699270988868669,2.3718225258535552
2,140.0,bad,509,185,-1.5145310363716808,3.455099407473326,25.711094513255546,2.699270988868669,4.214818649218708
2,140.0,bad,561,185,-1.1591070924472209,0.9902234119810472,25.711094513255546,2.699270988868669,2.7577104490987328
2,140.0,bad,562,185,0.7332338817299231,3.094974568323921,25.711094513255546,2.699270988868669,4.77393405991597
2,140.0,bad,563,185,-3.2958578000648746,1.1646177678529894,25.711094513255546,2.699270988868669,3.6618098151152667
2,140.0,bad,564,185,-5.411324173111627,1.2790748009370003,25.711094513255546,2.699270988868669,3.4538669284301617
2,140.0,bad,190,186,17.337058133288604,6.754736881467713,23.29187407515548,6.516605652472205,22.944537350544543
2,140.0,bad,282,186,7.846456856472887,7.242700103953819,23.29187407515548,6.516605652472205,9.020772900540152
2,140.0,bad,286,186,4.437989347203115,7.24730004785831,23.29187407515548,6.516605652472205,7.015430347249356
2,140.0,bad,301,186,0.07372930252270837,7.853537312151644,23.29187407515548,6.516605652472205,4.57779848715336
2,140.0,bad,324,186,14.489537773159288,6.881259464230212,23.29187407515548,6.516605652472205,16.521111772534145
2,140.0,bad,341,186,11.155037429815955,6.965066941660472,23.29187407515548,6.516605652472205,11.918779393112795
2,140.0,bad,347,186,1.1126044160848338,5.845449440921806,23.29187407515548,6.516605652472205,5.6404082056185825
2,140.0,bad,351,186,-1.9541512965221919,5.9205303390423305,23.29187407515548,6.516605652472205,4.7015667133158185
2,140.0,bad,353,186,-4.072570879545101,6.066792758486027,23.29187407515548,6.516605652472205,4.183558358037934
2,140.0,bad,361,186,-6.222035452238913,6.2146957962007,23.29187407515548,6.516605652472205,3.740786306448057
2,140.0,bad,364,186,-8.390293677163411,6.393639146628759,23.29187407515548,6.516605652472205,3.3617259591047977
2,140.0,bad,368,186,-13.400496124439261,5.951526582069377,23.29187407515548,6.516605652472205,2.678989809730179
2,140.0,bad,377,186,-10.450976814005944,6.523737128913284,23.29187407515548,6.516605652472205,3.0524512275259266
2,140.0,bad,379,186,-19.12804876572423,6.943393668366644,23.29187407515548,6.516605652472205,2.125544233558703
2,140.0,bad,357,187,-3.7100671019948335,3.592693626731389,23.35943456986554,2.9003542200467525,4.250396118941195
2,140.0,bad,366,187,-5.8191925892105765,3.763237133808354,23.35943456986554,2.9003542200467525,3.80508597473031
2,140.0,bad,367,187,-10.076470057414271,4.018833302569968,23.35943456986554,2.9003542200467525,3.095744857961105
2,140.0,bad,369,187,-9.684474176983988,1.6195875258809513,23.35943456986554,2.9003542200467525,3.1523867827333234
2,140.0,bad,370,187,-11.811445521660755,1.7705415042676833,23.35943456986554,2.9003542200467525,2.862501991163718
2,140.0,bad,375,187,-7.53027321165564,1.4479683358253,23.35943456986554,2.9003542200467525,3.493291991316417
2,140.0,bad,378,187,-12.225432591042825,4.209352584171119,23.35943456986554,2.9003542200467525,2.8107454406392973
2,140.0,bad,384,187,-7.9639562490425,3.8788233921790685,23.35943456986554,2.9003542200467525,3.4203535564426075
2,140.0,bad,404,187,-19.893424723389273,2.6163582269602834,23.35943456986554,2.9003542200467525,2.0595722874887605
2,140.0,bad,411,187,-13.912744164139987,1.9404002511602778,23.35943456986554,2.9003542200467525,2.613675482083701
2,140.0,bad,509,187,-1.5145310363716808,3.455099407473326,23.35943456986554,2.9003542200467525,4.802421030316528
2,140.0,bad,562,187,0.7332338817299231,3.094974568323921,23.35943456986554,2.9003542200467525,5.486936010935759
2,140.0,bad,563,187,-3.2958578000648746,1.1646177678529894,23.35943456986554,2.9003542200467525,2.583177572218462
2,140.0,bad,564,187,-5.411324173111627,1.2790748009370003,23.35943456986554,2.9003542200467525,3.3433589872742724
2,140.0,bad,147,188,11.151707191583908,0.19063705073217996,23.523541094239313,-0.7350985593351069,8.124578222878945
2,140.0,bad,148,188,17.248218827271792,-0.337361272518514,23.523541094239313,-0.7350985593351069,20.74645745277042
2,140.0,bad,149,188,7.875889798588485,0.3223667769329923,23.523541094239313,-0.7350985593351069,6.590505513179969
2,140.0,bad,150,188,14.268726498196632,-0.13763256582198746,23.523541094239313,-0.7350985593351069,14.09137029814492
2,140.0,bad,559,188,4.7249097080016345,0.520608234124484,23.523541094239313,-0.7350985593351069,4.903310043199547
2,140.0,bad,560,188,1.3327151709650287,0.817745289384106,23.523541094239313,-0.7350985593351069,3.036557296999342
2,140.0,bad,561,188,-1.1591070924472209,0.9902234119810472,23.523541094239313,-0.7350985593351069,2.3328840822507084
2,140.0,bad,294,189,-3.313937700611013,11.275583574845317,23.206591579534617,10.172048882554364,4.379139458356073
2,140.0,bad,297,189,0.8648890845408745,10.623192568259608,23.206591579534617,10.172048882554364,5.583893755116567
2,140.0,bad,299,189,-1.1680127220792906,11.103612973428724,23.206591579534617,10.172048882554364,4.942964448534407
2,140.0,bad,321,189,-5.445405142837512,11.436610108266263,23.206591579534617,10.172048882554364,3.909480343644241
2,140.0,bad,336,189,-2.3234859039950315,8.406698732420427,23.206591579534617,10.172048882554364,2.240050486388944
2,140.0,bad,337,189,-7.557918951209283,11.576620018657163,23.206591579534617,10.172048882554364,3.514782358804256
2,140.0,bad,354,189,-6.575044995630501,8.71126606178059,23.206591579534617,10.172048882554364,3.69060538266421
2,140.0,bad,356,189,-9.708108440820666,11.72852985513031,23.206591579534617,10.172048882554364,3.171397940224599
2,140.0,bad,358,189,-4.46425211898979,8.563878448709456,23.206591579534617,10.172048882554364,3.348300819783942
2,140.0,bad,362,189,-12.498470835492038,11.475789461841027,23.206591579534617,10.172048882554364,2.795981472674214
2,140.0,bad,363,189,-8.728089319216894,8.846935179288298,23.206591579534617,10.172048882554364,3.3213620321256867
2,140.0,bad,372,189,-10.876575939630658,9.030601536770254,23.206591579534617,10.172048882554364,3.0055040470276513
2,140.0,bad,374,189,-13.066676981411522,8.709930061765334,23.206591579534617,10.172048882554364,2.7277373294155507
2,140.0,bad,383,189,-18.551667596087043,11.568736204103327,23.206591579534617,10.172048882554364,2.180236369692697
2,140.0,bad,282,190,7.846456856472887,7.242700103953819,17.337058133288604,6.754736881467713,15.317509807055732
2,140.0,bad,286,190,4.437989347203115,7.24730004785831,17.337058133288604,6.754736881467713,11.138514091768677
2,140.0,bad,301,190,0.07372930252270837,7.853537312151644,17.337058133288604,6.754736881467713,6.224714770626823
2,140.0,bad,324,190,14.489537773159288,6.881259464230212,17.337058133288604,6.754736881467713,35.38541332048401
2,140.0,bad,341,190,11.155037429815955,6.965066941660472,17.337058133288604,6.754736881467713,22.304751907903185
2,140.0,bad,347,190,1.1126044160848338,5.845449440921806,17.337058133288604,6.754736881467713,7.968344685300285
2,140.0,bad,351,190,-1.9541512965221919,5.9205303390423305,17.337058133288604,6.754736881467713,6.807510093772444
2,140.0,bad,353,190,-4.072570879545101,6.066792758486027,17.337058133288604,6.754736881467713,5.920212400258832
2,140.0,bad,361,190,-6.222035452238913,6.2146957962007,17.337058133288604,6.754736881467713,5.186118757478103
2,140.0,bad,364,190,-8.390293677163411,6.393639146628759,17.337058133288604,6.754736881467713,4.5757390479562785
2,140.0,bad,368,190,-13.400496124439261,5.951526582069377,17.337058133288604,6.754736881467713,3.5194354010096913
2,140.0,bad,377,190,-10.450976814005944,6.523737128913284,17.337058133288604,6.754736881467713,4.0902917414548705
2,140.0,bad,379,190,-19.12804876572423,6.943393668366644,17.337058133288604,6.754736881467713,2.7052600598964442
2,140.0,bad,412,190,-22.284669015174703,6.859997893804719,17.337058133288604,6.754736881467713,2.3720243841413824
2,140.0,bad,186,191,23.29187407515548,6.516605652472205,25.620724213639548,6.386706358087569,38.20251935766072
2,140.0,bad,190,191,17.337058133288604,6.754736881467713,25.620724213639548,6.386706358087569,17.47174730640827
2,140.0,bad,282,191,7.846456856472887,7.242700103953819,25.620724213639548,6.386706358087569,7.5714259374074295
2,140.0,bad,286,191,4.437989347203115,7.24730004785831,25.620724213639548,6.386706358087569,6.006680025041102
2,140.0,bad,301,191,0.07372930252270837,7.853537312151644,25.620724213639548,6.386706358087569,3.936453882216894
2,140.0,bad,324,191,14.489537773159288,6.881259464230212,25.620724213639548,6.386706358087569,13.080222703605731
2,140.0,bad,341,191,11.155037429815955,6.965066941660472,25.620724213639548,6.386706358087569,9.757713871569273
2,140.0,bad,347,191,1.1126044160848338,5.845449440921806,25.620724213639548,6.386706358087569,4.904788759900848
2,140.0,bad,351,191,-1.9541512965221919,5.9205303390423305,25.620724213639548,6.386706358087569,4.1368312091374095
2,140.0,bad,353,191,-4.072570879545101,6.066792758486027,25.620724213639548,6.386706358087569,3.7070513017355964
2,140.0,bad,361,191,-6.222035452238913,6.2146957962007,25.620724213639548,6.386706358087569,3.3359709654125416
2,140.0,bad,364,191,-8.390293677163411,6.393639146628759,25.620724213639548,6.386706358087569,3.0153662930782827
2,140.0,bad,368,191,-13.400496124439261,5.951526582069377,25.620724213639548,6.386706358087569,2.4304946259865106
2,140.0,bad,377,191,-10.450976814005944,6.523737128913284,25.620724213639548,6.386706358087569,2.7516576984945598
2,140.0,bad,189,192,23.206591579534617,10.172048882554364,30.86064177183261,9.032427450347623,2.932855590002774
2,140.0,bad,286,192,4.437989347203115,7.24730004785831,30.86064177183261,9.032427450347623,2.2735859245083487
2,140.0,bad,297,192,0.8648890845408745,10.623192568259608,30.86064177183261,9.032427450347623,3.463965950686607
2,140.0,bad,301,192,0.07372930252270837,7.853537312151644,30.86064177183261,9.032427450347623,3.510922477750926
2,140.0,bad,336,192,-2.3234859039950315,8.406698732420427,30.86064177183261,9.032427450347623,3.131948408943583
2,140.0,bad,354,192,-6.575044995630501,8.71126606178059,30.86064177183261,9.032427450347623,2.595688163670974
2,140.0,bad,358,192,-4.46425211898979,8.563878448709456,30.86064177183261,9.032427450347623,2.843081503171874
2,140.0,bad,363,192,-8.728089319216894,8.846935179288298,30.86064177183261,9.032427450347623,2.3751820972104873
2,140.0,bad,372,192,-10.876575939630658,9.030601536770254,30.86064177183261,9.032427450347623,2.1820101293259864
2,140.0,bad,374,192,-13.066676981411522,8.709930061765334,30.86064177183261,9.032427450347623,2.0083770327319903
2,140.0,bad,186,193,23.29187407515548,6.516605652472205,29.381771951065765,6.470277921195784,22.56089512889036
2,140.0,bad,190,193,17.337058133288604,6.754736881467713,29.381771951065765,6.470277921195784,12.018602495454715
2,140.0,bad,191,193,25.620724213639548,6.386706358087569,29.381771951065765,6.470277921195784,30.843233314146275
2,140.0,bad,282,193,7.846456856472887,7.242700103953819,29.381771951065765,6.470277921195784,5.873115645968995
2,140.0,bad,286,193,4.437989347203115,7.24730004785831,29.381771951065765,6.470277921195784,4.783249913703167
2,140.0,bad,301,193,0.07372930252270837,7.853537312151644,29.381771951065765,6.470277921195784,3.780071937127117
2,140.0,bad,324,193,14.489537773159288,6.881259464230212,29.381771951065765,6.470277921195784,9.42616735126148
2,140.0,bad,336,193,-2.3234859039950315,8.406698732420427,29.381771951065765,6.470277921195784,2.2271798789736055
2,140.0,bad,341,193,11.155037429815955,6.965066941660472,29.381771951065765,6.470277921195784,7.3306354834087
2,140.0,bad,347,193,1.1126044160848338,5.845449440921806,29.381771951065765,6.470277921195784,3.9880892753169084
2,140.0,bad,351,193,-1.9541512965221919,5.9205303390423305,29.381771951065765,6.470277921195784,3.4182798715904474
2,140.0,bad,353,193,-4.072570879545101,6.066792758486027,29.381771951065765,6.470277921195784,3.0931182913363124
2,140.0,bad,361,193,-6.222035452238913,6.2146957962007,29.381771951065765,6.470277921195784,2.8084111993589715
2,140.0,bad,364,193,-8.390293677163411,6.393639146628759,29.381771951065765,6.470277921195784,2.5592626668204486
2,140.0,bad,368,193,-13.400496124439261,5.951526582069377,29.381771951065765,6.470277921195784,2.096461087151329
2,140.0,bad,377,193,-10.450976814005944,6.523737128913284,29.381771951065765,6.470277921195784,2.3519777833780764
2,140.0,bad,283,194,-1.3043759713282617,13.728568039043243,27.52066123948709,12.007926514341923,2.905433547322926
2,140.0,bad,290,194,0.7504059079650975,13.203214720152499,27.52066123948709,12.007926514341923,4.319859388595799
2,140.0,bad,294,194,-3.313937700611013,11.275583574845317,27.52066123948709,12.007926514341923,3.5027271851171546
2,140.0,bad,295,194,4.339347566135888,13.69618128868417,27.52066123948709,12.007926514341923,2.2884544360983647
2,140.0,bad,297,194,0.8648890845408745,10.623192568259608,27.52066123948709,12.007926514341923,4.247344210176554
2,140.0,bad,299,194,-1.1680127220792906,11.103612973428724,27.52066123948709,12.007926514341923,3.902071406404682
2,140.0,bad,311,194,-3.6798123820845943,13.752128555252268,27.52066123948709,12.007926514341923,2.9587165983493495
2,140.0,bad,312,194,-5.815549012348824,13.913528594227518,27.52066123948709,12.007926514341923,2.488125420904331
2,140.0,bad,321,194,-5.445405142837512,11.436610108266263,27.52066123948709,12.007926514341923,3.1638195970311314
2,140.0,bad,325,194,-7.944939434522578,14.053222573031592,27.52066123948709,12.007926514341923,2.1532043030072967
2,140.0,bad,337,194,-7.557918951209283,11.576620018657163,27.52066123948709,12.007926514341923,2.874236129054278
2,140.0,bad,356,194,-9.708108440820666,11.72852985513031,27.52066123948709,12.007926514341923,2.6184822691618512
2,140.0,bad,359,194,-10.708298472753645,13.73215775388635,27.52066123948709,12.007926514341923,2.51100231551634
2,140.0,bad,362,194,-12.498470835492038,11.475789461841027,27.52066123948709,12.007926514341923,2.3344823710806177
2,140.0,bad,215,195,-39.04140395597058,-42.40767052668596,-6.453336178038384,-42.01837680493285,3.2202310174801614
2,140.0,bad,224,195,-31.73565594119399,-41.6566211093193,-6.453336178038384,-42.01837680493285,4.691898826604361
2,140.0,bad,225,195,-46.99286424908477,-41.34025501208799,-6.453336178038384,-42.01837680493285,2.2866544329498355
2,140.0,bad,199,196,-27.729849302822807,-47.613848533174995,2.5095036783759426,-47.12912495293375,3.607122770480451
2,140.0,bad,204,196,-20.705034086764506,-46.226280307539696,2.5095036783759426,-47.12912495293375,5.294274757555262
2,140.0,bad,217,196,-34.54194196898187,-48.74578364217883,2.5095036783759426,-47.12912495293375,2.63825614760597
2,140.0,bad,221,197,-28.160216470202943,-34.36445023177608,-7.223243919907485,-34.07179337896102,6.10249283267742
2,140.0,bad,223,197,-35.64469399764114,-34.94571266107225,-7.223243919907485,-34.07179337896102,3.9565385227019445
2,140.0,bad,228,197,-42.584919719071436,-35.70651483008256,-7.223243919907485,-34.07179337896102,2.838472697872556
2,140.0,bad,436,197,-50.20527538260398,-35.67326979835543,-7.223243919907485,-34.07179337896102,2.080681901564723
2,140.0,bad,218,198,-24.595416052822006,-40.36339610084127,1.7565425448374903,-39.869813228021684,4.419847366665646
2,140.0,bad,224,198,-31.73565594119399,-41.6566211093193,1.7565425448374903,-39.869813228021684,2.8755658171810334
2,140.0,bad,217,199,-34.54194196898187,-48.74578364217883,-27.729849302822807,-47.613848533174995,2.565229972014297
2,140.0,bad,227,199,-44.140386211150044,-46.92950510576456,-27.729849302822807,-47.613848533174995,8.373527318873428
2,140.0,bad,482,199,-50.62175388657169,-47.764150098702444,-27.729849302822807,-47.613848533174995,5.398646094996284
2,140.0,bad,485,200,-53.426467236013835,-42.854113274880305,-13.948670195966617,-44.469283947006346,2.385844817510997
2,140.0,bad,478,201,-33.63303010035515,-73.09176815315634,-22.995310159960347,-72.99430218947441,13.713220923298309
2,140.0,bad,219,202,-40.412739627027314,-51.65715734923869,-17.050602009606266,-51.92189965661864,5.247532814260379
2,140.0,bad,484,202,-47.75312189613985,-52.759005102707306,-17.050602009606266,-51.92189965661864,3.5254966606980265
2,140.0,bad,227,204,-44.140386211150044,-46.92950510576456,-20.705034086764506,-46.226280307539696,5.224576580184507
2,140.0,bad,482,204,-50.62175388657169,-47.764150098702444,-20.705034086764506,-46.226280307539696,3.605076218089672
2,140.0,bad,219,206,-40.412739627027314,-51.65715734923869,-23.02157964169832,-53.17151691761822,2.2316122749197564
2,140.0,bad,484,206,-47.75312189613985,-52.759005102707306,-23.02157964169832,-53.17151691761822,4.841888283690744
2,140.0,bad,219,207,-40.412739627027314,-51.65715734923869,-10.703290581345545,-50.742848659965425,3.704035830524119
2,140.0,bad,484,207,-47.75312189613985,-52.759005102707306,-10.703290581345545,-50.742848659965425,2.3298206662981316
2,140.0,bad,483,210,-56.274246616699145,-37.8872523198739,-17.348431953034833,-37.997590817273036,2.439982830413926
2,140.0,bad,486,211,-44.92361332502246,-57.52494779895085,-40.34553617976927,-57.53113997534166,27.482890893225846
2,140.0,bad,222,212,-46.15312636029224,-29.332650164206775,-14.50351729271758,-29.848171596906298,3.3669839271654687
2,140.0,bad,232,212,-38.999551707893076,-28.653249147170246,-14.50351729271758,-29.848171596906298,4.908226061150914
2,140.0,bad,447,212,-53.47084896676167,-30.995005923975512,-14.50351729271758,-29.848171596906298,2.4358470997119905
2,140.0,bad,443,213,-60.06370294110706,-19.327996577001137,-28.405130225638267,-19.302625657940176,3.3655351395826734
2,140.0,bad,220,214,-42.55120895672209,-22.04924860390968,-16.57402449572615,-21.373028926413316,4.512410033399527
2,140.0,bad,230,214,-34.750878116710275,-22.295408260574266,-16.57402449572615,-21.373028926413316,7.332350037127447
2,140.0,bad,443,214,-60.06370294110706,-19.327996577001137,-16.57402449572615,-21.373028926413316,2.041375638785033
2,140.0,bad,445,214,-49.443271648851244,-23.32080915940153,-16.57402449572615,-21.373028926413316,2.294261003530972
2,140.0,bad,225,215,-46.99286424908477,-41.34025501208799,-39.04140395597058,-42.40767052668596,4.433103117532464
2,140.0,bad,485,215,-53.426467236013835,-42.854113274880305,-39.04140395597058,-42.40767052668596,9.822343730729449
2,140.0,bad,222,216,-46.15312636029224,-29.332650164206775,-31.66386518923649,-27.977950723687055,2.919842528832188
2,140.0,bad,232,216,-38.999551707893076,-28.653249147170246,-31.66386518923649,-27.977950723687055,13.197815705945798
2,140.0,bad,441,216,-61.81645876187518,-28.208567948235434,-31.66386518923649,-27.977950723687055,3.6227277371556683
2,140.0,bad,482,217,-50.62175388657169,-47.764150098702444,-34.54194196898187,-48.74578364217883,7.362715984848406
2,140.0,bad,225,218,-46.99286424908477,-41.34025501208799,-24.595416052822006,-40.36339610084127,5.564694078275334
2,140.0,bad,484,219,-47.75312189613985,-52.759005102707306,-40.412739627027314,-51.65715734923869,3.440130007601909
2,140.0,bad,438,220,-64.49789979066965,-23.26629739959194,-42.55120895672209,-22.04924860390968,5.2714634124436905
2,140.0,bad,223,221,-35.64469399764114,-34.94571266107225,-28.160216470202943,-34.36445023177608,15.406551650359493
2,140.0,bad,228,221,-42.584919719071436,-35.70651483008256,-28.160216470202943,-34.36445023177608,3.0405668347579606
2,140.0,bad,436,221,-50.20527538260398,-35.67326979835543,-28.160216470202943,-34.36445023177608,4.723235268672068
2,140.0,bad,444,221,-59.161237148179,-32.79901802011371,-28.160216470202943,-34.36445023177608,3.4615130841101007
2,140.0,bad,441,222,-61.81645876187518,-28.208567948235434,-46.15312636029224,-29.332650164206775,5.853402931348779
2,140.0,bad,228,223,-42.584919719071436,-35.70651483008256,-35.64469399764114,-34.94571266107225,11.066307402623728
2,140.0,bad,436,223,-50.20527538260398,-35.67326979835543,-35.64469399764114,-34.94571266107225,9.682457871016613
2,140.0,bad,215,224,-39.04140395597058,-42.40767052668596,-31.73565594119399,-41.6566211093193,11.324959974282928
2,140.0,bad,225,224,-46.99286424908477,-41.34025501208799,-31.73565594119399,-41.6566211093193,9.155713827023046
2,140.0,bad,485,224,-53.426467236013835,-42.854113274880305,-31.73565594119399,-41.6566211093193,5.392921089656153
2,140.0,bad,444,226,-59.161237148179,-32.79901802011371,-21.554164547299525,-31.322026544393946,2.577032808586167
2,140.0,bad,447,226,-53.47084896676167,-30.995005923975512,-21.554164547299525,-31.322026544393946,3.3242146267553516
2,140.0,bad,482,227,-50.62175388657169,-47.764150098702444,-44.140386211150044,-46.92950510576456,9.078463063316871
2,140.0,bad,436,228,-50.20527538260398,-35.67326979835543,-42.584919719071436,-35.70651483008256,18.81193897917704
2,140.0,bad,437,229,-56.49144144681595,-24.438542993968596,-25.03078846099711,-24.933948023660875,3.397743782889562
2,140.0,bad,438,229,-64.49789979066965,-23.26629739959194,-25.03078846099711,-24.933948023660875,2.386875692354649
2,140.0,bad,445,229,-49.443271648851244,-23.32080915940153,-25.03078846099711,-24.933948023660875,2.9868099733800446
2,140.0,bad,220,230,-42.55120895672209,-22.04924860390968,-34.750878116710275,-22.295408260574266,18.433455440881687
2,140.0,bad,438,230,-64.49789979066965,-23.26629739959194,-34.750878116710275,-22.295408260574266,3.6970363333511265
2,140.0,bad,445,230,-49.443271648851244,-23.32080915940153,-34.750878116710275,-22.295408260574266,6.909336574883089
2,140.0,bad,433,231,-46.66948625227329,-15.705768037761539,-38.99587395362039,-15.21633540378424,17.237596783279376
2,140.0,bad,435,231,-64.39933595462688,-16.06714490442535,-38.99587395362039,-15.21633540378424,4.659844634800042
2,140.0,bad,222,232,-46.15312636029224,-29.332650164206775,-38.999551707893076,-28.653249147170246,13.130879493567505
2,140.0,bad,441,232,-61.81645876187518,-28.208567948235434,-38.999551707893076,-28.653249147170246,5.423349688727214
2,140.0,bad,113,233,39.584309326223156,15.004851405331811,44.13725128811649,15.0309713313244,27.577907289517476
2,140.0,bad,180,233,35.05788948529957,14.995052511763555,44.13725128811649,15.0309713313244,16.04483350028282
2,140.0,bad,181,233,37.312462653685316,15.048745074981882,44.13725128811649,15.0309713313244,20.63306127753007
2,140.0,bad,183,233,41.85276638700564,15.045140666325223,44.13725128811649,15.0309713313244,38.70338946974201
2,140.0,bad,239,233,31.163637500682853,15.023870161629667,44.13725128811649,15.0309713313244,11.066346653103015
2,140.0,bad,277,233,7.633838301026843,13.949985755416296,44.13725128811649,15.0309713313244,2.7008051073266666
2,140.0,bad,290,233,0.7504059079650975,13.203214720152499,44.13725128811649,15.0309713313244,2.0492473564798197
2,140.0,bad,295,233,4.339347566135888,13.69618128868417,44.13725128811649,15.0309713313244,2.3552704296202642
2,140.0,bad,307,233,0.6159858229985513,15.84628270946906,44.13725128811649,15.0309713313244,2.038966803925117
2,140.0,bad,314,233,26.876518454139052,15.040814171125296,44.13725128811649,15.0309713313244,7.859372065308211
2,140.0,bad,328,233,17.400625659114212,13.766952095661114,44.13725128811649,15.0309713313244,4.327772041338447
2,140.0,bad,333,233,10.885970344494089,13.842554534085167,44.13725128811649,15.0309713313244,3.1222304403401036
2,140.0,bad,345,233,14.173828937361352,13.840261260797224,44.13725128811649,15.0309713313244,3.6571060661791144
2,140.0,bad,350,233,23.12930994115085,13.775528230638082,44.13725128811649,15.0309713313244,5.0500326947556395
2,140.0,bad,271,234,24.75318453539159,31.42274708985844,29.36343105878784,31.083572277316453,24.907903498316628
2,140.0,bad,284,234,-2.4875979751491,29.137048678259326,29.36343105878784,31.083572277316453,2.2002215118052457
2,140.0,bad,292,234,-6.009305406763195,29.12574463838302,29.36343105878784,31.083572277316453,2.428441749388603
2,140.0,bad,317,234,22.584075760955123,32.10006427885562,29.36343105878784,31.083572277316453,4.851053943163267
2,140.0,bad,329,234,-0.032967102612463606,31.387265258597296,29.36343105878784,31.083572277316453,3.7631355832889484
2,140.0,bad,331,234,7.022767150810143,32.50541275544972,29.36343105878784,31.083572277316453,3.986123955603152
2,140.0,bad,339,234,-12.434024094248542,28.881234901000862,29.36343105878784,31.083572277316453,2.0296540570405974
2,140.0,bad,340,234,-1.867127337122641,32.07005166060774,29.36343105878784,31.083572277316453,3.4357730499126173
2,140.0,bad,342,234,-4.151269209901903,31.2399498721562,29.36343105878784,31.083572277316453,3.084543569794585
2,140.0,bad,240,235,23.86034030771204,21.344514785263385,28.97537928777008,21.26804276390224,25.564915344635956
2,140.0,bad,251,235,26.217719918275424,21.077686187346906,28.97537928777008,21.26804276390224,34.53092236970782
2,140.0,bad,279,235,-5.909958541482948,21.668731218976223,28.97537928777008,21.26804276390224,2.899037982948315
2,140.0,bad,298,235,0.4124812293193294,20.801553228736843,28.97537928777008,21.26804276390224,3.927566737370363
2,140.0,bad,303,235,-3.735772447716755,21.49608053433581,28.97537928777008,21.26804276390224,3.2016977935679094
2,140.0,bad,304,235,-1.680919449022218,21.369002044612106,28.97537928777008,21.26804276390224,3.5335173188734927
2,140.0,bad,309,235,7.33991503370499,20.567951161590955,28.97537928777008,21.26804276390224,5.835989174815329
2,140.0,bad,310,235,-8.460280548679233,21.32006585482837,28.97537928777008,21.26804276390224,2.595691111012018
2,140.0,bad,326,235,17.18664177480722,20.876581625980922,28.97537928777008,21.26804276390224,12.302652807138347
2,140.0,bad,327,235,10.562107282693354,20.650987461473218,28.97537928777008,21.26804276390224,7.234697952756099
2,140.0,bad,344,235,13.85953848727955,20.819572826016554,28.97537928777008,21.26804276390224,9.259071948381328
2,140.0,bad,242,236,31.652377246489856,24.666761239357847,36.172189135342734,24.64200635190423,27.703900717462282
2,140.0,bad,253,236,27.80069989857234,24.440553445820804,36.172189135342734,24.64200635190423,17.305102524058977
2,140.0,bad,254,236,25.11068970852117,24.609578415133612,36.172189135342734,24.64200635190423,13.166923999988192
2,140.0,bad,262,236,22.747649940650696,24.791223390631806,36.172189135342734,24.64200635190423,10.644390274328583
2,140.0,bad,263,236,33.9132256634238,24.681546488395437,36.172189135342734,24.64200635190423,38.86470718808061
2,140.0,bad,273,236,-6.841197606641166,23.743401780737756,36.172189135342734,24.64200635190423,2.078221350650356
2,140.0,bad,276,236,4.021306081961685,24.029483704635705,36.172189135342734,24.64200635190423,3.287377263236054
2,140.0,bad,278,236,-2.020624066187601,23.927502307905918,36.172189135342734,24.64200635190423,2.5147704296536686
2,140.0,bad,281,236,-4.206746211107241,24.111234947971752,36.172189135342734,24.64200635190423,2.301255986397261
2,140.0,bad,285,236,-4.468841015228126,26.7045299326738,36.172189135342734,24.64200635190423,2.254861496701152
2,140.0,bad,288,236,0.18060924094378628,26.112775525380787,36.172189135342734,24.64200635190423,2.7612532796228777
2,140.0,bad,291,236,-6.917445488946065,26.37528605227451,36.172189135342734,24.64200635190423,2.0722561114039495
2,140.0,bad,300,236,-1.9869942214511607,26.594226134539106,36.172189135342734,24.64200635190423,2.4744931593379227
2,140.0,bad,306,236,0.28370388442413663,23.496825395136916,36.172189135342734,24.64200635190423,2.773674269159857
2,140.0,bad,334,236,7.482427389943522,25.163497917695228,36.172189135342734,24.64200635190423,3.9018519917415158
2,140.0,bad,234,237,29.36343105878784,31.083572277316453,38.45409769488046,31.084804105386386,16.025836734334874
2,140.0,bad,249,237,36.272093950437345,30.83619743405403,38.45409769488046,31.084804105386386,33.79632010159507
2,140.0,bad,252,237,31.64383352463945,31.071911041888576,38.45409769488046,31.084804105386386,20.668731582732768
2,140.0,bad,268,237,33.92104845299052,30.97054799229625,38.45409769488046,31.084804105386386,27.653455791168753
2,140.0,bad,271,237,24.75318453539159,31.42274708985844,38.45409769488046,31.084804105386386,10.397591333061486
2,140.0,bad,284,237,-2.4875979751491,29.137048678259326,38.45409769488046,31.084804105386386,2.2506922109676983
2,140.0,bad,317,237,22.584075760955123,32.10006427885562,38.45409769488046,31.084804105386386,7.040730654666646
2,140.0,bad,329,237,-0.032967102612463606,31.387265258597296,38.45409769488046,31.084804105386386,2.48434046298734
2,140.0,bad,331,237,7.022767150810143,32.50541275544972,38.45409769488046,31.084804105386386,3.402554895579323
2,140.0,bad,340,237,-1.867127337122641,32.07005166060774,38.45409769488046,31.084804105386386,2.306537350678183
2,140.0,bad,342,237,-4.151269209901903,31.2399498721562,38.45409769488046,31.084804105386386,2.110584740945435
2,140.0,bad,236,238,36.172189135342734,24.64200635190423,40.72911580179836,24.65630601997882,27.562811414501613
2,140.0,bad,242,238,31.652377246489856,24.666761239357847,40.72911580179836,24.65630601997882,16.049246462514773
2,140.0,bad,253,238,27.80069989857234,24.440553445820804,40.72911580179836,24.65630601997882,11.110018963029637
2,140.0,bad,254,238,25.11068970852117,24.609578415133612,40.72911580179836,24.65630601997882,8.899344369837657
2,140.0,bad,262,238,22.747649940650696,24.791223390631806,40.72911580179836,24.65630601997882,7.459710574380522
2,140.0,bad,263,238,33.9132256634238,24.681546488395437,40.72911580179836,24.65630601997882,20.654903926563936
2,140.0,bad,264,238,38.45828788357224,24.666771102234645,40.72911580179836,24.65630601997882,38.789588326328925
2,140.0,bad,276,238,4.021306081961685,24.029483704635705,40.72911580179836,24.65630601997882,2.6772189931847685
2,140.0,bad,278,238,-2.020624066187601,23.927502307905918,40.72911580179836,24.65630601997882,2.099047456201628
2,140.0,bad,288,238,0.18060924094378628,26.112775525380787,40.72911580179836,24.65630601997882,2.2858421881745494
2,140.0,bad,300,238,-1.9869942214511607,26.594226134539106,40.72911580179836,24.65630601997882,2.101726453434106
2,140.0,bad,306,238,0.28370388442413663,23.496825395136916,40.72911580179836,24.65630601997882,2.2951948282733934
2,140.0,bad,334,238,7.482427389943522,25.163497917695228,40.72911580179836,24.65630601997882,3.122893598809026
2,140.0,bad,277,239,7.633838301026843,13.949985755416296,31.163637500682853,15.023870161629667,5.195184754555178
2,140.0,bad,283,239,-1.3043759713282617,13.728568039043243,31.163637500682853,15.023870161629667,3.238463518519521
2,140.0,bad,289,239,-4.061776509515715,16.225062336652016,31.163637500682853,15.023870161629667,2.855602802399794
2,140.0,bad,290,239,0.7504059079650975,13.203214720152499,31.163637500682853,15.023870161629667,2.5956102102201104
2,140.0,bad,293,239,-8.326485868006316,16.555515892138896,31.163637500682853,15.023870161629667,2.3846564977838747
2,140.0,bad,295,239,4.339347566135888,13.69618128868417,31.163637500682853,15.023870161629667,4.307191085675478
2,140.0,bad,296,239,-1.945491520511558,16.07898666998556,31.163637500682853,15.023870161629667,3.142855437118946
2,140.0,bad,302,239,-6.229625749110586,16.416875502120337,31.163637500682853,15.023870161629667,2.600337242490741
2,140.0,bad,307,239,0.6159858229985513,15.84628270946906,31.163637500682853,15.023870161629667,3.5524787425686877
2,140.0,bad,311,239,-3.6798123820845943,13.752128555252268,31.163637500682853,15.023870161629667,2.9044564538230007
2,140.0,bad,312,239,-5.815549012348824,13.913528594227518,31.163637500682853,15.023870161629667,2.646378242970336
2,140.0,bad,314,239,26.876518454139052,15.040814171125296,31.163637500682853,15.023870161629667,28.613670716164908
2,140.0,bad,325,239,-7.944939434522578,14.053222573031592,31.163637500682853,15.023870161629667,2.421855365350739
2,140.0,bad,328,239,17.400625659114212,13.766952095661114,31.163637500682853,15.023870161629667,3.836904139380256
2,140.0,bad,333,239,10.885970344494089,13.842554534085167,31.163637500682853,15.023870161629667,5.55657446668662
2,140.0,bad,345,239,14.173828937361352,13.840261260797224,31.163637500682853,15.023870161629667,5.3779563803870065
2,140.0,bad,349,239,-11.072612204116961,16.206056747286784,31.163637500682853,15.023870161629667,2.14051819318578
2,140.0,bad,359,239,-10.708298472753645,13.73215775388635,31.163637500682853,15.023870161629667,2.1706909107671475
2,140.0,bad,279,240,-5.909958541482948,21.668731218976223,23.86034030771204,21.344514785263385,3.6927099198701074
2,140.0,bad,298,240,0.4124812293193294,20.801553228736843,23.86034030771204,21.344514785263385,5.220670122549259
2,140.0,bad,303,240,-3.735772447716755,21.49608053433581,23.86034030771204,21.344514785263385,4.132158913046303
2,140.0,bad,304,240,-1.680919449022218,21.369002044612106,23.86034030771204,21.344514785263385,4.623781121226768
2,140.0,bad,309,240,7.33991503370499,20.567951161590955,23.86034030771204,21.344514785263385,8.304279041137477
2,140.0,bad,310,240,-8.460280548679233,21.32006585482837,23.86034030771204,21.344514785263385,3.2610603899481116
2,140.0,bad,326,240,17.18664177480722,20.876581625980922,23.86034030771204,21.344514785263385,18.67480788726975
2,140.0,bad,327,240,10.562107282693354,20.650987461473218,23.86034030771204,21.344514785263385,10.645847984207933
2,140.0,bad,344,240,13.85953848727955,20.819572826016554,23.86034030771204,21.344514785263385,14.46626541461944
2,140.0,bad,355,240,-15.755847633206985,20.42723962502334,23.86034030771204,21.344514785263385,2.372554044695453
2,140.0,bad,360,240,-19.157162413403018,20.267742895670946,23.86034030771204,21.344514785263385,2.077898680466685
2,140.0,bad,245,241,40.73221224497667,18.217576357046916,43.00770495099433,18.223552132107507,38.76011320511508
2,140.0,bad,248,241,30.109607184618334,18.182240529436907,43.00770495099433,18.223552132107507,11.139458794350897
2,140.0,bad,255,241,26.186366426788762,18.064104540790346,43.00770495099433,18.223552132107507,8.118990004944889
2,140.0,bad,258,241,33.902358546045576,18.222529151011784,43.00770495099433,18.223552132107507,16.001218997120755
2,140.0,bad,259,241,36.19177530119023,18.203267980352315,43.00770495099433,18.223552132107507,20.654806863381655
2,140.0,bad,269,241,38.45613654113182,18.25000988875652,43.00770495099433,18.223552132107507,27.583113804343462
2,140.0,bad,274,241,0.04872293711063769,18.17625900659112,43.00770495099433,18.223552132107507,2.082493454797676
2,140.0,bad,280,241,4.120291365049014,19.46120463015655,43.00770495099433,18.223552132107507,2.4438175503681965
2,140.0,bad,343,241,22.964659930379195,17.49491493696176,43.00770495099433,18.223552132107507,6.471053714338787
2,140.0,bad,253,242,27.80069989857234,24.440553445820804,31.652377246489856,24.666761239357847,29.880833035288738
2,140.0,bad,254,242,25.11068970852117,24.609578415133612,31.652377246489856,24.666761239357847,21.345349784106947
2,140.0,bad,262,242,22.747649940650696,24.791223390631806,31.652377246489856,24.666761239357847,16.342634488112452
2,140.0,bad,273,242,-6.841197606641166,23.743401780737756,31.652377246489856,24.666761239357847,2.483673483533018
2,140.0,bad,276,242,4.021306081961685,24.029483704635705,31.652377246489856,24.666761239357847,4.12448511582628
2,140.0,bad,278,242,-2.020624066187601,23.927502307905918,31.652377246489856,24.666761239357847,3.0622230738634535
2,140.0,bad,281,242,-4.206746211107241,24.111234947971752,31.652377246489856,24.666761239357847,2.7772271552998835
2,140.0,bad,285,242,-4.468841015228126,26.7045299326738,31.652377246489856,24.666761239357847,2.2219733115031612
2,140.0,bad,288,242,0.18060924094378628,26.112775525380787,31.652377246489856,24.666761239357847,3.395922740282432
2,140.0,bad,291,242,-6.917445488946065,26.37528605227451,31.652377246489856,24.666761239357847,2.475881558972233
2,140.0,bad,300,242,-1.9869942214511607,26.594226134539106,31.652377246489856,24.666761239357847,2.430312669926296
2,140.0,bad,306,242,0.28370388442413663,23.496825395136916,31.652377246489856,24.666761239357847,3.412869751566576
2,140.0,bad,334,242,7.482427389943522,25.163497917695228,31.652377246489856,24.666761239357847,5.002351661143008
2,140.0,bad,250,243,27.264888080888475,27.830697408371364,30.521545734117687,27.85694505683989,33.234933950215876
2,140.0,bad,261,243,22.9348350828244,28.418168436893318,30.521545734117687,27.85694505683989,15.803594889740879
2,140.0,bad,270,243,25.036835902725997,28.2891159800716,30.521545734117687,27.85694505683989,20.886915264311813
2,140.0,bad,284,243,-2.4875979751491,29.137048678259326,30.521545734117687,27.85694505683989,3.1574851003663316
2,140.0,bad,285,243,-4.468841015228126,26.7045299326738,30.521545734117687,27.85694505683989,2.885515748875859
2,140.0,bad,288,243,0.18060924094378628,26.112775525380787,30.521545734117687,27.85694505683989,2.914452096607506
2,140.0,bad,291,243,-6.917445488946065,26.37528605227451,30.521545734117687,27.85694505683989,2.5953265608066105
2,140.0,bad,292,243,-6.009305406763195,29.12574463838302,30.521545734117687,27.85694505683989,2.6976208433359856
2,140.0,bad,300,243,-1.9869942214511607,26.594226134539106,30.521545734117687,27.85694505683989,3.232291536293539
2,140.0,bad,315,243,16.90030795805074,28.040219964937627,30.521545734117687,27.85694505683989,10.467852616684329
2,140.0,bad,322,243,10.421322104306235,27.761382710740612,30.521545734117687,27.85694505683989,6.446492141439535
2,140.0,bad,323,243,5.1902152989366,28.178894508855883,30.521545734117687,27.85694505683989,4.678890903078874
2,140.0,bad,332,243,13.683608466726996,27.90113734779347,30.521545734117687,27.85694505683989,8.10895023520439
2,140.0,bad,339,243,-12.434024094248542,28.881234901000862,30.521545734117687,27.85694505683989,2.082761833854387
2,140.0,bad,346,243,0.09094870249887421,28.771644445521005,30.521545734117687,27.85694505683989,3.5730787897532332
2,140.0,bad,243,244,30.521545734117687,27.85694505683989,37.32106597471941,27.853570630217785,20.695176910177203
2,140.0,bad,250,244,27.264888080888475,27.830697408371364,37.32106597471941,27.853570630217785,14.519997976802712
2,140.0,bad,257,244,35.05453401568244,27.855773111258213,37.32106597471941,27.853570630217785,38.81676270110119
2,140.0,bad,260,244,32.77362015684663,27.865686643798895,37.32106597471941,27.853570630217785,27.598749543854872
2,140.0,bad,261,244,22.9348350828244,28.418168436893318,37.32106597471941,27.853570630217785,9.821403166323023
2,140.0,bad,270,244,25.036835902725997,28.2891159800716,37.32106597471941,27.853570630217785,11.761633291020534
2,140.0,bad,284,244,-2.4875979751491,29.137048678259326,37.32106597471941,27.853570630217785,2.3542529155139125
2,140.0,bad,285,244,-4.468841015228126,26.7045299326738,37.32106597471941,27.853570630217785,2.177572582957977
2,140.0,bad,288,244,0.18060924094378628,26.112775525380787,37.32106597471941,27.853570630217785,2.62830239008243
2,140.0,bad,292,244,-6.009305406763195,29.12574463838302,37.32106597471941,27.853570630217785,2.0535897401903256
2,140.0,bad,300,244,-1.9869942214511607,26.594226134539106,37.32106597471941,27.853570630217785,2.4022990357362377
2,140.0,bad,315,244,16.90030795805074,28.040219964937627,37.32106597471941,27.853570630217785,6.311358342627369
2,140.0,bad,322,244,10.421322104306235,27.761382710740612,37.32106597471941,27.853570630217785,4.2895940941740855
2,140.0,bad,323,244,5.1902152989366,28.178894508855883,37.32106597471941,27.853570630217785,3.2905041708448413
2,140.0,bad,332,244,13.683608466726996,27.90113734779347,37.32106597471941,27.853570630217785,5.161983091735476
2,140.0,bad,346,244,0.09094870249887421,28.771644445521005,37.32106597471941,27.853570630217785,2.618332847759026
2,140.0,bad,248,245,30.109607184618334,18.182240529436907,40.73221224497667,18.217576357046916,13.733329890801121
2,140.0,bad,255,245,26.186366426788762,18.064104540790346,40.73221224497667,18.217576357046916,9.694086668160958
2,140.0,bad,258,245,33.902358546045576,18.222529151011784,40.73221224497667,18.217576357046916,20.620643812483845
2,140.0,bad,259,245,36.19177530119023,18.203267980352315,40.73221224497667,18.217576357046916,27.62536260670941
2,140.0,bad,269,245,38.45613654113182,18.25000988875652,40.73221224497667,18.217576357046916,38.75643181282786
2,140.0,bad,274,245,0.04872293711063769,18.17625900659112,40.73221224497667,18.217576357046916,2.273682868038263
2,140.0,bad,280,245,4.120291365049014,19.46120463015655,40.73221224497667,18.217576357046916,2.6882453346337987
2,140.0,bad,296,245,-1.945491520511558,16.07898666998556,40.73221224497667,18.217576357046916,2.103513981848275
2,140.0,bad,305,245,-2.3390985069999086,18.59093888183812,40.73221224497667,18.217576357046916,2.073687329554715
2,140.0,bad,343,245,22.964659930379195,17.49491493696176,40.73221224497667,18.217576357046916,7.575088384463019
2,140.0,bad,235,246,28.97537928777008,21.26804276390224,35.07062009879716,21.438491796176002,22.545919100515558
2,140.0,bad,240,246,23.86034030771204,21.344514785263385,35.07062009879716,21.438491796176002,12.982852021976491
2,140.0,bad,247,246,32.78591764209324,21.421491639657457,35.07062009879716,21.438491796176002,38.70201864870318
2,140.0,bad,251,246,26.217719918275424,21.077686187346906,35.07062009879716,21.438491796176002,16.432610667796794
2,140.0,bad,279,246,-5.909958541482948,21.668731218976223,35.07062009879716,21.438491796176002,2.2472603070060906
2,140.0,bad,298,246,0.4124812293193294,20.801553228736843,35.07062009879716,21.438491796176002,2.928610817738737
2,140.0,bad,303,246,-3.735772447716755,21.49608053433581,35.07062009879716,21.438491796176002,2.4519380023510764
2,140.0,bad,304,246,-1.680919449022218,21.369002044612106,35.07062009879716,21.438491796176002,2.6722129731277002
2,140.0,bad,306,246,0.28370388442413663,23.496825395136916,35.07062009879716,21.438491796176002,2.0524421756827773
2,140.0,bad,309,246,7.33991503370499,20.567951161590955,35.07062009879716,21.438491796176002,4.102731164233751
2,140.0,bad,310,246,-8.460280548679233,21.32006585482837,35.07062009879716,21.438491796176002,2.0382328708626343
2,140.0,bad,326,246,17.18664177480722,20.876581625980922,35.07062009879716,21.438491796176002,7.51196280800714
2,140.0,bad,327,246,10.562107282693354,20.650987461473218,35.07062009879716,21.438491796176002,4.904677038946941
2,140.0,bad,344,246,13.85953848727955,20.819572826016554,35.07062009879716,21.438491796176002,5.995774122595912
2,140.0,bad,235,247,28.97537928777008,21.26804276390224,32.78591764209324,21.421491639657457,30.622573473633878
2,140.0,bad,240,247,23.86034030771204,21.344514785263385,32.78591764209324,21.421491639657457,16.306645446089302
2,140.0,bad,251,247,26.217719918275424,21.077686187346906,32.78591764209324,21.421491639657457,21.169946512299507
2,140.0,bad,279,247,-5.909958541482948,21.668731218976223,32.78591764209324,21.421491639657457,2.4630800861634836
2,140.0,bad,298,247,0.4124812293193294,20.801553228736843,32.78591764209324,21.421491639657457,3.2529360840557944
2,140.0,bad,303,247,-3.735772447716755,21.49608053433581,32.78591764209324,21.421491639657457,2.6986833789194566
2,140.0,bad,304,247,-1.680919449022218,21.369002044612106,32.78591764209324,21.421491639657457,2.9538635059454164
2,140.0,bad,309,247,7.33991503370499,20.567951161590955,32.78591764209324,21.421491639657457,4.648666298637655
2,140.0,bad,310,247,-8.460280548679233,21.32006585482837,32.78591764209324,21.421491639657457,2.2240246593326067
2,140.0,bad,326,247,17.18664177480722,20.876581625980922,32.78591764209324,21.421491639657457,8.912664137321366
2,140.0,bad,327,247,10.562107282693354,20.650987461473218,32.78591764209324,21.421491639657457,5.624826305052897
2,140.0,bad,344,247,13.85953848727955,20.819572826016554,32.78591764209324,21.421491639657457,6.980310686679897
2,140.0,bad,255,248,26.186366426788762,18.064104540790346,30.109607184618334,18.182240529436907,30.12882786085782
2,140.0,bad,274,248,0.04872293711063769,18.17625900659112,30.109607184618334,18.182240529436907,3.6393333717918335
2,140.0,bad,275,248,-4.455316568118902,18.717291809345113,30.109607184618334,18.182240529436907,2.9408750057858315
2,140.0,bad,280,248,4.120291365049014,19.46120463015655,30.109607184618334,18.182240529436907,4.50936843971107
2,140.0,bad,287,248,-6.609277238362222,18.875267402094188,30.109607184618334,18.182240529436907,2.675949875063747
2,140.0,bad,289,248,-4.061776509515715,16.225062336652016,30.109607184618334,18.182240529436907,2.36198060497768
2,140.0,bad,293,248,-8.326485868006316,16.555515892138896,30.109607184618334,18.182240529436907,2.4895720079136345
2,140.0,bad,302,248,-6.229625749110586,16.416875502120337,30.109607184618334,18.182240529436907,2.719976932788755
2,140.0,bad,305,248,-2.3390985069999086,18.59093888183812,30.109607184618334,18.182240529436907,3.241410216739096
2,140.0,bad,308,248,-9.306561592689192,18.539101088488998,30.109607184618334,18.182240529436907,2.3917994336174027
2,140.0,bad,343,248,22.964659930379195,17.49491493696176,30.109607184618334,18.182240529436907,12.932042932091578
2,140.0,bad,349,248,-11.072612204116961,16.206056747286784,30.109607184618334,18.182240529436907,2.229588285453367
2,140.0,bad,234,249,29.36343105878784,31.083572277316453,36.272093950437345,30.83619743405403,20.428871214511783
2,140.0,bad,252,249,31.64383352463945,31.071911041888576,36.272093950437345,30.83619743405403,27.271618644965457
2,140.0,bad,268,249,33.92104845299052,30.97054799229625,36.272093950437345,30.83619743405403,37.98232947428994
2,140.0,bad,271,249,24.75318453539159,31.42274708985844,36.272093950437345,30.83619743405403,12.581472838591038
2,140.0,bad,284,249,-2.4875979751491,29.137048678259326,36.272093950437345,30.83619743405403,2.456637042005292
2,140.0,bad,292,249,-6.009305406763195,29.12574463838302,36.272093950437345,30.83619743405403,2.1368227327214564
2,140.0,bad,317,249,22.584075760955123,32.10006427885562,36.272093950437345,30.83619743405403,3.726697835415649
2,140.0,bad,329,249,-0.032967102612463606,31.387265258597296,36.272093950437345,30.83619743405403,2.723992952686626
2,140.0,bad,331,249,7.022767150810143,32.50541275544972,36.272093950437345,30.83619743405403,3.163835563571688
2,140.0,bad,340,249,-1.867127337122641,32.07005166060774,36.272093950437345,30.83619743405403,2.520372779476499
2,140.0,bad,342,249,-4.151269209901903,31.2399498721562,36.272093950437345,30.83619743405403,2.297202518926925
2,140.0,bad,346,249,0.09094870249887421,28.771644445521005,36.272093950437345,30.83619743405403,2.1411239809585307
2,140.0,bad,261,250,22.9348350828244,28.418168436893318,27.264888080888475,27.830697408371364,16.60751167629105
2,140.0,bad,270,250,25.036835902725997,28.2891159800716,27.264888080888475,27.830697408371364,23.317324419489317
2,140.0,bad,284,250,-2.4875979751491,29.137048678259326,27.264888080888475,27.830697408371364,3.6960200129847567
2,140.0,bad,285,250,-4.468841015228126,26.7045299326738,27.264888080888475,27.830697408371364,3.353424374974692
2,140.0,bad,288,250,0.18060924094378628,26.112775525380787,27.264888080888475,27.830697408371364,2.736474630668398
2,140.0,bad,291,250,-6.917445488946065,26.37528605227451,27.264888080888475,27.830697408371364,2.9920276429196795
2,140.0,bad,292,250,-6.009305406763195,29.12574463838302,27.264888080888475,27.830697408371364,3.118925038304222
2,140.0,bad,300,250,-1.9869942214511607,26.594226134539106,27.264888080888475,27.830697408371364,3.7908964889805428
2,140.0,bad,315,250,16.90030795805074,28.040219964937627,27.264888080888475,27.830697408371364,14.083544861895358
2,140.0,bad,322,250,10.421322104306235,27.761382710740612,27.264888080888475,27.830697408371364,8.105549931576267
2,140.0,bad,323,250,5.1902152989366,28.178894508855883,27.264888080888475,27.830697408371364,5.67725541183537
2,140.0,bad,332,250,13.683608466726996,27.90113734779347,27.264888080888475,27.830697408371364,10.503357944484296
2,140.0,bad,338,250,-15.824930714977572,29.33240946005992,27.264888080888475,27.830697408371364,2.0722417338821133
2,140.0,bad,339,250,-12.434024094248542,28.881234901000862,27.264888080888475,27.830697408371364,2.3646623479432045
2,140.0,bad,346,250,0.09094870249887421,28.771644445521005,27.264888080888475,27.830697408371364,4.226547257405657
2,140.0,bad,240,251,23.86034030771204,21.344514785263385,26.217719918275424,21.077686187346906,32.46031270217026
2,140.0,bad,279,251,-5.909958541482948,21.668731218976223,26.217719918275424,21.077686187346906,3.290999739717325
2,140.0,bad,280,251,4.120291365049014,19.46120463015655,26.217719918275424,21.077686187346906,2.564111730544872
2,140.0,bad,298,251,0.4124812293193294,20.801553228736843,26.217719918275424,21.077686187346906,4.555853555330479
2,140.0,bad,303,251,-3.735772447716755,21.49608053433581,26.217719918275424,21.077686187346906,3.6589241560733052
2,140.0,bad,304,251,-1.680919449022218,21.369002044612106,26.217719918275424,21.077686187346906,4.066452142003566
2,140.0,bad,309,251,7.33991503370499,20.567951161590955,26.217719918275424,21.077686187346906,7.003813072821508
2,140.0,bad,310,251,-8.460280548679233,21.32006585482837,26.217719918275424,21.077686187346906,2.9260075696264636
2,140.0,bad,326,251,17.18664177480722,20.876581625980922,26.217719918275424,21.077686187346906,16.12635132257484
2,140.0,bad,327,251,10.562107282693354,20.650987461473218,26.217719918275424,21.077686187346906,8.873564747030198
2,140.0,bad,344,251,13.85953848727955,20.819572826016554,26.217719918275424,21.077686187346906,11.683956998527066
2,140.0,bad,355,251,-15.755847633206985,20.42723962502334,26.217719918275424,21.077686187346906,2.1622098671620433
2,140.0,bad,234,252,29.36343105878784,31.083572277316453,31.64383352463945,31.071911041888576,38.729126467418446
2,140.0,bad,271,252,24.75318453539159,31.42274708985844,31.64383352463945,31.071911041888576,20.445478722935782
2,140.0,bad,284,252,-2.4875979751491,29.137048678259326,31.64383352463945,31.071911041888576,2.436251958274596
2,140.0,bad,292,252,-6.009305406763195,29.12574463838302,31.64383352463945,31.071911041888576,2.495787266694897
2,140.0,bad,317,252,22.584075760955123,32.10006427885562,31.64383352463945,31.071911041888576,5.684038983076096
2,140.0,bad,329,252,-0.032967102612463606,31.387265258597296,31.64383352463945,31.071911041888576,3.3625918588459043
2,140.0,bad,331,252,7.022767150810143,32.50541275544972,31.64383352463945,31.071911041888576,4.077530656638085
2,140.0,bad,340,252,-1.867127337122641,32.07005166060774,31.64383352463945,31.071911041888576,3.0850737745524954
2,140.0,bad,342,252,-4.151269209901903,31.2399498721562,31.64383352463945,31.071911041888576,2.7849976093702535
2,140.0,bad,254,253,25.11068970852117,24.609578415133612,27.80069989857234,24.440553445820804,35.49773934059722
2,140.0,bad,262,253,22.747649940650696,24.791223390631806,27.80069989857234,24.440553445820804,23.80174745712589
2,140.0,bad,273,253,-6.841197606641166,23.743401780737756,27.80069989857234,24.440553445820804,2.930742146830332
2,140.0,bad,276,253,4.021306081961685,24.029483704635705,27.80069989857234,24.440553445820804,5.118694361655167
2,140.0,bad,278,253,-2.020624066187601,23.927502307905918,27.80069989857234,24.440553445820804,3.68325266356007
2,140.0,bad,281,253,-4.206746211107241,24.111234947971752,27.80069989857234,24.440553445820804,3.30986548507318
2,140.0,bad,288,253,0.18060924094378628,26.112775525380787,27.80069989857234,24.440553445820804,3.0322334487058313
2,140.0,bad,291,253,-6.917445488946065,26.37528605227451,27.80069989857234,24.440553445820804,2.469095723014524
2,140.0,bad,306,253,0.28370388442413663,23.496825395136916,27.80069989857234,24.440553445820804,4.14960528103419
2,140.0,bad,330,253,-13.325875071682043,24.98935683459655,27.80069989857234,24.440553445820804,2.234444142011604
2,140.0,bad,334,253,7.482427389943522,25.163497917695228,27.80069989857234,24.440553445820804,6.354099300274547
2,140.0,bad,262,254,22.747649940650696,24.791223390631806,25.11068970852117,24.609578415133612,36.271127751147105
2,140.0,bad,273,254,-6.841197606641166,23.743401780737756,25.11068970852117,24.609578415133612,3.3186381013489163
2,140.0,bad,276,254,4.021306081961685,24.029483704635705,25.11068970852117,24.609578415133612,6.042806368391581
2,140.0,bad,278,254,-2.020624066187601,23.927502307905918,25.11068970852117,24.609578415133612,4.236256719235596
2,140.0,bad,281,254,-4.206746211107241,24.111234947971752,25.11068970852117,24.609578415133612,3.778265969972558
2,140.0,bad,288,254,0.18060924094378628,26.112775525380787,25.11068970852117,24.609578415133612,3.7070306466620027
2,140.0,bad,291,254,-6.917445488946065,26.37528605227451,25.11068970852117,24.609578415133612,2.9130521809013086
2,140.0,bad,306,254,0.28370388442413663,23.496825395136916,25.11068970852117,24.609578415133612,4.815386198617292
2,140.0,bad,330,254,-13.325875071682043,24.98935683459655,25.11068970852117,24.609578415133612,2.489523515867946
2,140.0,bad,334,254,7.482427389943522,25.163497917695228,25.11068970852117,24.609578415133612,7.651661698278647
2,140.0,bad,335,254,-16.985651676632255,25.07581110419015,25.11068970852117,24.609578415133612,2.1520306498284945
2,140.0,bad,274,255,0.04872293711063769,18.17625900659112,26.186366426788762,18.064104540790346,4.47242682609735
2,140.0,bad,275,255,-4.455316568118902,18.717291809345113,26.186366426788762,18.064104540790346,3.5360592541315174
2,140.0,bad,280,255,4.120291365049014,19.46120463015655,26.186366426788762,18.064104540790346,4.130227651008507
2,140.0,bad,287,255,-6.609277238362222,18.875267402094188,26.186366426788762,18.064104540790346,3.18906797620279
2,140.0,bad,289,255,-4.061776509515715,16.225062336652016,26.186366426788762,18.064104540790346,2.4983732863909793
2,140.0,bad,293,255,-8.326485868006316,16.555515892138896,26.186366426788762,18.064104540790346,2.9477595441101583
2,140.0,bad,302,255,-6.229625749110586,16.416875502120337,26.186366426788762,18.064104540790346,3.2196853622249972
2,140.0,bad,305,255,-2.3390985069999086,18.59093888183812,26.186366426788762,18.064104540790346,3.9352028565866566
2,140.0,bad,308,255,-9.306561592689192,18.539101088488998,26.186366426788762,18.064104540790346,2.8221176982139027
2,140.0,bad,343,255,22.964659930379195,17.49491493696176,26.186366426788762,18.064104540790346,17.696422695726852
2,140.0,bad,349,255,-11.072612204116961,16.206056747286784,26.186366426788762,18.064104540790346,2.615135759267508
2,140.0,bad,371,255,-17.18021014660058,15.923047875895483,26.186366426788762,18.064104540790346,2.0508042742760213
2,140.0,bad,235,256,28.97537928777008,21.26804276390224,41.85843522941153,21.473424268672026,11.15410831126999
2,140.0,bad,240,256,23.86034030771204,21.344514785263385,41.85843522941153,21.473424268672026,7.450852033044588
2,140.0,bad,246,256,35.07062009879716,21.438491796176002,41.85843522941153,21.473424268672026,20.724045916577264
2,140.0,bad,247,256,32.78591764209324,21.421491639657457,41.85843522941153,21.473424268672026,16.056351015069804
2,140.0,bad,251,256,26.217719918275424,21.077686187346906,41.85843522941153,21.473424268672026,8.883878872317736
2,140.0,bad,266,256,37.3216985067124,21.43584888169611,41.85843522941153,21.473424268672026,27.639428068702156
2,140.0,bad,272,256,39.6109994686204,21.43165437102718,41.85843522941153,21.473424268672026,38.9379032387134
2,140.0,bad,280,256,4.120291365049014,19.46120463015655,41.85843522941153,21.473424268672026,2.3585309142470128
2,140.0,bad,298,256,0.4124812293193294,20.801553228736843,41.85843522941153,21.473424268672026,2.206787177468681
2,140.0,bad,304,256,-1.680919449022218,21.369002044612106,41.85843522941153,21.473424268672026,2.0375892350379083
2,140.0,bad,306,256,0.28370388442413663,23.496825395136916,41.85843522941153,21.473424268672026,2.1957806479063176
2,140.0,bad,309,256,7.33991503370499,20.567951161590955,41.85843522941153,21.473424268672026,2.9470090004998126
2,140.0,bad,326,256,17.18664177480722,20.876581625980922,41.85843522941153,21.473424268672026,4.858590406841701
2,140.0,bad,327,256,10.562107282693354,20.650987461473218,41.85843522941153,21.473424268672026,3.424837970727869
2,140.0,bad,344,256,13.85953848727955,20.819572826016554,41.85843522941153,21.473424268672026,4.04502236278965
2,140.0,bad,243,257,30.521545734117687,27.85694505683989,35.05453401568244,27.855773111258213,27.653687782987703
2,140.0,bad,250,257,27.264888080888475,27.830697408371364,35.05453401568244,27.855773111258213,18.45560527729864
2,140.0,bad,260,257,32.77362015684663,27.865686643798895,35.05453401568244,27.855773111258213,38.72590107370301
2,140.0,bad,261,257,22.9348350828244,28.418168436893318,35.05453401568244,27.855773111258213,11.937255208958362
2,140.0,bad,270,257,25.036835902725997,28.2891159800716,35.05453401568244,27.855773111258213,14.575874866718769
2,140.0,bad,284,257,-2.4875979751491,29.137048678259326,35.05453401568244,27.855773111258213,2.5840778600010004
2,140.0,bad,285,257,-4.468841015228126,26.7045299326738,35.05453401568244,27.855773111258213,2.381455295439839
2,140.0,bad,288,257,0.18060924094378628,26.112775525380787,35.05453401568244,27.855773111258213,2.9005128299244567
2,140.0,bad,291,257,-6.917445488946065,26.37528605227451,35.05453401568244,27.855773111258213,2.1623420054053577
2,140.0,bad,292,257,-6.009305406763195,29.12574463838302,35.05453401568244,27.855773111258213,2.2399378608095666
2,140.0,bad,300,257,-1.9869942214511607,26.594226134539106,35.05453401568244,27.855773111258213,2.6393686721145344
2,140.0,bad,315,257,16.90030795805074,28.040219964937627,35.05453401568244,27.855773111258213,7.36844277891097
2,140.0,bad,322,257,10.421322104306235,27.761382710740612,35.05453401568244,27.855773111258213,4.869421416532579
2,140.0,bad,323,257,5.1902152989366,28.178894508855883,35.05453401568244,27.855773111258213,3.6753119716433793
2,140.0,bad,332,257,13.683608466726996,27.90113734779347,35.05453401568244,27.855773111258213,5.934829378719387
2,140.0,bad,346,257,0.09094870249887421,28.771644445521005,35.05453401568244,27.855773111258213,2.8889567117980763
2,140.0,bad,248,258,30.109607184618334,18.182240529436907,33.902358546045576,18.222529151011784,30.7016055233993
2,140.0,bad,255,258,26.186366426788762,18.064104540790346,33.902358546045576,18.222529151011784,18.609381754480275
2,140.0,bad,274,258,0.04872293711063769,18.17625900659112,33.902358546045576,18.222529151011784,3.0370482714608555
2,140.0,bad,275,258,-4.455316568118902,18.717291809345113,33.902358546045576,18.222529151011784,2.497652851191142
2,140.0,bad,280,258,4.120291365049014,19.46120463015655,33.902358546045576,18.222529151011784,3.6905254879925082
2,140.0,bad,287,258,-6.609277238362222,18.875267402094188,33.902358546045576,18.222529151011784,2.2891804897448536
2,140.0,bad,289,258,-4.061776509515715,16.225062336652016,33.902358546045576,18.222529151011784,2.394340938202475
2,140.0,bad,293,258,-8.326485868006316,16.555515892138896,33.902358546045576,18.222529151011784,2.1411252249316126
2,140.0,bad,302,258,-6.229625749110586,16.416875502120337,33.902358546045576,18.222529151011784,2.3239838841727525
2,140.0,bad,305,258,-2.3390985069999086,18.59093888183812,33.902358546045576,18.222529151011784,2.731491678467113
2,140.0,bad,308,258,-9.306561592689192,18.539101088488998,33.902358546045576,18.222529151011784,2.0629752218026125
2,140.0,bad,343,258,22.964659930379195,17.49491493696176,33.902358546045576,18.222529151011784,11.278122420196546
2,140.0,bad,248,259,30.109607184618334,18.182240529436907,36.19177530119023,18.203267980352315,22.582587751198027
2,140.0,bad,255,259,26.186366426788762,18.064104540790346,36.19177530119023,18.203267980352315,14.593788164348192
2,140.0,bad,258,259,33.902358546045576,18.222529151011784,36.19177530119023,18.203267980352315,38.672331662776415
2,140.0,bad,274,259,0.04872293711063769,18.17625900659112,36.19177530119023,18.203267980352315,2.7431544613894876
2,140.0,bad,275,259,-4.455316568118902,18.717291809345113,36.19177530119023,18.203267980352315,2.276951998238565
2,140.0,bad,280,259,4.120291365049014,19.46120463015655,36.19177530119023,18.203267980352315,3.299797131875346
2,140.0,bad,287,259,-6.609277238362222,18.875267402094188,36.19177530119023,18.203267980352315,2.0949696815461416
2,140.0,bad,289,259,-4.061776509515715,16.225062336652016,36.19177530119023,18.203267980352315,2.3127536639796795
2,140.0,bad,296,259,-1.945491520511558,16.07898666998556,36.19177530119023,18.203267980352315,2.082003433025009
2,140.0,bad,302,259,-6.229625749110586,16.416875502120337,36.19177530119023,18.203267980352315,2.1254243605622505
2,140.0,bad,305,259,-2.3390985069999086,18.59093888183812,36.19177530119023,18.203267980352315,2.47985723959511
2,140.0,bad,343,259,22.964659930379195,17.49491493696176,36.19177530119023,18.203267980352315,10.587516215634155
2,140.0,bad,243,260,30.521545734117687,27.85694505683989,32.77362015684663,27.865686643798895,38.908424870897036
2,140.0,bad,250,260,27.264888080888475,27.830697408371364,32.77362015684663,27.865686643798895,24.28344594406243
2,140.0,bad,261,260,22.9348350828244,28.418168436893318,32.77362015684663,27.865686643798895,14.339019490533191
2,140.0,bad,270,260,25.036835902725997,28.2891159800716,32.77362015684663,27.865686643798895,18.246701273464325
2,140.0,bad,284,260,-2.4875979751491,29.137048678259326,32.77362015684663,27.865686643798895,2.851086710474383
2,140.0,bad,285,260,-4.468841015228126,26.7045299326738,32.77362015684663,27.865686643798895,2.616964747317998
2,140.0,bad,288,260,0.18060924094378628,26.112775525380787,32.77362015684663,27.865686643798895,2.965545206763524
2,140.0,bad,291,260,-6.917445488946065,26.37528605227451,32.77362015684663,27.865686643798895,2.3654091967856896
2,140.0,bad,292,260,-6.009305406763195,29.12574463838302,32.77362015684663,27.865686643798895,2.4542975749352007
2,140.0,bad,300,260,-1.9869942214511607,26.594226134539106,32.77362015684663,27.865686643798895,2.91521657152264
2,140.0,bad,315,260,16.90030795805074,28.040219964937627,32.77362015684663,27.865686643798895,8.724867576992294
2,140.0,bad,322,260,10.421322104306235,27.761382710740612,32.77362015684663,27.865686643798895,5.580236841522696
2,140.0,bad,323,260,5.1902152989366,28.178894508855883,32.77362015684663,27.865686643798895,4.134953759859818
2,140.0,bad,332,260,13.683608466726996,27.90113734779347,32.77362015684663,27.865686643798895,6.902002470864558
2,140.0,bad,346,260,0.09094870249887421,28.771644445521005,32.77362015684663,27.865686643798895,3.205971925066348
2,140.0,bad,284,261,-2.4875979751491,29.137048678259326,22.9348350828244,28.418168436893318,4.65485466105818
2,140.0,bad,285,261,-4.468841015228126,26.7045299326738,22.9348350828244,28.418168436893318,2.7972195345496944
2,140.0,bad,292,261,-6.009305406763195,29.12574463838302,22.9348350828244,28.418168436893318,3.851045549970681
2,140.0,bad,315,261,16.90030795805074,28.040219964937627,22.9348350828244,28.418168436893318,21.53370261555921
2,140.0,bad,322,261,10.421322104306235,27.761382710740612,22.9348350828244,28.418168436893318,11.383163449164664
2,140.0,bad,323,261,5.1902152989366,28.178894508855883,22.9348350828244,28.418168436893318,7.587616055881168
2,140.0,bad,332,261,13.683608466726996,27.90113734779347,22.9348350828244,28.418168436893318,15.296874859184173
2,140.0,bad,338,261,-15.824930714977572,29.33240946005992,22.9348350828244,28.418168436893318,2.456629598282763
2,140.0,bad,339,261,-12.434024094248542,28.881234901000862,22.9348350828244,28.418168436893318,2.8375739224457837
2,140.0,bad,346,261,0.09094870249887421,28.771644445521005,22.9348350828244,28.418168436893318,5.414443420846888
2,140.0,bad,348,261,-19.601646012900737,29.692583803982345,22.9348350828244,28.418168436893318,2.1161231649755443
2,140.0,bad,273,262,-6.841197606641166,23.743401780737756,22.747649940650696,24.791223390631806,3.726637786378069
2,140.0,bad,276,262,4.021306081961685,24.029483704635705,22.747649940650696,24.791223390631806,7.077863657900449
2,140.0,bad,278,262,-2.020624066187601,23.927502307905918,22.747649940650696,24.791223390631806,4.831663036725768
2,140.0,bad,281,262,-4.206746211107241,24.111234947971752,22.747649940650696,24.791223390631806,4.276915616235854
2,140.0,bad,288,262,0.18060924094378628,26.112775525380787,22.747649940650696,24.791223390631806,4.657369674600434
2,140.0,bad,291,262,-6.917445488946065,26.37528605227451,22.747649940650696,24.791223390631806,3.4911846040594905
2,140.0,bad,306,262,0.28370388442413663,23.496825395136916,22.747649940650696,24.791223390631806,4.819031777725007
2,140.0,bad,330,262,-13.325875071682043,24.98935683459655,22.747649940650696,24.791223390631806,2.7514398344540663
2,140.0,bad,334,262,7.482427389943522,25.163497917695228,22.747649940650696,24.791223390631806,9.14990628062187
2,140.0,bad,335,262,-16.985651676632255,25.07581110419015,22.747649940650696,24.791223390631806,2.3613932585763093
2,140.0,bad,352,262,-20.8387627317513,25.005312880838172,22.747649940650696,24.791223390631806,2.0340121058540235
2,140.0,bad,242,263,31.652377246489856,24.666761239357847,33.9132256634238,24.681546488395437,38.852758226252455
2,140.0,bad,253,263,27.80069989857234,24.440553445820804,33.9132256634238,24.681546488395437,22.49757210076766
2,140.0,bad,254,263,25.11068970852117,24.609578415133612,33.9132256634238,24.681546488395437,16.52076091874734
2,140.0,bad,262,263,22.747649940650696,24.791223390631806,33.9132256634238,24.681546488395437,13.037752416064386
2,140.0,bad,273,263,-6.841197606641166,23.743401780737756,33.9132256634238,24.681546488395437,2.2673319483942143
2,140.0,bad,276,263,4.021306081961685,24.029483704635705,33.9132256634238,24.681546488395437,3.6702278996685385
2,140.0,bad,278,263,-2.020624066187601,23.927502307905918,33.9132256634238,24.681546488395437,2.768198387877627
2,140.0,bad,281,263,-4.206746211107241,24.111234947971752,33.9132256634238,24.681546488395437,2.522389630217927
2,140.0,bad,285,263,-4.468841015228126,26.7045299326738,33.9132256634238,24.681546488395437,2.3436088159003408
2,140.0,bad,288,263,0.18060924094378628,26.112775525380787,33.9132256634238,24.681546488395437,3.053880086277801
2,140.0,bad,291,263,-6.917445488946065,26.37528605227451,33.9132256634238,24.681546488395437,2.260534886974533
2,140.0,bad,300,263,-1.9869942214511607,26.594226134539106,33.9132256634238,24.681546488395437,2.569491227529613
2,140.0,bad,306,263,0.28370388442413663,23.496825395136916,33.9132256634238,24.681546488395437,3.068329506801238
2,140.0,bad,334,263,7.482427389943522,25.163497917695228,33.9132256634238,24.681546488395437,4.400738134880097
2,140.0,bad,236,264,36.172189135342734,24.64200635190423,38.45828788357224,24.666771102234645,38.693222328400324
2,140.0,bad,242,264,31.652377246489856,24.666761239357847,38.45828788357224,24.666771102234645,20.679441346107506
2,140.0,bad,253,264,27.80069989857234,24.440553445820804,38.45828788357224,24.666771102234645,13.6868554188241
2,140.0,bad,254,264,25.11068970852117,24.609578415133612,38.45828788357224,24.666771102234645,10.714662146305844
2,140.0,bad,262,264,22.747649940650696,24.791223390631806,38.45828788357224,24.666771102234645,8.835623398722648
2,140.0,bad,263,264,33.9132256634238,24.681546488395437,38.45828788357224,24.666771102234645,27.607795872550074
2,140.0,bad,276,264,4.021306081961685,24.029483704635705,38.45828788357224,24.666771102234645,2.9578339860076266
2,140.0,bad,278,264,-2.020624066187601,23.927502307905918,38.45828788357224,24.666771102234645,2.2921494540919687
2,140.0,bad,281,264,-4.206746211107241,24.111234947971752,38.45828788357224,24.666771102234645,2.105805048894125
2,140.0,bad,285,264,-4.468841015228126,26.7045299326738,38.45828788357224,24.666771102234645,2.085000821658917
2,140.0,bad,288,264,0.18060924094378628,26.112775525380787,38.45828788357224,24.666771102234645,2.505936967524398
2,140.0,bad,300,264,-1.9869942214511607,26.594226134539106,38.45828788357224,24.666771102234645,2.2952066408753717
2,140.0,bad,306,264,0.28370388442413663,23.496825395136916,38.45828788357224,24.666771102234645,2.5166739617084377
2,140.0,bad,334,264,7.482427389943522,25.163497917695228,38.45828788357224,24.666771102234645,3.478617976349342
2,140.0,bad,243,265,30.521545734117687,27.85694505683989,39.62000373517741,27.848891497719062,16.01276367121671
2,140.0,bad,244,265,37.32106597471941,27.853570630217785,39.62000373517741,27.848891497719062,38.61247983413059
2,140.0,bad,250,265,27.264888080888475,27.830697408371364,39.62000373517741,27.848891497719062,11.687161889968191
2,140.0,bad,257,265,35.05453401568244,27.855773111258213,39.62000373517741,27.848891497719062,27.530488185749597
2,140.0,bad,260,265,32.77362015684663,27.865686643798895,39.62000373517741,27.848891497719062,20.580197205370414
2,140.0,bad,261,265,22.9348350828244,28.418168436893318,39.62000373517741,27.848891497719062,8.20206106137078
2,140.0,bad,270,265,25.036835902725997,28.2891159800716,39.62000373517741,27.848891497719062,9.664674006624379
2,140.0,bad,284,265,-2.4875979751491,29.137048678259326,39.62000373517741,27.848891497719062,2.1511006532135957
2,140.0,bad,288,265,0.18060924094378628,26.112775525380787,39.62000373517741,27.848891497719062,2.389552714834587
2,140.0,bad,300,265,-1.9869942214511607,26.594226134539106,39.62000373517741,27.848891497719062,2.193035739073462
2,140.0,bad,315,265,16.90030795805074,28.040219964937627,39.62000373517741,27.848891497719062,5.455623456294183
2,140.0,bad,322,265,10.421322104306235,27.761382710740612,39.62000373517741,27.848891497719062,3.8011935239677044
2,140.0,bad,323,265,5.1902152989366,28.178894508855883,39.62000373517741,27.848891497719062,2.9587918345012807
2,140.0,bad,332,265,13.683608466726996,27.90113734779347,39.62000373517741,27.848891497719062,4.522659365116373
2,140.0,bad,346,265,0.09094870249887421,28.771644445521005,39.62000373517741,27.848891497719062,2.380909115236767
2,140.0,bad,235,266,28.97537928777008,21.26804276390224,37.3216985067124,21.43584888169611,17.352618161527968
2,140.0,bad,240,266,23.86034030771204,21.344514785263385,37.3216985067124,21.43584888169611,10.611007013041606
2,140.0,bad,246,266,35.07062009879716,21.438491796176002,37.3216985067124,21.43584888169611,38.914751651542225
2,140.0,bad,247,266,32.78591764209324,21.421491639657457,37.3216985067124,21.43584888169611,27.643063269252664
2,140.0,bad,251,266,26.217719918275424,21.077686187346906,37.3216985067124,21.43584888169611,13.113971237885414
2,140.0,bad,279,266,-5.909958541482948,21.668731218976223,37.3216985067124,21.43584888169611,2.0612132753972348
2,140.0,bad,280,266,4.120291365049014,19.46120463015655,37.3216985067124,21.43584888169611,2.220337958253218
2,140.0,bad,298,266,0.4124812293193294,20.801553228736843,37.3216985067124,21.43584888169611,2.6542787439225584
2,140.0,bad,303,266,-3.735772447716755,21.49608053433581,37.3216985067124,21.43584888169611,2.2404966766695593
2,140.0,bad,304,266,-1.680919449022218,21.369002044612106,37.3216985067124,21.43584888169611,2.4323403058332724
2,140.0,bad,306,266,0.28370388442413663,23.496825395136916,37.3216985067124,21.43584888169611,2.2039299644554613
2,140.0,bad,309,266,7.33991503370499,20.567951161590955,37.3216985067124,21.43584888169611,3.653747879166021
2,140.0,bad,326,266,17.18664177480722,20.876581625980922,37.3216985067124,21.43584888169611,6.431597758362166
2,140.0,bad,327,266,10.562107282693354,20.650987461473218,37.3216985067124,21.43584888169611,4.322366169849908
2,140.0,bad,344,266,13.85953848727955,20.819572826016554,37.3216985067124,21.43584888169611,5.216208692593849
2,140.0,bad,317,267,22.584075760955123,32.10006427885562,26.973594839671847,33.10194880283387,3.6158037562032854
2,140.0,bad,319,267,10.156378256278074,34.56717029642704,26.973594839671847,33.10194880283387,2.5142300345754496
2,140.0,bad,329,267,-0.032967102612463606,31.387265258597296,26.973594839671847,33.10194880283387,2.7442399973257317
2,140.0,bad,331,267,7.022767150810143,32.50541275544972,26.973594839671847,33.10194880283387,6.5109632612188
2,140.0,bad,340,267,-1.867127337122641,32.07005166060774,26.973594839671847,33.10194880283387,3.871580639490435
2,140.0,bad,342,267,-4.151269209901903,31.2399498721562,26.973594839671847,33.10194880283387,2.483657073593238
2,140.0,bad,234,268,29.36343105878784,31.083572277316453,33.92104845299052,30.97054799229625,27.560195883889733
2,140.0,bad,252,268,31.64383352463945,31.071911041888576,33.92104845299052,30.97054799229625,38.74923959070447
2,140.0,bad,271,268,24.75318453539159,31.42274708985844,33.92104845299052,30.97054799229625,15.897010719728344
2,140.0,bad,284,268,-2.4875979751491,29.137048678259326,33.92104845299052,30.97054799229625,2.7041315099415058
2,140.0,bad,292,268,-6.009305406763195,29.12574463838302,33.92104845299052,30.97054799229625,2.3427913620205327
2,140.0,bad,317,268,22.584075760955123,32.10006427885562,33.92104845299052,30.97054799229625,4.79371042813137
2,140.0,bad,329,268,-0.032967102612463606,31.387265258597296,33.92104845299052,30.97054799229625,3.02319239826171
2,140.0,bad,331,268,7.022767150810143,32.50541275544972,33.92104845299052,30.97054799229625,3.6542293695964836
2,140.0,bad,340,268,-1.867127337122641,32.07005166060774,33.92104845299052,30.97054799229625,2.7858403152686075
2,140.0,bad,342,268,-4.151269209901903,31.2399498721562,33.92104845299052,30.97054799229625,2.5273930115250067
2,140.0,bad,248,269,30.109607184618334,18.182240529436907,38.45613654113182,18.25000988875652,17.35222065679231
2,140.0,bad,255,269,26.186366426788762,18.064104540790346,38.45613654113182,18.25000988875652,11.776912113681934
2,140.0,bad,258,269,33.902358546045576,18.222529151011784,38.45613654113182,18.25000988875652,27.574738987283876
2,140.0,bad,259,269,36.19177530119023,18.203267980352315,38.45613654113182,18.25000988875652,38.83050459000234
2,140.0,bad,274,269,0.04872293711063769,18.17625900659112,38.45613654113182,18.25000988875652,2.4925228246506568
2,140.0,bad,275,269,-4.455316568118902,18.717291809345113,38.45613654113182,18.25000988875652,2.086236428459754
2,140.0,bad,280,269,4.120291365049014,19.46120463015655,38.45613654113182,18.25000988875652,2.9713438917931745
2,140.0,bad,289,269,-4.061776509515715,16.225062336652016,38.45613654113182,18.25000988875652,2.1176197673365804
2,140.0,bad,296,269,-1.945491520511558,16.07898666998556,38.45613654113182,18.25000988875652,2.0610859895484555
2,140.0,bad,305,269,-2.3390985069999086,18.59093888183812,38.45613654113182,18.25000988875652,2.2636900054159756
2,140.0,bad,343,269,22.964659930379195,17.49491493696176,38.45613654113182,18.25000988875652,8.988203900639567
2,140.0,bad,261,270,22.9348350828244,28.418168436893318,25.036835902725997,28.2891159800716,39.33148072638514
2,140.0,bad,284,270,-2.4875979751491,29.137048678259326,25.036835902725997,28.2891159800716,4.147960425319917
2,140.0,bad,285,270,-4.468841015228126,26.7045299326738,25.036835902725997,28.2891159800716,3.4916512273147404
2,140.0,bad,291,270,-6.917445488946065,26.37528605227451,25.036835902725997,28.2891159800716,2.345772396460561
2,140.0,bad,292,270,-6.009305406763195,29.12574463838302,25.036835902725997,28.2891159800716,3.466715722084884
2,140.0,bad,300,270,-1.9869942214511607,26.594226134539106,25.036835902725997,28.2891159800716,2.852391384837706
2,140.0,bad,315,270,16.90030795805074,28.040219964937627,25.036835902725997,28.2891159800716,17.756387053733842
2,140.0,bad,322,270,10.421322104306235,27.761382710740612,25.036835902725997,28.2891159800716,9.639291004287694
2,140.0,bad,323,270,5.1902152989366,28.178894508855883,25.036835902725997,28.2891159800716,6.556507643319288
2,140.0,bad,332,270,13.683608466726996,27.90113734779347,25.036835902725997,28.2891159800716,12.809608315512042
2,140.0,bad,338,270,-15.824930714977572,29.33240946005992,25.036835902725997,28.2891159800716,2.257771675962212
2,140.0,bad,339,270,-12.434024094248542,28.881234901000862,25.036835902725997,28.2891159800716,2.591843071674739
2,140.0,bad,346,270,0.09094870249887421,28.771644445521005,25.036835902725997,28.2891159800716,4.7826737939905914
2,140.0,bad,317,271,22.584075760955123,32.10006427885562,24.75318453539159,31.42274708985844,13.143531158962574
2,140.0,bad,329,271,-0.032967102612463606,31.387265258597296,24.75318453539159,31.42274708985844,4.826698044086973
2,140.0,bad,331,271,7.022767150810143,32.50541275544972,24.75318453539159,31.42274708985844,6.368311510977104
2,140.0,bad,338,271,-15.824930714977572,29.33240946005992,24.75318453539159,31.42274708985844,2.2191352415039844
2,140.0,bad,340,271,-1.867127337122641,32.07005166060774,24.75318453539159,31.42274708985844,4.355307516414792
2,140.0,bad,342,271,-4.151269209901903,31.2399498721562,24.75318453539159,31.42274708985844,3.8589065221537155
2,140.0,bad,235,272,28.97537928777008,21.26804276390224,39.6109994686204,21.43165437102718,13.71601181896753
2,140.0,bad,240,272,23.86034030771204,21.344514785263385,39.6109994686204,21.43165437102718,8.808180402501685
2,140.0,bad,246,272,35.07062009879716,21.438491796176002,39.6109994686204,21.43165437102718,27.625581377446874
2,140.0,bad,247,272,32.78591764209324,21.421491639657457,39.6109994686204,21.43165437102718,20.63234218470943
2,140.0,bad,251,272,26.217719918275424,21.077686187346906,39.6109994686204,21.43165437102718,10.672856754885885
2,140.0,bad,266,272,37.3216985067124,21.43584888169611,39.6109994686204,21.43165437102718,38.67306042929662
2,140.0,bad,280,272,4.120291365049014,19.46120463015655,39.6109994686204,21.43165437102718,2.395566140491654
2,140.0,bad,298,272,0.4124812293193294,20.801553228736843,39.6109994686204,21.43165437102718,2.4130085247714574
2,140.0,bad,303,272,-3.735772447716755,21.49608053433581,39.6109994686204,21.43165437102718,2.052327253567744
2,140.0,bad,304,272,-1.680919449022218,21.369002044612106,39.6109994686204,21.43165437102718,2.220061512448695
2,140.0,bad,306,272,0.28370388442413663,23.496825395136916,39.6109994686204,21.43165437102718,2.265149415866222
2,140.0,bad,309,272,7.33991503370499,20.567951161590955,39.6109994686204,21.43165437102718,3.2687079777575048
2,140.0,bad,326,272,17.18664177480722,20.876581625980922,39.6109994686204,21.43165437102718,5.555461452237502
2,140.0,bad,327,272,10.562107282693354,20.650987461473218,39.6109994686204,21.43165437102718,3.8304118033646875
2,140.0,bad,344,272,13.85953848727955,20.819572826016554,39.6109994686204,21.43165437102718,4.5695697852112875
2,140.0,bad,352,273,-20.8387627317513,25.005312880838172,-6.841197606641166,23.743401780737756,3.8485153893925124
2,140.0,bad,365,273,-24.337961454015925,25.20211401796862,-6.841197606641166,23.743401780737756,2.7674389168037354
2,140.0,bad,387,273,-31.616259877082744,25.432714814943125,-6.841197606641166,23.743401780737756,2.569727503251103
2,140.0,bad,388,273,-27.952552109879356,25.350218478760727,-6.841197606641166,23.743401780737756,2.4258979224363064
2,140.0,bad,421,273,-41.22396530473057,24.29944081676289,-6.841197606641166,23.743401780737756,2.9650644614762602
2,140.0,bad,427,273,-45.104014724308065,24.449619071107335,-6.841197606641166,23.743401780737756,2.507480506877208
2,140.0,bad,500,273,-48.98442894082198,24.612017860077984,-6.841197606641166,23.743401780737756,2.1481619507195604
2,140.0,bad,531,273,-35.194996900496335,25.4579472317995,-6.841197606641166,23.743401780737756,2.8919816719313003
2,140.0,bad,275,274,-4.455316568118902,18.717291809345113,0.04872293711063769,18.17625900659112,18.184242235658775
2,140.0,bad,287,274,-6.609277238362222,18.875267402094188,0.04872293711063769,18.17625900659112,12.68845294906449
2,140.0,bad,305,274,-2.3390985069999086,18.59093888183812,0.04872293711063769,18.17625900659112,25.262255537552004
2,140.0,bad,308,274,-9.306561592689192,18.539101088488998,0.04872293711063769,18.17625900659112,15.590634203541113
2,140.0,bad,380,274,-28.745306202507905,16.456997109563833,0.04872293711063769,18.17625900659112,2.9092079094458283
2,140.0,bad,397,274,-32.35618389700636,16.635248275907145,0.04872293711063769,18.17625900659112,3.248109600997691
2,140.0,bad,414,274,-36.02909738323935,16.74364422380024,0.04872293711063769,18.17625900659112,2.7509268878495545
2,140.0,bad,422,274,-41.37418919792029,20.12794399968731,0.04872293711063769,18.17625900659112,2.208765279543747
2,140.0,bad,425,274,-42.006488636751676,15.973887600959525,0.04872293711063769,18.17625900659112,2.0332002026433913
2,140.0,bad,287,275,-6.609277238362222,18.875267402094188,-4.455316568118902,18.717291809345113,38.03459692396622
2,140.0,bad,308,275,-9.306561592689192,18.539101088488998,-4.455316568118902,18.717291809345113,26.481170356833495
2,140.0,bad,414,275,-36.02909738323935,16.74364422380024,-4.455316568118902,18.717291809345113,2.054335062537091
2,140.0,bad,418,275,-45.29270549823571,20.256393454361948,-4.455316568118902,18.717291809345113,2.259937501155281
2,140.0,bad,422,275,-41.37418919792029,20.12794399968731,-4.455316568118902,18.717291809345113,2.6531864176045556
2,140.0,bad,273,276,-6.841197606641166,23.743401780737756,4.021306081961685,24.029483704635705,13.419305778179993
2,140.0,bad,278,276,-2.020624066187601,23.927502307905918,4.021306081961685,24.029483704635705,22.696017626795054
2,140.0,bad,281,276,-4.206746211107241,24.111234947971752,4.021306081961685,24.029483704635705,17.57852254548852
2,140.0,bad,306,276,0.28370388442413663,23.496825395136916,4.021306081961685,24.029483704635705,18.927199691326983
2,140.0,bad,330,276,-13.325875071682043,24.98935683459655,4.021306081961685,24.029483704635705,7.370498792726657
2,140.0,bad,335,276,-16.985651676632255,25.07581110419015,4.021306081961685,24.029483704635705,6.074976282775866
2,140.0,bad,352,276,-20.8387627317513,25.005312880838172,4.021306081961685,24.029483704635705,4.8062507158781935
2,140.0,bad,365,276,-24.337961454015925,25.20211401796862,4.021306081961685,24.029483704635705,3.969376465137105
2,140.0,bad,387,276,-31.616259877082744,25.432714814943125,4.021306081961685,24.029483704635705,2.804257917348744
2,140.0,bad,388,276,-27.952552109879356,25.350218478760727,4.021306081961685,24.029483704635705,3.3151647820666623
2,140.0,bad,531,276,-35.194996900496335,25.4579472317995,4.021306081961685,24.029483704635705,2.4112649162336344
2,140.0,bad,283,277,-1.3043759713282617,13.728568039043243,7.633838301026843,13.949985755416296,16.284890774497203
2,140.0,bad,290,277,0.7504059079650975,13.203214720152499,7.633838301026843,13.949985755416296,11.425083877705214
2,140.0,bad,295,277,4.339347566135888,13.69618128868417,7.633838301026843,13.949985755416296,30.606014816649658
2,140.0,bad,311,277,-3.6798123820845943,13.752128555252268,7.633838301026843,13.949985755416296,12.85722412692184
2,140.0,bad,312,277,-5.815549012348824,13.913528594227518,7.633838301026843,13.949985755416296,10.621843592454564
2,140.0,bad,325,277,-7.944939434522578,14.053222573031592,7.633838301026843,13.949985755416296,8.92695459076433
2,140.0,bad,359,277,-10.708298472753645,13.73215775388635,7.633838301026843,13.949985755416296,7.271059908092995
2,140.0,bad,381,277,-25.978250311912362,11.915554968653401,7.633838301026843,13.949985755416296,2.02975044714939
2,140.0,bad,390,277,-33.428130840828636,12.229638614610005,7.633838301026843,13.949985755416296,2.240101951192174
2,140.0,bad,273,278,-6.841197606641166,23.743401780737756,-2.020624066187601,23.927502307905918,26.590890435279764
2,140.0,bad,281,278,-4.206746211107241,24.111234947971752,-2.020624066187601,23.927502307905918,36.820270722738044
2,140.0,bad,330,278,-13.325875071682043,24.98935683459655,-2.020624066187601,23.927502307905918,5.843590478864928
2,140.0,bad,335,278,-16.985651676632255,25.07581110419015,-2.020624066187601,23.927502307905918,5.469673842671964
2,140.0,bad,352,278,-20.8387627317513,25.005312880838172,-2.020624066187601,23.927502307905918,6.348999832412697
2,140.0,bad,365,278,-24.337961454015925,25.20211401796862,-2.020624066187601,23.927502307905918,4.935675176340293
2,140.0,bad,387,278,-31.616259877082744,25.432714814943125,-2.020624066187601,23.927502307905918,3.69608971106542
2,140.0,bad,388,278,-27.952552109879356,25.350218478760727,-2.020624066187601,23.927502307905918,4.146581421498254
2,140.0,bad,421,278,-41.22396530473057,24.29944081676289,-2.020624066187601,23.927502307905918,2.4125354931599037
2,140.0,bad,427,278,-45.104014724308065,24.449619071107335,-2.020624066187601,23.927502307905918,2.072743640850577
2,140.0,bad,531,278,-35.194996900496335,25.4579472317995,-2.020624066187601,23.927502307905918,3.1333638371153527
2,140.0,bad,310,279,-8.460280548679233,21.32006585482837,-5.909958541482948,21.668731218976223,28.169846182460667
2,140.0,bad,355,279,-15.755847633206985,20.42723962502334,-5.909958541482948,21.668731218976223,2.474635650563093
2,140.0,bad,376,279,-22.32042787074708,20.694341079248957,-5.909958541482948,21.668731218976223,7.397598798891016
2,140.0,bad,416,279,-32.188593286073036,21.119978864121613,-5.909958541482948,21.668731218976223,4.437731597723663
2,140.0,bad,417,279,-49.28106766308437,20.406010159768663,-5.909958541482948,21.668731218976223,2.050455959440731
2,140.0,bad,418,279,-45.29270549823571,20.256393454361948,-5.909958541482948,21.668731218976223,2.395038027951541
2,140.0,bad,419,279,-35.50944261409184,21.33523288663796,-5.909958541482948,21.668731218976223,3.724636085871565
2,140.0,bad,422,279,-41.37418919792029,20.12794399968731,-5.909958541482948,21.668731218976223,2.82568150628306
2,140.0,bad,275,280,-4.455316568118902,18.717291809345113,4.120291365049014,19.46120463015655,11.43284883461557
2,140.0,bad,287,280,-6.609277238362222,18.875267402094188,4.120291365049014,19.46120463015655,13.255645962502927
2,140.0,bad,305,280,-2.3390985069999086,18.59093888183812,4.120291365049014,19.46120463015655,8.15692330793793
2,140.0,bad,308,280,-9.306561592689192,18.539101088488998,4.120291365049014,19.46120463015655,8.176004446370355
2,140.0,bad,355,280,-15.755847633206985,20.42723962502334,4.120291365049014,19.46120463015655,6.543558047061559
2,140.0,bad,360,280,-19.157162413403018,20.267742895670946,4.120291365049014,19.46120463015655,5.274274442588263
2,140.0,bad,376,280,-22.32042787074708,20.694341079248957,4.120291365049014,19.46120463015655,4.398342264822082
2,140.0,bad,416,280,-32.188593286073036,21.119978864121613,4.120291365049014,19.46120463015655,2.7235431459468025
2,140.0,bad,419,280,-35.50944261409184,21.33523288663796,4.120291365049014,19.46120463015655,2.3712590822124824
2,140.0,bad,273,281,-6.841197606641166,23.743401780737756,-4.206746211107241,24.111234947971752,27.130155578499792
2,140.0,bad,330,281,-13.325875071682043,24.98935683459655,-4.206746211107241,24.111234947971752,8.648589331901222
2,140.0,bad,335,281,-16.985651676632255,25.07581110419015,-4.206746211107241,24.111234947971752,7.58457400985568
2,140.0,bad,352,281,-20.8387627317513,25.005312880838172,-4.206746211107241,24.111234947971752,7.9706775958444585
2,140.0,bad,365,281,-24.337961454015925,25.20211401796862,-4.206746211107241,24.111234947971752,6.123275419407833
2,140.0,bad,387,281,-31.616259877082744,25.432714814943125,-4.206746211107241,24.111234947971752,4.173484235712755
2,140.0,bad,388,281,-27.952552109879356,25.350218478760727,-4.206746211107241,24.111234947971752,5.010546184363531
2,140.0,bad,421,281,-41.22396530473057,24.29944081676289,-4.206746211107241,24.111234947971752,2.6420986242246665
2,140.0,bad,427,281,-45.104014724308065,24.449619071107335,-4.206746211107241,24.111234947971752,2.2546230897416537
2,140.0,bad,531,281,-35.194996900496335,25.4579472317995,-4.206746211107241,24.111234947971752,3.4765152155538144
2,140.0,bad,286,282,4.437989347203115,7.24730004785831,7.846456856472887,7.242700103953819,32.48662640020375
2,140.0,bad,301,282,0.07372930252270837,7.853537312151644,7.846456856472887,7.242700103953819,14.587599204541737
2,140.0,bad,336,282,-2.3234859039950315,8.406698732420427,7.846456856472887,7.242700103953819,3.79770415356128
2,140.0,bad,353,282,-4.072570879545101,6.066792758486027,7.846456856472887,7.242700103953819,4.30670874958165
2,140.0,bad,358,282,-4.46425211898979,8.563878448709456,7.846456856472887,7.242700103953819,2.510347039107266
2,140.0,bad,361,282,-6.222035452238913,6.2146957962007,7.846456856472887,7.242700103953819,6.833725169784914
2,140.0,bad,364,282,-8.390293677163411,6.393639146628759,7.846456856472887,7.242700103953819,8.356861085299114
2,140.0,bad,368,282,-13.400496124439261,5.951526582069377,7.846456856472887,7.242700103953819,4.811013613581553
2,140.0,bad,374,282,-13.066676981411522,8.709930061765334,7.846456856472887,7.242700103953819,3.453063683919172
2,140.0,bad,377,282,-10.450976814005944,6.523737128913284,7.846456856472887,7.242700103953819,7.294051087253732
2,140.0,bad,379,282,-19.12804876572423,6.943393668366644,7.846456856472887,7.242700103953819,4.272264675358674
2,140.0,bad,408,282,-35.75476992600042,7.934875758281356,7.846456856472887,7.242700103953819,2.032887955638279
2,140.0,bad,409,282,-32.15898517719747,7.325966055538471,7.846456856472887,7.242700103953819,2.335760773332086
2,140.0,bad,412,282,-22.284669015174703,6.859997893804719,7.846456856472887,7.242700103953819,3.6266046499350177
2,140.0,bad,311,283,-3.6798123820845943,13.752128555252268,-1.3043759713282617,13.728568039043243,38.13658984657838
2,140.0,bad,312,283,-5.815549012348824,13.913528594227518,-1.3043759713282617,13.728568039043243,27.73689612332649
2,140.0,bad,325,283,-7.944939434522578,14.053222573031592,-1.3043759713282617,13.728568039043243,21.092441168130314
2,140.0,bad,359,283,-10.708298472753645,13.73215775388635,-1.3043759713282617,13.728568039043243,15.512573033320798
2,140.0,bad,390,283,-33.428130840828636,12.229638614610005,-1.3043759713282617,13.728568039043243,3.2916128444095696
2,140.0,bad,395,283,-37.135993062529415,12.270469888032169,-1.3043759713282617,13.728568039043243,2.7805617245837277
2,140.0,bad,423,283,-43.56317307999583,11.81753501039356,-1.3043759713282617,13.728568039043243,2.138671510172214
2,140.0,bad,292,284,-6.009305406763195,29.12574463838302,-2.4875979751491,29.137048678259326,31.944774897979126
2,140.0,bad,338,284,-15.824930714977572,29.33240946005992,-2.4875979751491,29.137048678259326,10.724090375514383
2,140.0,bad,339,284,-12.434024094248542,28.881234901000862,-2.4875979751491,29.137048678259326,14.680225155350085
2,140.0,bad,348,284,-19.601646012900737,29.692583803982345,-2.4875979751491,29.137048678259326,7.944639215510896
2,140.0,bad,385,284,-23.476401522565798,29.673809167543357,-2.4875979751491,29.137048678259326,6.082096190246891
2,140.0,bad,386,284,-27.24057164565483,30.03396141727223,-2.4875979751491,29.137048678259326,4.835918346993369
2,140.0,bad,389,284,-31.009275601675252,29.805513235702893,-2.4875979751491,29.137048678259326,3.935976683476895
2,140.0,bad,488,284,-43.73615250704639,28.586642586358018,-2.4875979751491,29.137048678259326,2.223820148577593
2,140.0,bad,498,284,-40.77640162496878,28.468584033774704,-2.4875979751491,29.137048678259326,2.5047824408731545
2,140.0,bad,537,284,-34.872636610684694,29.687515779783798,-2.4875979751491,29.137048678259326,3.251155449909595
2,140.0,bad,291,285,-6.917445488946065,26.37528605227451,-4.468841015228126,26.7045299326738,29.27964355226496
2,140.0,bad,365,285,-24.337961454015925,25.20211401796862,-4.468841015228126,26.7045299326738,2.9665848410929234
2,140.0,bad,387,285,-31.616259877082744,25.432714814943125,-4.468841015228126,26.7045299326738,4.232584297498024
2,140.0,bad,388,285,-27.952552109879356,25.350218478760727,-4.468841015228126,26.7045299326738,4.483308524475364
2,140.0,bad,488,285,-43.73615250704639,28.586642586358018,-4.468841015228126,26.7045299326738,2.4062745339953118
2,140.0,bad,491,285,-46.670039257189906,28.70530623096809,-4.468841015228126,26.7045299326738,2.14339373957169
2,140.0,bad,498,285,-40.77640162496878,28.468584033774704,-4.468841015228126,26.7045299326738,2.7236988931006136
2,140.0,bad,531,285,-35.194996900496335,25.4579472317995,-4.468841015228126,26.7045299326738,3.521405704783999
2,140.0,bad,301,286,0.07372930252270837,7.853537312151644,4.437989347203115,7.24730004785831,15.927369450959237
2,140.0,bad,336,286,-2.3234859039950315,8.406698732420427,4.437989347203115,7.24730004785831,2.0535926859827907
2,140.0,bad,353,286,-4.072570879545101,6.066792758486027,4.437989347203115,7.24730004785831,2.7198866339767482
2,140.0,bad,361,286,-6.222035452238913,6.2146957962007,4.437989347203115,7.24730004785831,6.1415819007092125
2,140.0,bad,364,286,-8.390293677163411,6.393639146628759,4.437989347203115,7.24730004785831,9.11566013904335
2,140.0,bad,368,286,-13.400496124439261,5.951526582069377,4.437989347203115,7.24730004785831,4.397832325832198
2,140.0,bad,374,286,-13.066676981411522,8.709930061765334,4.437989347203115,7.24730004785831,2.7333268022279955
2,140.0,bad,377,286,-10.450976814005944,6.523737128913284,4.437989347203115,7.24730004785831,9.428642897613706
2,140.0,bad,379,286,-19.12804876572423,6.943393668366644,4.437989347203115,7.24730004785831,5.183973051864848
2,140.0,bad,402,286,-39.093789106388016,8.073568879575758,4.437989347203115,7.24730004785831,2.038166026133777
2,140.0,bad,408,286,-35.75476992600042,7.934875758281356,4.437989347203115,7.24730004785831,2.318359385236307
2,140.0,bad,409,286,-32.15898517719747,7.325966055538471,4.437989347203115,7.24730004785831,2.6899701639760596
2,140.0,bad,412,286,-22.284669015174703,6.859997893804719,4.437989347203115,7.24730004785831,4.331064757283406
2,140.0,bad,308,287,-9.306561592689192,18.539101088488998,-6.609277238362222,18.875267402094188,28.48444858804443
2,140.0,bad,417,287,-49.28106766308437,20.406010159768663,-6.609277238362222,18.875267402094188,2.1052648507613725
2,140.0,bad,418,287,-45.29270549823571,20.256393454361948,-6.609277238362222,18.875267402094188,2.4643398229510503
2,140.0,bad,422,287,-41.37418919792029,20.12794399968731,-6.609277238362222,18.875267402094188,2.9146568573100646
2,140.0,bad,285,288,-4.468841015228126,26.7045299326738,0.18060924094378628,26.112775525380787,16.348852654888177
2,140.0,bad,291,288,-6.917445488946065,26.37528605227451,0.18060924094378628,26.112775525380787,19.978804454138476
2,140.0,bad,300,288,-1.9869942214511607,26.594226134539106,0.18060924094378628,26.112775525380787,22.2464970836405
2,140.0,bad,330,288,-13.325875071682043,24.98935683459655,0.18060924094378628,26.112775525380787,5.494573496687481
2,140.0,bad,335,288,-16.985651676632255,25.07581110419015,0.18060924094378628,26.112775525380787,6.785591029843823
2,140.0,bad,352,288,-20.8387627317513,25.005312880838172,0.18060924094378628,26.112775525380787,5.907868088427619
2,140.0,bad,365,288,-24.337961454015925,25.20211401796862,0.18060924094378628,26.112775525380787,4.9018192461929715
2,140.0,bad,387,288,-31.616259877082744,25.432714814943125,0.18060924094378628,26.112775525380787,3.3433003936776826
2,140.0,bad,388,288,-27.952552109879356,25.350218478760727,0.18060924094378628,26.112775525380787,4.016587939412016
2,140.0,bad,421,288,-41.22396530473057,24.29944081676289,0.18060924094378628,26.112775525380787,2.2103414293493917
2,140.0,bad,531,288,-35.194996900496335,25.4579472317995,0.18060924094378628,26.112775525380787,2.836730139258195
2,140.0,bad,293,289,-8.326485868006316,16.555515892138896,-4.061776509515715,16.225062336652016,25.81216713643138
2,140.0,bad,302,289,-6.229625749110586,16.416875502120337,-4.061776509515715,16.225062336652016,36.52376483069579
2,140.0,bad,349,289,-11.072612204116961,16.206056747286784,-4.061776509515715,16.225062336652016,20.184202859305486
2,140.0,bad,371,289,-17.18021014660058,15.923047875895483,-4.061776509515715,16.225062336652016,10.92813598973759
2,140.0,bad,373,289,-21.129778209301353,15.86457343517388,-4.061776509515715,16.225062336652016,7.971692021432661
2,140.0,bad,380,289,-28.745306202507905,16.456997109563833,-4.061776509515715,16.225062336652016,4.855302856338796
2,140.0,bad,382,289,-24.810561278205604,16.21492084141298,-4.061776509515715,16.225062336652016,6.1774179943193275
2,140.0,bad,397,289,-32.35618389700636,16.635248275907145,-4.061776509515715,16.225062336652016,3.9828339067210483
2,140.0,bad,414,289,-36.02909738323935,16.74364422380024,-4.061776509515715,16.225062336652016,3.3161976797739494
2,140.0,bad,425,289,-42.006488636751676,15.973887600959525,-4.061776509515715,16.225062336652016,2.5408642998621898
2,140.0,bad,426,289,-45.979730599305086,16.10784190827346,-4.061776509515715,16.225062336652016,2.1668445790388096
2,140.0,bad,283,290,-1.3043759713282617,13.728568039043243,0.7504059079650975,13.203214720152499,20.182055163020316
2,140.0,bad,311,290,-3.6798123820845943,13.752128555252268,0.7504059079650975,13.203214720152499,17.944224446072568
2,140.0,bad,312,290,-5.815549012348824,13.913528594227518,0.7504059079650975,13.203214720152499,12.391176099408023
2,140.0,bad,325,290,-7.944939434522578,14.053222573031592,0.7504059079650975,13.203214720152499,9.167764194150314
2,140.0,bad,359,290,-10.708298472753645,13.73215775388635,0.7504059079650975,13.203214720152499,12.683990503964923
2,140.0,bad,381,290,-25.978250311912362,11.915554968653401,0.7504059079650975,13.203214720152499,4.329650331009523
2,140.0,bad,390,290,-33.428130840828636,12.229638614610005,0.7504059079650975,13.203214720152499,2.992541950658597
2,140.0,bad,395,290,-37.135993062529415,12.270469888032169,0.7504059079650975,13.203214720152499,2.547056289030067
2,140.0,bad,352,291,-20.8387627317513,25.005312880838172,-6.917445488946065,26.37528605227451,2.55188604677255
2,140.0,bad,365,291,-24.337961454015925,25.20211401796862,-6.917445488946065,26.37528605227451,5.526192644660507
2,140.0,bad,387,291,-31.616259877082744,25.432714814943125,-6.917445488946065,26.37528605227451,4.8510263137370275
2,140.0,bad,388,291,-27.952552109879356,25.350218478760727,-6.917445488946065,26.37528605227451,6.063961265301321
2,140.0,bad,427,291,-45.104014724308065,24.449619071107335,-6.917445488946065,26.37528605227451,2.5054813673202947
2,140.0,bad,500,291,-48.98442894082198,24.612017860077984,-6.917445488946065,26.37528605227451,2.154458176057431
2,140.0,bad,531,291,-35.194996900496335,25.4579472317995,-6.917445488946065,26.37528605227451,3.986342455819938
2,140.0,bad,338,292,-15.824930714977572,29.33240946005992,-6.009305406763195,29.12574463838302,14.874669972791313
2,140.0,bad,339,292,-12.434024094248542,28.881234901000862,-6.009305406763195,29.12574463838302,21.650454713103752
2,140.0,bad,348,292,-19.601646012900737,29.692583803982345,-6.009305406763195,29.12574463838302,10.493511501043816
2,140.0,bad,385,292,-23.476401522565798,29.673809167543357,-6.009305406763195,29.12574463838302,7.741719066725754
2,140.0,bad,386,292,-27.24057164565483,30.03396141727223,-6.009305406763195,29.12574463838302,5.988026543140171
2,140.0,bad,389,292,-31.009275601675252,29.805513235702893,-6.009305406763195,29.12574463838302,4.767904554225058
2,140.0,bad,488,292,-43.73615250704639,28.586642586358018,-6.009305406763195,29.12574463838302,2.5641144816570023
2,140.0,bad,491,292,-46.670039257189906,28.70530623096809,-6.009305406763195,29.12574463838302,2.2757258828003932
2,140.0,bad,493,292,-49.61095229864945,28.8174148205119,-6.009305406763195,29.12574463838302,2.032856089751003
2,140.0,bad,498,292,-40.77640162496878,28.468584033774704,-6.009305406763195,29.12574463838302,2.914372442654197
2,140.0,bad,537,292,-34.872636610684694,29.687515779783798,-6.009305406763195,29.12574463838302,3.867077309096159
2,140.0,bad,349,293,-11.072612204116961,16.206056747286784,-8.326485868006316,16.555515892138896,27.789242858251832
2,140.0,bad,371,293,-17.18021014660058,15.923047875895483,-8.326485868006316,16.555515892138896,13.658252951180419
2,140.0,bad,373,293,-21.129778209301353,15.86457343517388,-8.326485868006316,16.555515892138896,10.953426281450716
2,140.0,bad,380,293,-28.745306202507905,16.456997109563833,-8.326485868006316,16.555515892138896,6.312162436664112
2,140.0,bad,382,293,-24.810561278205604,16.21492084141298,-8.326485868006316,16.555515892138896,8.327090225684433
2,140.0,bad,397,293,-32.35618389700636,16.635248275907145,-8.326485868006316,16.555515892138896,5.043670555312791
2,140.0,bad,414,293,-36.02909738323935,16.74364422380024,-8.326485868006316,16.555515892138896,4.108847622491917
2,140.0,bad,415,293,-49.93160452746787,16.252473862641367,-8.326485868006316,16.555515892138896,2.193195468999575
2,140.0,bad,425,293,-42.006488636751676,15.973887600959525,-8.326485868006316,16.555515892138896,3.0612414666905927
2,140.0,bad,426,293,-45.979730599305086,16.10784190827346,-8.326485868006316,16.555515892138896,2.5720413562231768
2,140.0,bad,321,294,-5.445405142837512,11.436610108266263,-3.313937700611013,11.275583574845317,38.00014314630922
2,140.0,bad,337,294,-7.557918951209283,11.576620018657163,-3.313937700611013,11.275583574845317,26.783994642978005
2,140.0,bad,356,294,-9.708108440820666,11.72852985513031,-3.313937700611013,11.275583574845317,19.323255288959025
2,140.0,bad,362,294,-12.498470835492038,11.475789461841027,-3.313937700611013,11.275583574845317,15.869397266715563
2,140.0,bad,381,294,-25.978250311912362,11.915554968653401,-3.313937700611013,11.275583574845317,5.474139434473556
2,140.0,bad,383,294,-18.551667596087043,11.568736204103327,-3.313937700611013,11.275583574845317,9.16985199169204
2,140.0,bad,390,294,-33.428130840828636,12.229638614610005,-3.313937700611013,11.275583574845317,3.6296669716902055
2,140.0,bad,395,294,-37.135993062529415,12.270469888032169,-3.313937700611013,11.275583574845317,3.0414271301304763
2,140.0,bad,423,294,-43.56317307999583,11.81753501039356,-3.313937700611013,11.275583574845317,2.3131510141500122
2,140.0,bad,424,294,-46.63318454859113,11.93735336084206,-3.313937700611013,11.275583574845317,2.054446751961166
2,140.0,bad,283,295,-1.3043759713282617,13.728568039043243,4.339347566135888,13.69618128868417,23.86616491958232
2,140.0,bad,290,295,0.7504059079650975,13.203214720152499,4.339347566135888,13.69618128868417,20.601358592201997
2,140.0,bad,311,295,-3.6798123820845943,13.752128555252268,4.339347566135888,13.69618128868417,17.988453227746685
2,140.0,bad,312,295,-5.815549012348824,13.913528594227518,4.339347566135888,13.69618128868417,14.378108415501234
2,140.0,bad,325,295,-7.944939434522578,14.053222573031592,4.339347566135888,13.69618128868417,11.761573197266866
2,140.0,bad,359,295,-10.708298472753645,13.73215775388635,4.339347566135888,13.69618128868417,9.309558110315985
2,140.0,bad,381,295,-25.978250311912362,11.915554968653401,4.339347566135888,13.69618128868417,2.760319909317812
2,140.0,bad,390,295,-33.428130840828636,12.229638614610005,4.339347566135888,13.69618128868417,2.5597542342308994
2,140.0,bad,395,295,-37.135993062529415,12.270469888032169,4.339347566135888,13.69618128868417,2.2042682422544555
2,140.0,bad,289,296,-4.061776509515715,16.225062336652016,-1.945491520511558,16.07898666998556,38.6608227336064
2,140.0,bad,293,296,-8.326485868006316,16.555515892138896,-1.945491520511558,16.07898666998556,18.751023228373352
2,140.0,bad,302,296,-6.229625749110586,16.416875502120337,-1.945491520511558,16.07898666998556,25.53327599196623
2,140.0,bad,349,296,-11.072612204116961,16.206056747286784,-1.945491520511558,16.07898666998556,15.96480821793927
2,140.0,bad,371,296,-17.18021014660058,15.923047875895483,-1.945491520511558,16.07898666998556,9.172040606712816
2,140.0,bad,373,296,-21.129778209301353,15.86457343517388,-1.945491520511558,16.07898666998556,6.857482944748611
2,140.0,bad,380,296,-28.745306202507905,16.456997109563833,-1.945491520511558,16.07898666998556,4.3129223453226135
2,140.0,bad,382,296,-24.810561278205604,16.21492084141298,-1.945491520511558,16.07898666998556,5.4074658464793774
2,140.0,bad,397,296,-32.35618389700636,16.635248275907145,-1.945491520511558,16.07898666998556,3.576599561731225
2,140.0,bad,414,296,-36.02909738323935,16.74364422380024,-1.945491520511558,16.07898666998556,3.0054442771075007
2,140.0,bad,425,296,-42.006488636751676,15.973887600959525,-1.945491520511558,16.07898666998556,2.3305794390486785
2,140.0,bad,426,296,-45.979730599305086,16.10784190827346,-1.945491520511558,16.07898666998556,2.000436738765747
2,140.0,bad,294,297,-3.313937700611013,11.275583574845317,0.8648890845408745,10.623192568259608,14.31242400749422
2,140.0,bad,299,297,-1.1680127220792906,11.103612973428724,0.8648890845408745,10.623192568259608,22.408952564578772
2,140.0,bad,321,297,-5.445405142837512,11.436610108266263,0.8648890845408745,10.623192568259608,9.591379533570212
2,140.0,bad,337,297,-7.557918951209283,11.576620018657163,0.8648890845408745,10.623192568259608,6.930768793658776
2,140.0,bad,356,297,-9.708108440820666,11.72852985513031,0.8648890845408745,10.623192568259608,4.903603262630248
2,140.0,bad,362,297,-12.498470835492038,11.475789461841027,0.8648890845408745,10.623192568259608,9.056450454188724
2,140.0,bad,381,297,-25.978250311912362,11.915554968653401,0.8648890845408745,10.623192568259608,4.302784975495515
2,140.0,bad,383,297,-18.551667596087043,11.568736204103327,0.8648890845408745,10.623192568259608,6.749618568591159
2,140.0,bad,390,297,-33.428130840828636,12.229638614610005,0.8648890845408745,10.623192568259608,2.977092430197053
2,140.0,bad,395,297,-37.135993062529415,12.270469888032169,0.8648890845408745,10.623192568259608,2.5349212051962158
2,140.0,bad,279,298,-5.909958541482948,21.668731218976223,0.4124812293193294,20.801553228736843,8.186447847260117
2,140.0,bad,303,298,-3.735772447716755,21.49608053433581,0.4124812293193294,20.801553228736843,12.821912730464238
2,140.0,bad,304,298,-1.680919449022218,21.369002044612106,0.4124812293193294,20.801553228736843,18.144291970972628
2,140.0,bad,310,298,-8.460280548679233,21.32006585482837,0.4124812293193294,20.801553228736843,15.631549548391337
2,140.0,bad,355,298,-15.755847633206985,20.42723962502334,0.4124812293193294,20.801553228736843,8.529251566935732
2,140.0,bad,360,298,-19.157162413403018,20.267742895670946,0.4124812293193294,20.801553228736843,6.6799116835948995
2,140.0,bad,376,298,-22.32042787074708,20.694341079248957,0.4124812293193294,20.801553228736843,5.451219792406541
2,140.0,bad,416,298,-32.188593286073036,21.119978864121613,0.4124812293193294,20.801553228736843,3.2182649494467563
2,140.0,bad,419,298,-35.50944261409184,21.33523288663796,0.4124812293193294,20.801553228736843,2.7696363723061164
2,140.0,bad,422,298,-41.37418919792029,20.12794399968731,0.4124812293193294,20.801553228736843,2.177844779273975
2,140.0,bad,294,299,-3.313937700611013,11.275583574845317,-1.1680127220792906,11.103612973428724,37.480897938234364
2,140.0,bad,321,299,-5.445405142837512,11.436610108266263,-1.1680127220792906,11.103612973428724,25.705767375718818
2,140.0,bad,337,299,-7.557918951209283,11.576620018657163,-1.1680127220792906,11.103612973428724,18.831379702330196
2,140.0,bad,356,299,-9.708108440820666,11.72852985513031,-1.1680127220792906,11.103612973428724,13.945617194506427
2,140.0,bad,362,299,-12.498470835492038,11.475789461841027,-1.1680127220792906,11.103612973428724,12.836970294587625
2,140.0,bad,381,299,-25.978250311912362,11.915554968653401,-1.1680127220792906,11.103612973428724,4.820020962587438
2,140.0,bad,383,299,-18.551667596087043,11.568736204103327,-1.1680127220792906,11.103612973428724,7.788970819078579
2,140.0,bad,390,299,-33.428130840828636,12.229638614610005,-1.1680127220792906,11.103612973428724,3.270404628767202
2,140.0,bad,395,299,-37.135993062529415,12.270469888032169,-1.1680127220792906,11.103612973428724,2.7640892133600157
2,140.0,bad,423,299,-43.56317307999583,11.81753501039356,-1.1680127220792906,11.103612973428724,2.127553815746578
2,140.0,bad,285,300,-4.468841015228126,26.7045299326738,-1.9869942214511607,26.594226134539106,37.48911660083309
2,140.0,bad,291,300,-6.917445488946065,26.37528605227451,-1.9869942214511607,26.594226134539106,26.200949697599462
2,140.0,bad,352,300,-20.8387627317513,25.005312880838172,-1.9869942214511607,26.594226134539106,2.009628651528573
2,140.0,bad,365,300,-24.337961454015925,25.20211401796862,-1.9869942214511607,26.594226134539106,4.190240650473627
2,140.0,bad,387,300,-31.616259877082744,25.432714814943125,-1.9869942214511607,26.594226134539106,3.7190400256649605
2,140.0,bad,388,300,-27.952552109879356,25.350218478760727,-1.9869942214511607,26.594226134539106,4.5153279551989485
2,140.0,bad,427,300,-45.104014724308065,24.449619071107335,-1.9869942214511607,26.594226134539106,2.07011984984144
2,140.0,bad,488,300,-43.73615250704639,28.586642586358018,-1.9869942214511607,26.594226134539106,2.181003293710748
2,140.0,bad,498,300,-40.77640162496878,28.468584033774704,-1.9869942214511607,26.594226134539106,2.453645494572965
2,140.0,bad,531,300,-35.194996900496335,25.4579472317995,-1.9869942214511607,26.594226134539106,3.128488187928908
2,140.0,bad,336,301,-2.3234859039950315,8.406698732420427,0.07372930252270837,7.853537312151644,18.705699582438015
2,140.0,bad,354,301,-6.575044995630501,8.71126606178059,0.07372930252270837,7.853537312151644,8.537863561290552
2,140.0,bad,358,301,-4.46425211898979,8.563878448709456,0.07372930252270837,7.853537312151644,12.325350032545947
2,140.0,bad,363,301,-8.728089319216894,8.846935179288298,0.07372930252270837,7.853537312151644,6.256540637781267
2,140.0,bad,372,301,-10.876575939630658,9.030601536770254,0.07372930252270837,7.853537312151644,3.924611080644408
2,140.0,bad,374,301,-13.066676981411522,8.709930061765334,0.07372930252270837,7.853537312151644,9.041186662015507
2,140.0,bad,379,301,-19.12804876572423,6.943393668366644,0.07372930252270837,7.853537312151644,6.849270368586495
2,140.0,bad,402,301,-39.093789106388016,8.073568879575758,0.07372930252270837,7.853537312151644,2.4160522592855944
2,140.0,bad,408,301,-35.75476992600042,7.934875758281356,0.07372930252270837,7.853537312151644,2.78094007886873
2,140.0,bad,409,301,-32.15898517719747,7.325966055538471,0.07372930252270837,7.853537312151644,3.2746501557393253
2,140.0,bad,412,301,-22.284669015174703,6.859997893804719,0.07372930252270837,7.853537312151644,5.5781330466865615
2,140.0,bad,293,302,-8.326485868006316,16.555515892138896,-6.229625749110586,16.416875502120337,39.024474521146
2,140.0,bad,349,302,-11.072612204116961,16.206056747286784,-6.229625749110586,16.416875502120337,26.510646558146195
2,140.0,bad,371,302,-17.18021014660058,15.923047875895483,-6.229625749110586,16.416875502120337,13.306707743523072
2,140.0,bad,373,302,-21.129778209301353,15.86457343517388,-6.229625749110586,16.416875502120337,9.420173236453925
2,140.0,bad,380,302,-28.745306202507905,16.456997109563833,-6.229625749110586,16.416875502120337,5.524299402915729
2,140.0,bad,382,302,-24.810561278205604,16.21492084141298,-6.229625749110586,16.416875502120337,7.150065518387643
2,140.0,bad,397,302,-32.35618389700636,16.635248275907145,-6.229625749110586,16.416875502120337,4.475171952619521
2,140.0,bad,414,302,-36.02909738323935,16.74364422380024,-6.229625749110586,16.416875502120337,3.6872984334160823
2,140.0,bad,415,302,-49.93160452746787,16.252473862641367,-6.229625749110586,16.416875502120337,2.025267179225464
2,140.0,bad,425,302,-42.006488636751676,15.973887600959525,-6.229625749110586,16.416875502120337,2.7872174229204223
2,140.0,bad,426,302,-45.979730599305086,16.10784190827346,-6.229625749110586,16.416875502120337,2.3597983939951312
2,140.0,bad,279,303,-5.909958541482948,21.668731218976223,-3.735772447716755,21.49608053433581,37.34499604042476
2,140.0,bad,310,303,-8.460280548679233,21.32006585482837,-3.735772447716755,21.49608053433581,26.938990142744867
2,140.0,bad,355,303,-15.755847633206985,20.42723962502334,-3.735772447716755,21.49608053433581,5.922741571437142
2,140.0,bad,360,303,-19.157162413403018,20.267742895670946,-3.735772447716755,21.49608053433581,4.625726529045709
2,140.0,bad,376,303,-22.32042787074708,20.694341079248957,-3.735772447716755,21.49608053433581,7.148204677015267
2,140.0,bad,416,303,-32.188593286073036,21.119978864121613,-3.735772447716755,21.49608053433581,3.9500854724310677
2,140.0,bad,418,303,-45.29270549823571,20.256393454361948,-3.735772447716755,21.49608053433581,2.1972969481969744
2,140.0,bad,419,303,-35.50944261409184,21.33523288663796,-3.735772447716755,21.49608053433581,3.3470148195634923
2,140.0,bad,422,303,-41.37418919792029,20.12794399968731,-3.735772447716755,21.49608053433581,2.5736427577252594
2,140.0,bad,279,304,-5.909958541482948,21.668731218976223,-1.680919449022218,21.369002044612106,26.855848048671856
2,140.0,bad,303,304,-3.735772447716755,21.49608053433581,-1.680919449022218,21.369002044612106,39.6229877863386
2,140.0,bad,310,304,-8.460280548679233,21.32006585482837,-1.680919449022218,21.369002044612106,20.744934180568787
2,140.0,bad,355,304,-15.755847633206985,20.42723962502334,-1.680919449022218,21.369002044612106,7.908403843476488
2,140.0,bad,360,304,-19.157162413403018,20.267742895670946,-1.680919449022218,21.369002044612106,6.205332226784164
2,140.0,bad,376,304,-22.32042787074708,20.694341079248957,-1.680919449022218,21.369002044612106,6.221560311743786
2,140.0,bad,416,304,-32.188593286073036,21.119978864121613,-1.680919449022218,21.369002044612106,3.55949422862248
2,140.0,bad,418,304,-45.29270549823571,20.256393454361948,-1.680919449022218,21.369002044612106,2.0320872476661043
2,140.0,bad,419,304,-35.50944261409184,21.33523288663796,-1.680919449022218,21.369002044612106,3.0405295456763795
2,140.0,bad,422,304,-41.37418919792029,20.12794399968731,-1.680919449022218,21.369002044612106,2.3651993699757456
2,140.0,bad,275,305,-4.455316568118902,18.717291809345113,-2.3390985069999086,18.59093888183812,39.34729134071195
2,140.0,bad,287,305,-6.609277238362222,18.875267402094188,-2.3390985069999086,18.59093888183812,27.219333231102194
2,140.0,bad,308,305,-9.306561592689192,18.539101088488998,-2.3390985069999086,18.59093888183812,20.287525370633787
2,140.0,bad,414,305,-36.02909738323935,16.74364422380024,-2.3390985069999086,18.59093888183812,2.7019035675354406
2,140.0,bad,418,305,-45.29270549823571,20.256393454361948,-2.3390985069999086,18.59093888183812,2.0829162406365143
2,140.0,bad,422,305,-41.37418919792029,20.12794399968731,-2.3390985069999086,18.59093888183812,2.429119812578157
2,140.0,bad,273,306,-6.841197606641166,23.743401780737756,0.28370388442413663,23.496825395136916,19.916211888504176
2,140.0,bad,278,306,-2.020624066187601,23.927502307905918,0.28370388442413663,23.496825395136916,24.588746481230146
2,140.0,bad,281,306,-4.206746211107241,24.111234947971752,0.28370388442413663,23.496825395136916,15.608370729156409
2,140.0,bad,352,306,-20.8387627317513,25.005312880838172,0.28370388442413663,23.496825395136916,3.172043329870771
2,140.0,bad,365,306,-24.337961454015925,25.20211401796862,0.28370388442413663,23.496825395136916,2.445557837332792
2,140.0,bad,387,306,-31.616259877082744,25.432714814943125,0.28370388442413663,23.496825395136916,2.249596833224446
2,140.0,bad,388,306,-27.952552109879356,25.350218478760727,0.28370388442413663,23.496825395136916,2.1826109664621542
2,140.0,bad,421,306,-41.22396530473057,24.29944081676289,0.28370388442413663,23.496825395136916,2.2015021121982037
2,140.0,bad,531,306,-35.194996900496335,25.4579472317995,0.28370388442413663,23.496825395136916,2.423268658954833
2,140.0,bad,289,307,-4.061776509515715,16.225062336652016,0.6159858229985513,15.84628270946906,23.564447076190653
2,140.0,bad,293,307,-8.326485868006316,16.555515892138896,0.6159858229985513,15.84628270946906,12.101653188867562
2,140.0,bad,296,307,-1.945491520511558,16.07898666998556,0.6159858229985513,15.84628270946906,33.46462299216954
2,140.0,bad,302,307,-6.229625749110586,16.416875502120337,0.6159858229985513,15.84628270946906,16.01070429563164
2,140.0,bad,349,307,-11.072612204116961,16.206056747286784,0.6159858229985513,15.84628270946906,12.416521434858392
2,140.0,bad,371,307,-17.18021014660058,15.923047875895483,0.6159858229985513,15.84628270946906,7.559484348445279
2,140.0,bad,373,307,-21.129778209301353,15.86457343517388,0.6159858229985513,15.84628270946906,5.795505660998799
2,140.0,bad,380,307,-28.745306202507905,16.456997109563833,0.6159858229985513,15.84628270946906,3.76985121969778
2,140.0,bad,382,307,-24.810561278205604,16.21492084141298,0.6159858229985513,15.84628270946906,4.653773598243678
2,140.0,bad,397,307,-32.35618389700636,16.635248275907145,0.6159858229985513,15.84628270946906,3.1629209461975174
2,140.0,bad,414,307,-36.02909738323935,16.74364422380024,0.6159858229985513,15.84628270946906,2.684424276858477
2,140.0,bad,425,307,-42.006488636751676,15.973887600959525,0.6159858229985513,15.84628270946906,2.109212662735095
2,140.0,bad,414,308,-36.02909738323935,16.74364422380024,-9.306561592689192,18.539101088488998,2.263338511450304
2,140.0,bad,417,308,-49.28106766308437,20.406010159768663,-9.306561592689192,18.539101088488998,2.3386535032702627
2,140.0,bad,418,308,-45.29270549823571,20.256393454361948,-9.306561592689192,18.539101088488998,2.7619061297181857
2,140.0,bad,422,308,-41.37418919792029,20.12794399968731,-9.306561592689192,18.539101088488998,3.300402143075423
2,140.0,bad,496,308,-53.19684895431486,20.52884300022722,-9.306561592689192,18.539101088488998,2.0111381443619702
2,140.0,bad,279,309,-5.909958541482948,21.668731218976223,7.33991503370499,20.567951161590955,5.744896970061194
2,140.0,bad,298,309,0.4124812293193294,20.801553228736843,7.33991503370499,20.567951161590955,20.383588988247567
2,140.0,bad,303,309,-3.735772447716755,21.49608053433581,7.33991503370499,20.567951161590955,7.991966382526411
2,140.0,bad,304,309,-1.680919449022218,21.369002044612106,7.33991503370499,20.567951161590955,10.212739078115904
2,140.0,bad,310,309,-8.460280548679233,21.32006585482837,7.33991503370499,20.567951161590955,8.774389428912677
2,140.0,bad,355,309,-15.755847633206985,20.42723962502334,7.33991503370499,20.567951161590955,5.332343460756187
2,140.0,bad,360,309,-19.157162413403018,20.267742895670946,7.33991503370499,20.567951161590955,4.384769051193563
2,140.0,bad,376,309,-22.32042787074708,20.694341079248957,7.33991503370499,20.567951161590955,3.713213941401373
2,140.0,bad,416,309,-32.188593286073036,21.119978864121613,7.33991503370499,20.567951161590955,2.3809616781326257
2,140.0,bad,419,309,-35.50944261409184,21.33523288663796,7.33991503370499,20.567951161590955,2.0911417640988774
2,140.0,bad,355,310,-15.755847633206985,20.42723962502334,-8.460280548679233,21.32006585482837,7.892114649756967
2,140.0,bad,360,310,-19.157162413403018,20.267742895670946,-8.460280548679233,21.32006585482837,5.821067950373352
2,140.0,bad,376,310,-22.32042787074708,20.694341079248957,-8.460280548679233,21.32006585482837,10.259274740951579
2,140.0,bad,416,310,-32.188593286073036,21.119978864121613,-8.460280548679233,21.32006585482837,5.134210490756333
2,140.0,bad,417,310,-49.28106766308437,20.406010159768663,-8.460280548679233,21.32006585482837,2.2614142667187926
2,140.0,bad,418,310,-45.29270549823571,20.256393454361948,-8.460280548679233,21.32006585482837,2.6629904582910076
2,140.0,bad,419,310,-35.50944261409184,21.33523288663796,-8.460280548679233,21.32006585482837,4.255064246906478
2,140.0,bad,422,310,-41.37418919792029,20.12794399968731,-8.460280548679233,21.32006585482837,3.171514908170036
2,140.0,bad,312,311,-5.815549012348824,13.913528594227518,-3.6798123820845943,13.752128555252268,37.9676480148697
2,140.0,bad,325,311,-7.944939434522578,14.053222573031592,-3.6798123820845943,13.752128555252268,26.737191253852053
2,140.0,bad,359,311,-10.708298472753645,13.73215775388635,-3.6798123820845943,13.752128555252268,20.142381814534563
2,140.0,bad,390,311,-33.428130840828636,12.229638614610005,-3.6798123820845943,13.752128555252268,3.6500162888142484
2,140.0,bad,395,311,-37.135993062529415,12.270469888032169,-3.6798123820845943,13.752128555252268,3.092856668403019
2,140.0,bad,423,311,-43.56317307999583,11.81753501039356,-3.6798123820845943,13.752128555252268,2.3472075453038834
2,140.0,bad,424,311,-46.63318454859113,11.93735336084206,-3.6798123820845943,13.752128555252268,2.0829347142976533
2,140.0,bad,325,312,-7.944939434522578,14.053222573031592,-5.815549012348824,13.913528594227518,38.84018069009667
2,140.0,bad,359,312,-10.708298472753645,13.73215775388635,-5.815549012348824,13.913528594227518,26.333775878256432
2,140.0,bad,390,312,-33.428130840828636,12.229638614610005,-5.815549012348824,13.913528594227518,2.972669509437861
2,140.0,bad,395,312,-37.135993062529415,12.270469888032169,-5.815549012348824,13.913528594227518,3.283775942075436
2,140.0,bad,423,312,-43.56317307999583,11.81753501039356,-5.815549012348824,13.913528594227518,2.140779350145108
2,140.0,bad,424,312,-46.63318454859113,11.93735336084206,-5.815549012348824,13.913528594227518,2.2616947695302545
2,140.0,bad,425,312,-42.006488636751676,15.973887600959525,-5.815549012348824,13.913528594227518,2.1551738903015485
2,140.0,bad,429,312,-49.66576466269177,12.021991389349662,-5.815549012348824,13.913528594227518,2.01413236567877
2,140.0,bad,316,313,13.402476151442452,34.80871810346116,16.356891030979867,35.04352087614894,32.25009897319156
2,140.0,bad,319,313,10.156378256278074,34.56717029642704,16.356891030979867,35.04352087614894,18.925770069026235
2,140.0,bad,277,314,7.633838301026843,13.949985755416296,26.876518454139052,15.040814171125296,6.223310699457043
2,140.0,bad,283,314,-1.3043759713282617,13.728568039043243,26.876518454139052,15.040814171125296,4.00655128365597
2,140.0,bad,289,314,-4.061776509515715,16.225062336652016,26.876518454139052,15.040814171125296,3.4850049586631204
2,140.0,bad,293,314,-8.326485868006316,16.555515892138896,26.876518454139052,15.040814171125296,2.8584348721475212
2,140.0,bad,295,314,4.339347566135888,13.69618128868417,26.876518454139052,15.040814171125296,4.513164347060312
2,140.0,bad,296,314,-1.945491520511558,16.07898666998556,26.876518454139052,15.040814171125296,3.875313741358228
2,140.0,bad,302,314,-6.229625749110586,16.416875502120337,26.876518454139052,15.040814171125296,3.143290696465898
2,140.0,bad,307,314,0.6159858229985513,15.84628270946906,26.876518454139052,15.040814171125296,4.442163544355732
2,140.0,bad,311,314,-3.6798123820845943,13.752128555252268,26.876518454139052,15.040814171125296,3.550958426186066
2,140.0,bad,312,314,-5.815549012348824,13.913528594227518,26.876518454139052,15.040814171125296,3.2045608884020647
2,140.0,bad,325,314,-7.944939434522578,14.053222573031592,26.876518454139052,15.040814171125296,2.9073073409896266
2,140.0,bad,333,314,10.885970344494089,13.842554534085167,26.876518454139052,15.040814171125296,5.076748067540436
2,140.0,bad,345,314,14.173828937361352,13.840261260797224,26.876518454139052,15.040814171125296,4.227803872444694
2,140.0,bad,349,314,-11.072612204116961,16.206056747286784,26.876518454139052,15.040814171125296,2.540396038173541
2,140.0,bad,359,314,-10.708298472753645,13.73215775388635,26.876518454139052,15.040814171125296,2.579443956428674
2,140.0,bad,284,315,-2.4875979751491,29.137048678259326,16.90030795805074,28.040219964937627,6.170846612445391
2,140.0,bad,285,315,-4.468841015228126,26.7045299326738,16.90030795805074,28.040219964937627,4.503819879802882
2,140.0,bad,291,315,-6.917445488946065,26.37528605227451,16.90030795805074,28.040219964937627,2.5604244586796594
2,140.0,bad,292,315,-6.009305406763195,29.12574463838302,16.90030795805074,28.040219964937627,5.392837596524611
2,140.0,bad,300,315,-1.9869942214511607,26.594226134539106,16.90030795805074,28.040219964937627,3.2274534362782465
2,140.0,bad,322,315,10.421322104306235,27.761382710740612,16.90030795805074,28.040219964937627,21.508094705999348
2,140.0,bad,323,315,5.1902152989366,28.178894508855883,16.90030795805074,28.040219964937627,12.391947017492692
2,140.0,bad,332,315,13.683608466726996,27.90113734779347,16.90030795805074,28.040219964937627,33.43619665727902
2,140.0,bad,338,315,-15.824930714977572,29.33240946005992,16.90030795805074,28.040219964937627,3.199586878196282
2,140.0,bad,339,315,-12.434024094248542,28.881234901000862,16.90030795805074,28.040219964937627,3.775020745310894
2,140.0,bad,346,315,0.09094870249887421,28.771644445521005,16.90030795805074,28.040219964937627,8.126247268414795
2,140.0,bad,348,315,-19.601646012900737,29.692583803982345,16.90030795805074,28.040219964937627,2.700974587519163
2,140.0,bad,385,315,-23.476401522565798,29.673809167543357,16.90030795805074,28.040219964937627,2.301459350225092
2,140.0,bad,319,316,10.156378256278074,34.56717029642704,13.402476151442452,34.80871810346116,31.178437029810425
2,140.0,bad,329,317,-0.032967102612463606,31.387265258597296,22.584075760955123,32.10006427885562,5.490017556475463
2,140.0,bad,331,317,7.022767150810143,32.50541275544972,22.584075760955123,32.10006427885562,8.939160489921658
2,140.0,bad,340,317,-1.867127337122641,32.07005166060774,22.584075760955123,32.10006427885562,4.9210085122417375
2,140.0,bad,342,317,-4.151269209901903,31.2399498721562,22.584075760955123,32.10006427885562,4.3280737939491125
2,140.0,bad,313,318,16.356891030979867,35.04352087614894,24.414798797201442,34.54539332961728,16.712996047937928
2,140.0,bad,316,318,13.402476151442452,34.80871810346116,24.414798797201442,34.54539332961728,13.22862728289448
2,140.0,bad,319,318,10.156378256278074,34.56717029642704,24.414798797201442,34.54539332961728,9.925167863023027
2,140.0,bad,313,320,16.356891030979867,35.04352087614894,22.485287555452565,35.75274572870224,12.436359114057428
2,140.0,bad,316,320,13.402476151442452,34.80871810346116,22.485287555452565,35.75274572870224,7.321245965584024
2,140.0,bad,319,320,10.156378256278074,34.56717029642704,22.485287555452565,35.75274572870224,4.31018993889086
2,140.0,bad,337,321,-7.557918951209283,11.576620018657163,-5.445405142837512,11.436610108266263,38.90431251795222
2,140.0,bad,356,321,-9.708108440820666,11.72852985513031,-5.445405142837512,11.436610108266263,27.016577639099097
2,140.0,bad,362,321,-12.498470835492038,11.475789461841027,-5.445405142837512,11.436610108266263,20.084358825082678
2,140.0,bad,381,321,-25.978250311912362,11.915554968653401,-5.445405142837512,11.436610108266263,6.265104959123501
2,140.0,bad,383,321,-18.551667596087043,11.568736204103327,-5.445405142837512,11.436610108266263,10.93965177541151
2,140.0,bad,390,321,-33.428130840828636,12.229638614610005,-5.445405142837512,11.436610108266263,4.048467410954017
2,140.0,bad,395,321,-37.135993062529415,12.270469888032169,-5.445405142837512,11.436610108266263,3.3603681736589035
2,140.0,bad,423,321,-43.56317307999583,11.81753501039356,-5.445405142837512,11.436610108266263,2.5226207014552964
2,140.0,bad,424,321,-46.63318454859113,11.93735336084206,-5.445405142837512,11.436610108266263,2.2291039559630756
2,140.0,bad,284,322,-2.4875979751491,29.137048678259326,10.421322104306235,27.761382710740612,2.1066257400399024
2,140.0,bad,285,322,-4.468841015228126,26.7045299326738,10.421322104306235,27.761382710740612,6.5493774035945584
2,140.0,bad,291,322,-6.917445488946065,26.37528605227451,10.421322104306235,27.761382710740612,3.416238693691177
2,140.0,bad,292,322,-6.009305406763195,29.12574463838302,10.421322104306235,27.761382710740612,3.3997996851565744
2,140.0,bad,300,322,-1.9869942214511607,26.594226134539106,10.421322104306235,27.761382710740612,4.5950014213273205
2,140.0,bad,323,322,5.1902152989366,28.178894508855883,10.421322104306235,27.761382710740612,21.619328465039235
2,140.0,bad,338,322,-15.824930714977572,29.33240946005992,10.421322104306235,27.761382710740612,3.4361371412936736
2,140.0,bad,339,322,-12.434024094248542,28.881234901000862,10.421322104306235,27.761382710740612,5.410667005532612
2,140.0,bad,346,322,0.09094870249887421,28.771644445521005,10.421322104306235,27.761382710740612,6.432722027825191
2,140.0,bad,348,322,-19.601646012900737,29.692583803982345,10.421322104306235,27.761382710740612,2.0502577096160963
2,140.0,bad,385,322,-23.476401522565798,29.673809167543357,10.421322104306235,27.761382710740612,2.4987342459596107
2,140.0,bad,389,322,-31.009275601675252,29.805513235702893,10.421322104306235,27.761382710740612,2.208105191788846
2,140.0,bad,284,323,-2.4875979751491,29.137048678259326,5.1902152989366,28.178894508855883,6.555795186861925
2,140.0,bad,292,323,-6.009305406763195,29.12574463838302,5.1902152989366,28.178894508855883,7.695839325709029
2,140.0,bad,338,323,-15.824930714977572,29.33240946005992,5.1902152989366,28.178894508855883,5.684900266427822
2,140.0,bad,339,323,-12.434024094248542,28.881234901000862,5.1902152989366,28.178894508855883,7.65389048764749
2,140.0,bad,346,323,0.09094870249887421,28.771644445521005,5.1902152989366,28.178894508855883,16.158161374018796
2,140.0,bad,348,323,-19.601646012900737,29.692583803982345,5.1902152989366,28.178894508855883,3.6355030422604373
2,140.0,bad,385,323,-23.476401522565798,29.673809167543357,5.1902152989366,28.178894508855883,3.7926380059359133
2,140.0,bad,386,323,-27.24057164565483,30.03396141727223,5.1902152989366,28.178894508855883,2.613788879586244
2,140.0,bad,389,323,-31.009275601675252,29.805513235702893,5.1902152989366,28.178894508855883,2.7364563331475718
2,140.0,bad,537,323,-34.872636610684694,29.687515779783798,5.1902152989366,28.178894508855883,2.330406749596293
2,140.0,bad,282,324,7.846456856472887,7.242700103953819,14.489537773159288,6.881259464230212,20.81370001999396
2,140.0,bad,286,324,4.437989347203115,7.24730004785831,14.489537773159288,6.881259464230212,14.5267034563549
2,140.0,bad,301,324,0.07372930252270837,7.853537312151644,14.489537773159288,6.881259464230212,7.535291804420809
2,140.0,bad,341,324,11.155037429815955,6.965066941660472,14.489537773159288,6.881259464230212,32.84803601436244
2,140.0,bad,347,324,1.1126044160848338,5.845449440921806,14.489537773159288,6.881259464230212,6.654820587827101
2,140.0,bad,351,324,-1.9541512965221919,5.9205303390423305,14.489537773159288,6.881259464230212,7.512143378216768
2,140.0,bad,353,324,-4.072570879545101,6.066792758486027,14.489537773159288,6.881259464230212,7.159494637710097
2,140.0,bad,361,324,-6.222035452238913,6.2146957962007,14.489537773159288,6.881259464230212,6.192396746250379
2,140.0,bad,364,324,-8.390293677163411,6.393639146628759,14.489537773159288,6.881259464230212,5.402611476702864
2,140.0,bad,368,324,-13.400496124439261,5.951526582069377,14.489537773159288,6.881259464230212,4.068299472339583
2,140.0,bad,374,324,-13.066676981411522,8.709930061765334,14.489537773159288,6.881259464230212,2.211315193964767
2,140.0,bad,377,324,-10.450976814005944,6.523737128913284,14.489537773159288,6.881259464230212,4.7841447185906025
2,140.0,bad,379,324,-19.12804876572423,6.943393668366644,14.489537773159288,6.881259464230212,3.070008933047799
2,140.0,bad,412,324,-22.284669015174703,6.859997893804719,14.489537773159288,6.881259464230212,2.6696236393257204
2,140.0,bad,359,325,-10.708298472753645,13.73215775388635,-7.944939434522578,14.053222573031592,29.043397427583038
2,140.0,bad,395,325,-37.135993062529415,12.270469888032169,-7.944939434522578,14.053222573031592,2.6485923103313747
2,140.0,bad,415,325,-49.93160452746787,16.252473862641367,-7.944939434522578,14.053222573031592,2.037999633670257
2,140.0,bad,424,325,-46.63318454859113,11.93735336084206,-7.944939434522578,14.053222573031592,2.131434742382896
2,140.0,bad,425,325,-42.006488636751676,15.973887600959525,-7.944939434522578,14.053222573031592,2.4802156265766753
2,140.0,bad,426,325,-45.979730599305086,16.10784190827346,-7.944939434522578,14.053222573031592,2.263155562927392
2,140.0,bad,429,325,-49.66576466269177,12.021991389349662,-7.944939434522578,14.053222573031592,2.183393488261521
2,140.0,bad,279,326,-5.909958541482948,21.668731218976223,17.18664177480722,20.876581625980922,5.332073549187144
2,140.0,bad,298,326,0.4124812293193294,20.801553228736843,17.18664177480722,20.876581625980922,8.147627691398483
2,140.0,bad,303,326,-3.735772447716755,21.49608053433581,17.18664177480722,20.876581625980922,6.108240314342287
2,140.0,bad,304,326,-1.680919449022218,21.369002044612106,17.18664177480722,20.876581625980922,7.0087845640925535
2,140.0,bad,309,326,7.33991503370499,20.567951161590955,17.18664177480722,20.876581625980922,14.828086869030397
2,140.0,bad,310,326,-8.460280548679233,21.32006585482837,17.18664177480722,20.876581625980922,4.596410651749099
2,140.0,bad,327,326,10.562107282693354,20.650987461473218,17.18664177480722,20.876581625980922,21.13313441205759
2,140.0,bad,344,326,13.85953848727955,20.819572826016554,17.18664177480722,20.876581625980922,32.884509985018354
2,140.0,bad,355,326,-15.755847633206985,20.42723962502334,17.18664177480722,20.876581625980922,3.167294652697148
2,140.0,bad,360,326,-19.157162413403018,20.267742895670946,17.18664177480722,20.876581625980922,2.7194403737494763
2,140.0,bad,376,326,-22.32042787074708,20.694341079248957,17.18664177480722,20.876581625980922,2.3830242406870576
2,140.0,bad,279,327,-5.909958541482948,21.668731218976223,10.562107282693354,20.650987461473218,6.995863308206922
2,140.0,bad,298,327,0.4124812293193294,20.801553228736843,10.562107282693354,20.650987461473218,14.385631144919111
2,140.0,bad,303,327,-3.735772447716755,21.49608053433581,10.562107282693354,20.650987461473218,8.962804986418815
2,140.0,bad,304,327,-1.680919449022218,21.369002044612106,10.562107282693354,20.650987461473218,10.955657100894701
2,140.0,bad,309,327,7.33991503370499,20.567951161590955,10.562107282693354,20.650987461473218,33.408422325358096
2,140.0,bad,310,327,-8.460280548679233,21.32006585482837,10.562107282693354,20.650987461473218,6.934204080784028
2,140.0,bad,355,327,-15.755847633206985,20.42723962502334,10.562107282693354,20.650987461473218,4.428127647904141
2,140.0,bad,360,327,-19.157162413403018,20.267742895670946,10.562107282693354,20.650987461473218,3.7022043998720937
2,140.0,bad,376,327,-22.32042787074708,20.694341079248957,10.562107282693354,20.650987461473218,3.176157260012512
2,140.0,bad,416,327,-32.188593286073036,21.119978864121613,10.562107282693354,20.650987461473218,2.0989710007936537
2,140.0,bad,277,328,7.633838301026843,13.949985755416296,17.400625659114212,13.766952095661114,14.94826269151289
2,140.0,bad,283,328,-1.3043759713282617,13.728568039043243,17.400625659114212,13.766952095661114,7.088392383128796
2,140.0,bad,290,328,0.7504059079650975,13.203214720152499,17.400625659114212,13.766952095661114,8.223587411375213
2,140.0,bad,295,328,4.339347566135888,13.69618128868417,17.400625659114212,13.766952095661114,10.982372148823881
2,140.0,bad,311,328,-3.6798123820845943,13.752128555252268,17.400625659114212,13.766952095661114,6.046285355360109
2,140.0,bad,312,328,-5.815549012348824,13.913528594227518,17.400625659114212,13.766952095661114,5.2937529624736674
2,140.0,bad,325,328,-7.944939434522578,14.053222573031592,17.400625659114212,13.766952095661114,4.675123018624756
2,140.0,bad,333,328,10.885970344494089,13.842554534085167,17.400625659114212,13.766952095661114,21.41528578903612
2,140.0,bad,345,328,14.173828937361352,13.840261260797224,17.400625659114212,13.766952095661114,33.385166294614315
2,140.0,bad,359,328,-10.708298472753645,13.73215775388635,17.400625659114212,13.766952095661114,4.021698651985489
2,140.0,bad,373,328,-21.129778209301353,15.86457343517388,17.400625659114212,13.766952095661114,2.1718950784009867
2,140.0,bad,381,328,-25.978250311912362,11.915554968653401,17.400625659114212,13.766952095661114,2.049859303037583
2,140.0,bad,340,329,-1.867127337122641,32.07005166060774,-0.032967102612463606,31.387265258597296,12.803128290467603
2,140.0,bad,342,329,-4.151269209901903,31.2399498721562,-0.032967102612463606,31.387265258597296,29.302046982063878
2,140.0,bad,385,329,-23.476401522565798,29.673809167543357,-0.032967102612463606,31.387265258597296,2.175482114454494
2,140.0,bad,386,329,-27.24057164565483,30.03396141727223,-0.032967102612463606,31.387265258597296,4.218902420239515
2,140.0,bad,389,329,-31.009275601675252,29.805513235702893,-0.032967102612463606,31.387265258597296,3.438629318939578
2,140.0,bad,537,329,-34.872636610684694,29.687515779783798,-0.032967102612463606,31.387265258597296,2.9049462164217816
2,140.0,bad,335,330,-16.985651676632255,25.07581110419015,-13.325875071682043,24.98935683459655,31.30226099812309
2,140.0,bad,352,330,-20.8387627317513,25.005312880838172,-13.325875071682043,24.98935683459655,19.0435266644038
2,140.0,bad,365,330,-24.337961454015925,25.20211401796862,-13.325875071682043,24.98935683459655,13.228924774376857
2,140.0,bad,387,330,-31.616259877082744,25.432714814943125,-13.325875071682043,24.98935683459655,7.2976863285291085
2,140.0,bad,388,330,-27.952552109879356,25.350218478760727,-13.325875071682043,24.98935683459655,9.630554029515517
2,140.0,bad,421,330,-41.22396530473057,24.29944081676289,-13.325875071682043,24.98935683459655,4.066569986692194
2,140.0,bad,427,330,-45.104014724308065,24.449619071107335,-13.325875071682043,24.98935683459655,3.346298720826165
2,140.0,bad,492,330,-52.85376055661111,24.728994436536286,-13.325875071682043,24.98935683459655,2.3810215617806767
2,140.0,bad,500,330,-48.98442894082198,24.612017860077984,-13.325875071682043,24.98935683459655,2.801680438169783
2,140.0,bad,531,330,-35.194996900496335,25.4579472317995,-13.325875071682043,24.98935683459655,5.750726443824812
2,140.0,bad,329,331,-0.032967102612463606,31.387265258597296,7.022767150810143,32.50541275544972,2.9667351866203187
2,140.0,bad,340,331,-1.867127337122641,32.07005166060774,7.022767150810143,32.50541275544972,16.36830985583621
2,140.0,bad,342,331,-4.151269209901903,31.2399498721562,7.022767150810143,32.50541275544972,2.7523084517543968
2,140.0,bad,284,332,-2.4875979751491,29.137048678259326,13.683608466726996,27.90113734779347,4.698887943792392
2,140.0,bad,285,332,-4.468841015228126,26.7045299326738,13.683608466726996,27.90113734779347,5.369883294440795
2,140.0,bad,291,332,-6.917445488946065,26.37528605227451,13.683608466726996,27.90113734779347,2.9346962377595434
2,140.0,bad,292,332,-6.009305406763195,29.12574463838302,13.683608466726996,27.90113734779347,5.231622847021902
2,140.0,bad,300,332,-1.9869942214511607,26.594226134539106,13.683608466726996,27.90113734779347,3.8062666235222524
2,140.0,bad,322,332,10.421322104306235,27.761382710740612,13.683608466726996,27.90113734779347,33.20672914819096
2,140.0,bad,323,332,5.1902152989366,28.178894508855883,13.683608466726996,27.90113734779347,17.07771243365379
2,140.0,bad,338,332,-15.824930714977572,29.33240946005992,13.683608466726996,27.90113734779347,3.741803336254326
2,140.0,bad,339,332,-12.434024094248542,28.881234901000862,13.683608466726996,27.90113734779347,4.477384083866564
2,140.0,bad,346,332,0.09094870249887421,28.771644445521005,13.683608466726996,27.90113734779347,8.807817366254438
2,140.0,bad,348,332,-19.601646012900737,29.692583803982345,13.683608466726996,27.90113734779347,2.8606274492519437
2,140.0,bad,385,332,-23.476401522565798,29.673809167543357,13.683608466726996,27.90113734779347,2.6261233738227943
2,140.0,bad,386,332,-27.24057164565483,30.03396141727223,13.683608466726996,27.90113734779347,2.1478127595888177
2,140.0,bad,277,333,7.633838301026843,13.949985755416296,10.885970344494089,13.842554534085167,33.25763731949896
2,140.0,bad,283,333,-1.3043759713282617,13.728568039043243,10.885970344494089,13.842554534085167,11.861366949750645
2,140.0,bad,290,333,0.7504059079650975,13.203214720152499,10.885970344494089,13.842554534085167,12.941181830757131
2,140.0,bad,295,333,4.339347566135888,13.69618128868417,10.885970344494089,13.842554534085167,21.332618639675076
2,140.0,bad,311,333,-3.6798123820845943,13.752128555252268,10.885970344494089,13.842554534085167,9.6783581490537
2,140.0,bad,312,333,-5.815549012348824,13.913528594227518,10.885970344494089,13.842554534085167,8.19201905486255
2,140.0,bad,325,333,-7.944939434522578,14.053222573031592,10.885970344494089,13.842554534085167,7.026615798969966
2,140.0,bad,359,333,-10.708298472753645,13.73215775388635,10.885970344494089,13.842554534085167,5.851218067292276
2,140.0,bad,381,333,-25.978250311912362,11.915554968653401,10.885970344494089,13.842554534085167,2.540820430527252
2,140.0,bad,273,334,-6.841197606641166,23.743401780737756,7.482427389943522,25.163497917695228,2.153383289313269
2,140.0,bad,278,334,-2.020624066187601,23.927502307905918,7.482427389943522,25.163497917695228,2.384651373347186
2,140.0,bad,281,334,-4.206746211107241,24.111234947971752,7.482427389943522,25.163497917695228,6.095708964795166
2,140.0,bad,288,334,0.18060924094378628,26.112775525380787,7.482427389943522,25.163497917695228,6.5974394435605115
2,140.0,bad,291,334,-6.917445488946065,26.37528605227451,7.482427389943522,25.163497917695228,4.577265426559213
2,140.0,bad,330,334,-13.325875071682043,24.98935683459655,7.482427389943522,25.163497917695228,6.153573089115715
2,140.0,bad,335,334,-16.985651676632255,25.07581110419015,7.482427389943522,25.163497917695228,4.916190927012252
2,140.0,bad,352,334,-20.8387627317513,25.005312880838172,7.482427389943522,25.163497917695228,3.977268635640261
2,140.0,bad,365,334,-24.337961454015925,25.20211401796862,7.482427389943522,25.163497917695228,3.3395409165681595
2,140.0,bad,387,334,-31.616259877082744,25.432714814943125,7.482427389943522,25.163497917695228,2.422831104600239
2,140.0,bad,388,334,-27.952552109879356,25.350218478760727,7.482427389943522,25.163497917695228,2.829321039513513
2,140.0,bad,531,334,-35.194996900496335,25.4579472317995,7.482427389943522,25.163497917695228,2.104814557476449
2,140.0,bad,352,335,-20.8387627317513,25.005312880838172,-16.985651676632255,25.07581110419015,30.43464710221695
2,140.0,bad,365,335,-24.337961454015925,25.20211401796862,-16.985651676632255,25.07581110419015,19.39761420882342
2,140.0,bad,387,335,-31.616259877082744,25.432714814943125,-16.985651676632255,25.07581110419015,9.627480110356874
2,140.0,bad,388,335,-27.952552109879356,25.350218478760727,-16.985651676632255,25.07581110419015,13.286005757210177
2,140.0,bad,421,335,-41.22396530473057,24.29944081676289,-16.985651676632255,25.07581110419015,4.9823951753252
2,140.0,bad,427,335,-45.104014724308065,24.449619071107335,-16.985651676632255,25.07581110419015,4.019707182675861
2,140.0,bad,492,335,-52.85376055661111,24.728994436536286,-16.985651676632255,25.07581110419015,2.776139161249603
2,140.0,bad,500,335,-48.98442894082198,24.612017860077984,-16.985651676632255,25.07581110419015,3.3112319855068226
2,140.0,bad,531,335,-35.194996900496335,25.4579472317995,-16.985651676632255,25.07581110419015,7.339676025788928
2,140.0,bad,354,336,-6.575044995630501,8.71126606178059,-2.3234859039950315,8.406698732420427,26.659752099159284
2,140.0,bad,358,336,-4.46425211898979,8.563878448709456,-2.3234859039950315,8.406698732420427,38.120358969827976
2,140.0,bad,363,336,-8.728089319216894,8.846935179288298,-2.3234859039950315,8.406698732420427,19.616134266531077
2,140.0,bad,372,336,-10.876575939630658,9.030601536770254,-2.3234859039950315,8.406698732420427,13.960361408482985
2,140.0,bad,374,336,-13.066676981411522,8.709930061765334,-2.3234859039950315,8.406698732420427,13.574122562411695
2,140.0,bad,379,336,-19.12804876572423,6.943393668366644,-2.3234859039950315,8.406698732420427,2.5286149667247835
2,140.0,bad,402,336,-39.093789106388016,8.073568879575758,-2.3234859039950315,8.406698732420427,2.670069287075709
2,140.0,bad,408,336,-35.75476992600042,7.934875758281356,-2.3234859039950315,8.406698732420427,3.0964035986014404
2,140.0,bad,409,336,-32.15898517719747,7.325966055538471,-2.3234859039950315,8.406698732420427,3.680631787510033
2,140.0,bad,412,336,-22.284669015174703,6.859997893804719,-2.3234859039950315,8.406698732420427,2.6285435104769794
2,140.0,bad,413,336,-46.19810730955854,7.72361154982336,-2.3234859039950315,8.406698732420427,2.0123079338392427
2,140.0,bad,356,337,-9.708108440820666,11.72852985513031,-7.557918951209283,11.576620018657163,38.29111773259477
2,140.0,bad,362,337,-12.498470835492038,11.475789461841027,-7.557918951209283,11.576620018657163,26.165535169804272
2,140.0,bad,381,337,-25.978250311912362,11.915554968653401,-7.557918951209283,11.576620018657163,7.2311043308452145
2,140.0,bad,383,337,-18.551667596087043,11.568736204103327,-7.557918951209283,11.576620018657163,13.252045418740932
2,140.0,bad,390,337,-33.428130840828636,12.229638614610005,-7.557918951209283,11.576620018657163,4.539364090365721
2,140.0,bad,395,337,-37.135993062529415,12.270469888032169,-7.557918951209283,11.576620018657163,3.728666897640521
2,140.0,bad,423,337,-43.56317307999583,11.81753501039356,-7.557918951209283,11.576620018657163,2.7596120578182313
2,140.0,bad,424,337,-46.63318454859113,11.93735336084206,-7.557918951209283,11.576620018657163,2.4251442980400286
2,140.0,bad,429,337,-49.66576466269177,12.021991389349662,-7.557918951209283,11.576620018657163,2.151080507693859
2,140.0,bad,348,338,-19.601646012900737,29.692583803982345,-15.824930714977572,29.33240946005992,25.610354527471024
2,140.0,bad,385,338,-23.476401522565798,29.673809167543357,-15.824930714977572,29.33240946005992,18.745675912856644
2,140.0,bad,386,338,-27.24057164565483,30.03396141727223,-15.824930714977572,29.33240946005992,11.48855576672738
2,140.0,bad,389,338,-31.009275601675252,29.805513235702893,-15.824930714977572,29.33240946005992,9.208769142761163
2,140.0,bad,488,338,-43.73615250704639,28.586642586358018,-15.824930714977572,29.33240946005992,4.063753345447614
2,140.0,bad,491,338,-46.670039257189906,28.70530623096809,-15.824930714977572,29.33240946005992,3.5009248869044476
2,140.0,bad,493,338,-49.61095229864945,28.8174148205119,-15.824930714977572,29.33240946005992,3.0464350848210895
2,140.0,bad,497,338,-59.82629081431025,27.61864203795291,-15.824930714977572,29.33240946005992,2.0028734307756046
2,140.0,bad,498,338,-40.77640162496878,28.468584033774704,-15.824930714977572,29.33240946005992,4.781145793679375
2,140.0,bad,499,338,-52.54482098625606,28.911699646790176,-15.824930714977572,29.33240946005992,2.6758346534466857
2,140.0,bad,537,338,-34.872636610684694,29.687515779783798,-15.824930714977572,29.33240946005992,6.922121604041644
2,140.0,bad,338,339,-15.824930714977572,29.33240946005992,-12.434024094248542,28.881234901000862,22.484903639196805
2,140.0,bad,348,339,-19.601646012900737,29.692583803982345,-12.434024094248542,28.881234901000862,9.821329666899977
2,140.0,bad,385,339,-23.476401522565798,29.673809167543357,-12.434024094248542,28.881234901000862,10.234672613559033
2,140.0,bad,386,339,-27.24057164565483,30.03396141727223,-12.434024094248542,28.881234901000862,5.387895408082656
2,140.0,bad,389,339,-31.009275601675252,29.805513235702893,-12.434024094248542,28.881234901000862,7.152910299604934
2,140.0,bad,488,339,-43.73615250704639,28.586642586358018,-12.434024094248542,28.881234901000862,3.4238760705897544
2,140.0,bad,491,339,-46.670039257189906,28.70530623096809,-12.434024094248542,28.881234901000862,2.984770237229204
2,140.0,bad,493,339,-49.61095229864945,28.8174148205119,-12.434024094248542,28.881234901000862,2.6242401925566705
2,140.0,bad,498,339,-40.77640162496878,28.468584033774704,-12.434024094248542,28.881234901000862,3.972874294954757
2,140.0,bad,499,339,-52.54482098625606,28.911699646790176,-12.434024094248542,28.881234901000862,2.3259495121793754
2,140.0,bad,537,339,-34.872636610684694,29.687515779783798,-12.434024094248542,28.881234901000862,5.550579941509523
2,140.0,bad,342,340,-4.151269209901903,31.2399498721562,-1.867127337122641,32.07005166060774,7.08278451096577
2,140.0,bad,282,341,7.846456856472887,7.242700103953819,11.155037429815955,6.965066941660472,29.681345570782003
2,140.0,bad,286,341,4.437989347203115,7.24730004785831,11.155037429815955,6.965066941660472,20.8998764491551
2,140.0,bad,301,341,0.07372930252270837,7.853537312151644,11.155037429815955,6.965066941660472,8.655516441283707
2,140.0,bad,347,341,1.1126044160848338,5.845449440921806,11.155037429815955,6.965066941660472,4.461324700653237
2,140.0,bad,351,341,-1.9541512965221919,5.9205303390423305,11.155037429815955,6.965066941660472,6.495772310212777
2,140.0,bad,353,341,-4.072570879545101,6.066792758486027,11.155037429815955,6.965066941660472,8.259719324967937
2,140.0,bad,361,341,-6.222035452238913,6.2146957962007,11.155037429815955,6.965066941660472,7.792716515798527
2,140.0,bad,364,341,-8.390293677163411,6.393639146628759,11.155037429815955,6.965066941660472,6.690909862081232
2,140.0,bad,368,341,-13.400496124439261,5.951526582069377,11.155037429815955,6.965066941660472,4.891338241696036
2,140.0,bad,374,341,-13.066676981411522,8.709930061765334,11.155037429815955,6.965066941660472,2.127643784892441
2,140.0,bad,377,341,-10.450976814005944,6.523737128913284,11.155037429815955,6.965066941660472,5.846870016200021
2,140.0,bad,379,341,-19.12804876572423,6.943393668366644,11.155037429815955,6.965066941660472,3.599294897436314
2,140.0,bad,409,341,-32.15898517719747,7.325966055538471,11.155037429815955,6.965066941660472,2.0548494021541277
2,140.0,bad,412,341,-22.284669015174703,6.859997893804719,11.155037429815955,6.965066941660472,3.0952030061133655
2,140.0,bad,385,342,-23.476401522565798,29.673809167543357,-4.151269209901903,31.2399498721562,2.3173400338334766
2,140.0,bad,386,342,-27.24057164565483,30.03396141727223,-4.151269209901903,31.2399498721562,5.211474229835898
2,140.0,bad,389,342,-31.009275601675252,29.805513235702893,-4.151269209901903,31.2399498721562,4.0742070023233214
2,140.0,bad,537,342,-34.872636610684694,29.687515779783798,-4.151269209901903,31.2399498721562,3.5079427258704476
2,140.0,bad,274,343,0.04872293711063769,18.17625900659112,22.964659930379195,17.49491493696176,5.390765711072259
2,140.0,bad,275,343,-4.455316568118902,18.717291809345113,22.964659930379195,17.49491493696176,4.171150703413351
2,140.0,bad,287,343,-6.609277238362222,18.875267402094188,22.964659930379195,17.49491493696176,3.7294465060500452
2,140.0,bad,289,343,-4.061776509515715,16.225062336652016,22.964659930379195,17.49491493696176,4.260289090628044
2,140.0,bad,293,343,-8.326485868006316,16.555515892138896,22.964659930379195,17.49491493696176,3.425697677173315
2,140.0,bad,296,343,-1.945491520511558,16.07898666998556,22.964659930379195,17.49491493696176,4.177822799780271
2,140.0,bad,302,343,-6.229625749110586,16.416875502120337,22.964659930379195,17.49491493696176,3.8020462400565425
2,140.0,bad,305,343,-2.3390985069999086,18.59093888183812,22.964659930379195,17.49491493696176,4.686202121598439
2,140.0,bad,307,343,0.6159858229985513,15.84628270946906,22.964659930379195,17.49491493696176,2.3893393439027903
2,140.0,bad,308,343,-9.306561592689192,18.539101088488998,22.964659930379195,17.49491493696176,3.2686867765526895
2,140.0,bad,349,343,-11.072612204116961,16.206056747286784,22.964659930379195,17.49491493696176,3.0117719486099195
2,140.0,bad,371,343,-17.18021014660058,15.923047875895483,22.964659930379195,17.49491493696176,2.322789644300396
2,140.0,bad,279,344,-5.909958541482948,21.668731218976223,13.85953848727955,20.819572826016554,6.590523422276892
2,140.0,bad,298,344,0.4124812293193294,20.801553228736843,13.85953848727955,20.819572826016554,10.623954792478894
2,140.0,bad,303,344,-3.735772447716755,21.49608053433581,13.85953848727955,20.819572826016554,7.669946208668928
2,140.0,bad,304,344,-1.680919449022218,21.369002044612106,13.85953848727955,20.819572826016554,8.953761919671216
2,140.0,bad,309,344,7.33991503370499,20.567951161590955,13.85953848727955,20.819572826016554,21.40240678882446
2,140.0,bad,310,344,-8.460280548679233,21.32006585482837,13.85953848727955,20.819572826016554,5.591457923631712
2,140.0,bad,327,344,10.562107282693354,20.650987461473218,13.85953848727955,20.819572826016554,33.006207168127126
2,140.0,bad,355,344,-15.755847633206985,20.42723962502334,13.85953848727955,20.819572826016554,3.721646466962763
2,140.0,bad,360,344,-19.157162413403018,20.267742895670946,13.85953848727955,20.819572826016554,3.1563757812982427
2,140.0,bad,376,344,-22.32042787074708,20.694341079248957,13.85953848727955,20.819572826016554,2.738770728627442
2,140.0,bad,277,345,7.633838301026843,13.949985755416296,14.173828937361352,13.840261260797224,21.349729812820545
2,140.0,bad,283,345,-1.3043759713282617,13.728568039043243,14.173828937361352,13.840261260797224,8.997570324505242
2,140.0,bad,290,345,0.7504059079650975,13.203214720152499,14.173828937361352,13.840261260797224,10.645404744508829
2,140.0,bad,295,345,4.339347566135888,13.69618128868417,14.173828937361352,13.840261260797224,14.846401586233846
2,140.0,bad,311,345,-3.6798123820845943,13.752128555252268,14.173828937361352,13.840261260797224,7.528335141629959
2,140.0,bad,312,345,-5.815549012348824,13.913528594227518,14.173828937361352,13.840261260797224,6.494234804414317
2,140.0,bad,325,345,-7.944939434522578,14.053222573031592,14.173828937361352,13.840261260797224,5.661677599043239
2,140.0,bad,333,345,10.885970344494089,13.842554534085167,14.173828937361352,13.840261260797224,33.07904069961775
2,140.0,bad,359,345,-10.708298472753645,13.73215775388635,14.173828937361352,13.840261260797224,4.8001739292443295
2,140.0,bad,373,345,-21.129778209301353,15.86457343517388,14.173828937361352,13.840261260797224,2.211749675539715
2,140.0,bad,381,345,-25.978250311912362,11.915554968653401,14.173828937361352,13.840261260797224,2.3221219077895427
2,140.0,bad,284,346,-2.4875979751491,29.137048678259326,0.09094870249887421,28.771644445521005,27.3343438229301
2,140.0,bad,292,346,-6.009305406763195,29.12574463838302,0.09094870249887421,28.771644445521005,21.903874754344262
2,140.0,bad,338,346,-15.824930714977572,29.33240946005992,0.09094870249887421,28.771644445521005,8.696229665033043
2,140.0,bad,339,346,-12.434024094248542,28.881234901000862,0.09094870249887421,28.771644445521005,11.51156451173992
2,140.0,bad,348,346,-19.601646012900737,29.692583803982345,0.09094870249887421,28.771644445521005,6.624705872801181
2,140.0,bad,385,346,-23.476401522565798,29.673809167543357,0.09094870249887421,28.771644445521005,5.183567787762991
2,140.0,bad,386,346,-27.24057164565483,30.03396141727223,0.09094870249887421,28.771644445521005,4.19094100693819
2,140.0,bad,389,346,-31.009275601675252,29.805513235702893,0.09094870249887421,28.771644445521005,3.4575981557621103
2,140.0,bad,488,346,-43.73615250704639,28.586642586358018,0.09094870249887421,28.771644445521005,2.0158625550526184
2,140.0,bad,498,346,-40.77640162496878,28.468584033774704,0.09094870249887421,28.771644445521005,2.2572760319095972
2,140.0,bad,537,346,-34.872636610684694,29.687515779783798,0.09094870249887421,28.771644445521005,2.8889567117980763
2,140.0,bad,351,347,-1.9541512965221919,5.9205303390423305,1.1126044160848338,5.845449440921806,34.207974373760955
2,140.0,bad,353,347,-4.072570879545101,6.066792758486027,1.1126044160848338,5.845449440921806,25.3293055249743
2,140.0,bad,361,347,-6.222035452238913,6.2146957962007,1.1126044160848338,5.845449440921806,19.43080585575973
2,140.0,bad,364,347,-8.390293677163411,6.393639146628759,1.1126044160848338,5.845449440921806,14.672205304559723
2,140.0,bad,368,347,-13.400496124439261,5.951526582069377,1.1126044160848338,5.845449440921806,9.720003224797349
2,140.0,bad,377,347,-10.450976814005944,6.523737128913284,1.1126044160848338,5.845449440921806,11.717531777699875
2,140.0,bad,379,347,-19.12804876572423,6.943393668366644,1.1126044160848338,5.845449440921806,6.070825116892243
2,140.0,bad,398,347,-35.39203455610051,3.848990742233614,1.1126044160848338,5.845449440921806,2.363506699920867
2,140.0,bad,399,347,-41.77897773589034,3.8108920212752366,1.1126044160848338,5.845449440921806,2.087804288618493
2,140.0,bad,408,347,-35.75476992600042,7.934875758281356,1.1126044160848338,5.845449440921806,2.1087476924776754
2,140.0,bad,409,347,-32.15898517719747,7.325966055538471,1.1126044160848338,5.845449440921806,3.1193004160417015
2,140.0,bad,412,347,-22.284669015174703,6.859997893804719,1.1126044160848338,5.845449440921806,5.2364972218307
2,140.0,bad,385,348,-23.476401522565798,29.673809167543357,-19.601646012900737,29.692583803982345,30.339765787584504
2,140.0,bad,386,348,-27.24057164565483,30.03396141727223,-19.601646012900737,29.692583803982345,18.77235003289599
2,140.0,bad,389,348,-31.009275601675252,29.805513235702893,-19.601646012900737,29.692583803982345,12.744586188267673
2,140.0,bad,488,348,-43.73615250704639,28.586642586358018,-19.601646012900737,29.692583803982345,5.0127453788373435
2,140.0,bad,491,348,-46.670039257189906,28.70530623096809,-19.601646012900737,29.692583803982345,4.250650315375028
2,140.0,bad,493,348,-49.61095229864945,28.8174148205119,-19.601646012900737,29.692583803982345,3.6487227068049783
2,140.0,bad,497,348,-59.82629081431025,27.61864203795291,-19.601646012900737,29.692583803982345,2.248432659609278
2,140.0,bad,498,348,-40.77640162496878,28.468584033774704,-19.601646012900737,29.692583803982345,5.258865868944949
2,140.0,bad,499,348,-52.54482098625606,28.911699646790176,-19.601646012900737,29.692583803982345,3.167193525097346
2,140.0,bad,537,348,-34.872636610684694,29.687515779783798,-19.601646012900737,29.692583803982345,9.145729866021563
2,140.0,bad,371,349,-17.18021014660058,15.923047875895483,-11.072612204116961,16.206056747286784,22.511339640511295
2,140.0,bad,373,349,-21.129778209301353,15.86457343517388,-11.072612204116961,16.206056747286784,14.51856736377998
2,140.0,bad,380,349,-28.745306202507905,16.456997109563833,-11.072612204116961,16.206056747286784,7.627110185709142
2,140.0,bad,382,349,-24.810561278205604,16.21492084141298,-11.072612204116961,16.206056747286784,10.365172028473735
2,140.0,bad,397,349,-32.35618389700636,16.635248275907145,-11.072612204116961,16.206056747286784,5.9680195814821095
2,140.0,bad,414,349,-36.02909738323935,16.74364422380024,-11.072612204116961,16.206056747286784,4.779774246614945
2,140.0,bad,415,349,-49.93160452746787,16.252473862641367,-11.072612204116961,16.206056747286784,2.4466615133075407
2,140.0,bad,425,349,-42.006488636751676,15.973887600959525,-11.072612204116961,16.206056747286784,3.485757364002838
2,140.0,bad,426,349,-45.979730599305086,16.10784190827346,-11.072612204116961,16.206056747286784,2.896226518857154
2,140.0,bad,448,349,-53.902195826057465,16.367554849563714,-11.072612204116961,16.206056747286784,2.0927074788802527
2,140.0,bad,277,350,7.633838301026843,13.949985755416296,23.12930994115085,13.775528230638082,8.985387296517755
2,140.0,bad,283,350,-1.3043759713282617,13.728568039043243,23.12930994115085,13.775528230638082,4.926016639815326
2,140.0,bad,290,350,0.7504059079650975,13.203214720152499,23.12930994115085,13.775528230638082,5.571069967019032
2,140.0,bad,295,350,4.339347566135888,13.69618128868417,23.12930994115085,13.775528230638082,7.046617651185594
2,140.0,bad,311,350,-3.6798123820845943,13.752128555252268,23.12930994115085,13.775528230638082,4.310741469713232
2,140.0,bad,312,350,-5.815549012348824,13.913528594227518,23.12930994115085,13.775528230638082,3.8509034612943243
2,140.0,bad,325,350,-7.944939434522578,14.053222573031592,23.12930994115085,13.775528230638082,3.4619726368043446
2,140.0,bad,328,350,17.400625659114212,13.766952095661114,23.12930994115085,13.775528230638082,23.609028253361082
2,140.0,bad,333,350,10.885970344494089,13.842554534085167,23.12930994115085,13.775528230638082,11.80491643514304
2,140.0,bad,345,350,14.173828937361352,13.840261260797224,23.12930994115085,13.775528230638082,16.255236157188556
2,140.0,bad,359,350,-10.708298472753645,13.73215775388635,23.12930994115085,13.775528230638082,3.039269390024278
2,140.0,bad,371,350,-17.18021014660058,15.923047875895483,23.12930994115085,13.775528230638082,2.1102680036509702
2,140.0,bad,383,350,-18.551667596087043,11.568736204103327,23.12930994115085,13.775528230638082,2.0188531950198363
2,140.0,bad,353,351,-4.072570879545101,6.066792758486027,-1.9541512965221919,5.9205303390423305,38.644467414435034
2,140.0,bad,361,351,-6.222035452238913,6.2146957962007,-1.9541512965221919,5.9205303390423305,26.938842550455384
2,140.0,bad,364,351,-8.390293677163411,6.393639146628759,-1.9541512965221919,5.9205303390423305,18.78416120277271
2,140.0,bad,368,351,-13.400496124439261,5.951526582069377,-1.9541512965221919,5.9205303390423305,12.698614312781359
2,140.0,bad,377,351,-10.450976814005944,6.523737128913284,-1.9541512965221919,5.9205303390423305,14.402669954852373
2,140.0,bad,379,351,-19.12804876572423,6.943393668366644,-1.9541512965221919,5.9205303390423305,6.906469071933728
2,140.0,bad,399,351,-41.77897773589034,3.8108920212752366,-1.9541512965221919,5.9205303390423305,2.1806110116772874
2,140.0,bad,408,351,-35.75476992600042,7.934875758281356,-1.9541512965221919,5.9205303390423305,2.1244145110449675
2,140.0,bad,409,351,-32.15898517719747,7.325966055538471,-1.9541512965221919,5.9205303390423305,3.6133194425932853
2,140.0,bad,412,351,-22.284669015174703,6.859997893804719,-1.9541512965221919,5.9205303390423305,6.348969709361209
2,140.0,bad,365,352,-24.337961454015925,25.20211401796862,-20.8387627317513,25.005312880838172,31.724867120517107
2,140.0,bad,387,352,-31.616259877082744,25.432714814943125,-20.8387627317513,25.005312880838172,13.529334653106368
2,140.0,bad,388,352,-27.952552109879356,25.350218478760727,-20.8387627317513,25.005312880838172,19.942083779341758
2,140.0,bad,421,352,-41.22396530473057,24.29944081676289,-20.8387627317513,25.005312880838172,6.326137539114268
2,140.0,bad,427,352,-45.104014724308065,24.449619071107335,-20.8387627317513,25.005312880838172,4.974564220623842
2,140.0,bad,492,352,-52.85376055661111,24.728994436536286,-20.8387627317513,25.005312880838172,3.3086757710936547
2,140.0,bad,500,352,-48.98442894082198,24.612017860077984,-20.8387627317513,25.005312880838172,4.013954946720455
2,140.0,bad,531,352,-35.194996900496335,25.4579472317995,-20.8387627317513,25.005312880838172,9.845609809103408
2,140.0,bad,361,353,-6.222035452238913,6.2146957962007,-4.072570879545101,6.066792758486027,38.44854869375679
2,140.0,bad,364,353,-8.390293677163411,6.393639146628759,-4.072570879545101,6.066792758486027,25.82911450842448
2,140.0,bad,368,353,-13.400496124439261,5.951526582069377,-4.072570879545101,6.066792758486027,15.634803507188044
2,140.0,bad,377,353,-10.450976814005944,6.523737128913284,-4.072570879545101,6.066792758486027,19.242350333010183
2,140.0,bad,379,353,-19.12804876572423,6.943393668366644,-4.072570879545101,6.066792758486027,8.49465482230653
2,140.0,bad,402,353,-39.093789106388016,8.073568879575758,-4.072570879545101,6.066792758486027,2.2507867177176193
2,140.0,bad,408,353,-35.75476992600042,7.934875758281356,-4.072570879545101,6.066792758486027,2.507681111748376
2,140.0,bad,409,353,-32.15898517719747,7.325966055538471,-4.072570879545101,6.066792758486027,4.026453865804064
2,140.0,bad,412,353,-22.284669015174703,6.859997893804719,-4.072570879545101,6.066792758486027,7.3382436973904595
2,140.0,bad,413,353,-46.19810730955854,7.72361154982336,-4.072570879545101,6.066792758486027,2.149620658841828
2,140.0,bad,363,354,-8.728089319216894,8.846935179288298,-6.575044995630501,8.71126606178059,38.87277770416252
2,140.0,bad,372,354,-10.876575939630658,9.030601536770254,-6.575044995630501,8.71126606178059,26.098409783474747
2,140.0,bad,374,354,-13.066676981411522,8.709930061765334,-6.575044995630501,8.71126606178059,21.475121629679546
2,140.0,bad,402,354,-39.093789106388016,8.073568879575758,-6.575044995630501,8.71126606178059,3.2307402747340683
2,140.0,bad,408,354,-35.75476992600042,7.934875758281356,-6.575044995630501,8.71126606178059,3.8048727493622434
2,140.0,bad,409,354,-32.15898517719747,7.325966055538471,-6.575044995630501,8.71126606178059,4.312101375095874
2,140.0,bad,413,354,-46.19810730955854,7.72361154982336,-6.575044995630501,8.71126606178059,2.371896741779745
2,140.0,bad,428,354,-49.25355012557327,7.837853442786841,-6.575044995630501,8.71126606178059,2.1047281866359735
2,140.0,bad,360,355,-19.157162413403018,20.267742895670946,-15.755847633206985,20.42723962502334,32.52131404873106
2,140.0,bad,376,355,-22.32042787074708,20.694341079248957,-15.755847633206985,20.42723962502334,21.28639084796524
2,140.0,bad,416,355,-32.188593286073036,21.119978864121613,-15.755847633206985,20.42723962502334,8.359462385354512
2,140.0,bad,417,355,-49.28106766308437,20.406010159768663,-15.755847633206985,20.42723962502334,3.083052721941771
2,140.0,bad,418,355,-45.29270549823571,20.256393454361948,-15.755847633206985,20.42723962502334,3.736445045235089
2,140.0,bad,419,355,-35.50944261409184,21.33523288663796,-15.755847633206985,20.42723962502334,6.597570021212008
2,140.0,bad,422,355,-41.37418919792029,20.12794399968731,-15.755847633206985,20.42723962502334,4.6037900863100685
2,140.0,bad,496,355,-53.19684895431486,20.52884300022722,-15.755847633206985,20.42723962502334,2.59510663499653
2,140.0,bad,362,356,-12.498470835492038,11.475789461841027,-9.708108440820666,11.72852985513031,31.974654212316988
2,140.0,bad,381,356,-25.978250311912362,11.915554968653401,-9.708108440820666,11.72852985513031,8.46326745493775
2,140.0,bad,383,356,-18.551667596087043,11.568736204103327,-9.708108440820666,11.72852985513031,16.448906472155667
2,140.0,bad,390,356,-33.428130840828636,12.229638614610005,-9.708108440820666,11.72852985513031,5.136735374581423
2,140.0,bad,395,356,-37.135993062529415,12.270469888032169,-9.708108440820666,11.72852985513031,4.169388248001865
2,140.0,bad,420,356,-52.724805292135784,12.148378180438158,-9.708108440820666,11.72852985513031,2.0779618503214645
2,140.0,bad,423,356,-43.56317307999583,11.81753501039356,-9.708108440820666,11.72852985513031,3.0368503484548803
2,140.0,bad,424,356,-46.63318454859113,11.93735336084206,-9.708108440820666,11.72852985513031,2.652484963417636
2,140.0,bad,429,356,-49.66576466269177,12.021991389349662,-9.708108440820666,11.72852985513031,2.3402313436147875
2,140.0,bad,366,357,-5.8191925892105765,3.763237133808354,-3.7100671019948335,3.592693626731389,37.68229067641797
2,140.0,bad,367,357,-10.076470057414271,4.018833302569968,-3.7100671019948335,3.592693626731389,19.990468938043474
2,140.0,bad,378,357,-12.225432591042825,4.209352584171119,-3.7100671019948335,3.592693626731389,14.123852984814745
2,140.0,bad,384,357,-7.9639562490425,3.8788233921790685,-3.7100671019948335,3.592693626731389,27.20517713507779
2,140.0,bad,391,357,-38.61167258122224,3.6230524362855405,-3.7100671019948335,3.592693626731389,2.8969377465919193
2,140.0,bad,392,357,-32.289183785212586,3.141604100376167,-3.7100671019948335,3.592693626731389,3.924265140704487
2,140.0,bad,394,357,-23.048937681894365,2.9307881395093407,-3.7100671019948335,3.592693626731389,6.78541038676402
2,140.0,bad,398,357,-35.39203455610051,3.848990742233614,-3.7100671019948335,3.592693626731389,3.361758268007754
2,140.0,bad,399,357,-41.77897773589034,3.8108920212752366,-3.7100671019948335,3.592693626731389,2.5277512974243583
2,140.0,bad,404,357,-19.893424723389273,2.6163582269602834,-3.7100671019948335,3.592693626731389,7.40328922495479
2,140.0,bad,406,357,-26.06446458849377,2.735029923130604,-3.7100671019948335,3.592693626731389,5.579512676677391
2,140.0,bad,407,357,-29.172855206347137,2.9406584369166033,-3.7100671019948335,3.592693626731389,4.644266661346277
2,140.0,bad,354,358,-6.575044995630501,8.71126606178059,-4.46425211898979,8.563878448709456,38.633879281991035
2,140.0,bad,363,358,-8.728089319216894,8.846935179288298,-4.46425211898979,8.563878448709456,27.270155975516232
2,140.0,bad,372,358,-10.876575939630658,9.030601536770254,-4.46425211898979,8.563878448709456,18.966246904153184
2,140.0,bad,374,358,-13.066676981411522,8.709930061765334,-4.46425211898979,8.563878448709456,16.878108869002034
2,140.0,bad,402,358,-39.093789106388016,8.073568879575758,-4.46425211898979,8.563878448709456,2.932365757982834
2,140.0,bad,408,358,-35.75476992600042,7.934875758281356,-4.46425211898979,8.563878448709456,3.4258018814830793
2,140.0,bad,409,358,-32.15898517719747,7.325966055538471,-4.46425211898979,8.563878448709456,4.110565356494033
2,140.0,bad,413,358,-46.19810730955854,7.72361154982336,-4.46425211898979,8.563878448709456,2.182293784702778
2,140.0,bad,390,359,-33.428130840828636,12.229638614610005,-10.708298472753645,13.73215775388635,3.474643685087048
2,140.0,bad,395,359,-37.135993062529415,12.270469888032169,-10.708298472753645,13.73215775388635,3.9751113348547267
2,140.0,bad,420,359,-52.724805292135784,12.148378180438158,-10.708298472753645,13.73215775388635,2.158641561887608
2,140.0,bad,423,359,-43.56317307999583,11.81753501039356,-10.708298472753645,13.73215775388635,2.420294793373668
2,140.0,bad,424,359,-46.63318454859113,11.93735336084206,-10.708298472753645,13.73215775388635,2.769279091416543
2,140.0,bad,429,359,-49.66576466269177,12.021991389349662,-10.708298472753645,13.73215775388635,2.436828900199535
2,140.0,bad,376,360,-22.32042787074708,20.694341079248957,-19.157162413403018,20.267742895670946,23.77092002509979
2,140.0,bad,416,360,-32.188593286073036,21.119978864121613,-19.157162413403018,20.267742895670946,9.108503741102458
2,140.0,bad,417,360,-49.28106766308437,20.406010159768663,-19.157162413403018,20.267742895670946,3.627910041185315
2,140.0,bad,418,360,-45.29270549823571,20.256393454361948,-19.157162413403018,20.267742895670946,4.472946767362279
2,140.0,bad,419,360,-35.50944261409184,21.33523288663796,-19.157162413403018,20.267742895670946,6.5094862215308344
2,140.0,bad,422,360,-41.37418919792029,20.12794399968731,-19.157162413403018,20.267742895670946,5.627195266520461
2,140.0,bad,449,360,-60.00270395921132,22.303706294501623,-19.157162413403018,20.267742895670946,2.259212838804098
2,140.0,bad,451,360,-62.354877699297546,18.368590759678103,-19.157162413403018,20.267742895670946,2.063844348155163
2,140.0,bad,496,360,-53.19684895431486,20.52884300022722,-19.157162413403018,20.267742895670946,3.0114417263600206
2,140.0,bad,364,361,-8.390293677163411,6.393639146628759,-6.222035452238913,6.2146957962007,37.09511105755311
2,140.0,bad,368,361,-13.400496124439261,5.951526582069377,-6.222035452238913,6.2146957962007,19.792215548842496
2,140.0,bad,377,361,-10.450976814005944,6.523737128913284,-6.222035452238913,6.2146957962007,26.567598232316016
2,140.0,bad,379,361,-19.12804876572423,6.943393668366644,-6.222035452238913,6.2146957962007,10.56629191137191
2,140.0,bad,402,361,-39.093789106388016,8.073568879575758,-6.222035452238913,6.2146957962007,2.626506742576452
2,140.0,bad,408,361,-35.75476992600042,7.934875758281356,-6.222035452238913,6.2146957962007,2.9626065184237653
2,140.0,bad,409,361,-32.15898517719747,7.325966055538471,-6.222035452238913,6.2146957962007,4.522519809667521
2,140.0,bad,412,361,-22.284669015174703,6.859997893804719,-6.222035452238913,6.2146957962007,8.59857148337124
2,140.0,bad,413,361,-46.19810730955854,7.72361154982336,-6.222035452238913,6.2146957962007,2.3385069621126173
2,140.0,bad,428,361,-49.25355012557327,7.837853442786841,-6.222035452238913,6.2146957962007,2.076800783460412
2,140.0,bad,381,362,-25.978250311912362,11.915554968653401,-12.498470835492038,11.475789461841027,10.59436361774406
2,140.0,bad,383,362,-18.551667596087043,11.568736204103327,-12.498470835492038,11.475789461841027,22.664171321415363
2,140.0,bad,390,362,-33.428130840828636,12.229638614610005,-12.498470835492038,11.475789461841027,6.105378737559404
2,140.0,bad,395,362,-37.135993062529415,12.270469888032169,-12.498470835492038,11.475789461841027,4.868209584038987
2,140.0,bad,420,362,-52.724805292135784,12.148378180438158,-12.498470835492038,11.475789461841027,2.31526087822598
2,140.0,bad,423,362,-43.56317307999583,11.81753501039356,-12.498470835492038,11.475789461841027,3.463582571720747
2,140.0,bad,424,362,-46.63318454859113,11.93735336084206,-12.498470835492038,11.475789461841027,2.998487718502443
2,140.0,bad,429,362,-49.66576466269177,12.021991389349662,-12.498470835492038,11.475789461841027,2.625312355064657
2,140.0,bad,469,362,-55.75688739883108,12.238708459667013,-12.498470835492038,11.475789461841027,2.059142496178754
2,140.0,bad,372,363,-10.876575939630658,9.030601536770254,-8.728089319216894,8.846935179288298,36.9580749832964
2,140.0,bad,374,363,-13.066676981411522,8.709930061765334,-8.728089319216894,8.846935179288298,28.40862083219512
2,140.0,bad,402,363,-39.093789106388016,8.073568879575758,-8.728089319216894,8.846935179288298,3.5845771347221618
2,140.0,bad,408,363,-35.75476992600042,7.934875758281356,-8.728089319216894,8.846935179288298,4.260232903139183
2,140.0,bad,409,363,-32.15898517719747,7.325966055538471,-8.728089319216894,8.846935179288298,3.4448662053999843
2,140.0,bad,413,363,-46.19810730955854,7.72361154982336,-8.728089319216894,8.846935179288298,2.591935018908174
2,140.0,bad,428,363,-49.25355012557327,7.837853442786841,-8.728089319216894,8.846935179288298,2.287927907772348
2,140.0,bad,368,364,-13.400496124439261,5.951526582069377,-8.390293677163411,6.393639146628759,21.117947308784455
2,140.0,bad,377,364,-10.450976814005944,6.523737128913284,-8.390293677163411,6.393639146628759,39.49363562684982
2,140.0,bad,379,364,-19.12804876572423,6.943393668366644,-8.390293677163411,6.393639146628759,13.535064732218856
2,140.0,bad,402,364,-39.093789106388016,8.073568879575758,-8.390293677163411,6.393639146628759,3.1734544747304465
2,140.0,bad,408,364,-35.75476992600042,7.934875758281356,-8.390293677163411,6.393639146628759,3.6404254381863463
2,140.0,bad,409,364,-32.15898517719747,7.325966055538471,-8.390293677163411,6.393639146628759,5.121939412979305
2,140.0,bad,412,364,-22.284669015174703,6.859997893804719,-8.390293677163411,6.393639146628759,10.229903551714434
2,140.0,bad,413,364,-46.19810730955854,7.72361154982336,-8.390293677163411,6.393639146628759,2.555436751325572
2,140.0,bad,428,364,-49.25355012557327,7.837853442786841,-8.390293677163411,6.393639146628759,2.2576394135573783
2,140.0,bad,387,365,-31.616259877082744,25.432714814943125,-24.337961454015925,25.20211401796862,19.564148950026336
2,140.0,bad,388,365,-27.952552109879356,25.350218478760727,-24.337961454015925,25.20211401796862,31.510386177341264
2,140.0,bad,421,365,-41.22396530473057,24.29944081676289,-24.337961454015925,25.20211401796862,7.845802037089755
2,140.0,bad,427,365,-45.104014724308065,24.449619071107335,-24.337961454015925,25.20211401796862,6.170485365413972
2,140.0,bad,487,365,-65.34040630182812,26.61656253214743,-24.337961454015925,25.20211401796862,2.245333790473888
2,140.0,bad,492,365,-52.85376055661111,24.728994436536286,-24.337961454015925,25.20211401796862,3.9371782422853845
2,140.0,bad,500,365,-48.98442894082198,24.612017860077984,-24.337961454015925,25.20211401796862,4.865696093873051
2,140.0,bad,531,365,-35.194996900496335,25.4579472317995,-24.337961454015925,25.20211401796862,13.426343176432196
2,140.0,bad,367,366,-10.076470057414271,4.018833302569968,-5.8191925892105765,3.763237133808354,28.01071803902815
2,140.0,bad,378,366,-12.225432591042825,4.209352584171119,-5.8191925892105765,3.763237133808354,19.474646936384328
2,140.0,bad,384,366,-7.9639562490425,3.8788233921790685,-5.8191925892105765,3.763237133808354,39.48114627941302
2,140.0,bad,391,366,-38.61167258122224,3.6230524362855405,-5.8191925892105765,3.763237133808354,3.1895395329644796
2,140.0,bad,392,366,-32.289183785212586,3.141604100376167,-5.8191925892105765,3.763237133808354,4.391284603062735
2,140.0,bad,394,366,-23.048937681894365,2.9307881395093407,-5.8191925892105765,3.763237133808354,7.8772703427549535
2,140.0,bad,398,366,-35.39203455610051,3.848990742233614,-5.8191925892105765,3.763237133808354,3.7296529381906676
2,140.0,bad,399,366,-41.77897773589034,3.8108920212752366,-5.8191925892105765,3.763237133808354,2.7650750433075038
2,140.0,bad,404,366,-19.893424723389273,2.6163582269602834,-5.8191925892105765,3.763237133808354,5.312777812631016
2,140.0,bad,406,366,-26.06446458849377,2.735029923130604,-5.8191925892105765,3.763237133808354,6.358410115466877
2,140.0,bad,407,366,-29.172855206347137,2.9406584369166033,-5.8191925892105765,3.763237133808354,5.2501998971992805
2,140.0,bad,378,367,-12.225432591042825,4.209352584171119,-10.076470057414271,4.018833302569968,36.64786809891102
2,140.0,bad,391,367,-38.61167258122224,3.6230524362855405,-10.076470057414271,4.018833302569968,3.933214308556659
2,140.0,bad,392,367,-32.289183785212586,3.141604100376167,-10.076470057414271,4.018833302569968,5.6287022514567395
2,140.0,bad,394,367,-23.048937681894365,2.9307881395093407,-10.076470057414271,4.018833302569968,5.86199933065983
2,140.0,bad,398,367,-35.39203455610051,3.848990742233614,-10.076470057414271,4.018833302569968,4.683069432507675
2,140.0,bad,399,367,-41.77897773589034,3.8108920212752366,-10.076470057414271,4.018833302569968,3.3584474712412313
2,140.0,bad,406,367,-26.06446458849377,2.735029923130604,-10.076470057414271,4.018833302569968,4.138599640682019
2,140.0,bad,407,367,-29.172855206347137,2.9406584369166033,-10.076470057414271,4.018833302569968,6.321253246427883
2,140.0,bad,379,368,-19.12804876572423,6.943393668366644,-13.400496124439261,5.951526582069377,4.7878849916513895
2,140.0,bad,409,368,-32.15898517719747,7.325966055538471,-13.400496124439261,5.951526582069377,3.8364744050080253
2,140.0,bad,412,368,-22.284669015174703,6.859997893804719,-13.400496124439261,5.951526582069377,7.986754997376797
2,140.0,bad,413,368,-46.19810730955854,7.72361154982336,-13.400496124439261,5.951526582069377,2.9108310425188715
2,140.0,bad,428,368,-49.25355012557327,7.837853442786841,-13.400496124439261,5.951526582069377,2.6319037586558682
2,140.0,bad,370,369,-11.811445521660755,1.7705415042676833,-9.684474176983988,1.6195875258809513,38.42595487256798
2,140.0,bad,392,369,-32.289183785212586,3.141604100376167,-9.684474176983988,1.6195875258809513,3.3225918894069477
2,140.0,bad,394,369,-23.048937681894365,2.9307881395093407,-9.684474176983988,1.6195875258809513,3.035395768180513
2,140.0,bad,404,369,-19.893424723389273,2.6163582269602834,-9.684474176983988,1.6195875258809513,6.637133728990132
2,140.0,bad,406,369,-26.06446458849377,2.735029923130604,-9.684474176983988,1.6195875258809513,6.017544503184268
2,140.0,bad,407,369,-29.172855206347137,2.9406584369166033,-9.684474176983988,1.6195875258809513,4.422099976842094
2,140.0,bad,411,369,-13.912744164139987,1.9404002511602778,-9.684474176983988,1.6195875258809513,26.19414756398032
2,140.0,bad,392,370,-32.289183785212586,3.141604100376167,-11.811445521660755,1.7705415042676833,4.143020254946507
2,140.0,bad,394,370,-23.048937681894365,2.9307881395093407,-11.811445521660755,1.7705415042676833,4.290152176799814
2,140.0,bad,404,370,-19.893424723389273,2.6163582269602834,-11.811445521660755,1.7705415042676833,9.166027125709908
2,140.0,bad,406,370,-26.06446458849377,2.735029923130604,-11.811445521660755,1.7705415042676833,7.629868702912749
2,140.0,bad,407,370,-29.172855206347137,2.9406584369166033,-11.811445521660755,1.7705415042676833,5.550417040415435
2,140.0,bad,411,370,-13.912744164139987,1.9404002511602778,-11.811445521660755,1.7705415042676833,37.7419359780467
2,140.0,bad,373,371,-21.129778209301353,15.86457343517388,-17.18021014660058,15.923047875895483,30.015209674053445
2,140.0,bad,380,371,-28.745306202507905,16.456997109563833,-17.18021014660058,15.923047875895483,12.559145970172667
2,140.0,bad,382,371,-24.810561278205604,16.21492084141298,-17.18021014660058,15.923047875895483,18.790614295240186
2,140.0,bad,397,371,-32.35618389700636,16.635248275907145,-17.18021014660058,15.923047875895483,9.214894083817061
2,140.0,bad,414,371,-36.02909738323935,16.74364422380024,-17.18021014660058,15.923047875895483,7.017861123079018
2,140.0,bad,415,371,-49.93160452746787,16.252473862641367,-17.18021014660058,15.923047875895483,3.1956730007467593
2,140.0,bad,425,371,-42.006488636751676,15.973887600959525,-17.18021014660058,15.923047875895483,4.815581804973076
2,140.0,bad,426,371,-45.979730599305086,16.10784190827346,-17.18021014660058,15.923047875895483,3.879807570720821
2,140.0,bad,448,371,-53.902195826057465,16.367554849563714,-17.18021014660058,15.923047875895483,2.675594644808204
2,140.0,bad,374,372,-13.066676981411522,8.709930061765334,-10.876575939630658,9.030601536770254,30.210702113630987
2,140.0,bad,402,372,-39.093789106388016,8.073568879575758,-10.876575939630658,9.030601536770254,3.9989398570095953
2,140.0,bad,408,372,-35.75476992600042,7.934875758281356,-10.876575939630658,9.030601536770254,4.801256679273793
2,140.0,bad,413,372,-46.19810730955854,7.72361154982336,-10.876575939630658,9.030601536770254,2.843503389869336
2,140.0,bad,428,372,-49.25355012557327,7.837853442786841,-10.876575939630658,9.030601536770254,2.495660466683749
2,140.0,bad,380,373,-28.745306202507905,16.456997109563833,-21.129778209301353,15.86457343517388,15.081364946852085
2,140.0,bad,382,373,-24.810561278205604,16.21492084141298,-21.129778209301353,15.86457343517388,26.143450333269975
2,140.0,bad,397,373,-32.35618389700636,16.635248275907145,-21.129778209301353,15.86457343517388,10.548141377062114
2,140.0,bad,414,373,-36.02909738323935,16.74364422380024,-21.129778209301353,15.86457343517388,8.502962973425536
2,140.0,bad,415,373,-49.93160452746787,16.252473862641367,-21.129778209301353,15.86457343517388,3.8793464559074025
2,140.0,bad,425,373,-42.006488636751676,15.973887600959525,-21.129778209301353,15.86457343517388,6.126336567062276
2,140.0,bad,426,373,-45.979730599305086,16.10784190827346,-21.129778209301353,15.86457343517388,4.809041487313563
2,140.0,bad,448,373,-53.902195826057465,16.367554849563714,-21.129778209301353,15.86457343517388,3.192532337661628
2,140.0,bad,402,374,-39.093789106388016,8.073568879575758,-13.066676981411522,8.709930061765334,4.499911780373138
2,140.0,bad,408,374,-35.75476992600042,7.934875758281356,-13.066676981411522,8.709930061765334,5.466177543939995
2,140.0,bad,409,374,-32.15898517719747,7.325966055538471,-13.066676981411522,8.709930061765334,3.814924426007581
2,140.0,bad,413,374,-46.19810730955854,7.72361154982336,-13.066676981411522,8.709930061765334,3.1396062212615927
2,140.0,bad,428,374,-49.25355012557327,7.837853442786841,-13.066676981411522,8.709930061765334,2.7379516781894786
2,140.0,bad,369,375,-9.684474176983988,1.6195875258809513,-7.53027321165564,1.4479683358253,37.46467968948963
2,140.0,bad,370,375,-11.811445521660755,1.7705415042676833,-7.53027321165564,1.4479683358253,26.03526242405633
2,140.0,bad,392,375,-32.289183785212586,3.141604100376167,-7.53027321165564,1.4479683358253,2.5405114214468028
2,140.0,bad,404,375,-19.893424723389273,2.6163582269602834,-7.53027321165564,1.4479683358253,4.56315472702707
2,140.0,bad,406,375,-26.06446458849377,2.735029923130604,-7.53027321165564,1.4479683358253,4.589610588863029
2,140.0,bad,407,375,-29.172855206347137,2.9406584369166033,-7.53027321165564,1.4479683358253,3.382323118215522
2,140.0,bad,411,375,-13.912744164139987,1.9404002511602778,-7.53027321165564,1.4479683358253,18.3429039254808
2,140.0,bad,416,376,-32.188593286073036,21.119978864121613,-22.32042787074708,20.694341079248957,14.79610374370211
2,140.0,bad,417,376,-49.28106766308437,20.406010159768663,-22.32042787074708,20.694341079248957,4.27547076741417
2,140.0,bad,418,376,-45.29270549823571,20.256393454361948,-22.32042787074708,20.694341079248957,5.372358752602631
2,140.0,bad,419,376,-35.50944261409184,21.33523288663796,-22.32042787074708,20.694341079248957,10.861712634443714
2,140.0,bad,422,376,-41.37418919792029,20.12794399968731,-22.32042787074708,20.694341079248957,6.919236465394279
2,140.0,bad,449,376,-60.00270395921132,22.303706294501623,-22.32042787074708,20.694341079248957,2.5689103345518847
2,140.0,bad,462,376,-65.82641830846907,20.38122729399451,-22.32042787074708,20.694341079248957,2.040131149048004
2,140.0,bad,496,376,-53.19684895431486,20.52884300022722,-22.32042787074708,20.694341079248957,3.4955633182919192
2,140.0,bad,368,377,-13.400496124439261,5.951526582069377,-10.450976814005944,6.523737128913284,17.66299095296983
2,140.0,bad,379,377,-19.12804876572423,6.943393668366644,-10.450976814005944,6.523737128913284,16.743464213363293
2,140.0,bad,402,377,-39.093789106388016,8.073568879575758,-10.450976814005944,6.523737128913284,3.6190202182312654
2,140.0,bad,408,377,-35.75476992600042,7.934875758281356,-10.450976814005944,6.523737128913284,4.203940677321046
2,140.0,bad,409,377,-32.15898517719747,7.325966055538471,-10.450976814005944,6.523737128913284,5.809315640183571
2,140.0,bad,412,377,-22.284669015174703,6.859997893804719,-10.450976814005944,6.523737128913284,12.252043633947782
2,140.0,bad,413,377,-46.19810730955854,7.72361154982336,-10.450976814005944,6.523737128913284,2.790841587775244
2,140.0,bad,428,377,-49.25355012557327,7.837853442786841,-10.450976814005944,6.523737128913284,2.452321789233559
2,140.0,bad,391,378,-38.61167258122224,3.6230524362855405,-12.225432591042825,4.209352584171119,4.41152294811035
2,140.0,bad,392,378,-32.289183785212586,3.141604100376167,-12.225432591042825,4.209352584171119,6.250803879749778
2,140.0,bad,394,378,-23.048937681894365,2.9307881395093407,-12.225432591042825,4.209352584171119,2.4201754702700624
2,140.0,bad,398,378,-35.39203455610051,3.848990742233614,-12.225432591042825,4.209352584171119,5.309589482590718
2,140.0,bad,399,378,-41.77897773589034,3.8108920212752366,-12.225432591042825,4.209352584171119,3.7332929661439174
2,140.0,bad,407,378,-29.172855206347137,2.9406584369166033,-12.225432591042825,4.209352584171119,4.503775209980369
2,140.0,bad,402,379,-39.093789106388016,8.073568879575758,-19.12804876572423,6.943393668366644,5.908909442447891
2,140.0,bad,408,379,-35.75476992600042,7.934875758281356,-19.12804876572423,6.943393668366644,7.224611926520966
2,140.0,bad,409,379,-32.15898517719747,7.325966055538471,-19.12804876572423,6.943393668366644,11.011328256523022
2,140.0,bad,412,379,-22.284669015174703,6.859997893804719,-19.12804876572423,6.943393668366644,33.74226431204121
2,140.0,bad,413,379,-46.19810730955854,7.72361154982336,-19.12804876572423,6.943393668366644,4.250268419725626
2,140.0,bad,428,379,-49.25355012557327,7.837853442786841,-19.12804876572423,6.943393668366644,3.6276214252807164
2,140.0,bad,455,379,-61.25525579990567,5.700542755397095,-19.12804876572423,6.943393668366644,2.149482876371187
2,140.0,bad,466,379,-57.74829603004346,5.026989494747326,-19.12804876572423,6.943393668366644,2.4707487005792528
2,140.0,bad,397,380,-32.35618389700636,16.635248275907145,-28.745306202507905,16.456997109563833,31.527580190409083
2,140.0,bad,414,380,-36.02909738323935,16.74364422380024,-28.745306202507905,16.456997109563833,19.551716023419296
2,140.0,bad,415,380,-49.93160452746787,16.252473862641367,-28.745306202507905,16.456997109563833,6.005307413772548
2,140.0,bad,425,380,-42.006488636751676,15.973887600959525,-28.745306202507905,16.456997109563833,10.794420375827718
2,140.0,bad,426,380,-45.979730599305086,16.10784190827346,-28.745306202507905,16.456997109563833,7.874563696460339
2,140.0,bad,448,380,-53.902195826057465,16.367554849563714,-28.745306202507905,16.456997109563833,4.725437364529762
2,140.0,bad,451,380,-62.354877699297546,18.368590759678103,-28.745306202507905,16.456997109563833,2.4843952396419513
2,140.0,bad,390,381,-33.428130840828636,12.229638614610005,-25.978250311912362,11.915554968653401,19.181297717795378
2,140.0,bad,395,381,-37.135993062529415,12.270469888032169,-25.978250311912362,11.915554968653401,13.04740781805891
2,140.0,bad,420,381,-52.724805292135784,12.148378180438158,-25.978250311912362,11.915554968653401,4.325433527545193
2,140.0,bad,423,381,-43.56317307999583,11.81753501039356,-25.978250311912362,11.915554968653401,7.675724124725634
2,140.0,bad,424,381,-46.63318454859113,11.93735336084206,-25.978250311912362,11.915554968653401,6.215300406552505
2,140.0,bad,429,381,-49.66576466269177,12.021991389349662,-25.978250311912362,11.915554968653401,5.146653934560421
2,140.0,bad,460,381,-69.27464267527148,10.511146764383682,-25.978250311912362,11.915554968653401,2.056209099724074
2,140.0,bad,469,381,-55.75688739883108,12.238708459667013,-25.978250311912362,11.915554968653401,3.691161980156696
2,140.0,bad,380,382,-28.745306202507905,16.456997109563833,-24.810561278205604,16.21492084141298,29.238142967545272
2,140.0,bad,397,382,-32.35618389700636,16.635248275907145,-24.810561278205604,16.21492084141298,18.557191260904744
2,140.0,bad,414,382,-36.02909738323935,16.74364422380024,-24.810561278205604,16.21492084141298,12.972750510039877
2,140.0,bad,415,382,-49.93160452746787,16.252473862641367,-24.810561278205604,16.21492084141298,4.735088344387147
2,140.0,bad,425,382,-42.006488636751676,15.973887600959525,-24.810561278205604,16.21492084141298,7.896873061763257
2,140.0,bad,426,382,-45.979730599305086,16.10784190827346,-24.810561278205604,16.21492084141298,6.011909655719032
2,140.0,bad,448,382,-53.902195826057465,16.367554849563714,-24.810561278205604,16.21492084141298,3.8220401226084917
2,140.0,bad,381,383,-25.978250311912362,11.915554968653401,-18.551667596087043,11.568736204103327,19.232619427574257
2,140.0,bad,390,383,-33.428130840828636,12.229638614610005,-18.551667596087043,11.568736204103327,9.438122955774665
2,140.0,bad,395,383,-37.135993062529415,12.270469888032169,-18.551667596087043,11.568736204103327,7.1483697052816115
2,140.0,bad,420,383,-52.724805292135784,12.148378180438158,-18.551667596087043,11.568736204103327,2.9932735210229566
2,140.0,bad,423,383,-43.56317307999583,11.81753501039356,-18.551667596087043,11.568736204103327,4.764763295609772
2,140.0,bad,424,383,-46.63318454859113,11.93735336084206,-18.551667596087043,11.568736204103327,4.02748954945462
2,140.0,bad,429,383,-49.66576466269177,12.021991389349662,-18.551667596087043,11.568736204103327,3.4552652165138324
2,140.0,bad,469,383,-55.75688739883108,12.238708459667013,-18.551667596087043,11.568736204103327,2.62109555298474
2,140.0,bad,367,384,-10.076470057414271,4.018833302569968,-7.9639562490425,3.8788233921790685,38.90431251795222
2,140.0,bad,378,384,-12.225432591042825,4.209352584171119,-7.9639562490425,3.8788233921790685,25.81570850818075
2,140.0,bad,391,384,-38.61167258122224,3.6230524362855405,-7.9639562490425,3.8788233921790685,3.535009618053552
2,140.0,bad,392,384,-32.289183785212586,3.141604100376167,-7.9639562490425,3.8788233921790685,4.957195564192371
2,140.0,bad,394,384,-23.048937681894365,2.9307881395093407,-7.9639562490425,3.8788233921790685,7.779237534909145
2,140.0,bad,398,384,-35.39203455610051,3.848990742233614,-7.9639562490425,3.8788233921790685,4.169345096049317
2,140.0,bad,399,384,-41.77897773589034,3.8108920212752366,-7.9639562490425,3.8788233921790685,3.0424037237696027
2,140.0,bad,404,384,-19.893424723389273,2.6163582269602834,-7.9639562490425,3.8788233921790685,3.108495652256403
2,140.0,bad,406,384,-26.06446458849377,2.735029923130604,-7.9639562490425,3.8788233921790685,5.83916021165836
2,140.0,bad,407,384,-29.172855206347137,2.9406584369166033,-7.9639562490425,3.8788233921790685,5.996612803850795
2,140.0,bad,386,385,-27.24057164565483,30.03396141727223,-23.476401522565798,29.673809167543357,25.631567478461907
2,140.0,bad,389,385,-31.009275601675252,29.805513235702893,-23.476401522565798,29.673809167543357,19.00013446699295
2,140.0,bad,488,385,-43.73615250704639,28.586642586358018,-23.476401522565798,29.673809167543357,6.1236913912313025
2,140.0,bad,491,385,-46.670039257189906,28.70530623096809,-23.476401522565798,29.673809167543357,5.30094382708311
2,140.0,bad,493,385,-49.61095229864945,28.8174148205119,-23.476401522565798,29.673809167543357,4.473192438337035
2,140.0,bad,497,385,-59.82629081431025,27.61864203795291,-23.476401522565798,29.673809167543357,2.1818164136543294
2,140.0,bad,498,385,-40.77640162496878,28.468584033774704,-23.476401522565798,29.673809167543357,5.199715196334982
2,140.0,bad,499,385,-52.54482098625606,28.911699646790176,-23.476401522565798,29.673809167543357,3.826583707756252
2,140.0,bad,537,385,-34.872636610684694,29.687515779783798,-23.476401522565798,29.673809167543357,12.758163984813308
2,140.0,bad,389,386,-31.009275601675252,29.805513235702893,-27.24057164565483,30.03396141727223,30.078228456124346
2,140.0,bad,488,386,-43.73615250704639,28.586642586358018,-27.24057164565483,30.03396141727223,2.5900384108851227
2,140.0,bad,491,386,-46.670039257189906,28.70530623096809,-27.24057164565483,30.03396141727223,4.3496082297463605
2,140.0,bad,493,386,-49.61095229864945,28.8174148205119,-27.24057164565483,30.03396141727223,5.244734524230846
2,140.0,bad,499,386,-52.54482098625606,28.911699646790176,-27.24057164565483,30.03396141727223,4.686071799851337
2,140.0,bad,537,386,-34.872636610684694,29.687515779783798,-27.24057164565483,30.03396141727223,18.78696158436307
2,140.0,bad,421,387,-41.22396530473057,24.29944081676289,-31.616259877082744,25.432714814943125,4.04609726134602
2,140.0,bad,427,387,-45.104014724308065,24.449619071107335,-31.616259877082744,25.432714814943125,7.375193943405465
2,140.0,bad,457,387,-72.94142369010606,24.45739065740968,-31.616259877082744,25.432714814943125,2.2171864389324014
2,140.0,bad,487,387,-65.34040630182812,26.61656253214743,-31.616259877082744,25.432714814943125,3.055063362104597
2,140.0,bad,492,387,-52.85376055661111,24.728994436536286,-31.616259877082744,25.432714814943125,5.985636577886455
2,140.0,bad,500,387,-48.98442894082198,24.612017860077984,-31.616259877082744,25.432714814943125,7.797787824627949
2,140.0,bad,531,387,-35.194996900496335,25.4579472317995,-31.616259877082744,25.432714814943125,31.67700746588723
2,140.0,bad,387,388,-31.616259877082744,25.432714814943125,-27.952552109879356,25.350218478760727,31.28425174805662
2,140.0,bad,421,388,-41.22396530473057,24.29944081676289,-27.952552109879356,25.350218478760727,6.43498211523264
2,140.0,bad,427,388,-45.104014724308065,24.449619071107335,-27.952552109879356,25.350218478760727,7.776250224047636
2,140.0,bad,454,388,-69.13280027257846,23.269541997318413,-27.952552109879356,25.350218478760727,2.2164375050111094
2,140.0,bad,487,388,-65.34040630182812,26.61656253214743,-27.952552109879356,25.350218478760727,2.6009309042018267
2,140.0,bad,492,388,-52.85376055661111,24.728994436536286,-27.952552109879356,25.350218478760727,4.794926703654399
2,140.0,bad,500,388,-48.98442894082198,24.612017860077984,-27.952552109879356,25.350218478760727,6.065223602137913
2,140.0,bad,531,388,-35.194996900496335,25.4579472317995,-27.952552109879356,25.350218478760727,19.645596227501137
2,140.0,bad,488,389,-43.73615250704639,28.586642586358018,-31.009275601675252,29.805513235702893,3.9885867601240537
2,140.0,bad,491,389,-46.670039257189906,28.70530623096809,-31.009275601675252,29.805513235702893,6.11992094576312
2,140.0,bad,493,389,-49.61095229864945,28.8174148205119,-31.009275601675252,29.805513235702893,6.937706002294098
2,140.0,bad,499,389,-52.54482098625606,28.911699646790176,-31.009275601675252,29.805513235702893,5.873029868806982
2,140.0,bad,537,389,-34.872636610684694,29.687515779783798,-31.009275601675252,29.805513235702893,30.389659684390363
2,140.0,bad,395,390,-37.135993062529415,12.270469888032169,-33.428130840828636,12.229638614610005,31.08303666005056
2,140.0,bad,420,390,-52.724805292135784,12.148378180438158,-33.428130840828636,12.229638614610005,6.804970575568295
2,140.0,bad,423,390,-43.56317307999583,11.81753501039356,-33.428130840828636,12.229638614610005,14.406477721500085
2,140.0,bad,424,390,-46.63318454859113,11.93735336084206,-33.428130840828636,12.229638614610005,10.846702937086786
2,140.0,bad,429,390,-49.66576466269177,12.021991389349662,-33.428130840828636,12.229638614610005,8.484252178976085
2,140.0,bad,460,390,-69.27464267527148,10.511146764383682,-33.428130840828636,12.229638614610005,2.7787553046985276
2,140.0,bad,467,390,-72.75602054693888,13.345583288334776,-33.428130840828636,12.229638614610005,2.4003680049089424
2,140.0,bad,469,390,-55.75688739883108,12.238708459667013,-33.428130840828636,12.229638614610005,5.588366751810729
2,140.0,bad,399,391,-41.77897773589034,3.8108920212752366,-38.61167258122224,3.6230524362855405,33.142604054965794
2,140.0,bad,466,391,-57.74829603004346,5.026989494747326,-38.61167258122224,3.6230524362855405,3.6484066033810247
2,140.0,bad,391,392,-38.61167258122224,3.6230524362855405,-32.289183785212586,3.141604100376167,18.679861091148698
2,140.0,bad,398,392,-35.39203455610051,3.848990742233614,-32.289183785212586,3.141604100376167,12.157878719812162
2,140.0,bad,399,392,-41.77897773589034,3.8108920212752366,-32.289183785212586,3.141604100376167,12.715522763115475
2,140.0,bad,434,393,-53.70403879742406,-1.4372786772679476,-39.41271815373943,-2.3122694519764764,8.653486753123877
2,140.0,bad,446,393,-47.546021305091045,-3.0160113921076253,-39.41271815373943,-2.3122694519764764,12.375541184274624
2,140.0,bad,461,393,-64.3058983267778,-3.050704735530058,-39.41271815373943,-2.3122694519764764,4.797133404919044
2,140.0,bad,391,394,-38.61167258122224,3.6230524362855405,-23.048937681894365,2.9307881395093407,8.938162985369138
2,140.0,bad,392,394,-32.289183785212586,3.141604100376167,-23.048937681894365,2.9307881395093407,15.777625970428232
2,140.0,bad,398,394,-35.39203455610051,3.848990742233614,-23.048937681894365,2.9307881395093407,8.234344464473718
2,140.0,bad,399,394,-41.77897773589034,3.8108920212752366,-23.048937681894365,2.9307881395093407,7.076042603454651
2,140.0,bad,406,394,-26.06446458849377,2.735029923130604,-23.048937681894365,2.9307881395093407,33.45100104769449
2,140.0,bad,407,394,-29.172855206347137,2.9406584369166033,-23.048937681894365,2.9307881395093407,22.465793670053948
2,140.0,bad,420,395,-52.724805292135784,12.148378180438158,-37.135993062529415,12.270469888032169,8.919954663736942
2,140.0,bad,423,395,-43.56317307999583,11.81753501039356,-37.135993062529415,12.270469888032169,19.28800273350742
2,140.0,bad,424,395,-46.63318454859113,11.93735336084206,-37.135993062529415,12.270469888032169,15.364512601329405
2,140.0,bad,429,395,-49.66576466269177,12.021991389349662,-37.135993062529415,12.270469888032169,11.506661146284454
2,140.0,bad,460,395,-69.27464267527148,10.511146764383682,-37.135993062529415,12.270469888032169,2.9375135189677155
2,140.0,bad,467,395,-72.75602054693888,13.345583288334776,-37.135993062529415,12.270469888032169,2.8064145079110823
2,140.0,bad,468,395,-80.46399018845005,10.422866681149458,-37.135993062529415,12.270469888032169,2.0537726030640058
2,140.0,bad,469,395,-55.75688739883108,12.238708459667013,-37.135993062529415,12.270469888032169,7.130114454538651
2,140.0,bad,393,396,-39.41271815373943,-2.3122694519764764,-29.550051783347474,-3.3088572720822924,6.543242670688149
2,140.0,bad,446,396,-47.546021305091045,-3.0160113921076253,-29.550051783347474,-3.3088572720822924,7.451983384590824
2,140.0,bad,461,396,-64.3058983267778,-3.050704735530058,-29.550051783347474,-3.3088572720822924,2.915837719937127
2,140.0,bad,414,397,-36.02909738323935,16.74364422380024,-32.35618389700636,16.635248275907145,31.242139716642942
2,140.0,bad,415,397,-49.93160452746787,16.252473862641367,-32.35618389700636,16.635248275907145,7.681014949067285
2,140.0,bad,425,397,-42.006488636751676,15.973887600959525,-32.35618389700636,16.635248275907145,12.796238409117702
2,140.0,bad,426,397,-45.979730599305086,16.10784190827346,-32.35618389700636,16.635248275907145,10.465806495612147
2,140.0,bad,448,397,-53.902195826057465,16.367554849563714,-32.35618389700636,16.635248275907145,5.869133329940551
2,140.0,bad,451,397,-62.354877699297546,18.368590759678103,-32.35618389700636,16.635248275907145,2.937659359951685
2,140.0,bad,391,398,-38.61167258122224,3.6230524362855405,-35.39203455610051,3.848990742233614,31.79912399843381
2,140.0,bad,399,398,-41.77897773589034,3.8108920212752366,-35.39203455610051,3.848990742233614,21.750387883026846
2,140.0,bad,453,398,-69.8125034218584,5.8917548369841874,-35.39203455610051,3.848990742233614,2.0758726590925156
2,140.0,bad,456,398,-65.03232476480193,5.478920726789056,-35.39203455610051,3.848990742233614,3.3331454662091593
2,140.0,bad,466,398,-57.74829603004346,5.026989494747326,-35.39203455610051,3.848990742233614,5.41666322993317
2,140.0,bad,456,399,-65.03232476480193,5.478920726789056,-41.77897773589034,3.8108920212752366,2.4364277129538014
2,140.0,bad,466,399,-57.74829603004346,5.026989494747326,-41.77897773589034,3.8108920212752366,4.876382196093111
2,140.0,bad,403,401,-31.798373698012675,-12.731842919199405,-13.601648160619407,-12.024861474302392,7.346247365964207
2,140.0,bad,410,401,-23.13171894584813,-11.377502491427329,-13.601648160619407,-12.024861474302392,13.090774193525856
2,140.0,bad,413,402,-46.19810730955854,7.72361154982336,-39.093789106388016,8.073568879575758,19.964174955981424
2,140.0,bad,428,402,-49.25355012557327,7.837853442786841,-39.093789106388016,8.073568879575758,14.371170533900344
2,140.0,bad,452,402,-65.71579546506783,9.525112065969243,-39.093789106388016,8.073568879575758,4.015893985992356
2,140.0,bad,458,402,-73.89633367778151,6.695720726785687,-39.093789106388016,8.073568879575758,2.9097624887031937
2,140.0,bad,463,402,-79.75628726589935,6.362725166989577,-39.093789106388016,8.073568879575758,2.275567382367811
2,140.0,bad,465,402,-76.95316215255991,9.809918086235577,-39.093789106388016,8.073568879575758,2.5499337185466127
2,140.0,bad,430,403,-58.52173730445984,-12.492086469833517,-31.798373698012675,-12.731842919199405,4.330898409318252
2,140.0,bad,391,404,-38.61167258122224,3.6230524362855405,-19.893424723389273,2.6163582269602834,6.814367455454601
2,140.0,bad,392,404,-32.289183785212586,3.141604100376167,-19.893424723389273,2.6163582269602834,11.644781092229154
2,140.0,bad,394,404,-23.048937681894365,2.9307881395093407,-19.893424723389273,2.6163582269602834,28.54682675322286
2,140.0,bad,398,404,-35.39203455610051,3.848990742233614,-19.893424723389273,2.6163582269602834,4.594019378475026
2,140.0,bad,399,404,-41.77897773589034,3.8108920212752366,-19.893424723389273,2.6163582269602834,5.393316352119712
2,140.0,bad,406,404,-26.06446458849377,2.735029923130604,-19.893424723389273,2.6163582269602834,22.33505398308202
2,140.0,bad,407,404,-29.172855206347137,2.9406584369166033,-19.893424723389273,2.6163582269602834,15.71355683512929
2,140.0,bad,393,405,-39.41271815373943,-2.3122694519764764,-19.507822288449834,-3.863364638679074,2.580223020674685
2,140.0,bad,396,405,-29.550051783347474,-3.3088572720822924,-19.507822288449834,-3.863364638679074,14.143572850250811
2,140.0,bad,432,405,-58.73349886326541,-5.275104729287442,-19.507822288449834,-3.863364638679074,2.4103466937124782
2,140.0,bad,446,405,-47.546021305091045,-3.0160113921076253,-19.507822288449834,-3.863364638679074,4.0366677901469314
2,140.0,bad,391,406,-38.61167258122224,3.6230524362855405,-26.06446458849377,2.735029923130604,8.66771627551522
2,140.0,bad,392,406,-32.289183785212586,3.141604100376167,-26.06446458849377,2.735029923130604,20.62114885625896
2,140.0,bad,398,406,-35.39203455610051,3.848990742233614,-26.06446458849377,2.735029923130604,4.246826979339965
2,140.0,bad,399,406,-41.77897773589034,3.8108920212752366,-26.06446458849377,2.735029923130604,6.393060045522687
2,140.0,bad,407,406,-29.172855206347137,2.9406584369166033,-26.06446458849377,2.735029923130604,32.82179732468573
2,140.0,bad,391,407,-38.61167258122224,3.6230524362855405,-29.172855206347137,2.9406584369166033,12.492366670686625
2,140.0,bad,392,407,-32.289183785212586,3.141604100376167,-29.172855206347137,2.9406584369166033,32.94354331550627
2,140.0,bad,398,407,-35.39203455610051,3.848990742233614,-29.172855206347137,2.9406584369166033,7.097388042554198
2,140.0,bad,399,407,-41.77897773589034,3.8108920212752366,-29.172855206347137,2.9406584369166033,8.913032154179682
2,140.0,bad,402,408,-39.093789106388016,8.073568879575758,-35.75476992600042,7.934875758281356,32.825784036545805
2,140.0,bad,413,408,-46.19810730955854,7.72361154982336,-35.75476992600042,7.934875758281356,13.975241129292263
2,140.0,bad,428,408,-49.25355012557327,7.837853442786841,-35.75476992600042,7.934875758281356,10.577237691698436
2,140.0,bad,452,408,-65.71579546506783,9.525112065969243,-35.75476992600042,7.934875758281356,3.466341459019241
2,140.0,bad,453,408,-69.8125034218584,5.8917548369841874,-35.75476992600042,7.934875758281356,2.0406848315561046
2,140.0,bad,458,408,-73.89633367778151,6.695720726785687,-35.75476992600042,7.934875758281356,2.5201275136826773
2,140.0,bad,463,408,-79.75628726589935,6.362725166989577,-35.75476992600042,7.934875758281356,2.0028617669369053
2,140.0,bad,465,408,-76.95316215255991,9.809918086235577,-35.75476992600042,7.934875758281356,2.228179918004181
2,140.0,bad,402,409,-39.093789106388016,8.073568879575758,-32.15898517719747,7.325966055538471,11.40509276122542
2,140.0,bad,408,409,-35.75476992600042,7.934875758281356,-32.15898517719747,7.325966055538471,16.002966595083365
2,140.0,bad,413,409,-46.19810730955854,7.72361154982336,-32.15898517719747,7.325966055538471,10.107079787232504
2,140.0,bad,428,409,-49.25355012557327,7.837853442786841,-32.15898517719747,7.325966055538471,7.9560689445202835
2,140.0,bad,453,409,-69.8125034218584,5.8917548369841874,-32.15898517719747,7.325966055538471,2.5720118311981217
2,140.0,bad,455,409,-61.25525579990567,5.700542755397095,-32.15898517719747,7.325966055538471,3.3374410095934164
2,140.0,bad,456,409,-65.03232476480193,5.478920726789056,-32.15898517719747,7.325966055538471,2.668250673438584
2,140.0,bad,458,409,-73.89633367778151,6.695720726785687,-32.15898517719747,7.325966055538471,2.1819990973410133
2,140.0,bad,430,410,-58.52173730445984,-12.492086469833517,-23.13171894584813,-11.377502491427329,2.834928990827932
2,140.0,bad,431,410,-64.40338890118959,-9.59427512276072,-23.13171894584813,-11.377502491427329,2.221815417435487
2,140.0,bad,391,411,-38.61167258122224,3.6230524362855405,-13.912744164139987,1.9404002511602778,2.598290792510793
2,140.0,bad,392,411,-32.289183785212586,3.141604100376167,-13.912744164139987,1.9404002511602778,5.346408650642824
2,140.0,bad,394,411,-23.048937681894365,2.9307881395093407,-13.912744164139987,1.9404002511602778,6.431821786950436
2,140.0,bad,399,411,-41.77897773589034,3.8108920212752366,-13.912744164139987,1.9404002511602778,2.039994844343514
2,140.0,bad,404,411,-19.893424723389273,2.6163582269602834,-13.912744164139987,1.9404002511602778,13.398525204062095
2,140.0,bad,406,411,-26.06446458849377,2.735029923130604,-13.912744164139987,1.9404002511602778,10.015897784404942
2,140.0,bad,407,411,-29.172855206347137,2.9406584369166033,-13.912744164139987,1.9404002511602778,7.208989097751277
2,140.0,bad,402,412,-39.093789106388016,8.073568879575758,-22.284669015174703,6.859997893804719,5.04717196344883
2,140.0,bad,408,412,-35.75476992600042,7.934875758281356,-22.284669015174703,6.859997893804719,6.13974151651712
2,140.0,bad,409,412,-32.15898517719747,7.325966055538471,-22.284669015174703,6.859997893804719,14.786946899969758
2,140.0,bad,413,412,-46.19810730955854,7.72361154982336,-22.284669015174703,6.859997893804719,5.078310563318061
2,140.0,bad,428,412,-49.25355012557327,7.837853442786841,-22.284669015174703,6.859997893804719,4.273564754251489
2,140.0,bad,455,412,-61.25525579990567,5.700542755397095,-22.284669015174703,6.859997893804719,2.4355232854012034
2,140.0,bad,456,412,-65.03232476480193,5.478920726789056,-22.284669015174703,6.859997893804719,2.099213330862826
2,140.0,bad,466,412,-57.74829603004346,5.026989494747326,-22.284669015174703,6.859997893804719,2.7485696729753912
2,140.0,bad,428,413,-49.25355012557327,7.837853442786841,-46.19810730955854,7.72361154982336,34.26728434147575
2,140.0,bad,458,413,-73.89633367778151,6.695720726785687,-46.19810730955854,7.72361154982336,4.109803579869488
2,140.0,bad,463,413,-79.75628726589935,6.362725166989577,-46.19810730955854,7.72361154982336,3.0783886728527032
2,140.0,bad,415,414,-49.93160452746787,16.252473862641367,-36.02909738323935,16.74364422380024,10.222944161028733
2,140.0,bad,425,414,-42.006488636751676,15.973887600959525,-36.02909738323935,16.74364422380024,10.71683498713833
2,140.0,bad,426,414,-45.979730599305086,16.10784190827346,-36.02909738323935,16.74364422380024,13.088225679931693
2,140.0,bad,448,414,-53.902195826057465,16.367554849563714,-36.02909738323935,16.74364422380024,7.517828335575497
2,140.0,bad,451,414,-62.354877699297546,18.368590759678103,-36.02909738323935,16.74364422380024,3.153526497210363
2,140.0,bad,459,414,-77.46789381156688,14.686663250960038,-36.02909738323935,16.74364422380024,2.207401357333747
2,140.0,bad,448,415,-53.902195826057465,16.367554849563714,-49.93160452746787,16.252473862641367,29.92494262148041
2,140.0,bad,459,415,-77.46789381156688,14.686663250960038,-49.93160452746787,16.252473862641367,3.536647755334609
2,140.0,bad,464,415,-80.44985957147941,16.14884740221627,-49.93160452746787,16.252473862641367,3.5576353713154694
2,140.0,bad,417,416,-49.28106766308437,20.406010159768663,-32.188593286073036,21.119978864121613,7.957296840607146
2,140.0,bad,418,416,-45.29270549823571,20.256393454361948,-32.188593286073036,21.119978864121613,8.954152273976746
2,140.0,bad,419,416,-35.50944261409184,21.33523288663796,-32.188593286073036,21.119978864121613,31.83392259054062
2,140.0,bad,422,416,-41.37418919792029,20.12794399968731,-32.188593286073036,21.119978864121613,6.41669307740275
2,140.0,bad,449,416,-60.00270395921132,22.303706294501623,-32.188593286073036,21.119978864121613,4.0846525475150965
2,140.0,bad,462,416,-65.82641830846907,20.38122729399451,-32.188593286073036,21.119978864121613,3.0671619571875994
2,140.0,bad,496,416,-53.19684895431486,20.52884300022722,-32.188593286073036,21.119978864121613,6.074467733994769
2,140.0,bad,462,417,-65.82641830846907,20.38122729399451,-49.28106766308437,20.406010159768663,8.288691372761313
2,140.0,bad,496,417,-53.19684895431486,20.52884300022722,-49.28106766308437,20.406010159768663,30.161137253619497
2,140.0,bad,417,418,-49.28106766308437,20.406010159768663,-45.29270549823571,20.256393454361948,29.848957405837716
2,140.0,bad,462,418,-65.82641830846907,20.38122729399451,-45.29270549823571,20.256393454361948,6.264748907717213
2,140.0,bad,496,418,-53.19684895431486,20.52884300022722,-45.29270549823571,20.256393454361948,18.2203117735645
2,140.0,bad,417,419,-49.28106766308437,20.406010159768663,-35.50944261409184,21.33523288663796,8.07355675037651
2,140.0,bad,418,419,-45.29270549823571,20.256393454361948,-35.50944261409184,21.33523288663796,5.0489620003925335
2,140.0,bad,449,419,-60.00270395921132,22.303706294501623,-35.50944261409184,21.33523288663796,4.909015282077365
2,140.0,bad,454,419,-69.13280027257846,23.269541997318413,-35.50944261409184,21.33523288663796,2.404753779156182
2,140.0,bad,462,419,-65.82641830846907,20.38122729399451,-35.50944261409184,21.33523288663796,3.5932464757925864
2,140.0,bad,496,419,-53.19684895431486,20.52884300022722,-35.50944261409184,21.33523288663796,7.61900665752204
2,140.0,bad,467,420,-72.75602054693888,13.345583288334776,-52.724805292135784,12.148378180438158,5.447182289964707
2,140.0,bad,468,420,-80.46399018845005,10.422866681149458,-52.724805292135784,12.148378180438158,2.7738611122798984
2,140.0,bad,469,420,-55.75688739883108,12.238708459667013,-52.724805292135784,12.148378180438158,34.39024635767996
2,140.0,bad,427,421,-45.104014724308065,24.449619071107335,-41.22396530473057,24.29944081676289,30.31662676953361
2,140.0,bad,450,421,-77.3911753853383,24.778939103983642,-41.22396530473057,24.29944081676289,2.740284415320884
2,140.0,bad,454,421,-69.13280027257846,23.269541997318413,-41.22396530473057,24.29944081676289,4.064265087381699
2,140.0,bad,457,421,-72.94142369010606,24.45739065740968,-41.22396530473057,24.29944081676289,3.3560407011079723
2,140.0,bad,492,421,-52.85376055661111,24.728994436536286,-41.22396530473057,24.29944081676289,12.484124329015838
2,140.0,bad,500,421,-48.98442894082198,24.612017860077984,-41.22396530473057,24.29944081676289,18.516304081804254
2,140.0,bad,505,421,-80.49805150296385,25.948411486082087,-41.22396530473057,24.29944081676289,2.405612900909447
2,140.0,bad,417,422,-49.28106766308437,20.406010159768663,-41.37418919792029,20.12794399968731,18.214746435895506
2,140.0,bad,418,422,-45.29270549823571,20.256393454361948,-41.37418919792029,20.12794399968731,30.149285001867852
2,140.0,bad,462,422,-65.82641830846907,20.38122729399451,-41.37418919792029,20.12794399968731,4.920715414172194
2,140.0,bad,496,422,-53.19684895431486,20.52884300022722,-41.37418919792029,20.12794399968731,12.264434805680692
2,140.0,bad,420,423,-52.724805292135784,12.148378180438158,-43.56317307999583,11.81753501039356,15.90735238544041
2,140.0,bad,424,423,-46.63318454859113,11.93735336084206,-43.56317307999583,11.81753501039356,34.19093399914021
2,140.0,bad,429,423,-49.66576466269177,12.021991389349662,-43.56317307999583,11.81753501039356,22.52533954659876
2,140.0,bad,460,423,-69.27464267527148,10.511146764383682,-43.56317307999583,11.81753501039356,4.552615384521788
2,140.0,bad,465,423,-76.95316215255991,9.809918086235577,-43.56317307999583,11.81753501039356,2.1110520600645364
2,140.0,bad,467,423,-72.75602054693888,13.345583288334776,-43.56317307999583,11.81753501039356,3.673293609707678
2,140.0,bad,468,423,-80.46399018845005,10.422866681149458,-43.56317307999583,11.81753501039356,2.655229618040813
2,140.0,bad,469,423,-55.75688739883108,12.238708459667013,-43.56317307999583,11.81753501039356,11.857767183815621
2,140.0,bad,420,424,-52.724805292135784,12.148378180438158,-46.63318454859113,11.93735336084206,22.556064371834967
2,140.0,bad,429,424,-49.66576466269177,12.021991389349662,-46.63318454859113,11.93735336084206,34.38761813364716
2,140.0,bad,460,424,-69.27464267527148,10.511146764383682,-46.63318454859113,11.93735336084206,3.986618030731944
2,140.0,bad,467,424,-72.75602054693888,13.345583288334776,-46.63318454859113,11.93735336084206,4.200821335003785
2,140.0,bad,468,424,-80.46399018845005,10.422866681149458,-46.63318454859113,11.93735336084206,3.0402128847692635
2,140.0,bad,469,424,-55.75688739883108,12.238708459667013,-46.63318454859113,11.93735336084206,15.970515264385801
2,140.0,bad,415,425,-49.93160452746787,16.252473862641367,-42.006488636751676,15.973887600959525,18.17770108621062
2,140.0,bad,426,425,-45.979730599305086,16.10784190827346,-42.006488636751676,15.973887600959525,29.913590432229675
2,140.0,bad,448,425,-53.902195826057465,16.367554849563714,-42.006488636751676,15.973887600959525,12.182739241765793
2,140.0,bad,459,425,-77.46789381156688,14.686663250960038,-42.006488636751676,15.973887600959525,2.826032756282492
2,140.0,bad,464,425,-80.44985957147941,16.14884740221627,-42.006488636751676,15.973887600959525,2.4888240231977576
2,140.0,bad,415,426,-49.93160452746787,16.252473862641367,-45.979730599305086,16.10784190827346,30.005289097602233
2,140.0,bad,448,426,-53.902195826057465,16.367554849563714,-45.979730599305086,16.10784190827346,18.18307830855625
2,140.0,bad,459,426,-77.46789381156688,14.686663250960038,-45.979730599305086,16.10784190827346,3.3932392831286227
2,140.0,bad,464,426,-80.44985957147941,16.14884740221627,-45.979730599305086,16.10784190827346,2.953426205328051
2,140.0,bad,450,427,-77.3911753853383,24.778939103983642,-45.104014724308065,24.449619071107335,3.2662231337005827
2,140.0,bad,454,427,-69.13280027257846,23.269541997318413,-45.104014724308065,24.449619071107335,5.043941050648953
2,140.0,bad,457,427,-72.94142369010606,24.45739065740968,-45.104014724308065,24.449619071107335,4.079623866422797
2,140.0,bad,492,427,-52.85376055661111,24.728994436536286,-45.104014724308065,24.449619071107335,18.538672180146936
2,140.0,bad,500,427,-48.98442894082198,24.612017860077984,-45.104014724308065,24.449619071107335,30.315033262730868
2,140.0,bad,505,427,-80.49805150296385,25.948411486082087,-45.104014724308065,24.449619071107335,2.8344270997398486
2,140.0,bad,458,428,-73.89633367778151,6.695720726785687,-49.25355012557327,7.837853442786841,4.866730991038767
2,140.0,bad,463,428,-79.75628726589935,6.362725166989577,-49.25355012557327,7.837853442786841,3.5603619830329594
2,140.0,bad,420,429,-52.724805292135784,12.148378180438158,-49.66576466269177,12.021991389349662,34.248405418247586
2,140.0,bad,460,429,-69.27464267527148,10.511146764383682,-49.66576466269177,12.021991389349662,2.8389140633936303
2,140.0,bad,467,429,-72.75602054693888,13.345583288334776,-49.66576466269177,12.021991389349662,4.652323564480395
2,140.0,bad,468,429,-80.46399018845005,10.422866681149458,-49.66576466269177,12.021991389349662,3.4131772780984915
2,140.0,bad,469,429,-55.75688739883108,12.238708459667013,-49.66576466269177,12.021991389349662,22.55746057781814
2,140.0,bad,435,433,-64.39933595462688,-16.06714490442535,-46.66948625227329,-15.705768037761539,7.595701173940833
2,140.0,bad,438,437,-64.49789979066965,-23.26629739959194,-56.49144144681595,-24.438542993968596,2.5772609907857165
2,140.0,bad,431,439,-64.40338890118959,-9.59427512276072,-51.74366010120704,-9.396958662057077,11.375054508711301
2,140.0,bad,431,440,-64.40338890118959,-9.59427512276072,-43.69826041973564,-9.239032864399398,6.194996481318878
2,140.0,bad,439,440,-51.74366010120704,-9.396958662057077,-43.69826041973564,-9.239032864399398,17.936177407070385
2,140.0,bad,435,442,-64.39933595462688,-16.06714490442535,-53.700198534364745,-17.070594031676556,6.647242742417396
2,140.0,bad,437,445,-56.49144144681595,-24.438542993968596,-49.443271648851244,-23.32080915940153,2.969795494477545
2,140.0,bad,438,445,-64.49789979066965,-23.26629739959194,-49.443271648851244,-23.32080915940153,9.304370147788935
2,140.0,bad,461,446,-64.3058983267778,-3.050704735530058,-47.546021305091045,-3.0160113921076253,8.156327872866564
2,140.0,bad,459,448,-77.46789381156688,14.686663250960038,-53.902195826057465,16.367554849563714,2.41079360293806
2,140.0,bad,464,448,-80.44985957147941,16.14884740221627,-53.902195826057465,16.367554849563714,4.372639371350278
2,140.0,bad,454,449,-69.13280027257846,23.269541997318413,-60.00270395921132,22.303706294501623,6.905941460578167
2,140.0,bad,460,452,-69.27464267527148,10.511146764383682,-65.71579546506783,9.525112065969243,3.345290897073404
2,140.0,bad,465,452,-76.95316215255991,9.809918086235577,-65.71579546506783,9.525112065969243,12.949755554811167
2,140.0,bad,468,452,-80.46399018845005,10.422866681149458,-65.71579546506783,9.525112065969243,8.342749485879382
2,140.0,bad,458,453,-73.89633367778151,6.695720726785687,-69.8125034218584,5.8917548369841874,9.09806119410445
2,140.0,bad,463,453,-79.75628726589935,6.362725166989577,-69.8125034218584,5.8917548369841874,14.684115265932881
2,140.0,bad,453,455,-69.8125034218584,5.8917548369841874,-61.25525579990567,5.700542755397095,16.960387723248164
2,140.0,bad,456,455,-65.03232476480193,5.478920726789056,-61.25525579990567,5.700542755397095,30.22264547894701
2,140.0,bad,458,455,-73.89633367778151,6.695720726785687,-61.25525579990567,5.700542755397095,7.131702743747893
2,140.0,bad,463,455,-79.75628726589935,6.362725166989577,-61.25525579990567,5.700542755397095,7.190212847658758
2,140.0,bad,453,456,-69.8125034218584,5.8917548369841874,-65.03232476480193,5.478920726789056,22.327968236345534
2,140.0,bad,458,456,-73.89633367778151,6.695720726785687,-65.03232476480193,5.478920726789056,2.3407426037749763
2,140.0,bad,463,456,-79.75628726589935,6.362725166989577,-65.03232476480193,5.478920726789056,8.488701049356889
2,140.0,bad,450,457,-77.3911753853383,24.778939103983642,-72.94142369010606,24.45739065740968,25.74108416779123
2,140.0,bad,463,458,-79.75628726589935,6.362725166989577,-73.89633367778151,6.695720726785687,22.73250025841638
2,140.0,bad,465,460,-76.95316215255991,9.809918086235577,-69.27464267527148,10.511146764383682,12.50826390579755
2,140.0,bad,468,460,-80.46399018845005,10.422866681149458,-69.27464267527148,10.511146764383682,13.00851537930306
2,140.0,bad,468,465,-80.46399018845005,10.422866681149458,-76.95316215255991,9.809918086235577,15.86093843209064
2,140.0,bad,453,466,-69.8125034218584,5.8917548369841874,-57.74829603004346,5.026989494747326,9.025963880375249
2,140.0,bad,455,466,-61.25525579990567,5.700542755397095,-57.74829603004346,5.026989494747326,13.524309213962907
2,140.0,bad,456,466,-65.03232476480193,5.478920726789056,-57.74829603004346,5.026989494747326,18.3609142352306
2,140.0,bad,463,466,-79.75628726589935,6.362725166989577,-57.74829603004346,5.026989494747326,4.545331558039215
2,140.0,bad,467,469,-72.75602054693888,13.345583288334776,-55.75688739883108,12.238708459667013,6.140208879987428
2,140.0,bad,200,470,-13.948670195966617,-44.469283947006346,8.795104274823284,-45.25816891554308,5.447602634774183
2,140.0,bad,204,470,-20.705034086764506,-46.226280307539696,8.795104274823284,-45.25816891554308,3.74339510583951
2,140.0,bad,396,479,-29.550051783347474,-3.3088572720822924,-10.075969759123957,-4.875317473267086,2.3522834010802818
2,140.0,bad,405,479,-19.507822288449834,-3.863364638679074,-10.075969759123957,-4.875317473267086,6.123624997091782
2,140.0,bad,446,479,-47.546021305091045,-3.0160113921076253,-10.075969759123957,-4.875317473267086,2.5919313545359186
2,140.0,bad,229,480,-25.03078846099711,-24.933948023660875,-7.110888931374237,-24.57199090022415,7.49264574880584
2,140.0,bad,445,480,-49.443271648851244,-23.32080915940153,-7.110888931374237,-24.57199090022415,2.1326612812250714
2,140.0,bad,401,481,-13.601648160619407,-12.024861474302392,-6.242972496417467,-13.131471207906483,3.3612619215975186
2,140.0,bad,403,481,-31.798373698012675,-12.731842919199405,-6.242972496417467,-13.131471207906483,4.620103820991353
2,140.0,bad,505,487,-80.49805150296385,25.948411486082087,-65.34040630182812,26.61656253214743,9.22832595815695
2,140.0,bad,491,488,-46.670039257189906,28.70530623096809,-43.73615250704639,28.586642586358018,34.9144169625926
2,140.0,bad,493,488,-49.61095229864945,28.8174148205119,-43.73615250704639,28.586642586358018,23.176421914642244
2,140.0,bad,497,488,-59.82629081431025,27.61864203795291,-43.73615250704639,28.586642586358018,7.489587714283102
2,140.0,bad,499,488,-52.54482098625606,28.911699646790176,-43.73615250704639,28.586642586358018,16.509989560698184
2,140.0,bad,503,489,-70.64767635406247,38.34962527986639,-57.23856039312243,38.66743454402811,10.658421133256395
2,140.0,bad,504,489,-74.82411970722568,40.205254648185964,-57.23856039312243,38.66743454402811,2.082060949776769
2,140.0,bad,507,489,-77.38322424563228,37.0518243458264,-57.23856039312243,38.66743454402811,2.133556626836003
2,140.0,bad,506,490,-74.43266939131354,32.93598632133144,-69.02577128736831,33.02397899666412,24.605516247133146
2,140.0,bad,508,490,-79.33454586759548,32.10941718271446,-69.02577128736831,33.02397899666412,8.130316773382104
2,140.0,bad,493,491,-49.61095229864945,28.8174148205119,-46.670039257189906,28.70530623096809,34.87651356802222
2,140.0,bad,497,491,-59.82629081431025,27.61864203795291,-46.670039257189906,28.70530623096809,5.919570728570228
2,140.0,bad,499,491,-52.54482098625606,28.911699646790176,-46.670039257189906,28.70530623096809,23.176474655551875
2,140.0,bad,450,492,-77.3911753853383,24.778939103983642,-52.85376055661111,24.728994436536286,4.8964716926103495
2,140.0,bad,454,492,-69.13280027257846,23.269541997318413,-52.85376055661111,24.728994436536286,2.407244062213221
2,140.0,bad,457,492,-72.94142369010606,24.45739065740968,-52.85376055661111,24.728994436536286,6.451875613175371
2,140.0,bad,505,492,-80.49805150296385,25.948411486082087,-52.85376055661111,24.728994436536286,4.121588781848801
2,140.0,bad,497,493,-59.82629081431025,27.61864203795291,-49.61095229864945,28.8174148205119,3.280343256285752
2,140.0,bad,499,493,-52.54482098625606,28.911699646790176,-49.61095229864945,28.8174148205119,34.91451448072896
2,140.0,bad,501,495,-65.70535321636191,37.14719410204815,-60.535598733138855,36.78237045754887,23.22019852336381
2,140.0,bad,507,495,-77.38322424563228,37.0518243458264,-60.535598733138855,36.78237045754887,8.10309889296923
2,140.0,bad,462,496,-65.82641830846907,20.38122729399451,-53.19684895431486,20.52884300022722,11.405394807652817
2,140.0,bad,487,497,-65.34040630182812,26.61656253214743,-59.82629081431025,27.61864203795291,4.410860435611461
2,140.0,bad,488,498,-43.73615250704639,28.586642586358018,-40.77640162496878,28.468584033774704,34.77519669625876
2,140.0,bad,491,498,-46.670039257189906,28.70530623096809,-40.77640162496878,28.468584033774704,23.121515037168614
2,140.0,bad,493,498,-49.61095229864945,28.8174148205119,-40.77640162496878,28.468584033774704,16.464645112324494
2,140.0,bad,497,498,-59.82629081431025,27.61864203795291,-40.77640162496878,28.468584033774704,6.921081155590132
2,140.0,bad,499,498,-52.54482098625606,28.911699646790176,-40.77640162496878,28.468584033774704,12.325629562451091
2,140.0,bad,450,500,-77.3911753853383,24.778939103983642,-48.98442894082198,24.612017860077984,3.9595685438614
2,140.0,bad,454,500,-69.13280027257846,23.269541997318413,-48.98442894082198,24.612017860077984,4.329551753243731
2,140.0,bad,457,500,-72.94142369010606,24.45739065740968,-48.98442894082198,24.612017860077984,5.065291075287137
2,140.0,bad,492,500,-52.85376055661111,24.728994436536286,-48.98442894082198,24.612017860077984,30.363500434887243
2,140.0,bad,505,500,-80.49805150296385,25.948411486082087,-48.98442894082198,24.612017860077984,3.3890785681436046
2,140.0,bad,507,501,-77.38322424563228,37.0518243458264,-65.70535321636191,37.14719410204815,12.42881276666077
2,140.0,bad,508,506,-79.33454586759548,32.10941718271446,-74.43266939131354,32.93598632133144,8.754304663980317
2,140.0,bad,357,509,-3.7100671019948335,3.592693626731389,-1.5145310363716808,3.455099407473326,38.61313619230102
2,140.0,bad,366,509,-5.8191925892105765,3.763237133808354,-1.5145310363716808,3.455099407473326,26.439835496682363
2,140.0,bad,367,509,-10.076470057414271,4.018833302569968,-1.5145310363716808,3.455099407473326,15.122733986145127
2,140.0,bad,378,509,-12.225432591042825,4.209352584171119,-1.5145310363716808,3.455099407473326,10.912628216414362
2,140.0,bad,384,509,-7.9639562490425,3.8788233921790685,-1.5145310363716808,3.455099407473326,19.94182105920262
2,140.0,bad,391,509,-38.61167258122224,3.6230524362855405,-1.5145310363716808,3.455099407473326,2.6331391068169694
2,140.0,bad,392,509,-32.289183785212586,3.141604100376167,-1.5145310363716808,3.455099407473326,3.5130340542390095
2,140.0,bad,394,509,-23.048937681894365,2.9307881395093407,-1.5145310363716808,3.455099407473326,5.87345403846578
2,140.0,bad,398,509,-35.39203455610051,3.848990742233614,-1.5145310363716808,3.455099407473326,3.033745062487226
2,140.0,bad,399,509,-41.77897773589034,3.8108920212752366,-1.5145310363716808,3.455099407473326,2.3117511874814336
2,140.0,bad,404,509,-19.893424723389273,2.6163582269602834,-1.5145310363716808,3.455099407473326,7.252236860249349
2,140.0,bad,406,509,-26.06446458849377,2.735029923130604,-1.5145310363716808,3.455099407473326,4.892923988563687
2,140.0,bad,407,509,-29.172855206347137,2.9406584369166033,-1.5145310363716808,3.455099407473326,4.118517567100808
2,140.0,bad,494,510,-66.77524930125743,42.16069810401659,-32.62903368317485,42.33050215320357,2.9969254632768716
2,140.0,bad,502,510,-74.18663666960296,44.508705857117995,-32.62903368317485,42.33050215320357,2.071218056107814
2,140.0,bad,504,510,-74.82411970722568,40.205254648185964,-32.62903368317485,42.33050215320357,2.1361444400291405
2,140.0,bad,517,510,-36.20205039411669,42.23263093965877,-32.62903368317485,42.33050215320357,31.70371347655089
2,140.0,bad,527,510,-46.913455758020504,41.91576367431601,-32.62903368317485,42.33050215320357,9.903925320833173
2,140.0,bad,532,510,-43.33239867840877,42.00719562603077,-32.62903368317485,42.33050215320357,13.626396585317288
2,140.0,bad,539,510,-59.833875486847056,43.250134052972754,-32.62903368317485,42.33050215320357,4.219529013984464
2,140.0,bad,544,510,-39.79244640322414,42.149185814303436,-32.62903368317485,42.33050215320357,19.826936251424854
2,140.0,bad,546,510,-50.47845887144432,41.81934229460188,-32.62903368317485,42.33050215320357,7.530614747106918
2,140.0,bad,502,511,-74.18663666960296,44.508705857117995,-31.38494066322298,45.93380959042084,2.0949186212438122
2,140.0,bad,512,511,-38.58027375770929,46.08832201302919,-31.38494066322298,45.93380959042084,19.75339352880691
2,140.0,bad,520,511,-34.974222123225296,45.99832282701605,-31.38494066322298,45.93380959042084,31.6278677656554
2,140.0,bad,534,511,-45.775904721246874,46.23533223110429,-31.38494066322298,45.93380959042084,9.817591769425134
2,140.0,bad,542,511,-49.363287205357395,46.292868041731076,-31.38494066322298,45.93380959042084,7.461374040385629
2,140.0,bad,543,511,-42.200142356704866,46.17200176210778,-31.38494066322298,45.93380959042084,13.480365111967352
2,140.0,bad,567,511,-70.0057527088592,45.994162044720056,-31.38494066322298,45.93380959042084,2.470691300279189
2,140.0,bad,502,512,-74.18663666960296,44.508705857117995,-38.58027375770929,46.08832201302919,2.8080964749474076
2,140.0,bad,534,512,-45.775904721246874,46.23533223110429,-38.58027375770929,46.08832201302919,19.752709183621732
2,140.0,bad,542,512,-49.363287205357395,46.292868041731076,-38.58027375770929,46.08832201302919,13.522153596736096
2,140.0,bad,543,512,-42.200142356704866,46.17200176210778,-38.58027375770929,46.08832201302919,31.485969230723953
2,140.0,bad,567,512,-70.0057527088592,45.994162044720056,-38.58027375770929,46.08832201302919,3.4035162253150646
2,140.0,bad,519,513,-44.16616603684636,50.32610008185647,-40.69479670499486,50.09803575416398,30.980123509629053
2,140.0,bad,526,513,-60.58198443451756,50.47066296555671,-40.69479670499486,50.09803575416398,6.538720880618465
2,140.0,bad,538,513,-47.678733226860594,50.574976217260655,-40.69479670499486,50.09803575416398,18.16187258287329
2,140.0,bad,565,513,-72.4638230470292,49.445293686454505,-40.69479670499486,50.09803575416398,3.3477590941741937
2,140.0,bad,568,513,-66.84242920386343,48.31358295278453,-40.69479670499486,50.09803575416398,2.23312028231929
2,140.0,bad,489,514,-57.23856039312243,38.66743454402811,-29.187992961085016,39.30135036889406,4.034043962280653
2,140.0,bad,503,514,-70.64767635406247,38.34962527986639,-29.187992961085016,39.30135036889406,2.205609797257295
2,140.0,bad,521,514,-32.32209595242482,39.061475918844536,-29.187992961085016,39.30135036889406,31.550897104012023
2,140.0,bad,525,514,-35.748099514981384,38.78368694292588,-29.187992961085016,39.30135036889406,17.549564805742353
2,140.0,bad,528,514,-38.24836661528817,38.548226666649995,-29.187992961085016,39.30135036889406,11.191224626634147
2,140.0,bad,529,514,-48.30911656288093,37.7765118660038,-29.187992961085016,39.30135036889406,2.606188702831348
2,140.0,bad,530,514,-40.77363101152758,38.3425570076074,-29.187992961085016,39.30135036889406,7.552966838504446
2,140.0,bad,533,514,-43.292958830304734,38.15966973701596,-29.187992961085016,39.30135036889406,5.385651752066037
2,140.0,bad,535,514,-45.82086050492956,37.96892885053054,-29.187992961085016,39.30135036889406,3.779923373534434
2,140.0,bad,513,515,-40.69479670499486,50.09803575416398,-33.723938845144275,49.60682450754024,17.85284801181645
2,140.0,bad,519,515,-44.16616603684636,50.32610008185647,-33.723938845144275,49.60682450754024,11.55046436614384
2,140.0,bad,524,515,-37.21145116526243,49.84705582755471,-33.723938845144275,49.60682450754024,30.550277446420125
2,140.0,bad,526,515,-60.58198443451756,50.47066296555671,-33.723938845144275,49.60682450754024,4.299305400141754
2,140.0,bad,538,515,-47.678733226860594,50.574976217260655,-33.723938845144275,49.60682450754024,7.584530634086215
2,140.0,bad,541,515,-56.55457125447471,48.22692308623632,-33.723938845144275,49.60682450754024,4.304786162256357
2,140.0,bad,565,515,-72.4638230470292,49.445293686454505,-33.723938845144275,49.60682450754024,2.458634185669797
2,140.0,bad,568,515,-66.84242920386343,48.31358295278453,-33.723938845144275,49.60682450754024,3.1414909117609704
2,140.0,bad,494,516,-66.77524930125743,42.16069810401659,-28.413666089920707,42.53421188190952,2.4972491970921222
2,140.0,bad,510,516,-32.62903368317485,42.33050215320357,-28.413666089920707,42.53421188190952,28.90325223300782
2,140.0,bad,517,516,-36.20205039411669,42.23263093965877,-28.413666089920707,42.53421188190952,18.458223275834253
2,140.0,bad,527,516,-46.913455758020504,41.91576367431601,-28.413666089920707,42.53421188190952,7.190839447770426
2,140.0,bad,532,516,-43.33239867840877,42.00719562603077,-28.413666089920707,42.53421188190952,9.406130566048192
2,140.0,bad,539,516,-59.833875486847056,43.250134052972754,-28.413666089920707,42.53421188190952,3.404382283426488
2,140.0,bad,544,516,-39.79244640322414,42.149185814303436,-28.413666089920707,42.53421188190952,12.77900537842845
2,140.0,bad,546,516,-50.47845887144432,41.81934229460188,-28.413666089920707,42.53421188190952,5.680754572293252
2,140.0,bad,494,517,-66.77524930125743,42.16069810401659,-36.20205039411669,42.23263093965877,3.5480064594156264
2,140.0,bad,504,517,-74.82411970722568,40.205254648185964,-36.20205039411669,42.23263093965877,2.3362849329510507
2,140.0,bad,527,517,-46.913455758020504,41.91576367431601,-36.20205039411669,42.23263093965877,13.615818839974313
2,140.0,bad,532,517,-43.33239867840877,42.00719562603077,-36.20205039411669,42.23263093965877,19.90354872018317
2,140.0,bad,539,517,-59.833875486847056,43.250134052972754,-36.20205039411669,42.23263093965877,5.16371221983698
2,140.0,bad,544,517,-39.79244640322414,42.149185814303436,-36.20205039411669,42.23263093965877,31.62268037211198
2,140.0,bad,546,517,-50.47845887144432,41.81934229460188,-36.20205039411669,42.23263093965877,9.910464934857256
2,140.0,bad,511,518,-31.38494066322298,45.93380959042084,-27.57698410907819,45.91433425641187,30.634026110634906
2,140.0,bad,512,518,-38.58027375770929,46.08832201302919,-27.57698410907819,45.91433425641187,13.240008342718573
2,140.0,bad,520,518,-34.974222123225296,45.99832282701605,-27.57698410907819,45.91433425641187,19.297555190118995
2,140.0,bad,534,518,-45.775904721246874,46.23533223110429,-27.57698410907819,45.91433425641187,7.345103709802214
2,140.0,bad,542,518,-49.363287205357395,46.292868041731076,-27.57698410907819,45.91433425641187,5.7807323446787855
2,140.0,bad,543,518,-42.200142356704866,46.17200176210778,-27.57698410907819,45.91433425641187,9.63330674902908
2,140.0,bad,567,518,-70.0057527088592,45.994162044720056,-27.57698410907819,45.91433425641187,2.1248270522786825
2,140.0,bad,526,519,-60.58198443451756,50.47066296555671,-44.16616603684636,50.32610008185647,8.370179304167067
2,140.0,bad,538,519,-47.678733226860594,50.574976217260655,-44.16616603684636,50.32610008185647,30.198343299625556
2,140.0,bad,565,519,-72.4638230470292,49.445293686454505,-44.16616603684636,50.32610008185647,3.982158034652244
2,140.0,bad,502,520,-74.18663666960296,44.508705857117995,-34.974222123225296,45.99832282701605,2.411645975362815
2,140.0,bad,512,520,-38.58027375770929,46.08832201302919,-34.974222123225296,45.99832282701605,31.549949792211613
2,140.0,bad,534,520,-45.775904721246874,46.23533223110429,-34.974222123225296,45.99832282701605,13.497892690511792
2,140.0,bad,542,520,-49.363287205357395,46.292868041731076,-34.974222123225296,45.99832282701605,9.819120659181731
2,140.0,bad,543,520,-42.200142356704866,46.17200176210778,-34.974222123225296,45.99832282701605,19.68330573520835
2,140.0,bad,567,520,-70.0057527088592,45.994162044720056,-34.974222123225296,45.99832282701605,2.8802453549895013
2,140.0,bad,489,521,-57.23856039312243,38.66743454402811,-32.32209595242482,39.061475918844536,4.79073753999914
2,140.0,bad,501,521,-65.70535321636191,37.14719410204815,-32.32209595242482,39.061475918844536,2.4601068651277136
2,140.0,bad,503,521,-70.64767635406247,38.34962527986639,-32.32209595242482,39.061475918844536,2.500971510526399
2,140.0,bad,504,521,-74.82411970722568,40.205254648185964,-32.32209595242482,39.061475918844536,2.1189017209121452
2,140.0,bad,525,521,-35.748099514981384,38.78368694292588,-32.32209595242482,39.061475918844536,29.39860883928771
2,140.0,bad,528,521,-38.24836661528817,38.548226666649995,-32.32209595242482,39.061475918844536,18.144208035427056
2,140.0,bad,529,521,-48.30911656288093,37.7765118660038,-32.32209595242482,39.061475918844536,4.125760260663954
2,140.0,bad,530,521,-40.77363101152758,38.3425570076074,-32.32209595242482,39.061475918844536,11.988019481865377
2,140.0,bad,533,521,-43.292958830304734,38.15966973701596,-32.32209595242482,39.061475918844536,8.424730092687385
2,140.0,bad,535,521,-45.82086050492956,37.96892885053054,-32.32209595242482,39.061475918844536,5.906953352072274
2,140.0,bad,540,521,-51.521269800707586,37.517296245668035,-32.32209595242482,39.061475918844536,2.4649461124219583
2,140.0,bad,513,522,-40.69479670499486,50.09803575416398,-26.769050606360707,49.13385939509118,7.63408846974383
2,140.0,bad,515,522,-33.723938845144275,49.60682450754024,-26.769050606360707,49.13385939509118,18.27856854451908
2,140.0,bad,519,522,-44.16616603684636,50.32610008185647,-26.769050606360707,49.13385939509118,5.338688009398323
2,140.0,bad,523,522,-30.237716377240023,49.38463047472984,-26.769050606360707,49.13385939509118,30.252306473866557
2,140.0,bad,524,522,-37.21145116526243,49.84705582755471,-26.769050606360707,49.13385939509118,11.649874683910141
2,140.0,bad,526,522,-60.58198443451756,50.47066296555671,-26.769050606360707,49.13385939509118,3.042693667918189
2,140.0,bad,538,522,-47.678733226860594,50.574976217260655,-26.769050606360707,49.13385939509118,3.655671973131262
2,140.0,bad,541,522,-56.55457125447471,48.22692308623632,-26.769050606360707,49.13385939509118,3.689884825004562
2,140.0,bad,568,522,-66.84242920386343,48.31358295278453,-26.769050606360707,49.13385939509118,2.329427031965475
2,140.0,bad,513,523,-40.69479670499486,50.09803575416398,-30.237716377240023,49.38463047472984,11.642146012942675
2,140.0,bad,515,523,-33.723938845144275,49.60682450754024,-30.237716377240023,49.38463047472984,31.11091701018645
2,140.0,bad,519,523,-44.16616603684636,50.32610008185647,-30.237716377240023,49.38463047472984,7.916565308670672
2,140.0,bad,524,523,-37.21145116526243,49.84705582755471,-30.237716377240023,49.38463047472984,18.489107078971852
2,140.0,bad,526,523,-60.58198443451756,50.47066296555671,-30.237716377240023,49.38463047472984,3.5883865529032297
2,140.0,bad,538,523,-47.678733226860594,50.574976217260655,-30.237716377240023,49.38463047472984,5.361864088389347
2,140.0,bad,541,523,-56.55457125447471,48.22692308623632,-30.237716377240023,49.38463047472984,4.428395908215705
2,140.0,bad,565,523,-72.4638230470292,49.445293686454505,-30.237716377240023,49.38463047472984,2.141349710627223
2,140.0,bad,568,523,-66.84242920386343,48.31358295278453,-30.237716377240023,49.38463047472984,2.689076946415152
2,140.0,bad,513,524,-40.69479670499486,50.09803575416398,-37.21145116526243,49.84705582755471,30.206134653534516
2,140.0,bad,519,524,-44.16616603684636,50.32610008185647,-37.21145116526243,49.84705582755471,18.143335768915932
2,140.0,bad,526,524,-60.58198443451756,50.47066296555671,-37.21145116526243,49.84705582755471,5.24489270563007
2,140.0,bad,538,524,-47.678733226860594,50.574976217260655,-37.21145116526243,49.84705582755471,11.401411960626467
2,140.0,bad,565,524,-72.4638230470292,49.445293686454505,-37.21145116526243,49.84705582755471,2.8522015201803446
2,140.0,bad,568,524,-66.84242920386343,48.31358295278453,-37.21145116526243,49.84705582755471,3.634671351623812
2,140.0,bad,489,525,-57.23856039312243,38.66743454402811,-35.748099514981384,38.78368694292588,5.889858596528952
2,140.0,bad,501,525,-65.70535321636191,37.14719410204815,-35.748099514981384,38.78368694292588,3.3141254812714163
2,140.0,bad,503,525,-70.64767635406247,38.34962527986639,-35.748099514981384,38.78368694292588,2.897199529770775
2,140.0,bad,504,525,-74.82411970722568,40.205254648185964,-35.748099514981384,38.78368694292588,2.425069720380646
2,140.0,bad,507,525,-77.38322424563228,37.0518243458264,-35.748099514981384,38.78368694292588,2.190647201389594
2,140.0,bad,528,525,-38.24836661528817,38.548226666649995,-35.748099514981384,38.78368694292588,33.519559934728576
2,140.0,bad,529,525,-48.30911656288093,37.7765118660038,-35.748099514981384,38.78368694292588,6.946628331430961
2,140.0,bad,530,525,-40.77363101152758,38.3425570076074,-35.748099514981384,38.78368694292588,21.132450792054644
2,140.0,bad,533,525,-43.292958830304734,38.15966973701596,-35.748099514981384,38.78368694292588,14.377145256730037
2,140.0,bad,535,525,-45.82086050492956,37.96892885053054,-35.748099514981384,38.78368694292588,9.934274271831235
2,140.0,bad,540,525,-51.521269800707586,37.517296245668035,-35.748099514981384,38.78368694292588,4.278543090134768
2,140.0,bad,565,526,-72.4638230470292,49.445293686454505,-60.58198443451756,50.47066296555671,6.556307532353747
2,140.0,bad,494,527,-66.77524930125743,42.16069810401659,-46.913455758020504,41.91576367431601,6.549846541750029
2,140.0,bad,504,527,-74.82411970722568,40.205254648185964,-46.913455758020504,41.91576367431601,2.868349892138556
2,140.0,bad,539,527,-59.833875486847056,43.250134052972754,-46.913455758020504,41.91576367431601,2.5911794723005683
2,140.0,bad,546,527,-50.47845887144432,41.81934229460188,-46.913455758020504,41.91576367431601,31.741182814579812
2,140.0,bad,489,528,-57.23856039312243,38.66743454402811,-38.24836661528817,38.548226666649995,6.949613711704574
2,140.0,bad,501,528,-65.70535321636191,37.14719410204815,-38.24836661528817,38.548226666649995,4.124455274169703
2,140.0,bad,503,528,-70.64767635406247,38.34962527986639,-38.24836661528817,38.548226666649995,3.248967217746352
2,140.0,bad,504,528,-74.82411970722568,40.205254648185964,-38.24836661528817,38.548226666649995,2.692421998730013
2,140.0,bad,507,528,-77.38322424563228,37.0518243458264,-38.24836661528817,38.548226666649995,2.4192653091696856
2,140.0,bad,529,528,-48.30911656288093,37.7765118660038,-38.24836661528817,38.548226666649995,10.71945941486202
2,140.0,bad,530,528,-40.77363101152758,38.3425570076074,-38.24836661528817,38.548226666649995,34.72517070022918
2,140.0,bad,533,528,-43.292958830304734,38.15966973701596,-38.24836661528817,38.548226666649995,22.72932021640417
2,140.0,bad,535,528,-45.82086050492956,37.96892885053054,-38.24836661528817,38.548226666649995,15.403936007768012
2,140.0,bad,540,528,-51.521269800707586,37.517296245668035,-38.24836661528817,38.548226666649995,6.707646669663646
2,140.0,bad,489,529,-57.23856039312243,38.66743454402811,-48.30911656288093,37.7765118660038,8.355096609908536
2,140.0,bad,495,529,-60.535598733138855,36.78237045754887,-48.30911656288093,37.7765118660038,7.0924964906981085
2,140.0,bad,501,529,-65.70535321636191,37.14719410204815,-48.30911656288093,37.7765118660038,7.781818259312172
2,140.0,bad,503,529,-70.64767635406247,38.34962527986639,-48.30911656288093,37.7765118660038,5.584979108143964
2,140.0,bad,507,529,-77.38322424563228,37.0518243458264,-48.30911656288093,37.7765118660038,3.825469677860285
2,140.0,bad,540,529,-51.521269800707586,37.517296245668035,-48.30911656288093,37.7765118660038,30.618561388000202
2,140.0,bad,489,530,-57.23856039312243,38.66743454402811,-40.77363101152758,38.3425570076074,8.339143035299138
2,140.0,bad,495,530,-60.535598733138855,36.78237045754887,-40.77363101152758,38.3425570076074,2.4734026895838133
2,140.0,bad,501,530,-65.70535321636191,37.14719410204815,-40.77363101152758,38.3425570076074,4.786553378721612
2,140.0,bad,503,530,-70.64767635406247,38.34962527986639,-40.77363101152758,38.3425570076074,3.673519125004406
2,140.0,bad,504,530,-74.82411970722568,40.205254648185964,-40.77363101152758,38.3425570076074,2.6661762723813713
2,140.0,bad,507,530,-77.38322424563228,37.0518243458264,-40.77363101152758,38.3425570076074,2.6885138389837384
2,140.0,bad,529,530,-48.30911656288093,37.7765118660038,-40.77363101152758,38.3425570076074,15.726398125741134
2,140.0,bad,533,530,-43.292958830304734,38.15966973701596,-40.77363101152758,38.3425570076074,35.65573300677644
2,140.0,bad,535,530,-45.82086050492956,37.96892885053054,-40.77363101152758,38.3425570076074,23.163781667505447
2,140.0,bad,540,530,-51.521269800707586,37.517296245668035,-40.77363101152758,38.3425570076074,9.721070564200277
2,140.0,bad,427,531,-45.104014724308065,24.449619071107335,-35.194996900496335,25.4579472317995,6.344221755674662
2,140.0,bad,450,531,-77.3911753853383,24.778939103983642,-35.194996900496335,25.4579472317995,2.143806023906062
2,140.0,bad,457,531,-72.94142369010606,24.45739065740968,-35.194996900496335,25.4579472317995,2.562011946474102
2,140.0,bad,487,531,-65.34040630182812,26.61656253214743,-35.194996900496335,25.4579472317995,3.624024454553835
2,140.0,bad,492,531,-52.85376055661111,24.728994436536286,-35.194996900496335,25.4579472317995,7.634794911806426
2,140.0,bad,500,531,-48.98442894082198,24.612017860077984,-35.194996900496335,25.4579472317995,9.060553074408162
2,140.0,bad,494,532,-66.77524930125743,42.16069810401659,-43.33239867840877,42.00719562603077,5.222233951689271
2,140.0,bad,504,532,-74.82411970722568,40.205254648185964,-43.33239867840877,42.00719562603077,2.7559425695437327
2,140.0,bad,527,532,-46.913455758020504,41.91576367431601,-43.33239867840877,42.00719562603077,31.66618560427351
2,140.0,bad,539,532,-59.833875486847056,43.250134052972754,-43.33239867840877,42.00719562603077,4.687342686823798
2,140.0,bad,546,532,-50.47845887144432,41.81934229460188,-43.33239867840877,42.00719562603077,19.8670879292097
2,140.0,bad,489,533,-57.23856039312243,38.66743454402811,-43.292958830304734,38.15966973701596,10.186181216687046
2,140.0,bad,495,533,-60.535598733138855,36.78237045754887,-43.292958830304734,38.15966973701596,3.478378284169519
2,140.0,bad,501,533,-65.70535321636191,37.14719410204815,-43.292958830304734,38.15966973701596,5.559563214031712
2,140.0,bad,503,533,-70.64767635406247,38.34962527986639,-43.292958830304734,38.15966973701596,4.185737497723039
2,140.0,bad,507,533,-77.38322424563228,37.0518243458264,-43.292958830304734,38.15966973701596,3.0045364394023704
2,140.0,bad,529,533,-48.30911656288093,37.7765118660038,-43.292958830304734,38.15966973701596,22.930834132547208
2,140.0,bad,535,533,-45.82086050492956,37.96892885053054,-43.292958830304734,38.15966973701596,35.32038431521808
2,140.0,bad,540,533,-51.521269800707586,37.517296245668035,-43.292958830304734,38.15966973701596,13.70580442661478
2,140.0,bad,502,534,-74.18663666960296,44.508705857117995,-45.775904721246874,46.23533223110429,2.8388096988744773
2,140.0,bad,542,534,-49.363287205357395,46.292868041731076,-45.775904721246874,46.23533223110429,31.636709020474758
2,140.0,bad,567,534,-70.0057527088592,45.994162044720056,-45.775904721246874,46.23533223110429,4.9848599471320565
2,140.0,bad,489,535,-57.23856039312243,38.66743454402811,-45.82086050492956,37.96892885053054,11.527938406201717
2,140.0,bad,495,535,-60.535598733138855,36.78237045754887,-45.82086050492956,37.96892885053054,4.959942492682424
2,140.0,bad,501,535,-65.70535321636191,37.14719410204815,-45.82086050492956,37.96892885053054,6.539900272607216
2,140.0,bad,503,535,-70.64767635406247,38.34962527986639,-45.82086050492956,37.96892885053054,4.8154332024603805
2,140.0,bad,507,535,-77.38322424563228,37.0518243458264,-45.82086050492956,37.96892885053054,3.3811343220029473
2,140.0,bad,529,535,-48.30911656288093,37.7765118660038,-45.82086050492956,37.96892885053054,35.39115284349885
2,140.0,bad,540,535,-51.521269800707586,37.517296245668035,-45.82086050492956,37.96892885053054,20.09515550005447
2,140.0,bad,566,536,-70.89221724924177,53.47307730540635,-63.182951936058835,52.698227123772114,10.759523652721226
2,140.0,bad,569,536,-67.78469056059942,52.188114613708265,-63.182951936058835,52.698227123772114,19.207686192744028
2,140.0,bad,488,537,-43.73615250704639,28.586642586358018,-34.872636610684694,29.687515779783798,4.2609372938395
2,140.0,bad,491,537,-46.670039257189906,28.70530623096809,-34.872636610684694,29.687515779783798,7.212685422118073
2,140.0,bad,493,537,-49.61095229864945,28.8174148205119,-34.872636610684694,29.687515779783798,8.621518266922997
2,140.0,bad,499,537,-52.54482098625606,28.911699646790176,-34.872636610684694,29.687515779783798,7.627391116562824
2,140.0,bad,526,538,-60.58198443451756,50.47066296555671,-47.678733226860594,50.574976217260655,11.13444639783316
2,140.0,bad,565,538,-72.4638230470292,49.445293686454505,-47.678733226860594,50.574976217260655,4.826992719323846
2,140.0,bad,569,538,-67.78469056059942,52.188114613708265,-47.678733226860594,50.574976217260655,2.1428998531645562
2,140.0,bad,494,539,-66.77524930125743,42.16069810401659,-59.833875486847056,43.250134052972754,3.4422362751118896
2,140.0,bad,502,539,-74.18663666960296,44.508705857117995,-59.833875486847056,43.250134052972754,3.995441251788627
2,140.0,bad,495,540,-60.535598733138855,36.78237045754887,-51.521269800707586,37.517296245668035,11.566889463947366
2,140.0,bad,501,540,-65.70535321636191,37.14719410204815,-51.521269800707586,37.517296245668035,9.986277674233904
2,140.0,bad,503,540,-70.64767635406247,38.34962527986639,-51.521269800707586,37.517296245668035,6.8847644711269185
2,140.0,bad,507,540,-77.38322424563228,37.0518243458264,-51.521269800707586,37.517296245668035,4.541454766343585
2,140.0,bad,565,541,-72.4638230470292,49.445293686454505,-56.55457125447471,48.22692308623632,4.839732210985889
2,140.0,bad,568,541,-66.84242920386343,48.31358295278453,-56.55457125447471,48.22692308623632,14.190265173599215
2,140.0,bad,502,542,-74.18663666960296,44.508705857117995,-49.363287205357395,46.292868041731076,2.0020815856674257
2,140.0,bad,567,542,-70.0057527088592,45.994162044720056,-49.363287205357395,46.292868041731076,6.220359574491911
2,140.0,bad,502,543,-74.18663666960296,44.508705857117995,-42.200142356704866,46.17200176210778,3.2122586219404075
2,140.0,bad,534,543,-45.775904721246874,46.23533223110429,-42.200142356704866,46.17200176210778,31.690890828336997
2,140.0,bad,542,543,-49.363287205357395,46.292868041731076,-42.200142356704866,46.17200176210778,19.827555148555867
2,140.0,bad,567,543,-70.0057527088592,45.994162044720056,-42.200142356704866,46.17200176210778,4.0864895638101135
2,140.0,bad,494,544,-66.77524930125743,42.16069810401659,-39.79244640322414,42.149185814303436,4.270347882731087
2,140.0,bad,504,544,-74.82411970722568,40.205254648185964,-39.79244640322414,42.149185814303436,2.4553086221358984
2,140.0,bad,527,544,-46.913455758020504,41.91576367431601,-39.79244640322414,42.149185814303436,19.925268062703847
2,140.0,bad,532,544,-43.33239867840877,42.00719562603077,-39.79244640322414,42.149185814303436,31.858742874481777
2,140.0,bad,539,544,-59.833875486847056,43.250134052972754,-39.79244640322414,42.149185814303436,6.079177645363231
2,140.0,bad,546,544,-50.47845887144432,41.81934229460188,-39.79244640322414,42.149185814303436,13.649267265651469
2,140.0,bad,536,545,-63.182951936058835,52.698227123772114,-57.18475483651487,52.062679838295516,14.568206754603501
2,140.0,bad,566,545,-70.89221724924177,53.47307730540635,-57.18475483651487,52.062679838295516,2.0310586922549683
2,140.0,bad,569,545,-67.78469056059942,52.188114613708265,-57.18475483651487,52.062679838295516,13.763572390362249
2,140.0,bad,494,546,-66.77524930125743,42.16069810401659,-50.47845887144432,41.81934229460188,8.446123187469599
2,140.0,bad,504,546,-74.82411970722568,40.205254648185964,-50.47845887144432,41.81934229460188,2.971145232068273
2,140.0,bad,536,547,-63.182951936058835,52.698227123772114,-53.51742861214383,51.714226730993396,6.717610714987787
2,140.0,bad,545,547,-57.18475483651487,52.062679838295516,-53.51742861214383,51.714226730993396,26.238924501087542
2,140.0,bad,569,547,-67.78469056059942,52.188114613708265,-53.51742861214383,51.714226730993396,9.917937012797443
2,140.0,bad,47,548,73.10160299874335,17.152254402898834,80.51827910871556,16.675812432658635,17.74290410713059
2,140.0,bad,50,548,76.42910269705561,15.968140312920365,80.51827910871556,16.675812432658635,12.354297125250307
2,140.0,bad,55,548,47.6349171102713,17.87751568682973,80.51827910871556,16.675812432658635,3.1760347806022535
2,140.0,bad,56,548,53.90670800624942,17.910632397806364,80.51827910871556,16.675812432658635,4.35738736629138
2,140.0,bad,113,548,39.584309326223156,15.004851405331811,80.51827910871556,16.675812432658635,2.251375052449171
2,140.0,bad,181,548,37.312462653685316,15.048745074981882,80.51827910871556,16.675812432658635,2.0632159101241165
2,140.0,bad,183,548,41.85276638700564,15.045140666325223,80.51827910871556,16.675812432658635,2.4661545824502875
2,140.0,bad,233,548,44.13725128811649,15.0309713313244,80.51827910871556,16.675812432658635,2.715077088462439
2,140.0,bad,241,548,43.00770495099433,18.223552132107507,80.51827910871556,16.675812432658635,2.58751183159478
2,140.0,bad,245,548,40.73221224497667,18.217576357046916,80.51827910871556,16.675812432658635,2.356390514741704
2,140.0,bad,269,548,38.45613654113182,18.25000988875652,80.51827910871556,16.675812432658635,2.1548588498334045
2,140.0,bad,42,549,75.92956848716136,21.473420686049277,78.49244583414497,20.523258162187524,3.430401182846305
2,140.0,bad,53,549,65.89665148207331,19.62667234364657,78.49244583414497,20.523258162187524,8.54523451726778
2,140.0,bad,69,549,58.55048745471619,18.970932000739143,78.49244583414497,20.523258162187524,2.579076095872578
2,140.0,bad,73,549,52.61962891941046,21.48659747603016,78.49244583414497,20.523258162187524,4.538704831956849
2,140.0,bad,246,549,35.07062009879716,21.438491796176002,78.49244583414497,20.523258162187524,2.04656456043325
2,140.0,bad,256,549,41.85843522941153,21.473424268672026,78.49244583414497,20.523258162187524,2.6856991871064024
2,140.0,bad,266,549,37.3216985067124,21.43584888169611,78.49244583414497,20.523258162187524,2.230588108282322
2,140.0,bad,272,549,39.6109994686204,21.43165437102718,78.49244583414497,20.523258162187524,2.4444142466272334
2,140.0,bad,44,550,73.62842004600607,12.430036040764328,82.36884956934476,13.17709479188948,11.349655908055981
2,140.0,bad,57,550,68.68207398291325,13.484046328999408,82.36884956934476,13.17709479188948,10.410006748103779
2,140.0,bad,60,550,62.01504951893328,14.288881464392716,82.36884956934476,13.17709479188948,5.981899945628169
2,140.0,bad,61,550,59.35012178684646,11.60178270551891,82.36884956934476,13.17709479188948,3.0198641937727233
2,140.0,bad,67,550,55.37789534622513,13.57075230807953,82.36884956934476,13.17709479188948,4.268466062740191
2,140.0,bad,70,550,65.36004414291475,14.275853615384438,82.36884956934476,13.17709479188948,6.218863208636637
2,140.0,bad,79,550,43.00531799042696,11.800000245438216,82.36884956934476,13.17709479188948,2.3969029884355506
2,140.0,bad,84,550,45.279605834655584,11.779911750207836,82.36884956934476,13.17709479188948,2.634022441315486
2,140.0,bad,101,550,40.73448136358307,11.793975605026741,82.36884956934476,13.17709479188948,2.19071139472941
2,140.0,bad,112,550,38.47771070495008,11.797116526913763,82.36884956934476,13.17709479188948,2.01107459119884
2,140.0,bad,113,550,39.584309326223156,15.004851405331811,82.36884956934476,13.17709479188948,2.0962806021667313
2,140.0,bad,166,550,49.69263189902755,12.009705747642517,82.36884956934476,13.17709479188948,3.206941655564103
2,140.0,bad,183,550,41.85276638700564,15.045140666325223,82.36884956934476,13.17709479188948,2.28877743203436
2,140.0,bad,233,550,44.13725128811649,15.0309713313244,82.36884956934476,13.17709479188948,2.510727588082597
2,140.0,bad,41,551,79.62213025969949,6.63766150121922,83.94640182511074,5.676792469265557,4.606853715306641
2,140.0,bad,46,551,75.51844437973952,6.604142263794998,83.94640182511074,5.676792469265557,7.47658975389214
2,140.0,bad,58,551,65.5832861695647,4.457031255899448,83.94640182511074,5.676792469265557,5.179047541579857
2,140.0,bad,62,551,58.30461068884952,5.789659597155445,83.94640182511074,5.676792469265557,4.5977341958574165
2,140.0,bad,64,551,71.37440344751818,6.781360159509024,83.94640182511074,5.676792469265557,5.5339488543186865
2,140.0,bad,65,551,62.55608720553151,6.5003397597740395,83.94640182511074,5.676792469265557,5.927500029583158
2,140.0,bad,86,551,45.275977887228606,5.3790532299077505,83.94640182511074,5.676792469265557,2.4656569000303996
2,140.0,bad,88,551,51.83195991323193,6.083133189943741,83.94640182511074,5.676792469265557,3.2930687839369996
2,140.0,bad,89,551,47.55158170951881,5.390396615482764,83.94640182511074,5.676792469265557,2.7134630471587613
2,140.0,bad,90,551,43.015952117908725,5.369573340456363,83.94640182511074,5.676792469265557,2.251686272303186
2,140.0,bad,92,551,40.72119920036755,5.3606222612254655,83.94640182511074,5.676792469265557,2.061713217128163
2,140.0,bad,59,552,67.84413327826343,9.33149072520914,84.41103403385614,9.389520102557256,8.27524985255822
2,140.0,bad,66,552,63.101400166431475,10.028915277131027,84.41103403385614,9.389520102557256,5.958088144214916
2,140.0,bad,71,552,56.37697454099812,10.693942890219631,84.41103403385614,9.389520102557256,4.037546517891174
2,140.0,bad,81,552,44.14935331196685,8.568152010497027,84.41103403385614,9.389520102557256,2.3120056329325274
2,140.0,bad,102,552,41.86041247004,8.5805602570337,84.41103403385614,9.389520102557256,2.1149844935261055
2,140.0,bad,106,552,46.42311170067437,8.570694630711252,84.41103403385614,9.389520102557256,2.536290572384077
2,140.0,bad,54,553,70.81570251175324,1.4812288466143784,80.47460643392222,0.2945444296481199,3.2062225332616814
2,140.0,bad,78,553,46.42164511842081,2.1617602619694196,80.47460643392222,0.2945444296481199,2.6524369005128423
2,140.0,bad,80,553,53.97036480806493,-0.00969740618086945,80.47460643392222,0.2945444296481199,4.383048145055764
2,140.0,bad,82,553,45.30213717067534,-1.0910902512918348,80.47460643392222,0.2945444296481199,2.862300588527493
2,140.0,bad,85,553,43.01048341385411,-1.0605202156986415,80.47460643392222,0.2945444296481199,2.592578887487334
2,140.0,bad,87,553,47.55901426862281,-1.0684292921666945,80.47460643392222,0.2945444296481199,3.171266085246644
2,140.0,bad,91,553,48.69313102567935,2.16701112011458,80.47460643392222,0.2945444296481199,2.4982918059862036
2,140.0,bad,94,553,49.82530593257196,-1.0569881758967625,80.47460643392222,0.2945444296481199,3.534734093305831
2,140.0,bad,95,553,40.73743252482842,-1.1000490800061193,80.47460643392222,0.2945444296481199,2.3610255799526505
2,140.0,bad,98,553,44.14231898084692,2.161138711842682,80.47460643392222,0.2945444296481199,2.6639058275616407
2,140.0,bad,104,553,41.86824933750951,2.1550384349294553,80.47460643392222,0.2945444296481199,2.472161026868156
2,140.0,bad,105,553,39.59675004467236,2.153732124618532,80.47460643392222,0.2945444296481199,2.256343892287307
2,140.0,bad,110,553,37.28248792366144,-1.0243455127702994,80.47460643392222,0.2945444296481199,2.0642786787200595
2,140.0,bad,159,553,62.07869437387162,-0.19784161530562017,80.47460643392222,0.2945444296481199,7.243546575025291
2,140.0,bad,554,553,75.67621583186315,0.8147260731161765,80.47460643392222,0.2945444296481199,18.725732810694765
2,140.0,bad,54,554,70.81570251175324,1.4812288466143784,75.67621583186315,0.8147260731161765,13.78867609784973
2,140.0,bad,78,554,46.42164511842081,2.1617602619694196,75.67621583186315,0.8147260731161765,3.7903772557277073
2,140.0,bad,80,554,53.97036480806493,-0.00969740618086945,75.67621583186315,0.8147260731161765,5.810106225608647
2,140.0,bad,82,554,45.30213717067534,-1.0910902512918348,75.67621583186315,0.8147260731161765,2.2111150130040222
2,140.0,bad,85,554,43.01048341385411,-1.0605202156986415,75.67621583186315,0.8147260731161765,2.554272675804904
2,140.0,bad,87,554,47.55901426862281,-1.0684292921666945,75.67621583186315,0.8147260731161765,2.0133896251692085
2,140.0,bad,91,554,48.69313102567935,2.16701112011458,75.67621583186315,0.8147260731161765,4.268798573101453
2,140.0,bad,95,554,40.73743252482842,-1.1000490800061193,75.67621583186315,0.8147260731161765,2.5399452522918335
2,140.0,bad,98,554,44.14231898084692,2.161138711842682,75.67621583186315,0.8147260731161765,3.38577069708694
2,140.0,bad,104,554,41.86824933750951,2.1550384349294553,75.67621583186315,0.8147260731161765,3.0433837219518547
2,140.0,bad,105,554,39.59675004467236,2.153732124618532,75.67621583186315,0.8147260731161765,2.7507304238464294
2,140.0,bad,108,554,33.13931655674859,2.498213741321891,75.67621583186315,0.8147260731161765,2.1160894775831243
2,140.0,bad,110,554,37.28248792366144,-1.0243455127702994,75.67621583186315,0.8147260731161765,2.4939327897053087
2,140.0,bad,111,554,35.778231636706124,2.179508833027956,75.67621583186315,0.8147260731161765,2.3458319645488603
2,140.0,bad,159,554,62.07869437387162,-0.19784161530562017,75.67621583186315,0.8147260731161765,6.991974982915631
2,140.0,bad,171,554,32.975099105348264,-1.3988903362148761,75.67621583186315,0.8147260731161765,2.018678651470984
2,140.0,bad,184,554,59.464188423737035,2.1700006561664154,75.67621583186315,0.8147260731161765,3.4348318420002593
2,140.0,bad,234,555,29.36343105878784,31.083572277316453,41.602430667715105,31.38079180058297,11.80952439346042
2,140.0,bad,237,555,38.45409769488046,31.084804105386386,41.602430667715105,31.38079180058297,29.319946977054407
2,140.0,bad,249,555,36.272093950437345,30.83619743405403,41.602430667715105,31.38079180058297,17.595932366670716
2,140.0,bad,252,555,31.64383352463945,31.071911041888576,41.602430667715105,31.38079180058297,14.662326212620266
2,140.0,bad,268,555,33.92104845299052,30.97054799229625,41.602430667715105,31.38079180058297,18.485196681202922
2,140.0,bad,271,555,24.75318453539159,31.42274708985844,41.602430667715105,31.38079180058297,8.102120716795378
2,140.0,bad,317,555,22.584075760955123,32.10006427885562,41.602430667715105,31.38079180058297,6.93613162393181
2,140.0,bad,329,555,-0.032967102612463606,31.387265258597296,41.602430667715105,31.38079180058297,2.1906240338708765
2,140.0,bad,331,555,7.022767150810143,32.50541275544972,41.602430667715105,31.38079180058297,2.9389305928234615
2,140.0,bad,340,555,-1.867127337122641,32.07005166060774,41.602430667715105,31.38079180058297,2.042912255379448
2,140.0,bad,236,556,36.172189135342734,24.64200635190423,45.47993411599155,23.9201742922304,11.776152176782542
2,140.0,bad,238,556,40.72911580179836,24.65630601997882,45.47993411599155,23.9201742922304,11.512940682913683
2,140.0,bad,242,556,31.652377246489856,24.666761239357847,45.47993411599155,23.9201742922304,10.002936036768132
2,140.0,bad,253,556,27.80069989857234,24.440553445820804,45.47993411599155,23.9201742922304,7.62350625090022
2,140.0,bad,254,556,25.11068970852117,24.609578415133612,45.47993411599155,23.9201742922304,6.332787692975293
2,140.0,bad,262,556,22.747649940650696,24.791223390631806,45.47993411599155,23.9201742922304,5.45142794375546
2,140.0,bad,263,556,33.9132256634238,24.681546488395437,45.47993411599155,23.9201742922304,10.611394459274836
2,140.0,bad,264,556,38.45828788357224,24.666771102234645,45.47993411599155,23.9201742922304,11.432881178072254
2,140.0,bad,276,556,4.021306081961685,24.029483704635705,45.47993411599155,23.9201742922304,2.205700267368633
2,140.0,bad,334,556,7.482427389943522,25.163497917695228,45.47993411599155,23.9201742922304,2.5352777540161227
2,140.0,bad,243,557,30.521545734117687,27.85694505683989,44.40546678836827,26.92689946258212,8.058775450481908
2,140.0,bad,244,557,37.32106597471941,27.853570630217785,44.40546678836827,26.92689946258212,7.024726296934181
2,140.0,bad,250,557,27.264888080888475,27.830697408371364,44.40546678836827,26.92689946258212,7.763363326880247
2,140.0,bad,257,557,35.05453401568244,27.855773111258213,44.40546678836827,26.92689946258212,7.686015838145139
2,140.0,bad,260,557,32.77362015684663,27.865686643798895,44.40546678836827,26.92689946258212,7.876760072190224
2,140.0,bad,261,557,22.9348350828244,28.418168436893318,44.40546678836827,26.92689946258212,3.364370494587958
2,140.0,bad,265,557,39.62000373517741,27.848891497719062,44.40546678836827,26.92689946258212,5.965628377587064
2,140.0,bad,270,557,25.036835902725997,28.2891159800716,44.40546678836827,26.92689946258212,4.0524881809684254
2,140.0,bad,315,557,16.90030795805074,28.040219964937627,44.40546678836827,26.92689946258212,4.15222504820818
2,140.0,bad,322,557,10.421322104306235,27.761382710740612,44.40546678836827,26.92689946258212,3.019052044696504
2,140.0,bad,323,557,5.1902152989366,28.178894508855883,44.40546678836827,26.92689946258212,2.411367951583544
2,140.0,bad,332,557,13.683608466726996,27.90113734779347,44.40546678836827,26.92689946258212,3.522149004046269
2,140.0,bad,334,557,7.482427389943522,25.163497917695228,44.40546678836827,26.92689946258212,2.6527152323102223
2,140.0,bad,234,558,29.36343105878784,31.083572277316453,43.32214047612395,29.971682528339304,5.739184019131029
2,140.0,bad,249,558,36.272093950437345,30.83619743405403,43.32214047612395,29.971682528339304,8.491542579655768
2,140.0,bad,252,558,31.64383352463945,31.071911041888576,43.32214047612395,29.971682528339304,5.352311303096237
2,140.0,bad,261,558,22.9348350828244,28.418168436893318,43.32214047612395,29.971682528339304,2.6715667032950297
2,140.0,bad,268,558,33.92104845299052,30.97054799229625,43.32214047612395,29.971682528339304,6.358204071005896
2,140.0,bad,271,558,24.75318453539159,31.42274708985844,43.32214047612395,29.971682528339304,3.1093867423128025
2,140.0,bad,323,558,5.1902152989366,28.178894508855883,43.32214047612395,29.971682528339304,2.5211369422088152
2,140.0,bad,329,558,-0.032967102612463606,31.387265258597296,43.32214047612395,29.971682528339304,2.05168603395287
2,140.0,bad,346,558,0.09094870249887421,28.771644445521005,43.32214047612395,29.971682528339304,2.0612493081923042
2,140.0,bad,369,559,-9.684474176983988,1.6195875258809513,4.7249097080016345,0.520608234124484,5.98017733504319
2,140.0,bad,370,559,-11.811445521660755,1.7705415042676833,4.7249097080016345,0.520608234124484,4.620079088788198
2,140.0,bad,375,559,-7.53027321165564,1.4479683358253,4.7249097080016345,0.520608234124484,8.096104995253118
2,140.0,bad,411,559,-13.912744164139987,1.9404002511602778,4.7249097080016345,0.520608234124484,3.404372100364971
2,140.0,bad,560,559,1.3327151709650287,0.817745289384106,4.7249097080016345,0.520608234124484,28.74421986220204
2,140.0,bad,561,559,-1.1591070924472209,0.9902234119810472,4.7249097080016345,0.520608234124484,19.408126385695752
2,140.0,bad,563,559,-3.2958578000648746,1.1646177678529894,4.7249097080016345,0.520608234124484,13.74391568971977
2,140.0,bad,564,559,-5.411324173111627,1.2790748009370003,4.7249097080016345,0.520608234124484,10.946151125932772
2,140.0,bad,369,560,-9.684474176983988,1.6195875258809513,1.3327151709650287,0.817745289384106,10.088094315469554
2,140.0,bad,370,560,-11.811445521660755,1.7705415042676833,1.3327151709650287,0.817745289384106,7.767443281598315
2,140.0,bad,375,560,-7.53027321165564,1.4479683358253,1.3327151709650287,0.817745289384106,13.697578399804073
2,140.0,bad,411,560,-13.912744164139987,1.9404002511602778,1.3327151709650287,0.817745289384106,5.8160596383052345
2,140.0,bad,561,560,-1.1591070924472209,0.9902234119810472,1.3327151709650287,0.817745289384106,36.147794815172986
2,140.0,bad,563,560,-3.2958578000648746,1.1646177678529894,1.3327151709650287,0.817745289384106,24.641566975674404
2,140.0,bad,564,560,-5.411324173111627,1.2790748009370003,1.3327151709650287,0.817745289384106,18.754915909027623
2,140.0,bad,369,561,-9.684474176983988,1.6195875258809513,-1.1591070924472209,0.9902234119810472,13.861577798586547
2,140.0,bad,370,561,-11.811445521660755,1.7705415042676833,-1.1591070924472209,0.9902234119810472,10.490691103847722
2,140.0,bad,375,561,-7.53027321165564,1.4479683358253,-1.1591070924472209,0.9902234119810472,19.230254762402048
2,140.0,bad,406,561,-26.06446458849377,2.735029923130604,-1.1591070924472209,0.9902234119810472,2.2536608068105966
2,140.0,bad,411,561,-13.912744164139987,1.9404002511602778,-1.1591070924472209,0.9902234119810472,7.787756599997266
2,140.0,bad,563,561,-3.2958578000648746,1.1646177678529894,-1.1591070924472209,0.9902234119810472,37.41030887537101
2,140.0,bad,564,561,-5.411324173111627,1.2790748009370003,-1.1591070924472209,0.9902234119810472,27.129995111698097
2,140.0,bad,357,562,-3.7100671019948335,3.592693626731389,0.7332338817299231,3.094974568323921,19.761647667642052
2,140.0,bad,366,562,-5.8191925892105765,3.763237133808354,0.7332338817299231,3.094974568323921,13.530976770015881
2,140.0,bad,367,562,-10.076470057414271,4.018833302569968,0.7332338817299231,3.094974568323921,8.032832441337543
2,140.0,bad,370,562,-11.811445521660755,1.7705415042676833,0.7332338817299231,3.094974568323921,2.564199555032957
2,140.0,bad,378,562,-12.225432591042825,4.209352584171119,0.7332338817299231,3.094974568323921,5.490788570051967
2,140.0,bad,384,562,-7.9639562490425,3.8788233921790685,0.7332338817299231,3.094974568323921,10.572459870854178
2,140.0,bad,391,562,-38.61167258122224,3.6230524362855405,0.7332338817299231,3.094974568323921,2.3987127404216704
2,140.0,bad,392,562,-32.289183785212586,3.141604100376167,0.7332338817299231,3.094974568323921,3.1555370063200376
2,140.0,bad,394,562,-23.048937681894365,2.9307881395093407,0.7332338817299231,3.094974568323921,5.117852624563589
2,140.0,bad,398,562,-35.39203455610051,3.848990742233614,0.7332338817299231,3.094974568323921,2.7452701547091984
2,140.0,bad,399,562,-41.77897773589034,3.8108920212752366,0.7332338817299231,3.094974568323921,2.1180796269516255
2,140.0,bad,404,562,-19.893424723389273,2.6163582269602834,0.7332338817299231,3.094974568323921,6.226782081523876
2,140.0,bad,406,562,-26.06446458849377,2.735029923130604,0.7332338817299231,3.094974568323921,4.313418426320433
2,140.0,bad,407,562,-29.172855206347137,2.9406584369166033,0.7332338817299231,3.094974568323921,3.6676219772695724
2,140.0,bad,411,562,-13.912744164139987,1.9404002511602778,0.7332338817299231,3.094974568323921,5.334653927822073
2,140.0,bad,509,562,-1.5145310363716808,3.455099407473326,0.7332338817299231,3.094974568323921,28.139212523854678
2,140.0,bad,369,563,-9.684474176983988,1.6195875258809513,-3.2958578000648746,1.1646177678529894,19.27991007514141
2,140.0,bad,370,563,-11.811445521660755,1.7705415042676833,-3.2958578000648746,1.1646177678529894,14.338963342704321
2,140.0,bad,375,563,-7.53027321165564,1.4479683358253,-3.2958578000648746,1.1646177678529894,27.330063745529
2,140.0,bad,404,563,-19.893424723389273,2.6163582269602834,-3.2958578000648746,1.1646177678529894,2.577744629869181
2,140.0,bad,406,563,-26.06446458849377,2.735029923130604,-3.2958578000648746,1.1646177678529894,3.01207600982451
2,140.0,bad,407,563,-29.172855206347137,2.9406584369166033,-3.2958578000648746,1.1646177678529894,2.2364807198266226
2,140.0,bad,411,563,-13.912744164139987,1.9404002511602778,-3.2958578000648746,1.1646177678529894,10.572155158948854
2,140.0,bad,564,563,-5.411324173111627,1.2790748009370003,-3.2958578000648746,1.1646177678529894,39.66461739676543
2,140.0,bad,369,564,-9.684474176983988,1.6195875258809513,-5.411324173111627,1.2790748009370003,25.466316593248727
2,140.0,bad,370,564,-11.811445521660755,1.7705415042676833,-5.411324173111627,1.2790748009370003,18.352443419921766
2,140.0,bad,375,564,-7.53027321165564,1.4479683358253,-5.411324173111627,1.2790748009370003,37.71624009320619
2,140.0,bad,404,564,-19.893424723389273,2.6163582269602834,-5.411324173111627,1.2790748009370003,3.1136953891770967
2,140.0,bad,406,564,-26.06446458849377,2.735029923130604,-5.411324173111627,1.2790748009370003,3.496337215374275
2,140.0,bad,407,564,-29.172855206347137,2.9406584369166033,-5.411324173111627,1.2790748009370003,2.572185250188431
2,140.0,bad,411,564,-13.912744164139987,1.9404002511602778,-5.411324173111627,1.2790748009370003,13.208188760451248
2,140.0,bad,2,570,29.778912834570026,-68.63847388756248,36.81664383010902,-67.77937266374651,8.619799968644774
2,140.0,bad,17,570,19.27052725914691,-67.97471178863198,36.81664383010902,-67.77937266374651,7.6973660483750335
2,140.0,bad,35,570,3.8851454254157147,-69.61917882254298,36.81664383010902,-67.77937266374651,2.696134100691807
2,140.0,bad,18,571,18.82318222456915,-61.53690766641546,29.605487041789388,-61.20867734852948,13.523075763256042
2,140.0,bad,24,571,-11.334312718994926,-62.49554530813422,29.605487041789388,-61.20867734852948,2.250859749418927
2,140.0,bad,29,571,-4.363839985989298,-60.37692443249528,29.605487041789388,-61.20867734852948,3.02108722769405
2,170.0,good,6,0,-35.17913665843335,-83.38973233060273,-13.90588918739156,-83.45115020425197,5.9719606706637265
2,170.0,good,13,0,-45.91618214849166,-83.86854567107952,-13.90588918739156,-83.45115020425197,3.309416910434604
2,170.0,good,4,1,-41.6982276800415,-79.22567087359624,-8.58234743184113,-80.47135610158534,3.141871276796658
2,170.0,good,5,1,-23.57011642293889,-80.56169089910054,-8.58234743184113,-80.47135610158534,9.35422770260529
2,170.0,good,8,1,-29.7048014595714,-80.17154564369619,-8.58234743184113,-80.47135610158534,6.029971142885341
2,170.0,good,10,1,-50.965952798622475,-78.96589637810393,-8.58234743184113,-80.47135610158534,2.1284925284111047
2,170.0,good,3,2,-20.55665003422242,-74.76806654781409,-8.52994193196115,-74.33211848090895,12.038259721207996
2,170.0,good,15,2,-35.08596855709189,-75.30322692472096,-8.52994193196115,-74.33211848090895,4.3706389529429694
2,170.0,good,26,2,-28.051197967781967,-72.95968452017976,-8.52994193196115,-74.33211848090895,3.9899583472458087
2,170.0,good,28,2,-47.76926482879218,-73.69075712931529,-8.52994193196115,-74.33211848090895,2.409010858559773
2,170.0,good,15,3,-35.08596855709189,-75.30322692472096,-20.55665003422242,-74.76806654781409,9.707154377999624
2,170.0,good,28,3,-47.76926482879218,-73.69075712931529,-20.55665003422242,-74.76806654781409,4.2177664431289
2,170.0,good,39,3,-54.61688663748269,-75.03356782279036,-20.55665003422242,-74.76806654781409,3.0086332583130364
2,170.0,good,10,4,-50.965952798622475,-78.96589637810393,-41.6982276800415,-79.22567087359624,15.732654967156535
2,170.0,good,4,5,-41.6982276800415,-79.22567087359624,-23.57011642293889,-80.56169089910054,4.068698249322039
2,170.0,good,8,5,-29.7048014595714,-80.17154564369619,-23.57011642293889,-80.56169089910054,21.115519309171972
2,170.0,good,10,5,-50.965952798622475,-78.96589637810393,-23.57011642293889,-80.56169089910054,3.39052371996246
2,170.0,good,13,6,-45.91618214849166,-83.86854567107952,-35.17913665843335,-83.38973233060273,13.582169351650588
2,170.0,good,4,8,-41.6982276800415,-79.22567087359624,-29.7048014595714,-80.17154564369619,7.799359697335056
2,170.0,good,10,8,-50.965952798622475,-78.96589637810393,-29.7048014595714,-80.17154564369619,5.3700187167476
2,170.0,good,39,15,-54.61688663748269,-75.03356782279036,-35.08596855709189,-75.30322692472096,6.69744266238865
2,170.0,good,31,16,-49.01473243377329,-53.77773914500486,-18.03834867809894,-54.64577231324342,3.478529134095857
2,170.0,good,32,16,-40.935072962272784,-55.76039759401193,-18.03834867809894,-54.64577231324342,5.397064299157382
2,170.0,good,23,17,-35.00497242045965,-67.64503923658187,-17.29858974357427,-68.5030908534543,7.6085735869382125
2,170.0,good,33,17,-50.72416603780549,-67.5602287882176,-17.29858974357427,-68.5030908534543,3.097217616136696
2,170.0,good,475,17,-56.84642376175624,-70.37007598178921,-17.29858974357427,-68.5030908534543,2.379104693883561
2,170.0,good,30,18,-47.363633808013056,-61.19000143327669,-14.467099846667178,-62.70411642173773,3.1740845909016455
2,170.0,good,35,18,-31.44495477546458,-62.23455016364166,-14.467099846667178,-62.70411642173773,8.025056007466649
2,170.0,good,37,18,-41.017802478447514,-63.26042283127408,-14.467099846667178,-62.70411642173773,4.371912304520493
2,170.0,good,22,19,-32.575935742037075,-56.36141377860738,-10.853031257966485,-56.35534034842693,5.803861161661206
2,170.0,good,32,19,-40.935072962272784,-55.76039759401193,-10.853031257966485,-56.35534034842693,3.6354923141410818
2,170.0,good,27,20,-54.052228141031726,-59.26104739304217,-22.682703896058456,-59.58691921704045,3.412729362102291
2,170.0,good,30,20,-47.363633808013056,-61.19000143327669,-22.682703896058456,-59.58691921704045,3.086478502787085
2,170.0,good,471,20,-60.20400893813123,-61.25196365182555,-22.682703896058456,-59.58691921704045,2.5863433807192515
2,170.0,good,476,21,-67.60786637620086,-40.997597437215305,-26.061687083974547,-40.676790179483746,2.1982138605815194
2,170.0,good,477,21,-62.18994840531088,-42.473654929251104,-26.061687083974547,-40.676790179483746,2.744913930260815
2,170.0,good,32,22,-40.935072962272784,-55.76039759401193,-32.575935742037075,-56.36141377860738,14.51770612071047
2,170.0,good,474,22,-62.09661410494703,-56.091094784468645,-32.575935742037075,-56.36141377860738,3.739505022832957
2,170.0,good,33,23,-50.72416603780549,-67.5602287882176,-35.00497242045965,-67.64503923658187,8.82974590935055
2,170.0,good,31,25,-49.01473243377329,-53.77773914500486,-26.581634510321116,-52.409978055362416,4.358612426029383
2,170.0,good,201,25,-56.41167386116528,-51.717264947622716,-26.581634510321116,-52.409978055362416,3.681640942484484
2,170.0,good,473,25,-63.9302191892121,-51.218296493582606,-26.581634510321116,-52.409978055362416,2.605246963303436
2,170.0,good,28,26,-47.76926482879218,-73.69075712931529,-28.051197967781967,-72.95968452017976,6.613354316504355
2,170.0,good,201,29,-56.41167386116528,-51.717264947622716,-33.96765850216472,-50.1060303679196,2.66913816990908
2,170.0,good,473,29,-63.9302191892121,-51.218296493582606,-33.96765850216472,-50.1060303679196,3.65726377526938
2,170.0,good,471,30,-60.20400893813123,-61.25196365182555,-47.363633808013056,-61.19000143327669,11.19583365019891
2,170.0,good,474,32,-62.09661410494703,-56.091094784468645,-40.935072962272784,-55.76039759401193,6.014853382568202
2,170.0,good,478,34,-65.67294254973243,-46.48281297797819,-46.43058149510691,-46.73309315294832,6.830272520611118
2,170.0,good,30,35,-47.363633808013056,-61.19000143327669,-31.44495477546458,-62.23455016364166,6.737038640652428
2,170.0,good,37,35,-41.017802478447514,-63.26042283127408,-31.44495477546458,-62.23455016364166,5.915536805779025
2,170.0,good,471,35,-60.20400893813123,-61.25196365182555,-31.44495477546458,-62.23455016364166,3.887913205922887
2,170.0,good,23,36,-35.00497242045965,-67.64503923658187,-24.26498026750103,-66.59542632376157,5.879379139886473
2,170.0,good,33,36,-50.72416603780549,-67.5602287882176,-24.26498026750103,-66.59542632376157,4.393887882858329
2,170.0,good,472,36,-58.504655749541385,-65.86072996742656,-24.26498026750103,-66.59542632376157,2.9842763475512495
2,170.0,good,475,38,-56.84642376175624,-70.37007598178921,-42.01864832961761,-70.40487945114,9.475175983661634
2,170.0,good,60,40,60.8510490325425,-18.632990419637974,69.80261039376073,-18.78953218168659,16.26196080676307
2,170.0,good,61,40,57.19960453786876,-19.627622341256913,69.80261039376073,-18.78953218168659,9.351650212093864
2,170.0,good,71,40,54.17086358612272,-18.927261060948894,69.80261039376073,-18.78953218168659,8.890096867402516
2,170.0,good,86,40,41.89967364647634,-17.97959219820546,69.80261039376073,-18.78953218168659,4.065530097386366
2,170.0,good,89,40,43.87607605831613,-19.10757044927768,69.80261039376073,-18.78953218168659,4.5251424190652045
2,170.0,good,90,40,39.937693972312154,-16.857789138635496,69.80261039376073,-18.78953218168659,2.02663499464574
2,170.0,good,98,40,39.30893897529078,-20.199558464865728,69.80261039376073,-18.78953218168659,3.5619563489390154
2,170.0,good,104,40,37.336486755728956,-19.067806637974,69.80261039376073,-18.78953218168659,3.238751762138385
2,170.0,good,105,40,35.36865750829813,-17.93318828946991,69.80261039376073,-18.78953218168659,2.9582372513439372
2,170.0,good,110,40,31.775408901792204,-19.528353198142405,69.80261039376073,-18.78953218168659,2.5321436465408165
2,170.0,good,171,40,27.857828349433667,-17.699024120944774,69.80261039376073,-18.78953218168659,2.1646069338381957
2,170.0,good,54,41,62.068811785326965,-34.12506944589026,72.27361825894302,-34.06268164807196,14.307162567592194
2,170.0,good,83,41,38.56311288153375,-32.46951847393345,72.27361825894302,-34.06268164807196,3.056970490213453
2,170.0,good,158,41,54.170815173602875,-35.450004234621254,72.27361825894302,-34.06268164807196,3.583177687172906
2,170.0,good,40,42,69.80261039376073,-18.78953218168659,76.49364555129675,-19.368256423311756,15.881462188532414
2,170.0,good,60,42,60.8510490325425,-18.632990419637974,76.49364555129675,-19.368256423311756,8.882575431180818
2,170.0,good,61,42,57.19960453786876,-19.627622341256913,76.49364555129675,-19.368256423311756,6.8061941194806925
2,170.0,good,70,42,63.74138542792868,-20.31677017982654,76.49364555129675,-19.368256423311756,7.811306418666838
2,170.0,good,71,42,54.17086358612272,-18.927261060948894,76.49364555129675,-19.368256423311756,5.590432867389429
2,170.0,good,78,42,41.283204089003,-21.338683255453194,76.49364555129675,-19.368256423311756,2.38137656883151
2,170.0,good,86,42,41.89967364647634,-17.97959219820546,76.49364555129675,-19.368256423311756,2.937044929317868
2,170.0,good,88,42,47.92936060776738,-20.647832079520427,76.49364555129675,-19.368256423311756,3.9272842487535127
2,170.0,good,89,42,43.87607605831613,-19.10757044927768,76.49364555129675,-19.368256423311756,3.215774195721203
2,170.0,good,95,42,34.72962691145279,-21.32138671110922,76.49364555129675,-19.368256423311756,2.17975123368017
2,170.0,good,98,42,39.30893897529078,-20.199558464865728,76.49364555129675,-19.368256423311756,2.6233750549135406
2,170.0,good,104,42,37.336486755728956,-19.067806637974,76.49364555129675,-19.368256423311756,2.417070707269153
2,170.0,good,105,42,35.36865750829813,-17.93318828946991,76.49364555129675,-19.368256423311756,2.234582859123482
2,170.0,good,58,43,59.025307514457374,-28.931740791712173,73.70716676554028,-29.47690864910504,9.587539343970155
2,170.0,good,64,43,65.20272664526486,-29.81437155341259,73.70716676554028,-29.47690864910504,17.057328097400003
2,170.0,good,93,43,44.01969485521144,-28.580588135368135,73.70716676554028,-29.47690864910504,3.70813922294708
2,170.0,good,103,43,46.15762906182164,-30.092408718214372,73.70716676554028,-29.47690864910504,4.142416023208619
2,170.0,good,109,43,31.921803542197935,-27.76647140044548,73.70716676554028,-29.47690864910504,2.1779547301534325
2,170.0,good,184,43,52.582498118464,-27.852818517399513,73.70716676554028,-29.47690864910504,2.3012153250211904
2,170.0,good,59,44,63.42048827931791,-25.840758615921732,69.97910022073482,-26.049483041745,21.30173831547707
2,170.0,good,65,44,57.42533056123199,-25.648584237571413,69.97910022073482,-26.049483041745,11.48218713322123
2,170.0,good,80,44,46.73485827220745,-26.99358060413592,69.97910022073482,-26.049483041745,5.2848179709861025
2,170.0,good,87,44,40.65309988949059,-24.704794043475204,69.97910022073482,-26.049483041745,3.776620488552652
2,170.0,good,94,44,42.62148660099042,-25.82803157811236,69.97910022073482,-26.049483041745,4.18508853615875
2,170.0,good,109,44,31.921803542197935,-27.76647140044548,69.97910022073482,-26.049483041745,2.5289732029461276
2,170.0,good,56,45,55.63989476670516,-11.442291348779824,68.29546820741328,-10.23337869085284,4.098690966105276
2,170.0,good,79,45,43.1436980002568,-11.283559018001384,68.29546820741328,-10.23337869085284,4.72681386664954
2,170.0,good,97,45,36.61549194005942,-11.226915623962462,68.29546820741328,-10.23337869085284,3.3620794797271385
2,170.0,good,101,45,41.17408347336009,-10.153358196224442,68.29546820741328,-10.23337869085284,4.238523207447459
2,170.0,good,112,45,39.221233213412084,-9.022252748762485,68.29546820741328,-10.23337869085284,3.8254447496930357
2,170.0,good,115,45,33.302755085525206,-9.267858406184068,68.29546820741328,-10.23337869085284,2.885217362288405
2,170.0,good,179,45,26.275462160677804,-11.488025966608461,68.29546820741328,-10.23337869085284,2.1583511611698714
2,170.0,good,193,45,28.680499878421912,-9.087460926231774,68.29546820741328,-10.23337869085284,2.372670688155034
2,170.0,good,233,45,45.73946653438851,-9.051422627575718,68.29546820741328,-10.23337869085284,5.373534280032801
2,170.0,good,83,46,38.56311288153375,-32.46951847393345,68.7029624190341,-32.039867219216845,3.6250284681796674
2,170.0,good,159,46,53.66280555389011,-31.210683051716238,68.7029624190341,-32.039867219216845,8.902573559935485
2,170.0,good,57,47,66.22244401830483,-22.66351032473685,71.88397245572584,-21.69651345428781,5.344626297659719
2,170.0,good,66,47,59.661873197062775,-22.865404680818422,71.88397245572584,-21.69651345428781,4.510164028464865
2,170.0,good,78,47,41.283204089003,-21.338683255453194,71.88397245572584,-21.69651345428781,3.5431896338225055
2,170.0,good,82,47,38.68725650988621,-23.59598046077795,71.88397245572584,-21.69651345428781,2.5010064755246577
2,170.0,good,85,47,36.717911157597584,-22.423679154949042,71.88397245572584,-21.69651345428781,2.8631128277580555
2,170.0,good,88,47,47.92936060776738,-20.647832079520427,71.88397245572584,-21.69651345428781,5.066002054544122
2,170.0,good,91,47,43.25299401809981,-22.469878832537084,71.88397245572584,-21.69651345428781,3.9137356293251457
2,170.0,good,95,47,34.72962691145279,-21.32138671110922,71.88397245572584,-21.69651345428781,2.6267543411179863
2,170.0,good,98,47,39.30893897529078,-20.199558464865728,71.88397245572584,-21.69651345428781,3.22220305934231
2,170.0,good,110,47,31.775408901792204,-19.528353198142405,71.88397245572584,-21.69651345428781,2.0578814183144427
2,170.0,good,53,48,66.88151037962825,-15.951128899685282,72.97732839607445,-15.181412539185954,10.736997073057358
2,170.0,good,67,48,54.74404033198677,-15.936331425849405,72.97732839607445,-15.181412539185954,7.32723268754439
2,170.0,good,68,48,63.65353614851792,-15.211535772123886,72.97732839607445,-15.181412539185954,15.641492205844706
2,170.0,good,81,48,42.51853753406644,-14.654439351406296,72.97732839607445,-15.181412539185954,3.5681007034011882
2,170.0,good,90,48,39.937693972312154,-16.857789138635496,72.97732839607445,-15.181412539185954,3.1300193079106546
2,170.0,good,92,48,37.94590411069759,-15.718164541870149,72.97732839607445,-15.181412539185954,2.880258953101834
2,170.0,good,99,48,35.98808128848208,-14.579217582009056,72.97732839607445,-15.181412539185954,2.6452451629562606
2,170.0,good,102,48,40.54246074046638,-13.499223073725696,72.97732839607445,-15.181412539185954,3.152756066467525
2,170.0,good,106,48,44.488941370862236,-15.789116572062365,72.97732839607445,-15.181412539185954,3.9427884887224827
2,170.0,good,108,48,29.94859687285947,-14.40614171430618,72.97732839607445,-15.181412539185954,2.077018786036067
2,170.0,good,111,48,32.07461191638558,-16.001605801178286,72.97732839607445,-15.181412539185954,2.2541405043484533
2,170.0,good,166,48,49.039934479288064,-14.445605680079382,72.97732839607445,-15.181412539185954,5.07114376941574
2,170.0,good,56,49,55.63989476670516,-11.442291348779824,70.62644467737371,-12.752742254023927,3.57521631606292
2,170.0,good,69,49,60.19167554011586,-12.845934681250862,70.62644467737371,-12.752742254023927,13.986963151824344
2,170.0,good,79,49,43.1436980002568,-11.283559018001384,70.62644467737371,-12.752742254023927,3.9279181087180857
2,170.0,good,84,49,45.10324480126174,-12.438100087309008,70.62644467737371,-12.752742254023927,4.628483747239318
2,170.0,good,97,49,36.61549194005942,-11.226915623962462,70.62644467737371,-12.752742254023927,3.015375220936774
2,170.0,good,99,49,35.98808128848208,-14.579217582009056,70.62644467737371,-12.752742254023927,2.7744759522209317
2,170.0,good,100,49,38.58156352270784,-12.377741989607241,70.62644467737371,-12.752742254023927,3.3039741708407866
2,170.0,good,102,49,40.54246074046638,-13.499223073725696,70.62644467737371,-12.752742254023927,3.635140013798982
2,170.0,good,107,49,32.6744264513833,-12.699299854690645,70.62644467737371,-12.752742254023927,2.540090092979249
2,170.0,good,108,49,29.94859687285947,-14.40614171430618,70.62644467737371,-12.752742254023927,2.2741891130361322
2,170.0,good,169,49,28.10489386308166,-12.925520592047487,70.62644467737371,-12.752742254023927,2.1173264350451504
2,170.0,good,62,50,53.38810381288312,-24.138313054023783,74.17361468056009,-24.385736186344396,6.162687874034164
2,170.0,good,65,50,57.42533056123199,-25.648584237571413,74.17361468056009,-24.385736186344396,4.5258414393928765
2,170.0,good,82,50,38.68725650988621,-23.59598046077795,74.17361468056009,-24.385736186344396,2.8229329855357377
2,170.0,good,85,50,36.717911157597584,-22.423679154949042,74.17361468056009,-24.385736186344396,2.466865278877678
2,170.0,good,87,50,40.65309988949059,-24.704794043475204,74.17361468056009,-24.385736186344396,3.083719409069523
2,170.0,good,91,50,43.25299401809981,-22.469878832537084,74.17361468056009,-24.385736186344396,2.229886391659901
2,170.0,good,94,50,42.62148660099042,-25.82803157811236,74.17361468056009,-24.385736186344396,3.3828002972167064
2,170.0,good,60,51,60.8510490325425,-18.632990419637974,74.74080487617435,-17.323898859568835,3.244081225666045
2,170.0,good,67,51,54.74404033198677,-15.936331425849405,74.74080487617435,-17.323898859568835,3.939706522019886
2,170.0,good,71,51,54.17086358612272,-18.927261060948894,74.74080487617435,-17.323898859568835,2.328664005353202
2,170.0,good,86,51,41.89967364647634,-17.97959219820546,74.74080487617435,-17.323898859568835,3.1822994376846436
2,170.0,good,89,51,43.87607605831613,-19.10757044927768,74.74080487617435,-17.323898859568835,2.7876092885856614
2,170.0,good,90,51,39.937693972312154,-16.857789138635496,74.74080487617435,-17.323898859568835,2.909688927625615
2,170.0,good,92,51,37.94590411069759,-15.718164541870149,74.74080487617435,-17.323898859568835,2.6672630011271456
2,170.0,good,104,51,37.336486755728956,-19.067806637974,74.74080487617435,-17.323898859568835,2.599124566467888
2,170.0,good,105,51,35.36865750829813,-17.93318828946991,74.74080487617435,-17.323898859568835,2.396066508374954
2,170.0,good,106,51,44.488941370862236,-15.789116572062365,74.74080487617435,-17.323898859568835,3.5818173822094597
2,170.0,good,110,51,31.775408901792204,-19.528353198142405,74.74080487617435,-17.323898859568835,2.0310483036509894
2,170.0,good,111,51,32.07461191638558,-16.001605801178286,74.74080487617435,-17.323898859568835,2.1057123777891014
2,170.0,good,73,52,56.31323411993484,-7.701875204572527,65.85057956381277,-6.564821788492301,3.951070160102722
2,170.0,good,113,52,41.783443170436435,-6.797572166083604,65.85057956381277,-6.564821788492301,5.032591078747317
2,170.0,good,114,52,37.24135401504856,-7.860014311780866,65.85057956381277,-6.564821788492301,3.9181469604519217
2,170.0,good,181,52,39.83791307334055,-5.623635796832401,65.85057956381277,-6.564821788492301,4.503522572055411
2,170.0,good,182,52,33.86112887278811,-5.849777568056124,65.85057956381277,-6.564821788492301,3.3127031110695606
2,170.0,good,183,52,43.768129242964946,-7.896909172954849,65.85057956381277,-6.564821788492301,4.573339076220601
2,170.0,good,186,52,23.429657477068922,-6.00239099609155,65.85057956381277,-6.564821788492301,2.1254632002248117
2,170.0,good,191,52,25.381551211410713,-7.279312154204351,65.85057956381277,-6.564821788492301,2.2930473077387115
2,170.0,good,192,52,31.24231347667206,-7.608009256075366,65.85057956381277,-6.564821788492301,2.9351629494533262
2,170.0,good,241,52,46.35754111208062,-5.721793381902008,65.85057956381277,-6.564821788492301,6.71465754244398
2,170.0,good,67,53,54.74404033198677,-15.936331425849405,66.88151037962825,-15.951128899685282,11.918097357244596
2,170.0,good,68,53,63.65353614851792,-15.211535772123886,66.88151037962825,-15.951128899685282,10.978144456317388
2,170.0,good,81,53,42.51853753406644,-14.654439351406296,66.88151037962825,-15.951128899685282,4.736567606618038
2,170.0,good,90,53,39.937693972312154,-16.857789138635496,66.88151037962825,-15.951128899685282,4.279365560916153
2,170.0,good,92,53,37.94590411069759,-15.718164541870149,66.88151037962825,-15.951128899685282,3.852733941523549
2,170.0,good,99,53,35.98808128848208,-14.579217582009056,66.88151037962825,-15.951128899685282,3.4926562398074275
2,170.0,good,105,53,35.36865750829813,-17.93318828946991,66.88151037962825,-15.951128899685282,2.01094411228257
2,170.0,good,106,53,44.488941370862236,-15.789116572062365,66.88151037962825,-15.951128899685282,5.566370588132274
2,170.0,good,108,53,29.94859687285947,-14.40614171430618,66.88151037962825,-15.951128899685282,2.6515991523446156
2,170.0,good,111,53,32.07461191638558,-16.001605801178286,66.88151037962825,-15.951128899685282,2.909197032217559
2,170.0,good,166,53,49.039934479288064,-14.445605680079382,66.88151037962825,-15.951128899685282,2.4377046996844633
2,170.0,good,168,53,24.26585691189951,-15.165587958712948,66.88151037962825,-15.951128899685282,2.1097595667205966
2,170.0,good,171,53,27.857828349433667,-17.699024120944774,66.88151037962825,-15.951128899685282,2.4302505407203303
2,170.0,good,173,53,25.908924952319012,-16.377984139222797,66.88151037962825,-15.951128899685282,2.2479651658432696
2,170.0,good,83,54,38.56311288153375,-32.46951847393345,62.068811785326965,-34.12506944589026,2.5658070281333694
2,170.0,good,112,55,39.221233213412084,-9.022252748762485,50.191806168075836,-8.33507581378631,11.862772693179515
2,170.0,good,114,55,37.24135401504856,-7.860014311780866,50.191806168075836,-8.33507581378631,11.088694274864991
2,170.0,good,115,55,33.302755085525206,-9.267858406184068,50.191806168075836,-8.33507581378631,7.651363695920596
2,170.0,good,148,55,14.76871503819115,-8.916272845889978,50.191806168075836,-8.33507581378631,2.830802242842136
2,170.0,good,150,55,12.28826334417946,-7.253556547488193,50.191806168075836,-8.33507581378631,2.5452335200517187
2,170.0,good,183,55,43.768129242964946,-7.896909172954849,50.191806168075836,-8.33507581378631,19.64268068868966
2,170.0,good,187,55,21.680040865567353,-9.167936850398888,50.191806168075836,-8.33507581378631,3.9380030614831396
2,170.0,good,191,55,25.381551211410713,-7.279312154204351,50.191806168075836,-8.33507581378631,4.820016153172869
2,170.0,good,192,55,31.24231347667206,-7.608009256075366,50.191806168075836,-8.33507581378631,6.969168850056915
2,170.0,good,193,55,28.680499878421912,-9.087460926231774,50.191806168075836,-8.33507581378631,5.882068635972973
2,170.0,good,233,55,45.73946653438851,-9.051422627575718,50.191806168075836,-8.33507581378631,12.112917876697527
2,170.0,good,79,56,43.1436980002568,-11.283559018001384,55.63989476670516,-11.442291348779824,11.541033403441729
2,170.0,good,84,56,45.10324480126174,-12.438100087309008,55.63989476670516,-11.442291348779824,6.738504609084725
2,170.0,good,97,56,36.61549194005942,-11.226915623962462,55.63989476670516,-11.442291348779824,6.933241311384878
2,170.0,good,100,56,38.58156352270784,-12.377741989607241,55.63989476670516,-11.442291348779824,7.595762716821454
2,170.0,good,101,56,41.17408347336009,-10.153358196224442,55.63989476670516,-11.442291348779824,3.667682087562053
2,170.0,good,107,56,32.6744264513833,-12.699299854690645,55.63989476670516,-11.442291348779824,5.0072106477407505
2,170.0,good,169,56,28.10489386308166,-12.925520592047487,55.63989476670516,-11.442291348779824,3.876264454023573
2,170.0,good,179,56,26.275462160677804,-11.488025966608461,55.63989476670516,-11.442291348779824,3.7692497097441464
2,170.0,good,185,56,23.616096502016333,-10.517910008569169,55.63989476670516,-11.442291348779824,3.307290139409788
2,170.0,good,188,56,20.00443489491088,-12.398384573789208,55.63989476670516,-11.442291348779824,2.80451675765163
2,170.0,good,66,57,59.661873197062775,-22.865404680818422,66.22244401830483,-22.66351032473685,21.29669922860143
2,170.0,good,78,57,41.283204089003,-21.338683255453194,66.22244401830483,-22.66351032473685,4.584718208310369
2,170.0,good,82,57,38.68725650988621,-23.59598046077795,66.22244401830483,-22.66351032473685,4.145584028810632
2,170.0,good,85,57,36.717911157597584,-22.423679154949042,66.22244401830483,-22.66351032473685,3.7425623187979316
2,170.0,good,91,57,43.25299401809981,-22.469878832537084,66.22244401830483,-22.66351032473685,5.373280313600219
2,170.0,good,95,57,34.72962691145279,-21.32138671110922,66.22244401830483,-22.66351032473685,3.392478144530195
2,170.0,good,133,57,24.069146870968222,-23.057521287061824,66.22244401830483,-22.66351032473685,2.1473328215430474
2,170.0,good,93,58,44.01969485521144,-28.580588135368135,59.025307514457374,-28.931740791712173,9.3408823642218
2,170.0,good,103,58,46.15762906182164,-30.092408718214372,59.025307514457374,-28.931740791712173,4.824859505379481
2,170.0,good,109,58,31.921803542197935,-27.76647140044548,59.025307514457374,-28.931740791712173,4.242609413731713
2,170.0,good,128,58,21.594956150926983,-30.007390592467296,59.025307514457374,-28.931740791712173,2.5962721704671554
2,170.0,good,184,58,52.582498118464,-27.852818517399513,59.025307514457374,-28.931740791712173,3.342342259615478
2,170.0,good,65,59,57.42533056123199,-25.648584237571413,63.42048827931791,-25.840758615921732,22.82894535215261
2,170.0,good,80,59,46.73485827220745,-26.99358060413592,63.42048827931791,-25.840758615921732,5.658084434712241
2,170.0,good,87,59,40.65309988949059,-24.704794043475204,63.42048827931791,-25.840758615921732,5.439753800811501
2,170.0,good,94,59,42.62148660099042,-25.82803157811236,63.42048827931791,-25.840758615921732,6.15729020255468
2,170.0,good,109,59,31.921803542197935,-27.76647140044548,63.42048827931791,-25.840758615921732,2.2506000773391297
2,170.0,good,61,60,57.19960453786876,-19.627622341256913,60.8510490325425,-18.632990419637974,3.2047672299362047
2,170.0,good,71,60,54.17086358612272,-18.927261060948894,60.8510490325425,-18.632990419637974,20.99235453944659
2,170.0,good,86,60,41.89967364647634,-17.97959219820546,60.8510490325425,-18.632990419637974,6.968262475820808
2,170.0,good,89,60,43.87607605831613,-19.10757044927768,60.8510490325425,-18.632990419637974,8.02677086236812
2,170.0,good,98,60,39.30893897529078,-20.199558464865728,60.8510490325425,-18.632990419637974,2.8152034751038197
2,170.0,good,104,60,37.336486755728956,-19.067806637974,60.8510490325425,-18.632990419637974,5.199909663254894
2,170.0,good,105,60,35.36865750829813,-17.93318828946991,60.8510490325425,-18.632990419637974,4.639136321730188
2,170.0,good,110,60,31.775408901792204,-19.528353198142405,60.8510490325425,-18.632990419637974,3.825169633209432
2,170.0,good,120,60,16.941374885620544,-18.21613887014908,60.8510490325425,-18.632990419637974,2.0096919292476425
2,170.0,good,171,60,27.857828349433667,-17.699024120944774,60.8510490325425,-18.632990419637974,3.159824354198606
2,170.0,good,71,61,54.17086358612272,-18.927261060948894,57.19960453786876,-19.627622341256913,12.411706410240688
2,170.0,good,88,61,47.92936060776738,-20.647832079520427,57.19960453786876,-19.627622341256913,5.91246091014666
2,170.0,good,89,61,43.87607605831613,-19.10757044927768,57.19960453786876,-19.627622341256913,10.736788449376572
2,170.0,good,95,61,34.72962691145279,-21.32138671110922,57.19960453786876,-19.627622341256913,2.1053774659356788
2,170.0,good,98,61,39.30893897529078,-20.199558464865728,57.19960453786876,-19.627622341256913,7.508361010466159
2,170.0,good,104,61,37.336486755728956,-19.067806637974,57.19960453786876,-19.627622341256913,6.549265666748758
2,170.0,good,110,61,31.775408901792204,-19.528353198142405,57.19960453786876,-19.627622341256913,4.654391455577456
2,170.0,good,120,61,16.941374885620544,-18.21613887014908,57.19960453786876,-19.627622341256913,2.3123231596917213
2,170.0,good,82,62,38.68725650988621,-23.59598046077795,53.38810381288312,-24.138313054023783,9.572804730192646
2,170.0,good,87,62,40.65309988949059,-24.704794043475204,53.38810381288312,-24.138313054023783,11.299854072626855
2,170.0,good,133,62,24.069146870968222,-23.057521287061824,53.38810381288312,-24.138313054023783,3.777973657254427
2,170.0,good,56,63,55.63989476670516,-11.442291348779824,64.18639287185736,-11.41024593811601,16.980053840996618
2,170.0,good,79,63,43.1436980002568,-11.283559018001384,64.18639287185736,-11.41024593811601,6.06099701015254
2,170.0,good,84,63,45.10324480126174,-12.438100087309008,64.18639287185736,-11.41024593811601,6.629473577632612
2,170.0,good,97,63,36.61549194005942,-11.226915623962462,64.18639287185736,-11.41024593811601,4.137706515776772
2,170.0,good,100,63,38.58156352270784,-12.377741989607241,64.18639287185736,-11.41024593811601,4.607285073322145
2,170.0,good,101,63,41.17408347336009,-10.153358196224442,64.18639287185736,-11.41024593811601,5.004956171991544
2,170.0,good,107,63,32.6744264513833,-12.699299854690645,64.18639287185736,-11.41024593811601,3.389348991671027
2,170.0,good,169,63,28.10489386308166,-12.925520592047487,64.18639287185736,-11.41024593811601,2.750487692112097
2,170.0,good,179,63,26.275462160677804,-11.488025966608461,64.18639287185736,-11.41024593811601,2.54444862824137
2,170.0,good,185,63,23.616096502016333,-10.517910008569169,64.18639287185736,-11.41024593811601,2.283872757993613
2,170.0,good,58,64,59.025307514457374,-28.931740791712173,65.20272664526486,-29.81437155341259,7.7326983493334955
2,170.0,good,93,64,44.01969485521144,-28.580588135368135,65.20272664526486,-29.81437155341259,5.196044400728957
2,170.0,good,103,64,46.15762906182164,-30.092408718214372,65.20272664526486,-29.81437155341259,6.923364902695505
2,170.0,good,128,64,21.594956150926983,-30.007390592467296,65.20272664526486,-29.81437155341259,2.032391690973317
2,170.0,good,87,65,40.65309988949059,-24.704794043475204,57.42533056123199,-25.648584237571413,7.595329330029936
2,170.0,good,94,65,42.62148660099042,-25.82803157811236,57.42533056123199,-25.648584237571413,9.493468656201406
2,170.0,good,78,66,41.283204089003,-21.338683255453194,59.661873197062775,-22.865404680818422,2.39902768694621
2,170.0,good,82,66,38.68725650988621,-23.59598046077795,59.661873197062775,-22.865404680818422,6.087668857029223
2,170.0,good,85,66,36.717911157597584,-22.423679154949042,59.661873197062775,-22.865404680818422,5.381597888549135
2,170.0,good,91,66,43.25299401809981,-22.469878832537084,59.661873197062775,-22.865404680818422,8.374578592401024
2,170.0,good,95,66,34.72962691145279,-21.32138671110922,59.661873197062775,-22.865404680818422,3.47115815884237
2,170.0,good,133,66,24.069146870968222,-23.057521287061824,59.661873197062775,-22.865404680818422,2.8097765049965417
2,170.0,good,81,67,42.51853753406644,-14.654439351406296,54.74404033198677,-15.936331425849405,2.9715854744612913
2,170.0,good,90,67,39.937693972312154,-16.857789138635496,54.74404033198677,-15.936331425849405,8.087158326982248
2,170.0,good,92,67,37.94590411069759,-15.718164541870149,54.74404033198677,-15.936331425849405,8.133055223135642
2,170.0,good,99,67,35.98808128848208,-14.579217582009056,54.74404033198677,-15.936331425849405,3.991699086646469
2,170.0,good,106,67,44.488941370862236,-15.789116572062365,54.74404033198677,-15.936331425849405,14.23620270705434
2,170.0,good,108,67,29.94859687285947,-14.40614171430618,54.74404033198677,-15.936331425849405,3.539217911971673
2,170.0,good,111,67,32.07461191638558,-16.001605801178286,54.74404033198677,-15.936331425849405,5.472425144707835
2,170.0,good,168,67,24.26585691189951,-15.165587958712948,54.74404033198677,-15.936331425849405,3.5646826634017117
2,170.0,good,171,67,27.857828349433667,-17.699024120944774,54.74404033198677,-15.936331425849405,2.4675825816949915
2,170.0,good,173,67,25.908924952319012,-16.377984139222797,54.74404033198677,-15.936331425849405,3.8726986345818863
2,170.0,good,67,68,54.74404033198677,-15.936331425849405,63.65353614851792,-15.211535772123886,11.790295716798283
2,170.0,good,81,68,42.51853753406644,-14.654439351406296,63.65353614851792,-15.211535772123886,6.025113056451916
2,170.0,good,90,68,39.937693972312154,-16.857789138635496,63.65353614851792,-15.211535772123886,2.6639732553864013
2,170.0,good,92,68,37.94590411069759,-15.718164541870149,63.65353614851792,-15.211535772123886,4.580794406950937
2,170.0,good,99,68,35.98808128848208,-14.579217582009056,63.65353614851792,-15.211535772123886,4.116958308492209
2,170.0,good,102,68,40.54246074046638,-13.499223073725696,63.65353614851792,-15.211535772123886,2.1159382747947966
2,170.0,good,106,68,44.488941370862236,-15.789116572062365,63.65353614851792,-15.211535772123886,6.86674640506412
2,170.0,good,108,68,29.94859687285947,-14.40614171430618,63.65353614851792,-15.211535772123886,3.0577491890328554
2,170.0,good,111,68,32.07461191638558,-16.001605801178286,63.65353614851792,-15.211535772123886,3.3784415108633503
2,170.0,good,166,68,49.039934479288064,-14.445605680079382,63.65353614851792,-15.211535772123886,9.504046723446766
2,170.0,good,168,68,24.26585691189951,-15.165587958712948,63.65353614851792,-15.211535772123886,2.3945596735056007
2,170.0,good,173,68,25.908924952319012,-16.377984139222797,63.65353614851792,-15.211535772123886,2.562206802410092
2,170.0,good,175,68,21.945233676322694,-13.722904984817704,63.65353614851792,-15.211535772123886,2.1844511681081604
2,170.0,good,84,69,45.10324480126174,-12.438100087309008,60.19167554011586,-12.845934681250862,9.279314774565925
2,170.0,good,97,69,36.61549194005942,-11.226915623962462,60.19167554011586,-12.845934681250862,2.818873229807684
2,170.0,good,99,69,35.98808128848208,-14.579217582009056,60.19167554011586,-12.845934681250862,2.196296625242251
2,170.0,good,100,69,38.58156352270784,-12.377741989607241,60.19167554011586,-12.845934681250862,5.845354197684114
2,170.0,good,102,69,40.54246074046638,-13.499223073725696,60.19167554011586,-12.845934681250862,6.644105335319213
2,170.0,good,107,69,32.6744264513833,-12.699299854690645,60.19167554011586,-12.845934681250862,4.149549298460023
2,170.0,good,108,69,29.94859687285947,-14.40614171430618,60.19167554011586,-12.845934681250862,3.5339079767936017
2,170.0,good,169,69,28.10489386308166,-12.925520592047487,60.19167554011586,-12.845934681250862,3.297398741437516
2,170.0,good,175,69,21.945233676322694,-13.722904984817704,60.19167554011586,-12.845934681250862,2.509182916276164
2,170.0,good,179,69,26.275462160677804,-11.488025966608461,60.19167554011586,-12.845934681250862,3.0283992423478234
2,170.0,good,188,69,20.00443489491088,-12.398384573789208,60.19167554011586,-12.845934681250862,2.3188692704691922
2,170.0,good,61,70,57.19960453786876,-19.627622341256913,63.74138542792868,-20.31677017982654,12.965732412139843
2,170.0,good,78,70,41.283204089003,-21.338683255453194,63.74138542792868,-20.31677017982654,5.543889143289829
2,170.0,good,88,70,47.92936060776738,-20.647832079520427,63.74138542792868,-20.31677017982654,8.766348947316658
2,170.0,good,89,70,43.87607605831613,-19.10757044927768,63.74138542792868,-20.31677017982654,5.3560965189961
2,170.0,good,95,70,34.72962691145279,-21.32138671110922,63.74138542792868,-20.31677017982654,3.8377072930343155
2,170.0,good,98,70,39.30893897529078,-20.199558464865728,63.74138542792868,-20.31677017982654,4.926371288428621
2,170.0,good,104,70,37.336486755728956,-19.067806637974,63.74138542792868,-20.31677017982654,4.407002012036761
2,170.0,good,110,70,31.775408901792204,-19.528353198142405,63.74138542792868,-20.31677017982654,3.316410146830584
2,170.0,good,86,71,41.89967364647634,-17.97959219820546,54.17086358612272,-18.927261060948894,7.79446840801889
2,170.0,good,89,71,43.87607605831613,-19.10757044927768,54.17086358612272,-18.927261060948894,14.18057640326677
2,170.0,good,98,71,39.30893897529078,-20.199558464865728,54.17086358612272,-18.927261060948894,3.9776251635816684
2,170.0,good,104,71,37.336486755728956,-19.067806637974,54.17086358612272,-18.927261060948894,8.111102200346949
2,170.0,good,105,71,35.36865750829813,-17.93318828946991,54.17086358612272,-18.927261060948894,6.861749854296803
2,170.0,good,110,71,31.775408901792204,-19.528353198142405,54.17086358612272,-18.927261060948894,5.565378966045851
2,170.0,good,120,71,16.941374885620544,-18.21613887014908,54.17086358612272,-18.927261060948894,2.618402542391537
2,170.0,good,171,71,27.857828349433667,-17.699024120944774,54.17086358612272,-18.927261060948894,4.429327572014189
2,170.0,good,55,72,50.191806168075836,-8.33507581378631,60.814090009972,-8.39498103035872,13.733757722509626
2,170.0,good,73,72,56.31323411993484,-7.701875204572527,60.814090009972,-8.39498103035872,12.90051585965477
2,170.0,good,112,72,39.221233213412084,-9.022252748762485,60.814090009972,-8.39498103035872,5.8517411111971835
2,170.0,good,114,72,37.24135401504856,-7.860014311780866,60.814090009972,-8.39498103035872,5.1819048155297835
2,170.0,good,115,72,33.302755085525206,-9.267858406184068,60.814090009972,-8.39498103035872,4.150857865640063
2,170.0,good,183,72,43.768129242964946,-7.896909172954849,60.814090009972,-8.39498103035872,7.98469027457098
2,170.0,good,185,72,23.616096502016333,-10.517910008569169,60.814090009972,-8.39498103035872,2.0277311273568945
2,170.0,good,187,72,21.680040865567353,-9.167936850398888,60.814090009972,-8.39498103035872,2.4193449263847357
2,170.0,good,191,72,25.381551211410713,-7.279312154204351,60.814090009972,-8.39498103035872,2.82962503806172
2,170.0,good,192,72,31.24231347667206,-7.608009256075366,60.814090009972,-8.39498103035872,3.729853775826051
2,170.0,good,193,72,28.680499878421912,-9.087460926231774,60.814090009972,-8.39498103035872,3.290076298567351
2,170.0,good,233,72,45.73946653438851,-9.051422627575718,60.814090009972,-8.39498103035872,9.289536839687852
2,170.0,good,55,73,50.191806168075836,-8.33507581378631,56.31323411993484,-7.701875204572527,14.60377281918872
2,170.0,good,112,73,39.221233213412084,-9.022252748762485,56.31323411993484,-7.701875204572527,4.008688824097395
2,170.0,good,113,73,41.783443170436435,-6.797572166083604,56.31323411993484,-7.701875204572527,8.303260197907319
2,170.0,good,114,73,37.24135401504856,-7.860014311780866,56.31323411993484,-7.701875204572527,6.910614454037771
2,170.0,good,115,73,33.302755085525206,-9.267858406184068,56.31323411993484,-7.701875204572527,3.0821771877700064
2,170.0,good,148,73,14.76871503819115,-8.916272845889978,56.31323411993484,-7.701875204572527,2.198355468517075
2,170.0,good,150,73,12.28826334417946,-7.253556547488193,56.31323411993484,-7.701875204572527,2.0011231711327304
2,170.0,good,183,73,43.768129242964946,-7.896909172954849,56.31323411993484,-7.701875204572527,11.491014750012187
2,170.0,good,186,73,23.429657477068922,-6.00239099609155,56.31323411993484,-7.701875204572527,3.0981264709141305
2,170.0,good,187,73,21.680040865567353,-9.167936850398888,56.31323411993484,-7.701875204572527,2.93188534992157
2,170.0,good,191,73,25.381551211410713,-7.279312154204351,56.31323411993484,-7.701875204572527,3.48613097667424
2,170.0,good,192,73,31.24231347667206,-7.608009256075366,56.31323411993484,-7.701875204572527,4.7486325890274035
2,170.0,good,193,73,28.680499878421912,-9.087460926231774,56.31323411993484,-7.701875204572527,4.12209734412131
2,170.0,good,76,74,56.96657762240275,-3.848056955473897,63.66102646394305,-4.073857008683575,20.95649898769647
2,170.0,good,180,74,37.858549153218554,-4.542848336380901,63.66102646394305,-4.073857008683575,4.556556351389958
2,170.0,good,181,74,39.83791307334055,-5.623635796832401,63.66102646394305,-4.073857008683575,3.3081504075637174
2,170.0,good,182,74,33.86112887278811,-5.849777568056124,63.66102646394305,-4.073857008683575,2.737919281488292
2,170.0,good,186,74,23.429657477068922,-6.00239099609155,63.66102646394305,-4.073857008683575,2.3147967990267353
2,170.0,good,189,74,25.1835222844042,-2.7940430489381223,63.66102646394305,-4.073857008683575,2.485320471037513
2,170.0,good,194,74,29.83755501951252,-3.3611612115467215,63.66102646394305,-4.073857008683575,3.04123057599893
2,170.0,good,239,74,34.50043683073557,-2.5707655272111243,63.66102646394305,-4.073857008683575,3.738617338642226
2,170.0,good,245,74,44.383918735012834,-4.589222201902952,63.66102646394305,-4.073857008683575,6.814069525201948
2,170.0,good,269,74,42.42899612040145,-3.4230960875855603,63.66102646394305,-4.073857008683575,5.9877335475900955
2,170.0,good,236,75,43.64703787765439,3.2545089332951838,58.24912124717739,2.132174223528726,5.721870077881039
2,170.0,good,238,75,47.600601968024996,0.98842947588565,58.24912124717739,2.132174223528726,4.317111046493265
2,170.0,good,246,75,41.09129383011946,1.030968464914106,58.24912124717739,2.132174223528726,6.1997576184980865
2,170.0,good,247,75,39.10418338426587,2.1585971258526975,58.24912124717739,2.132174223528726,6.876012135384559
2,170.0,good,248,75,35.16680498456838,0.6914786039022056,58.24912124717739,2.132174223528726,3.9325505942629477
2,170.0,good,255,75,31.71011082880218,2.55079021554788,58.24912124717739,2.132174223528726,4.374710711464294
2,170.0,good,264,75,45.63923984434616,2.1329064620849483,58.24912124717739,2.132174223528726,11.425266351312935
2,170.0,good,328,75,21.952859910366804,3.22221741796883,58.24912124717739,2.132174223528726,2.7250285716502667
2,170.0,good,343,75,28.63543635745984,3.66871080726711,58.24912124717739,2.132174223528726,3.628309355089341
2,170.0,good,350,75,26.918334096359636,0.3653024277068493,58.24912124717739,2.132174223528726,2.8805044209130544
2,170.0,good,557,75,51.91971203692417,1.1166455855615167,58.24912124717739,2.132174223528726,4.613493203714688
2,170.0,good,180,76,37.858549153218554,-4.542848336380901,56.96657762240275,-3.848056955473897,6.893460953242848
2,170.0,good,189,76,25.1835222844042,-2.7940430489381223,56.96657762240275,-3.848056955473897,3.345511397643318
2,170.0,good,190,76,18.391701211049405,-2.8187553314135907,56.96657762240275,-3.848056955473897,2.475366409864287
2,170.0,good,194,76,29.83755501951252,-3.3611612115467215,56.96657762240275,-3.848056955473897,4.236779560441817
2,170.0,good,239,76,34.50043683073557,-2.5707655272111243,56.96657762240275,-3.848056955473897,4.918260360182814
2,170.0,good,245,76,44.383918735012834,-4.589222201902952,56.96657762240275,-3.848056955473897,10.563984886340842
2,170.0,good,269,76,42.42899612040145,-3.4230960875855603,56.96657762240275,-3.848056955473897,9.700617751007979
2,170.0,good,189,77,25.1835222844042,-2.7940430489381223,61.18107853223505,-2.155143863529741,2.7605358000516773
2,170.0,good,190,77,18.391701211049405,-2.8187553314135907,61.18107853223505,-2.155143863529741,2.09589645638308
2,170.0,good,194,77,29.83755501951252,-3.3611612115467215,61.18107853223505,-2.155143863529741,3.4170232082411274
2,170.0,good,239,77,34.50043683073557,-2.5707655272111243,61.18107853223505,-2.155143863529741,4.340992669961294
2,170.0,good,256,77,46.98718040567191,-2.3326866917945264,61.18107853223505,-2.155143863529741,9.978177074023025
2,170.0,good,258,77,38.47156832458982,-1.170006107044114,61.18107853223505,-2.155143863529741,5.459021690221608
2,170.0,good,259,77,40.4446308090651,-2.3313951477141694,61.18107853223505,-2.155143863529741,6.182377993766456
2,170.0,good,269,77,42.42899612040145,-3.4230960875855603,61.18107853223505,-2.155143863529741,4.789843714356203
2,170.0,good,272,77,45.01995899463075,-1.2451426038728703,61.18107853223505,-2.155143863529741,7.97659141705137
2,170.0,good,314,77,30.796154832128337,-0.4125320612740415,61.18107853223505,-2.155143863529741,2.9234850793081435
2,170.0,good,556,77,51.346865453006444,-2.0244884579728133,61.18107853223505,-2.155143863529741,14.846803235409588
2,170.0,good,95,78,34.72962691145279,-21.32138671110922,41.283204089003,-21.338683255453194,21.314698116385625
2,170.0,good,121,78,2.3657564102776316,-21.594965065312145,41.283204089003,-21.338683255453194,2.4408175855579017
2,170.0,good,97,79,36.61549194005942,-11.226915623962462,43.1436980002568,-11.283559018001384,21.38018529114887
2,170.0,good,151,79,7.0689863279478296,-11.540148976161511,43.1436980002568,-11.283559018001384,2.751298108923315
2,170.0,good,179,79,26.275462160677804,-11.488025966608461,43.1436980002568,-11.283559018001384,8.090672065634848
2,170.0,good,185,79,23.616096502016333,-10.517910008569169,43.1436980002568,-11.283559018001384,6.698947279434149
2,170.0,good,188,79,20.00443489491088,-12.398384573789208,43.1436980002568,-11.283559018001384,5.318353587996103
2,170.0,good,109,80,31.921803542197935,-27.76647140044548,46.73485827220745,-26.99358060413592,9.368762103777309
2,170.0,good,132,80,11.543248926924669,-27.98013345123843,46.73485827220745,-26.99358060413592,2.8598765515283335
2,170.0,good,92,81,37.94590411069759,-15.718164541870149,42.51853753406644,-14.654439351406296,2.3508751235015986
2,170.0,good,99,81,35.98808128848208,-14.579217582009056,42.51853753406644,-14.654439351406296,21.374364991286942
2,170.0,good,108,81,29.94859687285947,-14.40614171430618,42.51853753406644,-14.654439351406296,11.465739420517176
2,170.0,good,152,81,-0.0645229695743863,-13.65237344325637,42.51853753406644,-14.654439351406296,2.112375794387163
2,170.0,good,168,81,24.26585691189951,-15.165587958712948,42.51853753406644,-14.654439351406296,7.317177357151379
2,170.0,good,175,81,21.945233676322694,-13.722904984817704,42.51853753406644,-14.654439351406296,6.24853427940688
2,170.0,good,121,82,2.3657564102776316,-21.594965065312145,38.68725650988621,-23.59598046077795,2.3430662620166722
2,170.0,good,133,82,24.069146870968222,-23.057521287061824,38.68725650988621,-23.59598046077795,9.637258293968939
2,170.0,good,140,83,-3.2699521803076417,-31.064427704145906,38.56311288153375,-32.46951847393345,2.1739478423224616
2,170.0,good,97,84,36.61549194005942,-11.226915623962462,45.10324480126174,-12.438100087309008,2.2248273244705326
2,170.0,good,100,84,38.58156352270784,-12.377741989607241,45.10324480126174,-12.438100087309008,21.397075652875458
2,170.0,good,102,84,40.54246074046638,-13.499223073725696,45.10324480126174,-12.438100087309008,2.3967585279610875
2,170.0,good,107,84,32.6744264513833,-12.699299854690645,45.10324480126174,-12.438100087309008,11.610478397213813
2,170.0,good,151,84,7.0689863279478296,-11.540148976161511,45.10324480126174,-12.438100087309008,2.5313996784477633
2,170.0,good,169,84,28.10489386308166,-12.925520592047487,45.10324480126174,-12.438100087309008,8.012876064340023
2,170.0,good,175,84,21.945233676322694,-13.722904984817704,45.10324480126174,-12.438100087309008,4.859842193192734
2,170.0,good,179,84,26.275462160677804,-11.488025966608461,45.10324480126174,-12.438100087309008,7.016260462352271
2,170.0,good,188,84,20.00443489491088,-12.398384573789208,45.10324480126174,-12.438100087309008,4.741089128286561
2,170.0,good,121,85,2.3657564102776316,-21.594965065312145,36.717911157597584,-22.423679154949042,2.969158995260883
2,170.0,good,133,85,24.069146870968222,-23.057521287061824,36.717911157597584,-22.423679154949042,11.384711817746537
2,170.0,good,146,85,-5.535905511916909,-24.449327323953376,36.717911157597584,-22.423679154949042,2.1390792136325594
2,170.0,good,105,86,35.36865750829813,-17.93318828946991,41.89967364647634,-17.97959219820546,21.372917149739344
2,170.0,good,120,86,16.941374885620544,-18.21613887014908,41.89967364647634,-17.97959219820546,4.779278325090367
2,170.0,good,122,86,9.170096413922863,-18.86075390101614,41.89967364647634,-17.97959219820546,3.19893716929252
2,170.0,good,171,86,27.857828349433667,-17.699024120944774,41.89967364647634,-17.97959219820546,10.104790305404181
2,170.0,good,78,88,41.283204089003,-21.338683255453194,47.92936060776738,-20.647832079520427,12.90806159160612
2,170.0,good,95,88,34.72962691145279,-21.32138671110922,47.92936060776738,-20.647832079520427,10.813520442604998
2,170.0,good,98,88,39.30893897529078,-20.199558464865728,47.92936060776738,-20.647832079520427,16.75215088965616
2,170.0,good,110,88,31.775408901792204,-19.528353198142405,47.92936060776738,-20.647832079520427,5.955737070014496
2,170.0,good,122,88,9.170096413922863,-18.86075390101614,47.92936060776738,-20.647832079520427,2.456680142994099
2,170.0,good,104,89,37.336486755728956,-19.067806637974,43.87607605831613,-19.10757044927768,21.350765929361216
2,170.0,good,105,89,35.36865750829813,-17.93318828946991,43.87607605831613,-19.10757044927768,2.8178052073298843
2,170.0,good,110,89,31.775408901792204,-19.528353198142405,43.87607605831613,-19.10757044927768,11.957823365529466
2,170.0,good,120,89,16.941374885620544,-18.21613887014908,43.87607605831613,-19.10757044927768,4.281478058554415
2,170.0,good,122,89,9.170096413922863,-18.86075390101614,43.87607605831613,-19.10757044927768,2.922346239873128
2,170.0,good,171,89,27.857828349433667,-17.699024120944774,43.87607605831613,-19.10757044927768,2.831102132040679
2,170.0,good,105,90,35.36865750829813,-17.93318828946991,39.937693972312154,-16.857789138635496,2.1067108750886785
2,170.0,good,111,90,32.07461191638558,-16.001605801178286,39.937693972312154,-16.857789138635496,8.890581140628177
2,170.0,good,120,90,16.941374885620544,-18.21613887014908,39.937693972312154,-16.857789138635496,4.446606679369074
2,170.0,good,171,90,27.857828349433667,-17.699024120944774,39.937693972312154,-16.857789138635496,9.36934451461216
2,170.0,good,173,90,25.908924952319012,-16.377984139222797,39.937693972312154,-16.857789138635496,10.115791201068713
2,170.0,good,85,91,36.717911157597584,-22.423679154949042,43.25299401809981,-22.469878832537084,21.362405314807198
2,170.0,good,95,91,34.72962691145279,-21.32138671110922,43.25299401809981,-22.469878832537084,3.2583367788771445
2,170.0,good,121,91,2.3657564102776316,-21.594965065312145,43.25299401809981,-22.469878832537084,2.2555120411160274
2,170.0,good,133,91,24.069146870968222,-23.057521287061824,43.25299401809981,-22.469878832537084,6.857689509161294
2,170.0,good,111,92,32.07461191638558,-16.001605801178286,37.94590411069759,-15.718164541870149,23.186667146948885
2,170.0,good,152,92,-0.0645229695743863,-13.65237344325637,37.94590411069759,-15.718164541870149,2.233981980578574
2,170.0,good,168,92,24.26585691189951,-15.165587958712948,37.94590411069759,-15.718164541870149,10.415923333568005
2,170.0,good,173,92,25.908924952319012,-16.377984139222797,37.94590411069759,-15.718164541870149,11.660755365450317
2,170.0,good,109,93,31.921803542197935,-27.76647140044548,44.01969485521144,-28.580588135368135,9.755033720300393
2,170.0,good,126,93,3.802089535486912,-29.365622382840613,44.01969485521144,-28.580588135368135,2.316065854314147
2,170.0,good,128,93,21.594956150926983,-30.007390592467296,44.01969485521144,-28.580588135368135,3.9607244261129346
2,170.0,good,132,93,11.543248926924669,-27.98013345123843,44.01969485521144,-28.580588135368135,3.23717784167905
2,170.0,good,121,95,2.3657564102776316,-21.594965065312145,34.72962691145279,-21.32138671110922,3.2544052988299086
2,170.0,good,123,96,6.817444965444986,-37.10709654236713,44.539745456268065,-36.48306596391319,2.5646030826834516
2,170.0,good,125,96,14.430205677260208,-35.44423535421259,44.539745456268065,-36.48306596391319,3.6305092217559056
2,170.0,good,170,96,29.082877736004136,-36.329948188059284,44.539745456268065,-36.48306596391319,9.01265963656461
2,170.0,good,151,97,7.0689863279478296,-11.540148976161511,36.61549194005942,-11.226915623962462,3.7346221848297443
2,170.0,good,179,97,26.275462160677804,-11.488025966608461,36.61549194005942,-11.226915623962462,14.117562956287468
2,170.0,good,185,97,23.616096502016333,-10.517910008569169,36.61549194005942,-11.226915623962462,10.70122533259422
2,170.0,good,188,97,20.00443489491088,-12.398384573789208,36.61549194005942,-11.226915623962462,5.456613583997447
2,170.0,good,110,98,31.775408901792204,-19.528353198142405,39.30893897529078,-20.199558464865728,13.2541101848763
2,170.0,good,121,98,2.3657564102776316,-21.594965065312145,39.30893897529078,-20.199558464865728,2.6504391778238765
2,170.0,good,122,98,9.170096413922863,-18.86075390101614,39.30893897529078,-20.199558464865728,3.625210354985675
2,170.0,good,108,99,29.94859687285947,-14.40614171430618,35.98808128848208,-14.579217582009056,22.702939622429355
2,170.0,good,152,99,-0.0645229695743863,-13.65237344325637,35.98808128848208,-14.579217582009056,2.7539402477216015
2,170.0,good,168,99,24.26585691189951,-15.165587958712948,35.98808128848208,-14.579217582009056,12.377989928923276
2,170.0,good,175,99,21.945233676322694,-13.722904984817704,35.98808128848208,-14.579217582009056,8.898455517747745
2,170.0,good,107,100,32.6744264513833,-12.699299854690645,38.58156352270784,-12.377741989607241,22.8206245869091
2,170.0,good,151,100,7.0689863279478296,-11.540148976161511,38.58156352270784,-12.377741989607241,3.389249257464132
2,170.0,good,152,100,-0.0645229695743863,-13.65237344325637,38.58156352270784,-12.377741989607241,2.4681246340592335
2,170.0,good,169,100,28.10489386308166,-12.925520592047487,38.58156352270784,-12.377741989607241,13.810171120440845
2,170.0,good,175,100,21.945233676322694,-13.722904984817704,38.58156352270784,-12.377741989607241,3.649934675439876
2,170.0,good,179,100,26.275462160677804,-11.488025966608461,38.58156352270784,-12.377741989607241,8.650904652314537
2,170.0,good,188,100,20.00443489491088,-12.398384573789208,38.58156352270784,-12.377741989607241,7.151970636783991
2,170.0,good,97,101,36.61549194005942,-11.226915623962462,41.17408347336009,-10.153358196224442,2.1363438454045416
2,170.0,good,115,101,33.302755085525206,-9.267858406184068,41.17408347336009,-10.153358196224442,8.229883477210183
2,170.0,good,148,101,14.76871503819115,-8.916272845889978,41.17408347336009,-10.153358196224442,4.4068882797449245
2,170.0,good,151,101,7.0689863279478296,-11.540148976161511,41.17408347336009,-10.153358196224442,3.002516038876629
2,170.0,good,179,101,26.275462160677804,-11.488025966608461,41.17408347336009,-10.153358196224442,3.2759577779159166
2,170.0,good,185,101,23.616096502016333,-10.517910008569169,41.17408347336009,-10.153358196224442,7.690736308813917
2,170.0,good,187,101,21.680040865567353,-9.167936850398888,41.17408347336009,-10.153358196224442,6.698750018438935
2,170.0,good,193,101,28.680499878421912,-9.087460926231774,41.17408347336009,-10.153358196224442,6.075782250695789
2,170.0,good,99,102,35.98808128848208,-14.579217582009056,40.54246074046638,-13.499223073725696,2.002887809155605
2,170.0,good,107,102,32.6744264513833,-12.699299854690645,40.54246074046638,-13.499223073725696,10.183337766177914
2,170.0,good,108,102,29.94859687285947,-14.40614171430618,40.54246074046638,-13.499223073725696,8.30162673792685
2,170.0,good,151,102,7.0689863279478296,-11.540148976161511,40.54246074046638,-13.499223073725696,2.3027802408920053
2,170.0,good,152,102,-0.0645229695743863,-13.65237344325637,40.54246074046638,-13.499223073725696,2.2805625885518452
2,170.0,good,169,102,28.10489386308166,-12.925520592047487,40.54246074046638,-13.499223073725696,11.601426186879612
2,170.0,good,175,102,21.945233676322694,-13.722904984817704,40.54246074046638,-13.499223073725696,7.141921206881734
2,170.0,good,188,102,20.00443489491088,-12.398384573789208,40.54246074046638,-13.499223073725696,6.0142532971759675
2,170.0,good,126,103,3.802089535486912,-29.365622382840613,46.15762906182164,-30.092408718214372,2.130775150034977
2,170.0,good,128,103,21.594956150926983,-30.007390592467296,46.15762906182164,-30.092408718214372,4.889317715010848
2,170.0,good,110,104,31.775408901792204,-19.528353198142405,37.336486755728956,-19.067806637974,19.98238459423932
2,170.0,good,120,104,16.941374885620544,-18.21613887014908,37.336486755728956,-19.067806637974,6.322013365579932
2,170.0,good,122,104,9.170096413922863,-18.86075390101614,37.336486755728956,-19.067806637974,4.009597020824154
2,170.0,good,120,105,16.941374885620544,-18.21613887014908,35.36865750829813,-17.93318828946991,7.227568350596723
2,170.0,good,122,105,9.170096413922863,-18.86075390101614,35.36865750829813,-17.93318828946991,4.457386433765064
2,170.0,good,153,105,-8.338823300374225,-16.04831766630234,35.36865750829813,-17.93318828946991,2.0248522459433462
2,170.0,good,171,105,27.857828349433667,-17.699024120944774,35.36865750829813,-17.93318828946991,19.048004285239234
2,170.0,good,90,106,39.937693972312154,-16.857789138635496,44.488941370862236,-15.789116572062365,2.231311319685645
2,170.0,good,92,106,37.94590411069759,-15.718164541870149,44.488941370862236,-15.789116572062365,21.341866854505046
2,170.0,good,99,106,35.98808128848208,-14.579217582009056,44.488941370862236,-15.789116572062365,2.251600087624802
2,170.0,good,108,106,29.94859687285947,-14.40614171430618,44.488941370862236,-15.789116572062365,2.6253697926952384
2,170.0,good,111,106,32.07461191638558,-16.001605801178286,44.488941370862236,-15.789116572062365,11.625493557770223
2,170.0,good,168,106,24.26585691189951,-15.165587958712948,44.488941370862236,-15.789116572062365,6.394186988074897
2,170.0,good,173,106,25.908924952319012,-16.377984139222797,44.488941370862236,-15.789116572062365,7.150525406600304
2,170.0,good,151,107,7.0689863279478296,-11.540148976161511,32.6744264513833,-12.699299854690645,4.60712700831268
2,170.0,good,152,107,-0.0645229695743863,-13.65237344325637,32.6744264513833,-12.699299854690645,3.1975343386197377
2,170.0,good,169,107,28.10489386308166,-12.925520592047487,32.6744264513833,-12.699299854690645,27.515135988918377
2,170.0,good,175,107,21.945233676322694,-13.722904984817704,32.6744264513833,-12.699299854690645,6.312875907474649
2,170.0,good,188,107,20.00443489491088,-12.398384573789208,32.6744264513833,-12.699299854690645,11.364757814061667
2,170.0,good,152,108,-0.0645229695743863,-13.65237344325637,29.94859687285947,-14.40614171430618,3.648027237526848
2,170.0,good,153,108,-8.338823300374225,-16.04831766630234,29.94859687285947,-14.40614171430618,2.504925971320196
2,170.0,good,168,108,24.26585691189951,-15.165587958712948,29.94859687285947,-14.40614171430618,10.962571894661439
2,170.0,good,175,108,21.945233676322694,-13.722904984817704,29.94859687285947,-14.40614171430618,12.865104897130214
2,170.0,good,126,109,3.802089535486912,-29.365622382840613,31.921803542197935,-27.76647140044548,3.4121052741660134
2,170.0,good,132,109,11.543248926924669,-27.98013345123843,31.921803542197935,-27.76647140044548,6.328906630470464
2,170.0,good,120,110,16.941374885620544,-18.21613887014908,31.775408901792204,-19.528353198142405,3.5097119880751197
2,170.0,good,122,110,9.170096413922863,-18.86075390101614,31.775408901792204,-19.528353198142405,5.493968541647135
2,170.0,good,153,111,-8.338823300374225,-16.04831766630234,32.07461191638558,-16.001605801178286,2.2981073865499293
2,170.0,good,168,111,24.26585691189951,-15.165587958712948,32.07461191638558,-16.001605801178286,9.34198064493731
2,170.0,good,173,111,25.908924952319012,-16.377984139222797,32.07461191638558,-16.001605801178286,21.360919469643644
2,170.0,good,115,112,33.302755085525206,-9.267858406184068,39.221233213412084,-9.022252748762485,23.049409932877523
2,170.0,good,148,112,14.76871503819115,-8.916272845889978,39.221233213412084,-9.022252748762485,4.92063284261597
2,170.0,good,150,112,12.28826334417946,-7.253556547488193,39.221233213412084,-9.022252748762485,2.441520027250347
2,170.0,good,187,112,21.680040865567353,-9.167936850398888,39.221233213412084,-9.022252748762485,7.700118793124718
2,170.0,good,193,112,28.680499878421912,-9.087460926231774,39.221233213412084,-9.022252748762485,13.843025310872223
2,170.0,good,114,113,37.24135401504856,-7.860014311780866,41.783443170436435,-6.797572166083604,2.354617243967134
2,170.0,good,147,113,9.75298024884337,-5.410757066955345,41.783443170436435,-6.797572166083604,3.3062413664502084
2,170.0,good,150,113,12.28826334417946,-7.253556547488193,41.783443170436435,-6.797572166083604,3.7443351153376625
2,170.0,good,182,113,33.86112887278811,-5.849777568056124,41.783443170436435,-6.797572166083604,6.874283705518408
2,170.0,good,186,113,23.429657477068922,-6.00239099609155,41.783443170436435,-6.797572166083604,7.265086625092963
2,170.0,good,191,113,25.381551211410713,-7.279312154204351,41.783443170436435,-6.797572166083604,8.379011817531463
2,170.0,good,192,113,31.24231347667206,-7.608009256075366,41.783443170436435,-6.797572166083604,9.987929417668058
2,170.0,good,148,114,14.76871503819115,-8.916272845889978,37.24135401504856,-7.860014311780866,5.5389536836691695
2,170.0,good,150,114,12.28826334417946,-7.253556547488193,37.24135401504856,-7.860014311780866,4.780702677873597
2,170.0,good,187,114,21.680040865567353,-9.167936850398888,37.24135401504856,-7.860014311780866,3.7658626905026145
2,170.0,good,191,114,25.381551211410713,-7.279312154204351,37.24135401504856,-7.860014311780866,12.222792026762246
2,170.0,good,192,114,31.24231347667206,-7.608009256075366,37.24135401504856,-7.860014311780866,22.817865945750444
2,170.0,good,193,114,28.680499878421912,-9.087460926231774,37.24135401504856,-7.860014311780866,2.020072981483457
2,170.0,good,148,115,14.76871503819115,-8.916272845889978,33.302755085525206,-9.267858406184068,7.173586989782006
2,170.0,good,185,115,23.616096502016333,-10.517910008569169,33.302755085525206,-9.267858406184068,2.2744155502791465
2,170.0,good,187,115,21.680040865567353,-9.167936850398888,33.302755085525206,-9.267858406184068,12.492302299343546
2,170.0,good,193,115,28.680499878421912,-9.087460926231774,33.302755085525206,-9.267858406184068,27.317074238927177
2,170.0,good,17,116,-17.29858974357427,-68.5030908534543,15.968890649050925,-67.4993888574613,3.119892936792657
2,170.0,good,36,116,-24.26498026750103,-66.59542632376157,15.968890649050925,-67.4993888574613,2.31456622493478
2,170.0,good,571,116,-4.965234804664139,-67.81101303676635,15.968890649050925,-67.4993888574613,6.1036161995589895
2,170.0,good,139,117,5.79913104668338,-65.27088706954613,21.33881261618923,-65.09092781930808,8.954306288957108
2,170.0,good,26,118,-28.051197967781967,-72.95968452017976,9.638479280610865,-71.08904681157587,2.5681130366048954
2,170.0,good,143,119,-8.020948175051243,-39.36502923889506,19.16063284703612,-40.80731279674394,4.03248477208099
2,170.0,good,196,119,-21.391268540102825,-42.06977130655968,19.16063284703612,-40.80731279674394,2.2855351858119977
2,170.0,good,122,120,9.170096413922863,-18.86075390101614,16.941374885620544,-18.21613887014908,13.814810022771312
2,170.0,good,480,120,-18.44420590817175,-17.72452387546705,16.941374885620544,-18.21613887014908,2.8354833870016667
2,170.0,good,218,121,-41.48195316881208,-22.658018379931278,2.3657564102776316,-21.594965065312145,2.014319845395844
2,170.0,good,212,122,-27.48450021817348,-18.597516213079192,9.170096413922863,-18.86075390101614,2.6833296165499125
2,170.0,good,480,122,-18.44420590817175,-17.72452387546705,9.170096413922863,-18.86075390101614,4.128163411235672
2,170.0,good,198,123,-18.41369614735342,-35.40654237202637,6.817444965444986,-37.10709654236713,2.5747838709957596
2,170.0,good,207,123,-34.640745877514675,-38.59295070924644,6.817444965444986,-37.10709654236713,2.205737746982318
2,170.0,good,144,124,-0.16573931913291595,-49.486573721366454,18.899849729986904,-48.074107358691606,3.5596353227533317
2,170.0,good,198,125,-18.41369614735342,-35.40654237202637,14.430205677260208,-35.44423535421259,3.1818878702416398
2,170.0,good,16,127,-18.03834867809894,-54.64577231324342,21.401627989599554,-55.840495289460534,2.3894964394846907
2,170.0,good,19,127,-10.853031257966485,-56.35534034842693,21.401627989599554,-55.840495289460534,3.271249689221989
2,170.0,good,126,128,3.802089535486912,-29.365622382840613,21.594956150926983,-30.007390592467296,7.561295583570797
2,170.0,good,140,128,-3.2699521803076417,-31.064427704145906,21.594956150926983,-30.007390592467296,4.804916519327153
2,170.0,good,18,129,-14.467099846667178,-62.70411642173773,13.655867483261492,-63.58398152223164,4.018736285072661
2,170.0,good,134,130,9.465272896723373,-45.08517769332667,29.03866905752901,-43.48419278329422,2.1032872925994477
2,170.0,good,141,130,-10.134004411081317,-44.71577267191841,29.03866905752901,-43.48419278329422,2.4155457079880662
2,170.0,good,16,131,-18.03834867809894,-54.64577231324342,14.202877416708073,-54.37176728282062,3.27333060344016
2,170.0,good,25,131,-26.581634510321116,-52.409978055362416,14.202877416708073,-54.37176728282062,2.2646460600809695
2,170.0,good,135,131,6.842103703600315,-53.31623961968569,14.202877416708073,-54.37176728282062,4.355512699128454
2,170.0,good,145,132,-14.095902731522209,-27.086424737822128,11.543248926924669,-27.98013345123843,4.598415248364593
2,170.0,good,121,133,2.3657564102776316,-21.594965065312145,24.069146870968222,-23.057521287061824,3.6148398520742155
2,170.0,good,146,133,-5.535905511916909,-24.449327323953376,24.069146870968222,-23.057521287061824,3.7235888219408624
2,170.0,good,137,134,-5.1969574458474,-45.8176273542505,9.465272896723373,-45.08517769332667,9.602807048659876
2,170.0,good,141,134,-10.134004411081317,-44.71577267191841,9.465272896723373,-45.08517769332667,6.666543034527293
2,170.0,good,470,134,-15.012300726841474,-43.592276147039165,9.465272896723373,-45.08517769332667,3.730902876965627
2,170.0,good,16,135,-18.03834867809894,-54.64577231324342,6.842103703600315,-53.31623961968569,4.570891741490308
2,170.0,good,25,135,-26.581634510321116,-52.409978055362416,6.842103703600315,-53.31623961968569,3.097479825492105
2,170.0,good,195,136,-26.59794147180885,-33.16231364983946,-10.098747120583091,-33.35165021718767,8.317591003211142
2,170.0,good,206,136,-46.52303126376651,-34.53709458756225,-10.098747120583091,-33.35165021718767,2.710019841481505
2,170.0,good,209,136,-52.423980609417185,-32.863632769958166,-10.098747120583091,-33.35165021718767,2.1332440946669298
2,170.0,good,34,137,-46.43058149510691,-46.73309315294832,-5.1969574458474,-45.8176273542505,2.2251164670283847
2,170.0,good,20,138,-22.682703896058456,-59.58691921704045,-1.08587238684553,-60.25028210851291,5.85026896823869
2,170.0,good,36,139,-24.26498026750103,-66.59542632376157,5.79913104668338,-65.27088706954613,3.6387471165087857
2,170.0,good,200,140,-34.314544712221135,-31.53719448822771,-3.2699521803076417,-31.064427704145906,3.4669773532787005
2,170.0,good,204,140,-41.04422565913065,-29.68061602540745,-3.2699521803076417,-31.064427704145906,2.5590261236510288
2,170.0,good,34,141,-46.43058149510691,-46.73309315294832,-10.134004411081317,-44.71577267191841,2.294122349752733
2,170.0,good,203,141,-52.007181151245696,-45.41579016277093,-10.134004411081317,-44.71577267191841,2.170587069475106
2,170.0,good,143,142,-8.020948175051243,-39.36502923889506,-1.1832960894782731,-38.39322251728154,5.875005532093913
2,170.0,good,202,142,-40.727204318446354,-36.44038311057512,-1.1832960894782731,-38.39322251728154,2.3794817426033186
2,170.0,good,207,142,-34.640745877514675,-38.59295070924644,-1.1832960894782731,-38.39322251728154,3.092676026852147
2,170.0,good,21,143,-26.061687083974547,-40.676790179483746,-8.020948175051243,-39.36502923889506,4.281226065735827
2,170.0,good,207,143,-34.640745877514675,-38.59295070924644,-8.020948175051243,-39.36502923889506,4.355429820990386
2,170.0,good,24,144,-41.063575403153806,-48.45557350070814,-0.16573931913291595,-49.486573721366454,2.254572806616099
2,170.0,good,29,144,-33.96765850216472,-50.1060303679196,-0.16573931913291595,-49.486573721366454,3.044224121625371
2,170.0,good,197,145,-23.29140942185189,-25.895416658720933,-14.095902731522209,-27.086424737822128,2.910066879999006
2,170.0,good,199,145,-47.821678205946256,-27.369877750262557,-14.095902731522209,-27.086424737822128,3.054835727158141
2,170.0,good,217,145,-54.287091062275586,-24.944115977015855,-14.095902731522209,-27.086424737822128,2.1186603039167
2,170.0,good,197,146,-23.29140942185189,-25.895416658720933,-5.535905511916909,-24.449327323953376,2.9530483146395348
2,170.0,good,210,146,-34.02297819579037,-24.232662953847335,-5.535905511916909,-24.449327323953376,3.9430577873739727
2,170.0,good,218,146,-41.48195316881208,-22.658018379931278,-5.535905511916909,-24.449327323953376,2.766728759817539
2,170.0,good,154,147,-2.6140485047512794,-4.41690764096057,9.75298024884337,-5.410757066955345,7.116302719969071
2,170.0,good,401,147,-17.791803577585487,-3.6130114334249614,9.75298024884337,-5.410757066955345,2.372730015976558
2,170.0,good,214,148,-25.040040719451074,-10.2225737582305,14.76871503819115,-8.916272845889978,2.354244236777957
2,170.0,good,481,148,-11.972308380978324,-8.250701406902206,14.76871503819115,-8.916272845889978,4.326736060710601
2,170.0,good,154,149,-2.6140485047512794,-4.41690764096057,6.981904031450829,-3.6587670811341626,11.029992773576328
2,170.0,good,213,149,-34.25087720217803,-2.5139990666983647,6.981904031450829,-3.6587670811341626,2.225189677122344
2,170.0,good,401,149,-17.791803577585487,-3.6130114334249614,6.981904031450829,-3.6587670811341626,4.830153201532445
2,170.0,good,481,150,-11.972308380978324,-8.250701406902206,12.28826334417946,-7.253556547488193,4.975923443768513
2,170.0,good,214,151,-25.040040719451074,-10.2225737582305,7.0689863279478296,-11.540148976161511,3.293915759938574
2,170.0,good,221,152,-41.569687955152745,-15.680378652702643,-0.0645229695743863,-13.65237344325637,2.201716193387409
2,170.0,good,221,153,-41.569687955152745,-15.680378652702643,-8.338823300374225,-16.04831766630234,3.1251801574475992
2,170.0,good,226,153,-34.32746732750828,-16.348588411805903,-8.338823300374225,-16.04831766630234,4.509536792143439
2,170.0,good,213,154,-34.25087720217803,-2.5139990666983647,-2.6140485047512794,-4.41690764096057,2.3605041129521616
2,170.0,good,401,154,-17.791803577585487,-3.6130114334249614,-2.6140485047512794,-4.41690764096057,9.027718865590847
2,170.0,good,2,155,-8.52994193196115,-74.33211848090895,3.5617739153086223,-74.53242689097716,11.96751567381466
2,170.0,good,3,155,-20.55665003422242,-74.76806654781409,3.5617739153086223,-74.53242689097716,5.017472250270099
2,170.0,good,15,155,-35.08596855709189,-75.30322692472096,3.5617739153086223,-74.53242689097716,2.4679566058814912
2,170.0,good,26,155,-28.051197967781967,-72.95968452017976,3.5617739153086223,-74.53242689097716,3.37291530428391
2,170.0,good,119,156,19.16063284703612,-40.80731279674394,59.84831014696237,-39.369625021841756,2.273307164398689
2,170.0,good,174,156,36.816415083629515,-40.09575981254984,59.84831014696237,-39.369625021841756,5.352983708016041
2,170.0,good,96,157,44.539745456268065,-36.48306596391319,56.982903033985544,-37.45785056525249,7.407570371282629
2,170.0,good,125,157,14.430205677260208,-35.44423535421259,56.982903033985544,-37.45785056525249,2.1148174161607436
2,170.0,good,170,157,29.082877736004136,-36.329948188059284,56.982903033985544,-37.45785056525249,4.066154742848403
2,170.0,good,96,158,44.539745456268065,-36.48306596391319,54.170815173602875,-35.450004234621254,5.805116833811568
2,170.0,good,125,158,14.430205677260208,-35.44423535421259,54.170815173602875,-35.450004234621254,2.3606994388246005
2,170.0,good,170,158,29.082877736004136,-36.329948188059284,54.170815173602875,-35.450004234621254,4.744027763810998
2,170.0,good,83,159,38.56311288153375,-32.46951847393345,53.66280555389011,-31.210683051716238,4.197497904556243
2,170.0,good,103,159,46.15762906182164,-30.092408718214372,53.66280555389011,-31.210683051716238,3.2302133837665954
2,170.0,good,128,159,21.594956150926983,-30.007390592467296,53.66280555389011,-31.210683051716238,3.300367341211732
2,170.0,good,119,160,19.16063284703612,-40.80731279674394,62.54673189823261,-41.19237706503181,2.0493046531677424
2,170.0,good,161,160,51.78720245488479,-41.56694532951382,62.54673189823261,-41.19237706503181,13.552764495611072
2,170.0,good,174,160,36.816415083629515,-40.09575981254984,62.54673189823261,-41.19237706503181,4.574979663569961
2,170.0,good,119,161,19.16063284703612,-40.80731279674394,51.78720245488479,-41.56694532951382,3.214416390859356
2,170.0,good,124,162,18.899849729986904,-48.074107358691606,51.97365562032482,-48.71180136335829,3.1480122144822973
2,170.0,good,176,162,36.00586871160902,-49.87548982722476,51.97365562032482,-48.71180136335829,5.453714211865034
2,170.0,good,130,163,29.03866905752901,-43.48419278329422,65.0699322966652,-42.40240899773448,2.7564944037759997
2,170.0,good,161,163,51.78720245488479,-41.56694532951382,65.0699322966652,-42.40240899773448,9.276578498605765
2,170.0,good,134,164,9.465272896723373,-45.08517769332667,44.12751938306349,-46.131020356162054,2.928072149895595
2,170.0,good,135,165,6.842103703600315,-53.31623961968569,45.39133355565051,-52.161254949605166,2.4779823689548692
2,170.0,good,81,166,42.51853753406644,-14.654439351406296,49.039934479288064,-14.445605680079382,21.397812146792223
2,170.0,good,92,166,37.94590411069759,-15.718164541870149,49.039934479288064,-14.445605680079382,2.6215465667072926
2,170.0,good,99,166,35.98808128848208,-14.579217582009056,49.039934479288064,-14.445605680079382,10.99135441521138
2,170.0,good,102,166,40.54246074046638,-13.499223073725696,49.039934479288064,-14.445605680079382,7.101029901276175
2,170.0,good,108,166,29.94859687285947,-14.40614171430618,49.039934479288064,-14.445605680079382,6.901373330382074
2,170.0,good,168,166,24.26585691189951,-15.165587958712948,49.039934479288064,-14.445605680079382,4.830050426929127
2,170.0,good,169,166,28.10489386308166,-12.925520592047487,49.039934479288064,-14.445605680079382,3.0470137560738566
2,170.0,good,175,166,21.945233676322694,-13.722904984817704,49.039934479288064,-14.445605680079382,4.244623331612073
2,170.0,good,124,167,18.899849729986904,-48.074107358691606,58.247636286087314,-45.92186991835979,2.0666859165339178
2,170.0,good,164,167,44.12751938306349,-46.131020356162054,58.247636286087314,-45.92186991835979,10.039315094499528
2,170.0,good,152,168,-0.0645229695743863,-13.65237344325637,24.26585691189951,-15.165587958712948,3.5958070265668653
2,170.0,good,153,168,-8.338823300374225,-16.04831766630234,24.26585691189951,-15.165587958712948,3.2177202394853985
2,170.0,good,151,169,7.0689863279478296,-11.540148976161511,28.10489386308166,-12.925520592047487,4.102876078891851
2,170.0,good,152,169,-0.0645229695743863,-13.65237344325637,28.10489386308166,-12.925520592047487,4.008961196197842
2,170.0,good,175,169,21.945233676322694,-13.722904984817704,28.10489386308166,-12.925520592047487,9.988019657985431
2,170.0,good,188,169,20.00443489491088,-12.398384573789208,28.10489386308166,-12.925520592047487,16.145404834284754
2,170.0,good,123,170,6.817444965444986,-37.10709654236713,29.082877736004136,-36.329948188059284,5.610323612454645
2,170.0,good,125,170,14.430205677260208,-35.44423535421259,29.082877736004136,-36.329948188059284,8.481434413586651
2,170.0,good,120,171,16.941374885620544,-18.21613887014908,27.857828349433667,-17.699024120944774,13.350170265697306
2,170.0,good,122,171,9.170096413922863,-18.86075390101614,27.857828349433667,-17.699024120944774,5.702663875380372
2,170.0,good,153,171,-8.338823300374225,-16.04831766630234,27.857828349433667,-17.699024120944774,2.7367927092407776
2,170.0,good,19,172,-10.853031257966485,-56.35534034842693,27.350964409563204,-56.91001591974188,2.5136038013435997
2,170.0,good,127,172,21.401627989599554,-55.840495289460534,27.350964409563204,-56.91001591974188,3.2133867394701388
2,170.0,good,153,173,-8.338823300374225,-16.04831766630234,25.908924952319012,-16.377984139222797,2.9831875156085297
2,170.0,good,119,174,19.16063284703612,-40.80731279674394,36.816415083629515,-40.09575981254984,7.636441131996413
2,170.0,good,142,174,-1.1832960894782731,-38.39322251728154,36.816415083629515,-40.09575981254984,2.535044887729404
2,170.0,good,152,175,-0.0645229695743863,-13.65237344325637,21.945233676322694,-13.722904984817704,5.700305833364503
2,170.0,good,144,176,-0.16573931913291595,-49.486573721366454,36.00586871160902,-49.87548982722476,2.7397624036018478
2,170.0,good,127,177,21.401627989599554,-55.840495289460534,39.43812563581627,-55.57208942113233,7.430454545621639
2,170.0,good,131,177,14.202877416708073,-54.37176728282062,39.43812563581627,-55.57208942113233,4.704443222113391
2,170.0,good,172,177,27.350964409563204,-56.91001591974188,39.43812563581627,-55.57208942113233,2.2148538591187896
2,170.0,good,138,178,-1.08587238684553,-60.25028210851291,32.70175367119975,-58.904084795178264,3.046211832824502
2,170.0,good,151,179,7.0689863279478296,-11.540148976161511,26.275462160677804,-11.488025966608461,6.84706718107874
2,170.0,good,185,179,23.616096502016333,-10.517910008569169,26.275462160677804,-11.488025966608461,2.9686053394396335
2,170.0,good,188,179,20.00443489491088,-12.398384573789208,26.275462160677804,-11.488025966608461,7.07011610969505
2,170.0,good,147,180,9.75298024884337,-5.410757066955345,37.858549153218554,-4.542848336380901,4.022406911084557
2,170.0,good,149,180,6.981904031450829,-3.6587670811341626,37.858549153218554,-4.542848336380901,3.495525001176357
2,170.0,good,154,180,-2.6140485047512794,-4.41690764096057,37.858549153218554,-4.542848336380901,2.2927230011840694
2,170.0,good,194,180,29.83755501951252,-3.3611612115467215,37.858549153218554,-4.542848336380901,2.4309531801932445
2,170.0,good,147,181,9.75298024884337,-5.410757066955345,39.83791307334055,-5.623635796832401,3.6349679143003835
2,170.0,good,149,181,6.981904031450829,-3.6587670811341626,39.83791307334055,-5.623635796832401,2.226332905697368
2,170.0,good,150,181,12.28826334417946,-7.253556547488193,39.83791307334055,-5.623635796832401,3.2359588276380378
2,170.0,good,154,181,-2.6140485047512794,-4.41690764096057,39.83791307334055,-5.623635796832401,2.122948374310798
2,170.0,good,182,181,33.86112887278811,-5.849777568056124,39.83791307334055,-5.623635796832401,22.88148273487965
2,170.0,good,186,181,23.429657477068922,-6.00239099609155,39.83791307334055,-5.623635796832401,8.374974097806161
2,170.0,good,147,182,9.75298024884337,-5.410757066955345,33.86112887278811,-5.849777568056124,5.020495804986763
2,170.0,good,150,182,12.28826334417946,-7.253556547488193,33.86112887278811,-5.849777568056124,4.029801706248771
2,170.0,good,154,182,-2.6140485047512794,-4.41690764096057,33.86112887278811,-5.849777568056124,2.7040878078137474
2,170.0,good,186,182,23.429657477068922,-6.00239099609155,33.86112887278811,-5.849777568056124,13.991478647642166
2,170.0,good,114,183,37.24135401504856,-7.860014311780866,43.768129242964946,-7.896909172954849,21.383887499609827
2,170.0,good,148,183,14.76871503819115,-8.916272845889978,43.768129242964946,-7.896909172954849,3.840137142483642
2,170.0,good,150,183,12.28826334417946,-7.253556547488193,43.768129242964946,-7.896909172954849,3.394596933899858
2,170.0,good,187,183,21.680040865567353,-9.167936850398888,43.768129242964946,-7.896909172954849,4.958841351480583
2,170.0,good,191,183,25.381551211410713,-7.279312154204351,43.768129242964946,-7.896909172954849,7.248310980655144
2,170.0,good,192,183,31.24231347667206,-7.608009256075366,43.768129242964946,-7.896909172954849,11.510702947671986
2,170.0,good,193,183,28.680499878421912,-9.087460926231774,43.768129242964946,-7.896909172954849,4.9922278420355655
2,170.0,good,80,184,46.73485827220745,-26.99358060413592,52.582498118464,-27.852818517399513,8.21530041350329
2,170.0,good,93,184,44.01969485521144,-28.580588135368135,52.582498118464,-27.852818517399513,11.780887153406207
2,170.0,good,109,184,31.921803542197935,-27.76647140044548,52.582498118464,-27.852818517399513,6.2129652423742
2,170.0,good,132,184,11.543248926924669,-27.98013345123843,52.582498118464,-27.852818517399513,2.2420967427970977
2,170.0,good,151,185,7.0689863279478296,-11.540148976161511,23.616096502016333,-10.517910008569169,6.950091070077483
2,170.0,good,147,186,9.75298024884337,-5.410757066955345,23.429657477068922,-6.00239099609155,10.418888602116509
2,170.0,good,150,186,12.28826334417946,-7.253556547488193,23.429657477068922,-6.00239099609155,2.933692700419625
2,170.0,good,154,186,-2.6140485047512794,-4.41690764096057,23.429657477068922,-6.00239099609155,3.3415465054002307
2,170.0,good,148,187,14.76871503819115,-8.916272845889978,21.680040865567353,-9.167936850398888,20.422438071602738
2,170.0,good,481,187,-11.972308380978324,-8.250701406902206,21.680040865567353,-9.167936850398888,3.065121254343473
2,170.0,good,151,188,7.0689863279478296,-11.540148976161511,20.00443489491088,-12.398384573789208,9.042975110860656
2,170.0,good,152,188,-0.0645229695743863,-13.65237344325637,20.00443489491088,-12.398384573789208,5.022865641878147
2,170.0,good,149,189,6.981904031450829,-3.6587670811341626,25.1835222844042,-2.7940430489381223,7.343698577410398
2,170.0,good,154,189,-2.6140485047512794,-4.41690764096057,25.1835222844042,-2.7940430489381223,3.286965711560246
2,170.0,good,190,189,18.391701211049405,-2.8187553314135907,25.1835222844042,-2.7940430489381223,20.714159027219683
2,170.0,good,401,189,-17.791803577585487,-3.6130114334249614,25.1835222844042,-2.7940430489381223,2.081208679072431
2,170.0,good,559,189,4.352195954779371,-1.9115948978296586,25.1835222844042,-2.7940430489381223,6.144385929778153
2,170.0,good,149,190,6.981904031450829,-3.6587670811341626,18.391701211049405,-2.8187553314135907,9.441819148788856
2,170.0,good,154,190,-2.6140485047512794,-4.41690764096057,18.391701211049405,-2.8187553314135907,2.46710515165204
2,170.0,good,401,190,-17.791803577585487,-3.6130114334249614,18.391701211049405,-2.8187553314135907,2.738351073212596
2,170.0,good,559,190,4.352195954779371,-1.9115948978296586,18.391701211049405,-2.8187553314135907,8.323464705959726
2,170.0,good,150,191,12.28826334417946,-7.253556547488193,25.381551211410713,-7.279312154204351,10.951947757378598
2,170.0,good,481,191,-11.972308380978324,-8.250701406902206,25.381551211410713,-7.279312154204351,2.6046665803280824
2,170.0,good,148,192,14.76871503819115,-8.916272845889978,31.24231347667206,-7.608009256075366,3.992694561594748
2,170.0,good,150,192,12.28826334417946,-7.253556547488193,31.24231347667206,-7.608009256075366,6.9669750929382825
2,170.0,good,191,192,25.381551211410713,-7.279312154204351,31.24231347667206,-7.608009256075366,22.804630059958427
2,170.0,good,481,192,-11.972308380978324,-8.250701406902206,31.24231347667206,-7.608009256075366,2.0625331675595127
2,170.0,good,148,193,14.76871503819115,-8.916272845889978,28.680499878421912,-9.087460926231774,10.215012760762473
2,170.0,good,187,193,21.680040865567353,-9.167936850398888,28.680499878421912,-9.087460926231774,20.208850307871185
2,170.0,good,481,193,-11.972308380978324,-8.250701406902206,28.680499878421912,-9.087460926231774,2.276438099332076
2,170.0,good,149,194,6.981904031450829,-3.6587670811341626,29.83755501951252,-3.3611612115467215,5.410566620555903
2,170.0,good,154,194,-2.6140485047512794,-4.41690764096057,29.83755501951252,-3.3611612115467215,3.240967701358328
2,170.0,good,189,194,25.1835222844042,-2.7940430489381223,29.83755501951252,-3.3611612115467215,17.197352772440833
2,170.0,good,190,194,18.391701211049405,-2.8187553314135907,29.83755501951252,-3.3611612115467215,12.699195808682815
2,170.0,good,559,194,4.352195954779371,-1.9115948978296586,29.83755501951252,-3.3611612115467215,4.020856959836188
2,170.0,good,205,195,-58.09306822378154,-31.38827171632721,-26.59794147180885,-33.16231364983946,2.861846096343026
2,170.0,good,206,195,-46.52303126376651,-34.53709458756225,-26.59794147180885,-33.16231364983946,4.0342939126624975
2,170.0,good,209,195,-52.423980609417185,-32.863632769958166,-26.59794147180885,-33.16231364983946,4.550564871987714
2,170.0,good,208,196,-57.19646744705729,-43.80249165209234,-21.391268540102825,-42.06977130655968,2.783770031806789
2,170.0,good,477,196,-62.18994840531088,-42.473654929251104,-21.391268540102825,-42.06977130655968,2.2633830000527047
2,170.0,good,199,197,-47.821678205946256,-27.369877750262557,-23.29140942185189,-25.895416658720933,3.8426439419955436
2,170.0,good,217,197,-54.287091062275586,-24.944115977015855,-23.29140942185189,-25.895416658720933,3.475255010968239
2,170.0,good,219,197,-60.82703782815106,-24.530040738217046,-23.29140942185189,-25.895416658720933,2.5847849893271246
2,170.0,good,202,198,-40.727204318446354,-36.44038311057512,-18.41369614735342,-35.40654237202637,5.5936421730769625
2,170.0,good,206,198,-46.52303126376651,-34.53709458756225,-18.41369614735342,-35.40654237202637,4.021611909612577
2,170.0,good,486,199,-67.667464268734,-27.356259482753913,-47.821678205946256,-27.369877750262557,6.556874311561389
2,170.0,good,205,200,-58.09306822378154,-31.38827171632721,-34.314544712221135,-31.53719448822771,5.118958131795473
2,170.0,good,209,200,-52.423980609417185,-32.863632769958166,-34.314544712221135,-31.53719448822771,4.155253821849623
2,170.0,good,211,200,-63.7058292486552,-29.650660637439664,-34.314544712221135,-31.53719448822771,2.1775761936518774
2,170.0,good,473,201,-63.9302191892121,-51.218296493582606,-56.41167386116528,-51.717264947622716,17.192612996152405
2,170.0,good,478,203,-65.67294254973243,-46.48281297797819,-52.007181151245696,-45.41579016277093,6.277067123500005
2,170.0,good,211,204,-63.7058292486552,-29.650660637439664,-41.04422565913065,-29.68061602540745,5.4750475453012495
2,170.0,good,217,210,-54.287091062275586,-24.944115977015855,-34.02297819579037,-24.232662953847335,6.376861815909141
2,170.0,good,219,210,-60.82703782815106,-24.530040738217046,-34.02297819579037,-24.232662953847335,4.311927504772905
2,170.0,good,215,212,-55.01468288862378,-17.20541801344534,-27.48450021817348,-18.597516213079192,4.130827537249844
2,170.0,good,224,212,-48.3121948054962,-20.20786414589661,-27.48450021817348,-18.597516213079192,2.3356229980565493
2,170.0,good,227,212,-61.69144834459457,-18.57195050304859,-27.48450021817348,-18.597516213079192,2.9886966312442054
2,170.0,good,222,213,-54.63610497418969,-2.326257022378715,-34.25087720217803,-2.5139990666983647,6.3261270463524655
2,170.0,good,230,213,-41.242847383174954,-1.9329508830475906,-34.25087720217803,-2.5139990666983647,15.669468519521198
2,170.0,good,225,214,-61.36714174234494,-12.305278914852767,-25.040040719451074,-10.2225737582305,2.0931038530392008
2,170.0,good,228,214,-54.732879709878034,-9.630289063921566,-25.040040719451074,-10.2225737582305,3.707136496248205
2,170.0,good,229,214,-34.144272695808326,-9.07803817463255,-25.040040719451074,-10.2225737582305,3.6205291218695272
2,170.0,good,485,214,-67.69573449828512,-10.399517134695351,-25.040040719451074,-10.2225737582305,2.1065521904597855
2,170.0,good,482,215,-67.72179989924594,-16.05409043236346,-55.01468288862378,-17.20541801344534,4.9079793142834225
2,170.0,good,228,216,-54.732879709878034,-9.630289063921566,-41.41068699772809,-8.397683477923952,4.004399215127017
2,170.0,good,219,217,-60.82703782815106,-24.530040738217046,-54.287091062275586,-24.944115977015855,20.03416582009828
2,170.0,good,484,218,-67.73491922342569,-21.814077749267405,-41.48195316881208,-22.658018379931278,4.444018039683471
2,170.0,good,444,220,-67.6346432996955,1.175835749487467,-47.875052220216105,2.1803950530167047,6.565894933652572
2,170.0,good,482,221,-67.72179989924594,-16.05409043236346,-41.569687955152745,-15.680378652702643,4.468847718180936
2,170.0,good,225,223,-61.36714174234494,-12.305278914852767,-48.34206684261605,-12.441527919019483,11.016935295419792
2,170.0,good,484,224,-67.73491922342569,-21.814077749267405,-48.3121948054962,-20.20786414589661,2.0235563732429753
2,170.0,good,215,226,-55.01468288862378,-17.20541801344534,-34.32746732750828,-16.348588411805903,6.2022309510877625
2,170.0,good,221,226,-41.569687955152745,-15.680378652702643,-34.32746732750828,-16.348588411805903,13.393872023731706
2,170.0,good,482,226,-67.72179989924594,-16.05409043236346,-34.32746732750828,-16.348588411805903,3.101679186966015
2,170.0,good,485,228,-67.69573449828512,-10.399517134695351,-54.732879709878034,-9.630289063921566,10.122228276494331
2,170.0,good,216,229,-41.41068699772809,-8.397683477923952,-34.144272695808326,-9.07803817463255,13.086069273355722
2,170.0,good,228,229,-54.732879709878034,-9.630289063921566,-34.144272695808326,-9.07803817463255,6.242283692223854
2,170.0,good,485,229,-67.69573449828512,-10.399517134695351,-34.144272695808326,-9.07803817463255,3.0793384771996237
2,170.0,good,222,230,-54.63610497418969,-2.326257022378715,-41.242847383174954,-1.9329508830475906,10.672876792188953
2,170.0,good,437,231,-61.14229488632805,7.081321659152973,-41.37958518850329,6.32020396462851,6.593529678394454
2,170.0,good,441,231,-67.63890763389477,6.478892933386238,-41.37958518850329,6.32020396462851,4.442460071282618
2,170.0,good,436,232,-61.31567878450626,-5.791320190129971,-48.101227088825325,-5.314665808467678,10.837922497152217
2,170.0,good,483,232,-67.67855330882891,-4.674199680252118,-48.101227088825325,-5.314665808467678,6.676441980320985
2,170.0,good,112,233,39.221233213412084,-9.022252748762485,45.73946653438851,-9.051422627575718,21.406009284891876
2,170.0,good,114,233,37.24135401504856,-7.860014311780866,45.73946653438851,-9.051422627575718,2.5384819061897432
2,170.0,good,115,233,33.302755085525206,-9.267858406184068,45.73946653438851,-9.051422627575718,11.60231084237454
2,170.0,good,148,233,14.76871503819115,-8.916272845889978,45.73946653438851,-9.051422627575718,3.4794855883771714
2,170.0,good,150,233,12.28826334417946,-7.253556547488193,45.73946653438851,-9.051422627575718,2.844312856829451
2,170.0,good,185,233,23.616096502016333,-10.517910008569169,45.73946653438851,-9.051422627575718,3.645821973873641
2,170.0,good,187,233,21.680040865567353,-9.167936850398888,45.73946653438851,-9.051422627575718,5.03486999657254
2,170.0,good,193,233,28.680499878421912,-9.087460926231774,45.73946653438851,-9.051422627575718,7.977016438452658
2,170.0,good,261,234,34.07123403177917,13.143438253962515,40.97126337784149,12.237447703131831,7.439834840835596
2,170.0,good,270,234,35.82709391217881,11.980675137983315,40.97126337784149,12.237447703131831,25.466659425011507
2,170.0,good,283,234,5.734661292265347,12.541476665058688,40.97126337784149,12.237447703131831,2.8541904616360516
2,170.0,good,290,234,7.251477939523954,11.059116405290158,40.97126337784149,12.237447703131831,3.0556728689539296
2,170.0,good,294,234,2.7678375521345346,11.421910668616103,40.97126337784149,12.237447703131831,2.5136632313535467
2,170.0,good,299,234,4.540277797450285,10.200017269819385,40.97126337784149,12.237447703131831,2.240982449686278
2,170.0,good,307,234,8.456600725822343,13.415290470451033,40.97126337784149,12.237447703131831,3.23136061441198
2,170.0,good,311,234,3.6892532735803507,13.74959887600015,40.97126337784149,12.237447703131831,2.6125886695795826
2,170.0,good,321,234,1.0024458665374198,12.627097458355237,40.97126337784149,12.237447703131831,2.3391860084029927
2,170.0,good,327,234,19.472546955045683,12.603226113523041,40.97126337784149,12.237447703131831,5.886771637807529
2,170.0,good,337,234,-0.7570398021624942,13.804606501721226,40.97126337784149,12.237447703131831,2.1827622620204568
2,170.0,good,344,234,22.41249882772052,11.10050971963073,40.97126337784149,12.237447703131831,5.9054737065894765
2,170.0,good,354,234,-1.3385229663514586,10.831700206442463,40.97126337784149,12.237447703131831,2.1345041799339515
2,170.0,good,282,235,10.416581019381018,2.3491338537797555,35.72743592944947,3.930975678428097,3.2894619673147454
2,170.0,good,286,235,7.467061540331771,4.057351276691915,35.72743592944947,3.930975678428097,3.989922601884529
2,170.0,good,328,235,21.952859910366804,3.22221741796883,35.72743592944947,3.930975678428097,10.268995482795248
2,170.0,good,343,235,28.63543635745984,3.66871080726711,35.72743592944947,3.930975678428097,19.992962685760716
2,170.0,good,345,235,19.195026559048536,4.899103378183359,35.72743592944947,3.930975678428097,7.437440519769837
2,170.0,good,347,235,3.8862684091531228,4.506005504333411,35.72743592944947,3.930975678428097,3.3362248518503987
2,170.0,good,357,235,-1.4166655467067417,4.966397499761248,35.72743592944947,3.930975678428097,2.627896014119713
2,170.0,good,375,235,-5.797423730818565,5.019113968528008,35.72743592944947,3.930975678428097,2.2000333631112654
2,170.0,good,509,235,0.41592735141881454,3.7494693776583015,35.72743592944947,3.930975678428097,2.8447614806139168
2,170.0,good,562,235,2.182486452655549,2.31370965937033,35.72743592944947,3.930975678428097,3.0802596014560737
2,170.0,good,563,235,-2.271987698190779,2.6565174726918546,35.72743592944947,3.930975678428097,2.5350752607129023
2,170.0,good,564,235,-4.046806801558988,3.8133733575077806,35.72743592944947,3.930975678428097,2.3575101935995577
2,170.0,good,235,236,35.72743592944947,3.930975678428097,43.64703787765439,3.2545089332951838,13.039186824602966
2,170.0,good,255,236,31.71011082880218,2.55079021554788,43.64703787765439,3.2545089332951838,11.248027179263262
2,170.0,good,282,236,10.416581019381018,2.3491338537797555,43.64703787765439,3.2545089332951838,3.1252391178958443
2,170.0,good,286,236,7.467061540331771,4.057351276691915,43.64703787765439,3.2545089332951838,2.738769544954216
2,170.0,good,328,236,21.952859910366804,3.22221741796883,43.64703787765439,3.2545089332951838,5.814386771255684
2,170.0,good,343,236,28.63543635745984,3.66871080726711,43.64703787765439,3.2545089332951838,9.336409675962097
2,170.0,good,345,236,19.195026559048536,4.899103378183359,43.64703787765439,3.2545089332951838,2.7956000332837547
2,170.0,good,347,236,3.8862684091531228,4.506005504333411,43.64703787765439,3.2545089332951838,2.3587870088166683
2,170.0,good,509,236,0.41592735141881454,3.7494693776583015,43.64703787765439,3.2545089332951838,2.061255600424479
2,170.0,good,562,236,2.182486452655549,2.31370965937033,43.64703787765439,3.2545089332951838,2.2051925597212807
2,170.0,good,240,237,31.33591824205213,6.554721881634617,48.844627536068295,7.693181179487176,5.862880821483135
2,170.0,good,243,237,40.360906496934426,8.864049223991836,48.844627536068295,7.693181179487176,2.862694998930927
2,170.0,good,249,237,46.83065352656161,8.568883358784625,48.844627536068295,7.693181179487176,5.240092857817472
2,170.0,good,253,237,36.296389078061516,7.265790217345932,48.844627536068295,7.693181179487176,11.487821105956769
2,170.0,good,254,237,34.0512844016946,8.757175229670297,48.844627536068295,7.693181179487176,6.455870950153288
2,170.0,good,260,237,42.31563095171037,7.745582449003248,48.844627536068295,7.693181179487176,21.378140260917018
2,170.0,good,277,237,13.586090774780036,8.264122896108141,48.844627536068295,7.693181179487176,2.8514245493617243
2,170.0,good,295,237,10.60607587246594,9.691567147769634,48.844627536068295,7.693181179487176,2.393250608105809
2,170.0,good,297,237,6.06061220279807,8.767510091136435,48.844627536068295,7.693181179487176,2.096322295236257
2,170.0,good,333,237,16.3488041302185,6.5450187075421695,48.844627536068295,7.693181179487176,3.2342263027106215
2,170.0,good,246,238,41.09129383011946,1.030968464914106,47.600601968024996,0.98842947588565,21.429160369485633
2,170.0,good,247,238,39.10418338426587,2.1585971258526975,47.600601968024996,0.98842947588565,2.88104115207668
2,170.0,good,248,238,35.16680498456838,0.6914786039022056,47.600601968024996,0.98842947588565,11.605325644559311
2,170.0,good,282,238,10.416581019381018,2.3491338537797555,47.600601968024996,0.98842947588565,2.6234512955878344
2,170.0,good,314,238,30.796154832128337,-0.4125320612740415,47.600601968024996,0.98842947588565,3.1320968709804857
2,170.0,good,341,238,13.143079265217127,0.4544061956291736,47.600601968024996,0.98842947588565,2.9551013758143334
2,170.0,good,350,238,26.918334096359636,0.3653024277068493,47.600601968024996,0.98842947588565,6.204231402095849
2,170.0,good,149,239,6.981904031450829,-3.6587670811341626,34.50043683073557,-2.5707655272111243,4.14926534657309
2,170.0,good,154,239,-2.6140485047512794,-4.41690764096057,34.50043683073557,-2.5707655272111243,2.631200840600467
2,170.0,good,189,239,25.1835222844042,-2.7940430489381223,34.50043683073557,-2.5707655272111243,15.652632355695829
2,170.0,good,190,239,18.391701211049405,-2.8187553314135907,34.50043683073557,-2.5707655272111243,8.568232071310403
2,170.0,good,194,239,29.83755501951252,-3.3611612115467215,34.50043683073557,-2.5707655272111243,9.765898217268392
2,170.0,good,324,239,15.988937532765252,-1.2854233805241901,34.50043683073557,-2.5707655272111243,4.602020339345021
2,170.0,good,559,239,4.352195954779371,-1.9115948978296586,34.50043683073557,-2.5707655272111243,3.6235133003306537
2,170.0,good,301,240,3.9906201050637966,6.764498170630927,31.33591824205213,6.554721881634617,4.187849252326947
2,170.0,good,333,240,16.3488041302185,6.5450187075421695,31.33591824205213,6.554721881634617,9.354718032941376
2,170.0,good,336,240,2.1911515480154664,8.442157616236043,31.33591824205213,6.554721881634617,2.140246964289723
2,170.0,good,351,240,1.2679205038946513,6.104405325748249,31.33591824205213,6.554721881634617,3.638041265007288
2,170.0,good,353,240,-0.4935534611557767,7.29028208811692,31.33591824205213,6.554721881634617,3.338090776958279
2,170.0,good,357,240,-1.4166655467067417,4.966397499761248,31.33591824205213,6.554721881634617,3.1954951913384635
2,170.0,good,361,240,-2.281092866785944,8.493102162421621,31.33591824205213,6.554721881634617,2.389657263987967
2,170.0,good,366,240,-3.1579500448663236,6.168655252948262,31.33591824205213,6.554721881634617,2.9502754965650593
2,170.0,good,367,240,-6.717062398909013,8.518646762307643,31.33591824205213,6.554721881634617,2.4583412633716537
2,170.0,good,369,240,-7.57720689662205,6.2448410295572865,31.33591824205213,6.554721881634617,2.441249003420732
2,170.0,good,370,240,-9.34374112504031,7.439056681980907,31.33591824205213,6.554721881634617,2.274026532532954
2,170.0,good,375,240,-5.797423730818565,5.019113968528008,31.33591824205213,6.554721881634617,2.629095932558657
2,170.0,good,384,240,-4.957576730209098,7.341137718941655,31.33591824205213,6.554721881634617,2.725354260936773
2,170.0,good,411,240,-11.078589756918785,8.636807993084503,31.33591824205213,6.554721881634617,2.1259834280087015
2,170.0,good,113,241,41.783443170436435,-6.797572166083604,46.35754111208062,-5.721793381902008,2.102823637572495
2,170.0,good,147,241,9.75298024884337,-5.410757066955345,46.35754111208062,-5.721793381902008,2.6890944829779726
2,170.0,good,149,241,6.981904031450829,-3.6587670811341626,46.35754111208062,-5.721793381902008,2.269696163694215
2,170.0,good,150,241,12.28826334417946,-7.253556547488193,46.35754111208062,-5.721793381902008,3.007398894615582
2,170.0,good,180,241,37.858549153218554,-4.542848336380901,46.35754111208062,-5.721793381902008,2.738963127292988
2,170.0,good,181,241,39.83791307334055,-5.623635796832401,46.35754111208062,-5.721793381902008,21.40239490798023
2,170.0,good,182,241,33.86112887278811,-5.849777568056124,46.35754111208062,-5.721793381902008,11.540812322199432
2,170.0,good,186,241,23.429657477068922,-6.00239099609155,46.35754111208062,-5.721793381902008,5.3868547482817
2,170.0,good,191,241,25.381551211410713,-7.279312154204351,46.35754111208062,-5.721793381902008,2.7679147373630433
2,170.0,good,240,242,31.33591824205213,6.554721881634617,39.74514340530768,5.535853239124281,5.598945129161705
2,170.0,good,251,242,33.24405457220525,5.14495173210107,39.74514340530768,5.535853239124281,20.556293984801115
2,170.0,good,286,242,7.467061540331771,4.057351276691915,39.74514340530768,5.535853239124281,3.2676260619448914
2,170.0,good,301,242,3.9906201050637966,6.764498170630927,39.74514340530768,5.535853239124281,2.7899397980298306
2,170.0,good,333,242,16.3488041302185,6.5450187075421695,39.74514340530768,5.535853239124281,5.236790174574142
2,170.0,good,345,242,19.195026559048536,4.899103378183359,39.74514340530768,5.535853239124281,6.258022938279977
2,170.0,good,347,242,3.8862684091531228,4.506005504333411,39.74514340530768,5.535853239124281,2.777257249179622
2,170.0,good,351,242,1.2679205038946513,6.104405325748249,39.74514340530768,5.535853239124281,2.4853493121414556
2,170.0,good,353,242,-0.4935534611557767,7.29028208811692,39.74514340530768,5.535853239124281,2.3141215699230626
2,170.0,good,357,242,-1.4166655467067417,4.966397499761248,39.74514340530768,5.535853239124281,2.2313675793750267
2,170.0,good,366,242,-3.1579500448663236,6.168655252948262,39.74514340530768,5.535853239124281,2.0868958077926285
2,170.0,good,509,242,0.41592735141881454,3.7494693776583015,39.74514340530768,5.535853239124281,2.4002389260293495
2,170.0,good,564,242,-4.046806801558988,3.8133733575077806,39.74514340530768,5.535853239124281,2.0184979955536333
2,170.0,good,254,243,34.0512844016946,8.757175229670297,40.360906496934426,8.864049223991836,21.957106352053156
2,170.0,good,277,243,13.586090774780036,8.264122896108141,40.360906496934426,8.864049223991836,4.3187880562503915
2,170.0,good,295,243,10.60607587246594,9.691567147769634,40.360906496934426,8.864049223991836,3.695584075204251
2,170.0,good,297,243,6.06061220279807,8.767510091136435,40.360906496934426,8.864049223991836,2.976114798311053
2,170.0,good,299,243,4.540277797450285,10.200017269819385,40.360906496934426,8.864049223991836,2.7818955153196847
2,170.0,good,301,243,3.9906201050637966,6.764498170630927,40.360906496934426,8.864049223991836,2.041821361285562
2,170.0,good,326,243,25.322359195716388,9.486329144875302,40.360906496934426,8.864049223991836,9.316325325406098
2,170.0,good,336,243,2.1911515480154664,8.442157616236043,40.360906496934426,8.864049223991836,2.5171785835054488
2,170.0,good,353,243,-0.4935534611557767,7.29028208811692,40.360906496934426,8.864049223991836,2.258420506143271
2,170.0,good,354,243,-1.3385229663514586,10.831700206442463,40.360906496934426,8.864049223991836,2.185201053287537
2,170.0,good,358,243,0.4157834804110623,9.648662350999354,40.360906496934426,8.864049223991836,2.341406004054985
2,170.0,good,361,243,-2.281092866785944,8.493102162421621,40.360906496934426,8.864049223991836,2.1076483400284665
2,170.0,good,240,244,31.33591824205213,6.554721881634617,46.24777654553094,5.46136676451302,6.117886251593185
2,170.0,good,242,244,39.74514340530768,5.535853239124281,46.24777654553094,5.46136676451302,21.44649924176938
2,170.0,good,251,244,33.24405457220525,5.14495173210107,46.24777654553094,5.46136676451302,11.037397461493034
2,170.0,good,263,244,41.710488192997104,4.418233431925141,46.24777654553094,5.46136676451302,2.7688541224983076
2,170.0,good,286,244,7.467061540331771,4.057351276691915,46.24777654553094,5.46136676451302,2.4545200190332257
2,170.0,good,301,244,3.9906201050637966,6.764498170630927,46.24777654553094,5.46136676451302,2.1388058039478004
2,170.0,good,333,244,16.3488041302185,6.5450187075421695,46.24777654553094,5.46136676451302,3.668930461757405
2,170.0,good,345,244,19.195026559048536,4.899103378183359,46.24777654553094,5.46136676451302,4.2542402273394915
2,170.0,good,347,244,3.8862684091531228,4.506005504333411,46.24777654553094,5.46136676451302,2.130289409972358
2,170.0,good,147,245,9.75298024884337,-5.410757066955345,44.383918735012834,-4.589222201902952,2.932181596832761
2,170.0,good,149,245,6.981904031450829,-3.6587670811341626,44.383918735012834,-4.589222201902952,2.5993771723078067
2,170.0,good,180,245,37.858549153218554,-4.542848336380901,44.383918735012834,-4.589222201902952,21.38752547657166
2,170.0,good,181,245,39.83791307334055,-5.623635796832401,44.383918735012834,-4.589222201902952,2.9709853751404043
2,170.0,good,182,245,33.86112887278811,-5.849777568056124,44.383918735012834,-4.589222201902952,2.527332322842691
2,170.0,good,186,245,23.429657477068922,-6.00239099609155,44.383918735012834,-4.589222201902952,3.8789984093586227
2,170.0,good,190,245,18.391701211049405,-2.8187553314135907,44.383918735012834,-4.589222201902952,2.2874016415116687
2,170.0,good,194,245,29.83755501951252,-3.3611612115467215,44.383918735012834,-4.589222201902952,4.417086435590162
2,170.0,good,248,246,35.16680498456838,0.6914786039022056,41.09129383011946,1.030968464914106,22.492352918353596
2,170.0,good,282,246,10.416581019381018,2.3491338537797555,41.09129383011946,1.030968464914106,3.530318686779564
2,170.0,good,341,246,13.143079265217127,0.4544061956291736,41.09129383011946,1.030968464914106,4.055834330875158
2,170.0,good,350,246,26.918334096359636,0.3653024277068493,41.09129383011946,1.030968464914106,9.995470568791303
2,170.0,good,560,246,1.563037838756689,0.041830608949178255,41.09129383011946,1.030968464914106,2.3809859384585903
2,170.0,good,561,246,-0.5087044817754871,1.4371121764213015,41.09129383011946,1.030968464914106,2.193630758946532
2,170.0,good,562,246,2.182486452655549,2.31370965937033,41.09129383011946,1.030968464914106,2.441680058524896
2,170.0,good,563,246,-2.271987698190779,2.6565174726918546,41.09129383011946,1.030968464914106,2.051057545850313
2,170.0,good,255,247,31.71011082880218,2.55079021554788,39.10418338426587,2.1585971258526975,19.13999152924049
2,170.0,good,282,247,10.416581019381018,2.3491338537797555,39.10418338426587,2.1585971258526975,3.902287574087603
2,170.0,good,286,247,7.467061540331771,4.057351276691915,39.10418338426587,2.1585971258526975,2.3777973016471408
2,170.0,good,328,247,21.952859910366804,3.22221741796883,39.10418338426587,2.1585971258526975,6.5486438177018105
2,170.0,good,341,247,13.143079265217127,0.4544061956291736,39.10418338426587,2.1585971258526975,2.663096797927338
2,170.0,good,509,247,0.41592735141881454,3.7494693776583015,39.10418338426587,2.1585971258526975,2.46385113494633
2,170.0,good,560,247,1.563037838756689,0.041830608949178255,39.10418338426587,2.1585971258526975,2.0689126167333276
2,170.0,good,561,247,-0.5087044817754871,1.4371121764213015,39.10418338426587,2.1585971258526975,2.3728696831004936
2,170.0,good,562,247,2.182486452655549,2.31370965937033,39.10418338426587,2.1585971258526975,2.6528670270382264
2,170.0,good,563,247,-2.271987698190779,2.6565174726918546,39.10418338426587,2.1585971258526975,2.2127860921021383
2,170.0,good,564,247,-4.046806801558988,3.8133733575077806,39.10418338426587,2.1585971258526975,2.0674745992827113
2,170.0,good,282,248,10.416581019381018,2.3491338537797555,35.16680498456838,0.6914786039022056,2.7605442120318258
2,170.0,good,341,248,13.143079265217127,0.4544061956291736,35.16680498456838,0.6914786039022056,5.695333855754702
2,170.0,good,350,248,26.918334096359636,0.3653024277068493,35.16680498456838,0.6914786039022056,17.539206601617753
2,170.0,good,560,248,1.563037838756689,0.041830608949178255,35.16680498456838,0.6914786039022056,3.0719552044809544
2,170.0,good,561,248,-0.5087044817754871,1.4371121764213015,35.16680498456838,0.6914786039022056,2.7996007526514544
2,170.0,good,562,248,2.182486452655549,2.31370965937033,35.16680498456838,0.6914786039022056,3.1611333035052
2,170.0,good,563,248,-2.271987698190779,2.6565174726918546,35.16680498456838,0.6914786039022056,2.46063310166596
2,170.0,good,243,249,40.360906496934426,8.864049223991836,46.83065352656161,8.568883358784625,21.532231717636378
2,170.0,good,254,249,34.0512844016946,8.757175229670297,46.83065352656161,8.568883358784625,11.255881641873037
2,170.0,good,260,249,42.31563095171037,7.745582449003248,46.83065352656161,8.568883358784625,8.683604187227346
2,170.0,good,277,249,13.586090774780036,8.264122896108141,46.83065352656161,8.568883358784625,3.123200614209908
2,170.0,good,295,249,10.60607587246594,9.691567147769634,46.83065352656161,8.568883358784625,2.7334869094956025
2,170.0,good,297,249,6.06061220279807,8.767510091136435,46.83065352656161,8.568883358784625,2.265937194144468
2,170.0,good,299,249,4.540277797450285,10.200017269819385,46.83065352656161,8.568883358784625,2.1360891648725686
2,170.0,good,301,249,3.9906201050637966,6.764498170630927,46.83065352656161,8.568883358784625,2.091879840822753
2,170.0,good,326,249,25.322359195716388,9.486329144875302,46.83065352656161,8.568883358784625,5.883193253830143
2,170.0,good,262,250,32.095654420314986,10.096004276856771,37.52743441357465,10.469646920243093,22.57134207349908
2,170.0,good,290,250,7.251477939523954,11.059116405290158,37.52743441357465,10.469646920243093,3.6005693174023605
2,170.0,good,294,250,2.7678375521345346,11.421910668616103,37.52743441357465,10.469646920243093,2.9153491158675138
2,170.0,good,295,250,10.60607587246594,9.691567147769634,37.52743441357465,10.469646920243093,4.2845730966983835
2,170.0,good,297,250,6.06061220279807,8.767510091136435,37.52743441357465,10.469646920243093,3.1104515021298145
2,170.0,good,299,250,4.540277797450285,10.200017269819385,37.52743441357465,10.469646920243093,3.1607159106340905
2,170.0,good,326,250,25.322359195716388,9.486329144875302,37.52743441357465,10.469646920243093,7.252673513030486
2,170.0,good,336,250,2.1911515480154664,8.442157616236043,37.52743441357465,10.469646920243093,2.2034480722091163
2,170.0,good,344,250,22.41249882772052,11.10050971963073,37.52743441357465,10.469646920243093,9.259739407667793
2,170.0,good,354,250,-1.3385229663514586,10.831700206442463,37.52743441357465,10.469646920243093,2.445964098489362
2,170.0,good,358,250,0.4157834804110623,9.648662350999354,37.52743441357465,10.469646920243093,2.6315174546852647
2,170.0,good,361,250,-2.281092866785944,8.493102162421621,37.52743441357465,10.469646920243093,2.3542658351903794
2,170.0,good,363,250,-3.1352794872973044,12.02571527050635,37.52743441357465,10.469646920243093,2.2755480019232914
2,170.0,good,364,250,-4.069387896321083,9.73220076219287,37.52743441357465,10.469646920243093,2.193900821705726
2,170.0,good,377,250,-5.788942850834659,10.875210488253634,37.52743441357465,10.469646920243093,2.054667905970487
2,170.0,good,286,251,7.467061540331771,4.057351276691915,33.24405457220525,5.14495173210107,4.563050016713969
2,170.0,good,301,251,3.9906201050637966,6.764498170630927,33.24405457220525,5.14495173210107,3.3645990701779955
2,170.0,good,333,251,16.3488041302185,6.5450187075421695,33.24405457220525,5.14495173210107,3.165420696261729
2,170.0,good,345,251,19.195026559048536,4.899103378183359,33.24405457220525,5.14495173210107,10.098755217298647
2,170.0,good,347,251,3.8862684091531228,4.506005504333411,33.24405457220525,5.14495173210107,3.7705228615650115
2,170.0,good,351,251,1.2679205038946513,6.104405325748249,33.24405457220525,5.14495173210107,3.314805306324004
2,170.0,good,357,251,-1.4166655467067417,4.966397499761248,33.24405457220525,5.14495173210107,2.9282722984968124
2,170.0,good,366,251,-3.1579500448663236,6.168655252948262,33.24405457220525,5.14495173210107,2.7126228519893747
2,170.0,good,369,251,-7.57720689662205,6.2448410295572865,33.24405457220525,5.14495173210107,2.2613720518338982
2,170.0,good,375,251,-5.797423730818565,5.019113968528008,33.24405457220525,5.14495173210107,2.4284870720833207
2,170.0,good,509,251,0.41592735141881454,3.7494693776583015,33.24405457220525,5.14495173210107,3.1842322297766805
2,170.0,good,564,251,-4.046806801558988,3.8133733575077806,33.24405457220525,5.14495173210107,2.6116107824506383
2,170.0,good,250,252,37.52743441357465,10.469646920243093,42.94031922640772,11.087147544085973,15.268009456995982
2,170.0,good,262,252,32.095654420314986,10.096004276856771,42.94031922640772,11.087147544085973,6.890369119980639
2,170.0,good,270,252,35.82709391217881,11.980675137983315,42.94031922640772,11.087147544085973,7.814597662175658
2,170.0,good,283,252,5.734661292265347,12.541476665058688,42.94031922640772,11.087147544085973,2.621046898692826
2,170.0,good,290,252,7.251477939523954,11.059116405290158,42.94031922640772,11.087147544085973,2.7979671664933132
2,170.0,good,294,252,2.7678375521345346,11.421910668616103,42.94031922640772,11.087147544085973,2.3202337299011018
2,170.0,good,295,252,10.60607587246594,9.691567147769634,42.94031922640772,11.087147544085973,3.2589620111315685
2,170.0,good,299,252,4.540277797450285,10.200017269819385,42.94031922640772,11.087147544085973,2.493282192350043
2,170.0,good,321,252,1.0024458665374198,12.627097458355237,42.94031922640772,11.087147544085973,2.1651828365437815
2,170.0,good,327,252,19.472546955045683,12.603226113523041,42.94031922640772,11.087147544085973,3.481604744707568
2,170.0,good,344,252,22.41249882772052,11.10050971963073,42.94031922640772,11.087147544085973,6.267167556732471
2,170.0,good,358,252,0.4157834804110623,9.648662350999354,42.94031922640772,11.087147544085973,2.117085789596979
2,170.0,good,240,253,31.33591824205213,6.554721881634617,36.296389078061516,7.265790217345932,12.34482459554295
2,170.0,good,277,253,13.586090774780036,8.264122896108141,36.296389078061516,7.265790217345932,5.458758642828697
2,170.0,good,297,253,6.06061220279807,8.767510091136435,36.296389078061516,7.265790217345932,3.6077639921689295
2,170.0,good,301,253,3.9906201050637966,6.764498170630927,36.296389078061516,7.265790217345932,3.2633504506780437
2,170.0,good,333,253,16.3488041302185,6.5450187075421695,36.296389078061516,7.265790217345932,6.512373358945123
2,170.0,good,336,253,2.1911515480154664,8.442157616236043,36.296389078061516,7.265790217345932,3.0024969252081686
2,170.0,good,351,253,1.2679205038946513,6.104405325748249,36.296389078061516,7.265790217345932,2.8806370913487105
2,170.0,good,353,253,-0.4935534611557767,7.29028208811692,36.296389078061516,7.265790217345932,2.6678283189472443
2,170.0,good,361,253,-2.281092866785944,8.493102162421621,36.296389078061516,7.265790217345932,2.4751008762522475
2,170.0,good,366,253,-3.1579500448663236,6.168655252948262,36.296389078061516,7.265790217345932,2.388108733054887
2,170.0,good,367,253,-6.717062398909013,8.518646762307643,36.296389078061516,7.265790217345932,2.0782162752008055
2,170.0,good,369,253,-7.57720689662205,6.2448410295572865,36.296389078061516,7.265790217345932,2.012384539170525
2,170.0,good,384,253,-4.957576730209098,7.341137718941655,36.296389078061516,7.265790217345932,2.2233506016852416
2,170.0,good,277,254,13.586090774780036,8.264122896108141,34.0512844016946,8.757175229670297,6.292960656690555
2,170.0,good,295,254,10.60607587246594,9.691567147769634,34.0512844016946,8.757175229670297,5.221497636669077
2,170.0,good,297,254,6.06061220279807,8.767510091136435,34.0512844016946,8.757175229670297,4.04677395393057
2,170.0,good,299,254,4.540277797450285,10.200017269819385,34.0512844016946,8.757175229670297,3.74133600715284
2,170.0,good,326,254,25.322359195716388,9.486329144875302,34.0512844016946,8.757175229670297,11.728011266644902
2,170.0,good,336,254,2.1911515480154664,8.442157616236043,34.0512844016946,8.757175229670297,3.3332024876599484
2,170.0,good,353,254,-0.4935534611557767,7.29028208811692,34.0512844016946,8.757175229670297,2.943527767009658
2,170.0,good,354,254,-1.3385229663514586,10.831700206442463,34.0512844016946,8.757175229670297,2.047555028272214
2,170.0,good,358,254,0.4157834804110623,9.648662350999354,34.0512844016946,8.757175229670297,3.067488690430102
2,170.0,good,361,254,-2.281092866785944,8.493102162421621,34.0512844016946,8.757175229670297,2.7207819262738004
2,170.0,good,364,254,-4.069387896321083,9.73220076219287,34.0512844016946,8.757175229670297,2.5223162011492097
2,170.0,good,367,254,-6.717062398909013,8.518646762307643,34.0512844016946,8.757175229670297,2.2660884595441124
2,170.0,good,370,254,-9.34374112504031,7.439056681980907,34.0512844016946,8.757175229670297,2.0486195129855904
2,170.0,good,377,254,-5.788942850834659,10.875210488253634,34.0512844016946,8.757175229670297,2.1630729603934684
2,170.0,good,378,254,-8.482858904011735,9.758122566899278,34.0512844016946,8.757175229670297,2.1163115057906863
2,170.0,good,384,254,-4.957576730209098,7.341137718941655,34.0512844016946,8.757175229670297,2.4317206398606617
2,170.0,good,282,255,10.416581019381018,2.3491338537797555,31.71011082880218,2.55079021554788,5.964221941587957
2,170.0,good,286,255,7.467061540331771,4.057351276691915,31.71011082880218,2.55079021554788,3.627769073598977
2,170.0,good,328,255,21.952859910366804,3.22221741796883,31.71011082880218,2.55079021554788,12.579937686301903
2,170.0,good,479,255,-11.16370451579866,0.8158360961985249,31.71011082880218,2.55079021554788,2.0892076240328117
2,170.0,good,509,255,0.41592735141881454,3.7494693776583015,31.71011082880218,2.55079021554788,3.425193693984313
2,170.0,good,561,255,-0.5087044817754871,1.4371121764213015,31.71011082880218,2.55079021554788,3.276806654362691
2,170.0,good,562,255,2.182486452655549,2.31370965937033,31.71011082880218,2.55079021554788,3.7381908852093444
2,170.0,good,563,255,-2.271987698190779,2.6565174726918546,31.71011082880218,2.55079021554788,3.019332958913214
2,170.0,good,564,255,-4.046806801558988,3.8133733575077806,31.71011082880218,2.55079021554788,2.7896478263474696
2,170.0,good,149,256,6.981904031450829,-3.6587670811341626,46.98718040567191,-2.3326866917945264,2.335776249358312
2,170.0,good,189,256,25.1835222844042,-2.7940430489381223,46.98718040567191,-2.3326866917945264,5.774425058852303
2,170.0,good,190,256,18.391701211049405,-2.8187553314135907,46.98718040567191,-2.3326866917945264,3.920938470151187
2,170.0,good,194,256,29.83755501951252,-3.3611612115467215,46.98718040567191,-2.3326866917945264,6.860209178857142
2,170.0,good,239,256,34.50043683073557,-2.5707655272111243,46.98718040567191,-2.3326866917945264,11.550738902222403
2,170.0,good,258,256,38.47156832458982,-1.170006107044114,46.98718040567191,-2.3326866917945264,3.0153061004707946
2,170.0,good,259,256,40.4446308090651,-2.3313951477141694,46.98718040567191,-2.3326866917945264,21.343125161643954
2,170.0,good,324,256,15.988937532765252,-1.2854233805241901,46.98718040567191,-2.3326866917945264,3.474820813921324
2,170.0,good,559,256,4.352195954779371,-1.9115948978296586,46.98718040567191,-2.3326866917945264,2.1082101699506217
2,170.0,good,240,257,31.33591824205213,6.554721881634617,44.28600353103583,6.596540148563873,11.089048789951352
2,170.0,good,242,257,39.74514340530768,5.535853239124281,44.28600353103583,6.596540148563873,2.3907913427655103
2,170.0,good,253,257,36.296389078061516,7.265790217345932,44.28600353103583,6.596540148563873,13.185927742844184
2,170.0,good,277,257,13.586090774780036,8.264122896108141,44.28600353103583,6.596540148563873,3.215456252840475
2,170.0,good,301,257,3.9906201050637966,6.764498170630927,44.28600353103583,6.596540148563873,2.3089081424997926
2,170.0,good,333,257,16.3488041302185,6.5450187075421695,44.28600353103583,6.596540148563873,4.05818991680199
2,170.0,good,336,257,2.1911515480154664,8.442157616236043,44.28600353103583,6.596540148563873,2.152153705552332
2,170.0,good,345,257,19.195026559048536,4.899103378183359,44.28600353103583,6.596540148563873,2.571313280802963
2,170.0,good,347,257,3.8862684091531228,4.506005504333411,44.28600353103583,6.596540148563873,2.220306089400646
2,170.0,good,351,257,1.2679205038946513,6.104405325748249,44.28600353103583,6.596540148563873,2.0778531937022455
2,170.0,good,314,258,30.796154832128337,-0.4125320612740415,38.47156832458982,-1.170006107044114,11.170629368007589
2,170.0,good,324,258,15.988937532765252,-1.2854233805241901,38.47156832458982,-1.170006107044114,5.535546589668616
2,170.0,good,341,258,13.143079265217127,0.4544061956291736,38.47156832458982,-1.170006107044114,3.042292171902406
2,170.0,good,559,258,4.352195954779371,-1.9115948978296586,38.47156832458982,-1.170006107044114,3.0005733704394553
2,170.0,good,560,258,1.563037838756689,0.041830608949178255,38.47156832458982,-1.170006107044114,2.654356467507802
2,170.0,good,149,259,6.981904031450829,-3.6587670811341626,40.4446308090651,-2.3313951477141694,3.0919250832445644
2,170.0,good,154,259,-2.6140485047512794,-4.41690764096057,40.4446308090651,-2.3313951477141694,2.074674793679625
2,170.0,good,189,259,25.1835222844042,-2.7940430489381223,40.4446308090651,-2.3313951477141694,9.15288683216732
2,170.0,good,190,259,18.391701211049405,-2.8187553314135907,40.4446308090651,-2.3313951477141694,5.684960384746167
2,170.0,good,194,259,29.83755501951252,-3.3611612115467215,40.4446308090651,-2.3313951477141694,6.17457558743569
2,170.0,good,239,259,34.50043683073557,-2.5707655272111243,40.4446308090651,-2.3313951477141694,22.975118666955485
2,170.0,good,324,259,15.988937532765252,-1.2854233805241901,40.4446308090651,-2.3313951477141694,4.919726009213017
2,170.0,good,559,259,4.352195954779371,-1.9115948978296586,40.4446308090651,-2.3313951477141694,2.7491826909626806
2,170.0,good,240,260,31.33591824205213,6.554721881634617,42.31563095171037,7.745582449003248,3.7301820554032425
2,170.0,good,253,260,36.296389078061516,7.265790217345932,42.31563095171037,7.745582449003248,19.001530114677333
2,170.0,good,254,260,34.0512844016946,8.757175229670297,42.31563095171037,7.745582449003248,5.682159634200887
2,170.0,good,277,260,13.586090774780036,8.264122896108141,42.31563095171037,7.745582449003248,3.893841060287917
2,170.0,good,295,260,10.60607587246594,9.691567147769634,42.31563095171037,7.745582449003248,2.1873498497675397
2,170.0,good,297,260,6.06061220279807,8.767510091136435,42.31563095171037,7.745582449003248,2.7298901991069155
2,170.0,good,301,260,3.9906201050637966,6.764498170630927,42.31563095171037,7.745582449003248,2.5010304634029987
2,170.0,good,333,260,16.3488041302185,6.5450187075421695,42.31563095171037,7.745582449003248,4.51500935340006
2,170.0,good,336,260,2.1911515480154664,8.442157616236043,42.31563095171037,7.745582449003248,2.324679853595755
2,170.0,good,351,260,1.2679205038946513,6.104405325748249,42.31563095171037,7.745582449003248,2.2413535406932352
2,170.0,good,353,260,-0.4935534611557767,7.29028208811692,42.31563095171037,7.745582449003248,2.0943245393580496
2,170.0,good,358,260,0.4157834804110623,9.648662350999354,42.31563095171037,7.745582449003248,2.1683567635239243
2,170.0,good,280,261,13.298879308204388,14.793751915438405,34.07123403177917,13.143438253962515,2.0268750339922734
2,170.0,good,283,261,5.734661292265347,12.541476665058688,34.07123403177917,13.143438253962515,3.974077503801312
2,170.0,good,294,261,2.7678375521345346,11.421910668616103,34.07123403177917,13.143438253962515,3.0430369763455096
2,170.0,good,296,261,6.354648255382562,14.89755668357463,34.07123403177917,13.143438253962515,2.6237390461596335
2,170.0,good,307,261,8.456600725822343,13.415290470451033,34.07123403177917,13.143438253962515,4.60474884579186
2,170.0,good,309,261,16.640528461603314,14.142410692882923,34.07123403177917,13.143438253962515,7.073400741329422
2,170.0,good,311,261,3.6892532735803507,13.74959887600015,34.07123403177917,13.143438253962515,3.5816872996680322
2,170.0,good,312,261,1.9203511154661799,14.95724372505663,34.07123403177917,13.143438253962515,2.7491397640059856
2,170.0,good,321,261,1.0024458665374198,12.627097458355237,34.07123403177917,13.143438253962515,3.1487457749427685
2,170.0,good,327,261,19.472546955045683,12.603226113523041,34.07123403177917,13.143438253962515,9.652483020763977
2,170.0,good,337,261,-0.7570398021624942,13.804606501721226,34.07123403177917,13.143438253962515,2.9064233211699193
2,170.0,good,356,261,-2.5432036048796753,15.011259023997404,34.07123403177917,13.143438253962515,2.6518167815241256
2,170.0,good,363,261,-3.1352794872973044,12.02571527050635,34.07123403177917,13.143438253962515,2.6209518902819613
2,170.0,good,368,261,-8.629406776044625,11.854421273590084,34.07123403177917,13.143438253962515,2.1029604737574616
2,170.0,good,372,261,-4.9040903015256205,13.259018312113161,34.07123403177917,13.143438253962515,2.4350521154008162
2,170.0,good,374,261,-6.9611091780650725,14.076359189380305,34.07123403177917,13.143438253962515,2.2427036099630127
2,170.0,good,290,262,7.251477939523954,11.059116405290158,32.095654420314986,10.096004276856771,4.810635951124461
2,170.0,good,294,262,2.7678375521345346,11.421910668616103,32.095654420314986,10.096004276856771,3.7762716152757245
2,170.0,good,295,262,10.60607587246594,9.691567147769634,32.095654420314986,10.096004276856771,5.890188665948834
2,170.0,good,297,262,6.06061220279807,8.767510091136435,32.095654420314986,10.096004276856771,4.459231289557466
2,170.0,good,299,262,4.540277797450285,10.200017269819385,32.095654420314986,10.096004276856771,4.141128039747944
2,170.0,good,326,262,25.322359195716388,9.486329144875302,32.095654420314986,10.096004276856771,15.033737607336622
2,170.0,good,336,262,2.1911515480154664,8.442157616236043,32.095654420314986,10.096004276856771,3.2500334109562066
2,170.0,good,344,262,22.41249882772052,11.10050971963073,32.095654420314986,10.096004276856771,6.343905725057532
2,170.0,good,354,262,-1.3385229663514586,10.831700206442463,32.095654420314986,10.096004276856771,3.0959910789275242
2,170.0,good,358,262,0.4157834804110623,9.648662350999354,32.095654420314986,10.096004276856771,3.3620964720880817
2,170.0,good,361,262,-2.281092866785944,8.493102162421621,32.095654420314986,10.096004276856771,2.965869032276796
2,170.0,good,363,262,-3.1352794872973044,12.02571527050635,32.095654420314986,10.096004276856771,2.506509036187314
2,170.0,good,364,262,-4.069387896321083,9.73220076219287,32.095654420314986,10.096004276856771,2.7405417714933535
2,170.0,good,367,262,-6.717062398909013,8.518646762307643,32.095654420314986,10.096004276856771,2.4513026875780235
2,170.0,good,368,262,-8.629406776044625,11.854421273590084,32.095654420314986,10.096004276856771,2.2699575868531356
2,170.0,good,377,262,-5.788942850834659,10.875210488253634,32.095654420314986,10.096004276856771,2.547247963023037
2,170.0,good,378,262,-8.482858904011735,9.758122566899278,32.095654420314986,10.096004276856771,2.2831307451160154
2,170.0,good,411,262,-11.078589756918785,8.636807993084503,32.095654420314986,10.096004276856771,2.0656667118415175
2,170.0,good,235,263,35.72743592944947,3.930975678428097,41.710488192997104,4.418233431925141,18.82869063409151
2,170.0,good,251,263,33.24405457220525,5.14495173210107,41.710488192997104,4.418233431925141,11.816678931204118
2,170.0,good,286,263,7.467061540331771,4.057351276691915,41.710488192997104,4.418233431925141,2.98377032638356
2,170.0,good,328,263,21.952859910366804,3.22221741796883,41.710488192997104,4.418233431925141,5.453200821354469
2,170.0,good,343,263,28.63543635745984,3.66871080726711,41.710488192997104,4.418233431925141,10.29183313056037
2,170.0,good,345,263,19.195026559048536,4.899103378183359,41.710488192997104,4.418233431925141,5.524373756971115
2,170.0,good,347,263,3.8862684091531228,4.506005504333411,41.710488192997104,4.418233431925141,2.553683761256478
2,170.0,good,351,263,1.2679205038946513,6.104405325748249,41.710488192997104,4.418233431925141,2.2954536668838252
2,170.0,good,357,263,-1.4166655467067417,4.966397499761248,41.710488192997104,4.418233431925141,2.0693302342594895
2,170.0,good,509,263,0.41592735141881454,3.7494693776583015,41.710488192997104,4.418233431925141,2.2198328300111076
2,170.0,good,562,263,2.182486452655549,2.31370965937033,41.710488192997104,4.418233431925141,2.185722946491243
2,170.0,good,563,263,-2.271987698190779,2.6565174726918546,41.710488192997104,4.418233431925141,2.0042749705795924
2,170.0,good,247,264,39.10418338426587,2.1585971258526975,45.63923984434616,2.1329064620849483,21.362473530717523
2,170.0,good,255,264,31.71011082880218,2.55079021554788,45.63923984434616,2.1329064620849483,10.200210152275906
2,170.0,good,282,264,10.416581019381018,2.3491338537797555,45.63923984434616,2.1329064620849483,2.855950767537093
2,170.0,good,286,264,7.467061540331771,4.057351276691915,45.63923984434616,2.1329064620849483,2.5074313760725317
2,170.0,good,328,264,21.952859910366804,3.22221741796883,45.63923984434616,2.1329064620849483,5.147000576081783
2,170.0,good,341,264,13.143079265217127,0.4544061956291736,45.63923984434616,2.1329064620849483,3.158159154606303
2,170.0,good,562,264,2.182486452655549,2.31370965937033,45.63923984434616,2.1329064620849483,2.0438910590811035
2,170.0,good,235,265,35.72743592944947,3.930975678428097,48.23637548155752,4.307845636672452,11.527969857170689
2,170.0,good,236,265,43.64703787765439,3.2545089332951838,48.23637548155752,4.307845636672452,2.585156778885917
2,170.0,good,251,265,33.24405457220525,5.14495173210107,48.23637548155752,4.307845636672452,8.854511258461951
2,170.0,good,263,265,41.710488192997104,4.418233431925141,48.23637548155752,4.307845636672452,21.386185482776085
2,170.0,good,282,265,10.416581019381018,2.3491338537797555,48.23637548155752,4.307845636672452,2.4709657526839077
2,170.0,good,286,265,7.467061540331771,4.057351276691915,48.23637548155752,4.307845636672452,2.2660021237180974
2,170.0,good,328,265,21.952859910366804,3.22221741796883,48.23637548155752,4.307845636672452,4.4365377585237304
2,170.0,good,343,265,28.63543635745984,3.66871080726711,48.23637548155752,4.307845636672452,6.665794527271688
2,170.0,good,345,265,19.195026559048536,4.899103378183359,48.23637548155752,4.307845636672452,3.831892110646439
2,170.0,good,248,266,35.16680498456838,0.6914786039022056,43.03946346004474,-0.09685957012313295,10.451997239973885
2,170.0,good,258,266,38.47156832458982,-1.170006107044114,43.03946346004474,-0.09685957012313295,2.1517959282595287
2,170.0,good,314,266,30.796154832128337,-0.4125320612740415,43.03946346004474,-0.09685957012313295,11.804949306479996
2,170.0,good,324,266,15.988937532765252,-1.2854233805241901,43.03946346004474,-0.09685957012313295,4.254750987490604
2,170.0,good,341,266,13.143079265217127,0.4544061956291736,43.03946346004474,-0.09685957012313295,3.669406510361299
2,170.0,good,350,266,26.918334096359636,0.3653024277068493,43.03946346004474,-0.09685957012313295,8.560103228130602
2,170.0,good,559,266,4.352195954779371,-1.9115948978296586,43.03946346004474,-0.09685957012313295,2.463951186136485
2,170.0,good,560,266,1.563037838756689,0.041830608949178255,43.03946346004474,-0.09685957012313295,2.20417532245484
2,170.0,good,561,266,-0.5087044817754871,1.4371121764213015,43.03946346004474,-0.09685957012313295,2.036918574080027
2,170.0,good,271,267,37.14826017714245,14.836304968815142,39.9107927639616,15.180331158190082,28.00722604401927
2,170.0,good,274,267,9.130324804580368,15.716740576918292,39.9107927639616,15.180331158190082,3.5120322228665923
2,170.0,good,280,267,13.298879308204388,14.793751915438405,39.9107927639616,15.180331158190082,4.35730587593538
2,170.0,good,289,267,4.5949295265905175,16.082204416284604,39.9107927639616,15.180331158190082,2.844214768224359
2,170.0,good,296,267,6.354648255382562,14.89755668357463,39.9107927639616,15.180331158190082,3.078676395552332
2,170.0,good,307,267,8.456600725822343,13.415290470451033,39.9107927639616,15.180331158190082,2.893163383073649
2,170.0,good,309,267,16.640528461603314,14.142410692882923,39.9107927639616,15.180331158190082,5.276554157995353
2,170.0,good,311,267,3.6892532735803507,13.74959887600015,39.9107927639616,15.180331158190082,2.7338462680878273
2,170.0,good,312,267,1.9203511154661799,14.95724372505663,39.9107927639616,15.180331158190082,2.5360242881932464
2,170.0,good,315,267,28.65620600592107,15.833388838314207,39.9107927639616,15.180331158190082,12.174860211422192
2,170.0,good,325,267,0.14609190469047517,16.14291747054356,39.9107927639616,15.180331158190082,2.3584143371429533
2,170.0,good,337,267,-0.7570398021624942,13.804606501721226,39.9107927639616,15.180331158190082,2.275088255392001
2,170.0,good,356,267,-2.5432036048796753,15.011259023997404,39.9107927639616,15.180331158190082,2.1227836710574013
2,170.0,good,359,267,-2.4075796317675833,17.24654670001786,39.9107927639616,15.180331158190082,2.133803643651168
2,170.0,good,243,268,40.360906496934426,8.864049223991836,44.86176367944074,9.860757103958422,3.826875076242659
2,170.0,good,250,268,37.52743441357465,10.469646920243093,44.86176367944074,9.860757103958422,14.824122691238587
2,170.0,good,254,268,34.0512844016946,8.757175229670297,44.86176367944074,9.860757103958422,5.017615792302133
2,170.0,good,262,268,32.095654420314986,10.096004276856771,44.86176367944074,9.860757103958422,11.26899718503405
2,170.0,good,277,268,13.586090774780036,8.264122896108141,44.86176367944074,9.860757103958422,3.38912603052528
2,170.0,good,290,268,7.251477939523954,11.059116405290158,44.86176367944074,9.860757103958422,2.576684981003324
2,170.0,good,294,268,2.7678375521345346,11.421910668616103,44.86176367944074,9.860757103958422,2.152230205891664
2,170.0,good,295,268,10.60607587246594,9.691567147769634,44.86176367944074,9.860757103958422,2.982117232632361
2,170.0,good,297,268,6.06061220279807,8.767510091136435,44.86176367944074,9.860757103958422,2.452464689450267
2,170.0,good,299,268,4.540277797450285,10.200017269819385,44.86176367944074,9.860757103958422,2.3065134380822485
2,170.0,good,326,268,25.322359195716388,9.486329144875302,44.86176367944074,9.860757103958422,6.693594985949451
2,170.0,good,336,268,2.1911515480154664,8.442157616236043,44.86176367944074,9.860757103958422,2.105359045497615
2,170.0,good,344,268,22.41249882772052,11.10050971963073,44.86176367944074,9.860757103958422,5.123189304120632
2,170.0,good,147,269,9.75298024884337,-5.410757066955345,42.42899612040145,-3.4230960875855603,2.117964274904074
2,170.0,good,149,269,6.981904031450829,-3.6587670811341626,42.42899612040145,-3.4230960875855603,2.82781309544925
2,170.0,good,189,269,25.1835222844042,-2.7940430489381223,42.42899612040145,-3.4230960875855603,7.86817791143775
2,170.0,good,190,269,18.391701211049405,-2.8187553314135907,42.42899612040145,-3.4230960875855603,5.041419384301742
2,170.0,good,194,269,29.83755501951252,-3.3611612115467215,42.42899612040145,-3.4230960875855603,11.443925749488482
2,170.0,good,239,269,34.50043683073557,-2.5707655272111243,42.42899612040145,-3.4230960875855603,8.99126519478754
2,170.0,good,559,269,4.352195954779371,-1.9115948978296586,42.42899612040145,-3.4230960875855603,2.526921743974133
2,170.0,good,283,270,5.734661292265347,12.541476665058688,35.82709391217881,11.980675137983315,3.6336081082664027
2,170.0,good,290,270,7.251477939523954,11.059116405290158,35.82709391217881,11.980675137983315,3.9249774217362954
2,170.0,good,294,270,2.7678375521345346,11.421910668616103,35.82709391217881,11.980675137983315,3.1501399724193404
2,170.0,good,299,270,4.540277797450285,10.200017269819385,35.82709391217881,11.980675137983315,2.825811088810282
2,170.0,good,307,270,8.456600725822343,13.415290470451033,35.82709391217881,11.980675137983315,4.046261035116786
2,170.0,good,311,270,3.6892532735803507,13.74959887600015,35.82709391217881,11.980675137983315,2.905645884740095
2,170.0,good,321,270,1.0024458665374198,12.627097458355237,35.82709391217881,11.980675137983315,2.9068935313036914
2,170.0,good,327,270,19.472546955045683,12.603226113523041,35.82709391217881,11.980675137983315,8.40914404963411
2,170.0,good,337,270,-0.7570398021624942,13.804606501721226,35.82709391217881,11.980675137983315,2.6914533366279767
2,170.0,good,344,270,22.41249882772052,11.10050971963073,35.82709391217881,11.980675137983315,8.71052542061565
2,170.0,good,354,270,-1.3385229663514586,10.831700206442463,35.82709391217881,11.980675137983315,2.62549904157982
2,170.0,good,363,270,-3.1352794872973044,12.02571527050635,35.82709391217881,11.980675137983315,2.4363404667372683
2,170.0,good,372,270,-4.9040903015256205,13.259018312113161,35.82709391217881,11.980675137983315,2.269409673331301
2,170.0,good,374,270,-6.9611091780650725,14.076359189380305,35.82709391217881,11.980675137983315,2.0959897004678547
2,170.0,good,377,270,-5.788942850834659,10.875210488253634,35.82709391217881,11.980675137983315,2.1922677339700365
2,170.0,good,274,271,9.130324804580368,15.716740576918292,37.14826017714245,14.836304968815142,4.040972042743218
2,170.0,good,280,271,13.298879308204388,14.793751915438405,37.14826017714245,14.836304968815142,5.097549397130201
2,170.0,good,289,271,4.5949295265905175,16.082204416284604,37.14826017714245,14.836304968815142,3.2254906402052397
2,170.0,good,296,271,6.354648255382562,14.89755668357463,37.14826017714245,14.836304968815142,3.5097693890361525
2,170.0,good,307,271,8.456600725822343,13.415290470451033,37.14826017714245,14.836304968815142,3.9014692536451587
2,170.0,good,309,271,16.640528461603314,14.142410692882923,37.14826017714245,14.836304968815142,6.27542386338891
2,170.0,good,311,271,3.6892532735803507,13.74959887600015,37.14826017714245,14.836304968815142,3.092454412603264
2,170.0,good,312,271,1.9203511154661799,14.95724372505663,37.14826017714245,14.836304968815142,2.8552877456300467
2,170.0,good,315,271,28.65620600592107,15.833388838314207,37.14826017714245,14.836304968815142,6.0664518749086325
2,170.0,good,325,271,0.14609190469047517,16.14291747054356,37.14826017714245,14.836304968815142,2.6437909768193135
2,170.0,good,337,271,-0.7570398021624942,13.804606501721226,37.14826017714245,14.836304968815142,2.545046806313364
2,170.0,good,356,271,-2.5432036048796753,15.011259023997404,37.14826017714245,14.836304968815142,2.365371292837839
2,170.0,good,362,271,-5.086098521074505,16.1875606201821,37.14826017714245,14.836304968815142,2.14067317957266
2,170.0,good,372,271,-4.9040903015256205,13.259018312113161,37.14826017714245,14.836304968815142,2.155669670247237
2,170.0,good,189,272,25.1835222844042,-2.7940430489381223,45.01995899463075,-1.2451426038728703,2.58170472041347
2,170.0,good,190,272,18.391701211049405,-2.8187553314135907,45.01995899463075,-1.2451426038728703,3.450597311266463
2,170.0,good,258,272,38.47156832458982,-1.170006107044114,45.01995899463075,-1.2451426038728703,21.32806088595696
2,170.0,good,314,272,30.796154832128337,-0.4125320612740415,45.01995899463075,-1.2451426038728703,9.104548550968412
2,170.0,good,324,272,15.988937532765252,-1.2854233805241901,45.01995899463075,-1.2451426038728703,3.8339201872382414
2,170.0,good,341,272,13.143079265217127,0.4544061956291736,45.01995899463075,-1.2451426038728703,3.119576872018303
2,170.0,good,559,272,4.352195954779371,-1.9115948978296586,45.01995899463075,-1.2451426038728703,2.275094499145643
2,170.0,good,560,272,1.563037838756689,0.041830608949178255,45.01995899463075,-1.2451426038728703,2.0438782303895477
2,170.0,good,373,273,-10.366637987998892,24.304012719715015,5.947049970708333,23.982987917700154,8.43527918970517
2,170.0,good,381,273,-16.540047231660417,23.30829845899992,5.947049970708333,23.982987917700154,5.534024611638974
2,170.0,good,391,273,-31.627163119802752,22.443491739677505,5.947049970708333,23.982987917700154,2.580593951274287
2,170.0,good,399,273,-34.27621005278788,24.189818169448962,5.947049970708333,23.982987917700154,2.31554434579279
2,170.0,good,408,273,-26.99710118324353,24.749188945545182,5.947049970708333,23.982987917700154,3.1670495372600413
2,170.0,good,409,273,-24.187515095610973,22.423965299957537,5.947049970708333,23.982987917700154,3.543327179233961
2,170.0,good,289,274,4.5949295265905175,16.082204416284604,9.130324804580368,15.716740576918292,24.210301250691938
2,170.0,good,296,274,6.354648255382562,14.89755668357463,9.130324804580368,15.716740576918292,7.837286322252915
2,170.0,good,312,274,1.9203511154661799,14.95724372505663,9.130324804580368,15.716740576918292,11.112842281189907
2,170.0,good,325,274,0.14609190469047517,16.14291747054356,9.130324804580368,15.716740576918292,16.20603586080767
2,170.0,good,356,274,-2.5432036048796753,15.011259023997404,9.130324804580368,15.716740576918292,11.335420882393759
2,170.0,good,362,274,-5.086098521074505,16.1875606201821,9.130324804580368,15.716740576918292,9.959623062943052
2,170.0,good,379,274,-13.093679321761432,15.577179688143657,9.130324804580368,15.716740576918292,5.62475865969692
2,170.0,good,394,274,-18.49557149301026,14.062605822872408,9.130324804580368,15.716740576918292,3.1229524056387965
2,170.0,good,406,274,-21.204973508110214,15.400837687788592,9.130324804580368,15.716740576918292,3.5899826977718887
2,170.0,good,407,274,-23.794104491163438,17.133112513396394,9.130324804580368,15.716740576918292,3.169960441458438
2,170.0,good,412,274,-15.869090535166876,17.083266953529986,9.130324804580368,15.716740576918292,4.411504738729905
2,170.0,good,293,275,1.0668096601238606,18.500740269352434,5.500228574779889,18.437308480998713,28.036543378714395
2,170.0,good,349,275,-1.4861350813754963,19.571162940381043,5.500228574779889,18.437308480998713,2.6384454796338184
2,170.0,good,359,275,-2.4075796317675833,17.24654670001786,5.500228574779889,18.437308480998713,2.2211000209687084
2,170.0,good,383,275,-10.281847318724301,19.29465324047776,5.500228574779889,18.437308480998713,8.46357521073279
2,170.0,good,392,275,-26.39245137527059,18.86530085216542,5.500228574779889,18.437308480998713,3.328025262405438
2,170.0,good,393,275,-35.2885498793227,17.70387499106338,5.500228574779889,18.437308480998713,2.2642655914741567
2,170.0,good,407,275,-23.794104491163438,17.133112513396394,5.500228574779889,18.437308480998713,3.7827100910201
2,170.0,good,412,275,-15.869090535166876,17.083266953529986,5.500228574779889,18.437308480998713,4.371480644435153
2,170.0,good,275,276,5.500228574779889,18.437308480998713,15.497295075689543,18.79949028705788,14.60596717337287
2,170.0,good,287,276,3.7138317119711552,19.65109969261898,15.497295075689543,18.79949028705788,9.239135953625127
2,170.0,good,293,276,1.0668096601238606,18.500740269352434,15.497295075689543,18.79949028705788,9.785853495775676
2,170.0,good,298,276,10.757995837543199,17.80843291960065,15.497295075689543,18.79949028705788,4.1415679856931735
2,170.0,good,304,276,9.228782077737478,19.346558348666797,15.497295075689543,18.79949028705788,16.96579097039306
2,170.0,good,349,276,-1.4861350813754963,19.571162940381043,15.497295075689543,18.79949028705788,8.021740128301659
2,170.0,good,359,276,-2.4075796317675833,17.24654670001786,15.497295075689543,18.79949028705788,2.044234761172579
2,170.0,good,383,276,-10.281847318724301,19.29465324047776,15.497295075689543,18.79949028705788,4.562501800433103
2,170.0,good,392,276,-26.39245137527059,18.86530085216542,15.497295075689543,18.79949028705788,2.1692010439101272
2,170.0,good,407,276,-23.794104491163438,17.133112513396394,15.497295075689543,18.79949028705788,2.4039232776192443
2,170.0,good,412,276,-15.869090535166876,17.083266953529986,15.497295075689543,18.79949028705788,3.0626457932471323
2,170.0,good,297,277,6.06061220279807,8.767510091136435,13.586090774780036,8.264122896108141,17.095809799617427
2,170.0,good,336,277,2.1911515480154664,8.442157616236043,13.586090774780036,8.264122896108141,12.759709519686716
2,170.0,good,353,277,-0.4935534611557767,7.29028208811692,13.586090774780036,8.264122896108141,7.515201879941561
2,170.0,good,358,277,0.4157834804110623,9.648662350999354,13.586090774780036,8.264122896108141,2.1089571789317465
2,170.0,good,361,277,-2.281092866785944,8.493102162421621,13.586090774780036,8.264122896108141,8.729002328210248
2,170.0,good,364,277,-4.069387896321083,9.73220076219287,13.586090774780036,8.264122896108141,2.72416056371284
2,170.0,good,367,277,-6.717062398909013,8.518646762307643,13.586090774780036,8.264122896108141,6.360441460203704
2,170.0,good,370,277,-9.34374112504031,7.439056681980907,13.586090774780036,8.264122896108141,5.386217350003874
2,170.0,good,378,277,-8.482858904011735,9.758122566899278,13.586090774780036,8.264122896108141,3.4401966381530933
2,170.0,good,384,277,-4.957576730209098,7.341137718941655,13.586090774780036,8.264122896108141,7.168748665637947
2,170.0,good,405,277,-18.825951993649372,6.408139223046355,13.586090774780036,8.264122896108141,2.6091690342426146
2,170.0,good,411,277,-11.078589756918785,8.636807993084503,13.586090774780036,8.264122896108141,4.860584501352857
2,170.0,good,279,278,5.716191377251054,21.720650974151827,10.213839381136296,21.73213688085111,27.788672458022194
2,170.0,good,308,278,1.2098317830910994,20.708613302303807,10.213839381136296,21.73213688085111,5.750090267046625
2,170.0,good,310,278,3.3332150491146257,22.69385891497818,10.213839381136296,21.73213688085111,6.125855127958893
2,170.0,good,371,278,-6.916974491363527,22.379869039501624,10.213839381136296,21.73213688085111,7.934823265795353
2,170.0,good,381,278,-16.540047231660417,23.30829845899992,10.213839381136296,21.73213688085111,3.446188183470205
2,170.0,good,391,278,-31.627163119802752,22.443491739677505,10.213839381136296,21.73213688085111,2.1732821816771732
2,170.0,good,398,278,-28.72590564608294,21.029341039755693,10.213839381136296,21.73213688085111,2.4385939792710487
2,170.0,good,409,278,-24.187515095610973,22.423965299957537,10.213839381136296,21.73213688085111,2.962582579446363
2,170.0,good,308,279,1.2098317830910994,20.708613302303807,5.716191377251054,21.720650974151827,3.4604851629490474
2,170.0,good,310,279,3.3332150491146257,22.69385891497818,5.716191377251054,21.720650974151827,2.6257104991875457
2,170.0,good,371,279,-6.916974491363527,22.379869039501624,5.716191377251054,21.720650974151827,11.286038680544818
2,170.0,good,381,279,-16.540047231660417,23.30829845899992,5.716191377251054,21.720650974151827,2.7999564896879856
2,170.0,good,391,279,-31.627163119802752,22.443491739677505,5.716191377251054,21.720650974151827,2.6058226161334592
2,170.0,good,398,279,-28.72590564608294,21.029341039755693,5.716191377251054,21.720650974151827,2.957153140280104
2,170.0,good,409,279,-24.187515095610973,22.423965299957537,5.716191377251054,21.720650974151827,3.6680599713099014
2,170.0,good,274,280,9.130324804580368,15.716740576918292,13.298879308204388,14.793751915438405,5.5262987632507
2,170.0,good,296,280,6.354648255382562,14.89755668357463,13.298879308204388,14.793751915438405,20.343195476366457
2,170.0,good,311,280,3.6892532735803507,13.74959887600015,13.298879308204388,14.793751915438405,5.596887397760518
2,170.0,good,312,280,1.9203511154661799,14.95724372505663,13.298879308204388,14.793751915438405,12.779306790109167
2,170.0,good,325,280,0.14609190469047517,16.14291747054356,13.298879308204388,14.793751915438405,2.5055370201943425
2,170.0,good,337,280,-0.7570398021624942,13.804606501721226,13.298879308204388,14.793751915438405,7.323847792873646
2,170.0,good,356,280,-2.5432036048796753,15.011259023997404,13.298879308204388,14.793751915438405,8.745967735173444
2,170.0,good,362,280,-5.086098521074505,16.1875606201821,13.298879308204388,14.793751915438405,3.58479418270143
2,170.0,good,372,280,-4.9040903015256205,13.259018312113161,13.298879308204388,14.793751915438405,2.2827946036870834
2,170.0,good,374,280,-6.9611091780650725,14.076359189380305,13.298879308204388,14.793751915438405,6.3786002432113
2,170.0,good,379,280,-13.093679321761432,15.577179688143657,13.298879308204388,14.793751915438405,4.40999118416785
2,170.0,good,394,280,-18.49557149301026,14.062605822872408,13.298879308204388,14.793751915438405,3.343687305973769
2,170.0,good,406,280,-21.204973508110214,15.400837687788592,13.298879308204388,14.793751915438405,2.948951844513523
2,170.0,good,273,281,5.947049970708333,23.982987917700154,8.412468387893078,22.984315087112325,2.053531447062051
2,170.0,good,310,281,3.3332150491146257,22.69385891497818,8.412468387893078,22.984315087112325,25.19536129957634
2,170.0,good,371,281,-6.916974491363527,22.379869039501624,8.412468387893078,22.984315087112325,9.10356771119741
2,170.0,good,373,281,-10.366637987998892,24.304012719715015,8.412468387893078,22.984315087112325,4.331684337848647
2,170.0,good,381,281,-16.540047231660417,23.30829845899992,8.412468387893078,22.984315087112325,4.780859986835809
2,170.0,good,391,281,-31.627163119802752,22.443491739677505,8.412468387893078,22.984315087112325,2.3325700563611393
2,170.0,good,398,281,-28.72590564608294,21.029341039755693,8.412468387893078,22.984315087112325,2.4813086466376406
2,170.0,good,399,281,-34.27621005278788,24.189818169448962,8.412468387893078,22.984315087112325,2.103915488829185
2,170.0,good,408,281,-26.99710118324353,24.749188945545182,8.412468387893078,22.984315087112325,2.832488343724478
2,170.0,good,409,281,-24.187515095610973,22.423965299957537,8.412468387893078,22.984315087112325,3.2184297980857
2,170.0,good,410,282,-25.72140748601994,1.7126532837272634,10.416581019381018,2.3491338537797555,2.7437566423372974
2,170.0,good,479,282,-11.16370451579866,0.8158360961985249,10.416581019381018,2.3491338537797555,3.0694757434839928
2,170.0,good,561,282,-0.5087044817754871,1.4371121764213015,10.416581019381018,2.3491338537797555,8.247711387596329
2,170.0,good,562,282,2.182486452655549,2.31370965937033,10.416581019381018,2.3491338537797555,17.56687440523342
2,170.0,good,563,282,-2.271987698190779,2.6565174726918546,10.416581019381018,2.3491338537797555,11.34615474518086
2,170.0,good,321,283,1.0024458665374198,12.627097458355237,5.734661292265347,12.541476665058688,26.91081064244053
2,170.0,good,363,283,-3.1352794872973044,12.02571527050635,5.734661292265347,12.541476665058688,15.673944611334429
2,170.0,good,368,283,-8.629406776044625,11.854421273590084,5.734661292265347,12.541476665058688,9.839279411546997
2,170.0,good,372,283,-4.9040903015256205,13.259018312113161,5.734661292265347,12.541476665058688,11.522074628717993
2,170.0,good,394,283,-18.49557149301026,14.062605822872408,5.734661292265347,12.541476665058688,3.537144809503544
2,170.0,good,396,283,-27.24552416356571,11.909471436553602,5.734661292265347,12.541476665058688,3.161741296816531
2,170.0,good,400,283,-34.43308671600659,11.363165695814848,5.734661292265347,12.541476665058688,2.320671610018442
2,170.0,good,404,283,-15.920032065248385,12.21254505164266,5.734661292265347,12.541476665058688,5.828901015520226
2,170.0,good,291,284,7.1969595034159015,26.300390497824132,12.41420129824782,26.477223334250922,25.22266775320592
2,170.0,good,355,284,-3.4313444960024944,25.568432261065816,12.41420129824782,26.477223334250922,8.051060394573275
2,170.0,good,360,284,-6.456717866595941,27.130961431724128,12.41420129824782,26.477223334250922,7.0071542927218635
2,170.0,good,382,284,-13.37911592837007,26.44781400812019,12.41420129824782,26.477223334250922,4.558888841553921
2,170.0,good,390,284,-22.834791201882656,27.30524313976972,12.41420129824782,26.477223334250922,2.852627564467115
2,170.0,good,402,284,-29.81943005653548,26.538810302110086,12.41420129824782,26.477223334250922,2.140732796925728
2,170.0,good,408,284,-26.99710118324353,24.749188945545182,12.41420129824782,26.477223334250922,2.392270571844435
2,170.0,good,291,285,7.1969595034159015,26.300390497824132,9.482135121675508,25.361221825431517,3.484116407301237
2,170.0,good,355,285,-3.4313444960024944,25.568432261065816,9.482135121675508,25.361221825431517,11.124507945385167
2,170.0,good,373,285,-10.366637987998892,24.304012719715015,9.482135121675508,25.361221825431517,6.33981836663558
2,170.0,good,382,285,-13.37911592837007,26.44781400812019,9.482135121675508,25.361221825431517,5.408722690350929
2,170.0,good,390,285,-22.834791201882656,27.30524313976972,9.482135121675508,25.361221825431517,2.257817328811989
2,170.0,good,399,285,-34.27621005278788,24.189818169448962,9.482135121675508,25.361221825431517,2.0210223623866175
2,170.0,good,402,285,-29.81943005653548,26.538810302110086,9.482135121675508,25.361221825431517,2.402932038079983
2,170.0,good,408,285,-26.99710118324353,24.749188945545182,9.482135121675508,25.361221825431517,2.7036155445981174
2,170.0,good,347,286,3.8862684091531228,4.506005504333411,7.467061540331771,4.057351276691915,22.393362376451847
2,170.0,good,357,286,-1.4166655467067417,4.966397499761248,7.467061540331771,4.057351276691915,7.974913377028338
2,170.0,good,375,286,-5.797423730818565,5.019113968528008,7.467061540331771,4.057351276691915,7.650132570926875
2,170.0,good,403,286,-33.9041208811096,4.873087443986635,7.467061540331771,4.057351276691915,2.213215880757331
2,170.0,good,509,286,0.41592735141881454,3.7494693776583015,7.467061540331771,4.057351276691915,20.088909280315598
2,170.0,good,564,286,-4.046806801558988,3.8133733575077806,7.467061540331771,4.057351276691915,12.619027560512194
2,170.0,good,349,287,-1.4861350813754963,19.571162940381043,3.7138317119711552,19.65109969261898,25.280032250256113
2,170.0,good,383,287,-10.281847318724301,19.29465324047776,3.7138317119711552,19.65109969261898,10.143709745828803
2,170.0,good,392,287,-26.39245137527059,18.86530085216542,3.7138317119711552,19.65109969261898,3.6310988515405804
2,170.0,good,393,287,-35.2885498793227,17.70387499106338,3.7138317119711552,19.65109969261898,2.432363770821057
2,170.0,good,398,287,-28.72590564608294,21.029341039755693,3.7138317119711552,19.65109969261898,3.2427803062534144
2,170.0,good,278,288,10.213839381136296,21.73213688085111,13.212799953505941,22.524022347828407,8.954671839158658
2,170.0,good,279,288,5.716191377251054,21.720650974151827,13.212799953505941,22.524022347828407,10.063139788308993
2,170.0,good,281,288,8.412468387893078,22.984315087112325,13.212799953505941,22.524022347828407,20.741942330996167
2,170.0,good,310,288,3.3332150491146257,22.69385891497818,13.212799953505941,22.524022347828407,14.779109886285788
2,170.0,good,371,288,-6.916974491363527,22.379869039501624,13.212799953505941,22.524022347828407,6.433853103725233
2,170.0,good,381,288,-16.540047231660417,23.30829845899992,13.212799953505941,22.524022347828407,3.6959528613456105
2,170.0,good,398,288,-28.72590564608294,21.029341039755693,13.212799953505941,22.524022347828407,2.1651134494962236
2,170.0,good,409,288,-24.187515095610973,22.423965299957537,13.212799953505941,22.524022347828407,2.599563589725949
2,170.0,good,325,289,0.14609190469047517,16.14291747054356,4.5949295265905175,16.082204416284604,27.97673834613571
2,170.0,good,356,289,-2.5432036048796753,15.011259023997404,4.5949295265905175,16.082204416284604,3.922065864768272
2,170.0,good,359,289,-2.4075796317675833,17.24654670001786,4.5949295265905175,16.082204416284604,2.119026763339012
2,170.0,good,362,289,-5.086098521074505,16.1875606201821,4.5949295265905175,16.082204416284604,15.078819461892584
2,170.0,good,379,289,-13.093679321761432,15.577179688143657,4.5949295265905175,16.082204416284604,7.618344889461357
2,170.0,good,393,289,-35.2885498793227,17.70387499106338,4.5949295265905175,16.082204416284604,2.3471963739906667
2,170.0,good,406,289,-21.204973508110214,15.400837687788592,4.5949295265905175,16.082204416284604,4.55721167470106
2,170.0,good,407,289,-23.794104491163438,17.133112513396394,4.5949295265905175,16.082204416284604,3.9632232202137936
2,170.0,good,412,289,-15.869090535166876,17.083266953529986,4.5949295265905175,16.082204416284604,6.293445513357349
2,170.0,good,294,290,2.7678375521345346,11.421910668616103,7.251477939523954,11.059116405290158,24.379311621270375
2,170.0,good,299,290,4.540277797450285,10.200017269819385,7.251477939523954,11.059116405290158,6.406189852569629
2,170.0,good,354,290,-1.3385229663514586,10.831700206442463,7.251477939523954,11.059116405290158,16.9006761580059
2,170.0,good,363,290,-3.1352794872973044,12.02571527050635,7.251477939523954,11.059116405290158,7.215144866881257
2,170.0,good,364,290,-4.069387896321083,9.73220076219287,7.251477939523954,11.059116405290158,2.0215646876864444
2,170.0,good,368,290,-8.629406776044625,11.854421273590084,7.251477939523954,11.059116405290158,8.718917645914704
2,170.0,good,377,290,-5.788942850834659,10.875210488253634,7.251477939523954,11.059116405290158,11.002264696861198
2,170.0,good,378,290,-8.482858904011735,9.758122566899278,7.251477939523954,11.059116405290158,3.8878386746441618
2,170.0,good,396,290,-27.24552416356571,11.909471436553602,7.251477939523954,11.059116405290158,2.9498599496719957
2,170.0,good,400,290,-34.43308671600659,11.363165695814848,7.251477939523954,11.059116405290158,2.1864581893350246
2,170.0,good,404,290,-15.920032065248385,12.21254505164266,7.251477939523954,11.059116405290158,5.308018390520619
2,170.0,good,355,291,-3.4313444960024944,25.568432261065816,7.1969595034159015,26.300390497824132,11.294064066956143
2,170.0,good,360,291,-6.456717866595941,27.130961431724128,7.1969595034159015,26.300390497824132,9.258917952146016
2,170.0,good,382,291,-13.37911592837007,26.44781400812019,7.1969595034159015,26.300390497824132,6.247401531645301
2,170.0,good,390,291,-22.834791201882656,27.30524313976972,7.1969595034159015,26.300390497824132,3.6446324282439657
2,170.0,good,399,291,-34.27621005278788,24.189818169448962,7.1969595034159015,26.300390497824132,2.175383367337622
2,170.0,good,402,291,-29.81943005653548,26.538810302110086,7.1969595034159015,26.300390497824132,2.642191856781594
2,170.0,good,408,291,-26.99710118324353,24.749188945545182,7.1969595034159015,26.300390497824132,2.9904399543571554
2,170.0,good,330,292,0.9541320775638553,28.30435537883592,9.358661177835407,28.228287464359695,17.24302595462847
2,170.0,good,360,292,-6.456717866595941,27.130961431724128,9.358661177835407,28.228287464359695,6.165501650390802
2,170.0,good,376,292,-8.98288701978069,29.082039024583015,9.358661177835407,28.228287464359695,7.271361911142325
2,170.0,good,380,292,-16.665666856152313,28.624830668143318,9.358661177835407,28.228287464359695,4.5006073463216385
2,170.0,good,390,292,-22.834791201882656,27.30524313976972,9.358661177835407,28.228287464359695,3.280747284716564
2,170.0,good,395,292,-26.025478442897057,29.194535170672566,9.358661177835407,28.228287464359695,2.8356634713741045
2,170.0,good,402,292,-29.81943005653548,26.538810302110086,9.358661177835407,28.228287464359695,2.4150135140929327
2,170.0,good,383,293,-10.281847318724301,19.29465324047776,1.0668096601238606,18.500740269352434,10.168894596620994
2,170.0,good,392,293,-26.39245137527059,18.86530085216542,1.0668096601238606,18.500740269352434,4.162406494580711
2,170.0,good,393,293,-35.2885498793227,17.70387499106338,1.0668096601238606,18.500740269352434,2.718084751774504
2,170.0,good,407,293,-23.794104491163438,17.133112513396394,1.0668096601238606,18.500740269352434,4.41044591184124
2,170.0,good,412,293,-15.869090535166876,17.083266953529986,1.0668096601238606,18.500740269352434,3.006032313670939
2,170.0,good,354,294,-1.3385229663514586,10.831700206442463,2.7678375521345346,11.421910668616103,16.58076405385134
2,170.0,good,363,294,-3.1352794872973044,12.02571527050635,2.7678375521345346,11.421910668616103,15.525117363092617
2,170.0,good,368,294,-8.629406776044625,11.854421273590084,2.7678375521345346,11.421910668616103,12.756960489042532
2,170.0,good,377,294,-5.788942850834659,10.875210488253634,2.7678375521345346,11.421910668616103,15.434524397352629
2,170.0,good,396,294,-27.24552416356571,11.909471436553602,2.7678375521345346,11.421910668616103,3.6479831343793436
2,170.0,good,400,294,-34.43308671600659,11.363165695814848,2.7678375521345346,11.421910668616103,2.6215726419034264
2,170.0,good,404,294,-15.920032065248385,12.21254505164266,2.7678375521345346,11.421910668616103,7.096861097829795
2,170.0,good,297,295,6.06061220279807,8.767510091136435,10.60607587246594,9.691567147769634,5.754118368433043
2,170.0,good,299,295,4.540277797450285,10.200017269819385,10.60607587246594,9.691567147769634,18.173116837715956
2,170.0,good,354,295,-1.3385229663514586,10.831700206442463,10.60607587246594,9.691567147769634,4.836229657414392
2,170.0,good,358,295,0.4157834804110623,9.648662350999354,10.60607587246594,9.691567147769634,14.327739779490559
2,170.0,good,361,295,-2.281092866785944,8.493102162421621,10.60607587246594,9.691567147769634,4.315655836779419
2,170.0,good,364,295,-4.069387896321083,9.73220076219287,10.60607587246594,9.691567147769634,9.592509859206737
2,170.0,good,367,295,-6.717062398909013,8.518646762307643,10.60607587246594,9.691567147769634,5.519620347672694
2,170.0,good,377,295,-5.788942850834659,10.875210488253634,10.60607587246594,9.691567147769634,5.299462571695457
2,170.0,good,378,295,-8.482858904011735,9.758122566899278,10.60607587246594,9.691567147769634,6.902513524174855
2,170.0,good,411,295,-11.078589756918785,8.636807993084503,10.60607587246594,9.691567147769634,5.817878473811775
2,170.0,good,312,296,1.9203511154661799,14.95724372505663,6.354648255382562,14.89755668357463,28.033131830327967
2,170.0,good,337,296,-0.7570398021624942,13.804606501721226,6.354648255382562,14.89755668357463,3.4757953578305285
2,170.0,good,356,296,-2.5432036048796753,15.011259023997404,6.354648255382562,14.89755668357463,16.354528256235746
2,170.0,good,362,296,-5.086098521074505,16.1875606201821,6.354648255382562,14.89755668357463,2.541785932241595
2,170.0,good,374,296,-6.9611091780650725,14.076359189380305,6.354648255382562,14.89755668357463,9.438282362311949
2,170.0,good,379,296,-13.093679321761432,15.577179688143657,6.354648255382562,14.89755668357463,6.735062512369288
2,170.0,good,394,296,-18.49557149301026,14.062605822872408,6.354648255382562,14.89755668357463,4.808967701112929
2,170.0,good,406,296,-21.204973508110214,15.400837687788592,6.354648255382562,14.89755668357463,4.140191998510068
2,170.0,good,336,297,2.1911515480154664,8.442157616236043,6.06061220279807,8.767510091136435,26.729169971972578
2,170.0,good,358,297,0.4157834804110623,9.648662350999354,6.06061220279807,8.767510091136435,7.540124855352658
2,170.0,good,361,297,-2.281092866785944,8.493102162421621,6.06061220279807,8.767510091136435,17.361349917140707
2,170.0,good,364,297,-4.069387896321083,9.73220076219287,6.06061220279807,8.767510091136435,7.192108641050406
2,170.0,good,367,297,-6.717062398909013,8.518646762307643,6.06061220279807,8.767510091136435,11.257556445111987
2,170.0,good,370,297,-9.34374112504031,7.439056681980907,6.06061220279807,8.767510091136435,3.496098704648678
2,170.0,good,378,297,-8.482858904011735,9.758122566899278,6.06061220279807,8.767510091136435,7.317986052912502
2,170.0,good,411,297,-11.078589756918785,8.636807993084503,6.06061220279807,8.767510091136435,7.929919090355583
2,170.0,good,275,298,5.500228574779889,18.437308480998713,10.757995837543199,17.80843291960065,14.949089304988847
2,170.0,good,293,298,1.0668096601238606,18.500740269352434,10.757995837543199,17.80843291960065,12.232784024350487
2,170.0,good,302,298,2.8134235962607415,17.332244110157916,10.757995837543199,17.80843291960065,17.20301975596776
2,170.0,good,305,298,7.269750711902891,17.26977460537563,10.757995837543199,17.80843291960065,18.825319554564977
2,170.0,good,359,298,-2.4075796317675833,17.24654670001786,10.757995837543199,17.80843291960065,10.883703839329893
2,170.0,good,383,298,-10.281847318724301,19.29465324047776,10.757995837543199,17.80843291960065,3.328168610723564
2,170.0,good,392,298,-26.39245137527059,18.86530085216542,10.757995837543199,17.80843291960065,2.6271887116489854
2,170.0,good,407,298,-23.794104491163438,17.133112513396394,10.757995837543199,17.80843291960065,2.9425681926063847
2,170.0,good,412,298,-15.869090535166876,17.083266953529986,10.757995837543199,17.80843291960065,4.3536965609205
2,170.0,good,354,299,-1.3385229663514586,10.831700206442463,4.540277797450285,10.200017269819385,14.71179187555077
2,170.0,good,358,299,0.4157834804110623,9.648662350999354,4.540277797450285,10.200017269819385,18.009945843774172
2,170.0,good,364,299,-4.069387896321083,9.73220076219287,4.540277797450285,10.200017269819385,16.57408680622934
2,170.0,good,377,299,-5.788942850834659,10.875210488253634,4.540277797450285,10.200017269819385,12.298406023107018
2,170.0,good,378,299,-8.482858904011735,9.758122566899278,4.540277797450285,10.200017269819385,11.018790290590253
2,170.0,good,396,299,-27.24552416356571,11.909471436553602,4.540277797450285,10.200017269819385,3.0901053266019907
2,170.0,good,400,299,-34.43308671600659,11.363165695814848,4.540277797450285,10.200017269819385,2.435247011504128
2,170.0,good,273,300,5.947049970708333,23.982987917700154,11.57632559431997,24.024772537224475,23.910309725711524
2,170.0,good,373,300,-10.366637987998892,24.304012719715015,11.57632559431997,24.024772537224475,5.724169552553153
2,170.0,good,381,300,-16.540047231660417,23.30829845899992,11.57632559431997,24.024772537224475,4.020126966443901
2,170.0,good,391,300,-31.627163119802752,22.443491739677505,11.57632559431997,24.024772537224475,2.063396452312334
2,170.0,good,408,300,-26.99710118324353,24.749188945545182,11.57632559431997,24.024772537224475,2.475514162599644
2,170.0,good,409,300,-24.187515095610973,22.423965299957537,11.57632559431997,24.024772537224475,2.78880386583272
2,170.0,good,351,301,1.2679205038946513,6.104405325748249,3.9906201050637966,6.764498170630927,13.97925876818048
2,170.0,good,353,301,-0.4935534611557767,7.29028208811692,3.9906201050637966,6.764498170630927,18.735745668139327
2,170.0,good,366,301,-3.1579500448663236,6.168655252948262,3.9906201050637966,6.764498170630927,15.225369241943623
2,170.0,good,369,301,-7.57720689662205,6.2448410295572865,3.9906201050637966,6.764498170630927,12.555965661352856
2,170.0,good,370,301,-9.34374112504031,7.439056681980907,3.9906201050637966,6.764498170630927,10.7102079919306
2,170.0,good,384,301,-4.957576730209098,7.341137718941655,3.9906201050637966,6.764498170630927,14.637364555056479
2,170.0,good,403,301,-33.9041208811096,4.873087443986635,3.9906201050637966,6.764498170630927,2.546169104647273
2,170.0,good,405,301,-18.825951993649372,6.408139223046355,3.9906201050637966,6.764498170630927,5.423460400401721
2,170.0,good,359,302,-2.4075796317675833,17.24654670001786,2.8134235962607415,17.332244110157916,25.210203179648698
2,170.0,good,362,302,-5.086098521074505,16.1875606201821,2.8134235962607415,17.332244110157916,2.9840285789636085
2,170.0,good,392,302,-26.39245137527059,18.86530085216542,2.8134235962607415,17.332244110157916,3.658673978170212
2,170.0,good,393,302,-35.2885498793227,17.70387499106338,2.8134235962607415,17.332244110157916,2.5242775971802667
2,170.0,good,407,302,-23.794104491163438,17.133112513396394,2.8134235962607415,17.332244110157916,4.358349898121033
2,170.0,good,412,302,-15.869090535166876,17.083266953529986,2.8134235962607415,17.332244110157916,7.099511541095237
2,170.0,good,287,303,3.7138317119711552,19.65109969261898,7.5127664246872286,20.48403804838936,8.011542116067977
2,170.0,good,308,303,1.2098317830910994,20.708613302303807,7.5127664246872286,20.48403804838936,21.975123629354158
2,170.0,good,349,303,-1.4861350813754963,19.571162940381043,7.5127664246872286,20.48403804838936,7.923392498039938
2,170.0,good,383,303,-10.281847318724301,19.29465324047776,7.5127664246872286,20.48403804838936,5.405713528391351
2,170.0,good,391,303,-31.627163119802752,22.443491739677505,7.5127664246872286,20.48403804838936,2.4182061567066104
2,170.0,good,392,303,-26.39245137527059,18.86530085216542,7.5127664246872286,20.48403804838936,3.0299162909320625
2,170.0,good,398,303,-28.72590564608294,21.029341039755693,7.5127664246872286,20.48403804838936,2.731820727060456
2,170.0,good,409,303,-24.187515095610973,22.423965299957537,7.5127664246872286,20.48403804838936,2.2118928740237416
2,170.0,good,275,304,5.500228574779889,18.437308480998713,9.228782077737478,19.346558348666797,5.6039708848948955
2,170.0,good,287,304,3.7138317119711552,19.65109969261898,9.228782077737478,19.346558348666797,23.94224761242797
2,170.0,good,293,304,1.0668096601238606,18.500740269352434,9.228782077737478,19.346558348666797,9.179369157182533
2,170.0,good,349,304,-1.4861350813754963,19.571162940381043,9.228782077737478,19.346558348666797,13.611202657936156
2,170.0,good,383,304,-10.281847318724301,19.29465324047776,9.228782077737478,19.346558348666797,6.706654868967789
2,170.0,good,392,304,-26.39245137527059,18.86530085216542,9.228782077737478,19.346558348666797,2.8062661382690477
2,170.0,good,398,304,-28.72590564608294,21.029341039755693,9.228782077737478,19.346558348666797,2.539807302012179
2,170.0,good,302,305,2.8134235962607415,17.332244110157916,7.269750711902891,17.26977460537563,27.947757633632982
2,170.0,good,325,305,0.14609190469047517,16.14291747054356,7.269750711902891,17.26977460537563,2.8483149206358793
2,170.0,good,359,305,-2.4075796317675833,17.24654670001786,7.269750711902891,17.26977460537563,15.084487126034752
2,170.0,good,362,305,-5.086098521074505,16.1875606201821,7.269750711902891,17.26977460537563,5.805242829506042
2,170.0,good,392,305,-26.39245137527059,18.86530085216542,7.269750711902891,17.26977460537563,3.0637380559573315
2,170.0,good,393,305,-35.2885498793227,17.70387499106338,7.269750711902891,17.26977460537563,2.1143665193044603
2,170.0,good,406,305,-21.204973508110214,15.400837687788592,7.269750711902891,17.26977460537563,2.1381543984064213
2,170.0,good,407,305,-23.794104491163438,17.133112513396394,7.269750711902891,17.26977460537563,3.4637254627476217
2,170.0,good,412,305,-15.869090535166876,17.083266953529986,7.269750711902891,17.26977460537563,5.318488994405781
2,170.0,good,287,306,3.7138317119711552,19.65109969261898,11.994107468632087,20.206995758263826,15.461789222971126
2,170.0,good,303,306,7.5127664246872286,20.48403804838936,11.994107468632087,20.206995758263826,26.915028315367728
2,170.0,good,304,306,9.228782077737478,19.346558348666797,11.994107468632087,20.206995758263826,6.403797944349901
2,170.0,good,308,306,1.2098317830910994,20.708613302303807,11.994107468632087,20.206995758263826,13.520511234342264
2,170.0,good,349,306,-1.4861350813754963,19.571162940381043,11.994107468632087,20.206995758263826,10.593945741175931
2,170.0,good,383,306,-10.281847318724301,19.29465324047776,11.994107468632087,20.206995758263826,5.606666258401237
2,170.0,good,392,306,-26.39245137527059,18.86530085216542,11.994107468632087,20.206995758263826,2.494671858135188
2,170.0,good,398,306,-28.72590564608294,21.029341039755693,11.994107468632087,20.206995758263826,2.270409459822758
2,170.0,good,283,307,5.734661292265347,12.541476665058688,8.456600725822343,13.415290470451033,5.924038013233878
2,170.0,good,311,307,3.6892532735803507,13.74959887600015,8.456600725822343,13.415290470451033,24.765780027483526
2,170.0,good,321,307,1.0024458665374198,12.627097458355237,8.456600725822343,13.415290470451033,10.423986663687176
2,170.0,good,337,307,-0.7570398021624942,13.804606501721226,8.456600725822343,13.415290470451033,15.821351515342217
2,170.0,good,372,307,-4.9040903015256205,13.259018312113161,8.456600725822343,13.415290470451033,10.702655123382813
2,170.0,good,374,307,-6.9611091780650725,14.076359189380305,8.456600725822343,13.415290470451033,9.040450332011684
2,170.0,good,394,307,-18.49557149301026,14.062605822872408,8.456600725822343,13.415290470451033,4.277430436291584
2,170.0,good,396,307,-27.24552416356571,11.909471436553602,8.456600725822343,13.415290470451033,2.7963409102818395
2,170.0,good,400,307,-34.43308671600659,11.363165695814848,8.456600725822343,13.415290470451033,2.0879538775087276
2,170.0,good,404,307,-15.920032065248385,12.21254505164266,8.456600725822343,13.415290470451033,4.942381118834726
2,170.0,good,391,308,-31.627163119802752,22.443491739677505,1.2098317830910994,20.708613302303807,3.015856962233337
2,170.0,good,392,308,-26.39245137527059,18.86530085216542,1.2098317830910994,20.708613302303807,2.141233518633249
2,170.0,good,398,308,-28.72590564608294,21.029341039755693,1.2098317830910994,20.708613302303807,3.6621783044870355
2,170.0,good,409,308,-24.187515095610973,22.423965299957537,1.2098317830910994,20.708613302303807,2.51285628416518
2,170.0,good,446,308,-42.6840679951388,21.161068168877062,1.2098317830910994,20.708613302303807,2.0108685470467504
2,170.0,good,280,309,13.298879308204388,14.793751915438405,16.640528461603314,14.142410692882923,14.371134275005367
2,170.0,good,296,309,6.354648255382562,14.89755668357463,16.640528461603314,14.142410692882923,10.979178719855819
2,170.0,good,307,309,8.456600725822343,13.415290470451033,16.640528461603314,14.142410692882923,11.843017961250506
2,170.0,good,311,309,3.6892532735803507,13.74959887600015,16.640528461603314,14.142410692882923,11.08789900578008
2,170.0,good,312,309,1.9203511154661799,14.95724372505663,16.640528461603314,14.142410692882923,9.119907677295908
2,170.0,good,337,309,-0.7570398021624942,13.804606501721226,16.640528461603314,14.142410692882923,7.781061834704907
2,170.0,good,356,309,-2.5432036048796753,15.011259023997404,16.640528461603314,14.142410692882923,6.85774359332783
2,170.0,good,372,309,-4.9040903015256205,13.259018312113161,16.640528461603314,14.142410692882923,5.869651761129752
2,170.0,good,374,309,-6.9611091780650725,14.076359189380305,16.640528461603314,14.142410692882923,5.172994466275444
2,170.0,good,379,309,-13.093679321761432,15.577179688143657,16.640528461603314,14.142410692882923,3.699421233439673
2,170.0,good,394,309,-18.49557149301026,14.062605822872408,16.640528461603314,14.142410692882923,2.866915157969166
2,170.0,good,404,309,-15.920032065248385,12.21254505164266,16.640528461603314,14.142410692882923,2.3369005103716267
2,170.0,good,406,309,-21.204973508110214,15.400837687788592,16.640528461603314,14.142410692882923,2.551412455367925
2,170.0,good,371,310,-6.916974491363527,22.379869039501624,3.3332150491146257,22.69385891497818,14.243106344133288
2,170.0,good,381,310,-16.540047231660417,23.30829845899992,3.3332150491146257,22.69385891497818,6.544818362991861
2,170.0,good,391,310,-31.627163119802752,22.443491739677505,3.3332150491146257,22.69385891497818,2.889368880547107
2,170.0,good,398,310,-28.72590564608294,21.029341039755693,3.3332150491146257,22.69385891497818,3.206707381375814
2,170.0,good,399,310,-34.27621005278788,24.189818169448962,3.3332150491146257,22.69385891497818,2.576778139577892
2,170.0,good,409,310,-24.187515095610973,22.423965299957537,3.3332150491146257,22.69385891497818,4.148779369765898
2,170.0,good,337,311,-0.7570398021624942,13.804606501721226,3.6892532735803507,13.74959887600015,27.986594766901028
2,170.0,good,372,311,-4.9040903015256205,13.259018312113161,3.6892532735803507,13.74959887600015,16.302533339321673
2,170.0,good,374,311,-6.9611091780650725,14.076359189380305,3.6892532735803507,13.74959887600015,13.696435118179082
2,170.0,good,394,311,-18.49557149301026,14.062605822872408,3.6892532735803507,13.74959887600015,5.63846130236723
2,170.0,good,396,311,-27.24552416356571,11.909471436553602,3.6892532735803507,13.74959887600015,2.5589673393792376
2,170.0,good,404,311,-15.920032065248385,12.21254505164266,3.6892532735803507,13.74959887600015,2.623759816816774
2,170.0,good,406,311,-21.204973508110214,15.400837687788592,3.6892532735803507,13.74959887600015,2.821565031186313
2,170.0,good,356,312,-2.5432036048796753,15.011259023997404,1.9203511154661799,14.95724372505663,27.91983298042889
2,170.0,good,374,312,-6.9611091780650725,14.076359189380305,1.9203511154661799,14.95724372505663,8.55234417596253
2,170.0,good,379,312,-13.093679321761432,15.577179688143657,1.9203511154661799,14.95724372505663,9.334596592417995
2,170.0,good,394,312,-18.49557149301026,14.062605822872408,1.9203511154661799,14.95724372505663,6.313365213833906
2,170.0,good,406,312,-21.204973508110214,15.400837687788592,1.9203511154661799,14.95724372505663,5.32283024575234
2,170.0,good,273,313,5.947049970708333,23.982987917700154,31.687243597836876,22.170133801305347,2.0018209928214197
2,170.0,good,278,313,10.213839381136296,21.73213688085111,31.687243597836876,22.170133801305347,5.896244213113038
2,170.0,good,279,313,5.716191377251054,21.720650974151827,31.687243597836876,22.170133801305347,4.513948689629854
2,170.0,good,281,313,8.412468387893078,22.984315087112325,31.687243597836876,22.170133801305347,5.275123618816073
2,170.0,good,288,313,13.212799953505941,22.524022347828407,31.687243597836876,22.170133801305347,7.203646743128983
2,170.0,good,303,313,7.5127664246872286,20.48403804838936,31.687243597836876,22.170133801305347,2.48785983520842
2,170.0,good,308,313,1.2098317830910994,20.708613302303807,31.687243597836876,22.170133801305347,3.5648185690476795
2,170.0,good,310,313,3.3332150491146257,22.69385891497818,31.687243597836876,22.170133801305347,3.97046093703151
2,170.0,good,323,313,18.58430555441769,21.80853084576271,31.687243597836876,22.170133801305347,10.942800336206911
2,170.0,good,371,313,-6.916974491363527,22.379869039501624,31.687243597836876,22.170133801305347,2.47237862471594
2,170.0,good,373,313,-10.366637987998892,24.304012719715015,31.687243597836876,22.170133801305347,2.133440328789229
2,170.0,good,324,314,15.988937532765252,-1.2854233805241901,30.796154832128337,-0.4125320612740415,8.580613676259183
2,170.0,good,341,314,13.143079265217127,0.4544061956291736,30.796154832128337,-0.4125320612740415,7.637936107496947
2,170.0,good,350,314,26.918334096359636,0.3653024277068493,30.796154832128337,-0.4125320612740415,9.875615337170423
2,170.0,good,479,314,-11.16370451579866,0.8158360961985249,30.796154832128337,-0.4125320612740415,2.163350898843748
2,170.0,good,559,314,4.352195954779371,-1.9115948978296586,30.796154832128337,-0.4125320612740415,3.806853870826761
2,170.0,good,560,314,1.563037838756689,0.041830608949178255,30.796154832128337,-0.4125320612740415,3.7945237489042496
2,170.0,good,561,314,-0.5087044817754871,1.4371121764213015,30.796154832128337,-0.4125320612740415,2.5512493610187983
2,170.0,good,274,315,9.130324804580368,15.716740576918292,28.65620600592107,15.833388838314207,6.699727917538086
2,170.0,good,280,315,13.298879308204388,14.793751915438405,28.65620600592107,15.833388838314207,6.775101061493969
2,170.0,good,289,315,4.5949295265905175,16.082204416284604,28.65620600592107,15.833388838314207,5.034322845197665
2,170.0,good,296,315,6.354648255382562,14.89755668357463,28.65620600592107,15.833388838314207,5.597781833603509
2,170.0,good,302,315,2.8134235962607415,17.332244110157916,28.65620600592107,15.833388838314207,3.785925221546437
2,170.0,good,305,315,7.269750711902891,17.26977460537563,28.65620600592107,15.833388838314207,3.7637259755036756
2,170.0,good,312,315,1.9203511154661799,14.95724372505663,28.65620600592107,15.833388838314207,4.327953641344091
2,170.0,good,325,315,0.14609190469047517,16.14291747054356,28.65620600592107,15.833388838314207,3.938340768874661
2,170.0,good,356,315,-2.5432036048796753,15.011259023997404,28.65620600592107,15.833388838314207,3.440970241507666
2,170.0,good,359,315,-2.4075796317675833,17.24654670001786,28.65620600592107,15.833388838314207,3.4637371984203225
2,170.0,good,362,315,-5.086098521074505,16.1875606201821,28.65620600592107,15.833388838314207,3.052527481134295
2,170.0,good,374,315,-6.9611091780650725,14.076359189380305,28.65620600592107,15.833388838314207,2.8067482437093574
2,170.0,good,379,315,-13.093679321761432,15.577179688143657,28.65620600592107,15.833388838314207,2.1809420116407208
2,170.0,good,273,316,5.947049970708333,23.982987917700154,29.011243872494845,23.44399607504742,5.34253066566962
2,170.0,good,279,316,5.716191377251054,21.720650974151827,29.011243872494845,23.44399607504742,2.081612896928874
2,170.0,good,281,316,8.412468387893078,22.984315087112325,29.011243872494845,23.44399607504742,6.238135556883692
2,170.0,good,288,316,13.212799953505941,22.524022347828407,29.011243872494845,23.44399607504742,7.9633680877128254
2,170.0,good,300,316,11.57632559431997,24.024772537224475,29.011243872494845,23.44399607504742,7.759889914952075
2,170.0,good,310,316,3.3332150491146257,22.69385891497818,29.011243872494845,23.44399607504742,4.588399227175051
2,170.0,good,346,316,14.464586109565765,24.871500647225183,29.011243872494845,23.44399607504742,2.1553411924105874
2,170.0,good,371,316,-6.916974491363527,22.379869039501624,29.011243872494845,23.44399607504742,2.768877259988941
2,170.0,good,373,316,-10.366637987998892,24.304012719715015,29.011243872494845,23.44399607504742,2.39551000707007
2,170.0,good,274,317,9.130324804580368,15.716740576918292,35.608415469407326,16.5074332481248,4.389334768326263
2,170.0,good,275,317,5.500228574779889,18.437308480998713,35.608415469407326,16.5074332481248,2.0675869523605095
2,170.0,good,289,317,4.5949295265905175,16.082204416284604,35.608415469407326,16.5074332481248,3.472238390480345
2,170.0,good,293,317,1.0668096601238606,18.500740269352434,35.608415469407326,16.5074332481248,2.2625002001991334
2,170.0,good,296,317,6.354648255382562,14.89755668357463,35.608415469407326,16.5074332481248,3.4013633324044044
2,170.0,good,298,317,10.757995837543199,17.80843291960065,35.608415469407326,16.5074332481248,4.67670864408634
2,170.0,good,302,317,2.8134235962607415,17.332244110157916,35.608415469407326,16.5074332481248,3.189165119571514
2,170.0,good,305,317,7.269750711902891,17.26977460537563,35.608415469407326,16.5074332481248,3.973643810303805
2,170.0,good,312,317,1.9203511154661799,14.95724372505663,35.608415469407326,16.5074332481248,3.060111813438865
2,170.0,good,315,317,28.65620600592107,15.833388838314207,35.608415469407326,16.5074332481248,13.30496270988841
2,170.0,good,325,317,0.14609190469047517,16.14291747054356,35.608415469407326,16.5074332481248,2.8259185793761383
2,170.0,good,332,317,25.800921221522152,17.321289504304413,35.608415469407326,16.5074332481248,9.957249441506862
2,170.0,good,356,317,-2.5432036048796753,15.011259023997404,35.608415469407326,16.5074332481248,2.5190750859765294
2,170.0,good,359,317,-2.4075796317675833,17.24654670001786,35.608415469407326,16.5074332481248,2.533325731907584
2,170.0,good,362,317,-5.086098521074505,16.1875606201821,35.608415469407326,16.5074332481248,2.272694046788796
2,170.0,good,275,318,5.500228574779889,18.437308480998713,38.41653265147085,17.709788808573332,3.17116087386953
2,170.0,good,276,318,15.497295075689543,18.79949028705788,38.41653265147085,17.709788808573332,5.389684776252795
2,170.0,good,287,318,3.7138317119711552,19.65109969261898,38.41653265147085,17.709788808573332,2.4472850610650325
2,170.0,good,289,318,4.5949295265905175,16.082204416284604,38.41653265147085,17.709788808573332,3.0414899052457627
2,170.0,good,293,318,1.0668096601238606,18.500740269352434,38.41653265147085,17.709788808573332,2.6051217017713793
2,170.0,good,298,318,10.757995837543199,17.80843291960065,38.41653265147085,17.709788808573332,4.118471055714324
2,170.0,good,302,318,2.8134235962607415,17.332244110157916,38.41653265147085,17.709788808573332,2.808497213828921
2,170.0,good,304,318,9.228782077737478,19.346558348666797,38.41653265147085,17.709788808573332,3.2949330518531084
2,170.0,good,305,318,7.269750711902891,17.26977460537563,38.41653265147085,17.709788808573332,3.449778029204669
2,170.0,good,322,318,22.905821038719814,18.83140161953035,38.41653265147085,17.709788808573332,5.86270029443164
2,170.0,good,325,318,0.14609190469047517,16.14291747054356,38.41653265147085,17.709788808573332,2.5066885277056925
2,170.0,good,332,318,25.800921221522152,17.321289504304413,38.41653265147085,17.709788808573332,11.419477536568479
2,170.0,good,334,318,19.061721160511198,18.051014749829125,38.41653265147085,17.709788808573332,6.778042854920165
2,170.0,good,349,318,-1.4861350813754963,19.571162940381043,38.41653265147085,17.709788808573332,2.345391656351174
2,170.0,good,359,318,-2.4075796317675833,17.24654670001786,38.41653265147085,17.709788808573332,2.2611183702272815
2,170.0,good,362,318,-5.086098521074505,16.1875606201821,38.41653265147085,17.709788808573332,2.0403873441742864
2,170.0,good,273,319,5.947049970708333,23.982987917700154,26.079266728594238,24.857858485509635,6.43281017704691
2,170.0,good,285,319,9.482135121675508,25.361221825431517,26.079266728594238,24.857858485509635,8.25644890223834
2,170.0,good,291,319,7.1969595034159015,26.300390497824132,26.079266728594238,24.857858485509635,3.256727256486204
2,170.0,good,300,319,11.57632559431997,24.024772537224475,26.079266728594238,24.857858485509635,9.027581398773128
2,170.0,good,331,319,22.33460113518931,24.639129631313107,26.079266728594238,24.857858485509635,30.394363580264343
2,170.0,good,346,319,14.464586109565765,24.871500647225183,26.079266728594238,24.857858485509635,12.501590136935095
2,170.0,good,355,319,-3.4313444960024944,25.568432261065816,26.079266728594238,24.857858485509635,3.7414108860508133
2,170.0,good,373,319,-10.366637987998892,24.304012719715015,26.079266728594238,24.857858485509635,2.707497399688267
2,170.0,good,381,319,-16.540047231660417,23.30829845899992,26.079266728594238,24.857858485509635,2.1094660436802837
2,170.0,good,382,319,-13.37911592837007,26.44781400812019,26.079266728594238,24.857858485509635,2.387718263181412
2,170.0,good,275,320,5.500228574779889,18.437308480998713,37.34920309877114,19.720142278375423,3.3349802101078274
2,170.0,good,276,320,15.497295075689543,18.79949028705788,37.34920309877114,19.720142278375423,5.756943882162885
2,170.0,good,287,320,3.7138317119711552,19.65109969261898,37.34920309877114,19.720142278375423,3.067506902542911
2,170.0,good,293,320,1.0668096601238606,18.500740269352434,37.34920309877114,19.720142278375423,2.726661852801545
2,170.0,good,303,320,7.5127664246872286,20.48403804838936,37.34920309877114,19.720142278375423,3.6804585698642818
2,170.0,good,304,320,9.228782077737478,19.346558348666797,37.34920309877114,19.720142278375423,4.0192731776587065
2,170.0,good,306,320,11.994107468632087,20.206995758263826,37.34920309877114,19.720142278375423,4.672602848655752
2,170.0,good,308,320,1.2098317830910994,20.708613302303807,37.34920309877114,19.720142278375423,2.743592182444366
2,170.0,good,322,320,22.905821038719814,18.83140161953035,37.34920309877114,19.720142278375423,8.482472817365554
2,170.0,good,349,320,-1.4861350813754963,19.571162940381043,37.34920309877114,19.720142278375423,2.449032243191552
2,170.0,good,363,321,-3.1352794872973044,12.02571527050635,1.0024458665374198,12.627097458355237,16.161820057828457
2,170.0,good,368,321,-8.629406776044625,11.854421273590084,1.0024458665374198,12.627097458355237,10.74884757910569
2,170.0,good,372,321,-4.9040903015256205,13.259018312113161,1.0024458665374198,12.627097458355237,14.697605817513052
2,170.0,good,394,321,-18.49557149301026,14.062605822872408,1.0024458665374198,12.627097458355237,3.447690379290711
2,170.0,good,396,321,-27.24552416356571,11.909471436553602,1.0024458665374198,12.627097458355237,3.9925109984924516
2,170.0,good,400,321,-34.43308671600659,11.363165695814848,1.0024458665374198,12.627097458355237,2.829252157783019
2,170.0,good,404,321,-15.920032065248385,12.21254505164266,1.0024458665374198,12.627097458355237,8.058103526473516
2,170.0,good,440,321,-42.46332005687881,13.847893042898644,1.0024458665374198,12.627097458355237,2.0432020544387632
2,170.0,good,275,322,5.500228574779889,18.437308480998713,22.905821038719814,18.83140161953035,7.776506001274708
2,170.0,good,276,322,15.497295075689543,18.79949028705788,22.905821038719814,18.83140161953035,19.272537656186334
2,170.0,good,287,322,3.7138317119711552,19.65109969261898,22.905821038719814,18.83140161953035,6.853864572655542
2,170.0,good,293,322,1.0668096601238606,18.500740269352434,22.905821038719814,18.83140161953035,5.761608618420232
2,170.0,good,298,322,10.757995837543199,17.80843291960065,22.905821038719814,18.83140161953035,6.644495346583983
2,170.0,good,302,322,2.8134235962607415,17.332244110157916,22.905821038719814,18.83140161953035,3.0411458399115734
2,170.0,good,304,322,9.228782077737478,19.346558348666797,22.905821038719814,18.83140161953035,10.418570249427814
2,170.0,good,334,322,19.061721160511198,18.051014749829125,22.905821038719814,18.83140161953035,9.775113628032049
2,170.0,good,349,322,-1.4861350813754963,19.571162940381043,22.905821038719814,18.83140161953035,4.937977946173656
2,170.0,good,359,322,-2.4075796317675833,17.24654670001786,22.905821038719814,18.83140161953035,3.2722398917824504
2,170.0,good,383,322,-10.281847318724301,19.29465324047776,22.905821038719814,18.83140161953035,3.1314348930252964
2,170.0,good,412,322,-15.869090535166876,17.083266953529986,22.905821038719814,18.83140161953035,2.455104150723782
2,170.0,good,278,323,10.213839381136296,21.73213688085111,18.58430555441769,21.80853084576271,17.307030043086378
2,170.0,good,279,323,5.716191377251054,21.720650974151827,18.58430555441769,21.80853084576271,11.168689006955212
2,170.0,good,281,323,8.412468387893078,22.984315087112325,18.58430555441769,21.80853084576271,3.613782972845905
2,170.0,good,288,323,13.212799953505941,22.524022347828407,18.58430555441769,21.80853084576271,12.236516412021151
2,170.0,good,308,323,1.2098317830910994,20.708613302303807,18.58430555441769,21.80853084576271,6.216241532010815
2,170.0,good,310,323,3.3332150491146257,22.69385891497818,18.58430555441769,21.80853084576271,8.37455657117679
2,170.0,good,371,323,-6.916974491363527,22.379869039501624,18.58430555441769,21.80853084576271,4.634201112897633
2,170.0,good,381,323,-16.540047231660417,23.30829845899992,18.58430555441769,21.80853084576271,2.8684080334189916
2,170.0,good,409,323,-24.187515095610973,22.423965299957537,18.58430555441769,21.80853084576271,2.0972912570705127
2,170.0,good,559,324,4.352195954779371,-1.9115948978296586,15.988937532765252,-1.2854233805241901,12.217211016122755
2,170.0,good,560,324,1.563037838756689,0.041830608949178255,15.988937532765252,-1.2854233805241901,3.2097937097685723
2,170.0,good,362,325,-5.086098521074505,16.1875606201821,0.14609190469047517,16.14291747054356,25.173185790576447
2,170.0,good,379,325,-13.093679321761432,15.577179688143657,0.14609190469047517,16.14291747054356,10.814319715075325
2,170.0,good,393,325,-35.2885498793227,17.70387499106338,0.14609190469047517,16.14291747054356,2.8293631003710193
2,170.0,good,406,325,-21.204973508110214,15.400837687788592,0.14609190469047517,16.14291747054356,5.9423508999658585
2,170.0,good,407,325,-23.794104491163438,17.133112513396394,0.14609190469047517,16.14291747054356,5.070306344236725
2,170.0,good,412,325,-15.869090535166876,17.083266953529986,0.14609190469047517,16.14291747054356,7.749339428108007
2,170.0,good,277,326,13.586090774780036,8.264122896108141,25.322359195716388,9.486329144875302,3.5814578734385836
2,170.0,good,295,326,10.60607587246594,9.691567147769634,25.322359195716388,9.486329144875302,9.560851487568407
2,170.0,good,297,326,6.06061220279807,8.767510091136435,25.322359195716388,9.486329144875302,6.821225392950154
2,170.0,good,299,326,4.540277797450285,10.200017269819385,25.322359195716388,9.486329144875302,6.164061135744667
2,170.0,good,336,326,2.1911515480154664,8.442157616236043,25.322359195716388,9.486329144875302,5.320940090773638
2,170.0,good,354,326,-1.3385229663514586,10.831700206442463,25.322359195716388,9.486329144875302,4.333914105804771
2,170.0,good,358,326,0.4157834804110623,9.648662350999354,25.322359195716388,9.486329144875302,4.793452271957107
2,170.0,good,361,326,-2.281092866785944,8.493102162421621,25.322359195716388,9.486329144875302,4.130546070506548
2,170.0,good,364,326,-4.069387896321083,9.73220076219287,25.322359195716388,9.486329144875302,3.764024278977618
2,170.0,good,367,326,-6.717062398909013,8.518646762307643,25.322359195716388,9.486329144875302,3.304832385153242
2,170.0,good,370,326,-9.34374112504031,7.439056681980907,25.322359195716388,9.486329144875302,2.081449251263771
2,170.0,good,377,326,-5.788942850834659,10.875210488253634,25.322359195716388,9.486329144875302,3.4557350563574736
2,170.0,good,378,326,-8.482858904011735,9.758122566899278,25.322359195716388,9.486329144875302,3.043765625397371
2,170.0,good,411,326,-11.078589756918785,8.636807993084503,25.322359195716388,9.486329144875302,2.712746282743005
2,170.0,good,283,327,5.734661292265347,12.541476665058688,19.472546955045683,12.603226113523041,10.365227405772828
2,170.0,good,294,327,2.7678375521345346,11.421910668616103,19.472546955045683,12.603226113523041,5.366154178546225
2,170.0,good,307,327,8.456600725822343,13.415290470451033,19.472546955045683,12.603226113523041,9.921665143744542
2,170.0,good,311,327,3.6892532735803507,13.74959887600015,19.472546955045683,12.603226113523041,5.61954591773197
2,170.0,good,321,327,1.0024458665374198,12.627097458355237,19.472546955045683,12.603226113523041,7.205844460921251
2,170.0,good,337,327,-0.7570398021624942,13.804606501721226,19.472546955045683,12.603226113523041,5.4178375399000265
2,170.0,good,363,327,-3.1352794872973044,12.02571527050635,19.472546955045683,12.603226113523041,5.49312144106506
2,170.0,good,368,327,-8.629406776044625,11.854421273590084,19.472546955045683,12.603226113523041,4.023170251882148
2,170.0,good,372,327,-4.9040903015256205,13.259018312113161,19.472546955045683,12.603226113523041,4.94237983481127
2,170.0,good,374,327,-6.9611091780650725,14.076359189380305,19.472546955045683,12.603226113523041,3.924992513917633
2,170.0,good,377,327,-5.788942850834659,10.875210488253634,19.472546955045683,12.603226113523041,2.4155078413887585
2,170.0,good,394,327,-18.49557149301026,14.062605822872408,19.472546955045683,12.603226113523041,2.5383852459837564
2,170.0,good,404,327,-15.920032065248385,12.21254505164266,19.472546955045683,12.603226113523041,2.8346091548793253
2,170.0,good,282,328,10.416581019381018,2.3491338537797555,21.952859910366804,3.22221741796883,8.914707568946099
2,170.0,good,286,328,7.467061540331771,4.057351276691915,21.952859910366804,3.22221741796883,9.013168396611515
2,170.0,good,347,328,3.8862684091531228,4.506005504333411,21.952859910366804,3.22221741796883,4.549764765822741
2,170.0,good,375,328,-5.797423730818565,5.019113968528008,21.952859910366804,3.22221741796883,2.405630046179702
2,170.0,good,509,328,0.41592735141881454,3.7494693776583015,21.952859910366804,3.22221741796883,5.8725132213935085
2,170.0,good,562,328,2.182486452655549,2.31370965937033,21.952859910366804,3.22221741796883,6.590135382771817
2,170.0,good,563,328,-2.271987698190779,2.6565174726918546,21.952859910366804,3.22221741796883,4.986316667142071
2,170.0,good,564,328,-4.046806801558988,3.8133733575077806,21.952859910366804,3.22221741796883,4.506775678096093
2,170.0,good,284,329,12.41420129824782,26.477223334250922,15.665082280947091,27.19865262057223,11.664806965938993
2,170.0,good,291,329,7.1969595034159015,26.300390497824132,15.665082280947091,27.19865262057223,8.101913353077569
2,170.0,good,292,329,9.358661177835407,28.228287464359695,15.665082280947091,27.19865262057223,4.289343468406723
2,170.0,good,330,329,0.9541320775638553,28.30435537883592,15.665082280947091,27.19865262057223,5.942259086617593
2,170.0,good,360,329,-6.456717866595941,27.130961431724128,15.665082280947091,27.19865262057223,5.660608908857122
2,170.0,good,380,329,-16.665666856152313,28.624830668143318,15.665082280947091,27.19865262057223,3.25950005924907
2,170.0,good,382,329,-13.37911592837007,26.44781400812019,15.665082280947091,27.19865262057223,3.831332859246207
2,170.0,good,390,329,-22.834791201882656,27.30524313976972,15.665082280947091,27.19865262057223,2.483028421077237
2,170.0,good,395,329,-26.025478442897057,29.194535170672566,15.665082280947091,27.19865262057223,2.185950963563034
2,170.0,good,360,330,-6.456717866595941,27.130961431724128,0.9541320775638553,28.30435537883592,2.214138377859916
2,170.0,good,376,330,-8.98288701978069,29.082039024583015,0.9541320775638553,28.30435537883592,10.624672132411751
2,170.0,good,380,330,-16.665666856152313,28.624830668143318,0.9541320775638553,28.30435537883592,7.656351730947278
2,170.0,good,390,330,-22.834791201882656,27.30524313976972,0.9541320775638553,28.30435537883592,5.115807526296929
2,170.0,good,395,330,-26.025478442897057,29.194535170672566,0.9541320775638553,28.30435537883592,4.271085216145446
2,170.0,good,402,330,-29.81943005653548,26.538810302110086,0.9541320775638553,28.30435537883592,2.854675632364182
2,170.0,good,413,330,-36.146928761925565,29.787897465889206,0.9541320775638553,28.30435537883592,2.632700916320471
2,170.0,good,273,331,5.947049970708333,23.982987917700154,22.33460113518931,24.639129631313107,8.388121745030306
2,170.0,good,285,331,9.482135121675508,25.361221825431517,22.33460113518931,24.639129631313107,10.653459726003229
2,170.0,good,300,331,11.57632559431997,24.024772537224475,22.33460113518931,24.639129631313107,12.926167428955381
2,170.0,good,346,331,14.464586109565765,24.871500647225183,22.33460113518931,24.639129631313107,18.28997309541903
2,170.0,good,355,331,-3.4313444960024944,25.568432261065816,22.33460113518931,24.639129631313107,4.565869325767999
2,170.0,good,373,331,-10.366637987998892,24.304012719715015,22.33460113518931,24.639129631313107,3.203184442353401
2,170.0,good,381,331,-16.540047231660417,23.30829845899992,22.33460113518931,24.639129631313107,2.445094283456413
2,170.0,good,382,331,-13.37911592837007,26.44781400812019,22.33460113518931,24.639129631313107,2.776408518446341
2,170.0,good,275,332,5.500228574779889,18.437308480998713,25.800921221522152,17.321289504304413,5.9643885698245045
2,170.0,good,289,332,4.5949295265905175,16.082204416284604,25.800921221522152,17.321289504304413,5.161576780765191
2,170.0,good,293,332,1.0668096601238606,18.500740269352434,25.800921221522152,17.321289504304413,4.841171994338109
2,170.0,good,298,332,10.757995837543199,17.80843291960065,25.800921221522152,17.321289504304413,9.313068191715441
2,170.0,good,302,332,2.8134235962607415,17.332244110157916,25.800921221522152,17.321289504304413,5.3674024248446495
2,170.0,good,305,332,7.269750711902891,17.26977460537563,25.800921221522152,17.321289504304413,7.175030037032955
2,170.0,good,325,332,0.14609190469047517,16.14291747054356,25.800921221522152,17.321289504304413,4.594372231751505
2,170.0,good,334,332,19.061721160511198,18.051014749829125,25.800921221522152,17.321289504304413,11.868683129699747
2,170.0,good,359,332,-2.4075796317675833,17.24654670001786,25.800921221522152,17.321289504304413,4.000763743783991
2,170.0,good,362,332,-5.086098521074505,16.1875606201821,25.800921221522152,17.321289504304413,3.4937513260184216
2,170.0,good,379,332,-13.093679321761432,15.577179688143657,25.800921221522152,17.321289504304413,2.4430991756824456
2,170.0,good,383,332,-10.281847318724301,19.29465324047776,25.800921221522152,17.321289504304413,2.4123379819511723
2,170.0,good,412,332,-15.869090535166876,17.083266953529986,25.800921221522152,17.321289504304413,2.1876899980664173
2,170.0,good,301,333,3.9906201050637966,6.764498170630927,16.3488041302185,6.5450187075421695,11.683954287212192
2,170.0,good,351,333,1.2679205038946513,6.104405325748249,16.3488041302185,6.5450187075421695,9.28490010964054
2,170.0,good,353,333,-0.4935534611557767,7.29028208811692,16.3488041302185,6.5450187075421695,8.106279736853091
2,170.0,good,366,333,-3.1579500448663236,6.168655252948262,16.3488041302185,6.5450187075421695,6.708416599778573
2,170.0,good,369,333,-7.57720689662205,6.2448410295572865,16.3488041302185,6.5450187075421695,5.074547290993
2,170.0,good,370,333,-9.34374112504031,7.439056681980907,16.3488041302185,6.5450187075421695,4.584667711839825
2,170.0,good,375,333,-5.797423730818565,5.019113968528008,16.3488041302185,6.5450187075421695,3.2224774045944384
2,170.0,good,384,333,-4.957576730209098,7.341137718941655,16.3488041302185,6.5450187075421695,5.959326403563574
2,170.0,good,405,333,-18.825951993649372,6.408139223046355,16.3488041302185,6.5450187075421695,2.862010802045685
2,170.0,good,275,334,5.500228574779889,18.437308480998713,19.061721160511198,18.051014749829125,10.521006869721564
2,170.0,good,276,334,15.497295075689543,18.79949028705788,19.061721160511198,18.051014749829125,10.776562063556531
2,170.0,good,293,334,1.0668096601238606,18.500740269352434,19.061721160511198,18.051014749829125,7.452546665996819
2,170.0,good,298,334,10.757995837543199,17.80843291960065,19.061721160511198,18.051014749829125,17.43347335177699
2,170.0,good,302,334,2.8134235962607415,17.332244110157916,19.061721160511198,18.051014749829125,8.477359884249752
2,170.0,good,305,334,7.269750711902891,17.26977460537563,19.061721160511198,18.051014749829125,10.276387656392334
2,170.0,good,349,334,-1.4861350813754963,19.571162940381043,19.061721160511198,18.051014749829125,2.9685108038810197
2,170.0,good,359,334,-2.4075796317675833,17.24654670001786,19.061721160511198,18.051014749829125,5.89778198925207
2,170.0,good,383,334,-10.281847318724301,19.29465324047776,19.061721160511198,18.051014749829125,3.7732484805258015
2,170.0,good,407,334,-23.794104491163438,17.133112513396394,19.061721160511198,18.051014749829125,2.0906300064899743
2,170.0,good,412,334,-15.869090535166876,17.083266953529986,19.061721160511198,18.051014749829125,2.893172798273935
2,170.0,good,376,335,-8.98288701978069,29.082039024583015,-2.172100299702191,30.20911527504471,2.6524325338316235
2,170.0,good,395,335,-26.025478442897057,29.194535170672566,-2.172100299702191,30.20911527504471,5.096345670877845
2,170.0,good,397,335,-19.703653086374906,30.584639553700057,-2.172100299702191,30.20911527504471,7.705511787916132
2,170.0,good,413,335,-36.146928761925565,29.787897465889206,-2.172100299702191,30.20911527504471,3.0203313737530246
2,170.0,good,423,335,-31.81804705153798,32.01587206911074,-2.172100299702191,30.20911527504471,2.5834570848021987
2,170.0,good,428,335,-38.73589891392325,31.414555255379376,-2.172100299702191,30.20911527504471,2.69380464496671
2,170.0,good,231,336,-41.37958518850329,6.32020396462851,2.1911515480154664,8.442157616236043,2.035202670345773
2,170.0,good,361,336,-2.281092866785944,8.493102162421621,2.1911515480154664,8.442157616236043,27.886314754334123
2,170.0,good,367,336,-6.717062398909013,8.518646762307643,2.1911515480154664,8.442157616236043,16.336607938231
2,170.0,good,370,336,-9.34374112504031,7.439056681980907,2.1911515480154664,8.442157616236043,6.837043571814795
2,170.0,good,384,336,-4.957576730209098,7.341137718941655,2.1911515480154664,8.442157616236043,3.3433997290676776
2,170.0,good,411,336,-11.078589756918785,8.636807993084503,2.1911515480154664,8.442157616236043,10.786481219454041
2,170.0,good,372,337,-4.9040903015256205,13.259018312113161,-0.7570398021624942,13.804606501721226,18.212188254573086
2,170.0,good,374,337,-6.9611091780650725,14.076359189380305,-0.7570398021624942,13.804606501721226,22.244093616369913
2,170.0,good,394,337,-18.49557149301026,14.062605822872408,-0.7570398021624942,13.804606501721226,7.590947103276934
2,170.0,good,406,337,-21.204973508110214,15.400837687788592,-0.7570398021624942,13.804606501721226,2.3544513124810424
2,170.0,good,440,337,-42.46332005687881,13.847893042898644,-0.7570398021624942,13.804606501721226,2.184622037940394
2,170.0,good,365,338,-8.476235886519925,33.99465169564069,0.9614127177307505,33.315077104107665,12.544946458301572
2,170.0,good,414,338,-22.830291497408595,32.51496994135926,0.9614127177307505,33.315077104107665,5.114965535833674
2,170.0,good,416,338,-17.316150065763654,34.384734866756254,0.9614127177307505,33.315077104107665,6.4496880026615315
2,170.0,good,423,338,-31.81804705153798,32.01587206911074,0.9614127177307505,33.315077104107665,3.1914813449992816
2,170.0,good,424,338,-34.41684579802684,33.654643538736345,0.9614127177307505,33.315077104107665,2.8363985333076442
2,170.0,good,425,338,-28.391742482729526,34.837036778004055,0.9614127177307505,33.315077104107665,3.680267229681127
2,170.0,good,428,338,-38.73589891392325,31.414555255379376,0.9614127177307505,33.315077104107665,2.36481466225284
2,170.0,good,429,338,-37.000818201595706,35.24423227860048,0.9614127177307505,33.315077104107665,2.512897019927694
2,170.0,good,335,339,-2.172100299702191,30.20911527504471,3.672436713613406,31.228895164056762,4.218613934486257
2,170.0,good,352,339,-5.544241468713937,32.07461755025975,3.672436713613406,31.228895164056762,9.313775868579466
2,170.0,good,397,339,-19.703653086374906,30.584639553700057,3.672436713613406,31.228895164056762,5.243146486599989
2,170.0,good,413,339,-36.146928761925565,29.787897465889206,3.672436713613406,31.228895164056762,2.353241606283411
2,170.0,good,414,339,-22.830291497408595,32.51496994135926,3.672436713613406,31.228895164056762,4.383411597757654
2,170.0,good,423,339,-31.81804705153798,32.01587206911074,3.672436713613406,31.228895164056762,2.8224209774117006
2,170.0,good,428,339,-38.73589891392325,31.414555255379376,3.672436713613406,31.228895164056762,2.1264842312478818
2,170.0,good,292,340,9.358661177835407,28.228287464359695,14.418046124255277,28.70704310732694,19.895102247148415
2,170.0,good,330,340,0.9541320775638553,28.30435537883592,14.418046124255277,28.70704310732694,10.608695494113677
2,170.0,good,335,340,-2.172100299702191,30.20911527504471,14.418046124255277,28.70704310732694,2.1028138937014673
2,170.0,good,342,340,12.024870342354905,29.130224807190643,14.418046124255277,28.70704310732694,24.845811509249387
2,170.0,good,360,340,-6.456717866595941,27.130961431724128,14.418046124255277,28.70704310732694,2.6048695762977885
2,170.0,good,376,340,-8.98288701978069,29.082039024583015,14.418046124255277,28.70704310732694,5.235349767308527
2,170.0,good,380,340,-16.665666856152313,28.624830668143318,14.418046124255277,28.70704310732694,3.460377894517367
2,170.0,good,390,340,-22.834791201882656,27.30524313976972,14.418046124255277,28.70704310732694,2.6158155656144846
2,170.0,good,395,340,-26.025478442897057,29.194535170672566,14.418046124255277,28.70704310732694,2.2953665814386874
2,170.0,good,397,340,-19.703653086374906,30.584639553700057,14.418046124255277,28.70704310732694,2.6228086350329436
2,170.0,good,410,341,-25.72140748601994,1.7126532837272634,13.143079265217127,0.4544061956291736,2.446111328485792
2,170.0,good,479,341,-11.16370451579866,0.8158360961985249,13.143079265217127,0.4544061956291736,4.962527097371841
2,170.0,good,560,341,1.563037838756689,0.041830608949178255,13.143079265217127,0.4544061956291736,12.541756189498857
2,170.0,good,561,341,-0.5087044817754871,1.4371121764213015,13.143079265217127,0.4544061956291736,7.389075671237596
2,170.0,good,292,342,9.358661177835407,28.228287464359695,12.024870342354905,29.130224807190643,4.970551142866539
2,170.0,good,330,342,0.9541320775638553,28.30435537883592,12.024870342354905,29.130224807190643,9.691424656535034
2,170.0,good,335,342,-2.172100299702191,30.20911527504471,12.024870342354905,29.130224807190643,6.201684613137342
2,170.0,good,376,342,-8.98288701978069,29.082039024583015,12.024870342354905,29.130224807190643,6.074662973440863
2,170.0,good,380,342,-16.665666856152313,28.624830668143318,12.024870342354905,29.130224807190643,3.9016955879719215
2,170.0,good,390,342,-22.834791201882656,27.30524313976972,12.024870342354905,29.130224807190643,2.7763251151924866
2,170.0,good,395,342,-26.025478442897057,29.194535170672566,12.024870342354905,29.130224807190643,2.529704615172278
2,170.0,good,397,342,-19.703653086374906,30.584639553700057,12.024870342354905,29.130224807190643,3.354261112023798
2,170.0,good,282,343,10.416581019381018,2.3491338537797555,28.63543635745984,3.66871080726711,4.239387917226328
2,170.0,good,286,343,7.467061540331771,4.057351276691915,28.63543635745984,3.66871080726711,6.0122161553041575
2,170.0,good,328,343,21.952859910366804,3.22221741796883,28.63543635745984,3.66871080726711,19.15574708276605
2,170.0,good,345,343,19.195026559048536,4.899103378183359,28.63543635745984,3.66871080726711,2.435056893150005
2,170.0,good,347,343,3.8862684091531228,4.506005504333411,28.63543635745984,3.66871080726711,4.836977662695158
2,170.0,good,357,343,-1.4166655467067417,4.966397499761248,28.63543635745984,3.66871080726711,3.6409295616481354
2,170.0,good,375,343,-5.797423730818565,5.019113968528008,28.63543635745984,3.66871080726711,2.958382764960921
2,170.0,good,509,343,0.41592735141881454,3.7494693776583015,28.63543635745984,3.66871080726711,3.998459440190684
2,170.0,good,562,343,2.182486452655549,2.31370965937033,28.63543635745984,3.66871080726711,4.345326835236082
2,170.0,good,563,343,-2.271987698190779,2.6565174726918546,28.63543635745984,3.66871080726711,3.4902668818825284
2,170.0,good,564,343,-4.046806801558988,3.8133733575077806,28.63543635745984,3.66871080726711,3.2060362660937973
2,170.0,good,283,344,5.734661292265347,12.541476665058688,22.41249882772052,11.10050971963073,2.7051559746407667
2,170.0,good,290,344,7.251477939523954,11.059116405290158,22.41249882772052,11.10050971963073,9.2258499178608
2,170.0,good,294,344,2.7678375521345346,11.421910668616103,22.41249882772052,11.10050971963073,6.6461466078985145
2,170.0,good,299,344,4.540277797450285,10.200017269819385,22.41249882772052,11.10050971963073,7.509246347562455
2,170.0,good,321,344,1.0024458665374198,12.627097458355237,22.41249882772052,11.10050971963073,3.0881720368222445
2,170.0,good,354,344,-1.3385229663514586,10.831700206442463,22.41249882772052,11.10050971963073,5.127303804880729
2,170.0,good,358,344,0.4157834804110623,9.648662350999354,22.41249882772052,11.10050971963073,3.7338072821640895
2,170.0,good,363,344,-3.1352794872973044,12.02571527050635,22.41249882772052,11.10050971963073,4.622085509030023
2,170.0,good,364,344,-4.069387896321083,9.73220076219287,22.41249882772052,11.10050971963073,4.309102377501857
2,170.0,good,368,344,-8.629406776044625,11.854421273590084,22.41249882772052,11.10050971963073,3.4674313197228503
2,170.0,good,377,344,-5.788942850834659,10.875210488253634,22.41249882772052,11.10050971963073,4.002242468067693
2,170.0,good,378,344,-8.482858904011735,9.758122566899278,22.41249882772052,11.10050971963073,3.492326817588725
2,170.0,good,404,344,-15.920032065248385,12.21254505164266,22.41249882772052,11.10050971963073,2.500252254547165
2,170.0,good,286,345,7.467061540331771,4.057351276691915,19.195026559048536,4.899103378183359,9.392717331861716
2,170.0,good,347,345,3.8862684091531228,4.506005504333411,19.195026559048536,4.899103378183359,9.118454398528392
2,170.0,good,351,345,1.2679205038946513,6.104405325748249,19.195026559048536,4.899103378183359,5.269343865613894
2,170.0,good,357,345,-1.4166655467067417,4.966397499761248,19.195026559048536,4.899103378183359,6.2328722977377
2,170.0,good,366,345,-3.1579500448663236,6.168655252948262,19.195026559048536,4.899103378183359,4.964297005127809
2,170.0,good,369,345,-7.57720689662205,6.2448410295572865,19.195026559048536,4.899103378183359,4.31424543004232
2,170.0,good,375,345,-5.797423730818565,5.019113968528008,19.195026559048536,4.899103378183359,4.7699540272834415
2,170.0,good,405,345,-18.825951993649372,6.408139223046355,19.195026559048536,4.899103378183359,2.5327999595771082
2,170.0,good,509,345,0.41592735141881454,3.7494693776583015,19.195026559048536,4.899103378183359,5.803352685084564
2,170.0,good,564,345,-4.046806801558988,3.8133733575077806,19.195026559048536,4.899103378183359,5.285583837882383
2,170.0,good,273,346,5.947049970708333,23.982987917700154,14.464586109565765,24.871500647225183,8.320275210652897
2,170.0,good,285,346,9.482135121675508,25.361221825431517,14.464586109565765,24.871500647225183,19.60450919401707
2,170.0,good,300,346,11.57632559431997,24.024772537224475,14.464586109565765,24.871500647225183,6.96027205205753
2,170.0,good,355,346,-3.4313444960024944,25.568432261065816,14.464586109565765,24.871500647225183,7.505527040632335
2,170.0,good,373,346,-10.366637987998892,24.304012719715015,14.464586109565765,24.871500647225183,4.814214394731047
2,170.0,good,381,346,-16.540047231660417,23.30829845899992,14.464586109565765,24.871500647225183,3.4637867057761347
2,170.0,good,382,346,-13.37911592837007,26.44781400812019,14.464586109565765,24.871500647225183,3.501437469680323
2,170.0,good,408,346,-26.99710118324353,24.749188945545182,14.464586109565765,24.871500647225183,2.2054380292768334
2,170.0,good,357,347,-1.4166655467067417,4.966397499761248,3.8862684091531228,4.506005504333411,20.24377662658016
2,170.0,good,375,347,-5.797423730818565,5.019113968528008,3.8862684091531228,4.506005504333411,14.90065475254198
2,170.0,good,403,347,-33.9041208811096,4.873087443986635,3.8862684091531228,4.506005504333411,2.5573005118906083
2,170.0,good,509,347,0.41592735141881454,3.7494693776583015,3.8862684091531228,4.506005504333411,10.453029213810943
2,170.0,good,564,347,-4.046806801558988,3.8133733575077806,3.8862684091531228,4.506005504333411,12.665069581341747
2,170.0,good,388,348,-11.532510988383459,35.93020924903218,-2.1292315011708105,35.51535488469746,15.51360120695741
2,170.0,good,416,348,-17.316150065763654,34.384734866756254,-2.1292315011708105,35.51535488469746,5.7147318938810185
2,170.0,good,419,348,-20.084462934710245,36.2315749825316,-2.1292315011708105,35.51535488469746,7.473718189725267
2,170.0,good,420,348,-39.58683170235871,36.88320676510792,-2.1292315011708105,35.51535488469746,2.5932916114601645
2,170.0,good,424,348,-34.41684579802684,33.654643538736345,-2.1292315011708105,35.51535488469746,2.583040029394692
2,170.0,good,425,348,-28.391742482729526,34.837036778004055,-2.1292315011708105,35.51535488469746,4.441678861075783
2,170.0,good,426,348,-31.76569380402615,36.939665592360974,-2.1292315011708105,35.51535488469746,3.717689643327892
2,170.0,good,429,348,-37.000818201595706,35.24423227860048,-2.1292315011708105,35.51535488469746,2.900815105449978
2,170.0,good,383,349,-10.281847318724301,19.29465324047776,-1.4861350813754963,19.571162940381043,16.532758705106453
2,170.0,good,392,349,-26.39245137527059,18.86530085216542,-1.4861350813754963,19.571162940381043,4.793523521455834
2,170.0,good,393,349,-35.2885498793227,17.70387499106338,-1.4861350813754963,19.571162940381043,2.6429438556085176
2,170.0,good,398,349,-28.72590564608294,21.029341039755693,-1.4861350813754963,19.571162940381043,3.975054456200703
2,170.0,good,446,349,-42.6840679951388,21.161068168877062,-1.4861350813754963,19.571162940381043,2.2282198975924596
2,170.0,good,341,350,13.143079265217127,0.4544061956291736,26.918334096359636,0.3653024277068493,10.332669561352755
2,170.0,good,479,350,-11.16370451579866,0.8158360961985249,26.918334096359636,0.3653024277068493,2.526371167344763
2,170.0,good,560,350,1.563037838756689,0.041830608949178255,26.918334096359636,0.3653024277068493,4.672549818422734
2,170.0,good,561,350,-0.5087044817754871,1.4371121764213015,26.918334096359636,0.3653024277068493,4.169576749370759
2,170.0,good,231,351,-41.37958518850329,6.32020396462851,1.2679205038946513,6.104405325748249,2.1072074911241225
2,170.0,good,366,351,-3.1579500448663236,6.168655252948262,1.2679205038946513,6.104405325748249,28.065891410789824
2,170.0,good,369,351,-7.57720689662205,6.2448410295572865,1.2679205038946513,6.104405325748249,16.446168910815466
2,170.0,good,375,351,-5.797423730818565,5.019113968528008,1.2679205038946513,6.104405325748249,3.5969036690248926
2,170.0,good,403,351,-33.9041208811096,4.873087443986635,1.2679205038946513,6.104405325748249,2.862354813304967
2,170.0,good,405,351,-18.825951993649372,6.408139223046355,1.2679205038946513,6.104405325748249,6.449213415984199
2,170.0,good,414,352,-22.830291497408595,32.51496994135926,-5.544241468713937,32.07461755025975,7.84479429074506
2,170.0,good,423,352,-31.81804705153798,32.01587206911074,-5.544241468713937,32.07461755025975,4.438913274139855
2,170.0,good,424,352,-34.41684579802684,33.654643538736345,-5.544241468713937,32.07461755025975,3.508723523763674
2,170.0,good,428,352,-38.73589891392325,31.414555255379376,-5.544241468713937,32.07461755025975,3.130856494671956
2,170.0,good,466,352,-47.49799663990801,33.22764862203043,-5.544241468713937,32.07461755025975,2.163859283731446
2,170.0,good,231,353,-41.37958518850329,6.32020396462851,-0.4935534611557767,7.29028208811692,2.2556189431504685
2,170.0,good,369,353,-7.57720689662205,6.2448410295572865,-0.4935534611557767,7.29028208811692,4.4080139410818475
2,170.0,good,370,353,-9.34374112504031,7.439056681980907,-0.4935534611557767,7.29028208811692,16.43734026918579
2,170.0,good,384,353,-4.957576730209098,7.341137718941655,-0.4935534611557767,7.29028208811692,27.918024135196013
2,170.0,good,405,353,-18.825951993649372,6.408139223046355,-0.4935534611557767,7.29028208811692,7.276059096880388
2,170.0,good,368,354,-8.629406776044625,11.854421273590084,-1.3385229663514586,10.831700206442463,4.9928957872307365
2,170.0,good,377,354,-5.788942850834659,10.875210488253634,-1.3385229663514586,10.831700206442463,27.970612001969407
2,170.0,good,378,354,-8.482858904011735,9.758122566899278,-1.3385229663514586,10.831700206442463,3.87338715396694
2,170.0,good,396,354,-27.24552416356571,11.909471436553602,-1.3385229663514586,10.831700206442463,4.530067044973582
2,170.0,good,400,354,-34.43308671600659,11.363165695814848,-1.3385229663514586,10.831700206442463,3.144980265623304
2,170.0,good,404,354,-15.920032065248385,12.21254505164266,-1.3385229663514586,10.831700206442463,2.6625499806792856
2,170.0,good,382,355,-13.37911592837007,26.44781400812019,-3.4313444960024944,25.568432261065816,8.731401779196426
2,170.0,good,399,355,-34.27621005278788,24.189818169448962,-3.4313444960024944,25.568432261065816,3.5009665409163824
2,170.0,good,402,355,-29.81943005653548,26.538810302110086,-3.4313444960024944,25.568432261065816,4.41107546265625
2,170.0,good,408,355,-26.99710118324353,24.749188945545182,-3.4313444960024944,25.568432261065816,5.184059980296314
2,170.0,good,434,355,-47.2277012230283,25.60729955188031,-3.4313444960024944,25.568432261065816,2.0181673342089512
2,170.0,good,374,356,-6.9611091780650725,14.076359189380305,-2.5432036048796753,15.011259023997404,5.370503215493785
2,170.0,good,379,356,-13.093679321761432,15.577179688143657,-2.5432036048796753,15.011259023997404,13.592503416645748
2,170.0,good,394,356,-18.49557149301026,14.062605822872408,-2.5432036048796753,15.011259023997404,7.683294563191997
2,170.0,good,406,356,-21.204973508110214,15.400837687788592,-2.5432036048796753,15.011259023997404,7.109791937834944
2,170.0,good,440,356,-42.46332005687881,13.847893042898644,-2.5432036048796753,15.011259023997404,2.3437523601688555
2,170.0,good,231,357,-41.37958518850329,6.32020396462851,-1.4166655467067417,4.966397499761248,2.339738299110455
2,170.0,good,375,357,-5.797423730818565,5.019113968528008,-1.4166655467067417,4.966397499761248,28.24225271459153
2,170.0,good,403,357,-33.9041208811096,4.873087443986635,-1.4166655467067417,4.966397499761248,3.23550041535246
2,170.0,good,405,357,-18.825951993649372,6.408139223046355,-1.4166655467067417,4.966397499761248,2.902261347314066
2,170.0,good,364,358,-4.069387896321083,9.73220076219287,0.4157834804110623,9.648662350999354,27.836563948302572
2,170.0,good,367,358,-6.717062398909013,8.518646762307643,0.4157834804110623,9.648662350999354,2.7966906714434634
2,170.0,good,378,358,-8.482858904011735,9.758122566899278,0.4157834804110623,9.648662350999354,16.353160075489477
2,170.0,good,400,358,-34.43308671600659,11.363165695814848,0.4157834804110623,9.648662350999354,2.903754446679366
2,170.0,good,411,358,-11.078589756918785,8.636807993084503,0.4157834804110623,9.648662350999354,6.689055726488897
2,170.0,good,392,359,-26.39245137527059,18.86530085216542,-2.4075796317675833,17.24654670001786,2.886743739745692
2,170.0,good,393,359,-35.2885498793227,17.70387499106338,-2.4075796317675833,17.24654670001786,3.176389086757815
2,170.0,good,407,359,-23.794104491163438,17.133112513396394,-2.4075796317675833,17.24654670001786,5.9289315458082665
2,170.0,good,412,359,-15.869090535166876,17.083266953529986,-2.4075796317675833,17.24654670001786,10.610868885349705
2,170.0,good,382,360,-13.37911592837007,26.44781400812019,-6.456717866595941,27.130961431724128,13.074101794960866
2,170.0,good,390,360,-22.834791201882656,27.30524313976972,-6.456717866595941,27.130961431724128,8.394150651449642
2,170.0,good,402,360,-29.81943005653548,26.538810302110086,-6.456717866595941,27.130961431724128,5.247352069831395
2,170.0,good,434,360,-47.2277012230283,25.60729955188031,-6.456717866595941,27.130961431724128,2.265853108041813
2,170.0,good,231,361,-41.37958518850329,6.32020396462851,-2.281092866785944,8.493102162421621,2.0004911792065485
2,170.0,good,367,361,-6.717062398909013,8.518646762307643,-2.281092866785944,8.493102162421621,28.026636987642227
2,170.0,good,370,361,-9.34374112504031,7.439056681980907,-2.281092866785944,8.493102162421621,4.219537690736947
2,170.0,good,411,361,-11.078589756918785,8.636807993084503,-2.281092866785944,8.493102162421621,16.529619581488518
2,170.0,good,379,362,-13.093679321761432,15.577179688143657,-5.086098521074505,16.1875606201821,14.49147291801211
2,170.0,good,393,362,-35.2885498793227,17.70387499106338,-5.086098521074505,16.1875606201821,3.6103103283199114
2,170.0,good,406,362,-21.204973508110214,15.400837687788592,-5.086098521074505,16.1875606201821,8.561580973987306
2,170.0,good,407,362,-23.794104491163438,17.133112513396394,-5.086098521074505,16.1875606201821,7.0717691093158495
2,170.0,good,412,362,-15.869090535166876,17.083266953529986,-5.086098521074505,16.1875606201821,8.514147421228628
2,170.0,good,368,363,-8.629406776044625,11.854421273590084,-3.1352794872973044,12.02571527050635,24.329246743694735
2,170.0,good,396,363,-27.24552416356571,11.909471436553602,-3.1352794872973044,12.02571527050635,5.019878811548263
2,170.0,good,400,363,-34.43308671600659,11.363165695814848,-3.1352794872973044,12.02571527050635,3.4245926206361603
2,170.0,good,404,363,-15.920032065248385,12.21254505164266,-3.1352794872973044,12.02571527050635,11.250563317528849
2,170.0,good,440,363,-42.46332005687881,13.847893042898644,-3.1352794872973044,12.02571527050635,2.4003533224974136
2,170.0,good,378,364,-8.482858904011735,9.758122566899278,-4.069387896321083,9.73220076219287,28.114200921051385
2,170.0,good,400,364,-34.43308671600659,11.363165695814848,-4.069387896321083,9.73220076219287,3.334414191679771
2,170.0,good,411,364,-11.078589756918785,8.636807993084503,-4.069387896321083,9.73220076219287,3.3677383629372706
2,170.0,good,416,365,-17.316150065763654,34.384734866756254,-8.476235886519925,33.99465169564069,16.455271858853163
2,170.0,good,424,365,-34.41684579802684,33.654643538736345,-8.476235886519925,33.99465169564069,4.521598711037217
2,170.0,good,425,365,-28.391742482729526,34.837036778004055,-8.476235886519925,33.99465169564069,6.526347262867067
2,170.0,good,429,365,-37.000818201595706,35.24423227860048,-8.476235886519925,33.99465169564069,3.9353831738417124
2,170.0,good,455,365,-50.19833626033383,35.56444274148607,-8.476235886519925,33.99465169564069,2.183285831752706
2,170.0,good,466,365,-47.49799663990801,33.22764862203043,-8.476235886519925,33.99465169564069,2.43044103879401
2,170.0,good,231,366,-41.37958518850329,6.32020396462851,-3.1579500448663236,6.168655252948262,2.5117651849414746
2,170.0,good,369,366,-7.57720689662205,6.2448410295572865,-3.1579500448663236,6.168655252948262,28.09164334419257
2,170.0,good,403,366,-33.9041208811096,4.873087443986635,-3.1579500448663236,6.168655252948262,3.517947050846727
2,170.0,good,405,366,-18.825951993649372,6.408139223046355,-3.1579500448663236,6.168655252948262,8.865000711461978
2,170.0,good,411,367,-11.078589756918785,8.636807993084503,-6.717062398909013,8.518646762307643,28.317939021657107
2,170.0,good,433,367,-48.26984469491805,9.733149019489488,-6.717062398909013,8.518646762307643,2.1976507916551045
2,170.0,good,396,368,-27.24552416356571,11.909471436553602,-8.629406776044625,11.854421273590084,7.1324951432922985
2,170.0,good,400,368,-34.43308671600659,11.363165695814848,-8.629406776044625,11.854421273590084,4.556250251242333
2,170.0,good,404,368,-15.920032065248385,12.21254505164266,-8.629406776044625,11.854421273590084,19.53626347158071
2,170.0,good,433,368,-48.26984469491805,9.733149019489488,-8.629406776044625,11.854421273590084,2.1511930843976406
2,170.0,good,440,368,-42.46332005687881,13.847893042898644,-8.629406776044625,11.854421273590084,2.2053045141701406
2,170.0,good,231,369,-41.37958518850329,6.32020396462851,-7.57720689662205,6.2448410295572865,3.044160306692763
2,170.0,good,403,369,-33.9041208811096,4.873087443986635,-7.57720689662205,6.2448410295572865,4.31433673090858
2,170.0,good,405,369,-18.825951993649372,6.408139223046355,-7.57720689662205,6.2448410295572865,12.935890437591027
2,170.0,good,231,370,-41.37958518850329,6.32020396462851,-9.34374112504031,7.439056681980907,3.3053949357203614
2,170.0,good,405,370,-18.825951993649372,6.408139223046355,-9.34374112504031,7.439056681980907,5.790962186030085
2,170.0,good,381,371,-16.540047231660417,23.30829845899992,-6.916974491363527,22.379869039501624,7.753949981121075
2,170.0,good,391,371,-31.627163119802752,22.443491739677505,-6.916974491363527,22.379869039501624,4.847847552646581
2,170.0,good,398,371,-28.72590564608294,21.029341039755693,-6.916974491363527,22.379869039501624,4.43216394627113
2,170.0,good,399,371,-34.27621005278788,24.189818169448962,-6.916974491363527,22.379869039501624,2.2813060028918706
2,170.0,good,409,371,-24.187515095610973,22.423965299957537,-6.916974491363527,22.379869039501624,7.853719881475207
2,170.0,good,446,371,-42.6840679951388,21.161068168877062,-6.916974491363527,22.379869039501624,2.7884074614836307
2,170.0,good,374,372,-6.9611091780650725,14.076359189380305,-4.9040903015256205,13.259018312113161,7.3734725870180515
2,170.0,good,394,372,-18.49557149301026,14.062605822872408,-4.9040903015256205,13.259018312113161,9.56584184016645
2,170.0,good,396,372,-27.24552416356571,11.909471436553602,-4.9040903015256205,13.259018312113161,4.472271413802462
2,170.0,good,400,372,-34.43308671600659,11.363165695814848,-4.9040903015256205,13.259018312113161,2.1512176335614765
2,170.0,good,404,372,-15.920032065248385,12.21254505164266,-4.9040903015256205,13.259018312113161,6.011320966596126
2,170.0,good,440,372,-42.46332005687881,13.847893042898644,-4.9040903015256205,13.259018312113161,2.5822202179334615
2,170.0,good,381,373,-16.540047231660417,23.30829845899992,-10.366637987998892,24.304012719715015,4.968625630000401
2,170.0,good,399,373,-34.27621005278788,24.189818169448962,-10.366637987998892,24.304012719715015,5.079468645398435
2,170.0,good,408,373,-26.99710118324353,24.749188945545182,-10.366637987998892,24.304012719715015,8.235793735359291
2,170.0,good,432,373,-53.50225443337601,24.798374728446365,-10.366637987998892,24.304012719715015,2.068671138182707
2,170.0,good,434,373,-47.2277012230283,25.60729955188031,-10.366637987998892,24.304012719715015,2.659736576617217
2,170.0,good,394,374,-18.49557149301026,14.062605822872408,-6.9611091780650725,14.076359189380305,12.594903285044568
2,170.0,good,406,374,-21.204973508110214,15.400837687788592,-6.9611091780650725,14.076359189380305,3.1820631810364723
2,170.0,good,440,374,-42.46332005687881,13.847893042898644,-6.9611091780650725,14.076359189380305,2.82096634099977
2,170.0,good,231,375,-41.37958518850329,6.32020396462851,-5.797423730818565,5.019113968528008,2.81107913559669
2,170.0,good,403,375,-33.9041208811096,4.873087443986635,-5.797423730818565,5.019113968528008,4.0221687273885
2,170.0,good,405,375,-18.825951993649372,6.408139223046355,-5.797423730818565,5.019113968528008,2.0041332037941597
2,170.0,good,380,376,-16.665666856152313,28.624830668143318,-8.98288701978069,29.082039024583015,17.810060452987155
2,170.0,good,395,376,-26.025478442897057,29.194535170672566,-8.98288701978069,29.082039024583015,7.986680087082726
2,170.0,good,413,376,-36.146928761925565,29.787897465889206,-8.98288701978069,29.082039024583015,4.228798810029328
2,170.0,good,368,377,-8.629406776044625,11.854421273590084,-5.788942850834659,10.875210488253634,2.8934837153409196
2,170.0,good,396,377,-27.24552416356571,11.909471436553602,-5.788942850834659,10.875210488253634,5.902552493914424
2,170.0,good,400,377,-34.43308671600659,11.363165695814848,-5.788942850834659,10.875210488253634,3.911069392184099
2,170.0,good,433,377,-48.26984469491805,9.733149019489488,-5.788942850834659,10.875210488253634,2.1206076465988386
2,170.0,good,400,378,-34.43308671600659,11.363165695814848,-8.482858904011735,9.758122566899278,3.224733975383687
2,170.0,good,433,378,-48.26984469491805,9.733149019489488,-8.482858904011735,9.758122566899278,2.3563035309147655
2,170.0,good,406,379,-21.204973508110214,15.400837687788592,-13.093679321761432,15.577179688143657,17.805900082185524
2,170.0,good,440,379,-42.46332005687881,13.847893042898644,-13.093679321761432,15.577179688143657,2.91048465879411
2,170.0,good,395,380,-26.025478442897057,29.194535170672566,-16.665666856152313,28.624830668143318,14.47222900639818
2,170.0,good,413,380,-36.146928761925565,29.787897465889206,-16.665666856152313,28.624830668143318,5.698942122862381
2,170.0,good,461,380,-57.21589393193381,29.510961362974395,-16.665666856152313,28.624830668143318,2.285686590112799
2,170.0,good,391,381,-31.627163119802752,22.443491739677505,-16.540047231660417,23.30829845899992,8.593968323817123
2,170.0,good,399,381,-34.27621005278788,24.189818169448962,-16.540047231660417,23.30829845899992,7.592243802661956
2,170.0,good,409,381,-24.187515095610973,22.423965299957537,-16.540047231660417,23.30829845899992,8.195367591728656
2,170.0,good,431,381,-60.57210843961929,23.89280846338696,-16.540047231660417,23.30829845899992,2.0005980052632726
2,170.0,good,432,381,-53.50225443337601,24.798374728446365,-16.540047231660417,23.30829845899992,2.648292199135147
2,170.0,good,390,382,-22.834791201882656,27.30524313976972,-13.37911592837007,26.44781400812019,9.103054800705813
2,170.0,good,402,382,-29.81943005653548,26.538810302110086,-13.37911592837007,26.44781400812019,8.354677318954577
2,170.0,good,432,382,-53.50225443337601,24.798374728446365,-13.37911592837007,26.44781400812019,2.3248042353466265
2,170.0,good,434,382,-47.2277012230283,25.60729955188031,-13.37911592837007,26.44781400812019,3.037747903224594
2,170.0,good,392,383,-26.39245137527059,18.86530085216542,-10.281847318724301,19.29465324047776,8.567005854728372
2,170.0,good,393,383,-35.2885498793227,17.70387499106338,-10.281847318724301,19.29465324047776,3.2022537050802926
2,170.0,good,439,383,-49.50980346346111,17.73382513094987,-10.281847318724301,19.29465324047776,2.4101234698764107
2,170.0,good,446,383,-42.6840679951388,21.161068168877062,-10.281847318724301,19.29465324047776,2.5693681155747647
2,170.0,good,231,384,-41.37958518850329,6.32020396462851,-4.957576730209098,7.341137718941655,2.7102855474502743
2,170.0,good,370,384,-9.34374112504031,7.439056681980907,-4.957576730209098,7.341137718941655,28.221030257164248
2,170.0,good,405,384,-18.825951993649372,6.408139223046355,-4.957576730209098,7.341137718941655,8.023044110120647
2,170.0,good,387,385,-14.664126818732758,37.83350705548697,-5.4942555242139655,37.43647332742701,15.893681576707547
2,170.0,good,415,385,-35.11580104118457,39.04085750312396,-5.4942555242139655,37.43647332742701,3.4241901799712293
2,170.0,good,419,385,-20.084462934710245,36.2315749825316,-5.4942555242139655,37.43647332742701,4.708728612275978
2,170.0,good,420,385,-39.58683170235871,36.88320676510792,-5.4942555242139655,37.43647332742701,3.004221529738945
2,170.0,good,422,385,-25.767126906539012,38.118405428639925,-5.4942555242139655,37.43647332742701,6.373172455556187
2,170.0,good,426,385,-31.76569380402615,36.939665592360974,-5.4942555242139655,37.43647332742701,4.439492716046715
2,170.0,good,469,385,-42.167526693502644,38.477476134998696,-5.4942555242139655,37.43647332742701,2.6811827812125206
2,170.0,good,415,386,-35.11580104118457,39.04085750312396,-8.574046350111026,39.630459386466846,4.3740536577201885
2,170.0,good,418,386,-29.096436840418264,40.18890406964813,-8.574046350111026,39.630459386466846,6.269397603072605
2,170.0,good,422,386,-25.767126906539012,38.118405428639925,-8.574046350111026,39.630459386466846,2.194243071183695
2,170.0,good,448,386,-38.49689348034744,41.1258162105861,-8.574046350111026,39.630459386466846,3.6645435763820378
2,170.0,good,452,386,-52.14899226966632,41.10688675555698,-8.574046350111026,39.630459386466846,2.0348828863912254
2,170.0,good,469,386,-42.167526693502644,38.477476134998696,-8.574046350111026,39.630459386466846,3.0734051609605437
2,170.0,good,531,386,-17.75078778604464,39.64472748119027,-8.574046350111026,39.630459386466846,15.882295671422183
2,170.0,good,415,387,-35.11580104118457,39.04085750312396,-14.664126818732758,37.83350705548697,5.375873496990399
2,170.0,good,420,387,-39.58683170235871,36.88320676510792,-14.664126818732758,37.83350705548697,4.789025550439872
2,170.0,good,422,387,-25.767126906539012,38.118405428639925,-14.664126818732758,37.83350705548697,13.115187399243602
2,170.0,good,426,387,-31.76569380402615,36.939665592360974,-14.664126818732758,37.83350705548697,7.825776360705107
2,170.0,good,453,387,-57.51352404662531,40.00866107262736,-14.664126818732758,37.83350705548697,2.0681862940160207
2,170.0,good,456,387,-53.58018495008379,37.261046917121405,-14.664126818732758,37.83350705548697,2.440956259031171
2,170.0,good,469,387,-42.167526693502644,38.477476134998696,-14.664126818732758,37.83350705548697,4.152614546258034
2,170.0,good,419,388,-20.084462934710245,36.2315749825316,-11.532510988383459,35.93020924903218,16.97007182886393
2,170.0,good,420,388,-39.58683170235871,36.88320676510792,-11.532510988383459,35.93020924903218,4.03324824934265
2,170.0,good,425,388,-28.391742482729526,34.837036778004055,-11.532510988383459,35.93020924903218,6.2683328244834735
2,170.0,good,426,388,-31.76569380402615,36.939665592360974,-11.532510988383459,35.93020924903218,6.389916184206743
2,170.0,good,429,388,-37.000818201595706,35.24423227860048,-11.532510988383459,35.93020924903218,4.642821415095786
2,170.0,good,455,388,-50.19833626033383,35.56444274148607,-11.532510988383459,35.93020924903218,2.4661229054067673
2,170.0,good,456,388,-53.58018495008379,37.261046917121405,-11.532510988383459,35.93020924903218,2.1560570642618275
2,170.0,good,417,389,-32.47565144196654,42.31265701978521,-11.952063806152296,41.31696943578966,6.268905836896237
2,170.0,good,418,389,-29.096436840418264,40.18890406964813,-11.952063806152296,41.31696943578966,5.94204651258325
2,170.0,good,421,389,-23.55128079024352,41.65591569743844,-11.952063806152296,41.31696943578966,12.519497196106682
2,170.0,good,448,389,-38.49689348034744,41.1258162105861,-11.952063806152296,41.31696943578966,4.373317598725015
2,170.0,good,452,389,-52.14899226966632,41.10688675555698,-11.952063806152296,41.31696943578966,2.3179742907541816
2,170.0,good,402,390,-29.81943005653548,26.538810302110086,-22.834791201882656,27.30524313976972,10.92541110379134
2,170.0,good,434,390,-47.2277012230283,25.60729955188031,-22.834791201882656,27.30524313976972,2.451563453949852
2,170.0,good,431,391,-60.57210843961929,23.89280846338696,-31.627163119802752,22.443491739677505,3.850173275971914
2,170.0,good,446,391,-42.6840679951388,21.161068168877062,-31.627163119802752,22.443491739677505,2.4734889977776833
2,170.0,good,393,392,-35.2885498793227,17.70387499106338,-26.39245137527059,18.86530085216542,3.234749131769147
2,170.0,good,430,392,-56.92735441417843,18.442404423082245,-26.39245137527059,18.86530085216542,3.554713675272191
2,170.0,good,435,392,-63.80503337576813,18.28511232379541,-26.39245137527059,18.86530085216542,2.5982186051850493
2,170.0,good,439,392,-49.50980346346111,17.73382513094987,-26.39245137527059,18.86530085216542,5.325393346833785
2,170.0,good,430,393,-56.92735441417843,18.442404423082245,-35.2885498793227,17.70387499106338,5.834756965584541
2,170.0,good,435,393,-63.80503337576813,18.28511232379541,-35.2885498793227,17.70387499106338,3.93703832522173
2,170.0,good,439,393,-49.50980346346111,17.73382513094987,-35.2885498793227,17.70387499106338,9.95565111683666
2,170.0,good,440,394,-42.46332005687881,13.847893042898644,-18.49557149301026,14.062605822872408,5.062084352389572
2,170.0,good,442,394,-55.04103313486602,12.06653117805947,-18.49557149301026,14.062605822872408,2.366117172033195
2,170.0,good,443,394,-61.68069088086138,13.293315430611885,-18.49557149301026,14.062605822872408,2.0648220295673854
2,170.0,good,413,395,-36.146928761925565,29.787897465889206,-26.025478442897057,29.194535170672566,13.608855780239997
2,170.0,good,461,395,-57.21589393193381,29.510961362974395,-26.025478442897057,29.194535170672566,3.4424731097767567
2,170.0,good,400,396,-34.43308671600659,11.363165695814848,-27.24552416356571,11.909471436553602,16.40170091102446
2,170.0,good,438,396,-67.4899684092589,12.09974529528439,-27.24552416356571,11.909471436553602,2.31359218309212
2,170.0,good,442,396,-55.04103313486602,12.06653117805947,-27.24552416356571,11.909471436553602,4.088674199222371
2,170.0,good,443,396,-61.68069088086138,13.293315430611885,-27.24552416356571,11.909471436553602,2.9580756336989107
2,170.0,good,413,397,-36.146928761925565,29.787897465889206,-19.703653086374906,30.584639553700057,8.352806038896587
2,170.0,good,428,397,-38.73589891392325,31.414555255379376,-19.703653086374906,30.584639553700057,6.929495815895971
2,170.0,good,461,397,-57.21589393193381,29.510961362974395,-19.703653086374906,30.584639553700057,2.5873302994766507
2,170.0,good,446,398,-42.6840679951388,21.161068168877062,-28.72590564608294,21.029341039755693,10.175503193631773
2,170.0,good,431,399,-60.57210843961929,23.89280846338696,-34.27621005278788,24.189818169448962,4.4335111103137255
2,170.0,good,432,399,-53.50225443337601,24.798374728446365,-34.27621005278788,24.189818169448962,6.8379012259496825
2,170.0,good,438,400,-67.4899684092589,12.09974529528439,-34.43308671600659,11.363165695814848,3.150487454111976
2,170.0,good,442,400,-55.04103313486602,12.06653117805947,-34.43308671600659,11.363165695814848,6.2343979026438126
2,170.0,good,213,401,-34.25087720217803,-2.5139990666983647,-17.791803577585487,-3.6130114334249614,6.19262031705144
2,170.0,good,222,401,-54.63610497418969,-2.326257022378715,-17.791803577585487,-3.6130114334249614,2.661640332233394
2,170.0,good,230,401,-41.242847383174954,-1.9329508830475906,-17.791803577585487,-3.6130114334249614,2.3946192489013467
2,170.0,good,232,401,-48.101227088825325,-5.314665808467678,-17.791803577585487,-3.6130114334249614,3.0820197636159756
2,170.0,good,436,401,-61.31567878450626,-5.791320190129971,-17.791803577585487,-3.6130114334249614,2.0383950023619795
2,170.0,good,432,402,-53.50225443337601,24.798374728446365,-29.81943005653548,26.538810302110086,2.0502875570776897
2,170.0,good,434,402,-47.2277012230283,25.60729955188031,-29.81943005653548,26.538810302110086,7.535307845204612
2,170.0,good,441,403,-67.63890763389477,6.478892933386238,-33.9041208811096,4.873087443986635,3.053576997385098
2,170.0,good,445,403,-54.47953387382085,4.5252226555750905,-33.9041208811096,4.873087443986635,6.247672243784044
2,170.0,good,396,404,-27.24552416356571,11.909471436553602,-15.920032065248385,12.21254505164266,12.842949618343177
2,170.0,good,400,404,-34.43308671600659,11.363165695814848,-15.920032065248385,12.21254505164266,7.184150289159559
2,170.0,good,440,404,-42.46332005687881,13.847893042898644,-15.920032065248385,12.21254505164266,3.1193638549684337
2,170.0,good,442,404,-55.04103313486602,12.06653117805947,-15.920032065248385,12.21254505164266,2.420630404511988
2,170.0,good,231,405,-41.37958518850329,6.32020396462851,-18.825951993649372,6.408139223046355,5.5114258727614045
2,170.0,good,437,405,-61.14229488632805,7.081321659152973,-18.825951993649372,6.408139223046355,2.133969199757044
2,170.0,good,445,405,-54.47953387382085,4.5252226555750905,-18.825951993649372,6.408139223046355,2.6396453186078057
2,170.0,good,440,406,-42.46332005687881,13.847893042898644,-21.204973508110214,15.400837687788592,2.860435443606044
2,170.0,good,443,406,-61.68069088086138,13.293315430611885,-21.204973508110214,15.400837687788592,2.1911710507058704
2,170.0,good,393,407,-35.2885498793227,17.70387499106338,-23.794104491163438,17.133112513396394,12.641843643729514
2,170.0,good,430,407,-56.92735441417843,18.442404423082245,-23.794104491163438,17.133112513396394,3.1393413355467836
2,170.0,good,435,407,-63.80503337576813,18.28511232379541,-23.794104491163438,17.133112513396394,2.335248274627191
2,170.0,good,439,407,-49.50980346346111,17.73382513094987,-23.794104491163438,17.133112513396394,4.578725356297979
2,170.0,good,399,408,-34.27621005278788,24.189818169448962,-26.99710118324353,24.749188945545182,16.035612204549363
2,170.0,good,431,408,-60.57210843961929,23.89280846338696,-26.99710118324353,24.749188945545182,3.076011577764076
2,170.0,good,432,408,-53.50225443337601,24.798374728446365,-26.99710118324353,24.749188945545182,4.382829236609069
2,170.0,good,434,408,-47.2277012230283,25.60729955188031,-26.99710118324353,24.749188945545182,6.391008086202565
2,170.0,good,391,409,-31.627163119802752,22.443491739677505,-24.187515095610973,22.423965299957537,19.203813114847126
2,170.0,good,431,409,-60.57210843961929,23.89280846338696,-24.187515095610973,22.423965299957537,2.71465969561069
2,170.0,good,446,409,-42.6840679951388,21.161068168877062,-24.187515095610973,22.423965299957537,4.803857318244804
2,170.0,good,220,410,-47.875052220216105,2.1803950530167047,-25.72140748601994,1.7126532837272634,5.649402061929368
2,170.0,good,444,410,-67.6346432996955,1.175835749487467,-25.72140748601994,1.7126532837272634,2.1672384761044436
2,170.0,good,447,410,-61.80461652912426,-0.10703803723110639,-25.72140748601994,1.7126532837272634,2.7401475238966753
2,170.0,good,433,411,-48.26984469491805,9.733149019489488,-11.078589756918785,8.636807993084503,2.6226470548787177
2,170.0,good,393,412,-35.2885498793227,17.70387499106338,-15.869090535166876,17.083266953529986,6.748286735473245
2,170.0,good,407,412,-23.794104491163438,17.133112513396394,-15.869090535166876,17.083266953529986,18.177907830164834
2,170.0,good,430,412,-56.92735441417843,18.442404423082245,-15.869090535166876,17.083266953529986,2.240427088283192
2,170.0,good,439,412,-49.50980346346111,17.73382513094987,-15.869090535166876,17.083266953529986,3.0667560343033884
2,170.0,good,461,413,-57.21589393193381,29.510961362974395,-36.146928761925565,29.787897465889206,6.050751616822606
2,170.0,good,423,414,-31.81804705153798,32.01587206911074,-22.830291497408595,32.51496994135926,15.78058356999369
2,170.0,good,424,414,-34.41684579802684,33.654643538736345,-22.830291497408595,32.51496994135926,4.724927296433317
2,170.0,good,428,414,-38.73589891392325,31.414555255379376,-22.830291497408595,32.51496994135926,6.1393495961415825
2,170.0,good,466,414,-47.49799663990801,33.22764862203043,-22.830291497408595,32.51496994135926,4.859736407427801
2,170.0,good,453,415,-57.51352404662531,40.00866107262736,-35.11580104118457,39.04085750312396,5.564599675189083
2,170.0,good,469,415,-42.167526693502644,38.477476134998696,-35.11580104118457,39.04085750312396,16.074997856100154
2,170.0,good,424,416,-34.41684579802684,33.654643538736345,-17.316150065763654,34.384734866756254,7.952469669980901
2,170.0,good,425,416,-28.391742482729526,34.837036778004055,-17.316150065763654,34.384734866756254,13.149320766332885
2,170.0,good,429,416,-37.000818201595706,35.24423227860048,-17.316150065763654,34.384734866756254,6.628244283195997
2,170.0,good,455,416,-50.19833626033383,35.56444274148607,-17.316150065763654,34.384734866756254,3.176208952934781
2,170.0,good,466,416,-47.49799663990801,33.22764862203043,-17.316150065763654,34.384734866756254,3.6174548543477556
2,170.0,good,452,417,-52.14899226966632,41.10688675555698,-32.47565144196654,42.31265701978521,5.377157180843863
2,170.0,good,458,417,-60.64824184809749,42.746831084933184,-32.47565144196654,42.31265701978521,4.0082946339388625
2,170.0,good,460,417,-54.73802701268285,43.74024145849863,-32.47565144196654,42.31265701978521,3.9379208267561117
2,170.0,good,448,418,-38.49689348034744,41.1258162105861,-29.096436840418264,40.18890406964813,7.54135993712913
2,170.0,good,452,418,-52.14899226966632,41.10688675555698,-29.096436840418264,40.18890406964813,5.346293754051345
2,170.0,good,453,418,-57.51352404662531,40.00866107262736,-29.096436840418264,40.18890406964813,3.957437229537887
2,170.0,good,420,419,-39.58683170235871,36.88320676510792,-20.084462934710245,36.2315749825316,6.710411105832814
2,170.0,good,426,419,-31.76569380402615,36.939665592360974,-20.084462934710245,36.2315749825316,11.299383030566988
2,170.0,good,429,419,-37.000818201595706,35.24423227860048,-20.084462934710245,36.2315749825316,7.229132670902326
2,170.0,good,455,419,-50.19833626033383,35.56444274148607,-20.084462934710245,36.2315749825316,3.629724848180318
2,170.0,good,456,419,-53.58018495008379,37.261046917121405,-20.084462934710245,36.2315749825316,3.0872358814784264
2,170.0,good,456,420,-53.58018495008379,37.261046917121405,-39.58683170235871,36.88320676510792,10.145676391389507
2,170.0,good,417,421,-32.47565144196654,42.31265701978521,-23.55128079024352,41.65591569743844,13.15648830340076
2,170.0,good,448,421,-38.49689348034744,41.1258162105861,-23.55128079024352,41.65591569743844,9.385870368302802
2,170.0,good,452,421,-52.14899226966632,41.10688675555698,-23.55128079024352,41.65591569743844,3.9204849511257764
2,170.0,good,453,421,-57.51352404662531,40.00866107262736,-23.55128079024352,41.65591569743844,3.022060900276947
2,170.0,good,458,421,-60.64824184809749,42.746831084933184,-23.55128079024352,41.65591569743844,2.6331592885131525
2,170.0,good,415,422,-35.11580104118457,39.04085750312396,-25.767126906539012,38.118405428639925,7.810865750167509
2,170.0,good,420,422,-39.58683170235871,36.88320676510792,-25.767126906539012,38.118405428639925,4.125511676184581
2,170.0,good,453,422,-57.51352404662531,40.00866107262736,-25.767126906539012,38.118405428639925,2.4229788582857363
2,170.0,good,456,422,-53.58018495008379,37.261046917121405,-25.767126906539012,38.118405428639925,4.084879965566906
2,170.0,good,469,422,-42.167526693502644,38.477476134998696,-25.767126906539012,38.118405428639925,8.379959021420854
2,170.0,good,428,423,-38.73589891392325,31.414555255379376,-31.81804705153798,32.01587206911074,15.190807758992964
2,170.0,good,466,423,-47.49799663990801,33.22764862203043,-31.81804705153798,32.01587206911074,4.868227854540756
2,170.0,good,466,424,-47.49799663990801,33.22764862203043,-34.41684579802684,33.654643538736345,10.96346876141915
2,170.0,good,429,425,-37.000818201595706,35.24423227860048,-28.391742482729526,34.837036778004055,16.866046602057562
2,170.0,good,455,425,-50.19833626033383,35.56444274148607,-28.391742482729526,34.837036778004055,5.77335918267989
2,170.0,good,420,426,-39.58683170235871,36.88320676510792,-31.76569380402615,36.939665592360974,18.39043663028014
2,170.0,good,455,426,-50.19833626033383,35.56444274148607,-31.76569380402615,36.939665592360974,3.7650133035500826
2,170.0,good,456,426,-53.58018495008379,37.261046917121405,-31.76569380402615,36.939665592360974,5.770493275726571
2,170.0,good,458,427,-60.64824184809749,42.746831084933184,-26.836413028364483,43.725998590585476,3.042847153614862
2,170.0,good,460,427,-54.73802701268285,43.74024145849863,-26.836413028364483,43.725998590585476,4.065813875617738
2,170.0,good,463,427,-65.88960830030337,45.38842526486124,-26.836413028364483,43.725998590585476,2.42732706164897
2,170.0,good,496,427,-35.8054010956067,44.37692402565657,-26.836413028364483,43.725998590585476,13.25330022482238
2,170.0,good,455,429,-50.19833626033383,35.56444274148607,-37.000818201595706,35.24423227860048,10.853751124070236
2,170.0,good,435,430,-63.80503337576813,18.28511232379541,-56.92735441417843,18.442404423082245,20.503946432660435
2,170.0,good,431,432,-60.57210843961929,23.89280846338696,-53.50225443337601,24.798374728446365,7.51391302707589
2,170.0,good,432,434,-53.50225443337601,24.798374728446365,-47.2277012230283,25.60729955188031,9.702726297860384
2,170.0,good,483,436,-67.67855330882891,-4.674199680252118,-61.31567878450626,-5.791320190129971,2.551290322270713
2,170.0,good,441,437,-67.63890763389477,6.478892933386238,-61.14229488632805,7.081321659152973,15.336785143343812
2,170.0,good,430,439,-56.92735441417843,18.442404423082245,-49.50980346346111,17.73382513094987,12.365732625051459
2,170.0,good,435,439,-63.80503337576813,18.28511232379541,-49.50980346346111,17.73382513094987,9.895115673270421
2,170.0,good,438,440,-67.4899684092589,12.09974529528439,-42.46332005687881,13.847893042898644,2.254930537557085
2,170.0,good,443,440,-61.68069088086138,13.293315430611885,-42.46332005687881,13.847893042898644,6.841961668418415
2,170.0,good,438,442,-67.4899684092589,12.09974529528439,-55.04103313486602,12.06653117805947,11.589678972863654
2,170.0,good,452,448,-52.14899226966632,41.10688675555698,-38.49689348034744,41.1258162105861,10.440553746845598
2,170.0,good,453,448,-57.51352404662531,40.00866107262736,-38.49689348034744,41.1258162105861,6.051785881086603
2,170.0,good,458,448,-60.64824184809749,42.746831084933184,-38.49689348034744,41.1258162105861,2.5428267628554373
2,170.0,good,467,449,-56.33577042774426,47.93562442948844,-40.81201277718329,49.316928229190964,2.962478205772766
2,170.0,good,468,449,-64.47242625248482,49.25846242035888,-40.81201277718329,49.316928229190964,5.154944680990424
2,170.0,good,465,451,-61.73843428254227,46.9722193480044,-44.81661275762438,47.08510507925011,8.058496476034904
2,170.0,good,467,451,-56.33577042774426,47.93562442948844,-44.81661275762438,47.08510507925011,9.2704361532744
2,170.0,good,453,452,-57.51352404662531,40.00866107262736,-52.14899226966632,41.10688675555698,2.234888919312197
2,170.0,good,464,454,-61.597198418683675,54.210241877897346,-48.235990272149486,54.71841464039587,10.702181304818529
2,170.0,good,458,460,-60.64824184809749,42.746831084933184,-54.73802701268285,43.74024145849863,4.864464929912601
2,170.0,good,459,462,-59.74583239301219,51.4529703779422,-46.816736848278026,50.56386975113857,8.634012433140597
2,170.0,good,468,462,-64.47242625248482,49.25846242035888,-46.816736848278026,50.56386975113857,4.271604955283024
2,170.0,good,465,467,-61.73843428254227,46.9722193480044,-56.33577042774426,47.93562442948844,5.274715885047917
2,170.0,good,456,469,-53.58018495008379,37.261046917121405,-42.167526693502644,38.477476134998696,3.5345915752647947
2,170.0,good,203,470,-52.007181151245696,-45.41579016277093,-15.012300726841474,-43.592276147039165,2.6446110253316815
2,170.0,good,208,470,-57.19646744705729,-43.80249165209234,-15.012300726841474,-43.592276147039165,2.144793061111233
2,170.0,good,220,479,-47.875052220216105,2.1803950530167047,-11.16370451579866,0.8158360961985249,2.676813455718059
2,170.0,good,410,479,-25.72140748601994,1.7126532837272634,-11.16370451579866,0.8158360961985249,8.379937484790736
2,170.0,good,212,480,-27.48450021817348,-18.597516213079192,-18.44420590817175,-17.72452387546705,8.740391302252029
2,170.0,good,215,480,-55.01468288862378,-17.20541801344534,-18.44420590817175,-17.72452387546705,2.693032098700882
2,170.0,good,226,480,-34.32746732750828,-16.348588411805903,-18.44420590817175,-17.72452387546705,3.1266297369917457
2,170.0,good,227,480,-61.69144834459457,-18.57195050304859,-18.44420590817175,-17.72452387546705,2.060006823900212
2,170.0,good,216,481,-41.41068699772809,-8.397683477923952,-11.972308380978324,-8.250701406902206,3.7551284556939235
2,170.0,good,228,481,-54.732879709878034,-9.630289063921566,-11.972308380978324,-8.250701406902206,2.0981856984100866
2,170.0,good,229,481,-34.144272695808326,-9.07803817463255,-11.972308380978324,-8.250701406902206,5.642970051171828
2,170.0,good,454,487,-48.235990272149486,54.71841464039587,-43.27817048490625,55.720822465170805,4.022776801174692
2,170.0,good,464,487,-61.597198418683675,54.210241877897346,-43.27817048490625,55.720822465170805,2.5224758497021496
2,170.0,good,451,488,-44.81661275762438,47.08510507925011,-23.583297841713616,46.62483494221534,5.987241027413026
2,170.0,good,463,488,-65.88960830030337,45.38842526486124,-23.583297841713616,46.62483494221534,2.1347878756792342
2,170.0,good,465,488,-61.73843428254227,46.9722193480044,-23.583297841713616,46.62483494221534,2.518707100856696
2,170.0,good,467,488,-56.33577042774426,47.93562442948844,-23.583297841713616,46.62483494221534,3.1955118148563075
2,170.0,good,492,488,-33.408202109297015,47.84281767039003,-23.583297841713616,46.62483494221534,2.8083457740388527
2,170.0,good,500,488,-30.115750922586496,45.80684717563484,-23.583297841713616,46.62483494221534,9.524676892802391
2,170.0,good,490,489,-43.26608195234338,63.112490388839035,-30.236330104479755,62.10626081086152,7.019895471376328
2,170.0,good,495,489,-34.03418110742488,62.122266594216995,-30.236330104479755,62.10626081086152,30.678915287246593
2,170.0,good,505,489,-56.73915181367374,62.721009286280946,-30.236330104479755,62.10626081086152,4.383389142482836
2,170.0,good,505,490,-56.73915181367374,62.721009286280946,-43.26608195234338,63.112490388839035,10.600421134879076
2,170.0,good,449,491,-40.81201277718329,49.316928229190964,-26.064786476859435,48.194544048025065,5.745074163306159
2,170.0,good,451,491,-44.81661275762438,47.08510507925011,-26.064786476859435,48.194544048025065,6.120319138178759
2,170.0,good,465,491,-61.73843428254227,46.9722193480044,-26.064786476859435,48.194544048025065,2.7998289810963914
2,170.0,good,467,491,-56.33577042774426,47.93562442948844,-26.064786476859435,48.194544048025065,3.601458544232278
2,170.0,good,468,491,-64.47242625248482,49.25846242035888,-26.064786476859435,48.194544048025065,2.4924995334275604
2,170.0,good,492,491,-33.408202109297015,47.84281767039003,-26.064786476859435,48.194544048025065,19.417514490716417
2,170.0,good,451,492,-44.81661275762438,47.08510507925011,-33.408202109297015,47.84281767039003,10.702889918952968
2,170.0,good,465,492,-61.73843428254227,46.9722193480044,-33.408202109297015,47.84281767039003,3.975392392047593
2,170.0,good,467,492,-56.33577042774426,47.93562442948844,-33.408202109297015,47.84281767039003,5.386957918527909
2,170.0,good,468,492,-64.47242625248482,49.25846242035888,-33.408202109297015,47.84281767039003,3.4636632235806104
2,170.0,good,449,493,-40.81201277718329,49.316928229190964,-28.55563758631245,49.762089455282215,11.791092168255046
2,170.0,good,459,493,-59.74583239301219,51.4529703779422,-28.55563758631245,49.762089455282215,3.1437795470979752
2,170.0,good,462,493,-46.816736848278026,50.56386975113857,-28.55563758631245,49.762089455282215,7.312818609114527
2,170.0,good,467,493,-56.33577042774426,47.93562442948844,-28.55563758631245,49.762089455282215,2.255689431360576
2,170.0,good,468,493,-64.47242625248482,49.25846242035888,-28.55563758631245,49.762089455282215,2.7702559003425513
2,170.0,good,507,494,-48.48992585055225,70.77943326286055,-36.74871318691971,69.89986024999351,8.81170983197693
2,170.0,good,490,495,-43.26608195234338,63.112490388839035,-34.03418110742488,62.122266594216995,6.4666705350229075
2,170.0,good,505,495,-56.73915181367374,62.721009286280946,-34.03418110742488,62.122266594216995,5.460537236995551
2,170.0,good,458,496,-60.64824184809749,42.746831084933184,-35.8054010956067,44.37692402565657,2.9432536515414265
2,170.0,good,460,496,-54.73802701268285,43.74024145849863,-35.8054010956067,44.37692402565657,6.977296813396692
2,170.0,good,463,496,-65.88960830030337,45.38842526486124,-35.8054010956067,44.37692402565657,3.6350995186777806
2,170.0,good,454,497,-48.235990272149486,54.71841464039587,-38.001766640411816,53.83159103005118,8.623017811519027
2,170.0,good,464,497,-61.597198418683675,54.210241877897346,-38.001766640411816,53.83159103005118,5.174905788740435
2,170.0,good,460,498,-54.73802701268285,43.74024145849863,-21.079107665252657,45.042717795505354,3.064198801799996
2,170.0,good,465,498,-61.73843428254227,46.9722193480044,-21.079107665252657,45.042717795505354,2.275852316433322
2,170.0,good,496,498,-35.8054010956067,44.37692402565657,-21.079107665252657,45.042717795505354,9.553111890431358
2,170.0,good,500,498,-30.115750922586496,45.80684717563484,-21.079107665252657,45.042717795505354,10.969149650250104
2,170.0,good,459,499,-59.74583239301219,51.4529703779422,-31.04929998800835,51.31067685383391,3.9004867117612023
2,170.0,good,462,499,-46.816736848278026,50.56386975113857,-31.04929998800835,51.31067685383391,8.796713767933843
2,170.0,good,451,500,-44.81661275762438,47.08510507925011,-30.115750922586496,45.80684717563484,3.862526434553589
2,170.0,good,463,500,-65.88960830030337,45.38842526486124,-30.115750922586496,45.80684717563484,2.787583452139831
2,170.0,good,465,500,-61.73843428254227,46.9722193480044,-30.115750922586496,45.80684717563484,3.371341538973279
2,170.0,good,506,501,-47.992589403700194,65.73973554862658,-38.328907998974906,65.02309037986613,11.796648965694203
2,170.0,good,508,503,-52.6510235276822,67.47484391474104,-42.00786980102607,68.53558789500944,5.66365841078603
2,170.0,good,403,509,-33.9041208811096,4.873087443986635,0.41592735141881454,3.7494693776583015,2.9734624146137567
2,170.0,good,564,509,-4.046806801558988,3.8133733575077806,0.41592735141881454,3.7494693776583015,27.923001226978172
2,170.0,good,454,510,-48.235990272149486,54.71841464039587,-7.092320993965753,52.9738070612136,2.2329507062306404
2,170.0,good,497,510,-38.001766640411816,53.83159103005118,-7.092320993965753,52.9738070612136,3.4899219387060683
2,170.0,good,499,510,-31.04929998800835,51.31067685383391,-7.092320993965753,52.9738070612136,2.596445163541848
2,170.0,good,528,510,-13.849943808775167,52.50792687180371,-7.092320993965753,52.9738070612136,18.637125429739154
2,170.0,good,530,510,-16.139721756712163,53.592443920404854,-7.092320993965753,52.9738070612136,13.829220776355566
2,170.0,good,454,511,-48.235990272149486,54.71841464039587,-4.2132511154078935,55.47231632951322,2.001288502873579
2,170.0,good,487,511,-43.27817048490625,55.720822465170805,-4.2132511154078935,55.47231632951322,2.426167177169825
2,170.0,good,497,511,-38.001766640411816,53.83159103005118,-4.2132511154078935,55.47231632951322,3.046088079953547
2,170.0,good,517,511,-10.235579840560101,54.6755564594555,-4.2132511154078935,55.47231632951322,9.974023354447835
2,170.0,good,529,511,-22.94866624483655,56.86997722376405,-4.2132511154078935,55.47231632951322,3.6235460135883435
2,170.0,good,533,511,-18.41296728352974,54.693722807432444,-4.2132511154078935,55.47231632951322,9.597140261417561
2,170.0,good,535,511,-20.69756479526678,55.792487191508116,-4.2132511154078935,55.47231632951322,8.326940394803229
2,170.0,good,544,511,-13.386676556771082,56.39848886562954,-4.2132511154078935,55.47231632951322,7.697886065126772
2,170.0,good,457,512,-50.94043057513107,57.65143346465001,-10.367336152619766,59.20379455993548,2.283620045773346
2,170.0,good,527,512,-19.67036262860508,59.756844039992885,-10.367336152619766,59.20379455993548,14.764026664536475
2,170.0,good,540,512,-25.860080359810755,58.251566530408866,-10.367336152619766,59.20379455993548,7.700406223854802
2,170.0,good,489,513,-30.236330104479755,62.10626081086152,-10.193709871286805,63.733569995304535,2.0193544649221464
2,170.0,good,490,513,-43.26608195234338,63.112490388839035,-10.193709871286805,63.733569995304535,3.148221802393937
2,170.0,good,495,513,-34.03418110742488,62.122266594216995,-10.193709871286805,63.733569995304535,2.9122231377718846
2,170.0,good,501,513,-38.328907998974906,65.02309037986613,-10.193709871286805,63.733569995304535,4.01615890401561
2,170.0,good,506,513,-47.992589403700194,65.73973554862658,-10.193709871286805,63.733569995304535,2.3735323714412506
2,170.0,good,534,513,-16.525430254263654,62.928924625173195,-10.193709871286805,63.733569995304535,9.830416077162438
2,170.0,good,542,513,-19.6034267132813,64.77244334085859,-10.193709871286805,63.733569995304535,5.618443502956726
2,170.0,good,449,514,-40.81201277718329,49.316928229190964,-5.626868205333963,48.62996430303768,2.8606949522096903
2,170.0,good,451,514,-44.81661275762438,47.08510507925011,-5.626868205333963,48.62996430303768,2.413869389970704
2,170.0,good,462,514,-46.816736848278026,50.56386975113857,-5.626868205333963,48.62996430303768,2.228922004652286
2,170.0,good,491,514,-26.064786476859435,48.194544048025065,-5.626868205333963,48.62996430303768,6.304243927851203
2,170.0,good,492,514,-33.408202109297015,47.84281767039003,-5.626868205333963,48.62996430303768,4.091742810015362
2,170.0,good,493,514,-28.55563758631245,49.762089455282215,-5.626868205333963,48.62996430303768,5.386564951803769
2,170.0,good,512,515,-10.367336152619766,59.20379455993548,-4.402375501797653,59.82273964717845,15.060911387349552
2,170.0,good,527,515,-19.67036262860508,59.756844039992885,-4.402375501797653,59.82273964717845,9.147904203582907
2,170.0,good,540,515,-25.860080359810755,58.251566530408866,-4.402375501797653,59.82273964717845,2.7641922729932262
2,170.0,good,449,516,-40.81201277718329,49.316928229190964,-3.3398507075650166,51.04254106464391,2.5917008948059563
2,170.0,good,462,516,-46.816736848278026,50.56386975113857,-3.3398507075650166,51.04254106464391,2.042352398068333
2,170.0,good,493,516,-28.55563758631245,49.762089455282215,-3.3398507075650166,51.04254106464391,4.683884481041708
2,170.0,good,499,516,-31.04929998800835,51.31067685383391,-3.3398507075650166,51.04254106464391,4.107357662355494
2,170.0,good,521,516,-8.461018238935788,49.98927843124587,-3.3398507075650166,51.04254106464391,2.981883305526761
2,170.0,good,525,516,-11.566918845525091,51.46170790248734,-3.3398507075650166,51.04254106464391,17.550030630678133
2,170.0,good,454,517,-48.235990272149486,54.71841464039587,-10.235579840560101,54.6755564594555,2.5349710284139833
2,170.0,good,487,517,-43.27817048490625,55.720822465170805,-10.235579840560101,54.6755564594555,3.1525798581253985
2,170.0,good,497,517,-38.001766640411816,53.83159103005118,-10.235579840560101,54.6755564594555,4.095025666376685
2,170.0,good,530,517,-16.139721756712163,53.592443920404854,-10.235579840560101,54.6755564594555,2.9063827369682937
2,170.0,good,533,517,-18.41296728352974,54.693722807432444,-10.235579840560101,54.6755564594555,17.676650441103565
2,170.0,good,535,517,-20.69756479526678,55.792487191508116,-10.235579840560101,54.6755564594555,4.673076382849755
2,170.0,good,487,518,-43.27817048490625,55.720822465170805,-0.9252016700155412,53.55147191844187,2.08480607009847
2,170.0,good,497,518,-38.001766640411816,53.83159103005118,-0.9252016700155412,53.55147191844187,2.6354414338379435
2,170.0,good,510,518,-7.092320993965753,52.9738070612136,-0.9252016700155412,53.55147191844187,16.16764161009
2,170.0,good,517,518,-10.235579840560101,54.6755564594555,-0.9252016700155412,53.55147191844187,4.0652650373498895
2,170.0,good,528,518,-13.849943808775167,52.50792687180371,-0.9252016700155412,53.55147191844187,6.479769067236327
2,170.0,good,530,518,-16.139721756712163,53.592443920404854,-0.9252016700155412,53.55147191844187,9.186741344740277
2,170.0,good,533,518,-18.41296728352974,54.693722807432444,-0.9252016700155412,53.55147191844187,5.826150884494943
2,170.0,good,501,519,-38.328907998974906,65.02309037986613,-13.085971734742177,65.666764162709,4.702390951179545
2,170.0,good,506,519,-47.992589403700194,65.73973554862658,-13.085971734742177,65.666764162709,2.8962911073185804
2,170.0,good,508,519,-52.6510235276822,67.47484391474104,-13.085971734742177,65.666764162709,2.377452086956931
2,170.0,good,542,519,-19.6034267132813,64.77244334085859,-13.085971734742177,65.666764162709,7.574522217999129
2,170.0,good,457,520,-50.94043057513107,57.65143346465001,-7.2894034228047975,57.32282716128618,2.0291157413412675
2,170.0,good,487,520,-43.27817048490625,55.720822465170805,-7.2894034228047975,57.32282716128618,2.761591065583634
2,170.0,good,529,520,-22.94866624483655,56.86997722376405,-7.2894034228047975,57.32282716128618,8.871040289318731
2,170.0,good,532,520,-16.523360249401833,58.045497893089596,-7.2894034228047975,57.32282716128618,11.77430838645083
2,170.0,good,540,520,-25.860080359810755,58.251566530408866,-7.2894034228047975,57.32282716128618,7.1551566617969815
2,170.0,good,544,520,-13.386676556771082,56.39848886562954,-7.2894034228047975,57.32282716128618,6.638982331375389
2,170.0,good,449,521,-40.81201277718329,49.316928229190964,-8.461018238935788,49.98927843124587,3.256384471806005
2,170.0,good,462,521,-46.816736848278026,50.56386975113857,-8.461018238935788,49.98927843124587,2.4978549687005964
2,170.0,good,493,521,-28.55563758631245,49.762089455282215,-8.461018238935788,49.98927843124587,6.448893323270033
2,170.0,good,499,521,-31.04929998800835,51.31067685383391,-8.461018238935788,49.98927843124587,4.658765879886024
2,170.0,good,497,522,-38.001766640411816,53.83159103005118,1.3842518372460013,55.93569572530202,2.1833705703388278
2,170.0,good,511,522,-4.2132511154078935,55.47231632951322,1.3842518372460013,55.93569572530202,19.863767529646314
2,170.0,good,517,522,-10.235579840560101,54.6755564594555,1.3842518372460013,55.93569572530202,3.0135483005162027
2,170.0,good,529,522,-22.94866624483655,56.86997722376405,1.3842518372460013,55.93569572530202,4.954974997320003
2,170.0,good,533,522,-18.41296728352974,54.693722807432444,1.3842518372460013,55.93569572530202,5.100724590358683
2,170.0,good,535,522,-20.69756479526678,55.792487191508116,1.3842518372460013,55.93569572530202,5.674727316301639
2,170.0,good,544,522,-13.386676556771082,56.39848886562954,1.3842518372460013,55.93569572530202,9.518715227879449
2,170.0,good,487,523,-43.27817048490625,55.720822465170805,-1.4943152977536869,57.88720273624321,2.0928962314817867
2,170.0,good,520,523,-7.2894034228047975,57.32282716128618,-1.4943152977536869,57.88720273624321,16.737142253143237
2,170.0,good,529,523,-22.94866624483655,56.86997722376405,-1.4943152977536869,57.88720273624321,5.903389600175999
2,170.0,good,532,523,-16.523360249401833,58.045497893089596,-1.4943152977536869,57.88720273624321,9.32340060813321
2,170.0,good,540,523,-25.860080359810755,58.251566530408866,-1.4943152977536869,57.88720273624321,4.945507541396255
2,170.0,good,489,524,-30.236330104479755,62.10626081086152,-7.302534107023947,61.77454223315475,5.384920796975496
2,170.0,good,490,524,-43.26608195234338,63.112490388839035,-7.302534107023947,61.77454223315475,2.764622348999242
2,170.0,good,495,524,-34.03418110742488,62.122266594216995,-7.302534107023947,61.77454223315475,4.328945298277813
2,170.0,good,534,524,-16.525430254263654,62.928924625173195,-7.302534107023947,61.77454223315475,3.5144588153272522
2,170.0,good,543,524,-13.460394443172218,61.086197647917636,-7.302534107023947,61.77454223315475,13.02599682501332
2,170.0,good,546,524,-22.80595657925778,61.455842232404414,-7.302534107023947,61.77454223315475,8.979785682083117
2,170.0,good,462,525,-46.816736848278026,50.56386975113857,-11.566918845525091,51.46170790248734,2.8525234831620736
2,170.0,good,499,525,-31.04929998800835,51.31067685383391,-11.566918845525091,51.46170790248734,6.719512856904069
2,170.0,good,567,526,-37.629679234563305,74.8349891109352,-27.230206049187267,73.99986849127335,9.560249217286772
2,170.0,good,450,527,-54.63325436044806,60.1547784355466,-19.67036262860508,59.756844039992885,2.8890458404927073
2,170.0,good,462,528,-46.816736848278026,50.56386975113857,-13.849943808775167,52.50792687180371,2.3171477148455204
2,170.0,good,497,528,-38.001766640411816,53.83159103005118,-13.849943808775167,52.50792687180371,4.633966920638563
2,170.0,good,499,528,-31.04929998800835,51.31067685383391,-13.849943808775167,52.50792687180371,5.266398814476144
2,170.0,good,457,529,-50.94043057513107,57.65143346465001,-22.94866624483655,56.86997722376405,4.046541295855888
2,170.0,good,487,529,-43.27817048490625,55.720822465170805,-22.94866624483655,56.86997722376405,5.764358555375372
2,170.0,good,454,530,-48.235990272149486,54.71841464039587,-16.139721756712163,53.592443920404854,3.295912701688065
2,170.0,good,459,530,-59.74583239301219,51.4529703779422,-16.139721756712163,53.592443920404854,2.032517554755355
2,170.0,good,497,530,-38.001766640411816,53.83159103005118,-16.139721756712163,53.592443920404854,5.7532813391727045
2,170.0,good,415,531,-35.11580104118457,39.04085750312396,-17.75078778604464,39.64472748119027,7.799586453014712
2,170.0,good,418,531,-29.096436840418264,40.18890406964813,-17.75078778604464,39.64472748119027,12.818705563628944
2,170.0,good,448,531,-38.49689348034744,41.1258162105861,-17.75078778604464,39.64472748119027,3.314857461923408
2,170.0,good,452,531,-52.14899226966632,41.10688675555698,-17.75078778604464,39.64472748119027,2.963002976888932
2,170.0,good,453,531,-57.51352404662531,40.00866107262736,-17.75078778604464,39.64472748119027,2.3586005579791447
2,170.0,good,469,531,-42.167526693502644,38.477476134998696,-17.75078778604464,39.64472748119027,4.930869033429838
2,170.0,good,450,532,-54.63325436044806,60.1547784355466,-16.523360249401833,58.045497893089596,2.12227444634952
2,170.0,good,457,532,-50.94043057513107,57.65143346465001,-16.523360249401833,58.045497893089596,2.9604864815665555
2,170.0,good,540,532,-25.860080359810755,58.251566530408866,-16.523360249401833,58.045497893089596,15.620584474934383
2,170.0,good,454,533,-48.235990272149486,54.71841464039587,-18.41296728352974,54.693722807432444,3.6829383830162
2,170.0,good,464,533,-61.597198418683675,54.210241877897346,-18.41296728352974,54.693722807432444,2.0648910011032604
2,170.0,good,487,533,-43.27817048490625,55.720822465170805,-18.41296728352974,54.693722807432444,4.804835245145772
2,170.0,good,497,533,-38.001766640411816,53.83159103005118,-18.41296728352974,54.693722807432444,6.671265367312722
2,170.0,good,489,534,-30.236330104479755,62.10626081086152,-16.525430254263654,62.928924625173195,9.332247356899838
2,170.0,good,490,534,-43.26608195234338,63.112490388839035,-16.525430254263654,62.928924625173195,4.326823612079743
2,170.0,good,495,534,-34.03418110742488,62.122266594216995,-16.525430254263654,62.928924625173195,7.718291240336546
2,170.0,good,505,534,-56.73915181367374,62.721009286280946,-16.525430254263654,62.928924625173195,2.316424138553209
2,170.0,good,454,535,-48.235990272149486,54.71841464039587,-20.69756479526678,55.792487191508116,4.144868884728186
2,170.0,good,457,535,-50.94043057513107,57.65143346465001,-20.69756479526678,55.792487191508116,2.408396589410388
2,170.0,good,464,535,-61.597198418683675,54.210241877897346,-20.69756479526678,55.792487191508116,2.2544135672820773
2,170.0,good,487,535,-43.27817048490625,55.720822465170805,-20.69756479526678,55.792487191508116,5.502304165647733
2,170.0,good,417,537,-32.47565144196654,42.31265701978521,-15.356831311904298,43.1464611458865,7.941843428983477
2,170.0,good,427,537,-26.836413028364483,43.725998590585476,-15.356831311904298,43.1464611458865,12.647227040705001
2,170.0,good,452,537,-52.14899226966632,41.10688675555698,-15.356831311904298,43.1464611458865,2.2535311150996686
2,170.0,good,460,537,-54.73802701268285,43.74024145849863,-15.356831311904298,43.1464611458865,2.3951885052882234
2,170.0,good,496,537,-35.8054010956067,44.37692402565657,-15.356831311904298,43.1464611458865,5.2130337609948905
2,170.0,good,503,538,-42.00786980102607,68.53558789500944,-16.00350608609213,67.63858081337185,4.505599878500742
2,170.0,good,506,538,-47.992589403700194,65.73973554862658,-16.00350608609213,67.63858081337185,2.4098138449958184
2,170.0,good,508,538,-52.6510235276822,67.47484391474104,-16.00350608609213,67.63858081337185,2.6841441183276085
2,170.0,good,539,538,-30.192589151998153,67.37265255038035,-16.00350608609213,67.63858081337185,9.982149966230743
2,170.0,good,503,539,-42.00786980102607,68.53558789500944,-30.192589151998153,67.37265255038035,4.458708667584848
2,170.0,good,508,539,-52.6510235276822,67.47484391474104,-30.192589151998153,67.37265255038035,5.543802706448581
2,170.0,good,450,540,-54.63325436044806,60.1547784355466,-25.860080359810755,58.251566530408866,2.010570218633503
2,170.0,good,457,540,-50.94043057513107,57.65143346465001,-25.860080359810755,58.251566530408866,4.746080074311389
2,170.0,good,494,541,-36.74871318691971,69.89986024999351,-24.86423386339409,70.04302616627623,12.195243194744874
2,170.0,good,503,541,-42.00786980102607,68.53558789500944,-24.86423386339409,70.04302616627623,2.221111229308111
2,170.0,good,507,541,-48.48992585055225,70.77943326286055,-24.86423386339409,70.04302616627623,5.165596046071027
2,170.0,good,490,542,-43.26608195234338,63.112490388839035,-19.6034267132813,64.77244334085859,2.5651972851329523
2,170.0,good,501,542,-38.328907998974906,65.02309037986613,-19.6034267132813,64.77244334085859,7.078288734553424
2,170.0,good,505,542,-56.73915181367374,62.721009286280946,-19.6034267132813,64.77244334085859,2.2361881675127426
2,170.0,good,506,542,-47.992589403700194,65.73973554862658,-19.6034267132813,64.77244334085859,3.963196652422099
2,170.0,good,450,543,-54.63325436044806,60.1547784355466,-13.460394443172218,61.086197647917636,2.230403939544463
2,170.0,good,489,543,-30.236330104479755,62.10626081086152,-13.460394443172218,61.086197647917636,6.958139278831207
2,170.0,good,495,543,-34.03418110742488,62.122266594216995,-13.460394443172218,61.086197647917636,6.240177979591759
2,170.0,good,505,543,-56.73915181367374,62.721009286280946,-13.460394443172218,61.086197647917636,2.0575705141307696
2,170.0,good,546,543,-22.80595657925778,61.455842232404414,-13.460394443172218,61.086197647917636,15.606308741386163
2,170.0,good,454,544,-48.235990272149486,54.71841464039587,-13.386676556771082,56.39848886562954,2.903697015977319
2,170.0,good,457,544,-50.94043057513107,57.65143346465001,-13.386676556771082,56.39848886562954,2.5828149290403912
2,170.0,good,487,544,-43.27817048490625,55.720822465170805,-13.386676556771082,56.39848886562954,3.6703062247898677
2,170.0,good,529,544,-22.94866624483655,56.86997722376405,-13.386676556771082,56.39848886562954,15.2628926864703
2,170.0,good,535,544,-20.69756479526678,55.792487191508116,-13.386676556771082,56.39848886562954,14.904107863684102
2,170.0,good,504,545,-44.69696115817229,72.23083174456427,-23.492110478459143,73.67998074731726,3.6401799309964273
2,170.0,good,526,545,-27.230206049187267,73.99986849127335,-23.492110478459143,73.67998074731726,27.17956210083961
2,170.0,good,567,545,-37.629679234563305,74.8349891109352,-23.492110478459143,73.67998074731726,5.223184114344391
2,170.0,good,450,546,-54.63325436044806,60.1547784355466,-22.80595657925778,61.455842232404414,3.338437772246144
2,170.0,good,489,546,-30.236330104479755,62.10626081086152,-22.80595657925778,61.455842232404414,13.783390846152516
2,170.0,good,495,546,-34.03418110742488,62.122266594216995,-22.80595657925778,61.455842232404414,12.025168049577365
2,170.0,good,505,546,-56.73915181367374,62.721009286280946,-22.80595657925778,61.455842232404414,3.0260585112871956
2,170.0,good,504,547,-44.69696115817229,72.23083174456427,-20.490339357840014,71.54454839218049,4.991631653397459
2,170.0,good,507,547,-48.48992585055225,70.77943326286055,-20.490339357840014,71.54454839218049,4.044875517444346
2,170.0,good,44,548,69.97910022073482,-26.049483041745,78.06878139348284,-25.817462358931042,17.848473420451743
2,170.0,good,59,548,63.42048827931791,-25.840758615921732,78.06878139348284,-25.817462358931042,9.613669817378078
2,170.0,good,62,548,53.38810381288312,-24.138313054023783,78.06878139348284,-25.817462358931042,2.6169484895725397
2,170.0,good,65,548,57.42533056123199,-25.648584237571413,78.06878139348284,-25.817462358931042,6.219959554232299
2,170.0,good,80,548,46.73485827220745,-26.99358060413592,78.06878139348284,-25.817462358931042,3.4186106970441084
2,170.0,good,87,548,40.65309988949059,-24.704794043475204,78.06878139348284,-25.817462358931042,2.5978789317193116
2,170.0,good,94,548,42.62148660099042,-25.82803157811236,78.06878139348284,-25.817462358931042,2.8277878703416044
2,170.0,good,47,549,71.88397245572584,-21.69651345428781,78.23808117863733,-21.47255998019179,21.837812896969407
2,170.0,good,57,549,66.22244401830483,-22.66351032473685,78.23808117863733,-21.47255998019179,4.125977913127691
2,170.0,good,66,549,59.661873197062775,-22.865404680818422,78.23808117863733,-21.47255998019179,3.63402121695093
2,170.0,good,70,549,63.74138542792868,-20.31677017982654,78.23808117863733,-21.47255998019179,5.289791320145476
2,170.0,good,78,549,41.283204089003,-21.338683255453194,78.23808117863733,-21.47255998019179,2.6491191119105375
2,170.0,good,82,549,38.68725650988621,-23.59598046077795,78.23808117863733,-21.47255998019179,2.1438102285693525
2,170.0,good,85,549,36.717911157597584,-22.423679154949042,78.23808117863733,-21.47255998019179,2.200433898758936
2,170.0,good,88,549,47.92936060776738,-20.647832079520427,78.23808117863733,-21.47255998019179,3.594718401988791
2,170.0,good,91,549,43.25299401809981,-22.469878832537084,78.23808117863733,-21.47255998019179,2.886195660761974
2,170.0,good,95,549,34.72962691145279,-21.32138671110922,78.23808117863733,-21.47255998019179,2.0399432752035285
2,170.0,good,98,549,39.30893897529078,-20.199558464865728,78.23808117863733,-21.47255998019179,2.4396509683274026
2,170.0,good,43,550,73.70716676554028,-29.47690864910504,77.92206360349621,-29.77272594682049,27.00551125813608
2,170.0,good,58,550,59.025307514457374,-28.931740791712173,77.92206360349621,-29.77272594682049,6.994629538921475
2,170.0,good,64,550,65.20272664526486,-29.81437155341259,77.92206360349621,-29.77272594682049,11.315443916709675
2,170.0,good,93,550,44.01969485521144,-28.580588135368135,77.92206360349621,-29.77272594682049,3.030309557556352
2,170.0,good,103,550,46.15762906182164,-30.092408718214372,77.92206360349621,-29.77272594682049,3.3484952749286574
2,170.0,good,159,550,53.66280555389011,-31.210683051716238,77.92206360349621,-29.77272594682049,4.035795132127089
2,170.0,good,96,551,44.539745456268065,-36.48306596391319,75.53811277147503,-37.05695442215922,3.474799719713565
2,170.0,good,157,551,56.982903033985544,-37.45785056525249,75.53811277147503,-37.05695442215922,7.162954511657077
2,170.0,good,158,551,54.170815173602875,-35.450004234621254,75.53811277147503,-37.05695442215922,2.4808619129108127
2,170.0,good,554,551,65.9448884092257,-37.13253443948744,75.53811277147503,-37.05695442215922,15.214268582651108
2,170.0,good,41,552,72.27361825894302,-34.06268164807196,77.79685988431088,-34.07395407876884,24.238071762487053
2,170.0,good,54,552,62.068811785326965,-34.12506944589026,77.79685988431088,-34.07395407876884,8.82366932171755
2,170.0,good,83,552,38.56311288153375,-32.46951847393345,77.79685988431088,-34.07395407876884,2.4095565472701526
2,170.0,good,158,552,54.170815173602875,-35.450004234621254,77.79685988431088,-34.07395407876884,4.363377327832483
2,170.0,good,156,553,59.84831014696237,-39.369625021841756,69.84032574615532,-39.98222025834266,13.420324705615267
2,170.0,good,174,553,36.816415083629515,-40.09575981254984,69.84032574615532,-39.98222025834266,3.1553180061874215
2,170.0,good,96,554,44.539745456268065,-36.48306596391319,65.9448884092257,-37.13253443948744,5.9219038636100665
2,170.0,good,157,554,56.982903033985544,-37.45785056525249,65.9448884092257,-37.13253443948744,16.2440862740896
2,170.0,good,170,554,29.082877736004136,-36.329948188059284,65.9448884092257,-37.13253443948744,2.6596290306325696
2,170.0,good,240,555,31.33591824205213,6.554721881634617,51.71915771771357,6.375347556317701,6.326955044097085
2,170.0,good,242,555,39.74514340530768,5.535853239124281,51.71915771771357,6.375347556317701,9.405094301199833
2,170.0,good,244,555,46.24777654553094,5.46136676451302,51.71915771771357,6.375347556317701,6.581130778299844
2,170.0,good,251,555,33.24405457220525,5.14495173210107,51.71915771771357,6.375347556317701,5.094372178573027
2,170.0,good,253,555,36.296389078061516,7.265790217345932,51.71915771771357,6.375347556317701,8.293789677123115
2,170.0,good,257,555,44.28600353103583,6.596540148563873,51.71915771771357,6.375347556317701,19.218122592892524
2,170.0,good,277,555,13.586090774780036,8.264122896108141,51.71915771771357,6.375347556317701,2.521017335716071
2,170.0,good,333,555,16.3488041302185,6.5450187075421695,51.71915771771357,6.375347556317701,2.8373869972899897
2,170.0,good,345,555,19.195026559048536,4.899103378183359,51.71915771771357,6.375347556317701,3.2299217724030425
2,170.0,good,189,556,25.1835222844042,-2.7940430489381223,51.346865453006444,-2.0244884579728133,4.466072375317822
2,170.0,good,190,556,18.391701211049405,-2.8187553314135907,51.346865453006444,-2.0244884579728133,3.1654257732889817
2,170.0,good,194,556,29.83755501951252,-3.3611612115467215,51.346865453006444,-2.0244884579728133,4.5072848993652705
2,170.0,good,239,556,34.50043683073557,-2.5707655272111243,51.346865453006444,-2.0244884579728133,8.10382142751322
2,170.0,good,256,556,46.98718040567191,-2.3326866917945264,51.346865453006444,-2.0244884579728133,26.324475064048276
2,170.0,good,258,556,38.47156832458982,-1.170006107044114,51.346865453006444,-2.0244884579728133,9.09922629872917
2,170.0,good,259,556,40.4446308090651,-2.3313951477141694,51.346865453006444,-2.0244884579728133,13.368339445559094
2,170.0,good,272,556,45.01995899463075,-1.2451426038728703,51.346865453006444,-2.0244884579728133,10.509614849212522
2,170.0,good,314,556,30.796154832128337,-0.4125320612740415,51.346865453006444,-2.0244884579728133,2.2591098344479335
2,170.0,good,324,556,15.988937532765252,-1.2854233805241901,51.346865453006444,-2.0244884579728133,2.838941797410338
2,170.0,good,238,557,47.600601968024996,0.98842947588565,51.91971203692417,1.1166455855615167,28.48595914373536
2,170.0,good,246,557,41.09129383011946,1.030968464914106,51.91971203692417,1.1166455855615167,13.463262814787452
2,170.0,good,247,557,39.10418338426587,2.1585971258526975,51.91971203692417,1.1166455855615167,6.4840042519335475
2,170.0,good,248,557,35.16680498456838,0.6914786039022056,51.91971203692417,1.1166455855615167,8.160578383701422
2,170.0,good,255,557,31.71011082880218,2.55079021554788,51.91971203692417,1.1166455855615167,3.5933517849806313
2,170.0,good,264,557,45.63923984434616,2.1329064620849483,51.91971203692417,1.1166455855615167,4.5680136645957345
2,170.0,good,266,557,43.03946346004474,-0.09685957012313295,51.91971203692417,1.1166455855615167,2.399207038401922
2,170.0,good,282,557,10.416581019381018,2.3491338537797555,51.91971203692417,1.1166455855615167,2.2018900977189984
2,170.0,good,314,557,30.796154832128337,-0.4125320612740415,51.91971203692417,1.1166455855615167,3.0140473989656096
2,170.0,good,341,557,13.143079265217127,0.4544061956291736,51.91971203692417,1.1166455855615167,2.454930885571367
2,170.0,good,350,557,26.918334096359636,0.3653024277068493,51.91971203692417,1.1166455855615167,4.767521034356688
2,170.0,good,235,558,35.72743592944947,3.930975678428097,52.50391546281107,4.295168225642063,8.146216495306014
2,170.0,good,236,558,43.64703787765439,3.2545089332951838,52.50391546281107,4.295168225642063,5.366036092767745
2,170.0,good,242,558,39.74514340530768,5.535853239124281,52.50391546281107,4.295168225642063,3.7097263295048415
2,170.0,good,251,558,33.24405457220525,5.14495173210107,52.50391546281107,4.295168225642063,6.822104819116562
2,170.0,good,263,558,41.710488192997104,4.418233431925141,52.50391546281107,4.295168225642063,13.508612583148269
2,170.0,good,265,558,48.23637548155752,4.307845636672452,52.50391546281107,4.295168225642063,28.692256558358682
2,170.0,good,282,558,10.416581019381018,2.3491338537797555,52.50391546281107,4.295168225642063,2.152774972444722
2,170.0,good,328,558,21.952859910366804,3.22221741796883,52.50391546281107,4.295168225642063,3.5518823741116763
2,170.0,good,343,558,28.63543635745984,3.66871080726711,52.50391546281107,4.295168225642063,5.091802061710755
2,170.0,good,345,558,19.195026559048536,4.899103378183359,52.50391546281107,4.295168225642063,3.113929802478419
2,170.0,good,213,559,-34.25087720217803,-2.5139990666983647,4.352195954779371,-1.9115948978296586,2.472495108681321
2,170.0,good,230,560,-41.242847383174954,-1.9329508830475906,1.563037838756689,0.041830608949178255,2.094586244747606
2,170.0,good,410,560,-25.72140748601994,1.7126532837272634,1.563037838756689,0.041830608949178255,3.0070266361104823
2,170.0,good,479,560,-11.16370451579866,0.8158360961985249,1.563037838756689,0.041830608949178255,10.138859341167702
2,170.0,good,410,561,-25.72140748601994,1.7126532837272634,-0.5087044817754871,1.4371121764213015,4.71046926544127
2,170.0,good,479,561,-11.16370451579866,0.8158360961985249,-0.5087044817754871,1.4371121764213015,12.906747848590705
2,170.0,good,410,562,-25.72140748601994,1.7126532837272634,2.182486452655549,2.31370965937033,4.065324765381183
2,170.0,good,561,562,-0.5087044817754871,1.4371121764213015,2.182486452655549,2.31370965937033,5.807089317984801
2,170.0,good,563,562,-2.271987698190779,2.6565174726918546,2.182486452655549,2.31370965937033,25.07167274248982
2,170.0,good,410,563,-25.72140748601994,1.7126532837272634,-2.271987698190779,2.6565174726918546,5.220182953618389
2,170.0,good,220,564,-47.875052220216105,2.1803950530167047,-4.046806801558988,3.8133733575077806,2.015776854923595
2,170.0,good,403,564,-33.9041208811096,4.873087443986635,-4.046806801558988,3.8133733575077806,3.6766039046156282
2,170.0,good,502,567,-41.99315904864332,75.6389882966349,-37.629679234563305,74.8349891109352,9.220577086073188
2,170.0,good,502,568,-41.99315904864332,75.6389882966349,-33.73045026481629,75.2620047868899,17.511869578133528
2,170.0,good,567,568,-37.629679234563305,74.8349891109352,-33.73045026481629,75.2620047868899,22.893593876682118
2,170.0,good,565,569,-38.0328647708403,79.05279195356653,-32.60920670629218,79.08857831138498,24.552070634832038
2,170.0,good,4,570,-41.6982276800415,-79.22567087359624,-2.0055374929152503,-77.10698049443153,2.1582914012191696
2,170.0,good,15,570,-35.08596855709189,-75.30322692472096,-2.0055374929152503,-77.10698049443153,2.8196262091109885
2,170.0,good,17,571,-17.29858974357427,-68.5030908534543,-4.965234804664139,-67.81101303676635,11.190972784782591
2,170.0,good,23,571,-35.00497242045965,-67.64503923658187,-4.965234804664139,-67.81101303676635,3.6431785500997202
2,170.0,good,36,571,-24.26498026750103,-66.59542632376157,-4.965234804664139,-67.81101303676635,5.284135657747912
57,110.0,bad,4,0,-2.58505232458577,-18.970065416793034,3.79038346838707,-19.018675970730477,21.780967596715556
57,110.0,bad,8,0,1.6877656254818953,-18.990785613309164,3.79038346838707,-19.018675970730477,39.8753273985011
57,110.0,bad,9,0,-0.45217749529154894,-18.966508798443687,3.79038346838707,-19.018675970730477,28.79298744112015
57,110.0,bad,1,2,-3.8156553614357023,-26.228851975288688,5.305711463306837,-26.308390424481686,15.974417685180905
57,110.0,bad,5,2,-0.14612605905045406,-26.307861701969014,5.305711463306837,-26.308390424481686,24.46260125455114
57,110.0,bad,6,2,1.6902193966515586,-26.327518317281033,5.305711463306837,-26.308390424481686,31.506214038459667
57,110.0,bad,15,2,-1.9643532556504164,-26.303399010009354,5.305711463306837,-26.308390424481686,19.582808267857942
57,110.0,bad,17,2,3.465850208811858,-26.358936811412164,5.305711463306837,-26.308390424481686,41.66483590419308
57,110.0,bad,1,5,-3.8156553614357023,-26.228851975288688,-0.14612605905045406,-26.307861701969014,31.257610949047887
57,110.0,bad,15,5,-1.9643532556504164,-26.303399010009354,-0.14612605905045406,-26.307861701969014,41.81751607778134
57,110.0,bad,1,6,-3.8156553614357023,-26.228851975288688,1.6902193966515586,-26.327518317281033,24.292396347453842
57,110.0,bad,5,6,-0.14612605905045406,-26.307861701969014,1.6902193966515586,-26.327518317281033,41.68959133835639
57,110.0,bad,15,6,-1.9643532556504164,-26.303399010009354,1.6902193966515586,-26.327518317281033,31.32612502214836
57,110.0,bad,4,8,-2.58505232458577,-18.970065416793034,1.6877656254818953,-18.990785613309164,28.671040168461026
57,110.0,bad,9,8,-0.45217749529154894,-18.966508798443687,1.6877656254818953,-18.990785613309164,39.63050423583505
57,110.0,bad,4,9,-2.58505232458577,-18.970065416793034,-0.45217749529154894,-18.966508798443687,39.67669305004153
57,110.0,bad,12,10,3.4296131687727245,-2.3297276148772275,6.7871032842278325,-2.2043330304641366,32.73506284505195
57,110.0,bad,14,10,4.709783679478983,-2.279706594965287,6.7871032842278325,-2.2043330304641366,40.042555243427216
57,110.0,bad,21,10,0.9220111920869377,-2.3941438179767442,6.7871032842278325,-2.2043330304641366,23.204793457875997
57,110.0,bad,26,10,2.180015443054013,-2.3016572739422694,6.7871032842278325,-2.2043330304641366,27.373833419914966
57,110.0,bad,28,10,-1.4799242709128546,-2.333630576295592,6.7871032842278325,-2.2043330304641366,17.503590089925243
57,110.0,bad,30,10,-0.27171899644056907,-2.403068966806047,6.7871032842278325,-2.2043330304641366,20.070805970197984
57,110.0,bad,33,10,-17.9619755460679,-0.5134333917828906,6.7871032842278325,-2.2043330304641366,2.555707946096818
57,110.0,bad,36,10,-27.372742311665814,-0.7166106408092006,6.7871032842278325,-2.2043330304641366,2.9950757410632303
57,110.0,bad,13,11,-23.273524868487037,-14.383227461853057,5.0333996109290595,-13.124190122495685,3.9802314867252733
57,110.0,bad,31,11,-19.706554640121276,-14.292155248537245,5.0333996109290595,-13.124190122495685,4.839543720061444
57,110.0,bad,21,12,0.9220111920869377,-2.3941438179767442,3.4296131687727245,-2.3297276148772275,37.334883206435954
57,110.0,bad,26,12,2.180015443054013,-2.3016572739422694,3.4296131687727245,-2.3297276148772275,46.15182895427496
57,110.0,bad,28,12,-1.4799242709128546,-2.333630576295592,3.4296131687727245,-2.3297276148772275,26.274506167064064
57,110.0,bad,30,12,-0.27171899644056907,-2.403068966806047,3.4296131687727245,-2.3297276148772275,31.11267207819195
57,110.0,bad,36,12,-27.372742311665814,-0.7166106408092006,3.4296131687727245,-2.3297276148772275,3.3781009512226854
57,110.0,bad,12,14,3.4296131687727245,-2.3297276148772275,4.709783679478983,-2.279706594965287,45.90199623581426
57,110.0,bad,21,14,0.9220111920869377,-2.3941438179767442,4.709783679478983,-2.279706594965287,30.723782713528447
57,110.0,bad,26,14,2.180015443054013,-2.3016572739422694,4.709783679478983,-2.279706594965287,37.20290268185995
57,110.0,bad,28,14,-1.4799242709128546,-2.333630576295592,4.709783679478983,-2.279706594965287,22.283575314869715
57,110.0,bad,30,14,-0.27171899644056907,-2.403068966806047,4.709783679478983,-2.279706594965287,26.022687690328517
57,110.0,bad,36,14,-27.372742311665814,-0.7166106408092006,4.709783679478983,-2.279706594965287,3.2980656882287676
57,110.0,bad,1,15,-3.8156553614357023,-26.228851975288688,-1.9643532556504164,-26.303399010009354,41.58443105056433
57,110.0,bad,3,16,-0.4736708157833094,-5.95851821265691,1.936222770573992,-5.955819961221908,37.925104577174295
57,110.0,bad,35,16,0.8671043938651966,-5.830587284226575,1.936222770573992,-5.955819961221908,44.30347871356407
57,110.0,bad,1,17,-3.8156553614357023,-26.228851975288688,3.465850208811858,-26.358936811412164,19.5568880915678
57,110.0,bad,5,17,-0.14612605905045406,-26.307861701969014,3.465850208811858,-26.358936811412164,31.522491441869537
57,110.0,bad,6,17,1.6902193966515586,-26.327518317281033,3.465850208811858,-26.358936811412164,42.12059907223359
57,110.0,bad,15,17,-1.9643532556504164,-26.303399010009354,3.465850208811858,-26.358936811412164,24.531245370052503
57,110.0,bad,3,18,-0.4736708157833094,-5.95851821265691,4.686299501050912,-5.97535764289152,25.4136005886118
57,110.0,bad,16,18,1.936222770573992,-5.955819961221908,4.686299501050912,-5.97535764289152,35.92835268146504
57,110.0,bad,34,18,3.1669694102768053,-5.966279797535064,4.686299501050912,-5.97535764289152,44.01578536760474
57,110.0,bad,35,18,0.8671043938651966,-5.830587284226575,4.686299501050912,-5.97535764289152,30.584219717461004
57,110.0,bad,11,19,5.0333996109290595,-13.124190122495685,6.814570222200538,-13.099041414768656,42.08099608133428
57,110.0,bad,13,19,-23.273524868487037,-14.383227461853057,6.814570222200538,-13.099041414768656,3.634394463117764
57,110.0,bad,31,19,-19.706554640121276,-14.292155248537245,6.814570222200538,-13.099041414768656,4.378996630546052
57,110.0,bad,28,21,-1.4799242709128546,-2.333630576295592,0.9220111920869377,-2.3941438179767442,37.97379205755146
57,110.0,bad,30,21,-0.27171899644056907,-2.403068966806047,0.9220111920869377,-2.3941438179767442,46.613663088951725
57,110.0,bad,36,21,-27.372742311665814,-0.7166106408092006,0.9220111920869377,-2.3941438179767442,3.0642546685903147
57,110.0,bad,20,22,3.9886846466591694,-8.3808161050581,5.4271944826711005,-8.394875448728396,44.639981098333074
57,110.0,bad,7,23,4.7365519189713385,-10.71472759965318,6.195947299176287,-10.72456446226448,44.477410448009934
57,110.0,bad,3,24,-0.4736708157833094,-5.95851821265691,6.203331624343324,-5.875568928674129,21.000368590344763
57,110.0,bad,16,24,1.936222770573992,-5.955819961221908,6.203331624343324,-5.875568928674129,28.69399064582009
57,110.0,bad,18,24,4.686299501050912,-5.97535764289152,6.203331624343324,-5.875568928674129,43.360694155530865
57,110.0,bad,34,24,3.1669694102768053,-5.966279797535064,6.203331624343324,-5.875568928674129,34.36766800627974
57,110.0,bad,35,24,0.8671043938651966,-5.830587284226575,6.203331624343324,-5.875568928674129,24.832808109275923
57,110.0,bad,7,25,4.7365519189713385,-10.71472759965318,7.653772309883481,-10.645685739603469,35.00457128244264
57,110.0,bad,23,25,6.195947299176287,-10.72456446226448,7.653772309883481,-10.645685739603469,44.39495916483039
57,110.0,bad,21,26,0.9220111920869377,-2.3941438179767442,2.180015443054013,-2.3016572739422694,45.08526026639474
57,110.0,bad,28,26,-1.4799242709128546,-2.333630576295592,2.180015443054013,-2.3016572739422694,31.301513461803786
57,110.0,bad,30,26,-0.27171899644056907,-2.403068966806047,2.180015443054013,-2.3016572739422694,37.67065766613818
57,110.0,bad,36,26,-27.372742311665814,-0.7166106408092006,2.180015443054013,-2.3016572739422694,3.4896081736028797
57,110.0,bad,11,27,5.0333996109290595,-13.124190122495685,8.468434987268266,-13.125375529279493,32.35826842355962
57,110.0,bad,13,27,-23.273524868487037,-14.383227461853057,8.468434987268266,-13.125375529279493,3.3521020360686786
57,110.0,bad,19,27,6.814570222200538,-13.099041414768656,8.468434987268266,-13.125375529279493,43.005396268022544
57,110.0,bad,31,27,-19.706554640121276,-14.292155248537245,8.468434987268266,-13.125375529279493,4.0077908232715895
57,110.0,bad,36,28,-27.372742311665814,-0.7166106408092006,-1.4799242709128546,-2.333630576295592,3.15157867146491
57,110.0,bad,20,29,3.9886846466591694,-8.3808161050581,6.883506733492445,-8.324583006362412,35.126282767528046
57,110.0,bad,22,29,5.4271944826711005,-8.394875448728396,6.883506733492445,-8.324583006362412,44.50135324221042
57,110.0,bad,28,30,-1.4799242709128546,-2.333630576295592,-0.27171899644056907,-2.403068966806047,46.29977308681267
57,110.0,bad,36,30,-27.372742311665814,-0.7166106408092006,-0.27171899644056907,-2.403068966806047,2.905939406177485
57,110.0,bad,13,31,-23.273524868487037,-14.383227461853057,-19.706554640121276,-14.292155248537245,31.731978986847626
57,110.0,bad,3,32,-0.4736708157833094,-5.95851821265691,7.40713470840369,-5.94824222460227,18.267904919740676
57,110.0,bad,16,32,1.936222770573992,-5.955819961221908,7.40713470840369,-5.94824222460227,24.40231752012526
57,110.0,bad,18,32,4.686299501050912,-5.97535764289152,7.40713470840369,-5.94824222460227,36.09372032457675
57,110.0,bad,24,32,6.203331624343324,-5.875568928674129,7.40713470840369,-5.94824222460227,46.22143528401968
57,110.0,bad,34,32,3.1669694102768053,-5.966279797535064,7.40713470840369,-5.94824222460227,28.80267611662616
57,110.0,bad,35,32,0.8671043938651966,-5.830587284226575,7.40713470840369,-5.94824222460227,21.349627380370016
57,110.0,bad,36,33,-27.372742311665814,-0.7166106408092006,-17.9619755460679,-0.5134333917828906,15.501635451009713
57,110.0,bad,3,34,-0.4736708157833094,-5.95851821265691,3.1669694102768053,-5.966279797535064,31.390150142900104
57,110.0,bad,16,34,1.936222770573992,-5.955819961221908,3.1669694102768053,-5.966279797535064,46.306892957364845
57,110.0,bad,35,34,0.8671043938651966,-5.830587284226575,3.1669694102768053,-5.966279797535064,38.18839050409602
57,110.0,bad,3,35,-0.4736708157833094,-5.95851821265691,0.8671043938651966,-5.830587284226575,42.91756175931498
57,110.0,bad,73,37,-22.870479661616613,14.987572677952699,-19.766402579999465,15.124045071918076,34.0133982314232
57,110.0,bad,79,37,-32.26333232482951,14.808510649607188,-19.766402579999465,15.124045071918076,11.540281372806863
57,110.0,bad,73,38,-22.870479661616613,14.987572677952699,-3.1960894417809453,13.522718660948073,3.2360720774095517
57,110.0,bad,79,38,-32.26333232482951,14.808510649607188,-3.1960894417809453,13.522718660948073,3.8268142001984793
57,110.0,bad,39,41,-3.1113245769393845,9.344798241706929,-1.8681669857627807,9.279837080983688,46.17039671845857
57,110.0,bad,46,42,1.3205141174741328,17.424895483266717,2.5218081054313832,17.476752033569092,46.55073154584872
57,110.0,bad,49,42,-3.444099953786469,17.368782193012766,2.5218081054313832,17.476752033569092,22.912667557316226
57,110.0,bad,60,42,-2.376640929762342,17.323160608656067,2.5218081054313832,17.476752033569092,26.313631148406007
57,110.0,bad,65,42,0.08147433738019672,17.406663428064384,2.5218081054313832,17.476752033569092,37.73973420197236
57,110.0,bad,67,42,-1.0876852566682622,17.46081542608124,2.5218081054313832,17.476752033569092,31.53399437046397
57,110.0,bad,39,43,-3.1113245769393845,9.344798241706929,3.2311270330122785,9.38128798750757,21.86897794479128
57,110.0,bad,41,43,-1.8681669857627807,9.279837080983688,3.2311270330122785,9.38128798750757,25.618259357573
57,110.0,bad,51,43,-0.6204257975394896,9.394332834098815,3.2311270330122785,9.38128798750757,30.441494952831743
57,110.0,bad,54,43,0.6279139170215906,9.343609440357529,3.2311270330122785,9.38128798750757,36.770568276746424
57,110.0,bad,55,43,1.8497288015377615,9.333713179464802,3.2311270330122785,9.38128798750757,45.08911001279161
57,110.0,bad,37,44,-19.766402579999465,15.124045071918076,4.028491159493923,13.64822437799229,3.774760239798172
57,110.0,bad,38,44,-3.1960894417809453,13.522718660948073,4.028491159493923,13.64822437799229,19.686367570647107
57,110.0,bad,45,44,0.5002141647535345,13.51727073033937,4.028491159493923,13.64822437799229,31.913756571145285
57,110.0,bad,57,44,-2.044064017145698,13.455454303814337,4.028491159493923,13.64822437799229,22.609608965447364
57,110.0,bad,58,44,-0.7941226052048895,13.568611777466234,4.028491159493923,13.64822437799229,26.58357085634755
57,110.0,bad,62,44,2.804167224567621,13.636460390649198,4.028491159493923,13.64822437799229,46.35990293762295
57,110.0,bad,70,44,1.5836453021260408,13.49485880230409,4.028491159493923,13.64822437799229,36.99827665109149
57,110.0,bad,73,44,-22.870479661616613,14.987572677952699,4.028491159493923,13.64822437799229,4.289773833737863
57,110.0,bad,79,44,-32.26333232482951,14.808510649607188,4.028491159493923,13.64822437799229,2.7255510766451536
57,110.0,bad,37,45,-19.766402579999465,15.124045071918076,0.5002141647535345,13.51727073033937,2.2307016428667885
57,110.0,bad,38,45,-3.1960894417809453,13.522718660948073,0.5002141647535345,13.51727073033937,31.135522129144157
57,110.0,bad,57,45,-2.044064017145698,13.455454303814337,0.5002141647535345,13.51727073033937,37.11688738760273
57,110.0,bad,58,45,-0.7941226052048895,13.568611777466234,0.5002141647535345,13.51727073033937,45.78692054994538
57,110.0,bad,73,45,-22.870479661616613,14.987572677952699,0.5002141647535345,13.51727073033937,3.768549721004803
57,110.0,bad,79,45,-32.26333232482951,14.808510649607188,0.5002141647535345,13.51727073033937,3.1938570312510635
57,110.0,bad,49,46,-3.444099953786469,17.368782193012766,1.3205141174741328,17.424895483266717,26.792837058415227
57,110.0,bad,60,46,-2.376640929762342,17.323160608656067,1.3205141174741328,17.424895483266717,31.131651365212505
57,110.0,bad,65,46,0.08147433738019672,17.406663428064384,1.3205141174741328,17.424895483266717,46.23857966963064
57,110.0,bad,67,46,-1.0876852566682622,17.46081542608124,1.3205141174741328,17.424895483266717,37.93546185143212
57,110.0,bad,40,47,-2.7086247933042764,5.055458683762337,5.813248287254421,5.202717529424792,17.0252341743836
57,110.0,bad,50,47,-0.25099457625310095,5.1036654545503,5.813248287254421,5.202717529424792,22.633013339329604
57,110.0,bad,53,47,1.038037924886694,5.062854419731077,5.813248287254421,5.202717529424792,26.75442096949656
57,110.0,bad,56,47,3.370244932182862,5.151874333862791,5.813248287254421,5.202717529424792,37.723542179188094
57,110.0,bad,63,47,4.651010437579751,5.171043372695255,5.813248287254421,5.202717529424792,46.877059033442954
57,110.0,bad,64,47,-1.4755714712373467,4.965689609597426,5.813248287254421,5.202717529424792,19.540344162575856
57,110.0,bad,68,47,2.3125394734472424,5.203620254162899,5.813248287254421,5.202717529424792,32.044224163473864
57,110.0,bad,42,48,2.5218081054313832,17.476752033569092,3.739007927937129,17.473372689570652,46.418808554856575
57,110.0,bad,46,48,1.3205141174741328,17.424895483266717,3.739007927937129,17.473372689570652,37.872593948482766
57,110.0,bad,49,48,-3.444099953786469,17.368782193012766,3.739007927937129,17.473372689570652,19.781511299609626
57,110.0,bad,60,48,-2.376640929762342,17.323160608656067,3.739007927937129,17.473372689570652,22.48885322149463
57,110.0,bad,65,48,0.08147433738019672,17.406663428064384,3.739007927937129,17.473372689570652,31.31254355565855
57,110.0,bad,67,48,-1.0876852566682622,17.46081542608124,3.739007927937129,17.473372689570652,26.568944448702602
57,110.0,bad,40,50,-2.7086247933042764,5.055458683762337,-0.25099457625310095,5.1036654545503,37.63500959207816
57,110.0,bad,64,50,-1.4755714712373467,4.965689609597426,-0.25099457625310095,5.1036654545503,42.89137595003237
57,110.0,bad,39,51,-3.1113245769393845,9.344798241706929,-0.6204257975394896,9.394332834098815,37.43480057618901
57,110.0,bad,41,51,-1.8681669857627807,9.279837080983688,-0.6204257975394896,9.394332834098815,44.054524985426845
57,110.0,bad,59,52,5.627530393281992,1.3876768358285152,6.716736905752318,1.3427392293504652,47.49653844024755
57,110.0,bad,74,52,-2.234329787079103,1.2404391343520582,6.716736905752318,1.3427392293504652,16.262809770363535
57,110.0,bad,75,52,2.633795982925689,1.2841380328721823,6.716736905752318,1.3427392293504652,29.449382108601966
57,110.0,bad,76,52,0.12577523494767084,1.262871331774201,6.716736905752318,1.3427392293504652,21.218749316916455
57,110.0,bad,77,52,1.4763389608010895,1.2227756941039813,6.716736905752318,1.3427392293504652,25.14607970414881
57,110.0,bad,78,52,-1.119683718276573,1.1324959344502739,6.716736905752318,1.3427392293504652,18.35893528859252
57,110.0,bad,40,53,-2.7086247933042764,5.055458683762337,1.038037924886694,5.062854419731077,30.907818101813483
57,110.0,bad,50,53,-0.25099457625310095,5.1036654545503,1.038037924886694,5.062854419731077,45.829957575754946
57,110.0,bad,64,53,-1.4755714712373467,4.965689609597426,1.038037924886694,5.062854419731077,37.29904503068026
57,110.0,bad,39,54,-3.1113245769393845,9.344798241706929,0.6279139170215906,9.343609440357529,30.94123022580753
57,110.0,bad,41,54,-1.8681669857627807,9.279837080983688,0.6279139170215906,9.343609440357529,37.40375859866212
57,110.0,bad,51,54,-0.6204257975394896,9.394332834098815,0.6279139170215906,9.343609440357529,46.16215274674977
57,110.0,bad,39,55,-3.1113245769393845,9.344798241706929,1.8497288015377615,9.333713179464802,26.093873768626292
57,110.0,bad,41,55,-1.8681669857627807,9.279837080983688,1.8497288015377615,9.333713179464802,31.037583678540408
57,110.0,bad,51,55,-0.6204257975394896,9.394332834098815,1.8497288015377615,9.333713179464802,37.559450218461414
57,110.0,bad,54,55,0.6279139170215906,9.343609440357529,1.8497288015377615,9.333713179464802,46.38063618592797
57,110.0,bad,40,56,-2.7086247933042764,5.055458683762337,3.370244932182862,5.151874333862791,22.591853806258605
57,110.0,bad,50,56,-0.25099457625310095,5.1036654545503,3.370244932182862,5.151874333862791,31.479631739882436
57,110.0,bad,53,56,1.038037924886694,5.062854419731077,3.370244932182862,5.151874333862791,38.40442699423712
57,110.0,bad,64,56,-1.4755714712373467,4.965689609597426,3.370244932182862,5.151874333862791,26.500540463671445
57,110.0,bad,68,56,2.3125394734472424,5.203620254162899,3.370244932182862,5.151874333862791,47.7675389982524
57,110.0,bad,38,57,-3.1960894417809453,13.522718660948073,-2.044064017145698,13.455454303814337,46.743372864971136
57,110.0,bad,73,57,-22.870479661616613,14.987572677952699,-2.044064017145698,13.455454303814337,2.9322176936778352
57,110.0,bad,79,57,-32.26333232482951,14.808510649607188,-2.044064017145698,13.455454303814337,3.6107263155329727
57,110.0,bad,37,58,-19.766402579999465,15.124045071918076,-0.7941226052048895,13.568611777466234,2.3141961629327366
57,110.0,bad,38,58,-3.1960894417809453,13.522718660948073,-0.7941226052048895,13.568611777466234,37.973599931226666
57,110.0,bad,57,58,-2.044064017145698,13.455454303814337,-0.7941226052048895,13.568611777466234,44.113310244456066
57,110.0,bad,73,58,-22.870479661616613,14.987572677952699,-0.7941226052048895,13.568611777466234,3.9778999368697776
57,110.0,bad,79,58,-32.26333232482951,14.808510649607188,-0.7941226052048895,13.568611777466234,3.3963417504046016
57,110.0,bad,74,59,-2.234329787079103,1.2404391343520582,5.627530393281992,1.3876768358285152,18.30667750880548
57,110.0,bad,75,59,2.633795982925689,1.2841380328721823,5.627530393281992,1.3876768358285152,34.59353399064735
57,110.0,bad,76,59,0.12577523494767084,1.262871331774201,5.627530393281992,1.3876768358285152,24.305309497797758
57,110.0,bad,77,59,1.4763389608010895,1.2227756941039813,5.627530393281992,1.3876768358285152,29.166001244569895
57,110.0,bad,78,59,-1.119683718276573,1.1324959344502739,5.627530393281992,1.3876768358285152,20.824652181049604
57,110.0,bad,49,60,-3.444099953786469,17.368782193012766,-2.376640929762342,17.323160608656067,47.68338264173224
57,110.0,bad,39,61,-3.1113245769393845,9.344798241706929,5.798058267717838,9.44184640287497,16.334588281225244
57,110.0,bad,41,61,-1.8681669857627807,9.279837080983688,5.798058267717838,9.44184640287497,18.71437702932558
57,110.0,bad,43,61,3.2311270330122785,9.38128798750757,5.798058267717838,9.44184640287497,36.98319476610506
57,110.0,bad,51,61,-0.6204257975394896,9.394332834098815,5.798058267717838,9.44184640287497,21.66690057183561
57,110.0,bad,54,61,0.6279139170215906,9.343609440357529,5.798058267717838,9.44184640287497,25.37952416531298
57,110.0,bad,55,61,1.8497288015377615,9.333713179464802,5.798058267717838,9.44184640287497,30.02054054682747
57,110.0,bad,69,61,4.597149843112193,9.526902716959569,5.798058267717838,9.44184640287497,45.74012082013394
57,110.0,bad,37,62,-19.766402579999465,15.124045071918076,2.804167224567621,13.636460390649198,3.5577244576034244
57,110.0,bad,38,62,-3.1960894417809453,13.522718660948073,2.804167224567621,13.636460390649198,22.814397452582472
57,110.0,bad,45,62,0.5002141647535345,13.51727073033937,2.804167224567621,13.636460390649198,38.54342173502638
57,110.0,bad,57,62,-2.044064017145698,13.455454303814337,2.804167224567621,13.636460390649198,26.49192134736164
57,110.0,bad,58,62,-0.7941226052048895,13.568611777466234,2.804167224567621,13.636460390649198,31.585977034044017
57,110.0,bad,70,62,1.5836453021260408,13.49485880230409,2.804167224567621,13.636460390649198,42.70631844129592
57,110.0,bad,73,62,-22.870479661616613,14.987572677952699,2.804167224567621,13.636460390649198,4.434642922633769
57,110.0,bad,79,62,-32.26333232482951,14.808510649607188,2.804167224567621,13.636460390649198,2.8756496663091657
57,110.0,bad,40,63,-2.7086247933042764,5.055458683762337,4.651010437579751,5.171043372695255,19.38124677506452
57,110.0,bad,50,63,-0.25099457625310095,5.1036654545503,4.651010437579751,5.171043372695255,26.301074509741873
57,110.0,bad,53,63,1.038037924886694,5.062854419731077,4.651010437579751,5.171043372695255,31.51787775885645
57,110.0,bad,56,63,3.370244932182862,5.151874333862791,4.651010437579751,5.171043372695255,45.8971542374983
57,110.0,bad,64,63,-1.4755714712373467,4.965689609597426,4.651010437579751,5.171043372695255,22.458370824346403
57,110.0,bad,68,63,2.3125394734472424,5.203620254162899,4.651010437579751,5.171043372695255,38.36544281063705
57,110.0,bad,40,64,-2.7086247933042764,5.055458683762337,-1.4755714712373467,4.965689609597426,45.34688487302642
57,110.0,bad,49,65,-3.444099953786469,17.368782193012766,0.08147433738019672,17.406663428064384,31.92651196913915
57,110.0,bad,60,65,-2.376640929762342,17.323160608656067,0.08147433738019672,17.406663428064384,37.632079050968535
57,110.0,bad,67,65,-1.0876852566682622,17.46081542608124,0.08147433738019672,17.406663428064384,46.81897579514597
57,110.0,bad,37,66,-19.766402579999465,15.124045071918076,5.2576779332525785,13.6157588185515,3.6852835260279297
57,110.0,bad,38,66,-3.1960894417809453,13.522718660948073,5.2576779332525785,13.6157588185515,17.151133154570847
57,110.0,bad,44,66,4.028491159493923,13.64822437799229,5.2576779332525785,13.6157588185515,46.3197589936565
57,110.0,bad,45,66,0.5002141647535345,13.51727073033937,5.2576779332525785,13.6157588185515,26.8188067387533
57,110.0,bad,57,66,-2.044064017145698,13.455454303814337,5.2576779332525785,13.6157588185515,19.51116677873087
57,110.0,bad,58,66,-0.7941226052048895,13.568611777466234,5.2576779332525785,13.6157588185515,22.668114255280646
57,110.0,bad,62,66,2.804167224567621,13.636460390649198,5.2576779332525785,13.6157588185515,37.65991234970898
57,110.0,bad,70,66,1.5836453021260408,13.49485880230409,5.2576779332525785,13.6157588185515,31.237025928889977
57,110.0,bad,73,66,-22.870479661616613,14.987572677952699,5.2576779332525785,13.6157588185515,4.0176422439401325
57,110.0,bad,79,66,-32.26333232482951,14.808510649607188,5.2576779332525785,13.6157588185515,2.5863754682099684
57,110.0,bad,49,67,-3.444099953786469,17.368782193012766,-1.0876852566682622,17.46081542608124,38.25409669214868
57,110.0,bad,60,67,-2.376640929762342,17.323160608656067,-1.0876852566682622,17.46081542608124,42.629383527457726
57,110.0,bad,40,68,-2.7086247933042764,5.055458683762337,2.3125394734472424,5.203620254162899,25.88544951048678
57,110.0,bad,50,68,-0.25099457625310095,5.1036654545503,2.3125394734472424,5.203620254162899,37.00319801369352
57,110.0,bad,53,68,1.038037924886694,5.062854419731077,2.3125394734472424,5.203620254162899,42.521604203605264
57,110.0,bad,64,68,-1.4755714712373467,4.965689609597426,2.3125394734472424,5.203620254162899,29.767382939710934
57,110.0,bad,39,69,-3.1113245769393845,9.344798241706929,4.597149843112193,9.526902716959569,18.62518542300753
57,110.0,bad,41,69,-1.8681669857627807,9.279837080983688,4.597149843112193,9.526902716959569,21.54382031242234
57,110.0,bad,43,69,3.2311270330122785,9.38128798750757,4.597149843112193,9.526902716959569,41.86887455721502
57,110.0,bad,51,69,-0.6204257975394896,9.394332834098815,4.597149843112193,9.526902716959569,25.22156108680562
57,110.0,bad,54,69,0.6279139170215906,9.343609440357529,4.597149843112193,9.526902716959569,29.93074986994103
57,110.0,bad,55,69,1.8497288015377615,9.333713179464802,4.597149843112193,9.526902716959569,34.46548719155962
57,110.0,bad,37,70,-19.766402579999465,15.124045071918076,1.5836453021260408,13.49485880230409,2.314421927346243
57,110.0,bad,38,70,-3.1960894417809453,13.522718660948073,1.5836453021260408,13.49485880230409,26.738043316865852
57,110.0,bad,45,70,0.5002141647535345,13.51727073033937,1.5836453021260408,13.49485880230409,47.54605050758649
57,110.0,bad,57,70,-2.044064017145698,13.455454303814337,1.5836453021260408,13.49485880230409,31.44974866682403
57,110.0,bad,58,70,-0.7941226052048895,13.568611777466234,1.5836453021260408,13.49485880230409,38.12222425899564
57,110.0,bad,73,70,-22.870479661616613,14.987572677952699,1.5836453021260408,13.49485880230409,3.730067610001295
57,110.0,bad,79,70,-32.26333232482951,14.808510649607188,1.5836453021260408,13.49485880230409,3.0379706678933793
57,110.0,bad,42,71,2.5218081054313832,17.476752033569092,4.986007574364355,17.560727702233685,37.59534900963287
57,110.0,bad,46,71,1.3205141174741328,17.424895483266717,4.986007574364355,17.560727702233685,31.27607636588389
57,110.0,bad,48,71,3.739007927937129,17.473372689570652,4.986007574364355,17.560727702233685,45.37568889555516
57,110.0,bad,49,71,-3.444099953786469,17.368782193012766,4.986007574364355,17.560727702233685,17.19519732015897
57,110.0,bad,60,71,-2.376640929762342,17.323160608656067,4.986007574364355,17.560727702233685,19.374520160218733
57,110.0,bad,65,71,0.08147433738019672,17.406663428064384,4.986007574364355,17.560727702233685,26.29215247981668
57,110.0,bad,67,71,-1.0876852566682622,17.46081542608124,4.986007574364355,17.560727702233685,22.606408579454136
57,110.0,bad,33,72,-17.9619755460679,-0.5134333917828906,10.605688630426528,0.26587857758590516,3.9265960750059157
57,110.0,bad,36,72,-27.372742311665814,-0.7166106408092006,10.605688630426528,0.26587857758590516,2.5372941611381914
57,110.0,bad,74,72,-2.234329787079103,1.2404391343520582,10.605688630426528,0.26587857758590516,7.447413944610565
57,110.0,bad,75,72,2.633795982925689,1.2841380328721823,10.605688630426528,0.26587857758590516,5.417878587943833
57,110.0,bad,76,72,0.12577523494767084,1.262871331774201,10.605688630426528,0.26587857758590516,6.703819019109057
57,110.0,bad,77,72,1.4763389608010895,1.2227756941039813,10.605688630426528,0.26587857758590516,7.080630384162613
57,110.0,bad,78,72,-1.119683718276573,1.1324959344502739,10.605688630426528,0.26587857758590516,9.012140112526762
57,110.0,bad,79,73,-32.26333232482951,14.808510649607188,-22.870479661616613,14.987572677952699,15.530287877840959
57,110.0,bad,74,75,-2.234329787079103,1.2404391343520582,2.633795982925689,1.2841380328721823,26.421072919393424
57,110.0,bad,76,75,0.12577523494767084,1.262871331774201,2.633795982925689,1.2841380328721823,37.332383288043935
57,110.0,bad,77,75,1.4763389608010895,1.2227756941039813,2.633795982925689,1.2841380328721823,46.86759947864092
57,110.0,bad,78,75,-1.119683718276573,1.1324959344502739,2.633795982925689,1.2841380328721823,30.877186456775156
57,110.0,bad,74,76,-2.234329787079103,1.2404391343520582,0.12577523494767084,1.262871331774201,38.2312572468144
57,110.0,bad,78,76,-1.119683718276573,1.1324959344502739,0.12577523494767084,1.262871331774201,43.21789444021541
57,110.0,bad,74,77,-2.234329787079103,1.2404391343520582,1.4763389608010895,1.2227756941039813,31.070312783580473
57,110.0,bad,76,77,0.12577523494767084,1.262871331774201,1.4763389608010895,1.2227756941039813,45.33441744740549
57,110.0,bad,78,77,-1.119683718276573,1.1324959344502739,1.4763389608010895,1.2227756941039813,36.81256120157956
57,110.0,bad,74,78,-2.234329787079103,1.2404391343520582,-1.119683718276573,1.1324959344502739,45.05392391066811
57,150.0,good,1,0,-19.782542652502837,-17.639810315895243,-9.321367073380713,-17.005562572298413,12.846123137261417
57,150.0,good,16,10,-2.34509458255857,-5.807002792029035,3.7823047961521685,-6.0512829655351394,22.456094130344592
57,150.0,good,34,10,-1.4090114115083208,-6.606124182176973,3.7823047961521685,-6.0512829655351394,17.345990138745158
57,150.0,good,35,10,-3.0835887609722485,-5.023852949883246,3.7823047961521685,-6.0512829655351394,4.664021377176841
57,150.0,good,4,11,-14.173987973278404,-12.87027359350268,-4.58025899596126,-13.289119818281046,15.213484939035277
57,150.0,good,9,11,-12.537824912221884,-14.238534579062488,-4.58025899596126,-13.289119818281046,6.852327986815425
57,150.0,good,3,12,-4.192914575485884,-4.260020034573424,1.1297160651983593,-3.989187744262428,24.853997205243623
57,150.0,good,26,12,0.19051193863009597,-3.164458680388282,1.1297160651983593,-3.989187744262428,6.068512652215563
57,150.0,good,35,12,-3.0835887609722485,-5.023852949883246,1.1297160651983593,-3.989187744262428,2.706504543444312
57,150.0,good,3,14,-4.192914575485884,-4.260020034573424,2.1425364629929526,-4.773747162487815,17.822649663900926
57,150.0,good,12,14,1.1297160651983593,-3.989187744262428,2.1425364629929526,-4.773747162487815,7.803825702679733
57,150.0,good,16,14,-2.34509458255857,-5.807002792029035,2.1425364629929526,-4.773747162487815,2.952486101374605
57,150.0,good,35,14,-3.0835887609722485,-5.023852949883246,2.1425364629929526,-4.773747162487815,25.19324484815258
57,150.0,good,35,16,-3.0835887609722485,-5.023852949883246,-2.34509458255857,-5.807002792029035,7.611128720083982
57,150.0,good,9,19,-12.537824912221884,-14.238534579062488,-3.1996378692233494,-14.414769190138237,15.618214710356146
57,150.0,good,30,21,-1.752811784398324,-1.6662000242249768,-0.8326244318113736,-2.4266779380545382,8.776831666786826
57,150.0,good,20,22,-2.3315750424655093,-8.983954675901241,-1.2386497481281684,-9.919381056994457,2.363757117145642
57,150.0,good,4,23,-14.173987973278404,-12.87027359350268,-2.1472461572361583,-12.198171165370272,11.549076052328825
57,150.0,good,7,23,-3.258884865150934,-11.25255442339964,-2.1472461572361583,-12.198171165370272,2.090626199423825
57,150.0,good,18,24,-0.2509721647251446,-7.5896847725413,0.9752848124414815,-8.488371634877907,3.6635801133820403
57,150.0,good,20,24,-2.3315750424655093,-8.983954675901241,0.9752848124414815,-8.488371634877907,20.709959667536864
57,150.0,good,4,25,-14.173987973278404,-12.87027359350268,-0.9797851431496483,-13.07481841216921,10.856854075102726
57,150.0,good,9,25,-12.537824912221884,-14.238534579062488,-0.9797851431496483,-13.07481841216921,4.356318870157519
57,150.0,good,11,25,-4.58025899596126,-13.289119818281046,-0.9797851431496483,-13.07481841216921,30.96661237931306
57,150.0,good,23,25,-2.1472461572361583,-12.198171165370272,-0.9797851431496483,-13.07481841216921,4.355020736914182
57,150.0,good,21,26,-0.8326244318113736,-2.4266779380545382,0.19051193863009597,-3.164458680388282,9.883097513233057
57,150.0,good,8,27,-10.914138211760887,-15.63266062165393,-1.9496311987925754,-15.498026071306397,16.2397667336428
57,150.0,good,9,27,-12.537824912221884,-14.238534579062488,-1.9496311987925754,-15.498026071306397,2.5721252072777943
57,150.0,good,7,29,-3.258884865150934,-11.25255442339964,-0.07786672993292587,-10.801633392789409,22.709256806062676
57,150.0,good,22,29,-1.2386497481281684,-9.919381056994457,-0.07786672993292587,-10.801633392789409,4.151401029170984
57,150.0,good,28,30,-2.6337165839981624,-0.836387750646608,-1.752811784398324,-1.6662000242249768,5.805066873389827
57,150.0,good,20,32,-2.3315750424655093,-8.983954675901241,1.8507379814177192,-9.317832316323246,25.850922198160674
57,150.0,good,22,32,-1.2386497481281684,-9.919381056994457,1.8507379814177192,-9.317832316323246,16.395427022445066
57,150.0,good,24,32,0.9752848124414815,-8.488371634877907,1.8507379814177192,-9.317832316323246,5.813302421826025
57,150.0,good,16,34,-2.34509458255857,-5.807002792029035,-1.4090114115083208,-6.606124182176973,7.115464823721684
57,150.0,good,3,35,-4.192914575485884,-4.260020034573424,-3.0835887609722485,-5.023852949883246,8.783058258128017
57,150.0,good,33,38,-14.089700177141658,11.152422529818045,6.243889447946843,12.413410178707338,4.984326533990913
57,150.0,good,13,40,-27.073914797078153,3.9417419479262,1.1746592317996205,5.613776488539473,3.086659108640265
57,150.0,good,39,41,3.6233076218858526,9.158451652897439,4.533865357304109,8.309602220210756,5.095974394984781
57,150.0,good,33,42,-14.089700177141658,11.152422529818045,13.165656750520352,11.766981774905519,4.208094120205571
57,150.0,good,38,42,6.243889447946843,12.413410178707338,13.165656750520352,11.766981774905519,14.026963872678339
57,150.0,good,46,42,12.21207941847801,12.499434243756916,13.165656750520352,11.766981774905519,10.078661202209544
57,150.0,good,57,42,7.083155427481359,11.621375022705656,13.165656750520352,11.766981774905519,22.581652002935847
57,150.0,good,58,42,8.113402322329776,10.904611824164425,13.165656750520352,11.766981774905519,7.779109470985442
57,150.0,good,13,43,-27.073914797078153,3.9417419479262,8.505362589921603,5.109555109985471,2.8114348940857647
57,150.0,good,40,43,1.1746592317996205,5.613776488539473,8.505362589921603,5.109555109985471,17.24708960776935
57,150.0,good,50,43,3.0882999177784622,4.070970764710566,8.505362589921603,5.109555109985471,3.5126662205554284
57,150.0,good,55,43,7.416569653823059,5.961056359886574,8.505362589921603,5.109555109985471,5.186631896749703
57,150.0,good,64,43,2.0615304286321496,4.752417990604059,8.505362589921603,5.109555109985471,21.23643083063277
57,150.0,good,41,44,4.533865357304109,8.309602220210756,11.858912791279469,7.865682240147509,18.461452588928466
57,150.0,good,51,44,5.563287012457365,7.59527847975983,11.858912791279469,7.865682240147509,21.994840476572517
57,150.0,good,62,44,10.913464499046965,8.643650758627707,11.858912791279469,7.865682240147509,8.027662655788511
57,150.0,good,33,45,-14.089700177141658,11.152422529818045,9.071920423519511,10.033298661818009,5.3111847596637025
57,150.0,good,39,45,3.6233076218858526,9.158451652897439,9.071920423519511,10.033298661818009,7.6197675680660675
57,150.0,good,58,45,8.113402322329776,10.904611824164425,9.071920423519511,10.033298661818009,4.316478608611772
57,150.0,good,33,46,-14.089700177141658,11.152422529818045,12.21207941847801,12.499434243756916,4.382549198072199
57,150.0,good,38,46,6.243889447946843,12.413410178707338,12.21207941847801,12.499434243756916,22.906119421355868
57,150.0,good,57,46,7.083155427481359,11.621375022705656,12.21207941847801,12.499434243756916,7.374577418075652
57,150.0,good,65,46,11.25120054095051,13.281907097735647,12.21207941847801,12.499434243756916,7.846635793543479
57,150.0,good,28,47,-2.6337165839981624,-0.836387750646608,7.797448911535384,0.24882888145492021,5.183619960171768
57,150.0,good,31,47,-24.2829169845616,1.7187030439450446,7.797448911535384,0.24882888145492021,3.298404293564489
57,150.0,good,63,47,6.886763309716538,0.9716371589813839,7.797448911535384,0.24882888145492021,10.499487975643111
57,150.0,good,75,47,2.8430327936867954,-0.7092646199873425,7.797448911535384,0.24882888145492021,5.1205488445343015
57,150.0,good,76,47,0.9081074645064426,0.8865688034501138,7.797448911535384,0.24882888145492021,14.261582316409543
57,150.0,good,77,47,1.9169263226776185,-0.012271866051135949,7.797448911535384,0.24882888145492021,23.159720944684526
57,150.0,good,33,48,-14.089700177141658,11.152422529818045,14.095913710265217,10.981992082794779,4.005560984122988
57,150.0,good,42,48,13.165656750520352,11.766981774905519,14.095913710265217,10.981992082794779,7.710465784162336
57,150.0,good,45,48,9.071920423519511,10.033298661818009,14.095913710265217,10.981992082794779,5.408562255930844
57,150.0,good,57,48,7.083155427481359,11.621375022705656,14.095913710265217,10.981992082794779,14.182086661149073
57,150.0,good,58,48,8.113402322329776,10.904611824164425,14.095913710265217,10.981992082794779,22.865086931194444
57,150.0,good,36,49,-21.42936558166101,17.04590400180945,8.526104357868352,15.51908385951721,3.6235897169972047
57,150.0,good,13,50,-27.073914797078153,3.9417419479262,3.0882999177784622,4.070970764710566,3.620992245018633
57,150.0,good,64,50,2.0615304286321496,4.752417990604059,3.0882999177784622,4.070970764710566,12.55033776458087
57,150.0,good,41,51,4.533865357304109,8.309602220210756,5.563287012457365,7.59527847975983,10.97538894357944
57,150.0,good,3,52,-4.192914575485884,-4.260020034573424,6.008415122210252,-3.288837335340112,7.091788199712802
57,150.0,good,12,52,1.1297160651983593,-3.989187744262428,6.008415122210252,-3.288837335340112,12.683738790207466
57,150.0,good,21,52,-0.8326244318113736,-2.4266779380545382,6.008415122210252,-3.288837335340112,8.486783262845929
57,150.0,good,26,52,0.19051193863009597,-3.164458680388282,6.008415122210252,-3.288837335340112,23.343451813752395
57,150.0,good,59,52,5.202919862576418,-2.554284681004722,6.008415122210252,-3.288837335340112,9.872853908941712
57,150.0,good,13,53,-27.073914797078153,3.9417419479262,4.049523274756078,3.2111335780534556,3.4536956986750993
57,150.0,good,31,53,-24.2829169845616,1.7187030439450446,4.049523274756078,3.2111335780534556,3.8176670038654166
57,150.0,good,50,53,3.0882999177784622,4.070970764710566,4.049523274756078,3.2111335780534556,4.7385594729158935
57,150.0,good,74,53,-0.9142570113553565,2.386431008985721,4.049523274756078,3.2111335780534556,8.835474587599816
57,150.0,good,51,54,5.563287012457365,7.59527847975983,6.486966344903461,6.754004804648687,5.400949343573461
57,150.0,good,13,55,-27.073914797078153,3.9417419479262,7.416569653823059,5.961056359886574,2.166674567877289
57,150.0,good,40,55,1.1746592317996205,5.613776488539473,7.416569653823059,5.961056359886574,21.760871189161517
57,150.0,good,54,55,6.486966344903461,6.754004804648687,7.416569653823059,5.961056359886574,7.369836077784994
57,150.0,good,31,56,-24.2829169845616,1.7187030439450446,5.893318390717674,1.7802130210868827,3.618465385865102
57,150.0,good,68,56,5.116330638017379,2.49973265935993,5.893318390717674,1.7802130210868827,10.564627868456467
57,150.0,good,74,56,-0.9142570113553565,2.386431008985721,5.893318390717674,1.7802130210868827,15.110365152740165
57,150.0,good,76,56,0.9081074645064426,0.8865688034501138,5.893318390717674,1.7802130210868827,6.863845520297339
57,150.0,good,78,56,-0.1297731357515488,1.5872610383164014,5.893318390717674,1.7802130210868827,22.749417188894515
57,150.0,good,33,57,-14.089700177141658,11.152422529818045,7.083155427481359,11.621375022705656,6.010487887148843
57,150.0,good,38,57,6.243889447946843,12.413410178707338,7.083155427481359,11.621375022705656,7.3228500578573374
57,150.0,good,33,58,-14.089700177141658,11.152422529818045,8.113402322329776,10.904611824164425,5.632062599459664
57,150.0,good,57,58,7.083155427481359,11.621375022705656,8.113402322329776,10.904611824164425,10.861306205872351
57,150.0,good,21,59,-0.8326244318113736,-2.4266779380545382,5.202919862576418,-2.554284681004722,22.71409774997406
57,150.0,good,26,59,0.19051193863009597,-3.164458680388282,5.202919862576418,-2.554284681004722,15.616222445214415
57,150.0,good,30,59,-1.752811784398324,-1.6662000242249768,5.202919862576418,-2.554284681004722,7.890573674133126
57,150.0,good,49,60,8.526104357868352,15.51908385951721,9.314500422320487,14.797986263843681,10.49701556392588
57,150.0,good,13,61,-27.073914797078153,3.9417419479262,10.510672197196751,3.505953954975655,2.5794688846574045
57,150.0,good,31,61,-24.2829169845616,1.7187030439450446,10.510672197196751,3.505953954975655,2.8540971639119395
57,150.0,good,50,61,3.0882999177784622,4.070970764710566,10.510672197196751,3.505953954975655,15.817520543233934
57,150.0,good,53,61,4.049523274756078,3.2111335780534556,10.510672197196751,3.505953954975655,21.554731336350898
57,150.0,good,68,61,5.116330638017379,2.49973265935993,10.510672197196751,3.505953954975655,4.234242414558579
57,150.0,good,69,61,9.645396116652016,4.343039927437035,10.510672197196751,3.505953954975655,5.50145124790456
57,150.0,good,74,61,-0.9142570113553565,2.386431008985721,10.510672197196751,3.505953954975655,4.976869612126258
57,150.0,good,39,62,3.6233076218858526,9.158451652897439,10.913464499046965,8.643650758627707,17.049124921804683
57,150.0,good,41,62,4.533865357304109,8.309602220210756,10.913464499046965,8.643650758627707,21.662804927021025
57,150.0,good,51,62,5.563287012457365,7.59527847975983,10.913464499046965,8.643650758627707,3.2512577975172876
57,150.0,good,70,62,9.887470716155532,9.31971401783536,10.913464499046965,8.643650758627707,12.81362726798862
57,150.0,good,31,63,-24.2829169845616,1.7187030439450446,6.886763309716538,0.9716371589813839,3.4459416004379824
57,150.0,good,56,63,5.893318390717674,1.7802130210868827,6.886763309716538,0.9716371589813839,6.778276732190738
57,150.0,good,76,63,0.9081074645064426,0.8865688034501138,6.886763309716538,0.9716371589813839,22.876122647380054
57,150.0,good,77,63,1.9169263226776185,-0.012271866051135949,6.886763309716538,0.9716371589813839,4.480936227009128
57,150.0,good,78,63,-0.1297731357515488,1.5872610383164014,6.886763309716538,0.9716371589813839,14.786051640872898
57,150.0,good,13,64,-27.073914797078153,3.9417419479262,2.0615304286321496,4.752417990604059,3.813487648363
57,150.0,good,40,64,1.1746592317996205,5.613776488539473,2.0615304286321496,4.752417990604059,4.600300278612597
57,150.0,good,38,65,6.243889447946843,12.413410178707338,11.25120054095051,13.281907097735647,7.582386668605541
57,150.0,good,67,65,10.390380564175452,14.074911235700744,11.25120054095051,13.281907097735647,7.302110266991516
57,150.0,good,44,66,11.858912791279469,7.865682240147509,12.779656029522549,7.050706150582507,6.443911752653247
57,150.0,good,51,66,5.563287012457365,7.59527847975983,12.779656029522549,7.050706150582507,16.423315166800393
57,150.0,good,54,66,6.486966344903461,6.754004804648687,12.779656029522549,7.050706150582507,22.00276854047492
57,150.0,good,55,66,7.416569653823059,5.961056359886574,12.779656029522549,7.050706150582507,2.401911138700973
57,150.0,good,60,67,9.314500422320487,14.797986263843681,10.390380564175452,14.074911235700744,10.59597338441791
57,150.0,good,13,68,-27.073914797078153,3.9417419479262,5.116330638017379,2.49973265935993,3.281246052837932
57,150.0,good,31,68,-24.2829169845616,1.7187030439450446,5.116330638017379,2.49973265935993,3.7625912824889767
57,150.0,good,53,68,4.049523274756078,3.2111335780534556,5.116330638017379,2.49973265935993,11.135420007173957
57,150.0,good,74,68,-0.9142570113553565,2.386431008985721,5.116330638017379,2.49973265935993,22.728146283634143
57,150.0,good,78,68,-0.1297731357515488,1.5872610383164014,5.116330638017379,2.49973265935993,6.496994224055692
57,150.0,good,13,69,-27.073914797078153,3.9417419479262,9.645396116652016,4.343039927437035,2.675901018921111
57,150.0,good,43,69,8.505362589921603,5.109555109985471,9.645396116652016,4.343039927437035,8.690782202632139
57,150.0,good,50,69,3.0882999177784622,4.070970764710566,9.645396116652016,4.343039927437035,21.305638688893673
57,150.0,good,64,69,2.0615304286321496,4.752417990604059,9.645396116652016,4.343039927437035,18.643707656560146
57,150.0,good,39,70,3.6233076218858526,9.158451652897439,9.887470716155532,9.31971401783536,22.08001990691262
57,150.0,good,41,70,4.533865357304109,8.309602220210756,9.887470716155532,9.31971401783536,4.115855458098729
57,150.0,good,45,70,9.071920423519511,10.033298661818009,9.887470716155532,9.31971401783536,10.875318662005068
57,150.0,good,33,71,-14.089700177141658,11.152422529818045,15.107321579765935,10.247353982816968,3.8015154686192223
57,150.0,good,39,71,3.6233076218858526,9.158451652897439,15.107321579765935,10.247353982816968,5.469070663101376
57,150.0,good,45,71,9.071920423519511,10.033298661818009,15.107321579765935,10.247353982816968,22.714503261281703
57,150.0,good,48,71,14.095913710265217,10.981992082794779,15.107321579765935,10.247353982816968,10.018773877435502
57,150.0,good,58,71,8.113402322329776,10.904611824164425,15.107321579765935,10.247353982816968,13.728972976017054
57,150.0,good,70,71,9.887470716155532,9.31971401783536,15.107321579765935,10.247353982816968,6.07954925736889
57,150.0,good,10,72,3.7823047961521685,-6.0512829655351394,8.295332296141664,-6.6135304369275145,17.43119859381392
57,150.0,good,16,72,-2.34509458255857,-5.807002792029035,8.295332296141664,-6.6135304369275145,10.047639946008506
57,150.0,good,18,72,-0.2509721647251446,-7.5896847725413,8.295332296141664,-6.6135304369275145,6.508235520679929
57,150.0,good,34,72,-1.4090114115083208,-6.606124182176973,8.295332296141664,-6.6135304369275145,15.043155790045724
57,150.0,good,13,74,-27.073914797078153,3.9417419479262,-0.9142570113553565,2.386431008985721,3.5124382432659584
57,150.0,good,31,74,-24.2829169845616,1.7187030439450446,-0.9142570113553565,2.386431008985721,5.245481612261715
57,150.0,good,28,75,-2.6337165839981624,-0.836387750646608,2.8430327936867954,-0.7092646199873425,24.38391311314594
57,150.0,good,30,75,-1.752811784398324,-1.6662000242249768,2.8430327936867954,-0.7092646199873425,4.9056328537127305
57,150.0,good,77,75,1.9169263226776185,-0.012271866051135949,2.8430327936867954,-0.7092646199873425,11.743202541546154
57,150.0,good,31,76,-24.2829169845616,1.7187030439450446,0.9081074645064426,0.8865688034501138,4.716274587823285
57,150.0,good,78,76,-0.1297731357515488,1.5872610383164014,0.9081074645064426,0.8865688034501138,11.626475010037638
57,150.0,good,28,77,-2.6337165839981624,-0.836387750646608,1.9169263226776185,-0.012271866051135949,8.6747761902086
57,150.0,good,31,77,-24.2829169845616,1.7187030439450446,1.9169263226776185,-0.012271866051135949,2.544773064020631
57,150.0,good,76,77,0.9081074645064426,0.8865688034501138,1.9169263226776185,-0.012271866051135949,3.418339650955102
57,150.0,good,31,78,-24.2829169845616,1.7187030439450446,-0.1297731357515488,1.5872610383164014,5.007275965943525
57,150.0,good,74,78,-0.9142570113553565,2.386431008985721,-0.1297731357515488,1.5872610383164014,6.9653425105483056
66,270.0,bad,1,0,-27.53430930930754,-0.8773614523613129,-25.28380425880202,-0.959179634179259,38.91839437210729
66,270.0,bad,2,3,-25.601986076983838,9.661527436527635,-19.577743652742356,9.496375921376062,22.746149475808917
66,270.0,bad,4,3,-23.526228501226264,9.637790062790204,-19.577743652742356,9.496375921376062,30.019871709341306
66,270.0,bad,5,3,-21.56309718809636,9.569103194103453,-19.577743652742356,9.496375921376062,40.659422306663004
66,270.0,bad,2,4,-25.601986076983838,9.661527436527635,-23.526228501226264,9.637790062790204,40.05291511975426
66,270.0,bad,2,5,-25.601986076983838,9.661527436527635,-21.56309718809636,9.569103194103453,29.634488005495456
66,270.0,bad,4,5,-23.526228501226264,9.637790062790204,-21.56309718809636,9.569103194103453,40.810617154614384
66,270.0,bad,0,6,-25.28380425880202,-0.959179634179259,-10.230773955771719,-1.3177654927651148,9.305557018792816
66,270.0,bad,1,6,-27.53430930930754,-0.8773614523613129,-10.230773955771719,-1.3177654927651148,7.834749814605664
66,270.0,bad,8,6,-13.46309718809495,-1.2278665028661844,-10.230773955771719,-1.3177654927651148,33.35728533342111
66,270.0,bad,53,6,-23.044915369914072,-0.9894826644822889,-10.230773955771719,-1.3177654927651148,11.221596371718727
66,270.0,bad,59,6,-19.834814359812594,-1.0531190281188283,-10.230773955771719,-1.3177654927651148,15.19748502518137
66,270.0,bad,60,6,-16.644410319409964,-1.136957411957094,-10.230773955771719,-1.3177654927651148,21.67970092605806
66,270.0,bad,46,7,-5.425218400216161,-11.942007917007716,-3.4125921375898978,-12.023321048320728,40.475010583562
66,270.0,bad,47,7,-11.611582036581678,-11.827866502866124,-3.4125921375898978,-12.023321048320728,17.63471048401132
66,270.0,bad,48,7,-9.528248703248346,-11.87534125034099,-3.4125921375898978,-12.023321048320728,22.488831709108094
66,270.0,bad,49,7,-7.4454204204181815,-11.875846300845923,-3.4125921375898978,-12.023321048320728,29.660091075397187
66,270.0,bad,50,7,-28.03733961233831,-11.409179634179436,-3.4125921375898978,-12.023321048320728,4.871802484987117
66,270.0,bad,51,7,-17.717642642642282,-11.629886704886564,-3.4125921375898978,-12.023321048320728,9.88712093415727
66,270.0,bad,52,7,-13.638854763853935,-11.72837155337141,-3.4125921375898978,-12.023321048320728,14.276824402974706
66,270.0,bad,54,7,-21.84693557193333,-11.539987714987339,-3.4125921375898978,-12.023321048320728,7.223979299008289
66,270.0,bad,55,7,-15.658046683044914,-11.67130084630047,-3.4125921375898978,-12.023321048320728,11.802671877097328
66,270.0,bad,56,7,-25.95552143051919,-11.441502866502493,-3.4125921375898978,-12.023321048320728,5.515052065319705
66,270.0,bad,57,7,-19.750975975973734,-11.566755391755251,-3.4125921375898978,-12.023321048320728,8.419468122606567
66,270.0,bad,58,7,-23.858046683045384,-11.499583674583299,-3.4125921375898978,-12.023321048320728,6.301123289342324
66,270.0,bad,61,7,-30.077238602236832,-11.296048321048005,-3.4125921375898978,-12.023321048320728,4.34478107969393
66,270.0,bad,0,8,-25.28380425880202,-0.959179634179259,-13.46309718809495,-1.2278665028661844,12.266629936918658
66,270.0,bad,1,8,-27.53430930930754,-0.8773614523613129,-13.46309718809495,-1.2278665028661844,10.080149702828797
66,270.0,bad,53,8,-23.044915369914072,-0.9894826644822889,-13.46309718809495,-1.2278665028661844,15.231998012319394
66,270.0,bad,59,8,-19.834814359812594,-1.0531190281188283,-13.46309718809495,-1.2278665028661844,21.79086324378916
66,270.0,bad,60,8,-16.644410319409964,-1.136957411957094,-13.46309718809495,-1.2278665028661844,33.61596227871292
66,270.0,bad,6,9,-10.230773955771719,-1.3177654927651148,18.821751296753064,-2.1056442806438973,3.8296991480996425
66,270.0,bad,8,9,-13.46309718809495,-1.2278665028661844,18.821751296753064,-2.1056442806438973,3.2665803439110372
66,270.0,bad,11,9,-3.9444103194094926,-1.545038220037841,18.821751296753064,-2.1056442806438973,5.440161140048224
66,270.0,bad,12,9,5.605084630086868,-1.7995836745834113,18.821751296753064,-2.1056442806438973,10.835854625903256
66,270.0,bad,13,9,-7.0757234507226245,-1.4172604422601227,18.821751296753064,-2.1056442806438973,4.532471736813555
66,270.0,bad,14,9,2.4581149331167005,-1.655139230139085,18.821751296753064,-2.1056442806438973,8.403346598065786
66,270.0,bad,15,9,12.010640185641483,-1.8950382200380733,18.821751296753064,-2.1056442806438973,20.666649060946995
66,270.0,bad,17,9,-0.7646123396110426,-1.5935230685228654,18.821751296753064,-2.1056442806438973,6.672363846801817
66,270.0,bad,18,9,8.80861998362128,-1.8111998361995136,18.821751296753064,-2.1056442806438973,14.582527768405665
66,270.0,bad,21,9,16.536902811905048,-2.050593775593569,18.821751296753064,-2.1056442806438973,38.70109856403574
66,270.0,bad,23,9,14.29801392301475,-1.9778665028661793,18.821751296753064,-2.1056442806438973,27.688927085805553
66,270.0,bad,53,9,-23.044915369914072,-0.9894826644822889,18.821751296753064,-2.1056442806438973,2.1711319885560036
66,270.0,bad,59,9,-19.834814359812594,-1.0531190281188283,18.821751296753064,-2.1056442806438973,2.4670616285630116
66,270.0,bad,60,9,-16.644410319409964,-1.136957411957094,18.821751296753064,-2.1056442806438973,2.8254414965207424
66,270.0,bad,7,10,-3.4125921375898978,-12.023321048320728,2.7560947310965003,-12.196553371552993,22.34155520689913
66,270.0,bad,16,10,0.6899331149344138,-12.113220038219659,2.7560947310965003,-12.196553371552993,40.11664690099999
66,270.0,bad,20,10,-1.3201678951665963,-12.04806852306832,2.7560947310965003,-12.196553371552993,29.477332476778773
66,270.0,bad,46,10,-5.425218400216161,-11.942007917007716,2.7560947310965003,-12.196553371552993,17.669017820901892
66,270.0,bad,47,10,-11.611582036581678,-11.827866502866124,2.7560947310965003,-12.196553371552993,9.836365356788887
66,270.0,bad,48,10,-9.528248703248346,-11.87534125034099,2.7560947310965003,-12.196553371552993,11.761513626465993
66,270.0,bad,49,10,-7.4454204204181815,-11.875846300845923,2.7560947310965003,-12.196553371552993,14.311824922472885
66,270.0,bad,50,10,-28.03733961233831,-11.409179634179436,2.7560947310965003,-12.196553371552993,3.5097999459302245
66,270.0,bad,51,10,-17.717642642642282,-11.629886704886564,2.7560947310965003,-12.196553371552993,6.28943250882939
66,270.0,bad,52,10,-13.638854763853935,-11.72837155337141,2.7560947310965003,-12.196553371552993,8.383420133499524
66,270.0,bad,54,10,-21.84693557193333,-11.539987714987339,2.7560947310965003,-12.196553371552993,4.877919577697681
66,270.0,bad,55,10,-15.658046683044914,-11.67130084630047,2.7560947310965003,-12.196553371552993,7.23425522843372
66,270.0,bad,56,10,-25.95552143051919,-11.441502866502493,2.7560947310965003,-12.196553371552993,3.897447699914188
66,270.0,bad,57,10,-19.750975975973734,-11.566755391755251,2.7560947310965003,-12.196553371552993,5.527226096348707
66,270.0,bad,58,10,-23.858046683045384,-11.499583674583299,2.7560947310965003,-12.196553371552993,4.356775610828797
66,270.0,bad,61,10,-30.077238602236832,-11.296048321048005,2.7560947310965003,-12.196553371552993,3.1834582314612634
66,270.0,bad,0,11,-25.28380425880202,-0.959179634179259,-3.9444103194094926,-1.545038220037841,5.946777846159289
66,270.0,bad,1,11,-27.53430930930754,-0.8773614523613129,-3.9444103194094926,-1.545038220037841,5.1766107070336345
66,270.0,bad,6,11,-10.230773955771719,-1.3177654927651148,-3.9444103194094926,-1.545038220037841,22.019864758059683
66,270.0,bad,8,11,-13.46309718809495,-1.2278665028661844,-3.9444103194094926,-1.545038220037841,15.330690221470784
66,270.0,bad,13,11,-7.0757234507226245,-1.4172604422601227,-3.9444103194094926,-1.545038220037841,33.87244814241654
66,270.0,bad,53,11,-23.044915369914072,-0.9894826644822889,-3.9444103194094926,-1.545038220037841,6.897025777761395
66,270.0,bad,59,11,-19.834814359812594,-1.0531190281188283,-3.9444103194094926,-1.545038220037841,8.713351740354463
66,270.0,bad,60,11,-16.644410319409964,-1.136957411957094,-3.9444103194094926,-1.545038220037841,11.334730212856199
66,270.0,bad,0,12,-25.28380425880202,-0.959179634179259,5.605084630086868,-1.7995836745834113,3.4934319148896518
66,270.0,bad,1,12,-27.53430930930754,-0.8773614523613129,5.605084630086868,-1.7995836745834113,3.1384471741183764
66,270.0,bad,6,12,-10.230773955771719,-1.3177654927651148,5.605084630086868,-1.7995836745834113,8.750182367517015
66,270.0,bad,8,12,-13.46309718809495,-1.2278665028661844,5.605084630086868,-1.7995836745834113,6.9123730132435375
66,270.0,bad,11,12,-3.9444103194094926,-1.545038220037841,5.605084630086868,-1.7995836745834113,15.28240897552795
66,270.0,bad,13,12,-7.0757234507226245,-1.4172604422601227,5.605084630086868,-1.7995836745834113,11.353920645744768
66,270.0,bad,14,12,2.4581149331167005,-1.655139230139085,5.605084630086868,-1.7995836745834113,33.791819611124495
66,270.0,bad,17,12,-0.7646123396110426,-1.5935230685228654,5.605084630086868,-1.7995836745834113,21.79624204370419
66,270.0,bad,53,12,-23.044915369914072,-0.9894826644822889,5.605084630086868,-1.7995836745834113,3.9098842944075556
66,270.0,bad,59,12,-19.834814359812594,-1.0531190281188283,5.605084630086868,-1.7995836745834113,4.650267664877351
66,270.0,bad,60,12,-16.644410319409964,-1.136957411957094,5.605084630086868,-1.7995836745834113,5.6158702685446364
66,270.0,bad,0,13,-25.28380425880202,-0.959179634179259,-7.0757234507226245,-1.4172604422601227,7.340334036539802
66,270.0,bad,1,13,-27.53430930930754,-0.8773614523613129,-7.0757234507226245,-1.4172604422601227,6.295691376811464
66,270.0,bad,6,13,-10.230773955771719,-1.3177654927651148,-7.0757234507226245,-1.4172604422601227,33.75031747620612
66,270.0,bad,8,13,-13.46309718809495,-1.2278665028661844,-7.0757234507226245,-1.4172604422601227,21.749244970007172
66,270.0,bad,53,13,-23.044915369914072,-0.9894826644822889,-7.0757234507226245,-1.4172604422601227,8.660561102312982
66,270.0,bad,59,13,-19.834814359812594,-1.0531190281188283,-7.0757234507226245,-1.4172604422601227,11.275948425906803
66,270.0,bad,60,13,-16.644410319409964,-1.136957411957094,-7.0757234507226245,-1.4172604422601227,15.252447339960016
66,270.0,bad,0,14,-25.28380425880202,-0.959179634179259,2.4581149331167005,-1.655139230139085,4.10029346559971
66,270.0,bad,1,14,-27.53430930930754,-0.8773614523613129,2.4581149331167005,-1.655139230139085,3.651803835152351
66,270.0,bad,6,14,-10.230773955771719,-1.3177654927651148,2.4581149331167005,-1.655139230139085,11.34583452785423
66,270.0,bad,8,14,-13.46309718809495,-1.2278665028661844,2.4581149331167005,-1.655139230139085,8.692651927544851
66,270.0,bad,11,14,-3.9444103194094926,-1.545038220037841,2.4581149331167005,-1.655139230139085,21.709082640201977
66,270.0,bad,13,14,-7.0757234507226245,-1.4172604422601227,2.4581149331167005,-1.655139230139085,15.3069167986682
66,270.0,bad,17,14,-0.7646123396110426,-1.5935230685228654,2.4581149331167005,-1.655139230139085,33.40571880783833
66,270.0,bad,53,14,-23.044915369914072,-0.9894826644822889,2.4581149331167005,-1.655139230139085,4.633744202932928
66,270.0,bad,59,14,-19.834814359812594,-1.0531190281188283,2.4581149331167005,-1.655139230139085,5.600773613975562
66,270.0,bad,60,14,-16.644410319409964,-1.136957411957094,2.4581149331167005,-1.655139230139085,6.896068273098368
66,270.0,bad,0,15,-25.28380425880202,-0.959179634179259,12.010640185641483,-1.8950382200380733,2.6112150813631
66,270.0,bad,1,15,-27.53430930930754,-0.8773614523613129,12.010640185641483,-1.8950382200380733,2.3793817264612103
66,270.0,bad,6,15,-10.230773955771719,-1.3177654927651148,12.010640185641483,-1.8950382200380733,5.61868568207799
66,270.0,bad,8,15,-13.46309718809495,-1.2278665028661844,12.010640185641483,-1.8950382200380733,4.641400119352978
66,270.0,bad,11,15,-3.9444103194094926,-1.545038220037841,12.010640185641483,-1.8950382200380733,8.670000956444298
66,270.0,bad,12,15,5.605084630086868,-1.7995836745834113,12.010640185641483,-1.8950382200380733,21.70106352460453
66,270.0,bad,13,15,-7.0757234507226245,-1.4172604422601227,12.010640185641483,-1.8950382200380733,6.903733897682625
66,270.0,bad,14,15,2.4581149331167005,-1.655139230139085,12.010640185641483,-1.8950382200380733,15.277672324793354
66,270.0,bad,17,15,-0.7646123396110426,-1.5935230685228654,12.010640185641483,-1.8950382200380733,11.259950983853823
66,270.0,bad,18,15,8.80861998362128,-1.8111998361995136,12.010640185641483,-1.8950382200380733,33.510593221880384
66,270.0,bad,53,15,-23.044915369914072,-0.9894826644822889,12.010640185641483,-1.8950382200380733,2.8771745079875264
66,270.0,bad,59,15,-19.834814359812594,-1.0531190281188283,12.010640185641483,-1.8950382200380733,3.3355413010375488
66,270.0,bad,60,15,-16.644410319409964,-1.136957411957094,12.010640185641483,-1.8950382200380733,3.9088626633350145
66,270.0,bad,7,16,-3.4125921375898978,-12.023321048320728,0.6899331149344138,-12.113220038219659,29.367645549894533
66,270.0,bad,20,16,-1.3201678951665963,-12.04806852306832,0.6899331149344138,-12.113220038219659,40.49203298294638
66,270.0,bad,46,16,-5.425218400216161,-11.942007917007716,0.6899331149344138,-12.113220038219659,22.49024133579958
66,270.0,bad,47,16,-11.611582036581678,-11.827866502866124,0.6899331149344138,-12.113220038219659,11.743408342633051
66,270.0,bad,48,16,-9.528248703248346,-11.87534125034099,0.6899331149344138,-12.113220038219659,14.288239013275444
66,270.0,bad,49,16,-7.4454204204181815,-11.875846300845923,0.6899331149344138,-12.113220038219659,17.758686864615388
66,270.0,bad,50,16,-28.03733961233831,-11.409179634179436,0.6899331149344138,-12.113220038219659,3.894297035957002
66,270.0,bad,51,16,-17.717642642642282,-11.629886704886564,0.6899331149344138,-12.113220038219659,7.2375996267481115
66,270.0,bad,52,16,-13.638854763853935,-11.72837155337141,0.6899331149344138,-12.113220038219659,9.86783680118427
66,270.0,bad,54,16,-21.84693557193333,-11.539987714987339,0.6899331149344138,-12.113220038219659,5.517106821803868
66,270.0,bad,55,16,-15.658046683044914,-11.67130084630047,0.6899331149344138,-12.113220038219659,8.413336482600933
66,270.0,bad,56,16,-25.95552143051919,-11.441502866502493,0.6899331149344138,-12.113220038219659,4.349333159808612
66,270.0,bad,57,16,-19.750975975973734,-11.566755391755251,0.6899331149344138,-12.113220038219659,6.303005204747931
66,270.0,bad,58,16,-23.858046683045384,-11.499583674583299,0.6899331149344138,-12.113220038219659,4.893477412577042
66,270.0,bad,61,16,-30.077238602236832,-11.296048321048005,0.6899331149344138,-12.113220038219659,3.5143235000987225
66,270.0,bad,0,17,-25.28380425880202,-0.959179634179259,-0.7646123396110426,-1.5935230685228654,4.901642816715749
66,270.0,bad,1,17,-27.53430930930754,-0.8773614523613129,-0.7646123396110426,-1.5935230685228654,4.319990587005728
66,270.0,bad,6,17,-10.230773955771719,-1.3177654927651148,-0.7646123396110426,-1.5935230685228654,15.41353498419089
66,270.0,bad,8,17,-13.46309718809495,-1.2278665028661844,-0.7646123396110426,-1.5935230685228654,11.336243477461629
66,270.0,bad,11,17,-3.9444103194094926,-1.545038220037841,-0.7646123396110426,-1.5935230685228654,33.623691714923375
66,270.0,bad,13,17,-7.0757234507226245,-1.4172604422601227,-0.7646123396110426,-1.5935230685228654,21.953097675106577
66,270.0,bad,53,17,-23.044915369914072,-0.9894826644822889,-0.7646123396110426,-1.5935230685228654,5.60515589432434
66,270.0,bad,59,17,-19.834814359812594,-1.0531190281188283,-0.7646123396110426,-1.5935230685228654,6.911412310962022
66,270.0,bad,60,17,-16.644410319409964,-1.136957411957094,-0.7646123396110426,-1.5935230685228654,8.720495016613485
66,270.0,bad,0,18,-25.28380425880202,-0.959179634179259,8.80861998362128,-1.8111998361995136,3.0042422339465142
66,270.0,bad,1,18,-27.53430930930754,-0.8773614523613129,8.80861998362128,-1.8111998361995136,2.7195430538366328
66,270.0,bad,6,18,-10.230773955771719,-1.3177654927651148,8.80861998362128,-1.8111998361995136,6.9260848139366145
66,270.0,bad,8,18,-13.46309718809495,-1.2278665028661844,8.80861998362128,-1.8111998361995136,5.608138783485399
66,270.0,bad,11,18,-3.9444103194094926,-1.545038220037841,8.80861998362128,-1.8111998361995136,11.281956257127995
66,270.0,bad,12,18,5.605084630086868,-1.7995836745834113,8.80861998362128,-1.8111998361995136,33.50290274937012
66,270.0,bad,13,18,-7.0757234507226245,-1.4172604422601227,8.80861998362128,-1.8111998361995136,8.717432537287896
66,270.0,bad,14,18,2.4581149331167005,-1.655139230139085,8.80861998362128,-1.8111998361995136,21.847440122049804
66,270.0,bad,17,18,-0.7646123396110426,-1.5935230685228654,8.80861998362128,-1.8111998361995136,15.245364068803541
66,270.0,bad,53,18,-23.044915369914072,-0.9894826644822889,8.80861998362128,-1.8111998361995136,3.3342534161869892
66,270.0,bad,59,18,-19.834814359812594,-1.0531190281188283,8.80861998362128,-1.8111998361995136,3.9112130136957663
66,270.0,bad,60,18,-16.644410319409964,-1.136957411957094,8.80861998362128,-1.8111998361995136,4.646823512900582
66,270.0,bad,7,19,-3.4125921375898978,-12.023321048320728,4.800539175540004,-12.231906906906527,17.607336505797626
66,270.0,bad,10,19,2.7560947310965003,-12.196553371552993,4.800539175540004,-12.231906906906527,40.26144487089041
66,270.0,bad,16,19,0.6899331149344138,-12.113220038219659,4.800539175540004,-12.231906906906527,29.33401887867399
66,270.0,bad,20,19,-1.3201678951665963,-12.04806852306832,4.800539175540004,-12.231906906906527,22.47474272831196
66,270.0,bad,46,19,-5.425218400216161,-11.942007917007716,4.800539175540004,-12.231906906906527,14.27753741532188
66,270.0,bad,47,19,-11.611582036581678,-11.827866502866124,4.800539175540004,-12.231906906906527,8.372522794237359
66,270.0,bad,48,19,-9.528248703248346,-11.87534125034099,4.800539175540004,-12.231906906906527,9.867836801184264
66,270.0,bad,49,19,-7.4454204204181815,-11.875846300845923,4.800539175540004,-12.231906906906527,11.80213597054955
66,270.0,bad,50,19,-28.03733961233831,-11.409179634179436,4.800539175540004,-12.231906906906527,3.182782684613996
66,270.0,bad,51,19,-17.717642642642282,-11.629886704886564,4.800539175540004,-12.231906906906527,5.523449554876877
66,270.0,bad,52,19,-13.638854763853935,-11.72837155337141,4.800539175540004,-12.231906906906527,7.221413737704177
66,270.0,bad,54,19,-21.84693557193333,-11.539987714987339,4.800539175540004,-12.231906906906527,4.348853656676979
66,270.0,bad,55,19,-15.658046683044914,-11.67130084630047,4.800539175540004,-12.231906906906527,6.295691376811464
66,270.0,bad,56,19,-25.95552143051919,-11.441502866502493,4.800539175540004,-12.231906906906527,3.5162399444774777
66,270.0,bad,57,19,-19.750975975973734,-11.566755391755251,4.800539175540004,-12.231906906906527,4.8924760505527995
66,270.0,bad,58,19,-23.858046683045384,-11.499583674583299,4.800539175540004,-12.231906906906527,3.908147759815625
66,270.0,bad,61,19,-30.077238602236832,-11.296048321048005,4.800539175540004,-12.231906906906527,2.900014801476861
66,270.0,bad,7,20,-3.4125921375898978,-12.023321048320728,-1.3201678951665963,-12.04806852306832,39.94258347083272
66,270.0,bad,46,20,-5.425218400216161,-11.942007917007716,-1.3201678951665963,-12.04806852306832,29.357131006540648
66,270.0,bad,47,20,-11.611582036581678,-11.827866502866124,-1.3201678951665963,-12.04806852306832,14.185291751292425
66,270.0,bad,48,20,-9.528248703248346,-11.87534125034099,-1.3201678951665963,-12.04806852306832,17.61710560511736
66,270.0,bad,49,20,-7.4454204204181815,-11.875846300845923,-1.3201678951665963,-12.04806852306832,22.46207396260205
66,270.0,bad,50,20,-28.03733961233831,-11.409179634179436,-1.3201678951665963,-12.04806852306832,4.332359235590399
66,270.0,bad,51,20,-17.717642642642282,-11.629886704886564,-1.3201678951665963,-12.04806852306832,8.381816249759611
66,270.0,bad,52,20,-13.638854763853935,-11.72837155337141,-1.3201678951665963,-12.04806852306832,11.72534483265522
66,270.0,bad,54,20,-21.84693557193333,-11.539987714987339,-1.3201678951665963,-12.04806852306832,6.267599813333996
66,270.0,bad,55,20,-15.658046683044914,-11.67130084630047,-1.3201678951665963,-12.04806852306832,9.860466327048108
66,270.0,bad,56,20,-25.95552143051919,-11.441502866502493,-1.3201678951665963,-12.04806852306832,4.868819248737068
66,270.0,bad,57,20,-19.750975975973734,-11.566755391755251,-1.3201678951665963,-12.04806852306832,7.225776005495681
66,270.0,bad,58,20,-23.858046683045384,-11.499583674583299,-1.3201678951665963,-12.04806852306832,5.516764282653485
66,270.0,bad,61,20,-30.077238602236832,-11.296048321048005,-1.3201678951665963,-12.04806852306832,3.8883111565621005
66,270.0,bad,0,21,-25.28380425880202,-0.959179634179259,16.536902811905048,-2.050593775593569,2.1749848344085794
66,270.0,bad,6,21,-10.230773955771719,-1.3177654927651148,16.536902811905048,-2.050593775593569,4.320465324287824
66,270.0,bad,8,21,-13.46309718809495,-1.2278665028661844,16.536902811905048,-2.050593775593569,3.650420707114322
66,270.0,bad,11,21,-3.9444103194094926,-1.545038220037841,16.536902811905048,-2.050593775593569,6.286306574280287
66,270.0,bad,12,21,5.605084630086868,-1.7995836745834113,16.536902811905048,-2.050593775593569,13.330578435087823
66,270.0,bad,13,21,-7.0757234507226245,-1.4172604422601227,16.536902811905048,-2.050593775593569,5.169612713621173
66,270.0,bad,14,21,2.4581149331167005,-1.655139230139085,16.536902811905048,-2.050593775593569,10.07380779244887
66,270.0,bad,15,21,12.010640185641483,-1.8950382200380733,16.536902811905048,-2.050593775593569,27.679301009608647
66,270.0,bad,17,21,-0.7646123396110426,-1.5935230685228654,16.536902811905048,-2.050593775593569,7.835909337284722
66,270.0,bad,18,21,8.80861998362128,-1.8111998361995136,16.536902811905048,-2.050593775593569,18.583587579841556
66,270.0,bad,23,21,14.29801392301475,-1.9778665028661793,16.536902811905048,-2.050593775593569,38.9923058035957
66,270.0,bad,53,21,-23.044915369914072,-0.9894826644822889,16.536902811905048,-2.050593775593569,2.375844459482731
66,270.0,bad,59,21,-19.834814359812594,-1.0531190281188283,16.536902811905048,-2.050593775593569,2.7161674801411353
66,270.0,bad,60,21,-16.644410319409964,-1.136957411957094,16.536902811905048,-2.050593775593569,3.1323567010888986
66,270.0,bad,7,22,-3.4125921375898978,-12.023321048320728,6.777811902812732,-12.312714987714607,14.327581321636295
66,270.0,bad,10,22,2.7560947310965003,-12.196553371552993,6.777811902812732,-12.312714987714607,29.70711629169002
66,270.0,bad,16,22,0.6899331149344138,-12.113220038219659,6.777811902812732,-12.312714987714607,22.566558435090627
66,270.0,bad,19,22,4.800539175540004,-12.231906906906527,6.777811902812732,-12.312714987714607,40.71430488842477
66,270.0,bad,20,22,-1.3201678951665963,-12.04806852306832,6.777811902812732,-12.312714987714607,17.832108739460168
66,270.0,bad,46,22,-5.425218400216161,-11.942007917007716,6.777811902812732,-12.312714987714607,11.847818668209102
66,270.0,bad,47,22,-11.611582036581678,-11.827866502866124,6.777811902812732,-12.312714987714607,7.246873150491351
66,270.0,bad,48,22,-9.528248703248346,-11.87534125034099,6.777811902812732,-12.312714987714607,8.440171459773826
66,270.0,bad,49,22,-7.4454204204181815,-11.875846300845923,6.777811902812732,-12.312714987714607,9.95402467564295
66,270.0,bad,50,22,-28.03733961233831,-11.409179634179436,6.777811902812732,-12.312714987714607,2.9081256292425723
66,270.0,bad,51,22,-17.717642642642282,-11.629886704886564,6.777811902812732,-12.312714987714607,4.908391077419487
66,270.0,bad,52,22,-13.638854763853935,-11.72837155337141,6.777811902812732,-12.312714987714607,6.313056340169935
66,270.0,bad,54,22,-21.84693557193333,-11.539987714987339,6.777811902812732,-12.312714987714607,3.914998462613696
66,270.0,bad,55,22,-15.658046683044914,-11.67130084630047,6.777811902812732,-12.312714987714607,5.551522513182512
66,270.0,bad,56,22,-25.95552143051919,-11.441502866502493,6.777811902812732,-12.312714987714607,3.198374844690415
66,270.0,bad,57,22,-19.750975975973734,-11.566755391755251,6.777811902812732,-12.312714987714607,4.377159569668819
66,270.0,bad,58,22,-23.858046683045384,-11.499583674583299,6.777811902812732,-12.312714987714607,3.537072985954971
66,270.0,bad,61,22,-30.077238602236832,-11.296048321048005,6.777811902812732,-12.312714987714607,2.6604192481241027
66,270.0,bad,0,23,-25.28380425880202,-0.959179634179259,14.29801392301475,-1.9778665028661793,2.375844459482956
66,270.0,bad,1,23,-27.53430930930754,-0.8773614523613129,14.29801392301475,-1.9778665028661793,2.1740100702961422
66,270.0,bad,6,23,-10.230773955771719,-1.3177654927651148,14.29801392301475,-1.9778665028661793,4.89891874596879
66,270.0,bad,8,23,-13.46309718809495,-1.2278665028661844,14.29801392301475,-1.9778665028661793,4.09612661240197
66,270.0,bad,11,23,-3.9444103194094926,-1.545038220037841,14.29801392301475,-1.9778665028661793,7.322492862361614
66,270.0,bad,12,23,5.605084630086868,-1.7995836745834113,14.29801392301475,-1.9778665028661793,16.71506906937435
66,270.0,bad,13,23,-7.0757234507226245,-1.4172604422601227,14.29801392301475,-1.9778665028661793,5.933765625790015
66,270.0,bad,14,23,2.4581149331167005,-1.655139230139085,14.29801392301475,-1.9778665028661793,12.245080685955132
66,270.0,bad,15,23,12.010640185641483,-1.8950382200380733,14.29801392301475,-1.9778665028661793,38.685192804770864
66,270.0,bad,17,23,-0.7646123396110426,-1.5935230685228654,14.29801392301475,-1.9778665028661793,9.298432573534326
66,270.0,bad,18,23,8.80861998362128,-1.8111998361995136,14.29801392301475,-1.9778665028661793,24.344118393327303
66,270.0,bad,53,23,-23.044915369914072,-0.9894826644822889,14.29801392301475,-1.9778665028661793,2.6058694240313907
66,270.0,bad,59,23,-19.834814359812594,-1.0531190281188283,14.29801392301475,-1.9778665028661793,2.9987439250723016
66,270.0,bad,60,23,-16.644410319409964,-1.136957411957094,14.29801392301475,-1.9778665028661793,3.484302028557244
66,270.0,bad,7,24,-3.4125921375898978,-12.023321048320728,10.91771089271266,-12.382411957411811,9.866607815066573
66,270.0,bad,10,24,2.7560947310965003,-12.196553371552993,10.91771089271266,-12.382411957411811,17.707364059399815
66,270.0,bad,16,24,0.6899331149344138,-12.113220038219659,10.91771089271266,-12.382411957411811,14.274685686384123
66,270.0,bad,19,24,4.800539175540004,-12.231906906906527,10.91771089271266,-12.382411957411811,22.484603624132376
66,270.0,bad,20,24,-1.3201678951665963,-12.04806852306832,10.91771089271266,-12.382411957411811,11.810714857460995
66,270.0,bad,22,24,6.777811902812732,-12.312714987714607,10.91771089271266,-12.382411957411811,29.212605100783197
66,270.0,bad,25,24,8.85508463008687,-12.374836199836054,10.91771089271266,-12.382411957411811,40.14016538029075
66,270.0,bad,46,24,-5.425218400216161,-11.942007917007716,10.91771089271266,-12.382411957411811,8.416562826277465
66,270.0,bad,47,24,-11.611582036581678,-11.827866502866124,10.91771089271266,-12.382411957411811,5.519676882631942
66,270.0,bad,48,24,-9.528248703248346,-11.87534125034099,10.91771089271266,-12.382411957411811,6.300914239658917
66,270.0,bad,49,24,-7.4454204204181815,-11.875846300845923,10.91771089271266,-12.382411957411811,7.26029973816943
66,270.0,bad,50,24,-28.03733961233831,-11.409179634179436,10.91771089271266,-12.382411957411811,2.437069396570118
66,270.0,bad,51,24,-17.717642642642282,-11.629886704886564,10.91771089271266,-12.382411957411811,3.9128492905298664
66,270.0,bad,52,24,-13.638854763853935,-11.72837155337141,10.91771089271266,-12.382411957411811,4.891046066474379
66,270.0,bad,54,24,-21.84693557193333,-11.539987714987339,10.91771089271266,-12.382411957411811,3.1936927311481824
66,270.0,bad,55,24,-15.658046683044914,-11.67130084630047,10.91771089271266,-12.382411957411811,4.365924704671517
66,270.0,bad,56,24,-25.95552143051919,-11.441502866502493,10.91771089271266,-12.382411957411811,2.658355730196509
66,270.0,bad,57,24,-19.750975975973734,-11.566755391755251,10.91771089271266,-12.382411957411811,3.5313649498154875
66,270.0,bad,58,24,-23.858046683045384,-11.499583674583299,10.91771089271266,-12.382411957411811,2.9132450477554968
66,270.0,bad,61,24,-30.077238602236832,-11.296048321048005,10.91771089271266,-12.382411957411811,2.2459938874460352
66,270.0,bad,7,25,-3.4125921375898978,-12.023321048320728,8.85508463008687,-12.374836199836054,11.779126472976841
66,270.0,bad,10,25,2.7560947310965003,-12.196553371552993,8.85508463008687,-12.374836199836054,22.535419461434124
66,270.0,bad,16,25,0.6899331149344138,-12.113220038219659,8.85508463008687,-12.374836199836054,17.70047221484525
66,270.0,bad,19,25,4.800539175540004,-12.231906906906527,8.85508463008687,-12.374836199836054,29.56849997645264
66,270.0,bad,20,25,-1.3201678951665963,-12.04806852306832,8.85508463008687,-12.374836199836054,14.349109288128204
66,270.0,bad,22,25,6.777811902812732,-12.312714987714607,8.85508463008687,-12.374836199836054,40.04286609134067
66,270.0,bad,46,25,-5.425218400216161,-11.942007917007716,8.85508463008687,-12.374836199836054,9.907285918912375
66,270.0,bad,47,25,-11.611582036581678,-11.827866502866124,8.85508463008687,-12.374836199836054,6.2923521518465195
66,270.0,bad,48,25,-9.528248703248346,-11.87534125034099,8.85508463008687,-12.374836199836054,7.249968286070317
66,270.0,bad,49,25,-7.4454204204181815,-11.875846300845923,8.85508463008687,-12.374836199836054,8.44373753530863
66,270.0,bad,50,25,-28.03733961233831,-11.409179634179436,8.85508463008687,-12.374836199836054,2.65618017588116
66,270.0,bad,51,25,-17.717642642642282,-11.629886704886564,8.85508463008687,-12.374836199836054,4.366648228671096
66,270.0,bad,52,25,-13.638854763853935,-11.72837155337141,8.85508463008687,-12.374836199836054,5.531694277386165
66,270.0,bad,54,25,-21.84693557193333,-11.539987714987339,8.85508463008687,-12.374836199836054,3.5255832238164224
66,270.0,bad,55,25,-15.658046683044914,-11.67130084630047,8.85508463008687,-12.374836199836054,4.903364453283391
66,270.0,bad,56,25,-25.95552143051919,-11.441502866502493,8.85508463008687,-12.374836199836054,2.9087156423870684
66,270.0,bad,57,25,-19.750975975973734,-11.566755391755251,8.85508463008687,-12.374836199836054,3.918789409784875
66,270.0,bad,58,25,-23.858046683045384,-11.499583674583299,8.85508463008687,-12.374836199836054,3.201401029443418
66,270.0,bad,61,25,-30.077238602236832,-11.296048321048005,8.85508463008687,-12.374836199836054,2.4393337813369507
66,270.0,bad,6,26,-10.230773955771719,-1.3177654927651148,21.093973518974817,-2.1864523614519777,3.4201289856109365
66,270.0,bad,8,26,-13.46309718809495,-1.2278665028661844,21.093973518974817,-2.1864523614519777,2.94191173735512
66,270.0,bad,9,26,18.821751296753064,-2.1056442806438973,21.093973518974817,-2.1864523614519777,38.78077469753062
66,270.0,bad,11,26,-3.9444103194094926,-1.545038220037841,21.093973518974817,-2.1864523614519777,4.757455888063327
66,270.0,bad,12,26,5.605084630086868,-1.7995836745834113,21.093973518974817,-2.1864523614519777,8.990029021579566
66,270.0,bad,13,26,-7.0757234507226245,-1.4172604422601227,21.093973518974817,-2.1864523614519777,4.008902350857347
66,270.0,bad,14,26,2.4581149331167005,-1.655139230139085,21.093973518974817,-2.1864523614519777,7.122664429357756
66,270.0,bad,15,26,12.010640185641483,-1.8950382200380733,21.093973518974817,-2.1864523614519777,16.038155849795764
66,270.0,bad,17,26,-0.7646123396110426,-1.5935230685228654,21.093973518974817,-2.1864523614519777,5.754530724508415
66,270.0,bad,18,26,8.80861998362128,-1.8111998361995136,21.093973518974817,-2.1864523614519777,11.760447451095096
66,270.0,bad,21,26,16.536902811905048,-2.050593775593569,21.093973518974817,-2.1864523614519777,27.562265955223232
66,270.0,bad,23,26,14.29801392301475,-1.9778665028661793,21.093973518974817,-2.1864523614519777,20.703952351804304
66,270.0,bad,59,26,-19.834814359812594,-1.0531190281188283,21.093973518974817,-2.1864523614519777,2.2518332216979826
66,270.0,bad,60,26,-16.644410319409964,-1.136957411957094,21.093973518974817,-2.1864523614519777,2.562875313489268
66,270.0,bad,2,27,-25.601986076983838,9.661527436527635,4.30963008463232,8.920113295113557,3.666606242266901
66,270.0,bad,3,27,-19.577743652742356,9.496375921376062,4.30963008463232,8.920113295113557,5.086125557789438
66,270.0,bad,4,27,-23.526228501226264,9.637790062790204,4.30963008463232,8.920113295113557,4.079958210445991
66,270.0,bad,5,27,-21.56309718809636,9.569103194103453,4.30963008463232,8.920113295113557,4.53872751543504
66,270.0,bad,30,27,0.32882200382329885,8.997386022386225,4.30963008463232,8.920113295113557,29.881221985583807
66,270.0,bad,31,27,2.289933114933469,8.952436527436907,4.30963008463232,8.920113295113557,40.427404929584156
66,270.0,bad,62,27,-3.681279006277711,9.09082036582057,4.30963008463232,8.920113295113557,18.044991585402634
66,270.0,bad,63,27,-15.621177996177172,9.391830466830843,4.30963008463232,8.920113295113557,6.519676058033085
66,270.0,bad,64,27,-7.666127491126196,9.179204204204407,4.30963008463232,8.920113295113557,12.094145548823725
66,270.0,bad,65,27,-11.67016789516566,9.269103194103337,4.30963008463232,8.920113295113557,8.653491325514747
66,270.0,bad,66,27,-1.6676426426404067,9.04031531531552,4.30963008463232,8.920113295113557,22.880083491715702
66,270.0,bad,67,27,-9.606026481025657,9.256981981982301,4.30963008463232,8.920113295113557,10.211705594750303
66,270.0,bad,68,27,-17.633804258803433,9.46354763854778,4.30963008463232,8.920113295113557,5.7240008357792185
66,270.0,bad,69,27,-13.623198198196903,9.37667895167933,4.30963008463232,8.920113295113557,7.485711388387943
66,270.0,bad,70,27,-5.6388547638539395,9.170618345618488,4.30963008463232,8.920113295113557,14.677195245896755
66,270.0,bad,2,28,-25.601986076983838,9.661527436527635,18.183367458369695,8.53779006279027,2.018993155812091
66,270.0,bad,3,28,-19.577743652742356,9.496375921376062,18.183367458369695,8.53779006279027,2.5604367894971047
66,270.0,bad,4,28,-23.526228501226264,9.637790062790204,18.183367458369695,8.53779006279027,2.1843418837607924
66,270.0,bad,5,28,-21.56309718809636,9.569103194103453,18.183367458369695,8.53779006279027,2.3601437637119855
66,270.0,bad,27,28,4.30963008463232,8.920113295113557,18.183367458369695,8.53779006279027,10.247597944120272
66,270.0,bad,29,28,10.20963008463091,8.737790062790445,18.183367458369695,8.53779006279027,18.079487639710205
66,270.0,bad,30,28,0.32882200382329885,8.997386022386225,18.183367458369695,8.53779006279027,7.527846422717503
66,270.0,bad,31,28,2.289933114933469,8.952436527436907,18.183367458369695,8.53779006279027,8.7113124163448
66,270.0,bad,33,28,8.275791700792995,8.783749658749922,18.183367458369695,8.53779006279027,14.737579056537742
66,270.0,bad,34,28,12.253569478571244,8.68475975976014,18.183367458369695,8.53779006279027,23.01666335280508
66,270.0,bad,35,28,14.265185640186465,8.639810264810528,18.183367458369695,8.53779006279027,30.15073411619004
66,270.0,bad,36,28,16.20710483210566,8.557992082992289,18.183367458369695,8.53779006279027,40.72117302350563
66,270.0,bad,37,28,6.2192260442263985,8.792840567840774,18.183367458369695,8.53779006279027,12.106941377845605
66,270.0,bad,62,28,-3.681279006277711,9.09082036582057,18.183367458369695,8.53779006279027,5.7523419271430365
66,270.0,bad,63,28,-15.621177996177172,9.391830466830843,18.183367458369695,8.53779006279027,3.043859103824272
66,270.0,bad,64,28,-7.666127491126196,9.179204204204407,18.183367458369695,8.53779006279027,4.544612080995257
66,270.0,bad,65,28,-11.67016789516566,9.269103194103337,18.183367458369695,8.53779006279027,3.6773011344763087
66,270.0,bad,66,28,-1.6676426426404067,9.04031531531552,18.183367458369695,8.53779006279027,6.5545795574023975
66,270.0,bad,67,28,-9.606026481025657,9.256981981982301,18.183367458369695,8.53779006279027,4.08999755445498
66,270.0,bad,68,28,-17.633804258803433,9.46354763854778,18.183367458369695,8.53779006279027,2.78231532850479
66,270.0,bad,69,28,-13.623198198196903,9.37667895167933,18.183367458369695,8.53779006279027,3.341749695548228
66,270.0,bad,70,28,-5.6388547638539395,9.170618345618488,18.183367458369695,8.53779006279027,5.10573916808811
66,270.0,bad,2,29,-25.601986076983838,9.661527436527635,10.20963008463091,8.737790062790445,2.7829901898580545
66,270.0,bad,3,29,-19.577743652742356,9.496375921376062,10.20963008463091,8.737790062790445,3.6895411216603646
66,270.0,bad,4,29,-23.526228501226264,9.637790062790204,10.20963008463091,8.737790062790445,3.0534273314215263
66,270.0,bad,5,29,-21.56309718809636,9.569103194103453,10.20963008463091,8.737790062790445,3.3471659188493557
66,270.0,bad,27,29,4.30963008463232,8.920113295113557,10.20963008463091,8.737790062790445,23.10301464097129
66,270.0,bad,30,29,0.32882200382329885,8.997386022386225,10.20963008463091,8.737790062790445,14.777291358338529
66,270.0,bad,31,29,2.289933114933469,8.952436527436907,10.20963008463091,8.737790062790445,18.18869663154839
66,270.0,bad,33,29,8.275791700792995,8.783749658749922,10.20963008463091,8.737790062790445,41.011211411352214
66,270.0,bad,37,29,6.2192260442263985,8.792840567840774,10.20963008463091,8.737790062790445,29.840245233022568
66,270.0,bad,62,29,-3.681279006277711,9.09082036582057,10.20963008463091,8.737790062790445,10.232872207762565
66,270.0,bad,63,29,-15.621177996177172,9.391830466830843,10.20963008463091,8.737790062790445,4.549353627118956
66,270.0,bad,64,29,-7.666127491126196,9.179204204204407,10.20963008463091,8.737790062790445,7.516394117946561
66,270.0,bad,65,29,-11.67016789516566,9.269103194103337,10.20963008463091,8.737790062790445,5.746875394110348
66,270.0,bad,66,29,-1.6676426426404067,9.04031531531552,10.20963008463091,8.737790062790445,12.20327899247219
66,270.0,bad,67,29,-9.606026481025657,9.256981981982301,10.20963008463091,8.737790062790445,6.570132791563273
66,270.0,bad,68,29,-17.633804258803433,9.46354763854778,10.20963008463091,8.737790062790445,4.078324866057838
66,270.0,bad,69,29,-13.623198198196903,9.37667895167933,10.20963008463091,8.737790062790445,5.102538531669132
66,270.0,bad,70,29,-5.6388547638539395,9.170618345618488,10.20963008463091,8.737790062790445,8.741636016151524
66,270.0,bad,2,30,-25.601986076983838,9.661527436527635,0.32882200382329885,8.997386022386225,4.524066008190173
66,270.0,bad,3,30,-19.577743652742356,9.496375921376062,0.32882200382329885,8.997386022386225,6.530250111500549
66,270.0,bad,4,30,-23.526228501226264,9.637790062790204,0.32882200382329885,8.997386022386225,5.095842187736365
66,270.0,bad,5,30,-21.56309718809636,9.569103194103453,0.32882200382329885,8.997386022386225,5.742507776247244
66,270.0,bad,62,30,-3.681279006277711,9.09082036582057,0.32882200382329885,8.997386022386225,29.75639869479337
66,270.0,bad,63,30,-15.621177996177172,9.391830466830843,0.32882200382329885,8.997386022386225,8.673376073570713
66,270.0,bad,64,30,-7.666127491126196,9.179204204204407,0.32882200382329885,8.997386022386225,18.036889215147813
66,270.0,bad,65,30,-11.67016789516566,9.269103194103337,0.32882200382329885,8.997386022386225,12.068614673438287
66,270.0,bad,66,30,-1.6676426426404067,9.04031531531552,0.32882200382329885,8.997386022386225,40.5841397701543
66,270.0,bad,67,30,-9.606026481025657,9.256981981982301,0.32882200382329885,8.997386022386225,14.697281882166626
66,270.0,bad,68,30,-17.633804258803433,9.46354763854778,0.32882200382329885,8.997386022386225,7.469765802680668
66,270.0,bad,69,30,-13.623198198196903,9.37667895167933,0.32882200382329885,8.997386022386225,10.180722582208217
66,270.0,bad,70,30,-5.6388547638539395,9.170618345618488,0.32882200382329885,8.997386022386225,22.907591855316277
66,270.0,bad,2,31,-25.601986076983838,9.661527436527635,2.289933114933469,8.952436527436907,4.067894649821293
66,270.0,bad,3,31,-19.577743652742356,9.496375921376062,2.289933114933469,8.952436527436907,5.75124799673105
66,270.0,bad,4,31,-23.526228501226264,9.637790062790204,2.289933114933469,8.952436527436907,4.553075163325885
66,270.0,bad,5,31,-21.56309718809636,9.569103194103453,2.289933114933469,8.952436527436907,5.096450401403337
66,270.0,bad,30,31,0.32882200382329885,8.997386022386225,2.289933114933469,8.952436527436907,40.824403942960856
66,270.0,bad,62,31,-3.681279006277711,9.09082036582057,2.289933114933469,8.952436527436907,22.89745142618508
66,270.0,bad,63,31,-15.621177996177172,9.391830466830843,2.289933114933469,8.952436527436907,7.4973649356026115
66,270.0,bad,64,31,-7.666127491126196,9.179204204204407,2.289933114933469,8.952436527436907,14.66605379167992
66,270.0,bad,65,31,-11.67016789516566,9.269103194103337,2.289933114933469,8.952436527436907,10.173856618472609
66,270.0,bad,66,31,-1.6676426426404067,9.04031531531552,2.289933114933469,8.952436527436907,29.98077909704945
66,270.0,bad,67,31,-9.606026481025657,9.256981981982301,2.289933114933469,8.952436527436907,12.182458369241948
66,270.0,bad,68,31,-17.633804258803433,9.46354763854778,2.289933114933469,8.952436527436907,6.522757502398996
66,270.0,bad,69,31,-13.623198198196903,9.37667895167933,2.289933114933469,8.952436527436907,8.698074244405184
66,270.0,bad,70,31,-5.6388547638539395,9.170618345618488,2.289933114933469,8.952436527436907,18.17025591293342
66,270.0,bad,3,32,-19.577743652742356,9.496375921376062,20.195993720995958,8.451931476931684,2.3575580658722366
66,270.0,bad,4,32,-23.526228501226264,9.637790062790204,20.195993720995958,8.451931476931684,2.0237411567969086
66,270.0,bad,5,32,-21.56309718809636,9.569103194103453,20.195993720995958,8.451931476931684,2.1801663004174876
66,270.0,bad,27,32,4.30963008463232,8.920113295113557,20.195993720995958,8.451931476931684,8.716071953169124
66,270.0,bad,28,32,18.183367458369695,8.53779006279027,20.195993720995958,8.451931476931684,40.475010583562
66,270.0,bad,29,32,10.20963008463091,8.737790062790445,20.195993720995958,8.451931476931684,14.621614596576002
66,270.0,bad,30,32,0.32882200382329885,8.997386022386225,20.195993720995958,8.451931476931684,6.547487895762403
66,270.0,bad,31,32,2.289933114933469,8.952436527436907,20.195993720995958,8.451931476931684,7.500078962959019
66,270.0,bad,33,32,8.275791700792995,8.783749658749922,20.195993720995958,8.451931476931684,12.155527138046219
66,270.0,bad,34,32,12.253569478571244,8.68475975976014,20.195993720995958,8.451931476931684,18.142647373767726
66,270.0,bad,35,32,14.265185640186465,8.639810264810528,20.195993720995958,8.451931476931684,23.013744678781347
66,270.0,bad,36,32,16.20710483210566,8.557992082992289,20.195993720995958,8.451931476931684,29.84670964082724
66,270.0,bad,37,32,6.2192260442263985,8.792840567840774,20.195993720995958,8.451931476931684,10.159717486312312
66,270.0,bad,62,32,-3.681279006277711,9.09082036582057,20.195993720995958,8.451931476931684,5.089159017132927
66,270.0,bad,63,32,-15.621177996177172,9.391830466830843,20.195993720995958,8.451931476931684,2.7823153285047897
66,270.0,bad,64,32,-7.666127491126196,9.179204204204407,20.195993720995958,8.451931476931684,4.074300140987995
66,270.0,bad,65,32,-11.67016789516566,9.269103194103337,20.195993720995958,8.451931476931684,3.3322425888550984
66,270.0,bad,66,32,-1.6676426426404067,9.04031531531552,20.195993720995958,8.451931476931684,5.752706639972916
66,270.0,bad,67,32,-9.606026481025657,9.256981981982301,20.195993720995958,8.451931476931684,3.6868262448442333
66,270.0,bad,68,32,-17.633804258803433,9.46354763854778,20.195993720995958,8.451931476931684,2.553088144366393
66,270.0,bad,69,32,-13.623198198196903,9.37667895167933,20.195993720995958,8.451931476931684,3.0418246380059335
66,270.0,bad,70,32,-5.6388547638539395,9.170618345618488,20.195993720995958,8.451931476931684,4.548327799394729
66,270.0,bad,2,33,-25.601986076983838,9.661527436527635,8.275791700792995,8.783749658749922,3.033707137759
66,270.0,bad,3,33,-19.577743652742356,9.496375921376062,8.275791700792995,8.783749658749922,4.076148598825472
66,270.0,bad,4,33,-23.526228501226264,9.637790062790204,8.275791700792995,8.783749658749922,3.3424764832549707
66,270.0,bad,5,33,-21.56309718809636,9.569103194103453,8.275791700792995,8.783749658749922,3.680005495118481
66,270.0,bad,27,33,4.30963008463232,8.920113295113557,8.275791700792995,8.783749658749922,29.94392836975337
66,270.0,bad,30,33,0.32882200382329885,8.997386022386225,8.275791700792995,8.783749658749922,18.133458509336407
66,270.0,bad,31,33,2.289933114933469,8.952436527436907,8.275791700792995,8.783749658749922,22.855512724270387
66,270.0,bad,37,33,6.2192260442263985,8.792840567840774,8.275791700792995,8.783749658749922,40.18053091737468
66,270.0,bad,62,33,-3.681279006277711,9.09082036582057,8.275791700792995,8.783749658749922,12.114740088388567
66,270.0,bad,63,33,-15.621177996177172,9.391830466830843,8.275791700792995,8.783749658749922,5.083246282889226
66,270.0,bad,64,33,-7.666127491126196,9.179204204204407,8.275791700792995,8.783749658749922,8.678780361742488
66,270.0,bad,65,33,-11.67016789516566,9.269103194103337,8.275791700792995,8.783749658749922,6.513080311449388
66,270.0,bad,66,33,-1.6676426426404067,9.04031531531552,8.275791700792995,8.783749658749922,14.684629936785198
66,270.0,bad,67,33,-9.606026481025657,9.256981981982301,8.275791700792995,8.783749658749922,7.513126830821881
66,270.0,bad,68,33,-17.633804258803433,9.46354763854778,8.275791700792995,8.783749658749922,4.529412399742112
66,270.0,bad,69,33,-13.623198198196903,9.37667895167933,8.275791700792995,8.783749658749922,5.739962298137641
66,270.0,bad,70,33,-5.6388547638539395,9.170618345618488,8.275791700792995,8.783749658749922,10.212568252034334
66,270.0,bad,2,34,-25.601986076983838,9.661527436527635,12.253569478571244,8.68475975976014,2.55034055684118
66,270.0,bad,3,34,-19.577743652742356,9.496375921376062,12.253569478571244,8.68475975976014,3.337796895728038
66,270.0,bad,4,34,-23.526228501226264,9.637790062790204,12.253569478571244,8.68475975976014,2.7868600391786726
66,270.0,bad,5,34,-21.56309718809636,9.569103194103453,12.253569478571244,8.68475975976014,3.0421752624272007
66,270.0,bad,27,34,4.30963008463232,8.920113295113557,12.253569478571244,8.68475975976014,18.139583643058028
66,270.0,bad,29,34,10.20963008463091,8.737790062790445,12.253569478571244,8.68475975976014,40.26482158820349
66,270.0,bad,30,34,0.32882200382329885,8.997386022386225,12.253569478571244,8.68475975976014,12.15048747511222
66,270.0,bad,31,34,2.289933114933469,8.952436527436907,12.253569478571244,8.68475975976014,14.654925018854298
66,270.0,bad,33,34,8.275791700792995,8.783749658749922,12.253569478571244,8.68475975976014,29.894179549262102
66,270.0,bad,37,34,6.2192260442263985,8.792840567840774,12.253569478571244,8.68475975976014,22.717500131109137
66,270.0,bad,62,34,-3.681279006277711,9.09082036582057,12.253569478571244,8.68475975976014,8.683513258392475
66,270.0,bad,63,34,-15.621177996177172,9.391830466830843,12.253569478571244,8.68475975976014,4.071584103931693
66,270.0,bad,64,34,-7.666127491126196,9.179204204204407,12.253569478571244,8.68475975976014,6.524519308694693
66,270.0,bad,65,34,-11.67016789516566,9.269103194103337,12.253569478571244,8.68475975976014,5.075227531304692
66,270.0,bad,66,34,-1.6676426426404067,9.04031531531552,12.253569478571244,8.68475975976014,10.206962932911372
66,270.0,bad,67,34,-9.606026481025657,9.256981981982301,12.253569478571244,8.68475975976014,5.754165838201267
66,270.0,bad,68,34,-17.633804258803433,9.46354763854778,12.253569478571244,8.68475975976014,3.671064517021988
66,270.0,bad,69,34,-13.623198198196903,9.37667895167933,12.253569478571244,8.68475975976014,4.53770527951162
66,270.0,bad,70,34,-5.6388547638539395,9.170618345618488,12.253569478571244,8.68475975976014,7.50741420234481
66,270.0,bad,2,35,-25.601986076983838,9.661527436527635,14.265185640186465,8.639810264810528,2.3487317972097848
66,270.0,bad,3,35,-19.577743652742356,9.496375921376062,14.265185640186465,8.639810264810528,3.0385317293023757
66,270.0,bad,4,35,-23.526228501226264,9.637790062790204,14.265185640186465,8.639810264810528,2.55719083427104
66,270.0,bad,5,35,-21.56309718809636,9.569103194103453,14.265185640186465,8.639810264810528,2.7809663420182544
66,270.0,bad,27,35,4.30963008463232,8.920113295113557,14.265185640186465,8.639810264810528,14.666796160549891
66,270.0,bad,29,35,10.20963008463091,8.737790062790445,14.265185640186465,8.639810264810528,29.56425025493391
66,270.0,bad,30,35,0.32882200382329885,8.997386022386225,14.265185640186465,8.639810264810528,10.194045180699158
66,270.0,bad,31,35,2.289933114933469,8.952436527436907,14.265185640186465,8.639810264810528,12.094701467305855
66,270.0,bad,33,35,8.275791700792995,8.783749658749922,14.265185640186465,8.639810264810528,22.84540685221033
66,270.0,bad,34,35,12.253569478571244,8.68475975976014,14.265185640186465,8.639810264810528,40.48181825500253
66,270.0,bad,37,35,6.2192260442263985,8.792840567840774,14.265185640186465,8.639810264810528,17.93506440781429
66,270.0,bad,62,35,-3.681279006277711,9.09082036582057,14.265185640186465,8.639810264810528,7.4784079258852065
66,270.0,bad,63,35,-15.621177996177172,9.391830466830843,14.265185640186465,8.639810264810528,3.671250454901283
66,270.0,bad,64,35,-7.666127491126196,9.179204204204407,14.265185640186465,8.639810264810528,5.7283473527421735
66,270.0,bad,65,35,-11.67016789516566,9.269103194103337,14.265185640186465,8.639810264810528,4.522921584450764
66,270.0,bad,66,35,-1.6676426426404067,9.04031531531552,14.265185640186465,8.639810264810528,8.684866225692632
66,270.0,bad,67,35,-9.606026481025657,9.256981981982301,14.265185640186465,8.639810264810528,5.090980395552717
66,270.0,bad,68,35,-17.633804258803433,9.46354763854778,14.265185640186465,8.639810264810528,3.3270229428621687
66,270.0,bad,69,35,-13.623198198196903,9.37667895167933,14.265185640186465,8.639810264810528,4.068653833256059
66,270.0,bad,70,35,-5.6388547638539395,9.170618345618488,14.265185640186465,8.639810264810528,6.531353054556724
66,270.0,bad,2,36,-25.601986076983838,9.661527436527635,16.20710483210566,8.557992082992289,2.1759602542528573
66,270.0,bad,3,36,-19.577743652742356,9.496375921376062,16.20710483210566,8.557992082992289,2.7862452386556793
66,270.0,bad,4,36,-23.526228501226264,9.637790062790204,16.20710483210566,8.557992082992289,2.3613902467516303
66,270.0,bad,5,36,-21.56309718809636,9.569103194103453,16.20710483210566,8.557992082992289,2.5594623542942623
66,270.0,bad,27,36,4.30963008463232,8.920113295113557,16.20710483210566,8.557992082992289,12.180772546391001
66,270.0,bad,29,36,10.20963008463091,8.737790062790445,16.20710483210566,8.557992082992289,22.822332870179586
66,270.0,bad,30,36,0.32882200382329885,8.997386022386225,16.20710483210566,8.557992082992289,8.72151620168503
66,270.0,bad,31,36,2.289933114933469,8.952436527436907,16.20710483210566,8.557992082992289,10.210411813755336
66,270.0,bad,33,36,8.275791700792995,8.783749658749922,16.20710483210566,8.557992082992289,18.165138468008443
66,270.0,bad,34,36,12.253569478571244,8.68475975976014,16.20710483210566,8.557992082992289,29.998144158423095
66,270.0,bad,35,36,14.265185640186465,8.639810264810528,16.20710483210566,8.557992082992289,40.95572759893895
66,270.0,bad,37,36,6.2192260442263985,8.792840567840774,16.20710483210566,8.557992082992289,14.619397940966147
66,270.0,bad,62,36,-3.681279006277711,9.09082036582057,16.20710483210566,8.557992082992289,6.538197542486193
66,270.0,bad,63,36,-15.621177996177172,9.391830466830843,16.20710483210566,8.557992082992289,3.3382805351100773
66,270.0,bad,64,36,-7.666127491126196,9.179204204204407,16.20710483210566,8.557992082992289,5.090373160784802
66,270.0,bad,65,36,-11.67016789516566,9.269103194103337,16.20710483210566,8.557992082992289,4.071041222433068
66,270.0,bad,66,36,-1.6676426426404067,9.04031531531552,16.20710483210566,8.557992082992289,7.5169388730060795
66,270.0,bad,67,36,-9.606026481025657,9.256981981982301,16.20710483210566,8.557992082992289,4.553845706457425
66,270.0,bad,68,36,-17.633804258803433,9.46354763854778,16.20710483210566,8.557992082992289,3.0388117686306932
66,270.0,bad,69,36,-13.623198198196903,9.37667895167933,16.20710483210566,8.557992082992289,3.681592197192455
66,270.0,bad,70,36,-5.6388547638539395,9.170618345618488,16.20710483210566,8.557992082992289,5.759094733310699
66,270.0,bad,2,37,-25.601986076983838,9.661527436527635,6.2192260442263985,8.792840567840774,3.3394094358738564
66,270.0,bad,3,37,-19.577743652742356,9.496375921376062,6.2192260442263985,8.792840567840774,4.557958575278212
66,270.0,bad,4,37,-23.526228501226264,9.637790062790204,6.2192260442263985,8.792840567840774,3.6973278809162755
66,270.0,bad,5,37,-21.56309718809636,9.569103194103453,6.2192260442263985,8.792840567840774,4.091528528634181
66,270.0,bad,27,37,4.30963008463232,8.920113295113557,6.2192260442263985,8.792840567840774,40.3114336617845
66,270.0,bad,30,37,0.32882200382329885,8.997386022386225,6.2192260442263985,8.792840567840774,23.130926144501117
66,270.0,bad,31,37,2.289933114933469,8.952436527436907,6.2192260442263985,8.792840567840774,30.10265205718848
66,270.0,bad,62,37,-3.681279006277711,9.09082036582057,6.2192260442263985,8.792840567840774,14.748053526044028
66,270.0,bad,63,37,-15.621177996177172,9.391830466830843,6.2192260442263985,8.792840567840774,5.761104617479569
66,270.0,bad,64,37,-7.666127491126196,9.179204204204407,6.2192260442263985,8.792840567840774,10.237632941266028
66,270.0,bad,65,37,-11.67016789516566,9.269103194103337,6.2192260442263985,8.792840567840774,7.509045716891628
66,270.0,bad,66,37,-1.6676426426404067,9.04031531531552,6.2192260442263985,8.792840567840774,18.25552237154249
66,270.0,bad,67,37,-9.606026481025657,9.256981981982301,6.2192260442263985,8.792840567840774,8.75737099200391
66,270.0,bad,68,37,-17.633804258803433,9.46354763854778,6.2192260442263985,8.792840567840774,5.096450401403337
66,270.0,bad,69,37,-13.623198198196903,9.37667895167933,6.2192260442263985,8.792840567840774,6.558351689874141
66,270.0,bad,70,37,-5.6388547638539395,9.170618345618488,6.2192260442263985,8.792840567840774,12.224717943573296
66,270.0,bad,6,38,-10.230773955771719,-1.3177654927651148,27.41670079170162,-2.3490786240782984,2.5726643288228135
66,270.0,bad,8,38,-13.46309718809495,-1.2278665028661844,27.41670079170162,-2.3490786240782984,2.2561716898589523
66,270.0,bad,9,38,18.821751296753064,-2.1056442806438973,27.41670079170162,-2.3490786240782984,16.891681955278674
66,270.0,bad,11,38,-3.9444103194094926,-1.545038220037841,27.41670079170162,-2.3490786240782984,3.414117848449525
66,270.0,bad,12,38,5.605084630086868,-1.7995836745834113,27.41670079170162,-2.3490786240782984,5.7715363430123015
66,270.0,bad,13,38,-7.0757234507226245,-1.4172604422601227,27.41670079170162,-2.3490786240782984,2.950467007740111
66,270.0,bad,14,38,2.4581149331167005,-1.655139230139085,27.41670079170162,-2.3490786240782984,4.779199825672499
66,270.0,bad,15,38,12.010640185641483,-1.8950382200380733,27.41670079170162,-2.3490786240782984,9.048742766227845
66,270.0,bad,17,38,-0.7646123396110426,-1.5935230685228654,27.41670079170162,-2.3490786240782984,4.006463410447521
66,270.0,bad,18,38,8.80861998362128,-1.8111998361995136,27.41670079170162,-2.3490786240782984,7.1365030259252045
66,270.0,bad,21,38,16.536902811905048,-2.050593775593569,27.41670079170162,-2.3490786240782984,13.39708513508776
66,270.0,bad,23,38,14.29801392301475,-1.9778665028661793,27.41670079170162,-2.3490786240782984,10.927896587366416
66,270.0,bad,26,38,21.093973518974817,-2.1864523614519777,27.41670079170162,-2.3490786240782984,21.921862699924834
66,270.0,bad,39,38,23.40760988261165,-2.204129129128745,27.41670079170162,-2.3490786240782984,29.76068991571616
66,270.0,bad,40,38,25.413670488670846,-2.2773614523610677,27.41670079170162,-2.3490786240782984,40.539752871203
66,270.0,bad,6,39,-10.230773955771719,-1.3177654927651148,23.40760988261165,-2.204129129128745,3.0670834039501793
66,270.0,bad,8,39,-13.46309718809495,-1.2278665028661844,23.40760988261165,-2.204129129128745,2.658642186312872
66,270.0,bad,9,39,18.821751296753064,-2.1056442806438973,23.40760988261165,-2.204129129128745,27.453574903835516
66,270.0,bad,11,39,-3.9444103194094926,-1.545038220037841,23.40760988261165,-2.204129129128745,4.186342053424756
66,270.0,bad,12,39,5.605084630086868,-1.7995836745834113,23.40760988261165,-2.204129129128745,7.556042886300242
66,270.0,bad,13,39,-7.0757234507226245,-1.4172604422601227,23.40760988261165,-2.204129129128745,3.5637757895203634
66,270.0,bad,14,39,2.4581149331167005,-1.655139230139085,23.40760988261165,-2.204129129128745,6.097555602401589
66,270.0,bad,15,39,12.010640185641483,-1.8950382200380733,23.40760988261165,-2.204129129128745,12.757287963634989
66,270.0,bad,17,39,-0.7646123396110426,-1.5935230685228654,23.40760988261165,-2.204129129128745,5.001686395992971
66,270.0,bad,18,39,8.80861998362128,-1.8111998361995136,23.40760988261165,-2.204129129128745,9.652245371274029
66,270.0,bad,21,39,16.536902811905048,-2.050593775593569,23.40760988261165,-2.204129129128745,20.52089661906477
66,270.0,bad,23,39,14.29801392301475,-1.9778665028661793,23.40760988261165,-2.204129129128745,15.994103148719605
66,270.0,bad,26,39,21.093973518974817,-2.1864523614519777,23.40760988261165,-2.204129129128745,38.520352575471215
66,270.0,bad,59,39,-19.834814359812594,-1.0531190281188283,23.40760988261165,-2.204129129128745,2.0603796830163676
66,270.0,bad,60,39,-16.644410319409964,-1.136957411957094,23.40760988261165,-2.204129129128745,2.331415500720696
66,270.0,bad,6,40,-10.230773955771719,-1.3177654927651148,25.413670488670846,-2.2773614523610677,2.8034127939620928
66,270.0,bad,8,40,-13.46309718809495,-1.2278665028661844,25.413670488670846,-2.2773614523610677,2.4448822481495642
66,270.0,bad,9,40,18.821751296753064,-2.1056442806438973,25.413670488670846,-2.2773614523610677,21.216300315812873
66,270.0,bad,11,40,-3.9444103194094926,-1.545038220037841,25.413670488670846,-2.2773614523610677,3.770466407508634
66,270.0,bad,12,40,5.605084630086868,-1.7995836745834113,25.413670488670846,-2.2773614523610677,6.573250080945877
66,270.0,bad,13,40,-7.0757234507226245,-1.4172604422601227,25.413670488670846,-2.2773614523610677,3.235205178655455
66,270.0,bad,14,40,2.4581149331167005,-1.655139230139085,25.413670488670846,-2.2773614523610677,5.3778121434024415
66,270.0,bad,15,40,12.010640185641483,-1.8950382200380733,25.413670488670846,-2.2773614523610677,10.663965025436706
66,270.0,bad,17,40,-0.7646123396110426,-1.5935230685228654,25.413670488670846,-2.2773614523610677,4.462384647765054
66,270.0,bad,18,40,8.80861998362128,-1.8111998361995136,25.413670488670846,-2.2773614523610677,8.251534628731442
66,270.0,bad,21,40,16.536902811905048,-2.050593775593569,25.413670488670846,-2.2773614523610677,16.391082655063695
66,270.0,bad,23,40,14.29801392301475,-1.9778665028661793,25.413670488670846,-2.2773614523610677,13.099469930886162
66,270.0,bad,26,40,21.093973518974817,-2.1864523614519777,25.413670488670846,-2.2773614523610677,28.483624165621084
66,270.0,bad,39,40,23.40760988261165,-2.204129129128745,25.413670488670846,-2.2773614523610677,40.51929116662233
66,270.0,bad,60,40,-16.644410319409964,-1.136957411957094,25.413670488670846,-2.2773614523610677,2.1551951226935055
66,270.0,bad,3,41,-19.577743652742356,9.496375921376062,24.13791291291515,8.352941577941902,2.0242359101819196
66,270.0,bad,27,41,4.30963008463232,8.920113295113557,24.13791291291515,8.352941577941902,6.564571716192118
66,270.0,bad,28,41,18.183367458369695,8.53779006279027,24.13791291291515,8.352941577941902,22.94531534313301
66,270.0,bad,29,41,10.20963008463091,8.737790062790445,24.13791291291515,8.352941577941902,10.200931594809463
66,270.0,bad,30,41,0.32882200382329885,8.997386022386225,24.13791291291515,8.352941577941902,5.109706034868388
66,270.0,bad,31,41,2.289933114933469,8.952436527436907,24.13791291291515,8.352941577941902,5.758364127106182
66,270.0,bad,32,41,20.195993720995958,8.451931476931684,24.13791291291515,8.352941577941902,30.04815283407838
66,270.0,bad,33,41,8.275791700792995,8.783749658749922,24.13791291291515,8.352941577941902,8.732420012557343
66,270.0,bad,34,41,12.253569478571244,8.68475975976014,24.13791291291515,8.352941577941902,12.19539464610265
66,270.0,bad,35,41,14.265185640186465,8.639810264810528,24.13791291291515,8.352941577941902,14.789311523661597
66,270.0,bad,36,41,16.20710483210566,8.557992082992289,24.13791291291515,8.352941577941902,18.166161784022638
66,270.0,bad,37,41,6.2192260442263985,8.792840567840774,24.13791291291515,8.352941577941902,7.493296655932208
66,270.0,bad,42,41,22.129832104833874,8.379709254709521,24.13791291291515,8.352941577941902,40.50565863540268
66,270.0,bad,62,41,-3.681279006277711,9.09082036582057,24.13791291291515,8.352941577941902,4.083555023781907
66,270.0,bad,63,41,-15.621177996177172,9.391830466830843,24.13791291291515,8.352941577941902,2.3589461528378735
66,270.0,bad,64,41,-7.666127491126196,9.179204204204407,24.13791291291515,8.352941577941902,3.3421534372275294
66,270.0,bad,65,41,-11.67016789516566,9.269103194103337,24.13791291291515,8.352941577941902,2.7834197749311764
66,270.0,bad,66,41,-1.6676426426404067,9.04031531531552,24.13791291291515,8.352941577941902,4.555772920277419
66,270.0,bad,67,41,-9.606026481025657,9.256981981982301,24.13791291291515,8.352941577941902,3.0522993177319355
66,270.0,bad,68,41,-17.633804258803433,9.46354763854778,24.13791291291515,8.352941577941902,2.1791030173336168
66,270.0,bad,69,41,-13.623198198196903,9.37667895167933,24.13791291291515,8.352941577941902,2.5604367894971047
66,270.0,bad,70,41,-5.6388547638539395,9.170618345618488,24.13791291291515,8.352941577941902,3.691508939360327
66,270.0,bad,3,42,-19.577743652742356,9.496375921376062,22.129832104833874,8.379709254709521,2.184512570474468
66,270.0,bad,5,42,-21.56309718809636,9.569103194103453,22.129832104833874,8.379709254709521,2.025949919785466
66,270.0,bad,27,42,4.30963008463232,8.920113295113557,22.129832104833874,8.379709254709521,7.5464438200560116
66,270.0,bad,28,42,18.183367458369695,8.53779006279027,22.129832104833874,8.379709254709521,30.02856933980483
66,270.0,bad,29,42,10.20963008463091,8.737790062790445,22.129832104833874,8.379709254709521,12.155527138046214
66,270.0,bad,30,42,0.32882200382329885,8.997386022386225,22.129832104833874,8.379709254709521,5.775386753534378
66,270.0,bad,31,42,2.289933114933469,8.952436527436907,22.129832104833874,8.379709254709521,6.559461760315657
66,270.0,bad,32,42,20.195993720995958,8.451931476931684,22.129832104833874,8.379709254709521,41.0112114113522
66,270.0,bad,33,42,8.275791700792995,8.783749658749922,22.129832104833874,8.379709254709521,10.264528406049541
66,270.0,bad,34,42,12.253569478571244,8.68475975976014,22.129832104833874,8.379709254709521,14.784050897377288
66,270.0,bad,35,42,14.265185640186465,8.639810264810528,22.129832104833874,8.379709254709521,18.300967501586214
66,270.0,bad,36,42,16.20710483210566,8.557992082992289,22.129832104833874,8.379709254709521,23.03710962634773
66,270.0,bad,37,42,6.2192260442263985,8.792840567840774,22.129832104833874,8.379709254709521,8.69976975891589
66,270.0,bad,62,42,-3.681279006277711,9.09082036582057,22.129832104833874,8.379709254709521,4.5543595105533035
66,270.0,bad,63,42,-15.621177996177172,9.391830466830843,22.129832104833874,8.379709254709521,2.561520148080878
66,270.0,bad,64,42,-7.666127491126196,9.179204204204407,22.129832104833874,8.379709254709521,3.687949278596954
66,270.0,bad,65,42,-11.67016789516566,9.269103194103337,22.129832104833874,8.379709254709521,3.0444909047888067
66,270.0,bad,66,42,-1.6676426426404067,9.04031531531552,22.129832104833874,8.379709254709521,5.113219041193406
66,270.0,bad,67,42,-9.606026481025657,9.256981981982301,22.129832104833874,8.379709254709521,3.3530821799954897
66,270.0,bad,68,42,-17.633804258803433,9.46354763854778,22.129832104833874,8.379709254709521,2.3585152360643113
66,270.0,bad,69,42,-13.623198198196903,9.37667895167933,22.129832104833874,8.379709254709521,2.7901218817203373
66,270.0,bad,70,42,-5.6388547638539395,9.170618345618488,22.129832104833874,8.379709254709521,4.094483550245194
66,270.0,bad,27,43,4.30963008463232,8.920113295113557,26.221751296751652,8.312537537537864,5.735239469820327
66,270.0,bad,28,43,18.183367458369695,8.53779006279027,26.221751296751652,8.312537537537864,17.95013230225611
66,270.0,bad,29,43,10.20963008463091,8.737790062790445,26.221751296751652,8.312537537537864,8.631998651227493
66,270.0,bad,30,43,0.32882200382329885,8.997386022386225,26.221751296751652,8.312537537537864,4.533619787373537
66,270.0,bad,31,43,2.289933114933469,8.952436527436907,26.221751296751652,8.312537537537864,5.072810504550291
66,270.0,bad,32,43,20.195993720995958,8.451931476931684,26.221751296751652,8.312537537537864,22.741848620330618
66,270.0,bad,33,43,8.275791700792995,8.783749658749922,26.221751296751652,8.312537537537864,7.4786782338572735
66,270.0,bad,34,43,12.253569478571244,8.68475975976014,26.221751296751652,8.312537537537864,10.166997598087931
66,270.0,bad,35,43,14.265185640186465,8.639810264810528,26.221751296751652,8.312537537537864,12.11529742746171
66,270.0,bad,36,43,16.20710483210566,8.557992082992289,26.221751296751652,8.312537537537864,14.580319994937485
66,270.0,bad,37,43,6.2192260442263985,8.792840567840774,26.221751296751652,8.312537537537864,6.488544419128154
66,270.0,bad,41,43,24.13791291291515,8.352941577941902,26.221751296751652,8.312537537537864,39.99936397325801
66,270.0,bad,42,43,22.129832104833874,8.379709254709521,26.221751296751652,8.312537537537864,29.411868375431972
66,270.0,bad,62,43,-3.681279006277711,9.09082036582057,26.221751296751652,8.312537537537864,3.668184285302715
66,270.0,bad,63,43,-15.621177996177172,9.391830466830843,26.221751296751652,8.312537537537864,2.1731206404625554
66,270.0,bad,64,43,-7.666127491126196,9.179204204204407,26.221751296751652,8.312537537537864,3.0323108533674215
66,270.0,bad,65,43,-11.67016789516566,9.269103194103337,26.221751296751652,8.312537537537864,2.5464691543065525
66,270.0,bad,66,43,-1.6676426426404067,9.04031531531552,26.221751296751652,8.312537537537864,4.068436902018458
66,270.0,bad,67,43,-9.606026481025657,9.256981981982301,26.221751296751652,8.312537537537864,2.781027638300308
66,270.0,bad,68,43,-17.633804258803433,9.46354763854778,26.221751296751652,8.312537537537864,2.0137329735417473
66,270.0,bad,69,43,-13.623198198196903,9.37667895167933,26.221751296751652,8.312537537537864,2.3508265199538494
66,270.0,bad,70,43,-5.6388547638539395,9.170618345618488,26.221751296751652,8.312537537537864,3.333127128713304
66,270.0,bad,27,44,4.30963008463232,8.920113295113557,28.124276549277845,8.263042588042973,5.10802718107133
66,270.0,bad,28,44,18.183367458369695,8.53779006279027,28.124276549277845,8.263042588042973,14.688349400793483
66,270.0,bad,29,44,10.20963008463091,8.737790062790445,28.124276549277845,8.263042588042973,7.4954659928947525
66,270.0,bad,30,44,0.32882200382329885,8.997386022386225,28.124276549277845,8.263042588042973,4.088685974697186
66,270.0,bad,31,44,2.289933114933469,8.952436527436907,28.124276549277845,8.263042588042973,4.548456008884405
66,270.0,bad,32,44,20.195993720995958,8.451931476931684,28.124276549277845,8.263042588042973,18.1712796614186
66,270.0,bad,33,44,8.275791700792995,8.783749658749922,28.124276549277845,8.263042588042973,6.555688670232156
66,270.0,bad,34,44,12.253569478571244,8.68475975976014,28.124276549277845,8.263042588042973,8.72662481864327
66,270.0,bad,35,44,14.265185640186465,8.639810264810528,28.124276549277845,8.263042588042973,10.260183264327045
66,270.0,bad,36,44,16.20710483210566,8.557992082992289,28.124276549277845,8.263042588042973,12.158888655456453
66,270.0,bad,37,44,6.2192260442263985,8.792840567840774,28.124276549277845,8.263042588042973,5.737781806606824
66,270.0,bad,41,44,24.13791291291515,8.352941577941902,28.124276549277845,8.263042588042973,29.857488322839266
66,270.0,bad,42,44,22.129832104833874,8.379709254709521,28.124276549277845,8.263042588042973,22.830981515162456
66,270.0,bad,43,44,26.221751296751652,8.312537537537864,28.124276549277845,8.263042588042973,41.22727962241873
66,270.0,bad,62,44,-3.681279006277711,9.09082036582057,28.124276549277845,8.263042588042973,3.341911183440474
66,270.0,bad,63,44,-15.621177996177172,9.391830466830843,28.124276549277845,8.263042588042973,2.021991946660288
66,270.0,bad,64,44,-7.666127491126196,9.179204204204407,28.124276549277845,8.263042588042973,2.7855691930286017
66,270.0,bad,65,44,-11.67016789516566,9.269103194103337,28.124276549277845,8.263042588042973,2.355597687698597
66,270.0,bad,66,44,-1.6676426426404067,9.04031531531552,28.124276549277845,8.263042588042973,3.688698252859827
66,270.0,bad,67,44,-9.606026481025657,9.256981981982301,28.124276549277845,8.263042588042973,2.5637431838087323
66,270.0,bad,69,44,-13.623198198196903,9.37667895167933,28.124276549277845,8.263042588042973,2.1811452083426204
66,270.0,bad,70,44,-5.6388547638539395,9.170618345618488,28.124276549277845,8.263042588042973,3.0496227890947707
66,270.0,bad,27,45,4.30963008463232,8.920113295113557,30.12478159978337,8.201426426426753,4.553331989304536
66,270.0,bad,28,45,18.183367458369695,8.53779006279027,30.12478159978337,8.201426426426753,12.132035500154831
66,270.0,bad,29,45,10.20963008463091,8.737790062790445,30.12478159978337,8.201426426426753,6.526502194125724
66,270.0,bad,30,45,0.32882200382329885,8.997386022386225,30.12478159978337,8.201426426426753,3.687949278596954
66,270.0,bad,31,45,2.289933114933469,8.952436527436907,30.12478159978337,8.201426426426753,4.080176063831509
66,270.0,bad,32,45,20.195993720995958,8.451931476931684,30.12478159978337,8.201426426426753,14.706222514236966
66,270.0,bad,33,45,8.275791700792995,8.783749658749922,30.12478159978337,8.201426426426753,5.757998876139348
66,270.0,bad,34,45,12.253569478571244,8.68475975976014,30.12478159978337,8.201426426426753,7.518845982159633
66,270.0,bad,35,45,14.265185640186465,8.639810264810528,30.12478159978337,8.201426426426753,8.734125579992913
66,270.0,bad,36,45,16.20710483210566,8.557992082992289,30.12478159978337,8.201426426426753,10.209980608061537
66,270.0,bad,37,45,6.2192260442263985,8.792840567840774,30.12478159978337,8.201426426426753,5.080672161505781
66,270.0,bad,41,45,24.13791291291515,8.352941577941902,30.12478159978337,8.201426426426753,22.852624648115647
66,270.0,bad,42,45,22.129832104833874,8.379709254709521,30.12478159978337,8.201426426426753,18.036889215147813
66,270.0,bad,43,45,26.221751296751652,8.312537537537864,30.12478159978337,8.201426426426753,30.21648643363407
66,270.0,bad,44,45,28.124276549277845,8.263042588042973,30.12478159978337,8.201426426426753,40.556816133792125
66,270.0,bad,62,45,-3.681279006277711,9.09082036582057,30.12478159978337,8.201426426426753,3.0436485472068204
66,270.0,bad,64,45,-7.666127491126196,9.179204204204407,30.12478159978337,8.201426426426753,2.5572448829328622
66,270.0,bad,65,45,-11.67016789516566,9.269103194103337,30.12478159978337,8.201426426426753,2.177148607792541
66,270.0,bad,66,45,-1.6676426426404067,9.04031531531552,30.12478159978337,8.201426426426753,3.3440115916939064
66,270.0,bad,67,45,-9.606026481025657,9.256981981982301,30.12478159978337,8.201426426426753,2.361630068234807
66,270.0,bad,69,45,-13.623198198196903,9.37667895167933,30.12478159978337,8.201426426426753,2.0218019517864536
66,270.0,bad,70,45,-5.6388547638539395,9.170618345618488,30.12478159978337,8.201426426426753,2.7888287688900353
66,270.0,bad,47,46,-11.611582036581678,-11.827866502866124,-5.425218400216161,-11.942007917007716,22.29278442123814
66,270.0,bad,48,46,-9.528248703248346,-11.87534125034099,-5.425218400216161,-11.942007917007716,29.365542189354183
66,270.0,bad,49,46,-7.4454204204181815,-11.875846300845923,-5.425218400216161,-11.942007917007716,40.4240077400494
66,270.0,bad,50,46,-28.03733961233831,-11.409179634179436,-5.425218400216161,-11.942007917007716,5.491674731212535
66,270.0,bad,51,46,-17.717642642642282,-11.629886704886564,-5.425218400216161,-11.942007917007716,11.752988281058489
66,270.0,bad,52,46,-13.638854763853935,-11.72837155337141,-5.425218400216161,-11.942007917007716,17.60636004280314
66,270.0,bad,54,46,-21.84693557193333,-11.539987714987339,-5.425218400216161,-11.942007917007716,8.36644235666655
66,270.0,bad,55,46,-15.658046683044914,-11.67130084630047,-5.425218400216161,-11.942007917007716,14.267560100868215
66,270.0,bad,56,46,-25.95552143051919,-11.441502866502493,-5.425218400216161,-11.942007917007716,6.266148344070581
66,270.0,bad,57,46,-19.750975975973734,-11.566755391755251,-5.425218400216161,-11.942007917007716,9.870295462393793
66,270.0,bad,58,46,-23.858046683045384,-11.499583674583299,-5.425218400216161,-11.942007917007716,7.22474923400729
66,270.0,bad,61,46,-30.077238602236832,-11.296048321048005,-5.425218400216161,-11.942007917007716,4.86413683932598
66,270.0,bad,50,47,-28.03733961233831,-11.409179634179436,-11.611582036581678,-11.827866502866124,8.363884153886087
66,270.0,bad,51,47,-17.717642642642282,-11.629886704886564,-11.611582036581678,-11.827866502866124,22.51563729651343
66,270.0,bad,52,47,-13.638854763853935,-11.72837155337141,-11.611582036581678,-11.827866502866124,40.3764920136379
66,270.0,bad,54,47,-21.84693557193333,-11.539987714987339,-11.611582036581678,-11.827866502866124,14.263999308716762
66,270.0,bad,55,47,-15.658046683044914,-11.67130084630047,-11.611582036581678,-11.827866502866124,29.60253076055886
66,270.0,bad,56,47,-25.95552143051919,-11.441502866502493,-11.611582036581678,-11.827866502866124,9.855557264295244
66,270.0,bad,57,47,-19.750975975973734,-11.566755391755251,-11.611582036581678,-11.827866502866124,17.75077653649058
66,270.0,bad,58,47,-23.858046683045384,-11.499583674583299,-11.611582036581678,-11.827866502866124,11.801600100498131
66,270.0,bad,61,47,-30.077238602236832,-11.296048321048005,-11.611582036581678,-11.827866502866124,7.208094824657757
66,270.0,bad,47,48,-11.611582036581678,-11.827866502866124,-9.528248703248346,-11.87534125034099,40.0027077726107
66,270.0,bad,50,48,-28.03733961233831,-11.409179634179436,-9.528248703248346,-11.87534125034099,7.1861481147318536
66,270.0,bad,51,48,-17.717642642642282,-11.629886704886564,-9.528248703248346,-11.87534125034099,17.653322055907214
66,270.0,bad,52,48,-13.638854763853935,-11.72837155337141,-9.528248703248346,-11.87534125034099,29.334018878674
66,270.0,bad,54,48,-21.84693557193333,-11.539987714987339,-9.528248703248346,-11.87534125034099,11.725344832657694
66,270.0,bad,55,48,-15.658046683044914,-11.67130084630047,-9.528248703248346,-11.87534125034099,22.449415905740047
66,270.0,bad,56,48,-25.95552143051919,-11.441502866502493,-9.528248703248346,-11.87534125034099,8.362925130335356
66,270.0,bad,57,48,-19.750975975973734,-11.566755391755251,-9.528248703248346,-11.87534125034099,14.281816611286935
66,270.0,bad,58,48,-23.858046683045384,-11.499583674583299,-9.528248703248346,-11.87534125034099,9.867017451594599
66,270.0,bad,61,48,-30.077238602236832,-11.296048321048005,-9.528248703248346,-11.87534125034099,6.258484661693774
66,270.0,bad,47,49,-11.611582036581678,-11.827866502866124,-7.4454204204181815,-11.875846300845923,29.10439109116115
66,270.0,bad,48,49,-9.528248703248346,-11.87534125034099,-7.4454204204181815,-11.875846300845923,40.00605199127485
66,270.0,bad,50,49,-28.03733961233831,-11.409179634179436,-7.4454204204181815,-11.875846300845923,6.24093206505828
66,270.0,bad,51,49,-17.717642642642282,-11.629886704886564,-7.4454204204181815,-11.875846300845923,14.212163185277591
66,270.0,bad,52,49,-13.638854763853935,-11.72837155337141,-7.4454204204181815,-11.875846300845923,22.273320812444833
66,270.0,bad,54,49,-21.84693557193333,-11.539987714987339,-7.4454204204181815,-11.875846300845923,9.809103449509823
66,270.0,bad,55,49,-15.658046683044914,-11.67130084630047,-7.4454204204181815,-11.875846300845923,17.608313050018413
66,270.0,bad,56,49,-25.95552143051919,-11.441502866502493,-7.4454204204181815,-11.875846300845923,7.185638919279571
66,270.0,bad,57,49,-19.750975975973734,-11.566755391755251,-7.4454204204181815,-11.875846300845923,11.73915435155567
66,270.0,bad,58,49,-23.858046683045384,-11.499583674583299,-7.4454204204181815,-11.875846300845923,8.372202605975923
66,270.0,bad,61,49,-30.077238602236832,-11.296048321048005,-7.4454204204181815,-11.875846300845923,5.485047046295861
66,270.0,bad,61,50,-30.077238602236832,-11.296048321048005,-28.03733961233831,-11.409179634179436,40.10559918959045
66,270.0,bad,50,51,-28.03733961233831,-11.409179634179436,-17.717642642642282,-11.629886704886564,14.145830438693599
66,270.0,bad,54,51,-21.84693557193333,-11.539987714987339,-17.717642642642282,-11.629886704886564,29.256478060026787
66,270.0,bad,56,51,-25.95552143051919,-11.441502866502493,-17.717642642642282,-11.629886704886564,17.559585175851804
66,270.0,bad,57,51,-19.750975975973734,-11.566755391755251,-17.717642642642282,-11.629886704886564,40.33583089637331
66,270.0,bad,58,51,-23.858046683045384,-11.499583674583299,-17.717642642642282,-11.629886704886564,22.41992201749691
66,270.0,bad,61,51,-30.077238602236832,-11.296048321048005,-17.717642642642282,-11.629886704886564,11.682478727759612
66,270.0,bad,50,52,-28.03733961233831,-11.409179634179436,-13.638854763853935,-11.72837155337141,9.811540191135263
66,270.0,bad,51,52,-17.717642642642282,-11.629886704886564,-13.638854763853935,-11.72837155337141,29.466758976683828
66,270.0,bad,54,52,-21.84693557193333,-11.539987714987339,-13.638854763853935,-11.72837155337141,17.617105605121917
66,270.0,bad,55,52,-15.658046683044914,-11.67130084630047,-13.638854763853935,-11.72837155337141,40.43080254741273
66,270.0,bad,56,52,-25.95552143051919,-11.441502866502493,-13.638854763853935,-11.72837155337141,11.727467787471477
66,270.0,bad,57,52,-19.750975975973734,-11.566755391755251,-13.638854763853935,-11.72837155337141,22.4987018798193
66,270.0,bad,58,52,-23.858046683045384,-11.499583674583299,-13.638854763853935,-11.72837155337141,14.286811438504929
66,270.0,bad,61,52,-30.077238602236832,-11.296048321048005,-13.638854763853935,-11.72837155337141,8.355897328247499
66,270.0,bad,0,53,-25.28380425880202,-0.959179634179259,-23.044915369914072,-0.9894826644822889,38.99230580361067
66,270.0,bad,1,53,-27.53430930930754,-0.8773614523613129,-23.044915369914072,-0.9894826644822889,27.820341805569747
66,270.0,bad,50,54,-28.03733961233831,-11.409179634179436,-21.84693557193333,-11.539987714987339,22.281659236586904
66,270.0,bad,56,54,-25.95552143051919,-11.441502866502493,-21.84693557193333,-11.539987714987339,29.342420129874057
66,270.0,bad,58,54,-23.858046683045384,-11.499583674583299,-21.84693557193333,-11.539987714987339,40.4852227347945
66,270.0,bad,61,54,-30.077238602236832,-11.296048321048005,-21.84693557193333,-11.539987714987339,17.574182278318503
66,270.0,bad,50,55,-28.03733961233831,-11.409179634179436,-15.658046683044914,-11.67130084630047,11.66192328253838
66,270.0,bad,51,55,-17.717642642642282,-11.629886704886564,-15.658046683044914,-11.67130084630047,40.16034054161687
66,270.0,bad,54,55,-21.84693557193333,-11.539987714987339,-15.658046683044914,-11.67130084630047,22.28583020469396
66,270.0,bad,56,55,-25.95552143051919,-11.441502866502493,-15.658046683044914,-11.67130084630047,14.176821867118687
66,270.0,bad,57,55,-19.750975975973734,-11.566755391755251,-15.658046683044914,-11.67130084630047,29.40765237566633
66,270.0,bad,58,55,-23.858046683045384,-11.499583674583299,-15.658046683044914,-11.67130084630047,17.6327530835123
66,270.0,bad,61,55,-30.077238602236832,-11.296048321048005,-15.658046683044914,-11.67130084630047,9.794907198897036
66,270.0,bad,50,56,-28.03733961233831,-11.409179634179436,-25.95552143051919,-11.441502866502493,40.01274168684925
66,270.0,bad,61,56,-30.077238602236832,-11.296048321048005,-25.95552143051919,-11.441502866502493,29.287876427972837
66,270.0,bad,50,57,-28.03733961233831,-11.409179634179436,-19.750975975973734,-11.566755391755251,17.466592914684384
66,270.0,bad,54,57,-21.84693557193333,-11.539987714987339,-19.750975975973734,-11.566755391755251,39.919238399891185
66,270.0,bad,56,57,-25.95552143051919,-11.441502866502493,-19.750975975973734,-11.566755391755251,22.242786602560976
66,270.0,bad,58,57,-23.858046683045384,-11.499583674583299,-19.750975975973734,-11.566755391755251,29.34872343701723
66,270.0,bad,61,57,-30.077238602236832,-11.296048321048005,-19.750975975973734,-11.566755391755251,14.136693327162858
66,270.0,bad,50,58,-28.03733961233831,-11.409179634179436,-23.858046683045384,-11.499583674583299,29.05050943308554
66,270.0,bad,56,58,-25.95552143051919,-11.441502866502493,-23.858046683045384,-11.499583674583299,39.90923963434352
66,270.0,bad,61,58,-30.077238602236832,-11.296048321048005,-23.858046683045384,-11.499583674583299,22.202632802666745
66,270.0,bad,0,59,-25.28380425880202,-0.959179634179259,-19.834814359812594,-1.0531190281188283,24.47162018659335
66,270.0,bad,1,59,-27.53430930930754,-0.8773614523613129,-19.834814359812594,-1.0531190281188283,18.644088417534128
66,270.0,bad,53,59,-23.044915369914072,-0.9894826644822889,-19.834814359812594,-1.0531190281188283,33.46960794123345
66,270.0,bad,0,60,-25.28380425880202,-0.959179634179259,-16.644410319409964,-1.136957411957094,16.81122371986912
66,270.0,bad,1,60,-27.53430930930754,-0.8773614523613129,-16.644410319409964,-1.136957411957094,13.384132331885592
66,270.0,bad,53,60,-23.044915369914072,-0.9894826644822889,-16.644410319409964,-1.136957411957094,21.71443118692443
66,270.0,bad,59,60,-19.834814359812594,-1.0531190281188283,-16.644410319409964,-1.136957411957094,33.569641582935304
66,270.0,bad,2,62,-25.601986076983838,9.661527436527635,-3.681279006277711,9.09082036582057,5.732154617562932
66,270.0,bad,3,62,-19.577743652742356,9.496375921376062,-3.681279006277711,9.09082036582057,8.709273808197576
66,270.0,bad,4,62,-23.526228501226264,9.637790062790204,-3.681279006277711,9.09082036582057,6.55724190119681
66,270.0,bad,5,62,-21.56309718809636,9.569103194103453,-3.681279006277711,9.09082036582057,7.513126830821881
66,270.0,bad,63,62,-15.621177996177172,9.391830466830843,-3.681279006277711,9.09082036582057,12.13371121495056
66,270.0,bad,64,62,-7.666127491126196,9.179204204204407,-3.681279006277711,9.09082036582057,29.86395833491286
66,270.0,bad,65,62,-11.67016789516566,9.269103194103337,-3.681279006277711,9.09082036582057,18.049044818004905
66,270.0,bad,67,62,-9.606026481025657,9.256981981982301,-3.681279006277711,9.09082036582057,23.031265054748886
66,270.0,bad,68,62,-17.633804258803433,9.46354763854778,-3.681279006277711,9.09082036582057,10.180293255878398
66,270.0,bad,69,62,-13.623198198196903,9.37667895167933,-3.681279006277711,9.09082036582057,14.686861445629113
66,270.0,bad,70,62,-5.6388547638539395,9.170618345618488,-3.681279006277711,9.09082036582057,40.848547638915356
66,270.0,bad,2,63,-25.601986076983838,9.661527436527635,-15.621177996177172,9.391830466830843,14.629746648579372
66,270.0,bad,3,63,-19.577743652742356,9.496375921376062,-15.621177996177172,9.391830466830843,29.98511894853369
66,270.0,bad,4,63,-23.526228501226264,9.637790062790204,-15.621177996177172,9.391830466830843,18.21846578084758
66,270.0,bad,5,63,-21.56309718809636,9.569103194103453,-15.621177996177172,9.391830466830843,22.98167587200521
66,270.0,bad,68,63,-17.633804258803433,9.46354763854778,-15.621177996177172,9.391830466830843,40.475010583562025
66,270.0,bad,2,64,-25.601986076983838,9.661527436527635,-7.666127491126196,9.179204204204407,7.484087472408108
66,270.0,bad,3,64,-19.577743652742356,9.496375921376062,-7.666127491126196,9.179204204204407,12.165055060005693
66,270.0,bad,4,64,-23.526228501226264,9.637790062790204,-7.666127491126196,9.179204204204407,8.733784426534791
66,270.0,bad,5,64,-21.56309718809636,9.569103194103453,-7.666127491126196,9.179204204204407,10.227682466646904
66,270.0,bad,63,64,-15.621177996177172,9.391830466830843,-7.666127491126196,9.179204204204407,18.11713997836116
66,270.0,bad,65,64,-11.67016789516566,9.269103194103337,-7.666127491126196,9.179204204204407,29.782159950667648
66,270.0,bad,67,64,-9.606026481025657,9.256981981982301,-7.666127491126196,9.179204204204407,40.96958799144163
66,270.0,bad,68,64,-17.633804258803433,9.46354763854778,-7.666127491126196,9.179204204204407,14.648994851989178
66,270.0,bad,69,64,-13.623198198196903,9.37667895167933,-7.666127491126196,9.179204204204407,22.938053592931425
66,270.0,bad,2,65,-25.601986076983838,9.661527436527635,-11.67016789516566,9.269103194103337,10.197917930281346
66,270.0,bad,3,65,-19.577743652742356,9.496375921376062,-11.67016789516566,9.269103194103337,18.213327957215764
66,270.0,bad,4,65,-23.526228501226264,9.637790062790204,-11.67016789516566,9.269103194103337,12.226977961212862
66,270.0,bad,5,65,-21.56309718809636,9.569103194103453,-11.67016789516566,9.269103194103337,14.75928856850419
66,270.0,bad,63,65,-15.621177996177172,9.391830466830843,-11.67016789516566,9.269103194103337,30.00900498421728
66,270.0,bad,68,65,-17.633804258803433,9.46354763854778,-11.67016789516566,9.269103194103337,22.919189167799818
66,270.0,bad,69,65,-13.623198198196903,9.37667895167933,-11.67016789516566,9.269103194103337,40.71722319288693
66,270.0,bad,2,66,-25.601986076983838,9.661527436527635,-1.6676426426404067,9.04031531531552,5.072055537776095
66,270.0,bad,3,66,-19.577743652742356,9.496375921376062,-1.6676426426404067,9.04031531531552,7.497907623206723
66,270.0,bad,4,66,-23.526228501226264,9.637790062790204,-1.6676426426404067,9.04031531531552,5.754530724508415
66,270.0,bad,5,66,-21.56309718809636,9.569103194103453,-1.6676426426404067,9.04031531531552,6.5351051517990655
66,270.0,bad,62,66,-3.681279006277711,9.09082036582057,-1.6676426426404067,9.04031531531552,40.46820462920693
66,270.0,bad,63,66,-15.621177996177172,9.391830466830843,-1.6676426426404067,9.04031531531552,10.17943468468686
66,270.0,bad,64,66,-7.666127491126196,9.179204204204407,-1.6676426426404067,9.04031531531552,22.819451080562988
66,270.0,bad,65,66,-11.67016789516566,9.269103194103337,-1.6676426426404067,9.04031531531552,14.597996233047251
66,270.0,bad,67,66,-9.606026481025657,9.256981981982301,-1.6676426426404067,9.04031531531552,18.1508211180441
66,270.0,bad,68,66,-17.633804258803433,9.46354763854778,-1.6676426426404067,9.04031531531552,8.66258262989146
66,270.0,bad,69,66,-13.623198198196903,9.37667895167933,-1.6676426426404067,9.04031531531552,12.116412220993409
66,270.0,bad,70,66,-5.6388547638539395,9.170618345618488,-1.6676426426404067,9.04031531531552,29.922283200311817
66,270.0,bad,2,67,-25.601986076983838,9.661527436527635,-9.606026481025657,9.256981981982301,8.642734966921088
66,270.0,bad,3,67,-19.577743652742356,9.496375921376062,-9.606026481025657,9.256981981982301,14.643068283890189
66,270.0,bad,4,67,-23.526228501226264,9.637790062790204,-9.606026481025657,9.256981981982301,10.207824989281628
66,270.0,bad,5,67,-21.56309718809636,9.569103194103453,-9.606026481025657,9.256981981982301,12.114740088388572
66,270.0,bad,63,67,-15.621177996177172,9.391830466830843,-9.606026481025657,9.256981981982301,22.771980248184583
66,270.0,bad,65,67,-11.67016789516566,9.269103194103337,-9.606026481025657,9.256981981982301,40.13008350025714
66,270.0,bad,68,67,-17.633804258803433,9.46354763854778,-9.606026481025657,9.256981981982301,17.971259275909265
66,270.0,bad,69,67,-13.623198198196903,9.37667895167933,-9.606026481025657,9.256981981982301,29.72638611922341
66,270.0,bad,2,68,-25.601986076983838,9.661527436527635,-17.633804258803433,9.46354763854778,18.090669308146172
66,270.0,bad,3,68,-19.577743652742356,9.496375921376062,-17.633804258803433,9.46354763854778,40.94187423889618
66,270.0,bad,4,68,-23.526228501226264,9.637790062790204,-17.633804258803433,9.46354763854778,23.125045836630974
66,270.0,bad,5,68,-21.56309718809636,9.569103194103453,-17.633804258803433,9.46354763854778,30.10265205718849
66,270.0,bad,2,69,-25.601986076983838,9.661527436527635,-13.623198198196903,9.37667895167933,12.090810842686317
66,270.0,bad,3,69,-19.577743652742356,9.496375921376062,-13.623198198196903,9.37667895167933,22.94531534313303
66,270.0,bad,4,69,-23.526228501226264,9.637790062790204,-13.623198198196903,9.37667895167933,14.744311362542758
66,270.0,bad,5,69,-21.56309718809636,9.569103194103453,-13.623198198196903,9.37667895167933,18.147755316750658
66,270.0,bad,63,69,-15.621177996177172,9.391830466830843,-13.623198198196903,9.37667895167933,40.57389017159061
66,270.0,bad,68,69,-17.633804258803433,9.46354763854778,-13.623198198196903,9.37667895167933,29.754253432373336
66,270.0,bad,2,70,-25.601986076983838,9.661527436527635,-5.6388547638539395,9.170618345618488,6.5056172246200346
66,270.0,bad,3,70,-19.577743652742356,9.496375921376062,-5.6388547638539395,9.170618345618488,10.191894606318103
66,270.0,bad,4,70,-23.526228501226264,9.637790062790204,-5.6388547638539395,9.170618345618488,7.510133688740626
66,270.0,bad,5,70,-21.56309718809636,9.569103194103453,-5.6388547638539395,9.170618345618488,8.69061986585373
66,270.0,bad,63,70,-15.621177996177172,9.391830466830843,-5.6388547638539395,9.170618345618488,14.627528143534768
66,270.0,bad,64,70,-7.666127491126196,9.179204204204407,-5.6388547638539395,9.170618345618488,40.3764920136379
66,270.0,bad,65,70,-11.67016789516566,9.269103194103337,-5.6388547638539395,9.170618345618488,22.72608924857951
66,270.0,bad,67,70,-9.606026481025657,9.256981981982301,-5.6388547638539395,9.170618345618488,29.939597457349766
66,270.0,bad,68,70,-17.633804258803433,9.46354763854778,-5.6388547638539395,9.170618345618488,12.073049014895622
66,270.0,bad,69,70,-13.623198198196903,9.37667895167933,-5.6388547638539395,9.170618345618488,18.058169585983734
66,270.0,bad,27,71,4.30963008463232,8.920113295113557,38.054074529076296,7.9660728910730425,3.0522288376320375
66,270.0,bad,28,71,18.183367458369695,8.53779006279027,38.054074529076296,7.9660728910730425,6.545938128989793
66,270.0,bad,29,71,10.20963008463091,8.737790062790445,38.054074529076296,7.9660728910730425,4.0781071609148904
66,270.0,bad,30,71,0.32882200382329885,8.997386022386225,38.054074529076296,7.9660728910730425,2.564285826637495
66,270.0,bad,31,71,2.289933114933469,8.952436527436907,38.054074529076296,7.9660728910730425,2.7887672145130087
66,270.0,bad,32,71,20.195993720995958,8.451931476931684,38.054074529076296,7.9660728910730425,7.525935888397055
66,270.0,bad,33,71,8.275791700792995,8.783749658749922,38.054074529076296,7.9660728910730425,3.6912277261736675
66,270.0,bad,34,71,12.253569478571244,8.68475975976014,38.054074529076296,7.9660728910730425,4.5570584092440125
66,270.0,bad,35,71,14.265185640186465,8.639810264810528,38.054074529076296,7.9660728910730425,5.115817940108334
66,270.0,bad,36,71,16.20710483210566,8.557992082992289,38.054074529076296,7.9660728910730425,5.758729412828781
66,270.0,bad,37,71,6.2192260442263985,8.792840567840774,38.054074529076296,7.9660728910730425,3.3372327826079866
66,270.0,bad,41,71,24.13791291291515,8.352941577941902,38.054074529076296,7.9660728910730425,10.21127430709842
66,270.0,bad,42,71,22.129832104833874,8.379709254709521,38.054074529076296,7.9660728910730425,8.69061986585373
66,270.0,bad,43,71,26.221751296751652,8.312537537537864,38.054074529076296,7.9660728910730425,12.253580180625638
66,270.0,bad,44,71,28.124276549277845,8.263042588042973,38.054074529076296,7.9660728910730425,14.704731842449577
66,270.0,bad,45,71,30.12478159978337,8.201426426426753,38.054074529076296,7.9660728910730425,18.169232250960988
66,270.0,bad,62,71,-3.681279006277711,9.09082036582057,38.054074529076296,7.9660728910730425,2.1821673805733437
66,270.0,bad,66,71,-1.6676426426404067,9.04031531531552,38.054074529076296,7.9660728910730425,2.362493728147029
66,270.0,bad,70,71,-5.6388547638539395,9.170618345618488,38.054074529076296,7.9660728910730425,2.025949919785466
66,270.0,bad,72,71,35.83841796341879,8.105466830467158,38.054074529076296,7.9660728910730425,38.46161473822243
66,270.0,bad,73,71,32.144478569479865,8.174658749659136,38.054074529076296,7.9660728910730425,23.075153627128802
66,270.0,bad,27,72,4.30963008463232,8.920113295113557,35.83841796341879,8.105466830467158,3.386603799778374
66,270.0,bad,28,72,18.183367458369695,8.53779006279027,35.83841796341879,8.105466830467158,7.636845246158942
66,270.0,bad,29,72,10.20963008463091,8.737790062790445,35.83841796341879,8.105466830467158,4.601090831595626
66,270.0,bad,30,72,0.32882200382329885,8.997386022386225,35.83841796341879,8.105466830467158,2.8200508692832518
66,270.0,bad,31,72,2.289933114933469,8.952436527436907,35.83841796341879,8.105466830467158,3.0797594958564276
66,270.0,bad,32,72,20.195993720995958,8.451931476931684,35.83841796341879,8.105466830467158,8.882694785157248
66,270.0,bad,33,72,8.275791700792995,8.783749658749922,35.83841796341879,8.105466830467158,4.139529706917379
66,270.0,bad,34,72,12.253569478571244,8.68475975976014,35.83841796341879,8.105466830467158,5.178167746324318
66,270.0,bad,35,72,14.265185640186465,8.639810264810528,35.83841796341879,8.105466830467158,5.859017719749135
66,270.0,bad,36,72,16.20710483210566,8.557992082992289,35.83841796341879,8.105466830467158,6.652135792718822
66,270.0,bad,37,72,6.2192260442263985,8.792840567840774,35.83841796341879,8.105466830467158,3.7209315025055805
66,270.0,bad,41,72,24.13791291291515,8.352941577941902,35.83841796341879,8.105466830467158,12.402899332517507
66,270.0,bad,42,72,22.129832104833874,8.379709254709521,35.83841796341879,8.105466830467158,10.390862574031036
66,270.0,bad,43,72,26.221751296751652,8.312537537537864,35.83841796341879,8.105466830467158,15.177927606350176
66,270.0,bad,44,72,28.124276549277845,8.263042588042973,35.83841796341879,8.105466830467158,18.613270430348337
66,270.0,bad,45,72,30.12478159978337,8.201426426426753,35.83841796341879,8.105466830467158,23.654267538562905
66,270.0,bad,62,72,-3.681279006277711,9.09082036582057,35.83841796341879,8.105466830467158,2.381809072388506
66,270.0,bad,64,72,-7.666127491126196,9.179204204204407,35.83841796341879,8.105466830467158,2.040241345105984
66,270.0,bad,66,72,-1.6676426426404067,9.04031531531552,35.83841796341879,8.105466830467158,2.5880035340421634
66,270.0,bad,70,72,-5.6388547638539395,9.170618345618488,35.83841796341879,8.105466830467158,2.2041027795773713
66,270.0,bad,73,72,32.144478569479865,8.174658749659136,35.83841796341879,8.105466830467158,31.146273943624177
66,270.0,bad,27,73,4.30963008463232,8.920113295113557,32.144478569479865,8.174658749659136,4.080176063832018
66,270.0,bad,28,73,18.183367458369695,8.53779006279027,32.144478569479865,8.174658749659136,10.172998861401247
66,270.0,bad,29,73,10.20963008463091,8.737790062790445,32.144478569479865,8.174658749659136,5.727079107358497
66,270.0,bad,30,73,0.32882200382329885,8.997386022386225,32.144478569479865,8.174658749659136,3.3402968311019956
66,270.0,bad,31,73,2.289933114933469,8.952436527436907,32.144478569479865,8.174658749659136,3.6771147367402035
66,270.0,bad,32,73,20.195993720995958,8.451931476931684,32.144478569479865,8.174658749659136,12.124220085794581
66,270.0,bad,33,73,8.275791700792995,8.783749658749922,32.144478569479865,8.174658749659136,5.091739591822853
66,270.0,bad,34,73,12.253569478571244,8.68475975976014,32.144478569479865,8.174658749659136,6.537092865316431
66,270.0,bad,35,73,14.265185640186465,8.639810264810528,32.144478569479865,8.174658749659136,7.51448794150703
66,270.0,bad,36,73,16.20710483210566,8.557992082992289,32.144478569479865,8.174658749659136,8.681822493818395
66,270.0,bad,37,73,6.2192260442263985,8.792840567840774,32.144478569479865,8.174658749659136,4.525465338278839
66,270.0,bad,41,73,24.13791291291515,8.352941577941902,32.144478569479865,8.174658749659136,18.0136252743241
66,270.0,bad,42,73,22.129832104833874,8.379709254709521,32.144478569479865,8.174658749659136,14.580319994937485
66,270.0,bad,43,73,26.221751296751652,8.312537537537864,32.144478569479865,8.174658749659136,23.03710962634773
66,270.0,bad,44,73,28.124276549277845,8.263042588042973,32.144478569479865,8.174658749659136,29.713537485094527
66,270.0,bad,45,73,30.12478159978337,8.201426426426753,32.144478569479865,8.174658749659136,40.427404929600016
66,270.0,bad,62,73,-3.681279006277711,9.09082036582057,32.144478569479865,8.174658749659136,2.781272843695151
66,270.0,bad,64,73,-7.666127491126196,9.179204204204407,32.144478569479865,8.174658749659136,2.3540693349035764
66,270.0,bad,65,73,-11.67016789516566,9.269103194103337,32.144478569479865,8.174658749659136,2.016795756732336
66,270.0,bad,66,73,-1.6676426426404067,9.04031531531552,32.144478569479865,8.174658749659136,3.0428065391753014
66,270.0,bad,67,73,-9.606026481025657,9.256981981982301,32.144478569479865,8.174658749659136,2.1808897775051794
66,270.0,bad,70,73,-5.6388547638539395,9.170618345618488,32.144478569479865,8.174658749659136,2.5580558185325604
66,235.0,good,2,6,-26.513543709570996,-6.7704359869597,-7.624720165242383,-6.947581163956673,6.998471358874447
66,235.0,good,4,6,-24.799567449704167,-5.599274872151052,-7.624720165242383,-6.947581163956673,3.748182477356557
66,235.0,good,59,7,-15.64368447173126,-12.23944674094904,4.100861814169024,-11.8063104528732,6.601584772613584
66,235.0,good,60,7,-12.982170758496203,-10.478182544445922,4.100861814169024,-11.8063104528732,3.9287955872718565
66,235.0,good,27,9,-1.5861245017029182,9.778831306916349,16.625623994548942,9.070870217642435,7.338425590041285
66,235.0,good,30,9,-4.891333394555947,7.558831706641653,16.625623994548942,9.070870217642435,3.2166678755413223
66,235.0,good,31,9,-3.259103247683387,8.646858358363174,16.625623994548942,9.070870217642435,6.539797624722111
66,235.0,good,2,10,-26.513543709570996,-6.7704359869597,9.253316251852521,-8.410000633479203,2.78843591931964
66,235.0,good,6,10,-7.624720165242383,-6.947581163956673,9.253316251852521,-8.410000633479203,2.5584807148897317
66,235.0,good,8,10,-10.324048291060546,-8.727924663332102,9.253316251852521,-8.410000633479203,6.6764246792179405
66,235.0,good,3,11,-21.4840461949425,-3.4503566868023183,-2.344874260383412,-3.528042030961811,6.878733593355769
66,235.0,good,5,11,-23.152067251980615,-4.529533998377414,-2.344874260383412,-3.528042030961811,6.154016318581433
66,235.0,good,68,11,-19.872834736947357,-2.362250211733702,-2.344874260383412,-3.528042030961811,5.60605191124703
66,235.0,good,64,12,-11.544699242122167,3.122053801847197,5.6236153241315385,1.7408118216671513,3.421312921835696
66,235.0,good,65,12,-14.876181066764602,0.8990715172478616,5.6236153241315385,1.7408118216671513,6.278689721498807
66,235.0,good,67,12,-13.178382966017608,2.0730852780066877,5.6236153241315385,1.7408118216671513,7.040729533961502
66,235.0,good,2,13,-26.513543709570996,-6.7704359869597,-4.9831861356301275,-5.21942003003831,2.928295312386029
66,235.0,good,4,13,-24.799567449704167,-5.599274872151052,-4.9831861356301275,-5.21942003003831,6.5698133942882135
66,235.0,good,5,13,-23.152067251980615,-4.529533998377414,-4.9831861356301275,-5.21942003003831,7.360777804844249
66,235.0,good,63,14,-18.183052539748765,-1.2666024801325584,2.9629187338478338,0.05410611952702804,4.595041119254873
66,235.0,good,65,14,-14.876181066764602,0.8990715172478616,2.9629187338478338,0.05410611952702804,7.536201920318327
66,235.0,good,69,14,-16.537712751719194,-0.13301974231609215,2.9629187338478338,0.05410611952702804,6.711201476726611
66,235.0,good,62,15,-8.229807572525411,5.335269193291229,10.925489730286202,5.336695764024951,6.871126643822473
66,235.0,good,66,15,-6.551364721910845,6.448872247485062,10.925489730286202,5.336695764024951,6.105560639470841
66,235.0,good,70,15,-9.879129997075054,4.277816544655053,10.925489730286202,5.336695764024951,6.123045702955515
66,235.0,good,8,16,-10.324048291060546,-8.727924663332102,7.513017703779312,-9.526839579845355,7.537303166468436
66,235.0,good,60,16,-12.982170758496203,-10.478182544445922,7.513017703779312,-9.526839579845355,6.280587328391622
66,235.0,good,63,17,-18.183052539748765,-1.2666024801325584,0.28767352180555483,-1.7439013001463097,7.205528107265656
66,235.0,good,68,17,-19.872834736947357,-2.362250211733702,0.28767352180555483,-1.7439013001463097,6.420747482666946
66,235.0,good,64,18,-11.544699242122167,3.122053801847197,8.254460614515153,3.568768810937387,6.577409209444498
66,235.0,good,67,18,-13.178382966017608,2.0730852780066877,8.254460614515153,3.568768810937387,3.3247661064447187
66,235.0,good,70,18,-9.879129997075054,4.277816544655053,8.254460614515153,3.568768810937387,7.379255964383788
66,235.0,good,2,19,-26.513543709570996,-6.7704359869597,10.94830505277418,-7.266315395475294,2.592827353738719
66,235.0,good,4,19,-24.799567449704167,-5.599274872151052,10.94830505277418,-7.266315395475294,2.7907510564836384
66,235.0,good,6,19,-7.624720165242383,-6.947581163956673,10.94830505277418,-7.266315395475294,7.154024992131408
66,235.0,good,8,19,-10.324048291060546,-8.727924663332102,10.94830505277418,-7.266315395475294,3.5559395499651987
66,235.0,good,59,20,-15.64368447173126,-12.23944674094904,5.829069978244327,-10.626417157099986,2.4590177902298733
66,235.0,good,60,20,-12.982170758496203,-10.478182544445922,5.829069978244327,-10.626417157099986,7.03621302391588
66,235.0,good,30,21,-4.891333394555947,7.558831706641653,14.722410014788991,7.805429699852338,6.660031508289355
66,235.0,good,31,21,-3.259103247683387,8.646858358363174,14.722410014788991,7.805429699852338,7.459685300560598
66,235.0,good,66,21,-6.551364721910845,6.448872247485062,14.722410014788991,7.805429699852338,4.344261356533067
66,235.0,good,2,22,-26.513543709570996,-6.7704359869597,12.61434166045477,-6.198392455461097,2.419952045198654
66,235.0,good,4,22,-24.799567449704167,-5.599274872151052,12.61434166045477,-6.198392455461097,2.598073159562791
66,235.0,good,5,22,-23.152067251980615,-4.529533998377414,12.61434166045477,-6.198392455461097,2.7884908822248575
66,235.0,good,6,22,-7.624720165242383,-6.947581163956673,12.61434166045477,-6.198392455461097,6.3874317996100825
66,235.0,good,13,22,-4.9831861356301275,-5.21942003003831,12.61434166045477,-6.198392455461097,7.193656414624305
66,235.0,good,30,23,-4.891333394555947,7.558831706641653,12.846704954602087,6.580830483706894,7.17494834888263
66,235.0,good,62,23,-8.229807572525411,5.335269193291229,12.846704954602087,6.580830483706894,5.118221681727082
66,235.0,good,66,23,-6.551364721910845,6.448872247485062,12.846704954602087,6.580830483706894,6.75811024588206
66,235.0,good,3,24,-21.4840461949425,-3.4503566868023183,16.04552492068462,-3.880936361189213,2.585443854589682
66,235.0,good,4,24,-24.799567449704167,-5.599274872151052,16.04552492068462,-3.880936361189213,2.2592527556302753
66,235.0,good,5,24,-23.152067251980615,-4.529533998377414,16.04552492068462,-3.880936361189213,2.4130993677424053
66,235.0,good,11,24,-2.344874260383412,-3.528042030961811,16.04552492068462,-3.880936361189213,7.246359967856794
66,235.0,good,13,24,-4.9831861356301275,-5.21942003003831,16.04552492068462,-3.880936361189213,4.454955608075245
66,235.0,good,68,24,-19.872834736947357,-2.362250211733702,16.04552492068462,-3.880936361189213,2.770066347669279
66,235.0,good,2,25,-26.513543709570996,-6.7704359869597,14.351575125017575,-5.057804485124972,2.2574740932135877
66,235.0,good,3,25,-21.4840461949425,-3.4503566868023183,14.351575125017575,-5.057804485124972,2.7800759225561325
66,235.0,good,4,25,-24.799567449704167,-5.599274872151052,14.351575125017575,-5.057804485124972,2.417662454291884
66,235.0,good,5,25,-23.152067251980615,-4.529533998377414,14.351575125017575,-5.057804485124972,2.588267031506278
66,235.0,good,13,25,-4.9831861356301275,-5.21942003003831,14.351575125017575,-5.057804485124972,6.787311569479707
66,235.0,good,27,26,-1.5861245017029182,9.778831306916349,18.533269083979032,10.307969237873031,6.438288812734257
66,235.0,good,31,26,-3.259103247683387,8.646858358363174,18.533269083979032,10.307969237873031,2.183751320238144
66,235.0,good,37,26,0.05112556971837279,10.76987483756294,18.533269083979032,10.307969237873031,7.199752398209807
66,235.0,good,29,38,3.3514488694608717,13.013581832907859,23.805822647089247,13.801320979497811,6.297432985144782
66,235.0,good,34,38,5.056162934640639,14.142497425465134,23.805822647089247,13.801320979497811,7.066388077475909
66,235.0,good,35,38,6.7297643968814995,15.25949258407283,23.805822647089247,13.801320979497811,2.6555254885467146
66,235.0,good,29,39,3.3514488694608717,13.013581832907859,20.438628018403737,11.620536577961195,3.2849319709713756
66,235.0,good,33,39,1.7409798627489552,11.94202560121214,20.438628018403737,11.620536577961195,7.09202550264782
66,235.0,good,37,39,0.05112556971837279,10.76987483756294,20.438628018403737,11.620536577961195,6.325179988918641
66,235.0,good,29,40,3.3514488694608717,13.013581832907859,22.123900999810047,12.71117726420506,7.055197075984809
66,235.0,good,33,40,1.7409798627489552,11.94202560121214,22.123900999810047,12.71117726420506,6.327087626777706
66,235.0,good,34,40,5.056162934640639,14.142497425465134,22.123900999810047,12.71117726420506,2.908439468084919
66,235.0,good,53,46,-18.309745595207026,-14.02855718128595,2.405575600661945,-12.894097634554303,5.817970479634176
66,235.0,good,59,46,-15.64368447173126,-12.23944674094904,2.405575600661945,-12.894097634554303,7.42369436347337
66,235.0,good,0,47,-20.16111710960735,-15.287908302339375,-2.7274656443453518,-16.348950870340417,6.563714232942516
66,235.0,good,1,47,-22.051551903567507,-16.511723438302184,-2.7274656443453518,-16.348950870340417,6.79225411043711
66,235.0,good,0,48,-20.16111710960735,-15.287908302339375,-0.9936684889366543,-15.192888997721877,6.865402738854658
66,235.0,good,1,48,-22.051551903567507,-16.511723438302184,-0.9936684889366543,-15.192888997721877,4.602165615496064
66,235.0,good,53,48,-18.309745595207026,-14.02855718128595,-0.9936684889366543,-15.192888997721877,5.602569852425324
66,235.0,good,0,49,-20.16111710960735,-15.287908302339375,0.712774241915402,-13.998641486878567,4.8053775448623615
66,235.0,good,53,49,-18.309745595207026,-14.02855718128595,0.712774241915402,-13.998641486878567,6.934141001993304
66,235.0,good,1,52,-22.051551903567507,-16.511723438302184,-4.445178201787845,-17.430245245485878,7.545344446722053
91,165.0,bad,2,0,18.071635689010794,18.87587186098281,25.36264910816373,18.82063893524656,19.535386423641256
91,165.0,bad,3,0,22.931313945314166,18.820656622029567,25.36264910816373,18.82063893524656,37.7943909026531
91,165.0,bad,5,0,20.491785526784106,18.870765608347895,25.36264910816373,18.82063893524656,26.411345272461613
91,165.0,bad,7,0,13.186603424380417,18.967168588016673,25.36264910816373,18.82063893524656,11.876669924822657
91,165.0,bad,20,0,15.603723652614205,18.938244416610303,25.36264910816373,18.82063893524656,14.96016062240969
91,165.0,bad,4,1,21.047298021016978,8.97063851473206,25.992687537821407,8.845319255927953,26.14859900929854
91,165.0,bad,6,1,23.45092191951851,8.964764217320559,25.992687537821407,8.845319255927953,37.13176055369532
91,165.0,bad,8,1,11.323382679638566,9.111742330375986,25.992687537821407,8.845319255927953,9.59730016731485
91,165.0,bad,9,1,18.670409704209153,8.98210798939519,25.992687537821407,8.845319255927953,19.464932497079605
91,165.0,bad,11,1,-8.11706536178465,9.45030627725368,25.992687537821407,8.845319255927953,3.0018822453055765
91,165.0,bad,13,1,8.880575117938783,9.101888729299192,25.992687537821407,8.845319255927953,7.945773640916347
91,165.0,bad,16,1,1.5760415695569856,9.254412231578128,25.992687537821407,8.845319255927953,4.930895664241616
91,165.0,bad,17,1,-0.8380840745686828,9.309236403752976,25.992687537821407,8.845319255927953,4.305675213634826
91,165.0,bad,18,1,16.265464224350755,9.059260915966615,25.992687537821407,8.845319255927953,15.008281963282135
91,165.0,bad,22,1,13.826302315493365,9.102147973647277,25.992687537821407,8.845319255927953,11.887024262017972
91,165.0,bad,23,1,4.033690168026666,9.20497559878004,25.992687537821407,8.845319255927953,5.7184273764744225
91,165.0,bad,25,1,-13.003903860569405,9.474192080309304,25.992687537821407,8.845319255927953,2.4329386960239825
91,165.0,bad,26,1,-3.214311937606295,9.339706049751143,25.992687537821407,8.845319255927953,3.7995808332032457
91,165.0,bad,28,1,-5.673248932897989,9.378340122505582,25.992687537821407,8.845319255927953,3.3643456409578247
91,165.0,bad,33,1,6.464070933008475,9.159735640689293,25.992687537821407,8.845319255927953,6.6984867073309236
91,165.0,bad,34,1,-10.536898129777896,9.516672899139245,25.992687537821407,8.845319255927953,2.6977675806634087
91,165.0,bad,51,1,-15.469836376551866,9.513566042732933,25.992687537821407,8.845319255927953,2.2053663226493683
91,165.0,bad,7,2,13.186603424380417,18.967168588016673,18.071635689010794,18.87587186098281,26.361088628557937
91,165.0,bad,20,2,15.603723652614205,18.938244416610303,18.071635689010794,18.87587186098281,37.572962825248474
91,165.0,bad,2,3,18.071635689010794,18.87587186098281,22.931313945314166,18.820656622029567,26.451121459135962
91,165.0,bad,5,3,20.491785526784106,18.870765608347895,22.931313945314166,18.820656622029567,37.74462098862622
91,165.0,bad,7,3,13.186603424380417,18.967168588016673,22.931313945314166,18.820656622029567,14.981709102937518
91,165.0,bad,20,3,15.603723652614205,18.938244416610303,22.931313945314166,18.820656622029567,19.452998834742726
91,165.0,bad,8,4,11.323382679638566,9.111742330375986,21.047298021016978,8.97063851473206,15.013316576366659
91,165.0,bad,9,4,18.670409704209153,8.98210798939519,21.047298021016978,8.97063851473206,38.127642929315655
91,165.0,bad,11,4,-8.11706536178465,9.45030627725368,21.047298021016978,8.97063851473206,3.807858126446723
91,165.0,bad,13,4,8.880575117938783,9.101888729299192,21.047298021016978,8.97063851473206,11.88666209854317
91,165.0,bad,16,4,1.5760415695569856,9.254412231578128,21.047298021016978,8.97063851473206,6.724586723579554
91,165.0,bad,17,4,-0.8380840745686828,9.309236403752976,21.047298021016978,8.97063851473206,5.744862659406525
91,165.0,bad,18,4,16.265464224350755,9.059260915966615,21.047298021016978,8.97063851473206,26.73045013465756
91,165.0,bad,22,4,13.826302315493365,9.102147973647277,21.047298021016978,8.97063851473206,19.694564648484107
91,165.0,bad,23,4,4.033690168026666,9.20497559878004,21.047298021016978,8.97063851473206,8.00382749555174
91,165.0,bad,25,4,-13.003903860569405,9.474192080309304,21.047298021016978,8.97063851473206,3.0098675016672227
91,165.0,bad,26,4,-3.214311937606295,9.339706049751143,21.047298021016978,8.97063851473206,4.975621876389061
91,165.0,bad,28,4,-5.673248932897989,9.378340122505582,21.047298021016978,8.97063851473206,4.331562838627286
91,165.0,bad,33,4,6.464070933008475,9.159735640689293,21.047298021016978,8.97063851473206,9.664627415104878
91,165.0,bad,34,4,-10.536898129777896,9.516672899139245,21.047298021016978,8.97063851473206,3.3775849479622533
91,165.0,bad,51,4,-15.469836376551866,9.513566042732933,21.047298021016978,8.97063851473206,2.699212000173511
91,165.0,bad,2,5,18.071635689010794,18.87587186098281,20.491785526784106,18.870765608347895,37.86249521867862
91,165.0,bad,7,5,13.186603424380417,18.967168588016673,20.491785526784106,18.870765608347895,19.503410176403452
91,165.0,bad,20,5,15.603723652614205,18.938244416610303,20.491785526784106,18.870765608347895,26.35036115033923
91,165.0,bad,4,6,21.047298021016978,8.97063851473206,23.45092191951851,8.964764217320559,37.963454444080604
91,165.0,bad,8,6,11.323382679638566,9.111742330375986,23.45092191951851,8.964764217320559,11.928797407668718
91,165.0,bad,9,6,18.670409704209153,8.98210798939519,23.45092191951851,8.964764217320559,26.735230489137862
91,165.0,bad,11,6,-8.11706536178465,9.45030627725368,23.45092191951851,8.964764217320559,3.380219547859456
91,165.0,bad,13,6,8.880575117938783,9.101888729299192,23.45092191951851,8.964764217320559,9.674762868110218
91,165.0,bad,16,6,1.5760415695569856,9.254412231578128,23.45092191951851,8.964764217320559,5.748648777139756
91,165.0,bad,17,6,-0.8380840745686828,9.309236403752976,23.45092191951851,8.964764217320559,4.967674264353604
91,165.0,bad,18,6,16.265464224350755,9.059260915966615,23.45092191951851,8.964764217320559,19.776102111892982
91,165.0,bad,22,6,13.826302315493365,9.102147973647277,23.45092191951851,8.964764217320559,15.16562829548
91,165.0,bad,23,6,4.033690168026666,9.20497559878004,23.45092191951851,8.964764217320559,6.749308789710841
91,165.0,bad,25,6,-13.003903860569405,9.474192080309304,23.45092191951851,8.964764217320559,2.7064576180683
91,165.0,bad,26,6,-3.214311937606295,9.339706049751143,23.45092191951851,8.964764217320559,4.344641870366024
91,165.0,bad,28,6,-5.673248932897989,9.378340122505582,23.45092191951851,8.964764217320559,3.8156858229047006
91,165.0,bad,33,6,6.464070933008475,9.159735640689293,23.45092191951851,8.964764217320559,8.019706599777273
91,165.0,bad,34,6,-10.536898129777896,9.516672899139245,23.45092191951851,8.964764217320559,3.0185475570747045
91,165.0,bad,51,6,-15.469836376551866,9.513566042732933,23.45092191951851,8.964764217320559,2.440487241552768
91,165.0,bad,11,8,-8.11706536178465,9.45030627725368,11.323382679638566,9.111742330375986,6.738668182186126
91,165.0,bad,13,8,8.880575117938783,9.101888729299192,11.323382679638566,9.111742330375986,37.72472938353776
91,165.0,bad,16,8,1.5760415695569856,9.254412231578128,11.323382679638566,9.111742330375986,14.977717872303916
91,165.0,bad,17,8,-0.8380840745686828,9.309236403752976,11.323382679638566,9.111742330375986,11.892301208569906
91,165.0,bad,23,8,4.033690168026666,9.20497559878004,11.323382679638566,9.111742330375986,19.53837148829034
91,165.0,bad,25,8,-13.003903860569405,9.474192080309304,11.323382679638566,9.111742330375986,4.956600901427001
91,165.0,bad,26,8,-3.214311937606295,9.339706049751143,11.323382679638566,9.111742330375986,9.700528314308437
91,165.0,bad,28,8,-5.673248932897989,9.378340122505582,11.323382679638566,9.111742330375986,8.013896723671971
91,165.0,bad,33,8,6.464070933008475,9.159735640689293,11.323382679638566,9.111742330375986,26.452426325957433
91,165.0,bad,34,8,-10.536898129777896,9.516672899139245,11.323382679638566,9.111742330375986,5.753918464544666
91,165.0,bad,51,8,-15.469836376551866,9.513566042732933,11.323382679638566,9.111742330375986,4.314468770035136
91,165.0,bad,8,9,11.323382679638566,9.111742330375986,18.670409704209153,8.98210798939519,19.409430458845954
91,165.0,bad,11,9,-8.11706536178465,9.45030627725368,18.670409704209153,8.98210798939519,4.315816196082927
91,165.0,bad,13,9,8.880575117938783,9.101888729299192,18.670409704209153,8.98210798939519,14.913465492160327
91,165.0,bad,16,9,1.5760415695569856,9.254412231578128,18.670409704209153,8.98210798939519,7.9561845308468495
91,165.0,bad,17,9,-0.8380840745686828,9.309236403752976,18.670409704209153,8.98210798939519,6.707625665318109
91,165.0,bad,18,9,16.265464224350755,9.059260915966615,18.670409704209153,8.98210798939519,37.95536587631552
91,165.0,bad,22,9,13.826302315493365,9.102147973647277,18.670409704209153,8.98210798939519,26.506642874448836
91,165.0,bad,23,9,4.033690168026666,9.20497559878004,18.670409704209153,8.98210798939519,9.622704355560805
91,165.0,bad,25,9,-13.003903860569405,9.474192080309304,18.670409704209153,8.98210798939519,3.362993220013256
91,165.0,bad,26,9,-3.214311937606295,9.339706049751143,18.670409704209153,8.98210798939519,5.745100657752047
91,165.0,bad,28,9,-5.673248932897989,9.378340122505582,18.670409704209153,8.98210798939519,4.951876267487774
91,165.0,bad,33,9,6.464070933008475,9.159735640689293,18.670409704209153,8.98210798939519,11.84428857607138
91,165.0,bad,34,9,-10.536898129777896,9.516672899139245,18.670409704209153,8.98210798939519,3.7995210673723725
91,165.0,bad,51,9,-15.469836376551866,9.513566042732933,18.670409704209153,8.98210798939519,2.9977361279075865
91,165.0,bad,14,10,-5.799835445399629,-12.256250128818813,-3.3403286581700176,-12.336038000147994,37.62367376324456
91,165.0,bad,43,10,-20.459182035687256,-12.101143697728372,-3.3403286581700176,-12.336038000147994,7.941823955747168
91,165.0,bad,46,10,-17.95144900800524,-12.163826452813055,-3.3403286581700176,-12.336038000147994,9.642732823176301
91,165.0,bad,49,10,-10.708741265203416,-12.224159844148248,-3.3403286581700176,-12.336038000147994,19.361662543432885
91,165.0,bad,50,10,-13.138519727528285,-12.192875902008087,-3.3403286581700176,-12.336038000147994,14.900878703714968
91,165.0,bad,53,10,-8.238040441676306,-12.197420664451435,-3.3403286581700176,-12.336038000147994,26.316235608644256
91,165.0,bad,54,10,-15.54132178574927,-12.221290599171262,-3.3403286581700176,-12.336038000147994,11.84999309279941
91,165.0,bad,25,11,-13.003903860569405,9.474192080309304,-8.11706536178465,9.45030627725368,26.354692185137463
91,165.0,bad,34,11,-10.536898129777896,9.516672899139245,-8.11706536178465,9.45030627725368,37.864428450227926
91,165.0,bad,51,11,-15.469836376551866,9.513566042732933,-8.11706536178465,9.45030627725368,19.396583043724487
91,165.0,bad,30,12,-11.39381196276225,-0.8199508983348527,-8.963664476051195,-0.887736633733549,37.80161360708979
91,165.0,bad,45,12,-13.846595888614422,-0.8120858545741969,-8.963664476051195,-0.887736633733549,26.36853133654786
91,165.0,bad,47,12,-18.709395090105442,-0.7315635324744636,-8.963664476051195,-0.887736633733549,14.980161189221516
91,165.0,bad,52,12,-16.344492653869594,-0.758793416343734,-8.963664476051195,-0.887736633733549,19.334011359911205
91,165.0,bad,11,13,-8.11706536178465,9.45030627725368,8.880575117938783,9.101888729299192,8.013297796785203
91,165.0,bad,16,13,1.5760415695569856,9.254412231578128,8.880575117938783,9.101888729299192,19.5048721345788
91,165.0,bad,17,13,-0.8380840745686828,9.309236403752976,8.880575117938783,9.101888729299192,15.021321455756196
91,165.0,bad,23,13,4.033690168026666,9.20497559878004,8.880575117938783,9.101888729299192,26.49672605537815
91,165.0,bad,25,13,-13.003903860569405,9.474192080309304,8.880575117938783,9.101888729299192,5.745188106597124
91,165.0,bad,26,13,-3.214311937606295,9.339706049751143,8.880575117938783,9.101888729299192,11.964080602061019
91,165.0,bad,28,13,-5.673248932897989,9.378340122505582,8.880575117938783,9.101888729299192,9.68778792517526
91,165.0,bad,33,13,6.464070933008475,9.159735640689293,8.880575117938783,9.101888729299192,37.884732359749925
91,165.0,bad,34,13,-10.536898129777896,9.516672899139245,8.880575117938783,9.101888729299192,6.74919797625729
91,165.0,bad,51,13,-15.469836376551866,9.513566042732933,8.880575117938783,9.101888729299192,4.949929506101994
91,165.0,bad,43,14,-20.459182035687256,-12.101143697728372,-5.799835445399629,-12.256250128818813,9.605053153264265
91,165.0,bad,46,14,-17.95144900800524,-12.163826452813055,-5.799835445399629,-12.256250128818813,11.902883117888631
91,165.0,bad,49,14,-10.708741265203416,-12.224159844148248,-5.799835445399629,-12.256250128818813,26.27673246753392
91,165.0,bad,50,14,-13.138519727528285,-12.192875902008087,-5.799835445399629,-12.256250128818813,19.428113172426958
91,165.0,bad,53,14,-8.238040441676306,-12.197420664451435,-5.799835445399629,-12.256250128818813,37.75265345453612
91,165.0,bad,54,14,-15.54132178574927,-12.221290599171262,-5.799835445399629,-12.256250128818813,14.986603129583525
91,165.0,bad,12,15,-8.963664476051195,-0.887736633733549,-6.494590403912126,-0.888099545402427,37.565960045244736
91,165.0,bad,30,15,-11.39381196276225,-0.8199508983348527,-6.494590403912126,-0.888099545402427,26.310902499064508
91,165.0,bad,45,15,-13.846595888614422,-0.8120858545741969,-6.494590403912126,-0.888099545402427,19.398294545606397
91,165.0,bad,47,15,-18.709395090105442,-0.7315635324744636,-6.494590403912126,-0.888099545402427,11.835262736320747
91,165.0,bad,52,15,-16.344492653869594,-0.758793416343734,-6.494590403912126,-0.888099545402427,14.823342971131831
91,165.0,bad,11,16,-8.11706536178465,9.45030627725368,1.5760415695569856,9.254412231578128,15.06032776832573
91,165.0,bad,17,16,-0.8380840745686828,9.309236403752976,1.5760415695569856,9.254412231578128,37.89925114535399
91,165.0,bad,25,16,-13.003903860569405,9.474192080309304,1.5760415695569856,9.254412231578128,9.667208227826322
91,165.0,bad,26,16,-3.214311937606295,9.339706049751143,1.5760415695569856,9.254412231578128,26.6996638380328
91,165.0,bad,28,16,-5.673248932897989,9.378340122505582,1.5760415695569856,9.254412231578128,19.630005858314583
91,165.0,bad,34,16,-10.536898129777896,9.516672899139245,1.5760415695569856,9.254412231578128,11.944554014850194
91,165.0,bad,51,16,-15.469836376551866,9.513566042732933,1.5760415695569856,9.254412231578128,7.984739176679774
91,165.0,bad,11,17,-8.11706536178465,9.45030627725368,-0.8380840745686828,9.309236403752976,19.562602632946856
91,165.0,bad,25,17,-13.003903860569405,9.474192080309304,-0.8380840745686828,9.309236403752976,11.887630730999053
91,165.0,bad,26,17,-3.214311937606295,9.339706049751143,-0.8380840745686828,9.309236403752976,38.13171237886097
91,165.0,bad,28,17,-5.673248932897989,9.378340122505582,-0.8380840745686828,9.309236403752976,26.53860853220145
91,165.0,bad,34,17,-10.536898129777896,9.516672899139245,-0.8380840745686828,9.309236403752976,15.051602501416673
91,165.0,bad,51,17,-15.469836376551866,9.513566042732933,-0.8380840745686828,9.309236403752976,9.626585772121752
91,165.0,bad,8,18,11.323382679638566,9.111742330375986,16.265464224350755,9.059260915966615,26.160178173867205
91,165.0,bad,11,18,-8.11706536178465,9.45030627725368,16.265464224350755,9.059260915966615,4.940685972506451
91,165.0,bad,13,18,8.880575117938783,9.101888729299192,16.265464224350755,9.059260915966615,19.324979968448257
91,165.0,bad,16,18,1.5760415695569856,9.254412231578128,16.265464224350755,9.059260915966615,9.581666114404348
91,165.0,bad,17,18,-0.8380840745686828,9.309236403752976,16.265464224350755,9.059260915966615,7.950795811207574
91,165.0,bad,22,18,13.826302315493365,9.102147973647277,16.265464224350755,9.059260915966615,37.74684524980799
91,165.0,bad,23,18,4.033690168026666,9.20497559878004,16.265464224350755,9.059260915966615,11.817202071914796
91,165.0,bad,25,18,-13.003903860569405,9.474192080309304,16.265464224350755,9.059260915966615,3.787521235595978
91,165.0,bad,26,18,-3.214311937606295,9.339706049751143,16.265464224350755,9.059260915966615,6.720700448927907
91,165.0,bad,28,18,-5.673248932897989,9.378340122505582,16.265464224350755,9.059260915966615,5.725693206470482
91,165.0,bad,33,18,6.464070933008475,9.159735640689293,16.265464224350755,9.059260915966615,14.896059642507891
91,165.0,bad,34,18,-10.536898129777896,9.516672899139245,16.265464224350755,9.059260915966615,4.312325235189364
91,165.0,bad,51,18,-15.469836376551866,9.513566042732933,16.265464224350755,9.059260915966615,3.3531718394394563
91,165.0,bad,12,19,-8.963664476051195,-0.887736633733549,-1.6509289607682798,-0.9889129503714438,19.486395514245338
91,165.0,bad,15,19,-6.494590403912126,-0.888099545402427,-1.6509289607682798,-0.9889129503714438,26.50823556741387
91,165.0,bad,21,19,-4.100746457620675,-0.9316264458830603,-1.6509289607682798,-0.9889129503714438,37.682259129286464
91,165.0,bad,30,19,-11.39381196276225,-0.8199508983348527,-1.6509289607682798,-0.9889129503714438,14.984482823911435
91,165.0,bad,45,19,-13.846595888614422,-0.8120858545741969,-1.6509289607682798,-0.9889129503714438,11.855680959987547
91,165.0,bad,47,19,-18.709395090105442,-0.7315635324744636,-1.6509289607682798,-0.9889129503714438,7.977311558365244
91,165.0,bad,52,19,-16.344492653869594,-0.758793416343734,-1.6509289607682798,-0.9889129503714438,9.578452749174703
91,165.0,bad,7,20,13.186603424380417,18.967168588016673,15.603723652614205,18.938244416610303,37.8809733469833
91,165.0,bad,12,21,-8.963664476051195,-0.887736633733549,-4.100746457620675,-0.9316264458830603,26.439591286979198
91,165.0,bad,15,21,-6.494590403912126,-0.888099545402427,-4.100746457620675,-0.9316264458830603,38.02339182269858
91,165.0,bad,30,21,-11.39381196276225,-0.8199508983348527,-4.100746457620675,-0.9316264458830603,19.5307503555934
91,165.0,bad,45,21,-13.846595888614422,-0.8120858545741969,-4.100746457620675,-0.9316264458830603,14.979980909152344
91,165.0,bad,47,21,-18.709395090105442,-0.7315635324744636,-4.100746457620675,-0.9316264458830603,9.64466997196832
91,165.0,bad,52,21,-16.344492653869594,-0.758793416343734,-4.100746457620675,-0.9316264458830603,11.804484868418937
91,165.0,bad,8,22,11.323382679638566,9.111742330375986,13.826302315493365,9.102147973647277,37.362852254814236
91,165.0,bad,11,22,-8.11706536178465,9.45030627725368,13.826302315493365,9.102147973647277,5.724024727908858
91,165.0,bad,13,22,8.880575117938783,9.101888729299192,13.826302315493365,9.102147973647277,26.147417430287767
91,165.0,bad,16,22,1.5760415695569856,9.254412231578128,13.826302315493365,9.102147973647277,11.797573520605045
91,165.0,bad,17,22,-0.8380840745686828,9.309236403752976,13.826302315493365,9.102147973647277,9.601128255375507
91,165.0,bad,23,22,4.033690168026666,9.20497559878004,13.826302315493365,9.102147973647277,14.909280076286056
91,165.0,bad,25,22,-13.003903860569405,9.474192080309304,13.826302315493365,9.102147973647277,4.305807420544356
91,165.0,bad,26,22,-3.214311937606295,9.339706049751143,13.826302315493365,9.102147973647277,7.987848078428014
91,165.0,bad,28,22,-5.673248932897989,9.378340122505582,13.826302315493365,9.102147973647277,6.71169299756399
91,165.0,bad,33,22,6.464070933008475,9.159735640689293,13.826302315493365,9.102147973647277,19.375451103777593
91,165.0,bad,34,22,-10.536898129777896,9.516672899139245,13.826302315493365,9.102147973647277,4.946245761631041
91,165.0,bad,51,22,-15.469836376551866,9.513566042732933,13.826302315493365,9.102147973647277,3.782362474008179
91,165.0,bad,11,23,-8.11706536178465,9.45030627725368,4.033690168026666,9.20497559878004,11.903805277121975
91,165.0,bad,16,23,1.5760415695569856,9.254412231578128,4.033690168026666,9.20497559878004,37.63489853029214
91,165.0,bad,17,23,-0.8380840745686828,9.309236403752976,4.033690168026666,9.20497559878004,26.40811081623514
91,165.0,bad,25,23,-13.003903860569405,9.474192080309304,4.033690168026666,9.20497559878004,7.989632737367291
91,165.0,bad,26,23,-3.214311937606295,9.339706049751143,4.033690168026666,9.20497559878004,19.63293862485943
91,165.0,bad,28,23,-5.673248932897989,9.378340122505582,4.033690168026666,9.20497559878004,15.039193699920759
91,165.0,bad,34,23,-10.536898129777896,9.516672899139245,4.033690168026666,9.20497559878004,9.67457268892537
91,165.0,bad,51,23,-15.469836376551866,9.513566042732933,4.033690168026666,9.20497559878004,6.709884456469776
91,165.0,bad,12,24,-8.963664476051195,-0.887736633733549,12.979082128497435,-1.2062579480816344,5.724247318049002
91,165.0,bad,15,24,-6.494590403912126,-0.888099545402427,12.979082128497435,-1.2062579480816344,6.723484283431643
91,165.0,bad,19,24,-1.6509289607682798,-0.9889129503714438,12.979082128497435,-1.2062579480816344,9.627946918570442
91,165.0,bad,21,24,-4.100746457620675,-0.9316264458830603,12.979082128497435,-1.2062579480816344,7.964730403706463
91,165.0,bad,29,24,10.525971074014604,-1.142533815092079,12.979082128497435,-1.2062579480816344,37.66232960651643
91,165.0,bad,30,24,-11.39381196276225,-0.8199508983348527,12.979082128497435,-1.2062579480816344,4.943456331426697
91,165.0,bad,31,24,3.201063325068036,-1.1188661182357147,12.979082128497435,-1.2062579480816344,14.931290018304527
91,165.0,bad,35,24,0.7987740747535115,-1.0321127222222504,12.979082128497435,-1.2062579480816344,11.872105705341879
91,165.0,bad,37,24,5.629321953197825,-1.1034992905206185,12.979082128497435,-1.2062579480816344,19.40331570913065
91,165.0,bad,38,24,8.129809252743563,-1.0923078527294754,12.979082128497435,-1.2062579480816344,26.4882048126256
91,165.0,bad,45,24,-13.846595888614422,-0.8120858545741969,12.979082128497435,-1.2062579480816344,4.306866387014525
91,165.0,bad,47,24,-18.709395090105442,-0.7315635324744636,12.979082128497435,-1.2062579480816344,3.360708455328592
91,165.0,bad,52,24,-16.344492653869594,-0.758793416343734,12.979082128497435,-1.2062579480816344,3.7770864004210716
91,165.0,bad,51,25,-15.469836376551866,9.513566042732933,-13.003903860569405,9.474192080309304,37.584896525694646
91,165.0,bad,11,26,-8.11706536178465,9.45030627725368,-3.214311937606295,9.339706049751143,26.298432917085883
91,165.0,bad,25,26,-13.003903860569405,9.474192080309304,-3.214311937606295,9.339706049751143,14.913831237251104
91,165.0,bad,28,26,-5.673248932897989,9.378340122505582,-3.214311937606295,9.339706049751143,37.62711517340723
91,165.0,bad,34,26,-10.536898129777896,9.516672899139245,-3.214311937606295,9.339706049751143,19.464239514512947
91,165.0,bad,51,26,-15.469836376551866,9.513566042732933,-3.214311937606295,9.339706049751143,11.791993651041635
91,165.0,bad,10,27,-3.3403286581700176,-12.336038000147994,3.982635269609051,-12.44806815762297,19.46339066945307
91,165.0,bad,14,27,-5.799835445399629,-12.256250128818813,3.982635269609051,-12.44806815762297,14.924570402311362
91,165.0,bad,32,27,1.4752293705582624,-12.441244491767035,3.982635269609051,-12.44806815762297,37.33605380776493
91,165.0,bad,36,27,-0.9370850099871224,-12.377569124855992,3.982635269609051,-12.44806815762297,26.238653244527043
91,165.0,bad,43,27,-20.459182035687256,-12.101143697728372,3.982635269609051,-12.44806815762297,4.923690940935012
91,165.0,bad,46,27,-17.95144900800524,-12.163826452813055,3.982635269609051,-12.44806815762297,5.7273532174671775
91,165.0,bad,49,27,-10.708741265203416,-12.224159844148248,3.982635269609051,-12.44806815762297,9.580149740037156
91,165.0,bad,50,27,-13.138519727528285,-12.192875902008087,3.982635269609051,-12.44806815762297,7.940476057236394
91,165.0,bad,53,27,-8.238040441676306,-12.197420664451435,3.982635269609051,-12.44806815762297,11.82900946608637
91,165.0,bad,54,27,-15.54132178574927,-12.221290599171262,3.982635269609051,-12.44806815762297,6.700601220165383
91,165.0,bad,11,28,-8.11706536178465,9.45030627725368,-5.673248932897989,9.378340122505582,37.71861265897451
91,165.0,bad,25,28,-13.003903860569405,9.474192080309304,-5.673248932897989,9.378340122505582,19.446119571413828
91,165.0,bad,34,28,-10.536898129777896,9.516672899139245,-5.673248932897989,9.378340122505582,26.436990097512407
91,165.0,bad,51,28,-15.469836376551866,9.513566042732933,-5.673248932897989,9.378340122505582,14.903292897575596
91,165.0,bad,12,29,-8.963664476051195,-0.887736633733549,10.525971074014604,-1.142533815092079,6.716207282699584
91,165.0,bad,15,29,-6.494590403912126,-0.888099545402427,10.525971074014604,-1.142533815092079,7.99970852466069
91,165.0,bad,19,29,-1.6509289607682798,-0.9889129503714438,10.525971074014604,-1.142533815092079,11.875754860106172
91,165.0,bad,21,29,-4.100746457620675,-0.9316264458830603,10.525971074014604,-1.142533815092079,9.630522358715615
91,165.0,bad,30,29,-11.39381196276225,-0.8199508983348527,10.525971074014604,-1.142533815092079,5.732486498391477
91,165.0,bad,31,29,3.201063325068036,-1.1188661182357147,10.525971074014604,-1.142533815092079,19.4590234048294
91,165.0,bad,35,29,0.7987740747535115,-1.0321127222222504,10.525971074014604,-1.142533815092079,15.008322002557877
91,165.0,bad,37,29,5.629321953197825,-1.1034992905206185,10.525971074014604,-1.142533815092079,26.31999031602094
91,165.0,bad,38,29,8.129809252743563,-1.0923078527294754,10.525971074014604,-1.142533815092079,38.009173675166615
91,165.0,bad,45,29,-13.846595888614422,-0.8120858545741969,10.525971074014604,-1.142533815092079,4.94355042703483
91,165.0,bad,47,29,-18.709395090105442,-0.7315635324744636,10.525971074014604,-1.142533815092079,3.7940887185715115
91,165.0,bad,52,29,-16.344492653869594,-0.758793416343734,10.525971074014604,-1.142533815092079,4.296409836936295
91,165.0,bad,45,30,-13.846595888614422,-0.8120858545741969,-11.39381196276225,-0.8199508983348527,37.66430837499276
91,165.0,bad,47,30,-18.709395090105442,-0.7315635324744636,-11.39381196276225,-0.8199508983348527,19.479986820789712
91,165.0,bad,52,30,-16.344492653869594,-0.758793416343734,-11.39381196276225,-0.8199508983348527,26.130093856902576
91,165.0,bad,12,31,-8.963664476051195,-0.887736633733549,3.201063325068036,-1.1188661182357147,11.888802090550172
91,165.0,bad,15,31,-6.494590403912126,-0.888099545402427,3.201063325068036,-1.1188661182357147,15.056433190578995
91,165.0,bad,19,31,-1.6509289607682798,-0.9889129503714438,3.201063325068036,-1.1188661182357147,26.47850568334168
91,165.0,bad,21,31,-4.100746457620675,-0.9316264458830603,3.201063325068036,-1.1188661182357147,19.51101379074246
91,165.0,bad,30,31,-11.39381196276225,-0.8199508983348527,3.201063325068036,-1.1188661182357147,9.65547519522306
91,165.0,bad,35,31,0.7987740747535115,-1.0321127222222504,3.201063325068036,-1.1188661182357147,37.971625610046004
91,165.0,bad,45,31,-13.846595888614422,-0.8120858545741969,3.201063325068036,-1.1188661182357147,7.983687515349028
91,165.0,bad,47,31,-18.709395090105442,-0.7315635324744636,3.201063325068036,-1.1188661182357147,5.735837191546291
91,165.0,bad,52,31,-16.344492653869594,-0.758793416343734,3.201063325068036,-1.1188661182357147,6.6908080131074925
91,165.0,bad,10,32,-3.3403286581700176,-12.336038000147994,1.4752293705582624,-12.441244491767035,26.608897114051004
91,165.0,bad,14,32,-5.799835445399629,-12.256250128818813,1.4752293705582624,-12.441244491767035,19.571473807289962
91,165.0,bad,36,32,-0.9370850099871224,-12.377569124855992,1.4752293705582624,-12.441244491767035,37.91031282809184
91,165.0,bad,43,32,-20.459182035687256,-12.101143697728372,1.4752293705582624,-12.441244491767035,5.727235878738211
91,165.0,bad,46,32,-17.95144900800524,-12.163826452813055,1.4752293705582624,-12.441244491767035,6.744976124746241
91,165.0,bad,49,32,-10.708741265203416,-12.224159844148248,1.4752293705582624,-12.441244491767035,11.868185850588246
91,165.0,bad,50,32,-13.138519727528285,-12.192875902008087,1.4752293705582624,-12.441244491767035,9.640673245551955
91,165.0,bad,53,32,-8.238040441676306,-12.197420664451435,1.4752293705582624,-12.441244491767035,15.02953589003955
91,165.0,bad,54,32,-15.54132178574927,-12.221290599171262,1.4752293705582624,-12.441244491767035,8.002083645373236
91,165.0,bad,11,33,-8.11706536178465,9.45030627725368,6.464070933008475,9.159735640689293,9.666271569919097
91,165.0,bad,16,33,1.5760415695569856,9.254412231578128,6.464070933008475,9.159735640689293,26.35047623207179
91,165.0,bad,17,33,-0.8380840745686828,9.309236403752976,6.464070933008475,9.159735640689293,19.510235203293803
91,165.0,bad,23,33,4.033690168026666,9.20497559878004,6.464070933008475,9.159735640689293,37.800194790969
91,165.0,bad,25,33,-13.003903860569405,9.474192080309304,6.464070933008475,9.159735640689293,6.726084554492857
91,165.0,bad,26,33,-3.214311937606295,9.339706049751143,6.464070933008475,9.159735640689293,15.082873537697964
91,165.0,bad,28,33,-5.673248932897989,9.378340122505582,6.464070933008475,9.159735640689293,11.918259064860647
91,165.0,bad,34,33,-10.536898129777896,9.516672899139245,6.464070933008475,9.159735640689293,8.01132221707982
91,165.0,bad,51,33,-15.469836376551866,9.513566042732933,6.464070933008475,9.159735640689293,5.7274166961609545
91,165.0,bad,25,34,-13.003903860569405,9.474192080309304,-10.536898129777896,9.516672899139245,37.57842585707704
91,165.0,bad,51,34,-15.469836376551866,9.513566042732933,-10.536898129777896,9.516672899139245,26.192223244461548
91,165.0,bad,12,35,-8.963664476051195,-0.887736633733549,0.7987740747535115,-1.0321127222222504,14.95484227085301
91,165.0,bad,15,35,-6.494590403912126,-0.888099545402427,0.7987740747535115,-1.0321127222222504,19.530075053017807
91,165.0,bad,19,35,-1.6509289607682798,-0.9889129503714438,0.7987740747535115,-1.0321127222222504,37.68295202635159
91,165.0,bad,21,35,-4.100746457620675,-0.9316264458830603,0.7987740747535115,-1.0321127222222504,26.30984660141973
91,165.0,bad,30,35,-11.39381196276225,-0.8199508983348527,0.7987740747535115,-1.0321127222222504,11.85897292318069
91,165.0,bad,45,35,-13.846595888614422,-0.8120858545741969,0.7987740747535115,-1.0321127222222504,9.615950478874419
91,165.0,bad,47,35,-18.709395090105442,-0.7315635324744636,0.7987740747535115,-1.0321127222222504,6.707773244831973
91,165.0,bad,52,35,-16.344492653869594,-0.758793416343734,0.7987740747535115,-1.0321127222222504,7.927544219610372
91,165.0,bad,10,36,-3.3403286581700176,-12.336038000147994,-0.9370850099871224,-12.377569124855992,37.9657821959715
91,165.0,bad,14,36,-5.799835445399629,-12.256250128818813,-0.9370850099871224,-12.377569124855992,26.440187522716563
91,165.0,bad,43,36,-20.459182035687256,-12.101143697728372,-0.9370850099871224,-12.377569124855992,6.701445584954907
91,165.0,bad,46,36,-17.95144900800524,-12.163826452813055,-0.9370850099871224,-12.377569124855992,8.003379439868127
91,165.0,bad,49,36,-10.708741265203416,-12.224159844148248,-0.9370850099871224,-12.377569124855992,14.940901386936309
91,165.0,bad,50,36,-13.138519727528285,-12.192875902008087,-0.9370850099871224,-12.377569124855992,11.849521701105669
91,165.0,bad,53,36,-8.238040441676306,-12.197420664451435,-0.9370850099871224,-12.377569124855992,19.512940813302336
91,165.0,bad,54,36,-15.54132178574927,-12.221290599171262,-0.9370850099871224,-12.377569124855992,9.648129109303378
91,165.0,bad,12,37,-8.963664476051195,-0.887736633733549,5.629321953197825,-1.1034992905206185,9.656958425216878
91,165.0,bad,15,37,-6.494590403912126,-0.888099545402427,5.629321953197825,-1.1034992905206185,11.93270882219216
91,165.0,bad,19,37,-1.6509289607682798,-0.9889129503714438,5.629321953197825,-1.1034992905206185,19.55972810394835
91,165.0,bad,21,37,-4.100746457620675,-0.9316264458830603,5.629321953197825,-1.1034992905206185,15.003953854162031
91,165.0,bad,30,37,-11.39381196276225,-0.8199508983348527,5.629321953197825,-1.1034992905206185,7.99818554993523
91,165.0,bad,31,37,3.201063325068036,-1.1188661182357147,5.629321953197825,-1.1034992905206185,37.81310473070551
91,165.0,bad,35,37,0.7987740747535115,-1.0321127222222504,5.629321953197825,-1.1034992905206185,26.555134866257685
91,165.0,bad,45,37,-13.846595888614422,-0.8120858545741969,5.629321953197825,-1.1034992905206185,6.722460008117414
91,165.0,bad,47,37,-18.709395090105442,-0.7315635324744636,5.629321953197825,-1.1034992905206185,4.9533015928293205
91,165.0,bad,52,37,-16.344492653869594,-0.758793416343734,5.629321953197825,-1.1034992905206185,5.713128561596913
91,165.0,bad,12,38,-8.963664476051195,-0.887736633733549,8.129809252743563,-1.0923078527294754,7.956709836355875
91,165.0,bad,15,38,-6.494590403912126,-0.888099545402427,8.129809252743563,-1.0923078527294754,9.63233547072803
91,165.0,bad,19,38,-1.6509289607682798,-0.9889129503714438,8.129809252743563,-1.0923078527294754,14.927184862158297
91,165.0,bad,21,38,-4.100746457620675,-0.9316264458830603,8.129809252743563,-1.0923078527294754,11.818497391304438
91,165.0,bad,30,38,-11.39381196276225,-0.8199508983348527,8.129809252743563,-1.0923078527294754,6.700753663641619
91,165.0,bad,31,38,3.201063325068036,-1.1188661182357147,8.129809252743563,-1.0923078527294754,26.20693601085982
91,165.0,bad,35,38,0.7987740747535115,-1.0321127222222504,8.129809252743563,-1.0923078527294754,19.44526626842653
91,165.0,bad,37,38,5.629321953197825,-1.1034992905206185,8.129809252743563,-1.0923078527294754,37.37739374612745
91,165.0,bad,45,38,-13.846595888614422,-0.8120858545741969,8.129809252743563,-1.0923078527294754,5.712202913083613
91,165.0,bad,47,38,-18.709395090105442,-0.7315635324744636,8.129809252743563,-1.0923078527294754,4.303704245828538
91,165.0,bad,52,38,-16.344492653869594,-0.758793416343734,8.129809252743563,-1.0923078527294754,4.914416277087503
91,165.0,bad,40,39,-9.535538534043338,-21.810806045152834,-7.110565919407441,-21.87684118279782,37.83310812337724
91,165.0,bad,41,39,-12.021722078039254,-21.81293613561784,-7.110565919407441,-21.87684118279782,26.268801883378774
91,165.0,bad,42,39,-19.346254606090735,-21.695051882227176,-7.110565919407441,-21.87684118279782,11.813041561613554
91,165.0,bad,44,39,-16.931935738552195,-21.66668846585516,-7.110565919407441,-21.87684118279782,14.86604944625329
91,165.0,bad,48,39,-14.482347164360482,-21.695801505065816,-7.110565919407441,-21.87684118279782,19.354154262511265
91,165.0,bad,41,40,-12.021722078039254,-21.81293613561784,-9.535538534043338,-21.810806045152834,37.46307938939369
91,165.0,bad,42,40,-19.346254606090735,-21.695051882227176,-9.535538534043338,-21.810806045152834,14.882042983981716
91,165.0,bad,44,40,-16.931935738552195,-21.66668846585516,-9.535538534043338,-21.810806045152834,19.299420629533625
91,165.0,bad,48,40,-14.482347164360482,-21.695801505065816,-9.535538534043338,-21.810806045152834,26.143633926848775
91,165.0,bad,42,41,-19.346254606090735,-21.695051882227176,-12.021722078039254,-21.81293613561784,19.459866314874578
91,165.0,bad,44,41,-16.931935738552195,-21.66668846585516,-12.021722078039254,-21.81293613561784,26.272122973126955
91,165.0,bad,48,41,-14.482347164360482,-21.695801505065816,-12.021722078039254,-21.81293613561784,37.61692087053202
91,165.0,bad,42,44,-19.346254606090735,-21.695051882227176,-16.931935738552195,-21.66668846585516,37.89807138418628
91,165.0,bad,47,45,-18.709395090105442,-0.7315635324744636,-13.846595888614422,-0.8120858545741969,26.44001401809904
91,165.0,bad,52,45,-16.344492653869594,-0.758793416343734,-13.846595888614422,-0.8120858545741969,37.39289034640968
91,165.0,bad,43,46,-20.459182035687256,-12.101143697728372,-17.95144900800524,-12.163826452813055,37.334100850753245
91,165.0,bad,42,48,-19.346254606090735,-21.695051882227176,-14.482347164360482,-21.695801505065816,26.43607147537079
91,165.0,bad,44,48,-16.931935738552195,-21.66668846585516,-14.482347164360482,-21.695801505065816,37.683644942525085
91,165.0,bad,43,49,-20.459182035687256,-12.101143697728372,-10.708741265203416,-12.224159844148248,14.973016995348507
91,165.0,bad,46,49,-17.95144900800524,-12.163826452813055,-10.708741265203416,-12.224159844148248,19.64499703935298
91,165.0,bad,50,49,-13.138519727528285,-12.192875902008087,-10.708741265203416,-12.224159844148248,37.80385820450964
91,165.0,bad,54,49,-15.54132178574927,-12.221290599171262,-10.708741265203416,-12.224159844148248,26.54785718634442
91,165.0,bad,43,50,-20.459182035687256,-12.101143697728372,-13.138519727528285,-12.192875902008087,19.468563716238478
91,165.0,bad,46,50,-17.95144900800524,-12.163826452813055,-13.138519727528285,-12.192875902008087,26.618342146432656
91,165.0,bad,54,50,-15.54132178574927,-12.221290599171262,-13.138519727528285,-12.192875902008087,37.96848571517491
91,165.0,bad,47,52,-18.709395090105442,-0.7315635324744636,-16.344492653869594,-0.758793416343734,38.20159658476398
91,165.0,bad,43,53,-20.459182035687256,-12.101143697728372,-8.238040441676306,-12.197420664451435,11.828513463360544
91,165.0,bad,46,53,-17.95144900800524,-12.163826452813055,-8.238040441676306,-12.197420664451435,15.029324318073698
91,165.0,bad,49,53,-10.708741265203416,-12.224159844148248,-8.238040441676306,-12.197420664451435,37.55616003597391
91,165.0,bad,50,53,-13.138519727528285,-12.192875902008087,-8.238040441676306,-12.197420664451435,26.30646095926416
91,165.0,bad,54,53,-15.54132178574927,-12.221290599171262,-8.238040441676306,-12.197420664451435,19.507695294903815
91,165.0,bad,43,54,-20.459182035687256,-12.101143697728372,-15.54132178574927,-12.221290599171262,26.245196772218975
91,165.0,bad,46,54,-17.95144900800524,-12.163826452813055,-15.54132178574927,-12.221290599171262,37.92367661719856
91,135.0,good,11,24,-11.75473794611107,4.125672628752913,11.8433438151242,5.444891037693128,4.6719000800658845
91,135.0,good,26,24,-7.453528818530204,6.4812667341605525,11.8433438151242,5.444891037693128,6.545038211207001
91,135.0,good,28,24,-9.602347759135407,5.285256324971707,11.8433438151242,5.444891037693128,5.906641345484114
91,135.0,good,45,27,-11.585460868190156,-7.62658492442246,9.673097396300808,-8.789025617737122,5.614412325246536
91,135.0,good,47,27,-15.837029671233928,-9.988250148657885,9.673097396300808,-8.789025617737122,4.631892263327412
91,135.0,good,52,27,-13.775349142047341,-8.82938070171285,9.673097396300808,-8.789025617737122,5.220486741374798
91,135.0,good,11,29,-11.75473794611107,4.125672628752913,9.687025257142858,4.273522228454807,5.908117403171305
91,135.0,good,28,29,-9.602347759135407,5.285256324971707,9.687025257142858,4.273522228454807,6.666496541808639
91,135.0,good,34,29,-13.88355790704602,2.9732314252725436,9.687025257142858,4.273522228454807,4.767266234664266
91,135.0,good,25,31,-15.998807131778293,1.7029390915964955,3.3316352177494615,0.6315651807082052,6.339145703565208
91,135.0,good,51,31,-18.154054315848995,0.5040716853117804,3.3316352177494615,0.6315651807082052,5.8916438313082224
91,135.0,good,47,32,-15.837029671233928,-9.988250148657885,7.498208357195899,-10.03681909928434,5.256005135850797
91,135.0,good,52,32,-13.775349142047341,-8.82938070171285,7.498208357195899,-10.03681909928434,5.358771235642065
91,135.0,good,51,35,-18.154054315848995,0.5040716853117804,1.2078150017320763,-0.4944487996368251,6.701105993440991
91,135.0,good,47,36,-15.837029671233928,-9.988250148657885,5.377245138273551,-11.187831804216772,5.408351547793518
91,135.0,good,25,37,-15.998807131778293,1.7029390915964955,5.426885462811061,1.8590025579499514,5.914161586265292
91,135.0,good,34,37,-13.88355790704602,2.9732314252725436,5.426885462811061,1.8590025579499514,6.058203817371352
91,135.0,good,51,37,-18.154054315848995,0.5040716853117804,5.426885462811061,1.8590025579499514,4.481295622065693
91,135.0,good,11,38,-11.75473794611107,4.125672628752913,7.586775267162448,3.118938277154823,6.675041946915648
91,135.0,good,25,38,-15.998807131778293,1.7029390915964955,7.586775267162448,3.118938277154823,4.126442588415633
91,135.0,good,34,38,-13.88355790704602,2.9732314252725436,7.586775267162448,3.118938277154823,5.897395043003581
126,290.0,bad,4,1,1.3237019716149194,13.373284942252582,5.69173669136729,13.45173709261003,28.292294130477956
126,290.0,bad,6,1,-4.587545969557629,13.230908930647324,5.69173669136729,13.45173709261003,14.202268689427614
126,290.0,bad,7,1,-0.197566576548863,13.247090057472173,5.69173669136729,13.45173709261003,23.134131164713402
126,290.0,bad,8,1,2.8018454651418336,13.435631462096698,5.69173669136729,13.45173709261003,35.15316211494837
126,290.0,bad,9,1,-1.630564501073212,13.223133173490012,5.69173669136729,13.45173709261003,19.46488000085484
126,290.0,bad,12,1,-3.0939712337140786,13.238192293637058,5.69173669136729,13.45173709261003,16.55037240621394
126,290.0,bad,20,1,4.141558151159559,13.325852777498769,5.69173669136729,13.45173709261003,42.056364755484104
126,290.0,bad,14,2,1.9344522354096192,-16.87279720971716,4.760858001355791,-16.75350269665756,35.502010850160396
126,290.0,bad,15,2,0.5107681434706492,-16.77222773342202,4.760858001355791,-16.75350269665756,28.762570497524763
126,290.0,bad,16,2,3.3556219566214276,-16.72038113834899,4.760858001355791,-16.75350269665756,44.900827622775196
126,290.0,bad,22,2,-3.684591785924204,-16.881280556390614,4.760858001355791,-16.75350269665756,17.16660452779356
126,290.0,bad,23,2,-2.2921034069801953,-16.97748274749801,4.760858001355791,-16.75350269665756,20.08460447040228
126,290.0,bad,24,2,-6.555504506076116,-17.068220172247937,4.760858001355791,-16.75350269665756,12.85395299515682
126,290.0,bad,25,2,-5.1590798597641125,-16.985267304303484,4.760858001355791,-16.75350269665756,14.719292759890813
126,290.0,bad,26,2,-0.9016704933190427,-16.87407530748746,4.760858001355791,-16.75350269665756,23.808890286466383
126,290.0,bad,5,3,3.070900073263087,-0.8443463472179595,6.193336218897374,-0.7844263638726323,33.91829129784718
126,290.0,bad,10,3,-3.220798055411538,-0.9939024292649635,6.193336218897374,-0.7844263638726323,15.496258197066942
126,290.0,bad,11,3,-1.6082245575671301,-1.0111198503072325,6.193336218897374,-0.7844263638726323,18.430908338876424
126,290.0,bad,13,3,-0.03809566812734527,-0.9795659589547046,6.193336218897374,-0.7844263638726323,22.169159841367605
126,290.0,bad,17,3,1.4479012787799972,-0.9163156177273439,6.193336218897374,-0.7844263638726323,26.86258034157897
126,290.0,bad,18,3,4.65886279678284,-0.7682244060960219,6.193336218897374,-0.7844263638726323,43.90028671381512
126,290.0,bad,21,3,-4.7445303365973635,-0.9880594893256409,6.193336218897374,-0.7844263638726323,13.322877872680024
126,290.0,bad,6,4,-4.587545969557629,13.230908930647324,1.3237019716149194,13.373284942252582,23.070362331070438
126,290.0,bad,7,4,-0.197566576548863,13.247090057472173,1.3237019716149194,13.373284942252582,42.17578759008801
126,290.0,bad,9,4,-1.630564501073212,13.223133173490012,1.3237019716149194,13.373284942252582,34.78986187465442
126,290.0,bad,12,4,-3.0939712337140786,13.238192293637058,1.3237019716149194,13.373284942252582,28.097814891185248
126,290.0,bad,10,5,-3.220798055411538,-0.9939024292649635,3.070900073263087,-0.8443463472179595,22.005446915643443
126,290.0,bad,11,5,-1.6082245575671301,-1.0111198503072325,3.070900073263087,-0.8443463472179595,27.105822269180567
126,290.0,bad,13,5,-0.03809566812734527,-0.9795659589547046,3.070900073263087,-0.8443463472179595,33.98787851193582
126,290.0,bad,17,5,1.4479012787799972,-0.9163156177273439,3.070900073263087,-0.8443463472179595,43.23410932944084
126,290.0,bad,21,5,-4.7445303365973635,-0.9880594893256409,3.070900073263087,-0.8443463472179595,18.402221921576448
126,290.0,bad,6,7,-4.587545969557629,13.230908930647324,-0.197566576548863,13.247090057472173,28.20606860857498
126,290.0,bad,9,7,-1.630564501073212,13.223133173490012,-0.197566576548863,13.247090057472173,44.68303383702335
126,290.0,bad,12,7,-3.0939712337140786,13.238192293637058,-0.197566576548863,13.247090057472173,35.11766231808794
126,290.0,bad,4,8,1.3237019716149194,13.373284942252582,2.8018454651418336,13.435631462096698,44.332232523966375
126,290.0,bad,6,8,-4.587545969557629,13.230908930647324,2.8018454651418336,13.435631462096698,19.31497431176408
126,290.0,bad,7,8,-0.197566576548863,13.247090057472173,2.8018454651418336,13.435631462096698,33.73170679338545
126,290.0,bad,9,8,-1.630564501073212,13.223133173490012,2.8018454651418336,13.435631462096698,28.0404635023202
126,290.0,bad,12,8,-3.0939712337140786,13.238192293637058,2.8018454651418336,13.435631462096698,23.115176279049187
126,290.0,bad,6,9,-4.587545969557629,13.230908930647324,-1.630564501073212,13.223133173490012,34.79006392362132
126,290.0,bad,12,9,-3.0939712337140786,13.238192293637058,-1.630564501073212,13.223133173490012,44.44628822459224
126,290.0,bad,21,10,-4.7445303365973635,-0.9880594893256409,-3.220798055411538,-0.9939024292649635,43.98216277845509
126,290.0,bad,10,11,-3.220798055411538,-0.9939024292649635,-1.6082245575671301,-1.0111198503072325,43.31177182821092
126,290.0,bad,21,11,-4.7445303365973635,-0.9880594893256409,-1.6082245575671301,-1.0111198503072325,33.84670558332181
126,290.0,bad,6,12,-4.587545969557629,13.230908930647324,-3.0939712337140786,13.238192293637058,44.21327176513055
126,290.0,bad,10,13,-3.220798055411538,-0.9939024292649635,-0.03809566812734527,-0.9795659589547046,33.608877431602316
126,290.0,bad,11,13,-1.6082245575671301,-1.0111198503072325,-0.03809566812734527,-0.9795659589547046,43.630130106724465
126,290.0,bad,21,13,-4.7445303365973635,-0.9880594893256409,-0.03809566812734527,-0.9795659589547046,27.005244024895635
126,290.0,bad,15,14,0.5107681434706492,-16.77222773342202,1.9344522354096192,-16.87279720971716,43.8309465114792
126,290.0,bad,22,14,-3.684591785924204,-16.881280556390614,1.9344522354096192,-16.87279720971716,23.941645946777452
126,290.0,bad,23,14,-2.2921034069801953,-16.97748274749801,1.9344522354096192,-16.87279720971716,28.857809912102976
126,290.0,bad,24,14,-6.555504506076116,-17.068220172247937,1.9344522354096192,-16.87279720971716,17.08406093458142
126,290.0,bad,25,14,-5.1590798597641125,-16.985267304303484,1.9344522354096192,-16.87279720971716,19.989377902327803
126,290.0,bad,26,14,-0.9016704933190427,-16.87407530748746,1.9344522354096192,-16.87279720971716,35.448281051312755
126,290.0,bad,22,15,-3.684591785924204,-16.881280556390614,0.5107681434706492,-16.77222773342202,28.98478508476649
126,290.0,bad,23,15,-2.2921034069801953,-16.97748274749801,0.5107681434706492,-16.77222773342202,33.83676671931379
126,290.0,bad,24,15,-6.555504506076116,-17.068220172247937,0.5107681434706492,-16.77222773342202,20.053285768673216
126,290.0,bad,25,15,-5.1590798597641125,-16.985267304303484,0.5107681434706492,-16.77222773342202,23.78665284358578
126,290.0,bad,26,15,-0.9016704933190427,-16.87407530748746,0.5107681434706492,-16.77222773342202,43.83512456071434
126,290.0,bad,14,16,1.9344522354096192,-16.87279720971716,3.3556219566214276,-16.72038113834899,41.27522760573035
126,290.0,bad,15,16,0.5107681434706492,-16.77222773342202,3.3556219566214276,-16.72038113834899,35.40010662294202
126,290.0,bad,22,16,-3.684591785924204,-16.881280556390614,3.3556219566214276,-16.72038113834899,20.11466601740008
126,290.0,bad,23,16,-2.2921034069801953,-16.97748274749801,3.3556219566214276,-16.72038113834899,23.853959180091895
126,290.0,bad,24,16,-6.555504506076116,-17.068220172247937,3.3556219566214276,-16.72038113834899,14.732323288443835
126,290.0,bad,25,16,-5.1590798597641125,-16.985267304303484,3.3556219566214276,-16.72038113834899,17.03842543158059
126,290.0,bad,26,16,-0.9016704933190427,-16.87407530748746,3.3556219566214276,-16.72038113834899,28.73351691193206
126,290.0,bad,10,17,-3.220798055411538,-0.9939024292649635,1.4479012787799972,-0.9163156177273439,27.1443651080238
126,290.0,bad,11,17,-1.6082245575671301,-1.0111198503072325,1.4479012787799972,-0.9163156177273439,34.26369910646478
126,290.0,bad,13,17,-0.03809566812734527,-0.9795659589547046,1.4479012787799972,-0.9163156177273439,44.271629670444256
126,290.0,bad,21,17,-4.7445303365973635,-0.9880594893256409,1.4479012787799972,-0.9163156177273439,22.276079480912905
126,290.0,bad,5,18,3.070900073263087,-0.8443463472179595,4.65886279678284,-0.7682244060960219,43.49594021002857
126,290.0,bad,10,18,-3.220798055411538,-0.9939024292649635,4.65886279678284,-0.7682244060960219,18.270244050069962
126,290.0,bad,11,18,-1.6082245575671301,-1.0111198503072325,4.65886279678284,-0.7682244060960219,22.072082171550754
126,290.0,bad,13,18,-0.03809566812734527,-0.9795659589547046,4.65886279678284,-0.7682244060960219,27.040079761991958
126,290.0,bad,17,18,1.4479012787799972,-0.9163156177273439,4.65886279678284,-0.7682244060960219,33.465247936995354
126,290.0,bad,21,18,-4.7445303365973635,-0.9880594893256409,4.65886279678284,-0.7682244060960219,15.513419480375173
126,290.0,bad,0,19,-2.0375784905683503,26.29565945096374,-0.13971754263440772,26.369705148166673,41.2596105234798
126,290.0,bad,4,20,1.3237019716149194,13.373284942252582,4.141558151159559,13.325852777498769,35.549386750196504
126,290.0,bad,6,20,-4.587545969557629,13.230908930647324,4.141558151159559,13.325852777498769,16.650561894524856
126,290.0,bad,7,20,-0.197566576548863,13.247090057472173,4.141558151159559,13.325852777498769,28.406492807632162
126,290.0,bad,8,20,2.8018454651418336,13.435631462096698,4.141558151159559,13.325852777498769,43.84042787112378
126,290.0,bad,9,20,-1.630564501073212,13.223133173490012,4.141558151159559,13.325852777498769,23.479162983710154
126,290.0,bad,12,20,-3.0939712337140786,13.238192293637058,4.141558151159559,13.325852777498769,19.66136418228015
126,290.0,bad,24,22,-6.555504506076116,-17.068220172247937,-3.684591785924204,-16.881280556390614,34.244128393859114
126,290.0,bad,25,22,-5.1590798597641125,-16.985267304303484,-3.684591785924204,-16.881280556390614,43.416239569198495
126,290.0,bad,22,23,-3.684591785924204,-16.881280556390614,-2.2921034069801953,-16.97748274749801,44.18511382219522
126,290.0,bad,24,23,-6.555504506076116,-17.068220172247937,-2.2921034069801953,-16.97748274749801,28.7089105243528
126,290.0,bad,25,23,-5.1590798597641125,-16.985267304303484,-2.2921034069801953,-16.97748274749801,35.27848200328217
126,290.0,bad,24,25,-6.555504506076116,-17.068220172247937,-5.1590798597641125,-16.985267304303484,44.666897553682695
126,290.0,bad,22,26,-3.684591785924204,-16.881280556390614,-0.9016704933190427,-16.87407530748746,35.74396055894955
126,290.0,bad,23,26,-2.2921034069801953,-16.97748274749801,-0.9016704933190427,-16.87407530748746,43.88107576862903
126,290.0,bad,24,26,-6.555504506076116,-17.068220172247937,-0.9016704933190427,-16.87407530748746,23.835345588564298
126,290.0,bad,25,26,-5.1590798597641125,-16.985267304303484,-0.9016704933190427,-16.87407530748746,28.733045661019425
126,60.0,good,3,6,-4.581905241210767,-4.240151247445045,13.08428197183471,-4.990400227978589,7.630698233775236
155,60.0,bad,0,1,-6.843737361501233,1.1366413400540765,-3.8237887760942586,0.8443207922710365,29.75434063406922
155,60.0,bad,0,2,-6.843737361501233,1.1366413400540765,-0.8098198603694473,0.5724583462815889,16.618338500088083
155,60.0,bad,1,2,-3.8237887760942586,0.8443207922710365,-0.8098198603694473,0.5724583462815889,30.61451209995954
155,60.0,bad,3,4,-5.56323159472118,-1.6610576871956622,-2.5480955632687747,-1.8995881015606741,31.93462503999523
155,60.0,bad,0,5,-6.843737361501233,1.1366413400540765,3.8721216969233514,0.42673405462243785,11.617948792623519
155,60.0,bad,1,5,-3.8237887760942586,0.8443207922710365,3.8721216969233514,0.42673405462243785,18.378075290662725
155,60.0,bad,2,5,-0.8098198603694473,0.5724583462815889,3.8721216969233514,0.42673405462243785,27.095422039365076
155,60.0,bad,0,6,-6.843737361501233,1.1366413400540765,5.44506390715496,0.7073687341821073,11.756809413333077
155,60.0,bad,1,6,-3.8237887760942586,0.8443207922710365,5.44506390715496,0.7073687341821073,15.730813750439355
155,60.0,bad,2,6,-0.8098198603694473,0.5724583462815889,5.44506390715496,0.7073687341821073,22.105236476122617
155,60.0,bad,5,6,3.8721216969233514,0.42673405462243785,5.44506390715496,0.7073687341821073,33.705320609532414
155,60.0,bad,3,7,-5.56323159472118,-1.6610576871956622,3.268593132319524,-1.1743884541292637,16.097899157127237
155,60.0,bad,4,7,-2.5480955632687747,-1.8995881015606741,3.268593132319524,-1.1743884541292637,11.97277419057161
155,60.0,bad,0,8,-6.843737361501233,1.1366413400540765,7.002894419570161,1.0475109754798808,10.27090732232834
155,60.0,bad,1,8,-3.8237887760942586,0.8443207922710365,7.002894419570161,1.0475109754798808,13.465506079711655
155,60.0,bad,2,8,-0.8098198603694473,0.5724583462815889,7.002894419570161,1.0475109754798808,17.361296813951576
155,60.0,bad,5,8,3.8721216969233514,0.42673405462243785,7.002894419570161,1.0475109754798808,15.600362050486838
155,60.0,bad,6,8,5.44506390715496,0.7073687341821073,7.002894419570161,1.0475109754798808,30.43419821324736
155,15.0,good,0,4,-5.642979896306455,-4.035526297648051,-0.45856402382387357,-3.144987279973539,7.057729478872959
157,195.0,bad,1,0,2.267704125228481,-0.029712331179436724,6.81913536647464,-0.10627792416085136,27.58363382953208
157,195.0,bad,2,0,-4.540984202133562,0.06816417345729264,6.81913536647464,-0.10627792416085136,12.801343261036276
157,195.0,bad,3,0,-0.00019664913534336555,0.01431948493630783,6.81913536647464,-0.10627792416085136,20.64645122826093
157,195.0,bad,4,0,4.536797605157904,-0.0829524666667043,6.81913536647464,-0.10627792416085136,38.71692253698451
157,195.0,bad,5,0,-6.814218720369355,0.08643609053048218,6.81913536647464,-0.10627792416085136,10.457122083637373
157,195.0,bad,6,0,-2.2682375252240647,0.05002297307351855,6.81913536647464,-0.10627792416085136,16.03136809420608
157,195.0,bad,2,1,-4.540984202133562,0.06816417345729264,2.267704125228481,-0.029712331179436724,20.672607221286512
157,195.0,bad,3,1,-0.00019664913534336555,0.01431948493630783,2.267704125228481,-0.029712331179436724,38.808101069988794
157,195.0,bad,5,1,-6.814218720369355,0.08643609053048218,2.267704125228481,-0.029712331179436724,16.040526937696693
157,195.0,bad,6,1,-2.2682375252240647,0.05002297307351855,2.267704125228481,-0.029712331179436724,27.642451738401707
157,195.0,bad,5,2,-6.814218720369355,0.08643609053048218,-4.540984202133562,0.06816417345729264,38.77437768709209
157,195.0,bad,2,3,-4.540984202133562,0.06816417345729264,-0.00019664913534336555,0.01431948493630783,27.624030410664062
157,195.0,bad,5,3,-6.814218720369355,0.08643609053048218,-0.00019664913534336555,0.01431948493630783,20.65949377313
157,195.0,bad,6,3,-2.2682375252240647,0.05002297307351855,-0.00019664913534336555,0.01431948493630783,38.807214693605
157,195.0,bad,1,4,2.267704125228481,-0.029712331179436724,4.536797605157904,-0.0829524666667043,38.80055619499061
157,195.0,bad,2,4,-4.540984202133562,0.06816417345729264,4.536797605157904,-0.0829524666667043,16.047491232208976
157,195.0,bad,3,4,-0.00019664913534336555,0.01431948493630783,4.536797605157904,-0.0829524666667043,27.638448779201667
157,195.0,bad,5,4,-6.814218720369355,0.08643609053048218,4.536797605157904,-0.0829524666667043,12.812261578030482
157,195.0,bad,6,4,-2.2682375252240647,0.05002297307351855,4.536797605157904,-0.0829524666667043,20.68159611233497
157,195.0,bad,2,6,-4.540984202133562,0.06816417345729264,-2.2682375252240647,0.05002297307351855,38.7774603091465
157,195.0,bad,5,6,-6.814218720369355,0.08643609053048218,-2.2682375252240647,0.05002297307351855,27.60430761385459
159,255.0,bad,1,0,-4.792400688985982,-1.2484902596391416,5.181598443887615,-1.4721242180363843,14.63972263397306
159,255.0,bad,3,2,-0.05975045482658822,0.9675769805228097,1.944600374864273,0.7658304379402963,36.61162743590498
159,255.0,bad,5,2,-3.8730206046359137,0.5246278242256979,1.944600374864273,0.7658304379402963,23.344284767850393
159,255.0,bad,6,2,-1.965251312188289,0.7769940203794122,1.944600374864273,0.7658304379402963,30.18685740203581
159,255.0,bad,5,3,-3.8730206046359137,0.5246278242256979,-0.05975045482658822,0.9675769805228097,22.375169231208663
159,255.0,bad,6,3,-1.965251312188289,0.7769940203794122,-0.05975045482658822,0.9675769805228097,37.49159636507323
159,255.0,bad,1,4,-4.792400688985982,-1.2484902596391416,3.5642242418826844,-0.3144147853890191,7.313584281077603
159,255.0,bad,5,4,-3.8730206046359137,0.5246278242256979,3.5642242418826844,-0.3144147853890191,9.201013343028846
159,255.0,bad,6,4,-1.965251312188289,0.7769940203794122,3.5642242418826844,-0.3144147853890191,2.484065623113375
159,255.0,bad,5,6,-3.8730206046359137,0.5246278242256979,-1.965251312188289,0.7769940203794122,34.35488306916956
