farm_id,theta_deg,L_geo,L_energy
0,0.0,0.6107741671387238,0.4193363643843838
0,5.0,0.549138454437341,0.3713446701531171
0,10.0,0.41194630252220354,0.27320660553431797
0,15.0,0.3015612758616888,0.1956357196859667
0,20.0,0.24876192333862113,0.15835719779477964
0,25.0,0.24649998585457322,0.15769723700464233
0,30.0,0.24626619426983498,0.15815655749988122
0,35.0,0.23995018289391867,0.15317798523936887
0,40.0,0.22407689726152802,0.1417825838737713
0,45.0,0.21587128160837976,0.136144811129005
0,50.0,0.22326612189381012,0.14111583605628053
0,55.0,0.22400161167158472,0.14165615607619808
0,60.0,0.22047548519225546,0.139354754584753
0,65.0,0.22136845432856966,0.14006582972903803
0,70.0,0.22382789045686813,0.14179505866353492
0,75.0,0.22323700025940785,0.14142234004322052
0,80.0,0.22709532229425766,0.14415819760594473
0,85.0,0.23986719032028736,0.1533016209379543
0,90.0,0.2442686573647158,0.15660624674640578
0,95.0,0.23874402203976763,0.15228749862167867
0,100.0,0.2133445080913806,0.13507988867863518
0,105.0,0.2024546211145768,0.12779763054244697
0,110.0,0.2125072626371881,0.1346066196727419
0,115.0,0.2202506332862888,0.13989593619570773
0,120.0,0.2081645169923666,0.13166187005404761
0,125.0,0.19201984632708657,0.12074086192279598
0,130.0,0.20032305206959178,0.12634490186034464
0,135.0,0.20367676566972726,0.1285781111184784
0,140.0,0.19416555722413542,0.1221505412388626
0,145.0,0.18388837575184447,0.11517857205736948
0,150.0,0.17160002982883382,0.10683212516609464
0,155.0,0.16500127645928653,0.1024431306782636
0,160.0,0.170857225174313,0.10639361802441949
0,165.0,0.22791022130158956,0.14469288998884766
0,170.0,0.35520713747924404,0.23258193046959652
0,175.0,0.5410694070211357,0.3682555321694012
0,180.0,0.6120991671155205,0.42005556988422665
0,185.0,0.5516196999734201,0.37281818239470477
0,190.0,0.41525708775342596,0.2751720774127543
0,195.0,0.3037649865372868,0.1969264690335628
0,200.0,0.24576651804247363,0.1565082467739517
0,205.0,0.24282029095234314,0.15543629186385843
0,210.0,0.2453401232740996,0.1575810404571707
0,215.0,0.2407026252624337,0.15354581744868212
0,220.0,0.22754705589706703,0.1438062298864129
0,225.0,0.2207189170969508,0.13893472596102796
0,230.0,0.22482069256878534,0.14210866624258323
0,235.0,0.22522269656844607,0.14246107173070655
0,240.0,0.2210747271828829,0.13981912837230615
0,245.0,0.22165005781563074,0.14031757101021536
0,250.0,0.22371375921113934,0.14182108906151747
0,255.0,0.22457166057313982,0.14229404317050598
0,260.0,0.22824098102530543,0.14489063947592573
0,265.0,0.24118843608799578,0.15414621586910682
0,270.0,0.24415263411340593,0.15658834059857818
0,275.0,0.23915846251880457,0.1525410794082911
0,280.0,0.2139258588694546,0.13546571149164266
0,285.0,0.20301029063267495,0.1281707851458581
0,290.0,0.2113993366130521,0.13395921452064985
0,295.0,0.22008779372179665,0.13985114327190673
0,300.0,0.20740462588615038,0.1312473814808247
0,305.0,0.19283499199618526,0.12124074563360254
0,310.0,0.19978901162854135,0.12604492752167062
0,315.0,0.20244285449713129,0.12787229220936824
0,320.0,0.19338376986372918,0.12167960696963731
0,325.0,0.18335602615220203,0.11490286072260525
0,330.0,0.17033999054791615,0.1061713815864036
0,335.0,0.16276828907171825,0.10118816476430204
0,340.0,0.1748054156330664,0.10868574561037392
0,345.0,0.23538253429376566,0.14905873601995445
0,350.0,0.3603889610485206,0.2357567003882256
0,355.0,0.5421091886592629,0.3690888238548552
1,0.0,0.7212028863568292,0.44100802631922953
1,5.0,0.5587698511413914,0.32981893448604716
1,10.0,0.3400961548454817,0.19304729485337735
1,15.0,0.21141498198650632,0.11679553322289105
1,20.0,0.16767295423608586,0.0911219301102113
1,25.0,0.17228842745197115,0.09348255285179641
1,30.0,0.18186039608293214,0.09877057440493708
1,35.0,0.19359948479292033,0.10565952021524405
1,40.0,0.20476834412012268,0.1121472843143928
1,45.0,0.2105506312776314,0.1154003307039948
1,50.0,0.21226114241409177,0.11649882375030807
1,55.0,0.21895387648108044,0.12037419484823664
1,60.0,0.22807063409477069,0.12570689775752963
1,65.0,0.23319060505827438,0.12898740998291036
1,70.0,0.23403212701945653,0.1292383242055095
1,75.0,0.2277627011863812,0.1255530794446017
1,80.0,0.2202326283147279,0.12122139898937989
1,85.0,0.24349764546343933,0.13481913538021595
1,90.0,0.2612304606868108,0.1454376261708561
1,95.0,0.24311996996417573,0.13474472517929403
1,100.0,0.23521219565792084,0.13013448312869313
1,105.0,0.23492683343998766,0.1297745527051476
1,110.0,0.22568330370311074,0.12393373869763402
1,115.0,0.2339369589755208,0.12906553010881217
1,120.0,0.2343318244874324,0.12925527176374985
1,125.0,0.219446624626901,0.12043146144731498
1,130.0,0.22106293237277252,0.1213550441054011
1,135.0,0.21403587421732295,0.11727857602902847
1,140.0,0.20241913550873591,0.1105175726354416
1,145.0,0.19331200443791818,0.10525387656492557
1,150.0,0.17793967701377633,0.09630748108964271
1,155.0,0.16145419573578623,0.08685466276608722
1,160.0,0.16485992603607003,0.08817703159223311
1,165.0,0.24063451102196998,0.1321066962579983
1,170.0,0.42663036396626275,0.24474149761197772
1,175.0,0.6812256253098212,0.4137380735341406
1,180.0,0.7210769546725321,0.4408111330223915
1,185.0,0.5589111061387997,0.3299124515640035
1,190.0,0.3419496579938124,0.1940169256498886
1,195.0,0.20997257618026888,0.11615438142102608
1,200.0,0.1656445304212124,0.09017487335686636
1,205.0,0.17245388122754723,0.09360758590391538
1,210.0,0.18298574295013048,0.09930391605957278
1,215.0,0.1930036317784256,0.10541288483723776
1,220.0,0.2026609391852291,0.11095513711404159
1,225.0,0.20896455562709948,0.11462964972123757
1,230.0,0.2090974196451404,0.11483995934240188
1,235.0,0.21715215620634842,0.11943363005430108
1,240.0,0.22629194614027004,0.12475193262379702
1,245.0,0.23325714820872234,0.1290572835813597
1,250.0,0.23056645265920117,0.12744656263367238
1,255.0,0.22440184505975191,0.1238246679769558
1,260.0,0.21885508780521878,0.12046605780200637
1,265.0,0.2451119498497164,0.13561738425210013
1,270.0,0.2593484859169406,0.14444469250202507
1,275.0,0.24166185176359178,0.13395257410285932
1,280.0,0.2329473177614726,0.12896956683484728
1,285.0,0.23598362143493368,0.1303427857691638
1,290.0,0.22431527344520308,0.12324640508357809
1,295.0,0.23189630169657716,0.12803659336174733
1,300.0,0.23450865304109514,0.12922284325164823
1,305.0,0.21918932883499043,0.12024265011077095
1,310.0,0.22075388126622797,0.121069920376213
1,315.0,0.21416813143298874,0.11721519410567915
1,320.0,0.20300445088187757,0.11082828018740765
1,325.0,0.19372262697030562,0.10540648770902672
1,330.0,0.1766173747662394,0.09563619887139896
1,335.0,0.1602268065438167,0.08630418502061454
1,340.0,0.16245388749228085,0.08706894738825166
1,345.0,0.24055470320216998,0.1319232389654591
1,350.0,0.4276174118622915,0.24531936499642204
1,355.0,0.6813671209069037,0.4139138556799369
2,0.0,0.36162571109801356,0.15398149002960815
2,5.0,0.3728128263949648,0.15980169801098987
2,10.0,0.37299213495629435,0.16043959016222098
2,15.0,0.36616014493949556,0.15697805772937357
2,20.0,0.36421564720107813,0.1555152534331995
2,25.0,0.38216429952803777,0.16366973185888423
2,30.0,0.3886117092964,0.16767037602644796
2,35.0,0.3810957366414539,0.1639264210941852
2,40.0,0.364081756289349,0.1554554671727434
2,45.0,0.3649225102775847,0.15582074142395153
2,50.0,0.3910667188792478,0.16877171616916142
2,55.0,0.38237013577792434,0.16504072475960696
2,60.0,0.3612942884365169,0.15517344796039478
2,65.0,0.37524674914076905,0.1628202832076796
2,70.0,0.3833144434243726,0.166212698207453
2,75.0,0.3956849069578492,0.17021249086758816
2,80.0,0.3914724620591765,0.16754548140313352
2,85.0,0.3754010121930397,0.15973310083129966
2,90.0,0.35962532045961937,0.15325484244413
2,95.0,0.3685084950942886,0.15772328692106374
2,100.0,0.3744462445633081,0.16004718811632768
2,105.0,0.37187885881678884,0.15812596292944914
2,110.0,0.3705826779141165,0.1573790510826446
2,115.0,0.3685407630212777,0.15664205673291443
2,120.0,0.3685244662877236,0.15688548245748823
2,125.0,0.3880554748184142,0.16632333133530852
2,130.0,0.4326798593814085,0.18957449817303773
2,135.0,0.4931893745462155,0.22274027132376795
2,140.0,0.5047278341239319,0.22908828570705742
2,145.0,0.45803788933778056,0.20310997750132698
2,150.0,0.4089702372119979,0.17630057613344585
2,155.0,0.3798680807154493,0.16187973501124164
2,160.0,0.3524845344372869,0.1491854601616286
2,165.0,0.3383190956691956,0.14328775690046958
2,170.0,0.3378315298794219,0.14316189296372972
2,175.0,0.34232271897455013,0.14511593480003848
2,180.0,0.35443144276545335,0.1510261298860096
2,185.0,0.368711626795842,0.15807209753974738
2,190.0,0.3747450902219427,0.16121648573998482
2,195.0,0.36968480408008153,0.15858463718872962
2,200.0,0.36542617770583474,0.15598843956392372
2,205.0,0.37493283775180164,0.16068948455580734
2,210.0,0.37746690139035755,0.16319904129452478
2,215.0,0.3695353010215382,0.15920372772783054
2,220.0,0.3567492616694389,0.15252328150046435
2,225.0,0.361857086996641,0.15453399803153867
2,230.0,0.3932260658925859,0.16941515734371737
2,235.0,0.3826122623450974,0.16506813698612577
2,240.0,0.3597572167263621,0.1546410958244604
2,245.0,0.37392792996528257,0.1623950136990382
2,250.0,0.37789385641350015,0.16408404856858383
2,255.0,0.3908446055232949,0.1681566918570685
2,260.0,0.388603696743238,0.166275319049501
2,265.0,0.3707013689623223,0.15779143569258336
2,270.0,0.35981213195896544,0.15328882687195278
2,275.0,0.368818697385493,0.15791304118477834
2,280.0,0.374724826179217,0.16018509649157597
2,285.0,0.3690422463495525,0.1569002695952968
2,290.0,0.36562948301216314,0.15534517000272607
2,295.0,0.3665371224214161,0.15578186926767423
2,300.0,0.37128914475388475,0.15803280353229587
2,305.0,0.3917040077528561,0.16799248299441127
2,310.0,0.4370553668019267,0.19139169242467202
2,315.0,0.4961956951311064,0.2238873336346653
2,320.0,0.5046178126316951,0.22908707295782782
2,325.0,0.4575834718959906,0.2029123584038618
2,330.0,0.4090335200855748,0.17633028266265083
2,335.0,0.3837008115260844,0.16346332333518598
2,340.0,0.3537345669017157,0.14986755299827115
2,345.0,0.3410299406309194,0.14451267217783847
2,350.0,0.34117506188529345,0.14459634984275116
2,355.0,0.34631987254958807,0.14672275021146242
3,0.0,0.509846388845949,0.3373541634791348
3,5.0,0.5281991244552644,0.34518286220954364
3,10.0,0.5606759840197066,0.36493897515862384
3,15.0,0.620761371070578,0.41146813535705473
3,20.0,0.5954388564826032,0.39646730267863517
3,25.0,0.47910562637791,0.31492562476115205
3,30.0,0.3389327635456624,0.21535028523798616
3,35.0,0.25088802542462685,0.1549699515153513
3,40.0,0.2041182817371886,0.12398584422235881
3,45.0,0.19153709172753597,0.11633596179395289
3,50.0,0.20046189357132738,0.12259584223122089
3,55.0,0.2068568159192895,0.12688658089558635
3,60.0,0.21838404714600856,0.13471991937691463
3,65.0,0.22599603752419983,0.13965040687593655
3,70.0,0.22606717604563453,0.139574678394494
3,75.0,0.23383234392087604,0.1446422936166305
3,80.0,0.23836017300960066,0.14752532833067766
3,85.0,0.2376881894074544,0.14684765145726164
3,90.0,0.24288518808931703,0.1501639851507528
3,95.0,0.25295122581221696,0.15675235693494238
3,100.0,0.2537504584446272,0.15724383785582663
3,105.0,0.2579361955071169,0.15989308651764667
3,110.0,0.26921857523693016,0.16718891727330065
3,115.0,0.2711315185453488,0.1684026536315012
3,120.0,0.26035565577463005,0.16131879508007252
3,125.0,0.25162578212952347,0.1555974777879896
3,130.0,0.25038993361282535,0.15514881579368067
3,135.0,0.24064862027141398,0.14876353961946986
3,140.0,0.22716602641598294,0.1399858151530422
3,145.0,0.2210801273134162,0.1362122867560689
3,150.0,0.22013391867917287,0.1350503101655659
3,155.0,0.2396063306819891,0.14595562877214507
3,160.0,0.27189957579312596,0.16736820543115116
3,165.0,0.321628786877046,0.20171766303657568
3,170.0,0.3866336807577816,0.24954330478009323
3,175.0,0.4579060712202243,0.3028448504286021
3,180.0,0.50993037137593,0.33774639911726534
3,185.0,0.5265329985290796,0.3441428174710315
3,190.0,0.558028631308717,0.3635170395474828
3,195.0,0.6197999336684871,0.4108361301598321
3,200.0,0.598975489077666,0.39893022273799494
3,205.0,0.49164896038267913,0.3222574006675004
3,210.0,0.35595056692838367,0.2252352774933042
3,215.0,0.2679030700527285,0.16466677351708503
3,220.0,0.21467467416469033,0.12991048271214645
3,225.0,0.19085153820131995,0.11601897276052464
3,230.0,0.19559691725018957,0.1197184381012858
3,235.0,0.20236639694944014,0.12419970934500424
3,240.0,0.21553971952654305,0.13296151201301143
3,245.0,0.22377004101560494,0.1382846461197519
3,250.0,0.22483777714577002,0.1387912152861649
3,255.0,0.2334035523483755,0.14433356261844343
3,260.0,0.24002426482553418,0.14839611541464692
3,265.0,0.23835778918381434,0.14719524048142862
3,270.0,0.24384196628684118,0.15073793309234118
3,275.0,0.2540539566162058,0.15738794909935272
3,280.0,0.25520835379892925,0.15807443361937612
3,285.0,0.26374197732808236,0.16336147660302736
3,290.0,0.270831049286256,0.16810046686524138
3,295.0,0.27648469379967855,0.17152413027755242
3,300.0,0.2669083063396118,0.16524065108877561
3,305.0,0.2561905649282882,0.15809678700435437
3,310.0,0.2602619868859052,0.1609855714912164
3,315.0,0.25109235187964374,0.15495833648351887
3,320.0,0.23785661055306107,0.1462426981395537
3,325.0,0.23413068758650113,0.14383161253475685
3,330.0,0.2247810256995736,0.13767180639375376
3,335.0,0.22667521860929019,0.13893581978479075
3,340.0,0.2541112391438727,0.15699798365815365
3,345.0,0.3062475520308229,0.19264616915078914
3,350.0,0.3734604616885513,0.2418095798355291
3,355.0,0.44976908978025265,0.2981837064909588
4,0.0,0.30130477020747914,0.20486745284246177
4,5.0,0.30347723689734574,0.20648036825537397
4,10.0,0.30029822681588736,0.20492529975566576
4,15.0,0.2919775932621558,0.19849151838858559
4,20.0,0.28825248922186275,0.19619004738025536
4,25.0,0.2886679665335605,0.19647741080742698
4,30.0,0.2750913087130089,0.18644621551174578
4,35.0,0.28045859877001833,0.19074739968163412
4,40.0,0.2722963170411742,0.18499779343462275
4,45.0,0.25880055924957124,0.17511830953477947
4,50.0,0.2580604262880154,0.17507653060263417
4,55.0,0.2435819544298703,0.1647543530300123
4,60.0,0.2323520996934042,0.15697673219484776
4,65.0,0.23484598106324928,0.1583743237493258
4,70.0,0.26035855953954146,0.17614555160777523
4,75.0,0.3257195157378805,0.22409177571109284
4,80.0,0.4111416996702636,0.28974222885382617
4,85.0,0.5133646407141572,0.3712625965470422
4,90.0,0.565335780827455,0.4120735501718128
4,95.0,0.5448966316862575,0.3923293567320473
4,100.0,0.47729006331610857,0.3382792595645473
4,105.0,0.4316260007116547,0.3058022428533689
4,110.0,0.3894058750720105,0.2775260561142865
4,115.0,0.3769721344234732,0.2693929007835154
4,120.0,0.3514837404818698,0.2481068837889029
4,125.0,0.3184689128326398,0.2217392219206411
4,130.0,0.28330260279895525,0.19400100716461566
4,135.0,0.26381163300598953,0.1791881047188385
4,140.0,0.2627354260645528,0.1778265386193132
4,145.0,0.26266256524374176,0.17777673665833937
4,150.0,0.2644803912843414,0.1791778570971141
4,155.0,0.26948245529860915,0.18262474917970195
4,160.0,0.27582903256045244,0.18710390694045143
4,165.0,0.29503016838417884,0.20123340360755493
4,170.0,0.28983866222821997,0.19720544699423692
4,175.0,0.2903510558153325,0.1973051978995216
4,180.0,0.3006024321779641,0.20466571504492181
4,185.0,0.30321926234604146,0.20648814359565404
4,190.0,0.30611019659224015,0.20891826379950118
4,195.0,0.2911225921568985,0.19822239092263771
4,200.0,0.29231972254757144,0.19910810783580324
4,205.0,0.2910063416615849,0.19831056823485294
4,210.0,0.27348788032764015,0.18558249722799414
4,215.0,0.28558298665177384,0.19437962321684898
4,220.0,0.27979728994514874,0.19011690574323759
4,225.0,0.2611987406519588,0.17689813125897869
4,230.0,0.2638472318829771,0.1788462230824921
4,235.0,0.25033979638287596,0.16906864119317566
4,240.0,0.23678031869979432,0.15977253925718737
4,245.0,0.23515921348940583,0.15863199551924612
4,250.0,0.25452257857446636,0.17246777604281138
4,255.0,0.3213188814944137,0.22110773654199667
4,260.0,0.40632505382104733,0.286647532124807
4,265.0,0.5064688737711754,0.3668530884532757
4,270.0,0.5503488356431672,0.40186995788646107
4,275.0,0.5269775934096835,0.3805444535427257
4,280.0,0.4746178667924721,0.3366294211477292
4,285.0,0.4378386852960595,0.3101773011414285
4,290.0,0.39884165915333103,0.2838907248913717
4,295.0,0.3843553735639932,0.27441102810094187
4,300.0,0.35734822647778075,0.2523730973769054
4,305.0,0.3237301176388241,0.2254970071866741
4,310.0,0.2899254409426061,0.19834992798821394
4,315.0,0.2687258129821076,0.18218085295637254
4,320.0,0.2599329984330099,0.17598373448935
4,325.0,0.2567682066530368,0.17401066040303836
4,330.0,0.26256932015085743,0.17775558982590134
4,335.0,0.2675676282968611,0.18125800775392964
4,340.0,0.2740523053903866,0.18568841775696354
4,345.0,0.2950255195532129,0.20090679016305246
4,350.0,0.2869551605269772,0.19507260025003303
4,355.0,0.29049392814654174,0.19718755589547388
5,0.0,0.23464177458433244,0.08963960529022363
5,5.0,0.20643992334346828,0.07800497184618238
5,10.0,0.18469621610464992,0.06950712406084347
5,15.0,0.16245900712160755,0.06047188850193985
5,20.0,0.1526286791294741,0.056288667642103496
5,25.0,0.15440585170720666,0.05708168297203575
5,30.0,0.15914188857480105,0.05894911374252687
5,35.0,0.15785189857408932,0.05866869903104788
5,40.0,0.16413695837799103,0.06117315667683987
5,45.0,0.16145221940239185,0.060270453238355004
5,50.0,0.15433922125164778,0.057806238037901525
5,55.0,0.16337755096415107,0.06156793250888515
5,60.0,0.1733972947425656,0.06530332352962409
5,65.0,0.16395869293102316,0.06172127858268461
5,70.0,0.1519930483043882,0.056793718547653915
5,75.0,0.1533073251092465,0.057067753513960984
5,80.0,0.16696879863511038,0.062374472567197525
5,85.0,0.15974510765558647,0.05928427316236151
5,90.0,0.14432198118604467,0.053225328342343836
5,95.0,0.137515810857738,0.05030320291921664
5,100.0,0.12409797483138785,0.04524276528079807
5,105.0,0.11034349405651667,0.040054339547167306
5,110.0,0.09824479305888711,0.03570335751179621
5,115.0,0.16994000330633674,0.06312772940700206
5,120.0,0.39143617360498195,0.15695171118065832
5,125.0,0.3897447910748405,0.1560071000016251
5,130.0,0.14771962181568676,0.05443307248073037
5,135.0,0.10815044994840317,0.03932605781486631
5,140.0,0.1248735176549588,0.04532324403945054
5,145.0,0.1356014793536089,0.04919282616361176
5,150.0,0.14457253655312963,0.0526540924815021
5,155.0,0.15604910494239288,0.057063271340106136
5,160.0,0.16495704352291074,0.06070997675672407
5,165.0,0.18350476265120486,0.06850342710989765
5,170.0,0.20452687030428296,0.0774584976259427
5,175.0,0.240943982611159,0.0923167596607648
5,180.0,0.23378596977690091,0.08923300503888676
5,185.0,0.20678384128386018,0.07808701982558763
5,190.0,0.18474517261170476,0.06955403590003928
5,195.0,0.16323048487005554,0.06071510749849596
5,200.0,0.1534038999760272,0.056584142464294995
5,205.0,0.1546342484426022,0.05719383295368974
5,210.0,0.16010303108427282,0.059260368213952086
5,215.0,0.15868260303675352,0.058998324871565866
5,220.0,0.16525432334541867,0.0615388016731111
5,225.0,0.16023122605699947,0.059836309872652316
5,230.0,0.15350172205119472,0.057491276048885265
5,235.0,0.1648164930656555,0.062080817823706336
5,240.0,0.17294085117923808,0.0651315919348544
5,245.0,0.16784161741706516,0.06303020476829435
5,250.0,0.15453464245858117,0.05770577054624637
5,255.0,0.15033790778304412,0.0560420537899905
5,260.0,0.16707960794567533,0.06238138621946865
5,265.0,0.15712154466681805,0.05842946494668677
5,270.0,0.14517300327643934,0.053514409314961764
5,275.0,0.1376964637637641,0.05032223474306852
5,280.0,0.12290678518354559,0.04483772881807535
5,285.0,0.10846777343104841,0.03938365135198196
5,290.0,0.09740686250388964,0.03540787986138427
5,295.0,0.17081698284999625,0.0634247971086579
5,300.0,0.3952962266104201,0.1583558863913177
5,305.0,0.3933336555572229,0.15732185016431155
5,310.0,0.15002123524285582,0.055233258623721304
5,315.0,0.10703152570047558,0.03899068725907995
5,320.0,0.12380289403739864,0.04497097923482618
5,325.0,0.13564383423796733,0.04920966456556908
5,330.0,0.14544582487785973,0.052936829034850974
5,335.0,0.1566237474924691,0.05727614246872026
5,340.0,0.16632506986584705,0.06116886480417405
5,345.0,0.1833137348140118,0.06849344543121083
5,350.0,0.20496159936772762,0.0775420425606459
5,355.0,0.23941894106885875,0.09175519270791965
6,0.0,0.2514250976536002,0.17154347401749115
6,5.0,0.4121367921512914,0.28667274619723326
6,10.0,0.5603080222523862,0.3964845720473913
6,15.0,0.6244959093457239,0.44676829982850363
6,20.0,0.5722797722563551,0.41076974364113916
6,25.0,0.4535874880773033,0.32251444220434466
6,30.0,0.32546415501621595,0.224451771924435
6,35.0,0.23768889249699154,0.1590248327589453
6,40.0,0.1790262917704093,0.11723559667060568
6,45.0,0.1580079163655148,0.10328828470586116
6,50.0,0.1639308409853587,0.10746874975046028
6,55.0,0.17340017556962395,0.11397345806094039
6,60.0,0.1812353807643885,0.11968364216283145
6,65.0,0.19854629327455653,0.13193140397820324
6,70.0,0.1937710639934873,0.12848558725667225
6,75.0,0.18549937780424686,0.12261267735368786
6,80.0,0.21910334259379505,0.1465263622688734
6,85.0,0.22764908631005598,0.15298235350922407
6,90.0,0.20880141784655393,0.13899891263635578
6,95.0,0.19472925886467018,0.12888632062718142
6,100.0,0.23149552595686151,0.15501980718956243
6,105.0,0.23566890748627956,0.15839471724464116
6,110.0,0.21745053448258345,0.14524217966674813
6,115.0,0.20684715653384345,0.1381093852883838
6,120.0,0.20822020640190542,0.13888230220588682
6,125.0,0.21528924649982895,0.14381007123844325
6,130.0,0.20638428329864156,0.1374655173102849
6,135.0,0.19922735270704028,0.13243569243387443
6,140.0,0.191579955759688,0.12669268293755742
6,145.0,0.1887958552714587,0.12433184573210754
6,150.0,0.18436353125055183,0.12116021733437354
6,155.0,0.1709417799548566,0.11179221778749338
6,160.0,0.1600516029365161,0.10430800532195017
6,165.0,0.14786184068296548,0.09637651226060862
6,170.0,0.13826666337225713,0.09034038601839622
6,175.0,0.16148547327012408,0.10723090805385183
6,180.0,0.24411868206964693,0.16687161551179408
6,185.0,0.41061349861488095,0.2859488831837578
6,190.0,0.5606667303025523,0.396812319425187
6,195.0,0.6205698102289378,0.44399190028573543
6,200.0,0.5706748039075689,0.40958477630390033
6,205.0,0.44284010665009255,0.3152291913630244
6,210.0,0.30663866243559457,0.21232952378645142
6,215.0,0.22368953611246079,0.15022557286260751
6,220.0,0.17405253599101322,0.11401198827054193
6,225.0,0.16268016599431612,0.1060550338972518
6,230.0,0.17393210043161733,0.11357733945659321
6,235.0,0.17860030534674043,0.11724603500264152
6,240.0,0.18968093281688492,0.12494071079375357
6,245.0,0.20519066613617543,0.13605068754605942
6,250.0,0.19133192892605744,0.1270110045311189
6,255.0,0.18747999957500505,0.12396225374082925
6,260.0,0.22493133596785864,0.15029934319297145
6,265.0,0.2313721804327945,0.1553065144818473
6,270.0,0.20498302755372289,0.13653683640149472
6,275.0,0.1905875047983563,0.1263542610126115
6,280.0,0.23463360558666113,0.15698859275118904
6,285.0,0.2390219533624185,0.16045407412688772
6,290.0,0.2133974409206485,0.14285107354927706
6,295.0,0.20566023126559885,0.137280735252844
6,300.0,0.2128089734277091,0.14180595017246056
6,305.0,0.21758582573465024,0.14516807119943387
6,310.0,0.20166788789655243,0.13445177222008642
6,315.0,0.20008774346334302,0.1327931933818638
6,320.0,0.19100780534386086,0.1262810684154686
6,325.0,0.18510764308598704,0.12210965423787568
6,330.0,0.181032871069707,0.11918082255641438
6,335.0,0.16664303992142593,0.1091385823571065
6,340.0,0.15664565195810598,0.1023553544887541
6,345.0,0.14542684223428426,0.09494136319445867
6,350.0,0.1381777555844249,0.09040115533832438
6,355.0,0.16287663995552104,0.10813518050119919
7,0.0,0.5173047923000279,0.21882606156369544
7,5.0,0.41080565974893835,0.16644729552288928
7,10.0,0.3208139119689748,0.12675700232827225
7,15.0,0.2942637284205163,0.11557526446334698
7,20.0,0.3028507780123465,0.11894581718140429
7,25.0,0.31612400123054984,0.1245301482772434
7,30.0,0.3046718536933063,0.12006450726910212
7,35.0,0.3257734689185541,0.129394976893498
7,40.0,0.41061922002278717,0.16726275133285062
7,45.0,0.40441631472276884,0.16458468154724848
7,50.0,0.33261371304245213,0.13154717601049104
7,55.0,0.2943840891425943,0.1148397291752199
7,60.0,0.3306948046770666,0.13068167096467898
7,65.0,0.33072669089917117,0.1306131749923366
7,70.0,0.29137468859047977,0.11363856468318356
7,75.0,0.29138727272014486,0.11308654119804995
7,80.0,0.37384782518896453,0.14846723836815834
7,85.0,0.5423939994631859,0.22886402901923575
7,90.0,0.5699996589005174,0.2435724719234279
7,95.0,0.46324855904548135,0.19002344657697823
7,100.0,0.32898698529075265,0.12898032073114452
7,105.0,0.2991334636883606,0.11677253688685596
7,110.0,0.3274152344617879,0.12891910171543908
7,115.0,0.3436702282040266,0.1358700104280347
7,120.0,0.32967618876237403,0.12973133027710604
7,125.0,0.3496817735999769,0.13874284102772105
7,130.0,0.438084863160342,0.17887597688134727
7,135.0,0.43027710591178203,0.1754576714233802
7,140.0,0.33538762886196827,0.13248977223687486
7,145.0,0.29509856071669405,0.115248586463094
7,150.0,0.33969161576904705,0.13462489799012733
7,155.0,0.3405862977197156,0.1355522065099879
7,160.0,0.3021239366299143,0.11920450628817214
7,165.0,0.30634609706723304,0.12015055834895172
7,170.0,0.3765341540351489,0.1507266395627742
7,175.0,0.502108576278981,0.21211114901026273
7,180.0,0.5166701984361526,0.21853745403329206
7,185.0,0.4180873957726364,0.16923399474560663
7,190.0,0.323800072673057,0.12781486134338282
7,195.0,0.2848364877076558,0.11235673337122787
7,200.0,0.3040042960887688,0.11937268082555241
7,205.0,0.31510093951566975,0.12430123372418178
7,210.0,0.3059022233548242,0.12054849383499655
7,215.0,0.3352374955624463,0.13286362647109995
7,220.0,0.41478783560499755,0.16885026841504702
7,225.0,0.4040807995150564,0.16456020118793036
7,230.0,0.33142556343556684,0.1311163469679607
7,235.0,0.2943137717857175,0.11472536854410764
7,240.0,0.33054458080827953,0.1307072621373343
7,245.0,0.3279242963990554,0.12958862214888256
7,250.0,0.28826144482351146,0.1124216517971306
7,255.0,0.2853799957663624,0.11093478934593126
7,260.0,0.37334292219619547,0.14794593447881155
7,265.0,0.5440725078877415,0.2295474351070329
7,270.0,0.5738276720656691,0.2450292072758078
7,275.0,0.4729043057744283,0.19348416104450195
7,280.0,0.33209201999292737,0.12992680441019488
7,285.0,0.2932562445024719,0.11448709436789783
7,290.0,0.3242225039207718,0.12757758834298327
7,295.0,0.34060769419685655,0.13461950694203817
7,300.0,0.3270004876631287,0.12876558653063108
7,305.0,0.3520375282983018,0.13949068832493516
7,310.0,0.43378566198373014,0.17718287744770034
7,315.0,0.4239474544146593,0.1729130050875024
7,320.0,0.33394161891180085,0.13187563054586404
7,325.0,0.29609103779384127,0.11569208697339683
7,330.0,0.33960379714576183,0.1346334665916895
7,335.0,0.34175178508982007,0.13581233122057035
7,340.0,0.29695884985357046,0.11725149104200006
7,345.0,0.3018456428928433,0.11849071969417935
7,350.0,0.37316633974013014,0.14932207398638142
7,355.0,0.5038665818290169,0.21257271639985387
8,0.0,0.16913758652868238,0.10203727555959008
8,5.0,0.17764815891162522,0.10666129949729919
8,10.0,0.18383154083596076,0.11062602995984006
8,15.0,0.19373669739101218,0.11658442004735392
8,20.0,0.20804321332715547,0.12593070049437982
8,25.0,0.18884275066408585,0.11351892979231282
8,30.0,0.20359496715517567,0.12335277766452735
8,35.0,0.1997406808449792,0.12114764521454668
8,40.0,0.20180957894277318,0.12219665292700999
8,45.0,0.19241358714361545,0.11668522437995432
8,50.0,0.18703354639700354,0.11345120048830404
8,55.0,0.20481435735912468,0.12460079190066442
8,60.0,0.19445202825688346,0.11780463429482002
8,65.0,0.1807158262643751,0.10953553147519346
8,70.0,0.19425521057773687,0.11812237117389224
8,75.0,0.23129835906350305,0.1422317060056123
8,80.0,0.25503822563358247,0.15944551166456222
8,85.0,0.3076097585593045,0.19697562687600467
8,90.0,0.3586139802132431,0.23437655027735815
8,95.0,0.3231503636781843,0.21125194608331843
8,100.0,0.27825222300317554,0.17632384033424242
8,105.0,0.22552503419987013,0.1393526086671144
8,110.0,0.19055018360258613,0.11573192423258605
8,115.0,0.1554504324917414,0.09369061884909524
8,120.0,0.13979729546632125,0.08372705462069552
8,125.0,0.14219859723402084,0.0853083457720265
8,130.0,0.1561281368156321,0.09486464674686224
8,135.0,0.23585674328671868,0.14707921308958416
8,140.0,0.36401253499705466,0.23408112809884962
8,145.0,0.4782947675540934,0.31697796447461335
8,150.0,0.4686813346575436,0.3113657901277619
8,155.0,0.35451670684439773,0.22656550984287216
8,160.0,0.2163950514930012,0.13224114559776956
8,165.0,0.1404101508998049,0.08476508598935595
8,170.0,0.14873936706880664,0.08971517088852976
8,175.0,0.15645727706270018,0.09397018148418779
8,180.0,0.17279272241653088,0.10394995707931454
8,185.0,0.1779861398185183,0.1067611275091046
8,190.0,0.18488449886509883,0.1110571296722509
8,195.0,0.19341457643703186,0.11630034017940794
8,200.0,0.20867428625036444,0.12623936943155067
8,205.0,0.18668090149964567,0.11230264907718235
8,210.0,0.20639649946598282,0.12484301803684983
8,215.0,0.1992816572085475,0.12078499172545765
8,220.0,0.20018914908805563,0.1212134439910394
8,225.0,0.1916844479952704,0.11615810024440931
8,230.0,0.18729283525016782,0.11341518365475345
8,235.0,0.20482317378484494,0.12448103480545913
8,240.0,0.19206786884581017,0.11633907253023068
8,245.0,0.17730735249027263,0.10760225698126202
8,250.0,0.19568026659105842,0.11891413999212974
8,255.0,0.2360549683119535,0.1448875830307499
8,260.0,0.25571462743514006,0.15981525205898495
8,265.0,0.30396120011390404,0.1946699786677587
8,270.0,0.3553160333648341,0.23234071367178988
8,275.0,0.32368417120677184,0.21144219286130395
8,280.0,0.2735020984791503,0.17330675627487235
8,285.0,0.22121675969848154,0.1366095587851358
8,290.0,0.1882529875775416,0.11439003425105065
8,295.0,0.15603515152666503,0.09401749146351823
8,300.0,0.13932881067737868,0.08352354641057558
8,305.0,0.13446879762943875,0.08098977643561922
8,310.0,0.1452906340935417,0.08874662305418135
8,315.0,0.2347642415004888,0.14614307232367052
8,320.0,0.3723079022971426,0.23870925086606487
8,325.0,0.48820576199581545,0.3230486845746351
8,330.0,0.4784068603986785,0.3173893256262146
8,335.0,0.3654725752608854,0.23317572757582805
8,340.0,0.22416986825543217,0.1366927604422472
8,345.0,0.13691978978272157,0.08281305786935012
8,350.0,0.14364249583800892,0.08680744764704762
8,355.0,0.15279455925595964,0.09195592342347436
9,0.0,0.30214417778628366,0.1258307958095075
9,5.0,0.27401664439261375,0.11264047684664391
9,10.0,0.305021637692521,0.1259884060261589
9,15.0,0.4246141324955318,0.18366553079885206
9,20.0,0.48220304430870853,0.21326459820841537
9,25.0,0.4248664311323401,0.1837481863726279
9,30.0,0.33255714095686495,0.1390287375205258
9,35.0,0.28535367971859193,0.11801933575472057
9,40.0,0.3134919867040261,0.13097573895005932
9,45.0,0.31992122752363217,0.13393918846217268
9,50.0,0.2811663539511079,0.11639462700329528
9,55.0,0.2899265075945575,0.11974329487134283
9,60.0,0.39419289857230655,0.1686191756111678
9,65.0,0.4733784708501465,0.20864677641097817
9,70.0,0.4518395906352699,0.19675462301053037
9,75.0,0.3391656922837595,0.14204753311289997
9,80.0,0.28011920882055974,0.11533300399791557
9,85.0,0.30858586109622754,0.12799553249285478
9,90.0,0.34635823782428243,0.14573615301933995
9,95.0,0.3755014095286594,0.15906387656083887
9,100.0,0.35741912857988434,0.15098849958547678
9,105.0,0.3167319507753581,0.13222243978447756
9,110.0,0.3146341743545499,0.1303643927285303
9,115.0,0.3682338112265148,0.15466759041805567
9,120.0,0.453805569878609,0.1978465793416896
9,125.0,0.4990744481050904,0.2205621310782242
9,130.0,0.5003653820287901,0.21800305717193424
9,135.0,0.49654671864087196,0.218957636342191
9,140.0,0.474430797961665,0.20995708949335223
9,145.0,0.4243149931070507,0.1822729855464511
9,150.0,0.37440112863491093,0.1581563849979274
9,155.0,0.32615712857017654,0.13674458669644873
9,160.0,0.33607106553403543,0.14124134178987002
9,165.0,0.35137347046833756,0.14902510553726156
9,170.0,0.3539527697338506,0.14916818787742714
9,175.0,0.33509381498297164,0.14046300256404454
9,180.0,0.30229219604884194,0.12596583189912813
9,185.0,0.272448307430195,0.112110816104798
9,190.0,0.3041119086136087,0.12587402288422944
9,195.0,0.4299210181944264,0.1859231075880018
9,200.0,0.49212133417141113,0.21738713472242943
9,205.0,0.4276153445683084,0.1849211695249866
9,210.0,0.32875065930133984,0.13753975667468288
9,215.0,0.28221803113304644,0.11669931919904919
9,220.0,0.31255640846174104,0.13084811098912186
9,225.0,0.3180864705818415,0.13349085104607483
9,230.0,0.27679414451104845,0.11459233344415465
9,235.0,0.2937293986603151,0.12110322188668665
9,240.0,0.4031775774462517,0.1722054709791837
9,245.0,0.48283741690607984,0.2124455578309039
9,250.0,0.4607902198546424,0.20034652761295602
9,255.0,0.3371596394752797,0.14112529784780692
9,260.0,0.2729804108462659,0.1126856605089166
9,265.0,0.3043242327800654,0.12651216449664104
9,270.0,0.3430129769279674,0.14439875773978883
9,275.0,0.37997819657994025,0.16077829882178785
9,280.0,0.3692000875068192,0.15559383050616027
9,285.0,0.32355563829213896,0.13488866870459604
9,290.0,0.3123902515926089,0.12985585980976322
9,295.0,0.3536773117553046,0.14903589331591638
9,300.0,0.4298851926760572,0.18829433433324205
9,305.0,0.4791862962757816,0.21213856403965203
9,310.0,0.48978018206435414,0.21353470693600207
9,315.0,0.49757606992383796,0.21939010125736125
9,320.0,0.485258839656842,0.21419600946828898
9,325.0,0.4345635652591743,0.18636019442522167
9,330.0,0.3788237891722791,0.15991666256386383
9,335.0,0.3347857805845209,0.13999991300391013
9,340.0,0.3372905412267272,0.14147672816188717
9,345.0,0.35002569908168324,0.1484367730649454
9,350.0,0.348962854611526,0.14711679521950494
9,355.0,0.3303176579718712,0.13832456136121407
10,0.0,0.2536472822042064,0.10079054949751165
10,5.0,0.175434266359643,0.06758603161250787
10,10.0,0.11752991874820984,0.04366472710819569
10,15.0,0.20747119707377581,0.08161848341943034
10,20.0,0.2635007007027791,0.10676080655850118
10,25.0,0.21522102869102777,0.08479500412424723
10,30.0,0.13944141178999492,0.051901895790804176
10,35.0,0.22886563715195174,0.08945501143609824
10,40.0,0.2081193905457649,0.0806295729921429
10,45.0,0.149331143629008,0.05603144557222195
10,50.0,0.18936854697985728,0.07386653344139305
10,55.0,0.19474658067620743,0.07438950186963011
10,60.0,0.16380173375034401,0.061918646899305374
10,65.0,0.1369986049084133,0.05108397233864248
10,70.0,0.12355848889769117,0.04598976255188558
10,75.0,0.18825922175504206,0.07496386361625029
10,80.0,0.25456230184971995,0.10367110102142085
10,85.0,0.3612505556853909,0.14702596949405522
10,90.0,0.3492265659623919,0.14413036349987662
10,95.0,0.2789231652682308,0.11144778965192847
10,100.0,0.13626391689899542,0.05089788993131128
10,105.0,0.11106251475053308,0.04174152148363708
10,110.0,0.15166824956489955,0.0589584125929008
10,115.0,0.12934338733983086,0.04838294730728754
10,120.0,0.13641741853553446,0.051169907655264746
10,125.0,0.14952330416566229,0.05651945472461173
10,130.0,0.10401467719200497,0.03864250287803794
10,135.0,0.18276476537458353,0.07236968878211658
10,140.0,0.2931139725331162,0.11990772893878177
10,145.0,0.272586653956974,0.10922674436809887
10,150.0,0.11377990011362171,0.04237636640416509
10,155.0,0.11684260645120548,0.04349085531895347
10,160.0,0.13596220042151508,0.05098327081626031
10,165.0,0.12172565614553099,0.04558613583903437
10,170.0,0.14209283107291237,0.05529640791894974
10,175.0,0.2175355904407048,0.0847327742294639
10,180.0,0.2606682899204953,0.10334887090768796
10,185.0,0.18098175278276296,0.06947227751091178
10,190.0,0.11191577701414179,0.041644554546810264
10,195.0,0.20323606299726826,0.08013708264348085
10,200.0,0.260129955439814,0.10553419197137048
10,205.0,0.21059177708829924,0.08318788276612632
10,210.0,0.14107879016418,0.052449710757251244
10,215.0,0.2280701508650862,0.08914694680301283
10,220.0,0.20786816395579477,0.08053728090545087
10,225.0,0.14782346534609947,0.05547082503593448
10,230.0,0.19143320665603192,0.07461805922993237
10,235.0,0.19623229765171668,0.07491755113178722
10,240.0,0.16218298265841347,0.061335653538948764
10,245.0,0.13783988979124007,0.05137630067581633
10,250.0,0.12374667611534385,0.046100694789086516
10,255.0,0.19389348504319492,0.07698180352862793
10,260.0,0.259244246136906,0.10529872533936757
10,265.0,0.3612372862990163,0.14700335133690945
10,270.0,0.34422691272246564,0.14237297844281405
10,275.0,0.2690263323265414,0.10783582615073217
10,280.0,0.13241685321700447,0.04938026601073142
10,285.0,0.11706045852415758,0.04377439445861875
10,290.0,0.15767377904125424,0.06103320330788442
10,295.0,0.13147688494889187,0.049063737290644616
10,300.0,0.1346706113427637,0.0505017153344276
10,305.0,0.14607368689389344,0.05528169148366624
10,310.0,0.10510993242696753,0.03908612809106604
10,315.0,0.1911350110595682,0.07537767612986601
10,320.0,0.298638436621836,0.1219413557136586
10,325.0,0.2754195053657753,0.11029291008318409
10,330.0,0.11516408657800359,0.04288061197892823
10,335.0,0.11462825612357042,0.04262424078674887
10,340.0,0.13312518628369663,0.049936584450874344
10,345.0,0.12516560237865448,0.04672503143878537
10,350.0,0.14667691049874043,0.05685618861626107
10,355.0,0.2116492213627027,0.08255875991545014
11,0.0,0.480720527258951,0.20207922747015294
11,5.0,0.4091488117645288,0.16553544565479505
11,10.0,0.32392492834377773,0.12722985570370082
11,15.0,0.3182578512621549,0.12578968854539951
11,20.0,0.3348084822517593,0.13317403338629974
11,25.0,0.34576534799417824,0.13749903039208589
11,30.0,0.41629686304604496,0.16886726325469603
11,35.0,0.4443969532585872,0.1823615185819185
11,40.0,0.3872978353322042,0.15610867757681046
11,45.0,0.326003087169059,0.1285755397444559
11,50.0,0.3579903529668036,0.14244964865285148
11,55.0,0.3664337103388885,0.14631710404981857
11,60.0,0.3392226281148264,0.13434759610970393
11,65.0,0.3296091114750188,0.12988179372908504
11,70.0,0.33373994434896137,0.1306719219288952
11,75.0,0.3703991468721751,0.14608794327702468
11,80.0,0.4494584526353823,0.18268699649061293
11,85.0,0.6060036352966118,0.26031731044402495
11,90.0,0.6475668021653743,0.28192337635048825
11,95.0,0.5631921569526982,0.23804084620894217
11,100.0,0.4396771446985268,0.1786263585345702
11,105.0,0.3636864638691506,0.1441756478611762
11,110.0,0.3300116953415029,0.13011584330734716
11,115.0,0.3115592724948112,0.1223944980398387
11,120.0,0.3320322833902797,0.13167700465868315
11,125.0,0.3409475284671156,0.1358762997281775
11,130.0,0.30811202662849113,0.12126652680057415
11,135.0,0.32931003519018864,0.13022641889283126
11,140.0,0.3884216594866903,0.15781825475950795
11,145.0,0.3986321031154434,0.16251027112040284
11,150.0,0.33760705997113083,0.1341072605181277
11,155.0,0.32419659091391617,0.12853767807761207
11,160.0,0.3222597972286587,0.1278919553213559
11,165.0,0.29874604732014953,0.11761790871847777
11,170.0,0.32966049741438197,0.13023234176933962
11,175.0,0.4472966940837342,0.18513376577495422
11,180.0,0.48331925053437685,0.20302743459550365
11,185.0,0.40471103533477426,0.16394388001740479
11,190.0,0.3219574572883326,0.126572981230878
11,195.0,0.3157833943565982,0.12477428790979017
11,200.0,0.3368833333017207,0.13405091947094228
11,205.0,0.345271607516871,0.1372904485628723
11,210.0,0.41756275275478305,0.16936694787797446
11,215.0,0.44809105467758303,0.18371556058273575
11,220.0,0.39855234610854084,0.16042591966307684
11,225.0,0.328514006491058,0.12943557892747004
11,230.0,0.35413052206761886,0.14099527126984834
11,235.0,0.3704028642999012,0.14770607260008528
11,240.0,0.34842874891106823,0.13781348274599758
11,245.0,0.32683268412797495,0.129056058031911
11,250.0,0.32372296621702534,0.12722438566736882
11,255.0,0.36884536633273246,0.14540844531182306
11,260.0,0.4608079720551438,0.1868447830426866
11,265.0,0.612646334596321,0.26277859628547495
11,270.0,0.6571257471616805,0.2856650368908017
11,275.0,0.574809250506721,0.242199580806009
11,280.0,0.4468818738968289,0.1813853259853324
11,285.0,0.3617658567078955,0.1431353597140017
11,290.0,0.31712036009571287,0.12567012121621224
11,295.0,0.30417576624446374,0.11988080677350832
11,300.0,0.3297288493710727,0.1309690212169644
11,305.0,0.34246859840448773,0.13658336802603432
11,310.0,0.30791208410081683,0.12125270371993102
11,315.0,0.3276433882656311,0.12959833882137417
11,320.0,0.39047637794903123,0.15865303486988336
11,325.0,0.4031256530515531,0.1643160526430899
11,330.0,0.3392059894465478,0.13480514669760568
11,335.0,0.3200322487515087,0.12694244534174048
11,340.0,0.31500208126518514,0.12535454828930037
11,345.0,0.2979798866113903,0.11744670598750429
11,350.0,0.33308934504704724,0.13137526107807718
11,355.0,0.45232521837400874,0.18692135388266873
12,0.0,0.23162695693499702,0.14584463632580025
12,5.0,0.2725282363071816,0.17424275148432933
12,10.0,0.2382869139624324,0.15003854261220273
12,15.0,0.2974872429037956,0.1894737999274304
12,20.0,0.3251347238844249,0.20901426150687497
12,25.0,0.25638394834043665,0.16111774753514052
12,30.0,0.26606161376412185,0.1688839581301812
12,35.0,0.27882324629454447,0.17836506761784687
12,40.0,0.23528032772659957,0.14856120139800522
12,45.0,0.22413830654886835,0.1419328415981822
12,50.0,0.22714002056271299,0.14419274463899023
12,55.0,0.19411445319888687,0.12218916597617024
12,60.0,0.17784887457608756,0.11183900592409446
12,65.0,0.16549499547993618,0.10375204781750091
12,70.0,0.15289652834239953,0.09529832817870643
12,75.0,0.15961989898610363,0.10026227139834676
12,80.0,0.16554314989086683,0.10568249680741515
12,85.0,0.1738246558693738,0.11358740276601553
12,90.0,0.20032877911398483,0.13060217409415364
12,95.0,0.2540789774546124,0.16627583461370699
12,100.0,0.3539636721868705,0.23314821269347552
12,105.0,0.4979697649157395,0.33848157672101276
12,110.0,0.5995330610933371,0.41519748121851285
12,115.0,0.6268921071407195,0.4371859345873228
12,120.0,0.5356063239805098,0.36773043297478736
12,125.0,0.36294786670063384,0.23934015608018466
12,130.0,0.2056233999211371,0.13135174843003627
12,135.0,0.10800621473180017,0.0674790926707235
12,140.0,0.09576448556665562,0.059447618226279864
12,145.0,0.10925169427249193,0.06741560808954095
12,150.0,0.12818309132125616,0.07919664300927409
12,155.0,0.14778718577664196,0.09173264753619581
12,160.0,0.17679348320558064,0.11044981813879229
12,165.0,0.19163983829913944,0.12008560078288699
12,170.0,0.216378967088101,0.1366458269167855
12,175.0,0.22214009478544616,0.1402965955974873
12,180.0,0.22882490101845787,0.1442791102152029
12,185.0,0.2725976552542275,0.1742077437829036
12,190.0,0.24079976863784325,0.1514668978215994
12,195.0,0.29525218222546523,0.18797411845231782
12,200.0,0.3239687037451442,0.20818853194065212
12,205.0,0.25604673450738735,0.16079842748687212
12,210.0,0.26558742600845764,0.16859484948380354
12,215.0,0.2789271500004915,0.17822933899100724
12,220.0,0.23189639257818728,0.14653560682457145
12,225.0,0.2249984778827827,0.14237974690008348
12,230.0,0.22550647563117077,0.14319148406098547
12,235.0,0.1942240524383666,0.1221726967942991
12,240.0,0.17679538231698988,0.11120880818420276
12,245.0,0.16544829041848796,0.10372238477612772
12,250.0,0.15263152252279433,0.09515170026282549
12,255.0,0.15541032532815335,0.09772919725071738
12,260.0,0.16005387793946113,0.10234553170011751
12,265.0,0.17164392333511447,0.11221224084526737
12,270.0,0.19946511228007924,0.1301218512347122
12,275.0,0.2563231495447046,0.16760193885695307
12,280.0,0.3557325906471992,0.2342801446843239
12,285.0,0.4999873307268383,0.33984521429442804
12,290.0,0.5976665329259165,0.4141804459421946
12,295.0,0.6242312361283484,0.43538843741760136
12,300.0,0.5412169166705868,0.37124187258104213
12,305.0,0.36492816064024447,0.2405469031779791
12,310.0,0.20522449972817203,0.13103886110827834
12,315.0,0.1088731886446026,0.06805800640065285
12,320.0,0.09322575146562861,0.05796723347629784
12,325.0,0.10686298951593032,0.06597900430671066
12,330.0,0.12665869985246547,0.0782892045514827
12,335.0,0.14715768320827316,0.09138152972108249
12,340.0,0.17465159065549618,0.10924389653829014
12,345.0,0.19169070640272767,0.12012468945805566
12,350.0,0.21665496047371235,0.13675235579733125
12,355.0,0.2216376176472895,0.14002988871960975
13,0.0,0.6010041052711836,0.3192795861106278
13,5.0,0.5465515585661163,0.284568052666492
13,10.0,0.42896388302348165,0.21643691865667702
13,15.0,0.3822852658960074,0.19137094856406733
13,20.0,0.35630926463346246,0.17707908769370206
13,25.0,0.3922675312491144,0.196470881888144
13,30.0,0.4382248488463847,0.22352863091625075
13,35.0,0.3979787769849402,0.2003961510252633
13,40.0,0.3394840512203342,0.16899552389747352
13,45.0,0.3246801075532535,0.16038655815367575
13,50.0,0.3663966192335394,0.18259571479327152
13,55.0,0.5018885598661647,0.2604700132835065
13,60.0,0.5573021218784269,0.2964843432064631
13,65.0,0.5003243037848486,0.2599693144558459
13,70.0,0.35400795192489365,0.17569221836299453
13,75.0,0.30036247573158004,0.14701437259554406
13,80.0,0.2961245454250092,0.14573480370617153
13,85.0,0.36640034877150873,0.1828237186135525
13,90.0,0.44314095563322553,0.22645728220748174
13,95.0,0.4178774741143052,0.21381290249683094
13,100.0,0.36000837225271765,0.1846809292593894
13,105.0,0.3568017616558583,0.18186525105528595
13,110.0,0.3972726417362642,0.20021269454971125
13,115.0,0.5207086578934501,0.26969016386774314
13,120.0,0.568205693870621,0.3016900966898227
13,125.0,0.5050318640410183,0.26191311003583173
13,130.0,0.3514104136872097,0.17425981618756603
13,135.0,0.3128312378452379,0.15408366508824578
13,140.0,0.32294257358517964,0.1590204151776533
13,145.0,0.3939755705651027,0.19676298185173424
13,150.0,0.4636145165421858,0.23659366975831397
13,155.0,0.4491630059122089,0.22903803796696154
13,160.0,0.40444710687086727,0.20550501711480618
13,165.0,0.413391054537976,0.20908117643384738
13,170.0,0.43163795622501355,0.21696369470431653
13,175.0,0.5359147954362848,0.27723964243244326
13,180.0,0.5992784524997277,0.3185423678164766
13,185.0,0.5477152052003357,0.28506219827800217
13,190.0,0.4329044478528834,0.21815649922683777
13,195.0,0.38628083452397044,0.1931647190003607
13,200.0,0.3570564309232698,0.17740796937504233
13,205.0,0.39276794522225245,0.19675220759309808
13,210.0,0.4392188395451563,0.2239779617944957
13,215.0,0.3966912769938383,0.1996709517189369
13,220.0,0.3399071210010268,0.1691740992311006
13,225.0,0.32719084302209267,0.16149694735428533
13,230.0,0.3700953388813534,0.18426998911739167
13,235.0,0.5080072610119555,0.26324396621160007
13,240.0,0.563527360041747,0.29933212913455065
13,245.0,0.507397248789186,0.26325946078602813
13,250.0,0.35965535774675805,0.1782469149733934
13,255.0,0.3023040769654096,0.1480073600094054
13,260.0,0.29241226349765703,0.14418531123198708
13,265.0,0.3681896726993792,0.18361396477707193
13,270.0,0.4426261901232845,0.22619994490124717
13,275.0,0.41682391786688366,0.21338543102513796
13,280.0,0.35460423038091593,0.18209480413283874
13,285.0,0.35263659286878823,0.17978442464721534
13,290.0,0.39424739689520094,0.19865157301075342
13,295.0,0.5216194877783599,0.27001881211288015
13,300.0,0.5703714755180367,0.30271224627281446
13,305.0,0.5092038298970897,0.2641551495917327
13,310.0,0.3595461045852101,0.17812293297527726
13,315.0,0.31520607486126917,0.15508818555713777
13,320.0,0.3215654238971417,0.15851571116274454
13,325.0,0.3966024963874132,0.19799111244346057
13,330.0,0.46728555173056985,0.2381820724743774
13,335.0,0.45045083249079365,0.22965618464265736
13,340.0,0.4020394462463347,0.2043817944059778
13,345.0,0.41394478915195276,0.20923449187691523
13,350.0,0.4349212274418761,0.21837599177211064
13,355.0,0.5388749964721052,0.2786455763148027
14,0.0,0.4652912896330518,0.3172963809470192
14,5.0,0.39763680510915345,0.2678862403129726
14,10.0,0.2768152580325083,0.17967889870597387
14,15.0,0.200858580144201,0.12781619728119908
14,20.0,0.20119410228760493,0.1300067100082496
14,25.0,0.23803650986373093,0.15665315096841426
14,30.0,0.27059094062415434,0.17949632354671496
14,35.0,0.2530609495978019,0.16549152491655217
14,40.0,0.22287949019117315,0.14312193142728813
14,45.0,0.19375383337397556,0.12330876622603049
14,50.0,0.17936875554341536,0.11420722826402341
14,55.0,0.17718467155375706,0.11274899806796146
14,60.0,0.19077953363464883,0.12109544516300619
14,65.0,0.19748377664905914,0.12546655570259646
14,70.0,0.19668527040034467,0.12492535705732954
14,75.0,0.2109855500627993,0.13437390777242464
14,80.0,0.20778899004854678,0.13228194450571173
14,85.0,0.21285184761084752,0.13495743877768085
14,90.0,0.21530370480087935,0.13714960302927803
14,95.0,0.2225344873079248,0.14178563745411576
14,100.0,0.223134250604744,0.14253823570306623
14,105.0,0.215811526440443,0.13760385797306318
14,110.0,0.19730227075229934,0.125412122106638
14,115.0,0.20029663454746738,0.12741543889475682
14,120.0,0.2100742559845118,0.133764971031881
14,125.0,0.19402309571892684,0.12335807774264651
14,130.0,0.1895862824798179,0.12049028131753803
14,135.0,0.18071988912420278,0.11476223662253449
14,140.0,0.16407152515009737,0.10386243474896317
14,145.0,0.16259123126650254,0.10298384195267518
14,150.0,0.15667613769716948,0.09934920743606479
14,155.0,0.16281363793257275,0.10410321497345032
14,160.0,0.1838430419613014,0.11882260893608443
14,165.0,0.24086085112068578,0.15683876005911024
14,170.0,0.33666919071035106,0.22288943603073696
14,175.0,0.44396022885158526,0.29933956926713345
14,180.0,0.46836270384080847,0.31932121683963954
14,185.0,0.3947963874276431,0.2661601029995543
14,190.0,0.26900386725054215,0.1748990471805406
14,195.0,0.19927080016206256,0.12678305211643592
14,200.0,0.2036518900383878,0.13155747691613617
14,205.0,0.23853866690442682,0.15709584136438615
14,210.0,0.26838096730345506,0.17835614851972925
14,215.0,0.2527234530203585,0.16523387935258427
14,220.0,0.21861506868859415,0.14050139379544624
14,225.0,0.18397457353339552,0.11740605051118269
14,230.0,0.17686701576803754,0.112907108569683
14,235.0,0.18336255855779615,0.1165317457417665
14,240.0,0.19223139323933114,0.12229401916271954
14,245.0,0.1985616461967178,0.1263862244614138
14,250.0,0.19559646017914112,0.12431171737443325
14,255.0,0.20722868793458338,0.13198279584500483
14,260.0,0.20492759678890704,0.13071534569140897
14,265.0,0.21165854305932486,0.13437936582794896
14,270.0,0.2211977049926399,0.14069275787882407
14,275.0,0.22414146645940403,0.142848667294451
14,280.0,0.2227916825799492,0.14244952918325127
14,285.0,0.21827637358035423,0.1394061175821082
14,290.0,0.1971093421206359,0.12515101171286946
14,295.0,0.2009737271595442,0.12781453741204618
14,300.0,0.2089680925158437,0.1330783644118162
14,305.0,0.19632597407558083,0.12486075901064309
14,310.0,0.1906232584459987,0.1210847837933543
14,315.0,0.18139361304140866,0.11516947700079139
14,320.0,0.1637987336852892,0.10360060530960957
14,325.0,0.16331776869350223,0.10335786636829347
14,330.0,0.1622142945390378,0.1026312985112775
14,335.0,0.17020509057691435,0.10836789105100442
14,340.0,0.18728952605727145,0.12081110371441017
14,345.0,0.24273502003125125,0.15810497527310696
14,350.0,0.33069222903491335,0.21903584299522816
14,355.0,0.4379614177347304,0.29560313951810424
15,0.0,0.20330220956881162,0.08741685943863053
15,5.0,0.2320963242737769,0.10078672360074103
15,10.0,0.2486516552926833,0.10804540311567912
15,15.0,0.2148501434308493,0.0928398805263585
15,20.0,0.19973364805800875,0.08547335195043682
15,25.0,0.22754541832047492,0.09930093866637058
15,30.0,0.24126299311342136,0.10604778147198524
15,35.0,0.21895891349396335,0.09471862332461356
15,40.0,0.21512405174516303,0.09218341285752574
15,45.0,0.209942675722399,0.09012940750347676
15,50.0,0.20289289382177167,0.08673367720689873
15,55.0,0.23610354064455286,0.10204686175205313
15,60.0,0.2682891553336586,0.11866734637474485
15,65.0,0.2772082303343324,0.1247101675213852
15,70.0,0.25770151544663356,0.113722539478745
15,75.0,0.22170123902462135,0.09582801980021904
15,80.0,0.20542836973600098,0.08830583350370413
15,85.0,0.1926872476647079,0.08234542621424346
15,90.0,0.19584375696393763,0.08388793881787837
15,95.0,0.24456511606362008,0.10718568469037104
15,100.0,0.28580217284559917,0.12703004227019488
15,105.0,0.2562236790359017,0.11220187074386989
15,110.0,0.18328674508343268,0.07822126236339022
15,115.0,0.1824925521488836,0.07807976920108983
15,120.0,0.1793478881862558,0.07672437055731407
15,125.0,0.17089477861891345,0.0725970147666174
15,130.0,0.18117700507312096,0.07760136670477269
15,135.0,0.18430565743589433,0.07898424520011382
15,140.0,0.20243563910481144,0.08712728825408889
15,145.0,0.2385018086651206,0.10600123585491805
15,150.0,0.2815209520277596,0.1298532491957579
15,155.0,0.28613211211875234,0.13188863630836944
15,160.0,0.23014261955373994,0.10155058614900203
15,165.0,0.1930186008260707,0.08228339676005403
15,170.0,0.16337575816120287,0.06897075344609105
15,175.0,0.1801166053222646,0.0768438832646906
15,180.0,0.20206802235854648,0.08690613896874921
15,185.0,0.22914124752312837,0.09964127088976371
15,190.0,0.2486919328973577,0.10804472415908128
15,195.0,0.21719383263096081,0.09380928591145654
15,200.0,0.2025749881902612,0.08654153396281583
15,205.0,0.22865787088707745,0.0997025425015271
15,210.0,0.23862675290006496,0.10486783657885446
15,215.0,0.21867049853532106,0.09467305333007747
15,220.0,0.21916713142650202,0.09390268202373253
15,225.0,0.21147340418107385,0.09078472105100599
15,230.0,0.20463248776542808,0.08752987661184342
15,235.0,0.2386548565171741,0.10300178759826173
15,240.0,0.2733823033506787,0.12068313919431606
15,245.0,0.2832504718693206,0.12713187585317665
15,250.0,0.2611324587577839,0.11511588860497379
15,255.0,0.2234763873854616,0.09638159160873516
15,260.0,0.20932334473191605,0.09003492392748924
15,265.0,0.19696612509120603,0.08416073773342503
15,270.0,0.19728423265102435,0.08446014055119144
15,275.0,0.24815843417290961,0.1086664500571819
15,280.0,0.282976539087336,0.12591991034178307
15,285.0,0.25302712376418546,0.11083483742548306
15,290.0,0.1831454774735224,0.07824181151553866
15,295.0,0.18079211778239035,0.0774411653529038
15,300.0,0.17883090538292823,0.07659432174698655
15,305.0,0.165088749453986,0.070355171389759
15,310.0,0.1786809658726607,0.07666138489831475
15,315.0,0.1874908139404482,0.08022014276240308
15,320.0,0.20089987148436572,0.08660871234510836
15,325.0,0.24249147707135343,0.10759137905698624
15,330.0,0.283147500475022,0.13056042294284442
15,335.0,0.2857710103382026,0.1318482368707835
15,340.0,0.23023859449019435,0.10155041801682818
15,345.0,0.19069059416314127,0.08143581344105266
15,350.0,0.1616707647580462,0.06824499043077181
15,355.0,0.17825143954080513,0.07598276736728582
16,0.0,0.3125175302130908,0.12186376337390425
16,5.0,0.33146895370779905,0.1305517195359066
16,10.0,0.27953161662312775,0.10751009056858374
16,15.0,0.2343314402075305,0.08772985441311087
16,20.0,0.21689418879433364,0.08116360387022425
16,25.0,0.23005295537570625,0.08619950136218679
16,30.0,0.2729353810170788,0.10307448893250837
16,35.0,0.32653224222012334,0.1263503698314452
16,40.0,0.3389191988018255,0.1314847449255112
16,45.0,0.3009883177635231,0.1148296578335557
16,50.0,0.27147350781300084,0.10247840825853127
16,55.0,0.26258512634807707,0.09899305299317485
16,60.0,0.24498394298670145,0.09145386138889233
16,65.0,0.23794080779513904,0.08849311162227258
16,70.0,0.24107097997616556,0.08980214526066232
16,75.0,0.24526509649233352,0.09163204632882516
16,80.0,0.27070103708989013,0.10189635179228895
16,85.0,0.359618954220023,0.14016478701410506
16,90.0,0.4273814469388729,0.1726416662607434
16,95.0,0.40120655793066407,0.16006074087858857
16,100.0,0.3230261668454236,0.12428884414118568
16,105.0,0.2669370235146796,0.1028508535790843
16,110.0,0.24747121578274156,0.09471224586663984
16,115.0,0.2204999386539308,0.082191355933526
16,120.0,0.19982497756930007,0.07500468182763187
16,125.0,0.21382874333772428,0.0804815755580387
16,130.0,0.22471302228086942,0.08480064431212253
16,135.0,0.23360038362507884,0.0885115045572682
16,140.0,0.24318568105590088,0.09305975398061128
16,145.0,0.2646377070625373,0.10195533745726315
16,150.0,0.26879104097006634,0.10308930612449596
16,155.0,0.25381353342588586,0.09646410095515101
16,160.0,0.23152115203322976,0.08843828266480702
16,165.0,0.22541812821129104,0.08544360972249887
16,170.0,0.21910845925630862,0.08198225928012615
16,175.0,0.24070685430045213,0.09161205727633004
16,180.0,0.3217754829859607,0.12499419676555956
16,185.0,0.34205097724360845,0.13430956055785104
16,190.0,0.2929983659495543,0.1123230707475752
16,195.0,0.2423911038126313,0.09038575734271659
16,200.0,0.21688196803742643,0.08108287142801351
16,205.0,0.2285985083188209,0.08564672905186854
16,210.0,0.2700583521281995,0.1020507885481341
16,215.0,0.32268528147572473,0.12486461659856862
16,220.0,0.3339425963874417,0.1297518768089534
16,225.0,0.30506671472224456,0.11594707953350714
16,230.0,0.275986384985049,0.10400923302708553
16,235.0,0.2574983644889929,0.09728946555487927
16,240.0,0.24343758019580441,0.09087918060252542
16,245.0,0.23046158181232868,0.08592369174411452
16,250.0,0.2397707275717761,0.08934493520447617
16,255.0,0.24857927713133832,0.09280020954247903
16,260.0,0.2774091385573214,0.10414997500441525
16,265.0,0.3574149119531339,0.13948485197224791
16,270.0,0.4259219986311673,0.17212822429189345
16,275.0,0.3977755140453162,0.15896706925958481
16,280.0,0.31777580590599885,0.12250244741524619
16,285.0,0.26697590953853634,0.10277606254946248
16,290.0,0.24758671335736027,0.09465762308160597
16,295.0,0.2193696584446132,0.08196406607352469
16,300.0,0.21148251895762327,0.0789508221340508
16,305.0,0.21932755877583388,0.08237516300265335
16,310.0,0.224852086107159,0.08480687537666687
16,315.0,0.2341121525937826,0.08872377128592135
16,320.0,0.24276922363550602,0.09287608673683456
16,325.0,0.26483181628490104,0.10197901227162354
16,330.0,0.26879437456448707,0.1031594379131795
16,335.0,0.2525155156694662,0.09613011783932557
16,340.0,0.24807513438847906,0.094077665127137
16,345.0,0.23452647740232568,0.08871699966693414
16,350.0,0.22049260023181405,0.08278577848036439
16,355.0,0.24368210361518827,0.09252677230344786
17,0.0,0.3348365012064449,0.15536265292970042
17,5.0,0.2517687784011742,0.11394973266088382
17,10.0,0.4110125494963711,0.19380816520454447
17,15.0,0.49532501274430607,0.23986453192869495
17,20.0,0.3845607486289211,0.18023654533144684
17,25.0,0.2646934897700065,0.12027589451613563
17,30.0,0.2906002435502598,0.13425789519320508
17,35.0,0.25675543503998144,0.11634066276167454
17,40.0,0.3385578211360858,0.1566928728965672
17,45.0,0.578820971471871,0.2844033055443447
17,50.0,0.5833326126467675,0.2868476417328907
17,55.0,0.36560109407781494,0.1702741978996688
17,60.0,0.2647559608115505,0.12001686400917633
17,65.0,0.3065169513428734,0.14187283973607068
17,70.0,0.28944054058562785,0.1327059204676414
17,75.0,0.3735229575862484,0.174342192062514
17,80.0,0.5154130401921233,0.24991785882535833
17,85.0,0.460311125910007,0.21925296239903969
17,90.0,0.28855854673477654,0.13164285372361506
17,95.0,0.33659696205827416,0.15582730764648844
17,100.0,0.4030169335987185,0.18938452900095792
17,105.0,0.3382744194288758,0.1568388193048399
17,110.0,0.30258901973206087,0.1396432963077432
17,115.0,0.29283155557321205,0.13476258277517217
17,120.0,0.2763794159210994,0.12637269230028725
17,125.0,0.3360905255798914,0.15407971710725898
17,130.0,0.5186398194582809,0.24945449996253588
17,135.0,0.7506470080593431,0.38710867323204956
17,140.0,0.7522548500590706,0.3882482133446964
17,145.0,0.5430298475876577,0.2631257002095243
17,150.0,0.34456568881350014,0.1584783094038973
17,155.0,0.25438807149462106,0.11514304981885215
17,160.0,0.2513958336682348,0.1146463093428095
17,165.0,0.277351542275026,0.12778638052966196
17,170.0,0.3000167704435437,0.138099174972397
17,175.0,0.38014074831277156,0.17854132541838408
17,180.0,0.3304405578780294,0.15354353727537473
17,185.0,0.25157851400073694,0.11392273237433748
17,190.0,0.41405809951307737,0.19511000087308084
17,195.0,0.4974648855047269,0.24082956831161262
17,200.0,0.3853889751149401,0.18052114690521182
17,205.0,0.2635903516582567,0.11986453488119297
17,210.0,0.2880935326529255,0.13320524584715565
17,215.0,0.2556883340124855,0.11604201297372674
17,220.0,0.34337660240206036,0.15874099342502013
17,225.0,0.580418259376702,0.28514294329630796
17,230.0,0.5843384557364018,0.28731538072113716
17,235.0,0.3659749282942776,0.17035049470535624
17,240.0,0.2636972929096062,0.1195919531892572
17,245.0,0.3065616975267571,0.14193329643697916
17,250.0,0.2908930147475348,0.13338172050639707
17,255.0,0.3744116418090744,0.17459628540080818
17,260.0,0.5158390269811948,0.25013289424834273
17,265.0,0.4608363943818672,0.21944689201607792
17,270.0,0.28990860565741017,0.13217947324388524
17,275.0,0.33582564093044065,0.1554866227340529
17,280.0,0.4034249104265657,0.18955718691594015
17,285.0,0.34169145291191927,0.15826427699561296
17,290.0,0.303592570983674,0.1400897109379724
17,295.0,0.29403913793265735,0.1352421320139202
17,300.0,0.28027776048256314,0.12794578560998293
17,305.0,0.334616541026439,0.1535679427463138
17,310.0,0.5178828391901311,0.24919075825951542
17,315.0,0.7493240891677581,0.38660700333503206
17,320.0,0.7498468775853282,0.38714575046236377
17,325.0,0.5398882608573954,0.2617089677610087
17,330.0,0.3408299366188515,0.15693068841291757
17,335.0,0.25349797503903215,0.1147550476965572
17,340.0,0.25348621387782244,0.11546376808286962
17,345.0,0.2781570873713535,0.12811888377537772
17,350.0,0.3040341885622606,0.1397681974107109
17,355.0,0.3805699602289965,0.17873187632145782
18,0.0,0.33999977745622223,0.13636812453346936
18,5.0,0.33464251638726084,0.1338018742762258
18,10.0,0.3356287331837047,0.13502086223599763
18,15.0,0.3349435974851813,0.13433055458017518
18,20.0,0.30168791438955256,0.11889352108509821
18,25.0,0.26223897648946337,0.10247666078438111
18,30.0,0.24831861555067836,0.09679766697252046
18,35.0,0.28216719891330866,0.1115649041205532
18,40.0,0.35833388075351713,0.14681276147586386
18,45.0,0.3577262482564082,0.14631714160207832
18,50.0,0.27961427328563615,0.11104655160296173
18,55.0,0.23522297948396498,0.09167817683315149
18,60.0,0.23928076625427774,0.09412758094638507
18,65.0,0.23358501332222859,0.09218026408270474
18,70.0,0.23354579543491283,0.09218556063560146
18,75.0,0.235620615510161,0.09273476747734877
18,80.0,0.24084007267683183,0.09490622451378261
18,85.0,0.30614948931309394,0.12371054194709863
18,90.0,0.34442760188571486,0.14116678489482015
18,95.0,0.32853801228584767,0.1332190378862791
18,100.0,0.2653785099513579,0.10536589812531405
18,105.0,0.22496122570255117,0.08784167680751231
18,110.0,0.2061859932506901,0.0803911677262954
18,115.0,0.20298584112927587,0.07879403383539485
18,120.0,0.21249650661748865,0.08302275113277813
18,125.0,0.23865304283680444,0.09454071665040087
18,130.0,0.2994812003368683,0.12150424914506974
18,135.0,0.342104741698229,0.14055455934378058
18,140.0,0.3110530250721183,0.12618083631271082
18,145.0,0.241371382766432,0.09528030987306169
18,150.0,0.21988143423962647,0.08533940203477375
18,155.0,0.23292187623614047,0.09136729328772042
18,160.0,0.28101851296285696,0.1131266196222086
18,165.0,0.2867927502709189,0.11524820027615923
18,170.0,0.26260993100660146,0.10304977656287861
18,175.0,0.30169442277677927,0.11959725598886783
18,180.0,0.3367277685089519,0.13514727279812278
18,185.0,0.3396869544250938,0.13559660913594196
18,190.0,0.3307978061974647,0.1332384419892756
18,195.0,0.33474117057073527,0.13437971727942855
18,200.0,0.29846236815385174,0.11778805386862579
18,205.0,0.25732623951357914,0.10060167395256492
18,210.0,0.2445474610554027,0.09549836192208883
18,215.0,0.2900761983387372,0.11426236601816864
18,220.0,0.370995446548963,0.15158200686675916
18,225.0,0.3645551351171531,0.14902330256377683
18,230.0,0.2917657892894301,0.11553183733817318
18,235.0,0.23207392613582245,0.09039583678201679
18,240.0,0.2366142812698051,0.09333805632001835
18,245.0,0.23352484743627622,0.09202945368567728
18,250.0,0.23107475977403147,0.09124162896327959
18,255.0,0.22849953851185278,0.09012045575961858
18,260.0,0.2364660909648031,0.09330846839734086
18,265.0,0.30944330355339533,0.12488832737257805
18,270.0,0.3508146542039591,0.1433392108116922
18,275.0,0.3404517324035782,0.13760032792174826
18,280.0,0.26297627845758187,0.10442586011262478
18,285.0,0.21912392191523078,0.08570515684343483
18,290.0,0.20033044143498335,0.07833520539829564
18,295.0,0.19716806046737922,0.07676122243502836
18,300.0,0.21165755201214842,0.08270685049112003
18,305.0,0.23866779717596875,0.09441320733192349
18,310.0,0.3050551129550316,0.123582438778025
18,315.0,0.3458945133584813,0.14182392764893959
18,320.0,0.3193176080089599,0.1293343477595904
18,325.0,0.2446830058244861,0.0964558804432315
18,330.0,0.2184844253575119,0.08486738145901906
18,335.0,0.23132962101039223,0.09072010402503372
18,340.0,0.2782922786901111,0.11205782217882843
18,345.0,0.2888841121246585,0.11609532817309731
18,350.0,0.2677924459854274,0.10514330429477137
18,355.0,0.30527731150981274,0.12061137850909409
19,0.0,0.475721450995103,0.35245486116119273
19,5.0,0.4052519475337766,0.2943442346896342
19,10.0,0.2935856476711205,0.20751137051517743
19,15.0,0.22642557637835914,0.15669187114788363
19,20.0,0.24725303465672943,0.17258178280685255
19,25.0,0.2661698542549944,0.186604809161937
19,30.0,0.243675714790884,0.17014277358552843
19,35.0,0.21703994966153184,0.15148040419570696
19,40.0,0.21067755705142288,0.14738699618016016
19,45.0,0.2326942132435873,0.1628199417883871
19,50.0,0.2546857587384632,0.17972236556653198
19,55.0,0.2624772130079024,0.1855396344548772
19,60.0,0.2411628543118225,0.1694939803859542
19,65.0,0.20107320676134754,0.1408215544263991
19,70.0,0.19557373518743137,0.13722513971707329
19,75.0,0.21716052660534635,0.15218262399712457
19,80.0,0.23556104573424008,0.1662832623226187
19,85.0,0.23253767450760976,0.16407382825272743
19,90.0,0.20066185451763707,0.14079800453953006
19,95.0,0.20075149434641149,0.14077201457895583
19,100.0,0.2180554241638487,0.15426935417176046
19,105.0,0.20801638667660294,0.1464775437431678
19,110.0,0.1965818211628858,0.13803230410995493
19,115.0,0.1931832576913014,0.1357264514916794
19,120.0,0.18206561122484,0.12769857927394312
19,125.0,0.2008250984001746,0.14045847982112136
19,130.0,0.26868209755649886,0.18870184936302936
19,135.0,0.3826999010422778,0.2757290290835437
19,140.0,0.5433182188122901,0.40438575042490665
19,145.0,0.5395317977330123,0.4014261016779177
19,150.0,0.3995060584960829,0.2885963419684353
19,155.0,0.262911010304695,0.18383593672588716
19,160.0,0.1993218634372107,0.13703345537855416
19,165.0,0.24073015679411125,0.16853601543421803
19,170.0,0.3474708565826088,0.2496062041636946
19,175.0,0.4653036829268071,0.3439551526892787
19,180.0,0.4847268022781246,0.3585618511345331
19,185.0,0.4160581022967007,0.3014984836392448
19,190.0,0.3049510822745469,0.21503350476714256
19,195.0,0.23522148729523518,0.16239939735015407
19,200.0,0.23862503003438518,0.16684930073934656
19,205.0,0.24764628778596176,0.17428728374501823
19,210.0,0.2340825307410186,0.1637406412714928
19,215.0,0.21999416400170757,0.1534114445556487
19,220.0,0.21885131982213601,0.15275822791912663
19,225.0,0.22506272049224663,0.15777742022986552
19,230.0,0.2483540465758921,0.17545523431315813
19,235.0,0.24957973317814686,0.17701555078053577
19,240.0,0.23781992812830577,0.16746003413997557
19,245.0,0.20873859238725423,0.1457230916321407
19,250.0,0.20811426182516035,0.14540187889068934
19,255.0,0.2122172294175192,0.14894188497059058
19,260.0,0.23459773879347934,0.16555167273094828
19,265.0,0.22528052094256568,0.1592860935144268
19,270.0,0.20312353898331736,0.1422946500197685
19,275.0,0.20391995496582294,0.14292897978342511
19,280.0,0.22402585279579623,0.15818702945319418
19,285.0,0.20918722144483726,0.14727680123821751
19,290.0,0.1972573521394333,0.138462395070863
19,295.0,0.1934691175632549,0.1358007592965037
19,300.0,0.18396768487965665,0.12892958883092442
19,305.0,0.19631562416406956,0.13754359566694263
19,310.0,0.2675821983318514,0.18800208243936678
19,315.0,0.3823105751592041,0.2755609462074968
19,320.0,0.5427451155356031,0.40406465713027073
19,325.0,0.5383721269917572,0.4007062218731432
19,330.0,0.3991342891724111,0.28843820797961817
19,335.0,0.2645578923936225,0.18503766816824996
19,340.0,0.20349844347735224,0.1397003251222111
19,345.0,0.2396794532842792,0.1678863080754851
19,350.0,0.34297045998821996,0.2467379653119024
19,355.0,0.45750577716788043,0.3388090724074383
20,0.0,0.4059319097172627,0.16083632460069397
20,5.0,0.307286270034419,0.11617291308182875
20,10.0,0.25970981902954493,0.0966273655371771
20,15.0,0.30233576392085204,0.1147198955150166
20,20.0,0.30271550035836337,0.11480946695095895
20,25.0,0.2977312423324553,0.1127240988800402
20,30.0,0.3400351044420139,0.1306151643821366
20,35.0,0.3343705789856046,0.12848671166490855
20,40.0,0.312841842363092,0.11909730992148404
20,45.0,0.3281825081442833,0.1256841647574949
20,50.0,0.3372140566645505,0.12905270094443555
20,55.0,0.32590767958855893,0.12416607764099508
20,60.0,0.32721522135720216,0.12480221330650021
20,65.0,0.34434021044335106,0.132902755389538
20,70.0,0.3735635403885833,0.14525198355174784
20,75.0,0.41540206706588834,0.16421934068206778
20,80.0,0.4334605544187011,0.17319339257659339
20,85.0,0.43479356012514303,0.17275515962708166
20,90.0,0.4027534898199012,0.15780044951528105
20,95.0,0.3394824369437891,0.13036919257242863
20,100.0,0.3068333538400636,0.1169000452879595
20,105.0,0.3020104102924146,0.1150248237669046
20,110.0,0.3029883192667254,0.11499186291684504
20,115.0,0.32364778371315417,0.12270025924971084
20,120.0,0.35271178270727055,0.13476570620048223
20,125.0,0.40057477396479046,0.15750477129904872
20,130.0,0.4404298092660123,0.1764326369279534
20,135.0,0.4471193469401922,0.1771131125691766
20,140.0,0.3909639280549435,0.15162109250533307
20,145.0,0.32086386040516257,0.12204173199610058
20,150.0,0.2735590230573718,0.1027161271093866
20,155.0,0.27884735595916366,0.10514136088433146
20,160.0,0.26511897426061837,0.09968901309164269
20,165.0,0.2519485774711471,0.09404036368325674
20,170.0,0.3352082033549062,0.12764164104298992
20,175.0,0.44124786331665544,0.17505994230230904
20,180.0,0.4135844154450674,0.16369331015887179
20,185.0,0.3144587389848207,0.11876427142843726
20,190.0,0.25550471349507475,0.09505447435944503
20,195.0,0.2913082512944577,0.11082126829500938
20,200.0,0.302759500239254,0.11496457945349259
20,205.0,0.30952378809004766,0.11691197729380587
20,210.0,0.3479237885512523,0.13357986527475163
20,215.0,0.3333748440593407,0.12800196228398364
20,220.0,0.3076060040783474,0.11704847591992906
20,225.0,0.32742530004845005,0.12561584191954467
20,230.0,0.3306222073109565,0.12690343654881187
20,235.0,0.31703077128477286,0.12103296423884446
20,240.0,0.32155305617190255,0.1227914530405455
20,245.0,0.3480435521495029,0.1341381037458388
20,250.0,0.3750515552478928,0.1458559335411196
20,255.0,0.41903781256935446,0.16531578746664577
20,260.0,0.44117774440462343,0.17608603709106274
20,265.0,0.4422733418128548,0.17566310464315904
20,270.0,0.4045094135604178,0.15855252493146965
20,275.0,0.36123767415771013,0.1379833926590508
20,280.0,0.31859928428004525,0.1207562893086952
20,285.0,0.3121510244365001,0.11841160832960651
20,290.0,0.30417326059003613,0.11510056934512047
20,295.0,0.3170887576899968,0.12055178219930474
20,300.0,0.3462872943410902,0.13278306819196117
20,305.0,0.39543473167118093,0.15557369447725367
20,310.0,0.43299401900695755,0.1737392713802609
20,315.0,0.43663782307466825,0.17335512272829579
20,320.0,0.39231585384373346,0.15200662272900445
20,325.0,0.3229912864166895,0.12279099917586256
20,330.0,0.27335628867131,0.10255282643642671
20,335.0,0.2745202293639799,0.10354516757309173
20,340.0,0.2640496692150801,0.0993961505666231
20,345.0,0.2526216700436099,0.09439321407649792
20,350.0,0.33013906197675325,0.1258337572762419
20,355.0,0.43307947434966443,0.17211031196396964
21,0.0,0.8100283329969761,0.46739563489107094
21,5.0,0.6823625028201358,0.38074733305501185
21,10.0,0.4602209978602493,0.2426640258641467
21,15.0,0.27778788878582583,0.14090193784228489
21,20.0,0.1705814685428675,0.08338489060179655
21,25.0,0.13575986325224632,0.06671427020032361
21,30.0,0.1498683679826024,0.07383648806283771
21,35.0,0.1631921623969701,0.0806106810502506
21,40.0,0.17662856305178765,0.08761190819520992
21,45.0,0.18046942220859175,0.08949694528026753
21,50.0,0.1938198954332221,0.09660153778495983
21,55.0,0.19668768926422342,0.09796197308492571
21,60.0,0.19610703995282464,0.09759888018658147
21,65.0,0.2050003987878275,0.10280813692968083
21,70.0,0.17030927906114146,0.08447401367337837
21,75.0,0.18355909023400907,0.09163958855894927
21,80.0,0.18699201518923336,0.09369179232459446
21,85.0,0.17327972502126487,0.0865054570090249
21,90.0,0.1603802135955812,0.07935889067467006
21,95.0,0.17920620805585774,0.08987079126087816
21,100.0,0.17556157629503832,0.08811298945147716
21,105.0,0.15719190351920254,0.07777567354240511
21,110.0,0.15467114089266665,0.0768219776106106
21,115.0,0.16800201722232166,0.08386409338594814
21,120.0,0.14540941063145096,0.07139154118836699
21,125.0,0.14627586258649417,0.07245529591414046
21,130.0,0.13577566770744642,0.06669543885053764
21,135.0,0.1287862913751634,0.06303743189882827
21,140.0,0.12292014205980895,0.060220835097051006
21,145.0,0.10867215606816838,0.053074961591653924
21,150.0,0.09057160993286517,0.043871841293717684
21,155.0,0.09435733964270088,0.045518882698978747
21,160.0,0.1794671249965274,0.08701081605877758
21,165.0,0.3357196826757656,0.1719639096460871
21,170.0,0.5337532659590154,0.2867056007016606
21,175.0,0.7651910270728541,0.4370516972953119
21,180.0,0.8095532366839235,0.4671826599643939
21,185.0,0.6791607037475259,0.3791683406672596
21,190.0,0.4587894960544381,0.24196183061932075
21,195.0,0.27742531394401937,0.14070691222027876
21,200.0,0.17127074130653486,0.08388324821316606
21,205.0,0.14128328386939704,0.06919719312855022
21,210.0,0.15433529326145723,0.07591471438787645
21,215.0,0.16695740042374907,0.08233518393963346
21,220.0,0.17728625396773112,0.08774824692842198
21,225.0,0.17955448298002352,0.08900184581711945
21,230.0,0.19234599032456734,0.09583164994780358
21,235.0,0.19264547939735466,0.0960406995751244
21,240.0,0.19730526542970728,0.09836545656270668
21,245.0,0.20031696752251915,0.10053431706827898
21,250.0,0.17106350219847088,0.08486827174066391
21,255.0,0.1857367442561989,0.09272342475174034
21,260.0,0.18210527374254715,0.09133222497760196
21,265.0,0.1720876234879387,0.08591795195233298
21,270.0,0.16373981754338074,0.08096382577435468
21,275.0,0.1778526075150506,0.08918357924694476
21,280.0,0.17248614696247322,0.08663992800557341
21,285.0,0.16056205209070729,0.07930117765010924
21,290.0,0.1528219329480518,0.07592073548750689
21,295.0,0.16662628544119695,0.08314410445754128
21,300.0,0.1447771110282784,0.0711499421197137
21,305.0,0.14540492408427086,0.07204100324031515
21,310.0,0.13581758858204407,0.0667584971769063
21,315.0,0.12833472224210074,0.06288777153480885
21,320.0,0.1229618488855293,0.0603200563033659
21,325.0,0.10953033304836424,0.05355709753373428
21,330.0,0.09243425215439138,0.044881280851425176
21,335.0,0.08917320858338584,0.043160421161902884
21,340.0,0.16649014321713418,0.0810188719983832
21,345.0,0.33224664007155413,0.17028561632020078
21,350.0,0.5321009550391299,0.28588756511553925
21,355.0,0.7647348585674651,0.4367797021754457
22,0.0,0.46367292125859116,0.231519533578745
22,5.0,0.4128855418720846,0.2035408306784242
22,10.0,0.3855257580642548,0.18899897730418658
22,15.0,0.3724864837845868,0.18245700234126205
22,20.0,0.4370090815693237,0.2194778639626429
22,25.0,0.43665102858610116,0.21978403330355134
22,30.0,0.3777478230165675,0.18556267006426352
22,35.0,0.3246798999499485,0.1586401735160914
22,40.0,0.3585760996290208,0.17769758937214164
22,45.0,0.40066589111296746,0.20159838462680502
22,50.0,0.38725948543432875,0.19377841933737638
22,55.0,0.3462549074090955,0.17162490292300336
22,60.0,0.32062485059657386,0.15853546468144497
22,65.0,0.2868801660194047,0.14085244751965365
22,70.0,0.290505550384175,0.14208888700774114
22,75.0,0.32607764565602915,0.15880715394463285
22,80.0,0.37787627496163567,0.18633552640165552
22,85.0,0.453291636069585,0.23103435822353302
22,90.0,0.5318005170614493,0.28100068614158724
22,95.0,0.5551252761839405,0.29426704834549366
22,100.0,0.4904423142091473,0.25088579202612327
22,105.0,0.4127795146042509,0.2049854953333332
22,110.0,0.3398612125641304,0.16536452788135758
22,115.0,0.3074255976552901,0.14951729517278145
22,120.0,0.31597951917527,0.15495891285785623
22,125.0,0.348742369655634,0.17168227186557217
22,130.0,0.35139591563651196,0.17288416817769447
22,135.0,0.3424623410064711,0.16711907133390447
22,140.0,0.3889111435450222,0.19179710740898648
22,145.0,0.45166595872027226,0.2278903199048612
22,150.0,0.4677944149202219,0.23721095874727682
22,155.0,0.4573354825243232,0.23168250286801328
22,160.0,0.4929196212097874,0.25045314197544644
22,165.0,0.5504568088188213,0.28098995913088365
22,170.0,0.6225078029717624,0.32400082841766165
22,175.0,0.5944792131357115,0.3073300402686898
22,180.0,0.471438849252078,0.2352071971802634
22,185.0,0.411598054790549,0.20294935430699823
22,190.0,0.3798024814866815,0.18655755096875282
22,195.0,0.3742278921550717,0.18311833663868615
22,200.0,0.4374794554523136,0.21981602488917484
22,205.0,0.4341983413680198,0.21880789031432535
22,210.0,0.37094241151663854,0.18255757278425788
22,215.0,0.31982271901074877,0.1565789860755875
22,220.0,0.3550297453806225,0.17617715011148127
22,225.0,0.3977117507516129,0.20031321840126715
22,230.0,0.3870997036333219,0.19384611630326554
22,235.0,0.3450685642681661,0.17118897249255394
22,240.0,0.321294140599654,0.15896782906868523
22,245.0,0.286504431585327,0.1406613311064987
22,250.0,0.2869843767410394,0.14041227414908275
22,255.0,0.3205868365896688,0.1565115541623836
22,260.0,0.37163260039691826,0.18352578764596306
22,265.0,0.45204181043049096,0.23027440293246149
22,270.0,0.5334781856422658,0.2817389616415982
22,275.0,0.5576406651404014,0.29546967586553663
22,280.0,0.49629180425995845,0.2535913320289084
22,285.0,0.4154807598131005,0.20628849550928108
22,290.0,0.33923205475789764,0.1650612779175865
22,295.0,0.29992413991474853,0.14606611280934945
22,300.0,0.31164292184743836,0.15304361460164584
22,305.0,0.34921888115415145,0.17205175954805652
22,310.0,0.35141392172258834,0.17299097946360642
22,315.0,0.34074757847362225,0.16623994849291113
22,320.0,0.3905651093086311,0.19252989327512693
22,325.0,0.46236803089954337,0.23292453258659573
22,330.0,0.48416614923089274,0.24502658010560574
22,335.0,0.47255632657491486,0.23894487192198788
22,340.0,0.4939263613382934,0.2508612149848213
22,345.0,0.5368871820552958,0.27460913531218434
22,350.0,0.6034898098766286,0.3148472366825694
22,355.0,0.576344388166069,0.29856888775293244
23,0.0,0.43629104176775724,0.17627739590883107
23,5.0,0.3885646398275209,0.15534704204599292
23,10.0,0.32493005263189667,0.12760164624410153
23,15.0,0.2969915158562937,0.11573491752350662
23,20.0,0.31963807625081764,0.12580653766779537
23,25.0,0.3360459933201564,0.13330274948359888
23,30.0,0.3033378593651407,0.11906619336830371
23,35.0,0.2887029923625436,0.11299013747701003
23,40.0,0.2936031728133476,0.11527143348073088
23,45.0,0.31103160559261456,0.12294524012883479
23,50.0,0.29251875811931094,0.11491551663267352
23,55.0,0.28370239845848744,0.11131074768271154
23,60.0,0.3036356615563722,0.12006303459829437
23,65.0,0.28472991749203924,0.1119669263712626
23,70.0,0.2774110950573455,0.10827421779755297
23,75.0,0.266170915410752,0.10377641297775275
23,80.0,0.24108234201261114,0.09335507637597384
23,85.0,0.2296548584697954,0.08843098395786664
23,90.0,0.23865504906932067,0.09223371999843377
23,95.0,0.2885621519757424,0.11204913592819088
23,100.0,0.38797075554937355,0.15673870692819758
23,105.0,0.4808363928780176,0.2049194751947151
23,110.0,0.47288013609087964,0.19983058476859317
23,115.0,0.3429420300838416,0.13566461172053734
23,120.0,0.2661042729223688,0.10255235204129365
23,125.0,0.2483510858516177,0.09609619519322543
23,130.0,0.24991014311923287,0.09679175249271887
23,135.0,0.2548050060796805,0.0984232007588145
23,140.0,0.28573212690253813,0.11095636209725912
23,145.0,0.3018270804466958,0.11795392959578366
23,150.0,0.2974183932644091,0.11627665672689114
23,155.0,0.27790343805089945,0.10800077438929567
23,160.0,0.3036764102063124,0.1194715737630665
23,165.0,0.3183537466193608,0.12514138625962534
23,170.0,0.3363083828965382,0.131882267977389
23,175.0,0.3926298409789325,0.15708649615496184
23,180.0,0.4323510570074991,0.17458116269572344
23,185.0,0.39038321414231003,0.15600184689939645
23,190.0,0.33082507583383935,0.12964160213333675
23,195.0,0.2997422545716908,0.11648626579243004
23,200.0,0.3122757530994583,0.12305459751966574
23,205.0,0.32429220009354875,0.1290056165314325
23,210.0,0.29765217301089497,0.11699511899683368
23,215.0,0.2866938636365399,0.11211346935709565
23,220.0,0.2920184424541947,0.11464378492843152
23,225.0,0.3072967588104576,0.1213762407687412
23,230.0,0.2929509270156383,0.11524766831065225
23,235.0,0.28262189260133275,0.11085657439099661
23,240.0,0.3054340451187586,0.12065650013757478
23,245.0,0.2824683989095663,0.11113821810094482
23,250.0,0.27735305748586525,0.1082591446586878
23,255.0,0.26741791435941753,0.10436871123349967
23,260.0,0.24558978548879562,0.0947855918222541
23,265.0,0.22855449809761152,0.08801372859352397
23,270.0,0.23852245696951413,0.0921707765274854
23,275.0,0.2842895662751467,0.11055743853961997
23,280.0,0.3876942560131065,0.15657747527891142
23,285.0,0.4787042730996862,0.20419083676439687
23,290.0,0.4726578732399932,0.1997406258759411
23,295.0,0.34620221514984406,0.13686975488169795
23,300.0,0.26870436516660556,0.10346458719358576
23,305.0,0.2490882960682974,0.09648877946124534
23,310.0,0.25098535165494285,0.09717719963785465
23,315.0,0.25347903436741537,0.09798391510222593
23,320.0,0.2791378757747446,0.10870027525073123
23,325.0,0.29676708268037344,0.1160657681641547
23,330.0,0.29918576704329525,0.11701503358075527
23,335.0,0.28252140627753985,0.10971678121312378
23,340.0,0.31420668796478735,0.12347445973585991
23,345.0,0.3225672725192945,0.12674570664071494
23,350.0,0.33051329932944074,0.13006145394663693
23,355.0,0.3876656465886551,0.15509771637970426
24,0.0,0.30640027312358165,0.22995987644966376
24,5.0,0.35159327599415224,0.2653205570880054
24,10.0,0.3558280716147386,0.26957447184459205
24,15.0,0.32122160638813757,0.24207242779785942
24,20.0,0.28514364938409553,0.21417165440286823
24,25.0,0.30865089034610527,0.23304720352308084
24,30.0,0.30221576842608,0.22806004720357786
24,35.0,0.2861122104549304,0.21566583433315167
24,40.0,0.26657796714590953,0.20140794359648218
24,45.0,0.24998300450328492,0.18779013006173573
24,50.0,0.2730222079173549,0.20487332980812323
24,55.0,0.3347135125043307,0.2527207386918324
24,60.0,0.42043109272549073,0.32349094134468726
24,65.0,0.4596113824255733,0.35754730326645734
24,70.0,0.43431636999502865,0.33599113389423785
24,75.0,0.3286680796865731,0.24910371980442636
24,80.0,0.23623125313121995,0.17609336568976997
24,85.0,0.22332177195420577,0.16616769717284874
24,90.0,0.24074047031158774,0.18047525129009634
24,95.0,0.25802515577590757,0.19353766913845083
24,100.0,0.272972011573855,0.2051403411728031
24,105.0,0.2865417242309284,0.215373034471526
24,110.0,0.26397339231019845,0.19780868520477723
24,115.0,0.2973137521169841,0.22374548740307887
24,120.0,0.326673913196884,0.24743490241022137
24,125.0,0.3208735044641733,0.2422724747904499
24,130.0,0.2949591275175192,0.22126115424088888
24,135.0,0.303048028763238,0.22780774359374023
24,140.0,0.3074673130832287,0.230942857010057
24,145.0,0.332294849550153,0.25003403009048586
24,150.0,0.41112059703885706,0.31363911271439926
24,155.0,0.45088469121104524,0.34710794101223785
24,160.0,0.4085835207669718,0.31257180765181614
24,165.0,0.3358519554389998,0.2532275934913215
24,170.0,0.31627169384617315,0.2377142577740624
24,175.0,0.31023807116727464,0.23305508971193312
24,180.0,0.3099317705028608,0.2326732485653824
24,185.0,0.3404470194159974,0.2571748116699146
24,190.0,0.3408125193972559,0.2585615425961747
24,195.0,0.31356767417081,0.23655263247962643
24,200.0,0.2949392215435146,0.2218632681997207
24,205.0,0.31161011487096657,0.23518219665963302
24,210.0,0.30213362476167627,0.2275209901645857
24,215.0,0.2936144640554812,0.22135436821732402
24,220.0,0.2802934631154633,0.21143933596979259
24,225.0,0.2647675666365641,0.19886950266571313
24,230.0,0.2718817268485807,0.20423378785038404
24,235.0,0.31459468264180135,0.23849766426436803
24,240.0,0.40729703915346194,0.31385221772658856
24,245.0,0.45524199673932375,0.35430943174583895
24,250.0,0.4346345545334398,0.3361910202128001
24,255.0,0.3336590038449869,0.2526716672579077
24,260.0,0.24195201019513435,0.180283654912491
24,265.0,0.21689529703610777,0.16186830637192096
24,270.0,0.24447000312432077,0.18313335750650594
24,275.0,0.2566595604135429,0.19271706860105886
24,280.0,0.268213451053834,0.2016417412193261
24,285.0,0.28492078626354245,0.2143695597089874
24,290.0,0.27160988659876917,0.20337484518599203
24,295.0,0.2980308882071855,0.22433669499148423
24,300.0,0.3198970635912095,0.24225947109142287
24,305.0,0.3212219278772023,0.24270933362915736
24,310.0,0.2951590259704495,0.22152452803099665
24,315.0,0.3048058201757593,0.2291644979427102
24,320.0,0.3080813330141621,0.23150961633552203
24,325.0,0.33298517883867507,0.2508748310932033
24,330.0,0.415236991869277,0.31669264349687765
24,335.0,0.45488858694534884,0.3499037298873888
24,340.0,0.4205712079213608,0.3212972915911576
24,345.0,0.33428698693133785,0.2519722083522028
24,350.0,0.31681997875321855,0.23791084919139294
24,355.0,0.311586109104918,0.23413583874270893
25,0.0,0.27997840694732556,0.12125307964840704
25,5.0,0.2993116292645269,0.12978063890642233
25,10.0,0.30612568441588583,0.13371442998553162
25,15.0,0.3151679096276824,0.13802609171713376
25,20.0,0.3162010037984253,0.1377181426948607
25,25.0,0.29011588002163,0.12538118121023223
25,30.0,0.2817012105376344,0.12242173886420293
25,35.0,0.2845552852113019,0.12536703069643207
25,40.0,0.2713989784929254,0.11918594931694493
25,45.0,0.2741250813296312,0.11858146328570673
25,50.0,0.29458316572857635,0.12862597981216162
25,55.0,0.2921427586146277,0.12775867730834467
25,60.0,0.2755239875573736,0.11895708603589816
25,65.0,0.27070447314936286,0.11634971400617011
25,70.0,0.2682966105410485,0.11556049852787253
25,75.0,0.2492448121826938,0.10662941064657794
25,80.0,0.21802556423868602,0.09234005305171078
25,85.0,0.18486665948105285,0.07720011086120038
25,90.0,0.19735087639807025,0.08168944105328324
25,95.0,0.27825684080155344,0.11952911573838598
25,100.0,0.38571081834478427,0.1770464779415597
25,105.0,0.40264636749576177,0.18531242363122158
25,110.0,0.33048559329988303,0.14521037397974967
25,115.0,0.2316683568156641,0.0964137497524471
25,120.0,0.1784979989479839,0.07311192715695736
25,125.0,0.1892389043269227,0.07914527995334486
25,130.0,0.22470439939488607,0.09495310668545165
25,135.0,0.24655679419895915,0.10481061007429981
25,140.0,0.2566649245828305,0.10918988578014632
25,145.0,0.2670968731022396,0.11382292474390587
25,150.0,0.2660005092865605,0.1134626303875258
25,155.0,0.26237300266587615,0.11142489438102188
25,160.0,0.2539784301317569,0.10775589941773223
25,165.0,0.27198868829348877,0.11710842257851684
25,170.0,0.2868015172716418,0.12383748298930175
25,175.0,0.27755005729592497,0.11967538471195949
25,180.0,0.2771483780606553,0.1200897289182784
25,185.0,0.2932372883544859,0.12731434636269068
25,190.0,0.30189971495996615,0.1316764297328481
25,195.0,0.3076383448678571,0.1350088488876663
25,200.0,0.30611420356149843,0.13355211061824124
25,205.0,0.2970617674360154,0.12818825360425568
25,210.0,0.2877609171780715,0.12503209551294048
25,215.0,0.28566642229564154,0.12563596583550762
25,220.0,0.27669616423062404,0.12133034751344818
25,225.0,0.2759006305658892,0.1194453491521994
25,230.0,0.29995105707757863,0.1309328445401179
25,235.0,0.3012148566769306,0.13126085929306375
25,240.0,0.2710418940839272,0.11680617507381763
25,245.0,0.26095568949441517,0.11226683785455693
25,250.0,0.2661268930177543,0.11473180856540333
25,255.0,0.24879708039551696,0.10653152297604962
25,260.0,0.2245109782734972,0.09471161144818252
25,265.0,0.1838542614528037,0.07690868176652366
25,270.0,0.2002012423334707,0.08279425747939406
25,275.0,0.27697066946209903,0.11905457685856524
25,280.0,0.3841760913029828,0.17643709251335604
25,285.0,0.39700099356201046,0.18314286438983784
25,290.0,0.3251012643078862,0.1430522342325078
25,295.0,0.22411103590567083,0.0935732111138653
25,300.0,0.1742044778645695,0.07143452964270636
25,305.0,0.19432741552173427,0.08105179892548042
25,310.0,0.22402315996637867,0.09463379336259481
25,315.0,0.249544943102609,0.10572463998895743
25,320.0,0.2616746707897838,0.11097060650970014
25,325.0,0.26750665242159355,0.11416041735806448
25,330.0,0.2679507687102557,0.1144379549166703
25,335.0,0.25040493428283517,0.10678307305232804
25,340.0,0.24507698347907025,0.1042127381580733
25,345.0,0.25904869096290084,0.11181395298308594
25,350.0,0.2808193130901919,0.12137558956664929
25,355.0,0.2770381021666154,0.11955022411923888
26,0.0,0.238798567012808,0.1012463209014155
26,5.0,0.19437408362032138,0.08112086784808537
26,10.0,0.2150588902024646,0.08946211921797687
26,15.0,0.32301485291263765,0.14066770723779853
26,20.0,0.361322540005362,0.16096415767068373
26,25.0,0.3329657656494085,0.14476446733963988
26,30.0,0.23399913410933293,0.09764942946006638
26,35.0,0.23078040967643054,0.09737738377376592
26,40.0,0.26611788799212177,0.11360344374082543
26,45.0,0.25669337847483487,0.10961998102385517
26,50.0,0.2157419552120976,0.09071574157494466
26,55.0,0.21779051234567692,0.0916435836032019
26,60.0,0.24362841706649085,0.10256139280760501
26,65.0,0.3693775947922201,0.16451029154705377
26,70.0,0.38570549086077577,0.1742853400891069
26,75.0,0.31048974784439287,0.13478709747448192
26,80.0,0.2741398634499026,0.11814775182254811
26,85.0,0.2926204047375631,0.1275921997611188
26,90.0,0.23858537735009788,0.10144672587308923
26,95.0,0.23606682182711392,0.10064225069660016
26,100.0,0.272099530909479,0.1183132848949231
26,105.0,0.21839374474506434,0.0927429134677642
26,110.0,0.2097996945421049,0.0891469810620158
26,115.0,0.19059226129327422,0.07995669027565833
26,120.0,0.1661509730453803,0.06867881767240802
26,125.0,0.22958755296116184,0.09737060190839819
26,130.0,0.32676451708810583,0.14475728521673614
26,135.0,0.36099464265858694,0.1635287313376722
26,140.0,0.2880845078990013,0.12905325453607086
26,145.0,0.21846861256397798,0.09302327543435795
26,150.0,0.18826894636206915,0.07874930420583603
26,155.0,0.1931132489690809,0.0815035737283184
26,160.0,0.20526571909590907,0.08704930393273891
26,165.0,0.2415130337826732,0.10216165407328004
26,170.0,0.30582331290616893,0.13337797576837895
26,175.0,0.30873778733139046,0.13467105733975415
26,180.0,0.2456349093211806,0.10416026463763828
26,185.0,0.19744879844293373,0.08234962075339702
26,190.0,0.20560132191962244,0.08597138627974588
26,195.0,0.31347274117160706,0.1367426919148078
26,200.0,0.35364798413362897,0.15777609994666575
26,205.0,0.3203917168604479,0.13994757620184495
26,210.0,0.22767884105262426,0.09540425639093097
26,215.0,0.24324760322244532,0.10232739528523793
26,220.0,0.27532965215377825,0.11737079166951725
26,225.0,0.2616900394954732,0.11150619374971693
26,230.0,0.21276058369573203,0.0896721758881428
26,235.0,0.21655383663045324,0.09107678075917469
26,240.0,0.24012954148913024,0.1010602066696129
26,245.0,0.3596531227087518,0.1606295245661188
26,250.0,0.3858179511480725,0.17440353409250509
26,255.0,0.31419901224841174,0.13609845316688451
26,260.0,0.27765686568045067,0.11963856892514146
26,265.0,0.29284739291343476,0.1276516485490019
26,270.0,0.24075196480718863,0.10225683813595865
26,275.0,0.23277495132304493,0.09935984783389973
26,280.0,0.2719762851146035,0.11825952049112876
26,285.0,0.21858207415782638,0.09251555848955972
26,290.0,0.20888084912304938,0.08867890551309532
26,295.0,0.18666476492973216,0.0784198835279275
26,300.0,0.15811751609590374,0.06551789641122163
26,305.0,0.22717024198876834,0.09630718538966976
26,310.0,0.3377758559037295,0.14913325312470882
26,315.0,0.36555861733054473,0.1655129300835314
26,320.0,0.3034576551520889,0.13521906625980495
26,325.0,0.22061918750140352,0.09386680590377516
26,330.0,0.1828454442414924,0.07653864606796379
26,335.0,0.18778356843450505,0.07932492177572936
26,340.0,0.19990735108744973,0.08491599149495277
26,345.0,0.240088625031862,0.10159563573152042
26,350.0,0.3028231981820184,0.1321819520148665
26,355.0,0.30581856160019283,0.13335748802850445
27,0.0,0.3662502485944755,0.1439074653964577
27,5.0,0.3392751416804982,0.1317296902497438
27,10.0,0.2590035145293881,0.09838554531650012
27,15.0,0.25365519775449585,0.0954382115399357
27,20.0,0.26793167664289375,0.10119017372448513
27,25.0,0.2719493767658313,0.10326223212838304
27,30.0,0.292813635723035,0.11105004229588833
27,35.0,0.3137332837642056,0.11918739491088592
27,40.0,0.31000700161504946,0.11785472585857693
27,45.0,0.3082943920337441,0.11738736367860503
27,50.0,0.33724520842687045,0.1297948157162787
27,55.0,0.3656691056402237,0.1422377344836141
27,60.0,0.3635199022127992,0.1416777212524336
27,65.0,0.34568387264511524,0.13376212744348226
27,70.0,0.3411210472218197,0.13195626265787275
27,75.0,0.34973580906230917,0.13570255447909874
27,80.0,0.3656741947032922,0.14226506438565323
27,85.0,0.3997624803845674,0.15658406071628006
27,90.0,0.3918233715982756,0.15327658571709146
27,95.0,0.3652410669662802,0.14116038994133318
27,100.0,0.34044411448186573,0.13024622502598482
27,105.0,0.33521650247436885,0.12823998219810384
27,110.0,0.3127091378803941,0.11995653400351092
27,115.0,0.2845839169064104,0.10847142486385708
27,120.0,0.2719973881519292,0.10358367373474464
27,125.0,0.2653713093813965,0.10056960305697138
27,130.0,0.25878653193472145,0.09722620335272836
27,135.0,0.2633095985486389,0.09968068896181681
27,140.0,0.2833725855053194,0.10951861538694374
27,145.0,0.3198009587329276,0.12584330570753022
27,150.0,0.33415330465062876,0.1315876834301818
27,155.0,0.320555215284411,0.12580557858494112
27,160.0,0.3030757853307382,0.11908765426683776
27,165.0,0.30504177237133756,0.1198483172279059
27,170.0,0.3077829017773672,0.12149318005553567
27,175.0,0.31308205787037735,0.12394701326721969
27,180.0,0.36056512884223635,0.14206215723337523
27,185.0,0.339185117383225,0.131650983100019
27,190.0,0.2586573879955065,0.09827776779758524
27,195.0,0.2571842391572928,0.09677845724936551
27,200.0,0.2699071540192568,0.1020032527461543
27,205.0,0.27417059908315466,0.1040952091090972
27,210.0,0.29131688884857354,0.110406996027831
27,215.0,0.3113963508736318,0.11823640043839101
27,220.0,0.3052509945845805,0.11602978313430345
27,225.0,0.3071017952625067,0.11687719483918158
27,230.0,0.3406466235758152,0.1310512143952005
27,235.0,0.3659436883323428,0.1423633253680282
27,240.0,0.36229339677541395,0.1412836210156997
27,245.0,0.3389596650142599,0.13153944983807075
27,250.0,0.3353922172317294,0.1300715143856489
27,255.0,0.3500417275387715,0.1356079975647485
27,260.0,0.36471404658106976,0.14187069746846193
27,265.0,0.3938890026888716,0.15437363479745303
27,270.0,0.3866816358961911,0.1513142068097192
27,275.0,0.35780190482594443,0.1383656547551133
27,280.0,0.3339324501425802,0.12793572653964502
27,285.0,0.3347493874939206,0.12834053205204754
27,290.0,0.31941609201758103,0.12226150024241111
27,295.0,0.28458895387542416,0.10854353737120592
27,300.0,0.2682452601338733,0.10221385758145884
27,305.0,0.2640566954831255,0.09983399554817196
27,310.0,0.2572545487836456,0.09653705222099307
27,315.0,0.26130553592322403,0.09903243978812593
27,320.0,0.2805895185321593,0.10871909794391543
27,325.0,0.3237873541682662,0.12711785133148557
27,330.0,0.3389486025798827,0.1331467611797369
27,335.0,0.3236323192056212,0.12678028342423187
27,340.0,0.3109143041455259,0.12180302197004167
27,345.0,0.3105034313014644,0.12172340110354463
27,350.0,0.30784497498436647,0.12156129861481191
27,355.0,0.31487843229829215,0.12451438627268951
28,0.0,0.10933869656740824,0.05975116512456946
28,5.0,0.11615687578046718,0.06381040498054813
28,10.0,0.12891001244970368,0.07112765848228098
28,15.0,0.14126054166153967,0.07820602601605486
28,20.0,0.1531345968645912,0.08517579560752131
28,25.0,0.16079225970121724,0.08986037111848277
28,30.0,0.16423811346086947,0.09215586242610951
28,35.0,0.1674265904970451,0.0942725528503503
28,40.0,0.17850205392023066,0.10102611693641694
28,45.0,0.17863031414045916,0.10108008734476681
28,50.0,0.17889149760439538,0.10118560922648612
28,55.0,0.18729774332341276,0.10620519279824703
28,60.0,0.1930079127538311,0.10951118490436207
28,65.0,0.1988268295811213,0.1128449761873982
28,70.0,0.1968270145501405,0.11166625524941498
28,75.0,0.19184902512349344,0.10880027650444823
28,80.0,0.18986726402763698,0.10754076427258275
28,85.0,0.18767023154810392,0.10617525907222958
28,90.0,0.1883868773154197,0.10646530849418345
28,95.0,0.18389740903993235,0.1036367422569835
28,100.0,0.18045201169823777,0.10123751708624407
28,105.0,0.18068729939283834,0.10112156476339074
28,110.0,0.1732179940045252,0.09632026584670184
28,115.0,0.1614183847519174,0.08943146429061566
28,120.0,0.14669950593890768,0.08095945760029644
28,125.0,0.13276770740810506,0.07286615595131996
28,130.0,0.12378843932926842,0.06757801047304068
28,135.0,0.16776634689692194,0.09160307406599366
28,140.0,0.2990740728910306,0.1700362562998734
28,145.0,0.49658162049192833,0.2954892876007429
28,150.0,0.7403422936705266,0.4642149112896603
28,155.0,0.8300708925915399,0.52939631910639
28,160.0,0.7188774895975372,0.44930828782594967
28,165.0,0.47782738854195317,0.283244362094745
28,170.0,0.27851430874655037,0.15835353068365243
28,175.0,0.153697700809599,0.08375434401377158
28,180.0,0.11279020390566907,0.0615153453982652
28,185.0,0.11860959329503307,0.06501772321164778
28,190.0,0.13119767186477904,0.07219267148503672
28,195.0,0.1419769197876034,0.07862473536481496
28,200.0,0.15105548495835985,0.08421912704964862
28,205.0,0.15944464246478363,0.08913339215400717
28,210.0,0.16287925370888545,0.09141056499691891
28,215.0,0.16720393710576464,0.09403015536767945
28,220.0,0.17795435868428466,0.10052396631602523
28,225.0,0.1778487608713627,0.10048612987224437
28,230.0,0.17976028485172135,0.10153970225343822
28,235.0,0.1875779813058085,0.10619285974143822
28,240.0,0.19339273313560912,0.10955749372779777
28,245.0,0.19888551838867263,0.11274340727970589
28,250.0,0.19651975107872433,0.11130441237412092
28,255.0,0.19309429327058292,0.10925932912707115
28,260.0,0.18987804219156912,0.10735992329749355
28,265.0,0.18848947666053828,0.10639365168688342
28,270.0,0.18793456414025733,0.10605754678961121
28,275.0,0.18373666951748813,0.103417256764614
28,280.0,0.17950214106339357,0.10065073497171173
28,285.0,0.1804985639373261,0.10093586056585646
28,290.0,0.170878068461654,0.09518714159949382
28,295.0,0.16202113147635,0.08972556130363252
28,300.0,0.14812713753100837,0.08157000283311933
28,305.0,0.13257663023430943,0.07272442350301267
28,310.0,0.12428975160439304,0.06783185069302455
28,315.0,0.1708056381234665,0.09316140213717239
28,320.0,0.29828713717437394,0.16972251371051061
28,325.0,0.49496414055305804,0.2946467240308219
28,330.0,0.7402687599989894,0.4641810571846601
28,335.0,0.8306065837936262,0.5297328449950105
28,340.0,0.7183903283873745,0.44904563711289747
28,345.0,0.4782253206138801,0.28369791450835924
28,350.0,0.28821961910572924,0.16308580322116417
28,355.0,0.15598235845079012,0.08518087282188713
29,0.0,0.27410223424191016,0.11715574425282205
29,5.0,0.3217552335738,0.13904537722631494
29,10.0,0.39563932409468305,0.17633857945390674
29,15.0,0.41055062194954617,0.18353958063474174
29,20.0,0.342639259296443,0.1492876829152362
29,25.0,0.29643003091955833,0.12773592068079676
29,30.0,0.3041808338957209,0.1317092410370273
29,35.0,0.31718600484832316,0.13827824477648676
29,40.0,0.33576511657705965,0.14702968226299795
29,45.0,0.35657239771606264,0.15661258609687545
29,50.0,0.3522611976221799,0.15401478668173696
29,55.0,0.3421943275751125,0.14955212969732679
29,60.0,0.356084343480197,0.15614194705645423
29,65.0,0.3627321972415535,0.15917900973913224
29,70.0,0.3680854627970327,0.16169089756107224
29,75.0,0.3844324570791938,0.1699963861867101
29,80.0,0.39538933125190134,0.17532122443084586
29,85.0,0.37759517128793896,0.16705945808313527
29,90.0,0.37126599950871686,0.16297381422085855
29,95.0,0.3676262836372268,0.16093152266058253
29,100.0,0.3785519035067072,0.16636443800869316
29,105.0,0.3897061618242311,0.17157601862139527
29,110.0,0.38292082738591116,0.16777145488322998
29,115.0,0.38064677559433724,0.166647826290514
29,120.0,0.38550874332758245,0.1694660595657318
29,125.0,0.3833597931039896,0.16830247817005295
29,130.0,0.36614871341953414,0.1594909206265609
29,135.0,0.3350876666368371,0.145223496917661
29,140.0,0.33452611052792225,0.1457089410870156
29,145.0,0.3594137241535702,0.15743004904250013
29,150.0,0.371213845841577,0.16347371231523222
29,155.0,0.3823708111574372,0.1689951584122118
29,160.0,0.341510797647102,0.149218889914413
29,165.0,0.31597220672119164,0.13636861269943812
29,170.0,0.3152739292623985,0.13575667976261807
29,175.0,0.3054152114346059,0.13134412979661925
29,180.0,0.2779575752686654,0.1186336150112034
29,185.0,0.31459654158223227,0.13613070144613948
29,190.0,0.39281194076807024,0.175223964807666
29,195.0,0.40637714634549427,0.18203900299192965
29,200.0,0.34090000838614154,0.1486993357189489
29,205.0,0.29551841438275084,0.12720066837669697
29,210.0,0.3094732231750097,0.13376054419394157
29,215.0,0.32516886132107636,0.14159960316752296
29,220.0,0.3472314726785706,0.15180573700220168
29,225.0,0.36341095492427644,0.15939954587421357
29,230.0,0.3478214904265624,0.1518706780988065
29,235.0,0.33617674922597274,0.14710352154516781
29,240.0,0.35285284916156023,0.1548622037776083
29,245.0,0.3655363558107504,0.16017060364095526
29,250.0,0.3723238164614544,0.16357721135421177
29,255.0,0.3867658706995405,0.17072447427478255
29,260.0,0.39671920924950355,0.17568135438732757
29,265.0,0.3732203103580105,0.16524679723424118
29,270.0,0.36420835146386243,0.16050415989458433
29,275.0,0.359846760546779,0.15801823889061628
29,280.0,0.3673507830062701,0.16183577342503708
29,285.0,0.3829583278164109,0.16892060451270985
29,290.0,0.3875368066422735,0.16993102362843415
29,295.0,0.38351805354887425,0.16787296005017593
29,300.0,0.3992151275452217,0.1751479584173974
29,305.0,0.38857347259897146,0.17051623282179063
29,310.0,0.35817438018069847,0.15619304544845014
29,315.0,0.3332262941433328,0.14447152488227966
29,320.0,0.3415554765315144,0.1484417970908556
29,325.0,0.36564202768264886,0.159904475622747
29,330.0,0.3758333775853153,0.16545785925457113
29,335.0,0.39098354662616985,0.17250693008596285
29,340.0,0.3459401593177963,0.1510794307827774
29,345.0,0.3145918188380431,0.13604714711418275
29,350.0,0.31024765910823204,0.13391965917488013
29,355.0,0.2926419728191788,0.12620621206200155
30,0.0,0.3895333088773787,0.18608945300111912
30,5.0,0.374482102536438,0.17692880111283515
30,10.0,0.3612663760630116,0.1713406914090938
30,15.0,0.3809388165048546,0.18311077340434612
30,20.0,0.3892652591942085,0.1873864168137015
30,25.0,0.4019100251918166,0.19324630110681595
30,30.0,0.384637835358021,0.1825320686583597
30,35.0,0.3542045781037543,0.1664805499796418
30,40.0,0.3284559468451036,0.1534486460626553
30,45.0,0.38558890683651104,0.18314556031863005
30,50.0,0.39915666621000134,0.1898963805069298
30,55.0,0.35919960987731536,0.16819797891143562
30,60.0,0.327724613978,0.15265559499312498
30,65.0,0.3232650466964502,0.15052233333377174
30,70.0,0.33075332637355537,0.15217663987620844
30,75.0,0.38663752483796887,0.17987255767347465
30,80.0,0.5027667243143765,0.241978917404422
30,85.0,0.6348069329456774,0.3226873420730686
30,90.0,0.6734445832092978,0.3443441860766411
30,95.0,0.6049634743708884,0.29922655720773716
30,100.0,0.49816503684495594,0.24210364512430782
30,105.0,0.4033440738821965,0.19414314378718855
30,110.0,0.32748358458469484,0.15242129266521254
30,115.0,0.2999793289756,0.13886841434958475
30,120.0,0.2936200198537694,0.13581013234554273
30,125.0,0.32053792104136924,0.14981882944498648
30,130.0,0.33347304532757804,0.15697105690722468
30,135.0,0.31657937290451377,0.1482987200138769
30,140.0,0.31699439383979533,0.14804400196820067
30,145.0,0.345579704274414,0.16304378046236512
30,150.0,0.3660820943446489,0.17416194574694477
30,155.0,0.3785536177799569,0.18242711517371502
30,160.0,0.3681750807790277,0.17715712557732644
30,165.0,0.3309392971205334,0.15592346062927376
30,170.0,0.3278094638833784,0.1541455670578613
30,175.0,0.37277158955448253,0.17803773206540552
30,180.0,0.3797042567048302,0.18184123670980534
30,185.0,0.36649485398994164,0.17363247935722714
30,190.0,0.3633311643415901,0.17254765217443258
30,195.0,0.3886554302808882,0.18606560474067413
30,200.0,0.38667303032629574,0.18617346749335284
30,205.0,0.39018011706732425,0.18790418847749668
30,210.0,0.37297446318745964,0.17748216581396614
30,215.0,0.3603430619177369,0.16940177888129282
30,220.0,0.3347824974517115,0.1563219251629906
30,225.0,0.3875862370224378,0.18384584567221463
30,230.0,0.4028462937852483,0.1910125369796516
30,235.0,0.36761131956655524,0.17172107700214023
30,240.0,0.33475271587519073,0.15539646062363222
30,245.0,0.3317841346757715,0.154029130263874
30,250.0,0.3288512468760556,0.15196072144351613
30,255.0,0.3703878621970986,0.17266597634348602
30,260.0,0.47850770489809913,0.23133365970664965
30,265.0,0.6113949013372777,0.31220746266503885
30,270.0,0.6629806447110159,0.3388626231444978
30,275.0,0.6047696542559096,0.2989013450286746
30,280.0,0.5089601727346643,0.24728126597284006
30,285.0,0.41808445358703905,0.2003890677052801
30,290.0,0.33840198962927415,0.15714017337499853
30,295.0,0.3015640371083915,0.13920888672955456
30,300.0,0.28494535915642094,0.1319365281073337
30,305.0,0.3166702896237137,0.1480601942444576
30,310.0,0.33410258822608707,0.15732859070633476
30,315.0,0.3139509703624206,0.14719703717404653
30,320.0,0.3121952225201725,0.14573097791108391
30,325.0,0.3400898595142715,0.16070907557574454
30,330.0,0.3786354230212372,0.1799163886431182
30,335.0,0.38771088857973524,0.18634375476384712
30,340.0,0.36406670115765083,0.17566727043439168
30,345.0,0.31817306499678155,0.1506690213308044
30,350.0,0.3282406288520371,0.15419379135178002
30,355.0,0.377307894815221,0.18020261372815982
31,0.0,0.3100105054552703,0.13253189030636148
31,5.0,0.31499693585038435,0.13485840091493628
31,10.0,0.28555057780212745,0.11978963433521272
31,15.0,0.2498639624139184,0.10352879035032636
31,20.0,0.27528436536460865,0.1149228732641211
31,25.0,0.32624456142572456,0.14030406771248294
31,30.0,0.3906220594965497,0.17524859494889933
31,35.0,0.3880156268938899,0.174051618822744
31,40.0,0.3191872410637324,0.13653238916373323
31,45.0,0.27147329916445684,0.11201919114347214
31,50.0,0.2612048515874824,0.10784661417225128
31,55.0,0.29788954938338863,0.12523099458108933
31,60.0,0.3307691078028179,0.1398281149219982
31,65.0,0.3190013496770622,0.13474418080071549
31,70.0,0.2754116500363315,0.1140912136681147
31,75.0,0.2705281936938173,0.11111864033272123
31,80.0,0.30158872526253444,0.12621112485469244
31,85.0,0.37729750383784966,0.1667402579595879
31,90.0,0.40303303172333427,0.18069127564669984
31,95.0,0.3713849969274039,0.16090234268761394
31,100.0,0.30268377483931497,0.12627366132405893
31,105.0,0.25902847722524314,0.10711300378213628
31,110.0,0.2467696708560041,0.10200076992323226
31,115.0,0.2865278137564714,0.12125705722767377
31,120.0,0.3171517470751414,0.13561391364837105
31,125.0,0.29602966948979703,0.12530841700085116
31,130.0,0.2628014176944744,0.1097645203517642
31,135.0,0.25806333617838384,0.10718487635662555
31,140.0,0.28582966566761847,0.1202754774606195
31,145.0,0.3399687816689262,0.1506369259446232
31,150.0,0.3772719077996308,0.17259731545789003
31,155.0,0.36577024197465524,0.16354122406921523
31,160.0,0.2956469144531315,0.12616666360651496
31,165.0,0.2551185049012732,0.10641025152282035
31,170.0,0.2664990258678196,0.11112228666351986
31,175.0,0.2903954498282818,0.12198654367927975
31,180.0,0.3109547883689442,0.1328933218674303
31,185.0,0.31184052239220905,0.13357645868295875
31,190.0,0.27650356123997744,0.11579701395957287
31,195.0,0.26040632368542327,0.1078230225290423
31,200.0,0.2879921289402215,0.12018961661470362
31,205.0,0.3375347270383632,0.1448348255130073
31,210.0,0.3938784725580202,0.17674362985112735
31,215.0,0.39037562230338396,0.1745715727919659
31,220.0,0.319316451126455,0.13632673252924177
31,225.0,0.26133084477532675,0.10780189963693942
31,230.0,0.2564301306534127,0.10620137787156358
31,235.0,0.30211957602354966,0.12715413141044885
31,240.0,0.33108656346684096,0.1399681030547285
31,245.0,0.3127126852291092,0.13201130224648305
31,250.0,0.26786259913273514,0.11095118131246018
31,255.0,0.27496909268287384,0.11345540846292923
31,260.0,0.3010983465959729,0.1263596287187705
31,265.0,0.37323801680266744,0.1655485396597277
31,270.0,0.3906686105180631,0.17593348844026613
31,275.0,0.3555962251837169,0.15455249197637333
31,280.0,0.28581693823884924,0.1195671972176634
31,285.0,0.2442165939808465,0.1009303997576867
31,290.0,0.25125436317372907,0.10414377482360992
31,295.0,0.2910156917487957,0.12317527417306162
31,300.0,0.3188079494444529,0.13629335584813163
31,305.0,0.2922394704564595,0.12350627948896387
31,310.0,0.2639194050709225,0.11004416155841212
31,315.0,0.26191670381307086,0.10890915681851177
31,320.0,0.2885418784912621,0.12141823323457845
31,325.0,0.34076465558471136,0.1509169749998619
31,330.0,0.3795999230080467,0.17345565772571248
31,335.0,0.36618530421985673,0.1637773641868263
31,340.0,0.2985853114460907,0.1273816042741579
31,345.0,0.2599233208913726,0.10846209429116827
31,350.0,0.2734699361741654,0.11379275375360398
31,355.0,0.28391862206226315,0.11915127882934351
32,0.0,0.15604506498722237,0.11212867620554012
32,5.0,0.20820906668316108,0.15311725876423332
32,10.0,0.2034391184178217,0.14941656553009752
32,15.0,0.1652268210690232,0.11969358590764934
32,20.0,0.20845200544775055,0.1528376139539881
32,25.0,0.22079445646009,0.16282227439714825
32,30.0,0.19363589394444647,0.14096463084583688
32,35.0,0.17085721009732657,0.12341036383132398
32,40.0,0.21616505511316275,0.15906473178053326
32,45.0,0.21106719897449233,0.15487314726312562
32,50.0,0.185182498149856,0.1347577793351622
32,55.0,0.18741116963594828,0.13722067019730866
32,60.0,0.1904551267876563,0.13873709519431288
32,65.0,0.19340515641108968,0.1413616619247151
32,70.0,0.18541102337312243,0.13488705422522596
32,75.0,0.19717021067884477,0.14422161013818358
32,80.0,0.17213634200770178,0.12409956221517005
32,85.0,0.1765167720627081,0.1274089082709141
32,90.0,0.18096157911538702,0.13033911586918423
32,95.0,0.203863663107692,0.1472721902027092
32,100.0,0.2512822820056805,0.18588873040294407
32,105.0,0.3163024276314126,0.24054548054343872
32,110.0,0.3914793141756233,0.3064628298844154
32,115.0,0.41864775396805365,0.3270042147210527
32,120.0,0.4359991191302264,0.33505332489521333
32,125.0,0.45482932437149615,0.3450547347690269
32,130.0,0.5044919039426113,0.38835796894389707
32,135.0,0.5367555348053049,0.42146657737482396
32,140.0,0.5040041855195247,0.3975417882483333
32,145.0,0.37927349838046975,0.2908724747948841
32,150.0,0.2624399179545521,0.19517263111126293
32,155.0,0.1667269368948303,0.12006465692191248
32,160.0,0.1295707281807449,0.09401300668864432
32,165.0,0.13048786420734815,0.09478058820205182
32,170.0,0.14964761040264407,0.10830308399592836
32,175.0,0.1780585972074219,0.1302530382317988
32,180.0,0.15661908472915265,0.11240333193122909
32,185.0,0.20758464046740266,0.15264648171042805
32,190.0,0.20317834599930107,0.14911295003019187
32,195.0,0.16586257144628724,0.12000959356505048
32,200.0,0.20553079686546827,0.15082061335608454
32,205.0,0.21846723183199723,0.16117744655442323
32,210.0,0.1934923627898304,0.14086011116140607
32,215.0,0.16964328411945073,0.12264250941230892
32,220.0,0.21524792461399467,0.15830425553263272
32,225.0,0.21384625115849176,0.15674406298621013
32,230.0,0.18525392225473591,0.13492640800260303
32,235.0,0.19074772340834467,0.13939690004850647
32,240.0,0.19305457735368559,0.14048599332646783
32,245.0,0.1976695725076575,0.14433675221206632
32,250.0,0.18891023566491805,0.13746903582151693
32,255.0,0.20059705060576527,0.1467742940789699
32,260.0,0.17510408808143274,0.12637643177269164
32,265.0,0.18112744336555353,0.13077463108668785
32,270.0,0.17871861802563282,0.12879208900984251
32,275.0,0.1954972773587379,0.14142448721115108
32,280.0,0.24352415549461548,0.18038153279244606
32,285.0,0.3115589114334738,0.23715300710202125
32,290.0,0.3897982241757054,0.3053571433325758
32,295.0,0.4160625995078281,0.3253578958437281
32,300.0,0.4350068784078511,0.3343182570402857
32,305.0,0.4555293695460173,0.3455409866879773
32,310.0,0.5065694503085449,0.3897244122316613
32,315.0,0.5379193993350131,0.4223712733832172
32,320.0,0.4998477286303039,0.39461085548548447
32,325.0,0.37672921790995795,0.2890430608759956
32,330.0,0.2603192411976216,0.19364545604684946
32,335.0,0.16467646745506015,0.11846838840128393
32,340.0,0.1293191228227767,0.09380745648262578
32,345.0,0.13288708224261447,0.09642219950729003
32,350.0,0.15105872987292446,0.10932384311425958
32,355.0,0.17959918158495136,0.13144297610626965
33,0.0,0.1471906604883757,0.10031556381452778
33,5.0,0.16320682821994503,0.11267632243563441
33,10.0,0.16973722313676343,0.11703266876026697
33,15.0,0.14516368421356662,0.09961557884199901
33,20.0,0.13084533272359045,0.08940213253210216
33,25.0,0.12253994892047415,0.08352102837889308
33,30.0,0.10995896856043053,0.07433154504513761
33,35.0,0.11305436153374882,0.07657234550119463
33,40.0,0.13593309538262366,0.09239340223740655
33,45.0,0.1428247543303186,0.09791237100125183
33,50.0,0.13361580404609175,0.09082751515547227
33,55.0,0.11379321397538456,0.07719965509776283
33,60.0,0.09225966000515828,0.06186058584100973
33,65.0,0.11278238111770511,0.07560628097642919
33,70.0,0.11842349509909045,0.07966624970654801
33,75.0,0.09919940853385267,0.06679055631216313
33,80.0,0.08282952563787804,0.05547566391137815
33,85.0,0.061616850575202387,0.04108335097446758
33,90.0,0.13071912149230303,0.08705702367389767
33,95.0,0.32835436182566824,0.23149610850609936
33,100.0,0.5187726010984293,0.3772885452437773
33,105.0,0.5182430612593416,0.37572606010487164
33,110.0,0.2989483483426212,0.20739968339706738
33,115.0,0.081991818696737,0.055045954923461426
33,120.0,0.07967029804958459,0.053469790509433124
33,125.0,0.12216931068282211,0.0833644584942963
33,130.0,0.13468228220449274,0.09181555663194285
33,135.0,0.13759919951971,0.09276783781554288
33,140.0,0.12118627665488402,0.08105044954851193
33,145.0,0.11279327364002778,0.07520296329710319
33,150.0,0.12844060673586022,0.08735164214856195
33,155.0,0.16040965371518157,0.10966567146186779
33,160.0,0.14786852408283457,0.10070467965764796
33,165.0,0.12275943588961402,0.08325924747176383
33,170.0,0.12288588846673687,0.08277152737806781
33,175.0,0.14061467846129405,0.09512934172316345
33,180.0,0.1453920405672826,0.09924906763695207
33,185.0,0.16149830423553535,0.11160010660153952
33,190.0,0.17105466365376587,0.11798757468627019
33,195.0,0.1515639623984557,0.10362090695662429
33,200.0,0.12842711920040562,0.08781154674389657
33,205.0,0.12377879908210876,0.08422823297091853
33,210.0,0.10366006702815411,0.0702072660706391
33,215.0,0.11551058973316808,0.0782074793929628
33,220.0,0.13626386148548442,0.09271176586173202
33,225.0,0.14403819339725032,0.09867221899668654
33,230.0,0.12919364121081856,0.08806815003555479
33,235.0,0.11553343516797188,0.0782030084393015
33,240.0,0.09381885390474132,0.06285368382708145
33,245.0,0.11081188375129458,0.07444361597016125
33,250.0,0.1192903650310203,0.08034429136412036
33,255.0,0.10226081148611166,0.0688045597702327
33,260.0,0.08634069835647762,0.05781141172994131
33,265.0,0.06239849670019937,0.04156504856736243
33,270.0,0.13358441115938646,0.08892754010483783
33,275.0,0.3291528009561291,0.23192855302266802
33,280.0,0.5140315174127166,0.37417016523848456
33,285.0,0.5141479656771102,0.3729819303523322
33,290.0,0.29605428643448306,0.2055308650547747
33,295.0,0.08143721170976093,0.054712990617992396
33,300.0,0.07976446986894525,0.05346807392944575
33,305.0,0.12135274393300044,0.0828226260704823
33,310.0,0.1338827564694549,0.09127955873908622
33,315.0,0.13753864862887755,0.09269380436171093
33,320.0,0.11966721654675971,0.08004303122937395
33,325.0,0.11315079258705119,0.07543628247244372
33,330.0,0.12988869542932446,0.08829180321453278
33,335.0,0.16202180927656273,0.11065849240230885
33,340.0,0.14549349592877991,0.0991376927811366
33,345.0,0.1257208885505512,0.08508300864177953
33,350.0,0.12401541327959742,0.08351386800472849
33,355.0,0.1354545744663228,0.09177603819424529
34,0.0,0.2986704985060452,0.11317509507117152
34,5.0,0.23994981336906807,0.08912274007052667
34,10.0,0.2042735341490931,0.07413702741527006
34,15.0,0.23767719692665346,0.0874226433882147
34,20.0,0.33376681029021305,0.12737305674904753
34,25.0,0.3581323937694999,0.13812790195981006
34,30.0,0.2944315642063794,0.11216637413301911
34,35.0,0.25266692929034473,0.09481637048592584
34,40.0,0.24509058916498105,0.09131926874016472
34,45.0,0.21571528272282758,0.07943930992641668
34,50.0,0.2457698936283702,0.09109053735806671
34,55.0,0.3374614204044344,0.13061205590362335
34,60.0,0.3598465038142543,0.14013950020332344
34,65.0,0.2756570581142439,0.10473243973646085
34,70.0,0.21529735729679134,0.08056707389369033
34,75.0,0.21714660146429943,0.08150531925071236
34,80.0,0.24553230084188704,0.0925447727669172
34,85.0,0.28215830962875565,0.10727756308806002
34,90.0,0.27425239971599313,0.10369204593154113
34,95.0,0.22600292756316653,0.08464682684548341
34,100.0,0.23835551513765674,0.08991819487132335
34,105.0,0.2363010270359246,0.08896975855678269
34,110.0,0.21455476161357834,0.08001850632874308
34,115.0,0.20001218490268524,0.07477312997626162
34,120.0,0.20967140359113245,0.07892111422054238
34,125.0,0.3295643249591579,0.12623506317434097
34,130.0,0.5027044367598364,0.2033873325986867
34,135.0,0.5902064352832517,0.2463425922734237
34,140.0,0.54255262331923,0.22242955263622632
34,145.0,0.39452846475186454,0.15678603581081407
34,150.0,0.2896668075189939,0.11691641776019845
34,155.0,0.27326575397604314,0.11002069582250096
34,160.0,0.26404906429284236,0.10258880015198313
34,165.0,0.27077736258003826,0.10362479285288395
34,170.0,0.23916694225846935,0.08912934105858783
34,175.0,0.2601674434099347,0.09721176205370285
34,180.0,0.2968633423340643,0.11256911205198283
34,185.0,0.2413209496547839,0.08968143993512723
34,190.0,0.20551121574224152,0.07471960259230692
34,195.0,0.22877779236439233,0.08462828029285385
34,200.0,0.31711322087305727,0.12172598838116921
34,205.0,0.34938574247537957,0.13522869028319218
34,210.0,0.30461314499428416,0.11573457673564658
34,215.0,0.2648488928624749,0.09917575097598941
34,220.0,0.2419389699310277,0.09040340383171586
34,225.0,0.21589552096382647,0.0793795706642676
34,230.0,0.23973029776054777,0.08931669894964755
34,235.0,0.33064248420816156,0.12833013135111826
34,240.0,0.3550791106603789,0.13856051065173114
34,245.0,0.2745885139019185,0.1042694949077474
34,250.0,0.22167505412423738,0.08274228795756311
34,255.0,0.22275945176010659,0.08342099681153448
34,260.0,0.24278330838564466,0.09167104791549197
34,265.0,0.28228825332171836,0.10746364633692518
34,270.0,0.2710448528284761,0.10241671008848718
34,275.0,0.2255878082313566,0.08444964539317745
34,280.0,0.23586630017892185,0.08895686055137786
34,285.0,0.23014945916181184,0.0868554834293842
34,290.0,0.2089812286435071,0.07805127581445626
34,295.0,0.19891442409235738,0.07437349051393827
34,300.0,0.21785877247771102,0.08138535314933193
34,305.0,0.3260821317834157,0.12517512888554339
34,310.0,0.49990505951700903,0.20240993676636898
34,315.0,0.5903396862173562,0.2464996403433155
34,320.0,0.5426586391497767,0.22241367845736015
34,325.0,0.4025217472804673,0.1597465934400596
34,330.0,0.29748874613218845,0.11936308057016198
34,335.0,0.2704981718157222,0.1092073418355819
34,340.0,0.2618660524713995,0.10218430851107296
34,345.0,0.2722906612170275,0.10438261697934481
34,350.0,0.23702253777800664,0.08855297334415968
34,355.0,0.2571035731413075,0.09614668128875381
35,0.0,0.29215102551639727,0.19858694338704086
35,5.0,0.24095911415131177,0.16062456026926286
35,10.0,0.2195269722240656,0.14609492325342388
35,15.0,0.23617814487705946,0.15848907634291742
35,20.0,0.2153326097327134,0.1431850751531556
35,25.0,0.22930562471882465,0.1532814581539056
35,30.0,0.2031115563550988,0.13468949298850086
35,35.0,0.19515962981388024,0.12915660791556416
35,40.0,0.18880669172208087,0.12491178038819029
35,45.0,0.16671979534136994,0.10941599210367148
35,50.0,0.1607330665999669,0.10541743784718494
35,55.0,0.19080556879088828,0.12568422609205931
35,60.0,0.2477781453281387,0.1665538899056328
35,65.0,0.3179919173970649,0.21780260552335873
35,70.0,0.39639946458863007,0.2766429594570492
35,75.0,0.46909375657352337,0.33045864397099556
35,80.0,0.5084024583317397,0.358597053724214
35,85.0,0.5384547016381256,0.38213737775897605
35,90.0,0.5065090540153652,0.36148199680054816
35,95.0,0.41783992835902417,0.2959148920615683
35,100.0,0.30806289027254474,0.21022573624776786
35,105.0,0.23865511494181546,0.1585609814104445
35,110.0,0.19594867397434723,0.1295563210813937
35,115.0,0.18898227021034864,0.125748644682373
35,120.0,0.18929770611287677,0.12523215856615788
35,125.0,0.1979691311680577,0.13110534287292663
35,130.0,0.20129610393203112,0.1335057624168583
35,135.0,0.2116380295601561,0.1409583622847218
35,140.0,0.22459988716101953,0.1497010190063116
35,145.0,0.21688411235747607,0.14442960823041895
35,150.0,0.22943204773738968,0.15332938725252931
35,155.0,0.24227927146311423,0.16275498405555522
35,160.0,0.21791788306214344,0.1459268513769102
35,165.0,0.25154251934609106,0.1687684339744252
35,170.0,0.21703583727829767,0.14365570875601108
35,175.0,0.23759806352325996,0.1583590437257817
35,180.0,0.29930596895243156,0.20312344511044256
35,185.0,0.243889887317702,0.1623452349142691
35,190.0,0.21661937705302292,0.14412337327295122
35,195.0,0.23970516752129944,0.16032010535695917
35,200.0,0.20941721758690612,0.1397228948369913
35,205.0,0.23000668041405803,0.15360371410221474
35,210.0,0.20895683740524673,0.13785022009251224
35,215.0,0.2012366835798377,0.13264722298392784
35,220.0,0.19513396844262465,0.12851390680304675
35,225.0,0.17454139159571924,0.11414226347101408
35,230.0,0.16783511588522804,0.10976699228859121
35,235.0,0.18093102238091463,0.11938086505762857
35,240.0,0.2225302929958458,0.1506372708864523
35,245.0,0.2847492104811532,0.19675766235653747
35,250.0,0.37142765850029313,0.2601711229629785
35,255.0,0.45690664324113905,0.3217108981656186
35,260.0,0.5112932645230011,0.3600335490485078
35,265.0,0.5348489683641304,0.3799359187006337
35,270.0,0.5073172942023294,0.3621037246733384
35,275.0,0.4316595618941622,0.30498992871832775
35,280.0,0.3226740615035555,0.21940643694308704
35,285.0,0.24388467269892133,0.1616584199866261
35,290.0,0.20192246702529149,0.13329516704606847
35,295.0,0.19701643300809468,0.13086882437098657
35,300.0,0.20221376344680753,0.13346359134955565
35,305.0,0.20617869680860856,0.1361805618195433
35,310.0,0.20955805587856158,0.13888277198479393
35,315.0,0.21887017548581866,0.14556996806627098
35,320.0,0.2294564321652416,0.15307023581822954
35,325.0,0.21812233356437338,0.14556528554332704
35,330.0,0.22967541285688597,0.15383849082003032
35,335.0,0.2454131146753522,0.16486337641102866
35,340.0,0.22766483948477212,0.15198338272866874
35,345.0,0.2430899812820072,0.16377868457186007
35,350.0,0.21830511474408043,0.14467117369982319
35,355.0,0.24154192967150412,0.16104845542888568
36,0.0,0.2915850397595299,0.1347351365740409
36,5.0,0.30215142757601754,0.14087460680912856
36,10.0,0.35050136499608764,0.1636370681851057
36,15.0,0.44938693842037514,0.2156940279276529
36,20.0,0.43069073434739014,0.20539923214905664
36,25.0,0.32239579384618466,0.15027339786094263
36,30.0,0.31894581119693444,0.1491386557555392
36,35.0,0.339655261475616,0.15807729691225192
36,40.0,0.5072839069859758,0.2472261081904824
36,45.0,0.6237767373237704,0.3148949608859287
36,50.0,0.5594357272323154,0.27621196727748765
36,55.0,0.3470027079970641,0.16219911741736825
36,60.0,0.2608313849026479,0.12055148200525811
36,65.0,0.24848342190831463,0.1153462914622051
36,70.0,0.3431983876875069,0.16228820622423512
36,75.0,0.376092547870746,0.1799583470231355
36,80.0,0.292999343798924,0.1367107685661888
36,85.0,0.22928042527349835,0.10665430181242919
36,90.0,0.24681555467257854,0.11276106497242167
36,95.0,0.3695700754218202,0.17404986803592715
36,100.0,0.5892818404939513,0.2956625741304062
36,105.0,0.6135900129670657,0.31028415177824964
36,110.0,0.45591470883043916,0.21969456580992774
36,115.0,0.28549661632766343,0.1313057725469775
36,120.0,0.259856778820703,0.12170092907559882
36,125.0,0.2650439939837246,0.12355208570502552
36,130.0,0.3500001344444571,0.16606869871625474
36,135.0,0.38496704064658194,0.18484811360117226
36,140.0,0.2928435298305574,0.136667674325473
36,145.0,0.24613635091622021,0.11468000840494119
36,150.0,0.2567744852098216,0.11857004029134255
36,155.0,0.3338370844715023,0.15543737769235877
36,160.0,0.5175175331765403,0.25334088596523574
36,165.0,0.6365927467360111,0.322609298623999
36,170.0,0.5687273091701218,0.2821624701763432
36,175.0,0.36774551084355256,0.1725432806815873
36,180.0,0.29147112820893606,0.13465348275834965
36,185.0,0.29961567547498724,0.13971705985073535
36,190.0,0.34658576526490104,0.16187657650747445
36,195.0,0.4484994207867944,0.21522918830292048
36,200.0,0.4289323049305098,0.2046329677978389
36,205.0,0.31946164868463023,0.14893248210501753
36,210.0,0.3180072281111943,0.14860816586247583
36,215.0,0.34076884381289374,0.15854901159035717
36,220.0,0.5066276626825748,0.2469066607911775
36,225.0,0.6238639539622377,0.31491782799350865
36,230.0,0.5587744265310913,0.2759169706044047
36,235.0,0.34567727251167835,0.16148128198720113
36,240.0,0.260536263355317,0.12048105912542262
36,245.0,0.24918172369985414,0.11565718561487826
36,250.0,0.34455323032420615,0.16287112106952395
36,255.0,0.37687041976292146,0.18029237906486772
36,260.0,0.29410424306609717,0.13723891942621202
36,265.0,0.23108510526274717,0.10742394957320778
36,270.0,0.24663237168375085,0.1126503312563617
36,275.0,0.37064163058265565,0.17455041877596178
36,280.0,0.5884380268750524,0.29525447984159536
36,285.0,0.6121835817364527,0.3096750551535127
36,290.0,0.4546350291128647,0.21917565539156247
36,295.0,0.2827368387561294,0.13017478228907398
36,300.0,0.26505638299121814,0.12388745291699677
36,305.0,0.26267084549335273,0.12251776491905686
36,310.0,0.3500425286821617,0.16605635361282678
36,315.0,0.3850073885897276,0.18491210359530386
36,320.0,0.2943804896355944,0.1373689308590179
36,325.0,0.24768721419531803,0.11533252467422828
36,330.0,0.2575162634920197,0.11897167374179052
36,335.0,0.3307866645559365,0.15417401028227407
36,340.0,0.5182468562709026,0.2535655603519087
36,345.0,0.6359230912894334,0.3222979548989887
36,350.0,0.5687852991461574,0.2821669516797727
36,355.0,0.3661546077338961,0.17192626215843132
37,0.0,0.17953518409174285,0.1404568965650974
37,5.0,0.15259547222997305,0.11835176398158143
37,10.0,0.1686923508789847,0.13171618379940486
37,15.0,0.17767904033059245,0.1397186279995426
37,20.0,0.16685606717084311,0.13045216245701208
37,25.0,0.1637889364734969,0.1281686572148616
37,30.0,0.15565316814891172,0.12192134754926165
37,35.0,0.16367688445828255,0.12891011971399624
37,40.0,0.15965652314875323,0.12562437834300066
37,45.0,0.14578181772494048,0.11440868344026
37,50.0,0.14770604679064248,0.11570431761685318
37,55.0,0.13404012414902522,0.104911762652667
37,60.0,0.13729241940658732,0.10764210941941288
37,65.0,0.12214597280153738,0.09603162773148466
37,70.0,0.1125187154899453,0.08801253507781592
37,75.0,0.13922753167743074,0.10898710222251473
37,80.0,0.23945020324332045,0.19079313692595734
37,85.0,0.37333667717280694,0.30721933417592573
37,90.0,0.40778765254744087,0.336728992546787
37,95.0,0.33499211169916665,0.2727486539642182
37,100.0,0.2137990718789352,0.16970670744539829
37,105.0,0.14621237239411755,0.11445327218452672
37,110.0,0.1192025992718383,0.0935464565614833
37,115.0,0.11610553786127287,0.09049764089515056
37,120.0,0.13313460047329562,0.10395907190108022
37,125.0,0.13255240262826606,0.10293738083241077
37,130.0,0.1356010839568611,0.10529964396336722
37,135.0,0.1304320915419218,0.10123024765398159
37,140.0,0.1341449030225388,0.10421034575248245
37,145.0,0.16541598795761947,0.13013913505132635
37,150.0,0.21374143867597684,0.1699168748017903
37,155.0,0.31494576255124085,0.25488414800612547
37,160.0,0.40057478782234435,0.32842075191704223
37,165.0,0.4428702650493127,0.36363823494348846
37,170.0,0.3560428214893816,0.2895102551544042
37,175.0,0.23286272653460727,0.18589972448126058
37,180.0,0.17483187268530354,0.136995167942639
37,185.0,0.15132637454814923,0.11731612898488675
37,190.0,0.16028896554823113,0.12539491279060455
37,195.0,0.17195088935888947,0.13530019154942474
37,200.0,0.1623726626651828,0.12701848687776252
37,205.0,0.16052543574303046,0.125534376202166
37,210.0,0.1531974181205379,0.12004113414796058
37,215.0,0.16023555206779294,0.12631365946876627
37,220.0,0.16303218463144042,0.1280805296359221
37,225.0,0.14418708343347653,0.1132651113970573
37,230.0,0.1458186614944993,0.11439482759242015
37,235.0,0.13663135976267982,0.10690332353668919
37,240.0,0.13710165527181195,0.10758873851552642
37,245.0,0.1187735575059663,0.09348728449446342
37,250.0,0.11170299835204467,0.08752523588608396
37,255.0,0.14522865797240558,0.11339318846219626
37,260.0,0.23972578312933857,0.1910167579624643
37,265.0,0.37197315312317847,0.3061553533452691
37,270.0,0.4068387132628537,0.3360715866174744
37,275.0,0.335234425289916,0.27286855750433037
37,280.0,0.21151164025301072,0.167900702634725
37,285.0,0.14433866369758386,0.11301170205499744
37,290.0,0.11919471311191598,0.09338946944580784
37,295.0,0.11390841882174685,0.08871160738044137
37,300.0,0.13089001209348294,0.10221478479904944
37,305.0,0.1301504885802307,0.10119468472261417
37,310.0,0.13276485392525306,0.1033092513058248
37,315.0,0.1304848761443379,0.10126853997790841
37,320.0,0.13654592837609913,0.10612392290428596
37,325.0,0.17001909078829402,0.13353698521197777
37,330.0,0.21444010148230797,0.17036996487000677
37,335.0,0.31200114210370944,0.25268316271750313
37,340.0,0.39650509516189325,0.32499488923205566
37,345.0,0.44072150534572163,0.36204801174677714
37,350.0,0.35701310993878277,0.29021637970208125
37,355.0,0.23642124047620494,0.18865403726139673
38,0.0,0.42701492509423844,0.28046693012221324
38,5.0,0.44856734278342103,0.2920864636263928
38,10.0,0.4762663123627392,0.31302057728197585
38,15.0,0.4508911333292118,0.2965460303268799
38,20.0,0.3550216894229915,0.23073651209435775
38,25.0,0.2621940919481318,0.1654837906529919
38,30.0,0.18559678799433232,0.11375627352219897
38,35.0,0.14560308050415294,0.08900970895090188
38,40.0,0.15441836113739704,0.09528537427757466
38,45.0,0.17478415359188348,0.10836686269124751
38,50.0,0.1835088100566934,0.11319800664532309
38,55.0,0.18976134325100624,0.11712691337713643
38,60.0,0.21752082788068228,0.13567266178483084
38,65.0,0.2280959840758794,0.143279293454306
38,70.0,0.23592794719891352,0.1474466495365847
38,75.0,0.24080345185743024,0.1500962913867928
38,80.0,0.24990023630476854,0.15552939316635972
38,85.0,0.25280706307849854,0.15944815866328488
38,90.0,0.26585529417086595,0.1672858491967738
38,95.0,0.2678850846516805,0.16708220835426824
38,100.0,0.2634036141959567,0.163592275839875
38,105.0,0.2720486638901406,0.1690632260594579
38,110.0,0.34008440233341763,0.21425502126921003
38,115.0,0.37041390148908093,0.2360912763109817
38,120.0,0.3348499402349471,0.211996562315659
38,125.0,0.2880679424427032,0.17943167825723183
38,130.0,0.24825725736091941,0.15301896339380705
38,135.0,0.266599463416598,0.16534996944735703
38,140.0,0.29744277427546373,0.18620803078382375
38,145.0,0.2882894502069324,0.1797047705046354
38,150.0,0.2623096857506617,0.1630639158945637
38,155.0,0.25906277275500855,0.1617437914658918
38,160.0,0.26696472154704987,0.16646259737883007
38,165.0,0.31213767309315277,0.19649645022124784
38,170.0,0.3545283056884361,0.2266012100763265
38,175.0,0.41122781783851203,0.2677453982308048
38,180.0,0.44303004604496854,0.28971895784914414
38,185.0,0.45949589262287904,0.2985809989480108
38,190.0,0.47791332864900793,0.3146005075258508
38,195.0,0.44335112863377135,0.2924703396256917
38,200.0,0.35938950393690694,0.23303784176363784
38,205.0,0.2646708118211928,0.16694938341830257
38,210.0,0.18914745227322893,0.11557522698309308
38,215.0,0.14669886724710846,0.0894715805266102
38,220.0,0.15326330331650106,0.09471245429726183
38,225.0,0.17491086128675792,0.10846683661262824
38,230.0,0.17666652303568864,0.10941866787731813
38,235.0,0.18702678002015116,0.11574316502154147
38,240.0,0.21902483160681752,0.1366961832287471
38,245.0,0.23552439753674148,0.14772702496839552
38,250.0,0.2374450073484542,0.1484639865718821
38,255.0,0.2294308068512757,0.1435440489331441
38,260.0,0.24736064108187406,0.15403028908403138
38,265.0,0.26424220587226466,0.16643559122243456
38,270.0,0.27247563932263297,0.17162937136755352
38,275.0,0.2633998050044828,0.1644780905006965
38,280.0,0.25704550922663905,0.1600603808416674
38,285.0,0.2713996136445843,0.1688553125109763
38,290.0,0.34605689006726814,0.21839313772057678
38,295.0,0.3837132033503017,0.2446261557442645
38,300.0,0.34984319724194646,0.22106101144136958
38,305.0,0.29011988809302236,0.18049964077884606
38,310.0,0.24559034011952907,0.151743548455344
38,315.0,0.27155823063884454,0.16836538470661577
38,320.0,0.3008662516740087,0.1882053235186717
38,325.0,0.29101092496882686,0.18118624842865394
38,330.0,0.26753494356409413,0.16611092789804338
38,335.0,0.2619768030597688,0.16341755314334172
38,340.0,0.2640389727525301,0.16427830754491812
38,345.0,0.30996270884819177,0.19465078497972366
38,350.0,0.3547295327007487,0.2263971991484509
38,355.0,0.40284629351613677,0.26374203740457713
39,0.0,0.34732068915937564,0.15783945837374314
39,5.0,0.21977259289019901,0.09510084853302969
39,10.0,0.1461437080786454,0.061376434666560176
39,15.0,0.1699014585786527,0.07291429687987283
39,20.0,0.17549425679671027,0.07486554043623106
39,25.0,0.23336736470279773,0.10174543652001455
39,30.0,0.24948030828128798,0.10943335701803047
39,35.0,0.19513442299234884,0.08348819861655477
39,40.0,0.17934275159088942,0.07605727426890363
39,45.0,0.1918213033556294,0.08049097742271993
39,50.0,0.3563587919598181,0.15811687124379814
39,55.0,0.42166060918891635,0.19096825734846368
39,60.0,0.3244219836312905,0.14343719792697074
39,65.0,0.18566009025166685,0.0788583234367558
39,70.0,0.16328866084832327,0.06881031383079161
39,75.0,0.19857962009360408,0.08520540834628054
39,80.0,0.23746547382133998,0.10337790472710484
39,85.0,0.20926774711713725,0.08981846421746931
39,90.0,0.18814854248220214,0.08094797755485872
39,95.0,0.1588181884974622,0.0670499275850952
39,100.0,0.23103554681814564,0.10092293518086903
39,105.0,0.32032822936584204,0.14506954541428807
39,110.0,0.3000782556866788,0.13530744675132356
39,115.0,0.1785111314558513,0.07671998795903934
39,120.0,0.11824597946330695,0.049660088260386925
39,125.0,0.13989095119381578,0.060015603586120014
39,130.0,0.14389449438689927,0.06149857069684739
39,135.0,0.18151728585788884,0.07793042144151474
39,140.0,0.2585028809976688,0.11419387714761764
39,145.0,0.25067974200257226,0.11193555211332273
39,150.0,0.22052475461079324,0.09813394332482939
39,155.0,0.236617959739291,0.10467243740906962
39,160.0,0.21958329369627028,0.09551937315943071
39,165.0,0.24076979704928891,0.10508090262635261
39,170.0,0.31158718255842677,0.13979664047697415
39,175.0,0.378529977246992,0.17373152559743188
39,180.0,0.3395714710824005,0.1546659619091233
39,185.0,0.22101770431817036,0.09551661150294033
39,190.0,0.14797315855260584,0.06204854930864556
39,195.0,0.166862382043917,0.0716890915842131
39,200.0,0.16895921118748103,0.07221313996757073
39,205.0,0.2304209055026849,0.10041065248459335
39,210.0,0.2536232817277747,0.11105247792191608
39,215.0,0.20152220072114013,0.08592428932859075
39,220.0,0.1780796583265838,0.075531498648432
39,225.0,0.1855227535081806,0.07797141017807419
39,230.0,0.35818904104001026,0.1588060050569392
39,235.0,0.42776867924188755,0.19339962800147847
39,240.0,0.32600680491976475,0.14413510750619163
39,245.0,0.18306526342448892,0.07791104411678018
39,250.0,0.16147544585381346,0.06800488581354924
39,255.0,0.19780188828660883,0.08487506191844507
39,260.0,0.23862378362564263,0.10386818313991908
39,265.0,0.20946114999698262,0.08989446559084135
39,270.0,0.18474329072821538,0.07943368147405017
39,275.0,0.15326076050753945,0.06509816550391889
39,280.0,0.23975603718700134,0.1043138374420961
39,285.0,0.32888533819307797,0.1485404766864964
39,290.0,0.30946418747353954,0.13915461619996095
39,295.0,0.18930750866989,0.08098624857865422
39,300.0,0.12007621577805394,0.05029580239316789
39,305.0,0.13488014603460752,0.05791918815590269
39,310.0,0.14154933539986103,0.06044501419051129
39,315.0,0.1768385450463712,0.07598621781369919
39,320.0,0.255337175760706,0.11292166281774363
39,325.0,0.2498302710403143,0.11155659036082832
39,330.0,0.21220382347978695,0.09474665060544307
39,335.0,0.2285112773333512,0.10125854893117514
39,340.0,0.21590607494105252,0.09393592358586311
39,345.0,0.23736981886969422,0.10376249455899134
39,350.0,0.32108030868770876,0.1435246616478073
39,355.0,0.39109390755475937,0.17879056237491475
40,0.0,0.14035667466463597,0.05293779119735065
40,5.0,0.09656712421051283,0.03555643120819629
40,10.0,0.15728261353334638,0.060695753687743825
40,15.0,0.20029684379777246,0.07796916217263883
40,20.0,0.10684365128033102,0.03954626665054817
40,25.0,0.12542191594839402,0.04681051399671443
40,30.0,0.13241555083854228,0.04972741262066871
40,35.0,0.07586413114436119,0.02783596880654482
40,40.0,0.08775111780709521,0.032343895099431696
40,45.0,0.2421177514392533,0.09661149332465113
40,50.0,0.26522720226234975,0.10669401592157057
40,55.0,0.12636710465296985,0.04866379107032537
40,60.0,0.06857547457339619,0.02520315807118656
40,65.0,0.0655141592434253,0.02406253928725277
40,70.0,0.1388058839393197,0.05286299830305485
40,75.0,0.12603188169701818,0.04756426838673411
40,80.0,0.06682717302945074,0.024515590916846963
40,85.0,0.10518709788742997,0.039287236146411386
40,90.0,0.22245289207108654,0.08810654608252988
40,95.0,0.21254407926531016,0.08384778940170412
40,100.0,0.08588102915490714,0.03203398123245049
40,105.0,0.10273146519778875,0.03808028763754878
40,110.0,0.11068031402725287,0.04089917774804397
40,115.0,0.15353359310241987,0.059228945120329723
40,120.0,0.10589952783674672,0.039181770882010025
40,125.0,0.10366728910281486,0.03856137029512885
40,130.0,0.10342655355440566,0.038621615004341914
40,135.0,0.0944365939402384,0.03525583627999462
40,140.0,0.1313472143486295,0.04932280685443591
40,145.0,0.2967516498479402,0.12042243716929923
40,150.0,0.39348995651605945,0.1638714278155673
40,155.0,0.2928565099896082,0.11824913917016977
40,160.0,0.12645193551550282,0.04734060724404743
40,165.0,0.07970328650016134,0.02972562515616528
40,170.0,0.0892993214523864,0.03307273465846061
40,175.0,0.13103673757896728,0.04905026833674453
40,180.0,0.1385638791372784,0.05227833343664523
40,185.0,0.09663624060924358,0.03555996297805053
40,190.0,0.15660524484866267,0.060500826299058064
40,195.0,0.1996416932619155,0.07768643957057264
40,200.0,0.10248783351247726,0.03803681766313083
40,205.0,0.12896255391679556,0.048029993341155985
40,210.0,0.13303703474008977,0.04995116325816429
40,215.0,0.07303392381260221,0.026813577786470977
40,220.0,0.086947802740867,0.03209670129021025
40,225.0,0.24250298669857184,0.09671275195621465
40,230.0,0.26532050827776377,0.10668653466325095
40,235.0,0.1239801057991875,0.04778987208359431
40,240.0,0.06901088770505326,0.025335611044115303
40,245.0,0.06364869147134788,0.023399195159393926
40,250.0,0.13991936232654545,0.05322571098643725
40,255.0,0.1289068687217516,0.04853965057875964
40,260.0,0.06518473786708012,0.023917242549763573
40,265.0,0.10330473930922834,0.03857686647182512
40,270.0,0.22188913622895312,0.08783936786499091
40,275.0,0.21287088463196746,0.0839410069074431
40,280.0,0.08314863083636381,0.031014750840247518
40,285.0,0.10661667660535334,0.039440338087372684
40,290.0,0.1099933174811557,0.0406830265191771
40,295.0,0.15201295784072233,0.05874222300546561
40,300.0,0.10603958432327676,0.03924278051862451
40,305.0,0.10157649646873157,0.037833490552133586
40,310.0,0.10500949627123879,0.0390852057683817
40,315.0,0.09306898755982906,0.03475334726649526
40,320.0,0.1316212132979233,0.049396323493122396
40,325.0,0.2972341226566324,0.12051081587921231
40,330.0,0.39277751618624046,0.16364409539340263
40,335.0,0.2876447329155729,0.11635133690747923
40,340.0,0.12974362789420057,0.048566628629827635
40,345.0,0.07965104314177851,0.029710202326600377
40,350.0,0.09047095210061373,0.033509179890698015
40,355.0,0.1306153178499887,0.048931851276448945
41,0.0,0.6901087292559961,0.4476642904881032
41,5.0,0.5992443098435213,0.3799370489288725
41,10.0,0.3658070516778825,0.22062000665082804
41,15.0,0.19251343063645476,0.11034641144310575
41,20.0,0.13261035255370834,0.07590947728264796
41,25.0,0.15399270193100123,0.08804708730689637
41,30.0,0.17371609101587537,0.09946226495440647
41,35.0,0.18847202087417758,0.10830413385503546
41,40.0,0.20492516603766886,0.11833230068696876
41,45.0,0.20409905705286135,0.11771737257031012
41,50.0,0.2441790382801975,0.1421631063049955
41,55.0,0.1963349532188271,0.11413321045901914
41,60.0,0.2422289635993199,0.14185150202359464
41,65.0,0.249168331450914,0.1460522344911468
41,70.0,0.1795403711375072,0.10559294466393643
41,75.0,0.2390071220399862,0.14022027939160586
41,80.0,0.2617053753062841,0.15508755077200187
41,85.0,0.21040248188952626,0.1236953153677458
41,90.0,0.18610142367598326,0.11051507817727102
41,95.0,0.24965912380547628,0.14881893321460593
41,100.0,0.24678897420527524,0.14686747259243804
41,105.0,0.16979728170522235,0.09975799985228995
41,110.0,0.17708287352568164,0.10338738698478023
41,115.0,0.21962997601233003,0.12980536599640857
41,120.0,0.18434895581370503,0.10830727889183045
41,125.0,0.17811077154242705,0.10360805958843367
41,130.0,0.18507425952951295,0.10771655408112912
41,135.0,0.1595166566383872,0.09264728690527968
41,140.0,0.1600958017856552,0.09266776985318548
41,145.0,0.1385257716102799,0.0798547015099006
41,150.0,0.12161426973208878,0.06979887616288394
41,155.0,0.1100646456096892,0.06334710991644565
41,160.0,0.1073152960153464,0.061929132069946435
41,165.0,0.1836510037009086,0.10590647164509925
41,170.0,0.3649183250946939,0.22013265434804286
41,175.0,0.6003514209369661,0.3803976398247787
41,180.0,0.6902478820268292,0.4477541673161547
41,185.0,0.5975261598421754,0.3788821130623007
41,190.0,0.3639022818375225,0.21961929872970176
41,195.0,0.18962303428659666,0.10894501440821369
41,200.0,0.14167728283920222,0.080704240773385
41,205.0,0.1593075464210334,0.09082391644267895
41,210.0,0.17651933531705788,0.1009655566801585
41,215.0,0.19051403300550296,0.10938353520297261
41,220.0,0.204124513444088,0.11794507467846482
41,225.0,0.20549104581285438,0.11852094497611831
41,230.0,0.2392830342628458,0.13971602664700922
41,235.0,0.20044609916723488,0.1161890213461576
41,240.0,0.23397580871641932,0.1375210263688893
41,245.0,0.2448179750263456,0.14393071257167
41,250.0,0.19386244354029036,0.1132414590814722
41,255.0,0.23642306051283557,0.13934732112495685
41,260.0,0.2501952176853528,0.14885470564513337
41,265.0,0.2133756531162021,0.12537938887819633
41,270.0,0.1919869645558031,0.11353811057219221
41,275.0,0.24236065376920501,0.14482539303405118
41,280.0,0.24144896059076648,0.14392093948313733
41,285.0,0.17708098153487117,0.10358358111022614
41,290.0,0.17183090999973583,0.10061458351318309
41,295.0,0.21933610088171918,0.12970820008506279
41,300.0,0.18982899338562964,0.1111722945082041
41,305.0,0.17151265127031112,0.10017675600628928
41,310.0,0.181736057798211,0.10589166339024092
41,315.0,0.16282937350385818,0.09453651222209025
41,320.0,0.15969301150307003,0.09254231761292742
41,325.0,0.13909960459292658,0.08010108501209545
41,330.0,0.12455038319673317,0.07125330912119521
41,335.0,0.11442536799188219,0.06567223212418616
41,340.0,0.1102365878531657,0.06339536335354423
41,345.0,0.18170177509314278,0.10476194758722901
41,350.0,0.3637263990493421,0.21952161548352034
41,355.0,0.5978513884900472,0.37898922100215604
42,0.0,0.843345372726231,0.3158992911343286
42,5.0,0.7425265987832085,0.27066108935569544
42,10.0,0.5200793739571765,0.17678745962237796
42,15.0,0.3253399997293829,0.10463784365173401
42,20.0,0.1548713644784372,0.04708396691609906
42,25.0,0.06320470781525189,0.01897529403940157
42,30.0,0.05753386495041879,0.01717572895134034
42,35.0,0.06810665334128319,0.020387033329717807
42,40.0,0.0754297886786065,0.0225554438233333
42,45.0,0.08355824305520387,0.02498312634394062
42,50.0,0.09671371382044824,0.029088400752243948
42,55.0,0.11101336803395234,0.033699824877594486
42,60.0,0.11065595550555807,0.03346729824639394
42,65.0,0.11626599401424287,0.03528129347477793
42,70.0,0.11050841407402767,0.03341107306290447
42,75.0,0.1218524422538173,0.037248154054549176
42,80.0,0.11996082037645883,0.03663537056357136
42,85.0,0.11552604171942549,0.03527877908631749
42,90.0,0.13023934539504745,0.0401041807371183
42,95.0,0.1056069401954276,0.0318958212220547
42,100.0,0.12706524224222382,0.039001307130145046
42,105.0,0.11011639676128226,0.033365443376839776
42,110.0,0.11730560690836178,0.03566693096988516
42,115.0,0.11413282751773646,0.034527760936902796
42,120.0,0.11308365202162762,0.03423116477028154
42,125.0,0.10738841642458574,0.03236888332222276
42,130.0,0.10187956732699988,0.030597769729728497
42,135.0,0.09888667856711852,0.02964953698384265
42,140.0,0.10183452545285776,0.03065492829032712
42,145.0,0.09230896477491368,0.02770817763674649
42,150.0,0.08336720683438448,0.024983342377435158
42,155.0,0.08424969261894988,0.025228886585948018
42,160.0,0.1731301259413126,0.052752329119241215
42,165.0,0.3430686296776685,0.1105611010323091
42,170.0,0.5380870972296481,0.18319434254804545
42,175.0,0.7580155442235966,0.2764109946603256
42,180.0,0.8440567163926729,0.31609074039728524
42,185.0,0.7436907373990549,0.271137643296559
42,190.0,0.5212175151311074,0.17705260641514542
42,195.0,0.32694524933380875,0.10509942526560656
42,200.0,0.15576833827897507,0.04736880182080594
42,205.0,0.06029546886952308,0.01809337587371873
42,210.0,0.05667764730918157,0.016924029580571487
42,215.0,0.06707356815801646,0.020104064905665853
42,220.0,0.0752456113317701,0.022548708424773856
42,225.0,0.08329122394143662,0.024961833732038974
42,230.0,0.09506127475387072,0.02862282395848048
42,235.0,0.10911363766815885,0.03315216514168684
42,240.0,0.11011108568261774,0.03338089875150507
42,245.0,0.11296314208769442,0.03443441723517038
42,250.0,0.10915545165241669,0.03302893107223437
42,255.0,0.11948863140284205,0.03663092126857159
42,260.0,0.1173245266667019,0.035874944916364115
42,265.0,0.11315980532541514,0.03457391583906655
42,270.0,0.125601000184961,0.03879720700120026
42,275.0,0.10653370700999287,0.032035968175067264
42,280.0,0.12185101605951487,0.037559115908904706
42,285.0,0.10914789036987482,0.03299970167073807
42,290.0,0.1140882612667179,0.03484976093719261
42,295.0,0.11083362803633201,0.03363042988816711
42,300.0,0.11049296562280497,0.03351662435369529
42,305.0,0.10387959916632827,0.03143461667822567
42,310.0,0.09877152770436981,0.02976242204869517
42,315.0,0.09577096128010654,0.028793268272020556
42,320.0,0.09749415244700244,0.029414670663105325
42,325.0,0.08917312807754452,0.026814647381985024
42,330.0,0.08104106584254545,0.024306517589464893
42,335.0,0.09318640922892407,0.027927075829281556
42,340.0,0.17898121335007244,0.05431585555227636
42,345.0,0.34167101844676806,0.11025122969347712
42,350.0,0.5376640461817532,0.18304326600636578
42,355.0,0.7586709988239964,0.27666353730563664
43,0.0,0.2016980014363301,0.08949048460430076
43,5.0,0.20046207291295393,0.0886497411472641
43,10.0,0.19492366749473378,0.08591625598099129
43,15.0,0.19313791067167863,0.08449611279582414
43,20.0,0.1920559171434698,0.08411067546126272
43,25.0,0.18694576589795653,0.08121471040165251
43,30.0,0.1673291529613652,0.07232596639489663
43,35.0,0.22079507775531437,0.09759807852928315
43,40.0,0.2876387519323792,0.13232982219338518
43,45.0,0.2935521460842465,0.1348498958525508
43,50.0,0.21757864580338282,0.09535578908284204
43,55.0,0.17976819145649936,0.07683998989120477
43,60.0,0.1754623895296561,0.07612695538532355
43,65.0,0.1872183488721363,0.08175888678977083
43,70.0,0.1835161473567709,0.07976000762409596
43,75.0,0.20266696312824029,0.0880929662774339
43,80.0,0.21838624310893895,0.09538048815593947
43,85.0,0.24988350209441612,0.1112399212547932
43,90.0,0.3006516320994904,0.13710485528039795
43,95.0,0.3497703760240285,0.16131276412418416
43,100.0,0.3915591143154401,0.18156541778805912
43,105.0,0.42435102916951306,0.20063374126642441
43,110.0,0.4120770843256294,0.19671838081349247
43,115.0,0.3608120319505649,0.16851977598268064
43,120.0,0.2832930274160861,0.128165037494678
43,125.0,0.2470884876740801,0.10989896666320209
43,130.0,0.22847180675495415,0.10154295638789534
43,135.0,0.2186662239146535,0.09716619822626904
43,140.0,0.21786201290831408,0.09676714510062179
43,145.0,0.2083012196066487,0.09193566645197293
43,150.0,0.21789187690462464,0.09608205300699013
43,155.0,0.19361703389475093,0.08479087155853793
43,160.0,0.17263902911407158,0.07529103260290326
43,165.0,0.18044201609188715,0.07884931269605155
43,170.0,0.18223252180383243,0.0798325710226917
43,175.0,0.19521733198942337,0.08612511292492553
43,180.0,0.19911847691870266,0.08828334755285872
43,185.0,0.20050073905376942,0.08861185667687954
43,190.0,0.19494240850265687,0.08583042405063934
43,195.0,0.19039557837083299,0.08350764080270578
43,200.0,0.18528010934685857,0.0813917089975551
43,205.0,0.17361435004543013,0.07591146477814492
43,210.0,0.1738995746046732,0.07473684723013918
43,215.0,0.22931511658321457,0.1011230850504986
43,220.0,0.2929345616338014,0.13469536498752777
43,225.0,0.29648034416146707,0.13608628396055944
43,230.0,0.21485304302186603,0.09435108405114534
43,235.0,0.17874450539419007,0.07653197109383614
43,240.0,0.1937259905732227,0.08331371365867934
43,245.0,0.19805208570852983,0.08596544052683386
43,250.0,0.19351649446250874,0.08369649252795175
43,255.0,0.2101363205175193,0.09098836912350616
43,260.0,0.2177416690313444,0.09497054025184137
43,265.0,0.23933409098350977,0.10685913487902654
43,270.0,0.2831511523885546,0.1300604179193232
43,275.0,0.33974288286730503,0.15698455909147713
43,280.0,0.38898686652947123,0.1804846535037571
43,285.0,0.4303414398796036,0.20324189280119287
43,290.0,0.4220354835868041,0.20111630718293827
43,295.0,0.3625956548366025,0.1695833050565556
43,300.0,0.2847200437467988,0.12874227394354432
43,305.0,0.23921005078542512,0.10676021234130073
43,310.0,0.2201974003960251,0.0982684343887884
43,315.0,0.21104042364237374,0.09403294777052362
43,320.0,0.215535580669322,0.09565570268805335
43,325.0,0.20541541156147702,0.09061349075925618
43,330.0,0.21467126456838825,0.09464956308107586
43,335.0,0.1904337178188208,0.0833187394730851
43,340.0,0.17464161096912612,0.07597063323714948
43,345.0,0.18409642273731586,0.0802953551681711
43,350.0,0.18829632654754191,0.08224887800081748
43,355.0,0.2005911682605387,0.08833415005228229
44,0.0,0.502701088317151,0.33100592184562905
44,5.0,0.43549482597199207,0.28629846969343575
44,10.0,0.3391152560479991,0.2187418913788446
44,15.0,0.2469555484795669,0.15444922029170782
44,20.0,0.16698580739366287,0.10214972345891393
44,25.0,0.12721088216582543,0.07732958395107248
44,30.0,0.11856407168702332,0.07191010317779645
44,35.0,0.12466502473633678,0.07608673244600117
44,40.0,0.1243786161776319,0.07602740574980926
44,45.0,0.12763442762567778,0.07769974761488929
44,50.0,0.13492725814258533,0.08259544470833236
44,55.0,0.13163468758194885,0.08108177269412575
44,60.0,0.14190715485091954,0.08757426732772844
44,65.0,0.14802375020245695,0.0917498434431302
44,70.0,0.13216553831130373,0.0815015050285488
44,75.0,0.11837154331663857,0.07234307574378684
44,80.0,0.15166328363223458,0.09401558022780043
44,85.0,0.17942945436309188,0.11223468561304217
44,90.0,0.16045990697278012,0.0992300946605158
44,95.0,0.13603818201773932,0.08369544249698346
44,100.0,0.1612472727321289,0.09978967570452313
44,105.0,0.15444689096595932,0.09530214475181442
44,110.0,0.13222697627264812,0.08085717659197822
44,115.0,0.14829386172358938,0.09118046088272236
44,120.0,0.14942118359355094,0.09193562690886059
44,125.0,0.1419846791040198,0.08677752232958302
44,130.0,0.1548951475081365,0.09543779311881884
44,135.0,0.16381858678057493,0.10137844303675814
44,140.0,0.18208279261515015,0.11394124071950718
44,145.0,0.20600500530855648,0.13061423897283342
44,150.0,0.21818083611523664,0.13882996955782212
44,155.0,0.24888612020907153,0.15822519533350943
44,160.0,0.29963766356966615,0.1912057693029956
44,165.0,0.39489789541768094,0.25586972416421205
44,170.0,0.4803281873907018,0.31365147902018553
44,175.0,0.5219350328572081,0.3420739640717173
44,180.0,0.5091426497149036,0.3348824001550895
44,185.0,0.4379955847685363,0.2876831158181251
44,190.0,0.32777791245154997,0.2120822297824102
44,195.0,0.23472973044198986,0.14761953375157644
44,200.0,0.1673484478425744,0.10215097534664952
44,205.0,0.13488136597930478,0.08157928003855375
44,210.0,0.11732762038374733,0.07120329067163977
44,215.0,0.12745359862958527,0.07779110472678918
44,220.0,0.12948710213440906,0.07893492512326361
44,225.0,0.12787743803875673,0.07787812665201588
44,230.0,0.13262002801330608,0.08121324804637609
44,235.0,0.13287753807512315,0.081865651233895
44,240.0,0.14412322171367675,0.08888677304708903
44,245.0,0.15098046653781927,0.09333153715803466
44,250.0,0.1251351734531626,0.07746458767683895
44,255.0,0.1159192997809042,0.0709331164759952
44,260.0,0.15355983239367887,0.09495707518498564
44,265.0,0.18124837678376216,0.11333703819547647
44,270.0,0.15870185825177507,0.09831009648225797
44,275.0,0.1364787331656765,0.0837867654634683
44,280.0,0.15783985242693221,0.0977114432630658
44,285.0,0.15331456404586563,0.09456157850198721
44,290.0,0.13147605509812943,0.08034687873985102
44,295.0,0.15249416428821483,0.09351544483275398
44,300.0,0.15028742475994694,0.09247031829540486
44,305.0,0.14152701341172436,0.08631234164938917
44,310.0,0.15501888579119472,0.09541625990465452
44,315.0,0.16045517942613496,0.09947054196747784
44,320.0,0.17365544804018918,0.10888806453080402
44,325.0,0.19066928190905585,0.12163641039872997
44,330.0,0.2149502962786053,0.13743487348794092
44,335.0,0.26425756828742064,0.16705006645122866
44,340.0,0.3108528048931182,0.19770561551466548
44,345.0,0.39168480933940575,0.25418587551804717
44,350.0,0.4766865202926427,0.3116856942246258
44,355.0,0.5200164048311067,0.3409294774758933
45,0.0,0.3931151497050569,0.15556672739256838
45,5.0,0.3961353266289138,0.15628237944877166
45,10.0,0.38666859895248396,0.15166113081823096
45,15.0,0.38089357042603067,0.14991484161270252
45,20.0,0.3725877951138018,0.14583124877265696
45,25.0,0.37664917094887906,0.14725302088745928
45,30.0,0.36863975423356665,0.14390352060139855
45,35.0,0.3509994545544207,0.13671359458114685
45,40.0,0.3537797755684482,0.13781871424045666
45,45.0,0.3407422108261825,0.1326941209456579
45,50.0,0.3425506713063817,0.1340935855468659
45,55.0,0.3311567805300605,0.12921946117447158
45,60.0,0.2943820354852391,0.11341322972276158
45,65.0,0.3125708495321069,0.1215444619561602
45,70.0,0.32364599733757804,0.126323202450062
45,75.0,0.29710708692019483,0.11554430779080638
45,80.0,0.2857045571609613,0.11157558446441351
45,85.0,0.30671936638488095,0.12066047819247594
45,90.0,0.32664159188410646,0.12981139371246408
45,95.0,0.329817327592309,0.13183725881678754
45,100.0,0.3328874951100107,0.1321017449817229
45,105.0,0.3427149092975136,0.13578205395574128
45,110.0,0.36956881853977086,0.14596238845450826
45,115.0,0.38986840636032216,0.1556585665307555
45,120.0,0.4071291662497074,0.16427893355945922
45,125.0,0.4303723057710288,0.17555875598348303
45,130.0,0.46122650254142517,0.18880981663980734
45,135.0,0.48322201782985796,0.19807959965602207
45,140.0,0.4960928179540264,0.2045941701153149
45,145.0,0.5005104679597574,0.2084927443190604
45,150.0,0.4922109749485717,0.2046256875652186
45,155.0,0.4653630941135941,0.19244978356580944
45,160.0,0.4323463508876729,0.17547140507289305
45,165.0,0.4027808986080328,0.16141410664864986
45,170.0,0.3920915420280423,0.15628801768551082
45,175.0,0.3927910281600887,0.15575852810689328
45,180.0,0.39202781360773964,0.15486999723403316
45,185.0,0.3983024634028538,0.1568538939806936
45,190.0,0.38639994547998924,0.1515499156046759
45,195.0,0.3872252876996881,0.1519583650434042
45,200.0,0.3720495635713297,0.14576318789148301
45,205.0,0.37957368718861884,0.14853892127931856
45,210.0,0.36627099516476513,0.1431605402374494
45,215.0,0.35194695823994815,0.13708408433432162
45,220.0,0.3488429056095418,0.13602853036112594
45,225.0,0.3403500531319138,0.13262875863466528
45,230.0,0.3488997850784603,0.13648736255305216
45,235.0,0.3304215970311646,0.12914190125626757
45,240.0,0.29157377371436133,0.11258997156685491
45,245.0,0.3130027065463957,0.12175858934967498
45,250.0,0.3243580075641175,0.12680775689668866
45,255.0,0.30115698343721575,0.11703409823466326
45,260.0,0.29995504493081593,0.11650754164898747
45,265.0,0.3209864662567661,0.12602703494647516
45,270.0,0.3315071691258278,0.1316951108200739
45,275.0,0.3400243332540439,0.13565692603659085
45,280.0,0.33475859793721374,0.13298783604148356
45,285.0,0.3447456972704611,0.13653930931937786
45,290.0,0.35929782478925454,0.1424802630707851
45,295.0,0.3837789783299358,0.15338324058152197
45,300.0,0.4042848947316031,0.1632587727425191
45,305.0,0.4192778143257865,0.17133887378442658
45,310.0,0.450662583715425,0.184701844732865
45,315.0,0.4776087789365173,0.19612357201595532
45,320.0,0.48994405748818104,0.20252194777457255
45,325.0,0.49763133482101596,0.20770657839123763
45,330.0,0.48340601355735036,0.20187162905311073
45,335.0,0.4648803706375739,0.1919956169059731
45,340.0,0.4344024087896765,0.1757895833366312
45,345.0,0.39981681323865104,0.15999927719052054
45,350.0,0.39164010466963206,0.1558334550874616
45,355.0,0.4001540749559269,0.15835628883764385
46,0.0,0.3023787361352738,0.12207465179513433
46,5.0,0.2399664718623622,0.08987752411218475
46,10.0,0.15589625363479753,0.05548216631780467
46,15.0,0.07843020204491913,0.02795091224238433
46,20.0,0.11175424118791466,0.04005028020089674
46,25.0,0.1527198641261588,0.056136510211912016
46,30.0,0.1722205846963506,0.06495434805883316
46,35.0,0.18375390427360594,0.06820346084815943
46,40.0,0.174708620519741,0.06217622644858567
46,45.0,0.14389057542366435,0.050107553426620544
46,50.0,0.1447715372122893,0.050443368577794634
46,55.0,0.17710457889664644,0.06299509486603105
46,60.0,0.14862918982415585,0.051203115831286006
46,65.0,0.17032124184456943,0.05920502028004038
46,70.0,0.22347078726974745,0.08077060218132437
46,75.0,0.21431617804668868,0.07702617829697322
46,80.0,0.19343655901527312,0.06865590371322605
46,85.0,0.25256171858936927,0.09127542134628075
46,90.0,0.34914189140488106,0.13024290549589224
46,95.0,0.3826118659401456,0.147122292181455
46,100.0,0.3750424657883241,0.15130301230939014
46,105.0,0.3665509199502962,0.14602037894924202
46,110.0,0.3238464921687243,0.12294507705319246
46,115.0,0.2292614826272269,0.08266913751639515
46,120.0,0.1585948658949199,0.05599909858573904
46,125.0,0.14414389794974036,0.05133637521908341
46,130.0,0.1169835229881071,0.04098137061370988
46,135.0,0.10862980135054134,0.038094633869775185
46,140.0,0.09549289556535034,0.033518322066454775
46,145.0,0.0951824643256527,0.0338026946255795
46,150.0,0.09185418428977077,0.033339561390894557
46,155.0,0.07969951376375017,0.028825719277415618
46,160.0,0.12656429721793683,0.044620382238952705
46,165.0,0.2069422807979272,0.07567599553142967
46,170.0,0.30793475880574395,0.12019813791674883
46,175.0,0.3516002436996355,0.14370801887788875
46,180.0,0.3041483486238721,0.12269394991100702
46,185.0,0.24345136089406572,0.09103910000817561
46,190.0,0.15853302972729844,0.05632423321623814
46,195.0,0.07929773377190963,0.028140483689878315
46,200.0,0.10666384607424151,0.03840476204583654
46,205.0,0.14694375251816028,0.054170205193011745
46,210.0,0.16907389388702243,0.06395373334417487
46,215.0,0.18229798884267312,0.06778081516429113
46,220.0,0.17592025668268974,0.06253703528360965
46,225.0,0.14517251517907248,0.05049206661548433
46,230.0,0.14446329605351638,0.05034437106439871
46,235.0,0.17694007870128603,0.06297591692719173
46,240.0,0.15268184715871536,0.052502177503677694
46,245.0,0.1733438145244115,0.06023522549310234
46,250.0,0.23696896537067136,0.0849253261983397
46,255.0,0.22102870785168915,0.07902685947213572
46,260.0,0.1980824131116522,0.07011190807037071
46,265.0,0.24772035792369274,0.08934350777832778
46,270.0,0.3356849022527416,0.12594856338101745
46,275.0,0.3730188653793288,0.14415272926384026
46,280.0,0.3763127848223481,0.15175901860251584
46,285.0,0.3683045105665691,0.1466681731112518
46,290.0,0.3230954438468264,0.1227261923631805
46,295.0,0.23160045523066874,0.08344994908386616
46,300.0,0.15969115387341803,0.056198026840265314
46,305.0,0.13910119435140178,0.04974381598265676
46,310.0,0.11404932362046372,0.040150062923039576
46,315.0,0.10772490368831145,0.03780928239846659
46,320.0,0.09698917859850509,0.03403317956612906
46,325.0,0.0966870308504767,0.0343280721682514
46,330.0,0.0989204345361977,0.03557543706630639
46,335.0,0.08965825875106137,0.032083480418464205
46,340.0,0.12667785381778363,0.04469045217600964
46,345.0,0.1954021983666434,0.07190209110143997
46,350.0,0.3011361850771922,0.11781933440299908
46,355.0,0.34788409463710857,0.14242276065804493
47,0.0,0.1852092964174894,0.12343141670679247
47,5.0,0.17044319565385668,0.11415547669753257
47,10.0,0.2204318936282964,0.1494392986120745
47,15.0,0.21468767121469068,0.14435955869989137
47,20.0,0.15880700025326033,0.10576627225990554
47,25.0,0.19091856990017197,0.1278738112383796
47,30.0,0.19121560947642735,0.12811019465124762
47,35.0,0.15974775762589388,0.10612159660392961
47,40.0,0.1741018087332592,0.11547675163351034
47,45.0,0.15203893366897703,0.10040896246108433
47,50.0,0.14755945256689507,0.09704026067812299
47,55.0,0.1303908190682599,0.08543109576347085
47,60.0,0.11008866470439604,0.07185163501009217
47,65.0,0.08492788062958312,0.05536132748982636
47,70.0,0.0688102034661291,0.04491993597320443
47,75.0,0.12384517849866439,0.08252946727373289
47,80.0,0.3296648262697639,0.22811515746124622
47,85.0,0.6019402688222731,0.4363182475286773
47,90.0,0.6663501133741487,0.4882928291559451
47,95.0,0.5247052901068334,0.3751386776841289
47,100.0,0.2625751422217708,0.17856388831416814
47,105.0,0.08804989771097549,0.058797124729347505
47,110.0,0.06500385743124326,0.043146061895721455
47,115.0,0.07786792573553714,0.05128284299372976
47,120.0,0.09280514204212964,0.06089340267215726
47,125.0,0.10763018981308659,0.07064034332079094
47,130.0,0.12148375592730909,0.0797792870372096
47,135.0,0.13164428980204723,0.08703657016822774
47,140.0,0.1422373137877282,0.09421806415787437
47,145.0,0.14955430071218467,0.09982595805081995
47,150.0,0.16294934891914914,0.10843407331558397
47,155.0,0.1569797328342799,0.1057022961338
47,160.0,0.1741171831336199,0.11669599110359719
47,165.0,0.17341456599317695,0.11613001858051497
47,170.0,0.17856232617393286,0.12009981383006063
47,175.0,0.19194659840469597,0.12887424212699272
47,180.0,0.18157960707055754,0.12126437954439051
47,185.0,0.1716299841063137,0.11496499280939754
47,190.0,0.22187471828835614,0.1502965043351353
47,195.0,0.21494932716759152,0.14446785288451625
47,200.0,0.15679410230055313,0.1044804676673734
47,205.0,0.1892698347927777,0.12674799930660752
47,210.0,0.19173854192995043,0.12846845292456477
47,215.0,0.16013703508449584,0.10629149474946975
47,220.0,0.1725997081323677,0.11446804578354286
47,225.0,0.15028175673394573,0.09915900968178648
47,230.0,0.14527983622359497,0.09569191857034376
47,235.0,0.12925473820734623,0.08474835168529371
47,240.0,0.10796078310868906,0.07054692477113
47,245.0,0.08384062270956638,0.054734228971213605
47,250.0,0.07211001437414422,0.0471109498389084
47,255.0,0.12286771643710725,0.08180848218803993
47,260.0,0.32915293818449576,0.22773303702343617
47,265.0,0.6020131473218027,0.4362823850647427
47,270.0,0.661743998244744,0.4851115323387264
47,275.0,0.5192803122234259,0.3713910577538684
47,280.0,0.2624889341803227,0.1785798897670402
47,285.0,0.08877742391386789,0.05935657874671829
47,290.0,0.06598524635908809,0.0437569483408321
47,295.0,0.0830293644790604,0.05463898229981434
47,300.0,0.09927216795192051,0.06498463052789871
47,305.0,0.11186598058468,0.07326786458517265
47,310.0,0.12270847389727713,0.0806626818558247
47,315.0,0.13124711948925993,0.0868261668938719
47,320.0,0.1477353516681057,0.09772344215706896
47,325.0,0.14854123816569953,0.09926336067509434
47,330.0,0.15928303298236113,0.10623884192677524
47,335.0,0.1608456313401947,0.10808792934978562
47,340.0,0.1772154960238418,0.11859785408740076
47,345.0,0.17376168156655158,0.11649176893876045
47,350.0,0.17634305071940137,0.11859929085584353
47,355.0,0.1915916695954668,0.12871364992041456
48,0.0,0.07872136019521814,0.029202452394836653
48,5.0,0.17530167376864425,0.06810523877738728
48,10.0,0.2744239154146584,0.11070028333886339
48,15.0,0.15294722550730544,0.05882354440107995
48,20.0,0.09310744451236441,0.03451086092446842
48,25.0,0.15536881037769967,0.05945265457405191
48,30.0,0.2784669991562869,0.11214483155399602
48,35.0,0.18462943196167292,0.07148198939946426
48,40.0,0.09983947807864668,0.03705435566505766
48,45.0,0.23226616948649947,0.09094889994851929
48,50.0,0.25499487951857736,0.10100112861864619
48,55.0,0.11316935203628764,0.04210290647877901
48,60.0,0.22031983637706554,0.0849440855739182
48,65.0,0.1889109903424384,0.07187907705775598
48,70.0,0.17916068659142004,0.06767741271979189
48,75.0,0.16951111830237653,0.06372505990370725
48,80.0,0.16834901610316244,0.0633870161566007
48,85.0,0.14071292932916468,0.05228391116847153
48,90.0,0.12048310434975618,0.04516066820546838
48,95.0,0.22124393755244243,0.08632163841366725
48,100.0,0.43654039210006745,0.18190342485561461
48,105.0,0.6843899548583297,0.30573232396546735
48,110.0,0.696202623454474,0.31225206797313143
48,115.0,0.4792527251262667,0.20188981127243222
48,120.0,0.2462687788430098,0.09786453852724053
48,125.0,0.104221849768655,0.03977419100415247
48,130.0,0.07598147451947412,0.028231201009056517
48,135.0,0.08450503164874945,0.03137150549229073
48,140.0,0.09845606718696476,0.03655030872985088
48,145.0,0.13490241957466598,0.050987221914162606
48,150.0,0.12778665057995253,0.04809421503876199
48,155.0,0.1807057805875656,0.06971600898673203
48,160.0,0.16448767190691704,0.06313783348384194
48,165.0,0.10288382842819865,0.038605417381305185
48,170.0,0.23264840588410596,0.09239398717807124
48,175.0,0.17876927838578716,0.06922557712416322
48,180.0,0.08044674976333543,0.02985457393049895
48,185.0,0.17627854889605554,0.06847177613126665
48,190.0,0.27423471113523556,0.11063035104984431
48,195.0,0.15265883312324058,0.058709059811258735
48,200.0,0.09245942089728443,0.03428885554222405
48,205.0,0.15515936869066294,0.059400119917434435
48,210.0,0.2785965692565824,0.11220578751502175
48,215.0,0.18461979864268208,0.0714602612504478
48,220.0,0.09817606100253784,0.03646229875439455
48,225.0,0.2322437276886269,0.09093319509127162
48,230.0,0.25523573014814427,0.10112588903834585
48,235.0,0.11308259751571481,0.04214342420300121
48,240.0,0.22038030298239208,0.0849662249066927
48,245.0,0.18914538326072217,0.07196175241799774
48,250.0,0.17878344432417403,0.06753944974687287
48,255.0,0.17072386035038012,0.06419718784699147
48,260.0,0.1708828421963634,0.06426576037083542
48,265.0,0.14247051307984937,0.05293915261368265
48,270.0,0.11633762868028341,0.04370697052095085
48,275.0,0.22229701379429645,0.08668129713393957
48,280.0,0.4361282244851331,0.18191056936920147
48,285.0,0.6827831988474091,0.3050222502003116
48,290.0,0.6987678373866033,0.31325517019597304
48,295.0,0.4798662690662051,0.2021252217466427
48,300.0,0.24747642630488698,0.09830549418223578
48,305.0,0.10321367801577075,0.03937358471646968
48,310.0,0.07504071464709072,0.027900761355689974
48,315.0,0.08354458846262669,0.031022649516931122
48,320.0,0.09834172052369361,0.036509536787778574
48,325.0,0.1351259921878376,0.051048790191570825
48,330.0,0.12694791659230897,0.04779939216139362
48,335.0,0.18059674305548856,0.06967846165073899
48,340.0,0.16430623017841128,0.0630648680634901
48,345.0,0.10266877368722604,0.03853295229608955
48,350.0,0.23284917136608463,0.09247349664034876
48,355.0,0.17835301920996482,0.06906984752822964
49,0.0,0.4601575458205419,0.2136303806152665
49,5.0,0.37819425722829203,0.17251851946230023
49,10.0,0.40951294223708734,0.1876046674183831
49,15.0,0.5131592475272222,0.24162712784735663
49,20.0,0.6309410300828917,0.31031983308062516
49,25.0,0.6153024625724504,0.30068560635132435
49,30.0,0.4401645073154701,0.2028498071592012
49,35.0,0.3637096218897661,0.16466855712416495
49,40.0,0.3669180175227835,0.16973821504901176
49,45.0,0.382649874058284,0.17687983426518206
49,50.0,0.3844475799601055,0.17523556002660767
49,55.0,0.5263238216684032,0.2495560564917323
49,60.0,0.6112681433315885,0.3001780069583696
49,65.0,0.5702430964837953,0.27509021898633046
49,70.0,0.40682554090023404,0.18650781827408158
49,75.0,0.346395897976286,0.15765275808754986
49,80.0,0.39318805921987987,0.1808300892912823
49,85.0,0.5069270345339156,0.24108026819847894
49,90.0,0.5066059802222505,0.2408163805157858
49,95.0,0.40235953558416704,0.18521395605894642
49,100.0,0.40597077347197064,0.18829752954235457
49,105.0,0.4254839201762639,0.198921060645734
49,110.0,0.4016522660438949,0.1832625186907012
49,115.0,0.4609703450083965,0.21181987275124614
49,120.0,0.5653435431437293,0.2658341093977924
49,125.0,0.7330250754041363,0.3636913941810178
49,130.0,0.8458117463007717,0.4347212068759765
49,135.0,0.8133210270625424,0.41387311856199893
49,140.0,0.6232747702630088,0.29773014332254555
49,145.0,0.5053157646610374,0.23496283484737557
49,150.0,0.4540176208896869,0.20917216319420973
49,155.0,0.435831030056828,0.20168524657202247
49,160.0,0.4346971956258888,0.20187800987464044
49,165.0,0.44094590484146423,0.20397187373381875
49,170.0,0.5213510627674995,0.2463736272625674
49,175.0,0.5417302568585274,0.25752206906885633
49,180.0,0.45719156552673323,0.2123561522480354
49,185.0,0.3769959930330654,0.17214238582806696
49,190.0,0.4117627512121981,0.18871137010479355
49,195.0,0.5141858044742907,0.2421317789506371
49,200.0,0.6320578798494921,0.31088058516971373
49,205.0,0.6146348366588541,0.300357000962556
49,210.0,0.43945016065594,0.2025222929674405
49,215.0,0.36227042268005816,0.16410237061093036
49,220.0,0.36646339888387913,0.16954670636374802
49,225.0,0.3826696072265615,0.17688407711310838
49,230.0,0.38462192879456814,0.17525451805129955
49,235.0,0.525826415582486,0.24933249768384214
49,240.0,0.6113637731820125,0.30023697305629127
49,245.0,0.571100815330974,0.2755299574702684
49,250.0,0.40856153381312,0.1873186783276123
49,255.0,0.34961563410852015,0.1590648863898464
49,260.0,0.39109241931529526,0.17993852442034852
49,265.0,0.5057082443395375,0.24051585286758548
49,270.0,0.5070048937595157,0.24099499798757384
49,275.0,0.4042674954926889,0.18612754273896293
49,280.0,0.4081979517417299,0.18925822267016734
49,285.0,0.42793411834224393,0.19999978234450455
49,290.0,0.40258441633308095,0.18374479058212556
49,295.0,0.4593242159546589,0.21126833156487113
49,300.0,0.5634202026280175,0.2649652392204779
49,305.0,0.7342222995995153,0.3641976937069794
49,310.0,0.8458922629327645,0.43476830388472865
49,315.0,0.8107325542341814,0.41263124406005147
49,320.0,0.6237272725776498,0.29804628287110646
49,325.0,0.5085087011384148,0.23631825548481444
49,330.0,0.45541105229406253,0.20967103478900395
49,335.0,0.43345874501861936,0.20062389927956548
49,340.0,0.431995835929049,0.2007277096974741
49,345.0,0.4403088226578744,0.2037502118974701
49,350.0,0.5203653549320928,0.24588073796483223
49,355.0,0.5421120995850126,0.25770918054119973
50,0.0,0.722165093141736,0.5436073061084681
50,5.0,0.5237733334634638,0.3837435542385893
50,10.0,0.29746513735713287,0.20868298654290895
50,15.0,0.1442550075612996,0.09846796821418502
50,20.0,0.13523305717456624,0.09264332029472178
50,25.0,0.1598594362030259,0.10996078455261238
50,30.0,0.17783252869633936,0.1224889701008346
50,35.0,0.187510179349908,0.12945363444002023
50,40.0,0.19039843829022596,0.13190582009405238
50,45.0,0.20284965195410443,0.14195346404875586
50,50.0,0.17803540240945315,0.12365834709798895
50,55.0,0.17090493451015554,0.11883014633009714
50,60.0,0.2081580698747164,0.1465557508564439
50,65.0,0.2068146247408934,0.14583389568362204
50,70.0,0.16050627951395924,0.11194674122394621
50,75.0,0.17264413838208625,0.1204222278402356
50,80.0,0.1808885826106127,0.12685808483643657
50,85.0,0.1972505371787009,0.1388495289860805
50,90.0,0.18852260158891931,0.1323309685507934
50,95.0,0.14557585205988022,0.10132563881127732
50,100.0,0.17646750936947142,0.12333238783264544
50,105.0,0.19289725013484804,0.13598914480242008
50,110.0,0.1983969343277201,0.1398379589168377
50,115.0,0.1737235179371477,0.12100109812773352
50,120.0,0.15372269816606254,0.10670078959901153
50,125.0,0.18930768337713932,0.1324518374136947
50,130.0,0.18388084029667917,0.1285088601707315
50,135.0,0.16843965108829506,0.11661894563681563
50,140.0,0.17743715908565927,0.12290417411359111
50,145.0,0.16217035032202243,0.11150041783158726
50,150.0,0.14842886493093954,0.10202012848889153
50,155.0,0.12706803559086577,0.08719877235025164
50,160.0,0.12404733522336864,0.08541261216517482
50,165.0,0.2546537057653333,0.17689606252361822
50,170.0,0.47224029076709484,0.34238633751530245
50,175.0,0.7181925542220313,0.5399140022714393
50,180.0,0.7248915066730335,0.5455069247369937
50,185.0,0.5223621159658909,0.383070152443287
50,190.0,0.2899085926548539,0.20383623673372375
50,195.0,0.14250161906189174,0.09702280953012343
50,200.0,0.1389508361039533,0.09497457331075287
50,205.0,0.1644633443785094,0.11303035968801622
50,210.0,0.18095263104436787,0.12455857059086461
50,215.0,0.18893680660226553,0.13037628929349654
50,220.0,0.1919884491784677,0.13293203079954452
50,225.0,0.20278697941911272,0.1420107202428289
50,230.0,0.17726016989341664,0.12318135889473303
50,235.0,0.17041475872120504,0.1184967497057493
50,240.0,0.20599599796828827,0.14515839966020494
50,245.0,0.21027609938083935,0.14817134587946623
50,250.0,0.16215259624013179,0.11317764799585739
50,255.0,0.17493798543312278,0.12194493505085569
50,260.0,0.17697544277537547,0.12422932163822642
50,265.0,0.19060311797019303,0.13455955443906908
50,270.0,0.18855853842122972,0.13211789917950179
50,275.0,0.14526036465517922,0.1011738760640537
50,280.0,0.17807928263260753,0.1245383081296858
50,285.0,0.1943820824067154,0.13703131734516216
50,290.0,0.1983174921564239,0.1397809947651798
50,295.0,0.17231372568482228,0.12011172912887202
50,300.0,0.1526681967226452,0.10603205632379464
50,305.0,0.18739012407760613,0.13132168088413043
50,310.0,0.18593046700785376,0.12984409161145216
50,315.0,0.16744478919473404,0.11599597835088749
50,320.0,0.17754924951201956,0.12301828246118818
50,325.0,0.1606764040631231,0.11052514729031993
50,330.0,0.150152704332706,0.10310124187185032
50,335.0,0.1353531116755975,0.09247977016394959
50,340.0,0.1330419987053595,0.09142090055860641
50,345.0,0.2504904082006646,0.1743794525633734
50,350.0,0.46790705658528053,0.33926344485347204
50,355.0,0.7197665274168431,0.5412449557026149
51,0.0,0.29424360742894096,0.13002869474449263
51,5.0,0.2958480974882388,0.1306423259846664
51,10.0,0.24348531191657297,0.10647783375487663
51,15.0,0.24103987146397599,0.1053238490750068
51,20.0,0.2458056083494219,0.10811891997760315
51,25.0,0.27120678345670357,0.1195831836573471
51,30.0,0.2925593827891715,0.1305847043063466
51,35.0,0.28771236351431084,0.12866557631506326
51,40.0,0.2595402109705106,0.1140826249926552
51,45.0,0.24014411168463856,0.10431923155039435
51,50.0,0.2293658751649328,0.09924797550445064
51,55.0,0.25462672774139394,0.11232073752869975
51,60.0,0.2900122512190816,0.1287956576429028
51,65.0,0.26221343862002144,0.1151820224833855
51,70.0,0.24595112721294354,0.10719848781181462
51,75.0,0.25314541526953893,0.11040637790196328
51,80.0,0.3174402211541766,0.14157601237115525
51,85.0,0.3929307442256186,0.17795277535771636
51,90.0,0.37622398837511184,0.1694875742655022
51,95.0,0.312636636338525,0.13839131731114962
51,100.0,0.2835544309675909,0.1234066509135674
51,105.0,0.28976829277868543,0.12624062057123964
51,110.0,0.3082651440675198,0.13455370059206206
51,115.0,0.3215185917121137,0.14076797981206157
51,120.0,0.32416754284489435,0.14239254541833823
51,125.0,0.313272608314762,0.1373488230411547
51,130.0,0.3059717683866402,0.1341207291840577
51,135.0,0.293740466603273,0.12826801662949106
51,140.0,0.2985705517301842,0.13042210601326087
51,145.0,0.3737080699544014,0.16688896098437633
51,150.0,0.4467155843342472,0.20374079943102763
51,155.0,0.39531867494170847,0.17780134758748545
51,160.0,0.3030818081173222,0.13300189444416177
51,165.0,0.25078387532465196,0.10865569975498046
51,170.0,0.2555394302345382,0.11131546497620859
51,175.0,0.26653894827151603,0.11700178296749864
51,180.0,0.28810993128908713,0.1276541778662218
51,185.0,0.28577169218474163,0.12630925651585845
51,190.0,0.2460058860759069,0.10743272220980238
51,195.0,0.23963134321268453,0.10453021520686812
51,200.0,0.2445252172245862,0.10743735895330109
51,205.0,0.2759472640181596,0.12134106174905679
51,210.0,0.2948907874012944,0.13148807842368948
51,215.0,0.2898792173436169,0.12954913266978607
51,220.0,0.2580849325056358,0.11352142165286716
51,225.0,0.23263800582904937,0.10108801393851496
51,230.0,0.22726701806706828,0.09861150499627125
51,235.0,0.2657750685724656,0.11694827016911036
51,240.0,0.30372972908115514,0.13440896901321853
51,245.0,0.26770657871837544,0.11731990333276265
51,250.0,0.24192362029090142,0.10562566438266707
51,255.0,0.24988072481975154,0.10906988875257584
51,260.0,0.32305073382200244,0.14379243926824326
51,265.0,0.38693421017429974,0.17568924257970275
51,270.0,0.3635281856074599,0.16435933332017105
51,275.0,0.3166788539529414,0.13980578356985118
51,280.0,0.2759492618999423,0.12039057802918274
51,285.0,0.2842277930764914,0.12404510080591136
51,290.0,0.30736290823564905,0.13404299026039468
51,295.0,0.32395910393684757,0.14169631297823115
51,300.0,0.32861415205581324,0.1442444029462796
51,305.0,0.3153948725572031,0.13824513996673893
51,310.0,0.32075001613062315,0.14012905876313864
51,315.0,0.3103699899282759,0.13490862202464338
51,320.0,0.2971217247126612,0.1297520630088176
51,325.0,0.3634530001860473,0.16288765504116165
51,330.0,0.43018815379233966,0.1968280954567101
51,335.0,0.37832256738325,0.1707126826719947
51,340.0,0.285274999423638,0.12592923104173326
51,345.0,0.24430223141780205,0.10590710186358332
51,350.0,0.26702328780988094,0.11612824115507414
51,355.0,0.27904028712287754,0.12214770846663336
52,0.0,0.3054714536236891,0.13266400837587855
52,5.0,0.289919340873104,0.12503096147628745
52,10.0,0.26991309073730385,0.11623761496731178
52,15.0,0.25694524113020045,0.11061166440939962
52,20.0,0.26146774693560293,0.11324762524723231
52,25.0,0.2904788311439903,0.12770207030534408
52,30.0,0.2980670592834259,0.13299782756398448
52,35.0,0.30514417084004974,0.13648573275587328
52,40.0,0.2856877960712244,0.12633172386582603
52,45.0,0.24532669178571775,0.10657437324967545
52,50.0,0.248239686310035,0.10909351292279434
52,55.0,0.24013210239660654,0.1056236572684286
52,60.0,0.22306199183723008,0.09677493487151323
52,65.0,0.22963491263571956,0.10099591740530722
52,70.0,0.21877219635919176,0.09583089642541376
52,75.0,0.2071114847839025,0.09009936137221719
52,80.0,0.22505804958447684,0.09912046931378138
52,85.0,0.22653432759836956,0.10074808290572912
52,90.0,0.23258697862978361,0.10637657715750548
52,95.0,0.22788218904744706,0.10411747821353878
52,100.0,0.22196485104952357,0.09776224507469189
52,105.0,0.22744555027296776,0.09841524861384432
52,110.0,0.24529163664046627,0.10658231803340601
52,115.0,0.27934643355498745,0.12478311972354339
52,120.0,0.30982298390582486,0.14211383556167922
52,125.0,0.34053149981509223,0.15695803651763762
52,130.0,0.3619129636334216,0.165658625951551
52,135.0,0.38882616167490613,0.1780054682972536
52,140.0,0.42211527872306354,0.19566560575855851
52,145.0,0.46317716699608746,0.21928916144445987
52,150.0,0.48611167649944653,0.23207275132973626
52,155.0,0.48789638638382926,0.23144977385489396
52,160.0,0.44508522653489224,0.2084758799777423
52,165.0,0.400873190133479,0.18477478133794178
52,170.0,0.35501712526544393,0.16037838010517547
52,175.0,0.3151919942547966,0.13946349966685923
52,180.0,0.2947379799419576,0.12855577425018427
52,185.0,0.29235071786968914,0.12622712374940592
52,190.0,0.2732557759913098,0.11760080793998007
52,195.0,0.26444792923917904,0.11381563536291806
52,200.0,0.267285907080568,0.11567770053689652
52,205.0,0.2983461780271143,0.1310544729640828
52,210.0,0.3124689317199043,0.13892322365681153
52,215.0,0.3093841113603901,0.1382829021733757
52,220.0,0.28435588036987525,0.12569046513153703
52,225.0,0.2414937833808476,0.10528180986651381
52,230.0,0.25184955323602676,0.11059790174985362
52,235.0,0.23893673374773505,0.10518672179250188
52,240.0,0.21253123231856252,0.09254017244704027
52,245.0,0.21866366048977848,0.09664061037819194
52,250.0,0.2199932178790397,0.09631791251020938
52,255.0,0.21217969216440002,0.09214196275025699
52,260.0,0.23200026773782356,0.10201098755049354
52,265.0,0.23103806838188157,0.10270294830569027
52,270.0,0.2343248093957856,0.10716637157614639
52,275.0,0.22842562905889263,0.10425722847540342
52,280.0,0.21745615157903997,0.09604182963948493
52,285.0,0.2154503834701379,0.09379658116106071
52,290.0,0.2301559889487217,0.10075325012591829
52,295.0,0.26672967294555416,0.11973772127276305
52,300.0,0.3052415799528547,0.14015910346447857
52,305.0,0.3427187302766027,0.15784994903410188
52,310.0,0.3671426349707847,0.16740612717690073
52,315.0,0.4017888733393863,0.18284131184660302
52,320.0,0.4374100369887619,0.20162997360549917
52,325.0,0.48749213092645904,0.22941814918183423
52,330.0,0.5060330660505827,0.24062841152443692
52,335.0,0.48502069068318165,0.23029279477637032
52,340.0,0.44116408931671525,0.2069359535692633
52,345.0,0.40906860355121344,0.18875957854741154
52,350.0,0.3611087093416685,0.16327017181126235
52,355.0,0.3210206708078681,0.14219707216234156
53,0.0,0.20362366603879323,0.08758232030930124
53,5.0,0.27272418574336044,0.121399057053721
53,10.0,0.1989979000428116,0.08601396147138718
53,15.0,0.13250855558280372,0.054779065956125805
53,20.0,0.12011332187482693,0.04962221881504869
53,25.0,0.11880916453348178,0.048737227561964636
53,30.0,0.117527366185048,0.04827379365539275
53,35.0,0.2078376367314705,0.09033017620923622
53,40.0,0.22546711573409883,0.09849280681107064
53,45.0,0.1628502014095068,0.06752402290561532
53,50.0,0.10330208334181878,0.04227957132547078
53,55.0,0.0911919471851168,0.036879735819904
53,60.0,0.07190118778238941,0.028941251198188356
53,65.0,0.23656394209521936,0.10225670327993219
53,70.0,0.23698549940065594,0.10244359393325853
53,75.0,0.07197447271883095,0.02898513464886998
53,80.0,0.1232725180138925,0.05034665209705669
53,85.0,0.14518976658167415,0.06033608528715795
53,90.0,0.1335385335905539,0.05533086379325014
53,95.0,0.1326935144088871,0.05474670031230222
53,100.0,0.12911386477846098,0.05360304395018378
53,105.0,0.1291854765744379,0.053732637159600416
53,110.0,0.17295838912040917,0.07234207280150573
53,115.0,0.312308014311082,0.14066477043982994
53,120.0,0.344010776598075,0.15711543223261037
53,125.0,0.24447214746366008,0.1065291607916048
53,130.0,0.13305122023399307,0.0549787280846733
53,135.0,0.12288925522911232,0.050667475183994504
53,140.0,0.17281671064476323,0.07160997078626563
53,145.0,0.24387862613616507,0.1068335950671897
53,150.0,0.2900876510546847,0.1311581946064354
53,155.0,0.21024725975383018,0.09289182934948226
53,160.0,0.2265235953490965,0.09656437847279875
53,165.0,0.19314166913994413,0.08156675045595363
53,170.0,0.10570105968820842,0.043131346004957494
53,175.0,0.1294914411083382,0.0530098945188473
53,180.0,0.20940070325338855,0.0896458444230771
53,185.0,0.27996785653550527,0.12438974661342628
53,190.0,0.21047531931432506,0.09028656158935888
53,195.0,0.12229040246483702,0.05082862311537162
53,200.0,0.11810979677206357,0.04881782716848537
53,205.0,0.11083319264445801,0.04571982946239306
53,210.0,0.10515514206246479,0.04371224852434763
53,215.0,0.21600364632587343,0.09353410627222636
53,220.0,0.2295819674318439,0.10016249420597712
53,225.0,0.16319182705619728,0.06754660734754614
53,230.0,0.10093617784943565,0.04137131498877378
53,235.0,0.08846314906271435,0.03576750520852923
53,240.0,0.07258468570562449,0.029222944223838976
53,245.0,0.23718860637396333,0.10250443970157685
53,250.0,0.237684783893085,0.10271414874150808
53,255.0,0.0733882470706303,0.02954100856756703
53,260.0,0.12238527357861773,0.04998641969217732
53,265.0,0.14439361300954012,0.059939311047333965
53,270.0,0.12686754548101886,0.05269507893917891
53,275.0,0.13191831010522492,0.054423221441959546
53,280.0,0.12842024240705896,0.053333481883808265
53,285.0,0.12750867794268983,0.05322307597370424
53,290.0,0.17894538896552425,0.07451087781960364
53,295.0,0.31901726613575687,0.143436780900154
53,300.0,0.3445020958710209,0.15745281890654617
53,305.0,0.24587822033636086,0.10707208200240004
53,310.0,0.14098254706612579,0.058189417998298354
53,315.0,0.12746346755708737,0.05247769268738112
53,320.0,0.17228871451818406,0.07146883220812172
53,325.0,0.24529812892700364,0.1073563490091144
53,330.0,0.2922317172775565,0.13204217113246486
53,335.0,0.2160120349332496,0.0952150972042376
53,340.0,0.22785534326105084,0.09702672572368043
53,345.0,0.1818679123295961,0.07725769184858755
53,350.0,0.0993101314267365,0.04061366965685509
53,355.0,0.12953731242840139,0.05292274220588544
54,0.0,0.375841941708147,0.17010396408256945
54,5.0,0.31111763977559914,0.13963242519725538
54,10.0,0.3371705820522478,0.15282550615357204
54,15.0,0.4194068174519273,0.19414318302633582
54,20.0,0.4067999754604542,0.18762669325849202
54,25.0,0.3163634659659196,0.14287493911739613
54,30.0,0.3159152625231667,0.1418393913671202
54,35.0,0.387079438083195,0.17547655671236495
54,40.0,0.56815541009592,0.27133629238908585
54,45.0,0.6783467449840781,0.3346388190799736
54,50.0,0.6006940253583931,0.2891538270967253
54,55.0,0.4136651068645344,0.18889510799244402
54,60.0,0.3204283634978732,0.14373644193248514
54,65.0,0.3143360438484215,0.14188652844556293
54,70.0,0.34165623730239725,0.15500767129532833
54,75.0,0.4390351403755596,0.204510029126723
54,80.0,0.4403792763823462,0.20520189226386798
54,85.0,0.3454412384641369,0.1567932889072543
54,90.0,0.3156231947418099,0.14307286110815276
54,95.0,0.318365369370856,0.1424802436774979
54,100.0,0.39444168190168405,0.17873771952530937
54,105.0,0.570681540709434,0.2718940225108347
54,110.0,0.6995421068023394,0.3463592284562965
54,115.0,0.6376755606615949,0.31003077674422264
54,120.0,0.4463759583167495,0.20547133106510462
54,125.0,0.3383666315378513,0.15166846717328508
54,130.0,0.3127567866150096,0.14106034010115487
54,135.0,0.34265106717793914,0.15574866808907928
54,140.0,0.422758923899455,0.19602854404407621
54,145.0,0.40576007246516066,0.18727960543111177
54,150.0,0.3222604901840611,0.14585498494118088
54,155.0,0.31254768448253056,0.14025870844777844
54,160.0,0.3796065631785702,0.17207450033928406
54,165.0,0.5619968947442376,0.2678811150452729
54,170.0,0.6513286675769439,0.319397758697718
54,175.0,0.5541006046036989,0.2637359745750606
54,180.0,0.37668347612271835,0.170412907652849
54,185.0,0.3125623615632481,0.1401941353062488
54,190.0,0.3358314475168569,0.15216084408861308
54,195.0,0.4190868263319476,0.19401995423202034
54,200.0,0.40595235033603394,0.18725486296818328
54,205.0,0.31686386238165754,0.14313496262343917
54,210.0,0.31762515304682415,0.1425370359802739
54,215.0,0.3871524925675024,0.17556782450205932
54,220.0,0.5677711479637804,0.2711803142160777
54,225.0,0.6783939314424914,0.33466566101485296
54,230.0,0.600809979634408,0.28925526256137635
54,235.0,0.41508232879975737,0.1896012945007779
54,240.0,0.3221307862878615,0.14436095938693627
54,245.0,0.3138853800670802,0.14165567797861744
54,250.0,0.3393387514498555,0.1540748451628936
54,255.0,0.4379602765467214,0.20395817615438894
54,260.0,0.44178263280315744,0.20581417788682432
54,265.0,0.3471425922280389,0.15758668239698115
54,270.0,0.3174490039834107,0.14382394268095577
54,275.0,0.31605501310140316,0.14160892040160367
54,280.0,0.3900523712850287,0.17670854994336838
54,285.0,0.5689055777418615,0.2710745232628369
54,290.0,0.6984058491529437,0.3458083288458256
54,295.0,0.6378399103075836,0.31016200408772066
54,300.0,0.4496413618166849,0.20710633685343993
54,305.0,0.3397630493700703,0.15231972848899744
54,310.0,0.3145393175664918,0.14171733310703527
54,315.0,0.34085009268089284,0.15501037815576368
54,320.0,0.42208085591883215,0.19575741921887457
54,325.0,0.4060641805162519,0.1873292632623027
54,330.0,0.32190941955906693,0.14566029366320554
54,335.0,0.31250572678539557,0.1402511037466576
54,340.0,0.38149497115060094,0.17289442264777022
54,345.0,0.5623840155836602,0.268071026122661
54,350.0,0.6513258318700368,0.31939361395676313
54,355.0,0.55384851964808,0.2636050686149348
55,0.0,0.2950223929791682,0.12486099175924648
55,5.0,0.27548041867618445,0.11446461433750943
55,10.0,0.4351723805484905,0.19155891514400036
55,15.0,0.4422320201850781,0.19514854420506356
55,20.0,0.3046032302710864,0.12806920792382448
55,25.0,0.2586651712609762,0.10903389995021384
55,30.0,0.2545892839606323,0.1078813134820622
55,35.0,0.2004131119529543,0.08293117902102154
55,40.0,0.2384739431400208,0.09712130654987938
55,45.0,0.360993364450124,0.1526468750030474
55,50.0,0.5602034282191966,0.2535895510745042
55,55.0,0.6297727862302354,0.2936157557386686
55,60.0,0.5644445584340586,0.2560822732576282
55,65.0,0.3671671892128898,0.15548359261132183
55,70.0,0.23354301922943588,0.09461076666401036
55,75.0,0.22265278997513904,0.09363735044087718
55,80.0,0.27856382355200204,0.1165155362171254
55,85.0,0.36556564360198796,0.15758040004854612
55,90.0,0.36815901725115563,0.15893687603711248
55,95.0,0.2558676655501516,0.10642334894061733
55,100.0,0.33977330964359953,0.14120016406061464
55,105.0,0.5336647253272542,0.23513420701567211
55,110.0,0.6244604570491172,0.2838642355218952
55,115.0,0.5310110945202582,0.23374211802719236
55,120.0,0.3733035386843061,0.15675240675275914
55,125.0,0.3444215100582704,0.14473349568486515
55,130.0,0.4223590440507906,0.18184625345719452
55,135.0,0.41690569337486216,0.17923213049839382
55,140.0,0.32591631588071657,0.13692165909187926
55,145.0,0.3758440627115164,0.15732826521690446
55,150.0,0.5317944174842267,0.23265544963101759
55,155.0,0.71198249439851,0.3314029142899664
55,160.0,0.7016402774331778,0.3255115460387725
55,165.0,0.46734465661301594,0.20031568273290512
55,170.0,0.3177303168885095,0.13119654471699593
55,175.0,0.311266404187867,0.1323150629925871
55,180.0,0.2944076699796324,0.12462581212665258
55,185.0,0.2747069050769727,0.11411039547118762
55,190.0,0.4349179820622512,0.19139375196004083
55,195.0,0.4422044987005612,0.1951293621763427
55,200.0,0.30507415839661833,0.1282859144773949
55,205.0,0.259569702849368,0.10935635453658865
55,210.0,0.25454837687013365,0.10786403158474878
55,215.0,0.20051765462020776,0.08298655743961669
55,220.0,0.23766257142261227,0.0968450816005102
55,225.0,0.3607859505779476,0.1525651106775605
55,230.0,0.5600185678850779,0.2534921683313427
55,235.0,0.62972384165766,0.2935987032307785
55,240.0,0.5647352225599165,0.2561778645983107
55,245.0,0.36732351861590673,0.15552953029272953
55,250.0,0.23398184922725151,0.09478262364179912
55,255.0,0.22290638877437174,0.09373206246357302
55,260.0,0.27824059450705463,0.11638275098892692
55,265.0,0.36554549481494547,0.15757120617995268
55,270.0,0.3681550417320175,0.15892730593479343
55,275.0,0.25585257448399823,0.10640671379219568
55,280.0,0.33968876851735497,0.14116768676941915
55,285.0,0.5336597056267338,0.2351282268667323
55,290.0,0.6244293594176611,0.28385122252941175
55,295.0,0.5309828821001377,0.23373446282558452
55,300.0,0.373632853635705,0.15688003801769512
55,305.0,0.3442061983372442,0.14464350297184314
55,310.0,0.42232354296481023,0.181832410612371
55,315.0,0.41676346415462584,0.17921978473238787
55,320.0,0.32599992612334416,0.13695504843762185
55,325.0,0.37583745712819083,0.1573483932855695
55,330.0,0.5318350440530615,0.23269184005843924
55,335.0,0.7119823584391445,0.3314034051554968
55,340.0,0.7016033519315634,0.32542935732891654
55,345.0,0.4668754281808911,0.20015081426289083
55,350.0,0.31657186838711515,0.13080205745206763
55,355.0,0.3112974047165463,0.13232017029434529
56,0.0,0.20389572579171644,0.12722992131568556
56,5.0,0.2503364101526153,0.16042336741476992
56,10.0,0.28299207378863156,0.18017549571941072
56,15.0,0.23617219412719592,0.14876400642965804
56,20.0,0.23555989657664367,0.14820108978253044
56,25.0,0.22732154499325474,0.1437598761748562
56,30.0,0.2551331451713683,0.16229023784548324
56,35.0,0.2533343593833244,0.16017847987735268
56,40.0,0.23465787445065822,0.14738574166433638
56,45.0,0.250219373218162,0.15820101030318656
56,50.0,0.256712745661278,0.16196159370881746
56,55.0,0.22923732418761067,0.1429681513625446
56,60.0,0.22400823012373783,0.13931641063528843
56,65.0,0.21119044275734,0.13122930086708917
56,70.0,0.19408650630181157,0.12042465301298622
56,75.0,0.19522024889458467,0.1216335616611004
56,80.0,0.28489217678672296,0.18109762413141872
56,85.0,0.44933251625457404,0.2949171740926554
56,90.0,0.6055020558383688,0.4075123233373743
56,95.0,0.5946373512539995,0.3992278379046049
56,100.0,0.44795216853392017,0.2935990693436642
56,105.0,0.27013535620480345,0.17214528974191345
56,110.0,0.1578485733380277,0.09846893352622199
56,115.0,0.15273470798318867,0.09450528838604089
56,120.0,0.17619463098955712,0.10975122792515568
56,125.0,0.18158872119895564,0.11288752821057846
56,130.0,0.19636947178070308,0.12268381571973075
56,135.0,0.20808147103212205,0.1303204199978817
56,140.0,0.20555972564738478,0.12892265464241937
56,145.0,0.2057787495186052,0.13053342175354077
56,150.0,0.20579689493336129,0.13005860068084274
56,155.0,0.1939255188787009,0.12167571147086176
56,160.0,0.23343161589918815,0.14768094822760003
56,165.0,0.24101344518748669,0.1539780637987016
56,170.0,0.19872323761746646,0.1249680279500287
56,175.0,0.2076596129865772,0.13070958658667442
56,180.0,0.2060751477313888,0.12895720737005734
56,185.0,0.2596261298776764,0.16575861368113853
56,190.0,0.2746252767455135,0.17562617719224116
56,195.0,0.2299475286281265,0.1449991628156736
56,200.0,0.22336638373483808,0.14106968972783362
56,205.0,0.2316180528303411,0.1464164314171904
56,210.0,0.26525274566357326,0.1682826555523873
56,215.0,0.2512266332975719,0.1589409769598814
56,220.0,0.23367352238849848,0.14669148759442863
56,225.0,0.25120749706934564,0.15868147573853086
56,230.0,0.2571183958178209,0.16234180403801035
56,235.0,0.22405054819434433,0.14000965759698902
56,240.0,0.21485410677778094,0.1340975210581331
56,245.0,0.20581954322877982,0.12830043264251434
56,250.0,0.19616250531654644,0.12193396408910917
56,255.0,0.20337250321916966,0.12633528181988163
56,260.0,0.29390324123393896,0.18643354064499362
56,265.0,0.45146225961237674,0.2962773675616509
56,270.0,0.5985638306180665,0.40343998561959604
56,275.0,0.5879260692877895,0.39519438672178686
56,280.0,0.4435945344777774,0.2911756402757085
56,285.0,0.27746456273734443,0.17667112926659168
56,290.0,0.167022351668334,0.10386128326911648
56,295.0,0.15936663187366862,0.09843471736094778
56,300.0,0.1756484279427286,0.10944962938690006
56,305.0,0.18383114239016518,0.11426906269010784
56,310.0,0.19143102524708155,0.12002127265148888
56,315.0,0.20440701398156225,0.12821277460287073
56,320.0,0.20249224990330195,0.1270556223177991
56,325.0,0.20601262681695376,0.13062216376701707
56,330.0,0.20642662733553152,0.13029828018942724
56,335.0,0.19580929802934377,0.12262965346388599
56,340.0,0.21956358859689817,0.13959719649750768
56,345.0,0.24307333857358393,0.15519476775441166
56,350.0,0.20717341576463377,0.12988795141233445
56,355.0,0.2059353414844416,0.12981322249812277
57,0.0,0.4376376640180034,0.4491777715278614
57,5.0,0.4801455757833044,0.49247253063411545
57,10.0,0.5065346644623787,0.5193229345646287
57,15.0,0.506733785256575,0.5197058417705471
57,20.0,0.5394923137962955,0.5535140800975866
57,25.0,0.5553865995428748,0.569436989191439
57,30.0,0.5335306967356105,0.5457033272193901
57,35.0,0.5236228399339418,0.5335505223786221
57,40.0,0.5030231775009748,0.5132562172578796
57,45.0,0.46502659913761335,0.4765810525064168
57,50.0,0.4366651941771812,0.44815766271947977
57,55.0,0.413606367778634,0.42468638761681277
57,60.0,0.40427419351098837,0.41457204040408435
57,65.0,0.381062305349429,0.39042844631926
57,70.0,0.36722155873530804,0.37692785418591557
57,75.0,0.35885568638981835,0.3682126219353108
57,80.0,0.36923064706379194,0.37915931015431514
57,85.0,0.3963791900829352,0.40755886420031895
57,90.0,0.4471254075805595,0.46001836676937724
57,95.0,0.5235249525282315,0.5375766476130871
57,100.0,0.6250940790689405,0.6342739660844736
57,105.0,0.7228264521518428,0.7128868221076206
57,110.0,0.750557898191512,0.734022701048284
57,115.0,0.7361692032957552,0.7225518817679735
57,120.0,0.6511207481559613,0.6558902657241619
57,125.0,0.5399977278751473,0.5534629310434491
57,130.0,0.4429889257365601,0.4560602021162884
57,135.0,0.3701045976857763,0.38077420410372487
57,140.0,0.3282153294573752,0.33750707130123503
57,145.0,0.30703236535930045,0.3150034151844924
57,150.0,0.30669461052940505,0.31458476551886394
57,155.0,0.32193190624982826,0.33078650584287606
57,160.0,0.334219522102024,0.3439051906563715
57,165.0,0.3557974840924133,0.36627984406478076
57,170.0,0.39319948386973,0.40475986587950463
57,175.0,0.426974575232959,0.438794612804562
57,180.0,0.4410195052318676,0.4528048567983445
57,185.0,0.4826795773705942,0.49454482643379194
57,190.0,0.5055158218616174,0.5177275614511423
57,195.0,0.5089843307185127,0.5219870692263948
57,200.0,0.5314967857338804,0.5445631194563028
57,205.0,0.5484857378402179,0.5611150356728326
57,210.0,0.5493168178636594,0.563045448121951
57,215.0,0.5393463314288189,0.5514402588743974
57,220.0,0.5127793093727552,0.5238350880877458
57,225.0,0.47367401739133397,0.4855952108433764
57,230.0,0.4467349012616342,0.4585723628452869
57,235.0,0.42179481459824764,0.43303439758954787
57,240.0,0.4053620619947934,0.4160670680654892
57,245.0,0.3850404030763207,0.39527083743175273
57,250.0,0.3679522093010975,0.3780643339326779
57,255.0,0.34836975304132745,0.35805324570251895
57,260.0,0.3571769415753132,0.3665518297429966
57,265.0,0.3903050115857638,0.4004761081062921
57,270.0,0.4430218769892792,0.45554466222087653
57,275.0,0.5316085936860273,0.5458575112419906
57,280.0,0.6308515304750708,0.6400082208930877
57,285.0,0.7226847929922195,0.7135691917434797
57,290.0,0.7478963814217657,0.7321144968134101
57,295.0,0.7423998362570997,0.729004478267081
57,300.0,0.6503848019398506,0.6552208578596763
57,305.0,0.5421433532965455,0.5554838262202662
57,310.0,0.44720934325075845,0.460388297355793
57,315.0,0.3751262421322825,0.38572976573271
57,320.0,0.33753395615088244,0.34705148684872666
57,325.0,0.31516273125215644,0.3233663761312835
57,330.0,0.3144968074103175,0.322680161488866
57,335.0,0.32553029195777294,0.3344736341361476
57,340.0,0.33716204453147924,0.3468514552676315
57,345.0,0.3609390574323077,0.3710517341069558
57,350.0,0.3979591988107368,0.40961944775779846
57,355.0,0.42611860535063273,0.4380634315170504
58,0.0,0.16185370655152542,0.09052555980024135
58,5.0,0.18467476302610342,0.10400142987310756
58,10.0,0.22119373487133698,0.12694774099867323
58,15.0,0.227590068182994,0.130777846931581
58,20.0,0.20496664880605286,0.11737175676550138
58,25.0,0.1950476621264854,0.1109349081793417
58,30.0,0.2068466543957973,0.11875703588772624
58,35.0,0.2539648870575977,0.14892634778561298
58,40.0,0.2715872720635645,0.15994040576454893
58,45.0,0.2661314493517476,0.15602243014005346
58,50.0,0.21966034801766243,0.12812914388639607
58,55.0,0.18397020253093221,0.10603485998609463
58,60.0,0.17833440465730854,0.10263349085406959
58,65.0,0.19427232120535343,0.11231800718917706
58,70.0,0.21376666564995372,0.12410621513823872
58,75.0,0.20885753696335219,0.12130292873660442
58,80.0,0.19998133944165253,0.11554583303280441
58,85.0,0.18831730716977224,0.10859282110721935
58,90.0,0.19013975375903935,0.10947847996321924
58,95.0,0.21133902942446414,0.12310326230425439
58,100.0,0.22556653283569683,0.131585838365038
58,105.0,0.22993595519279486,0.13382189846554748
58,110.0,0.2436923595167798,0.142568304934242
58,115.0,0.24325708672678914,0.1419987249017004
58,120.0,0.21418602983252,0.12441660065914262
58,125.0,0.22277807136386896,0.12863353985136716
58,130.0,0.21309100564582417,0.1220191090929571
58,135.0,0.19326142446304473,0.1094896706564169
58,140.0,0.1979075168138683,0.11223739543813216
58,145.0,0.17530898459975308,0.09806471952080853
58,150.0,0.1689660444963722,0.09491675406370559
58,155.0,0.26655939691465624,0.15516315539298753
58,160.0,0.4539283960720989,0.27249671427640887
58,165.0,0.47454611570739036,0.2858811274415456
58,170.0,0.3159514747779507,0.1850166732829852
58,175.0,0.17617678615152577,0.09842162953221112
58,180.0,0.17214100658542186,0.09596335049518956
58,185.0,0.19010311670066704,0.10702306175944343
58,190.0,0.22526530658069344,0.12920685239411567
58,195.0,0.22712594245211792,0.13067516705307647
58,200.0,0.2057427632172606,0.11782763488187198
58,205.0,0.1919010526779943,0.10940521898117561
58,210.0,0.21329031358436568,0.12229763509026115
58,215.0,0.2596799033537409,0.15197891688717535
58,220.0,0.276588253951606,0.1629022077430251
58,225.0,0.2630067805574676,0.15435301186851047
58,230.0,0.21333031857237816,0.12464280219121737
58,235.0,0.1796446417074289,0.10366571692866877
58,240.0,0.1836272961860259,0.10527748129164871
58,245.0,0.20108389366892998,0.11583423436801865
58,250.0,0.20869295184481262,0.12152492841954454
58,255.0,0.20814825230744027,0.12100316732121152
58,260.0,0.19958283205501992,0.11525724331072329
58,265.0,0.18616391180660175,0.10762011101223645
58,270.0,0.18883275873748906,0.1087320461725989
58,275.0,0.22340961060300668,0.12980968653202518
58,280.0,0.2185229763466845,0.12776963877962255
58,285.0,0.22063997340313912,0.12883539256243304
58,290.0,0.24898261540730626,0.14539081317400515
58,295.0,0.24598804644383887,0.1434273266040682
58,300.0,0.22414099747424043,0.12991523142862904
58,305.0,0.22434493639147335,0.1294662968387461
58,310.0,0.20583785828326828,0.11832315743771082
58,315.0,0.19137976392659084,0.10837298267649587
58,320.0,0.19450339257439564,0.11049756519574605
58,325.0,0.17423317816188322,0.09771313795939918
58,330.0,0.17478920393923758,0.09810043687836256
58,335.0,0.2820893916639857,0.16345899356632732
58,340.0,0.4594738911856464,0.2757461213142137
58,345.0,0.4744735571683202,0.28572708217257603
58,350.0,0.3084654471769084,0.18086534670090604
58,355.0,0.1776399736274593,0.09896638030253724
59,0.0,0.7704860722294644,0.34184877187262774
59,5.0,0.6974245033404711,0.30049250340981126
59,10.0,0.5141061189223344,0.20692019639309933
59,15.0,0.42323807261614943,0.16684693657009952
59,20.0,0.36605618849230426,0.14402075894638333
59,25.0,0.4283239857003406,0.17436839003362525
59,30.0,0.42124208391638485,0.17101377582014976
59,35.0,0.35658690462776477,0.1400889673739547
59,40.0,0.41771083314068447,0.16666096646136996
59,45.0,0.5768297951298189,0.24487605053743156
59,50.0,0.5891571568465297,0.2514421406032541
59,55.0,0.4713085081781233,0.191281016779143
59,60.0,0.3553034364276614,0.13890075185016681
59,65.0,0.39099308790872356,0.15744378427603534
59,70.0,0.3921890763260736,0.1583053939564515
59,75.0,0.36821622148465016,0.1469819822362466
59,80.0,0.3631773730689456,0.1416735466119674
59,85.0,0.4357146046352419,0.1725558064344217
59,90.0,0.5893393222897487,0.24392811394445912
59,95.0,0.7405821168247635,0.327466019035194
59,100.0,0.7384162624006521,0.3261928804053198
59,105.0,0.5534905255444739,0.2266706304318784
59,110.0,0.42501216987121315,0.16796639470399333
59,115.0,0.3613332742973354,0.1409537057794451
59,120.0,0.3893227851523855,0.15683459245507814
59,125.0,0.4087806445507133,0.16487928879768043
59,130.0,0.3969026707169112,0.1574446067556603
59,135.0,0.5499427179677105,0.23047482730155877
59,140.0,0.5610306469701984,0.23632684633228185
59,145.0,0.453287915177391,0.18278983570524288
59,150.0,0.39783533385766534,0.15831129214785733
59,155.0,0.3945700957150249,0.1584160882811806
59,160.0,0.40113633701990536,0.16007309219710664
59,165.0,0.42711343454495654,0.16856908810512383
59,170.0,0.5168555589732018,0.2083208750144404
59,175.0,0.696774615945789,0.30017837914037626
59,180.0,0.7704682344872746,0.3418397586578087
59,185.0,0.6973384389446537,0.3004692237446711
59,190.0,0.5134753090744688,0.20671348740997142
59,195.0,0.4234663246156899,0.16696643816503176
59,200.0,0.3655413072079734,0.14384110389020544
59,205.0,0.4282497555475918,0.17433046205191582
59,210.0,0.42145894073600076,0.17110311457882432
59,215.0,0.35714224432250075,0.14024996535791479
59,220.0,0.41860043639017697,0.16697799934808444
59,225.0,0.5773115678721613,0.24506789480287505
59,230.0,0.5891679919624654,0.2514437378674298
59,235.0,0.47069661407469077,0.19092720589057388
59,240.0,0.3542421383600638,0.13848332883713332
59,245.0,0.39133543917761293,0.15759014766471624
59,250.0,0.3922335989034914,0.15833551075809948
59,255.0,0.3678600406304551,0.14680311739832663
59,260.0,0.3646559323452093,0.14221987386449286
59,265.0,0.43638487698520123,0.17280781776729037
59,270.0,0.5896396716384322,0.24396622364117737
59,275.0,0.740551545450454,0.3274581389491663
59,280.0,0.7382012971828622,0.32609217111899946
59,285.0,0.5533583924321868,0.22662635734706915
59,290.0,0.42457930509404906,0.16775107585103632
59,295.0,0.361214180708063,0.14094054869625172
59,300.0,0.3893325377927277,0.15684461158244356
59,305.0,0.40915285407602997,0.16499608051942538
59,310.0,0.39709060398819374,0.15751596542832014
59,315.0,0.5501119933402454,0.23049028895687707
59,320.0,0.5610327885290121,0.23632266570596283
59,325.0,0.4527011036990568,0.18260271015336527
59,330.0,0.39770438190463175,0.15825330519184722
59,335.0,0.39454164919464074,0.15840531080044784
59,340.0,0.4013772164678746,0.1601397573401374
59,345.0,0.42689017190321543,0.1684998599256048
59,350.0,0.5166295008144999,0.20819609085176083
59,355.0,0.6967914127490795,0.30019270305089363
60,0.0,0.2104966318962086,0.08016096840328824
60,5.0,0.1664754008828545,0.06271564444029099
60,10.0,0.15784041101241242,0.05879861856927204
60,15.0,0.16724643503234404,0.06166892806319002
60,20.0,0.1676955760326163,0.06224388068769471
60,25.0,0.1928663544949667,0.07233075320996163
60,30.0,0.19616488414831246,0.07353437276036245
60,35.0,0.1848147313761762,0.06860950770005103
60,40.0,0.18370048274976536,0.06843746966979292
60,45.0,0.18796319671066275,0.06951361436864245
60,50.0,0.17559335116051522,0.06476233067909853
60,55.0,0.20173837075861245,0.07420308093264016
60,60.0,0.22699573903469394,0.08405493819687615
60,65.0,0.2181632936701231,0.0811875055276543
60,70.0,0.2170940382515919,0.08021643462615036
60,75.0,0.21189224704895393,0.07726528998688609
60,80.0,0.22555082377864355,0.08194798692013827
60,85.0,0.30090512243532785,0.11293951230453336
60,90.0,0.43189661036088345,0.1685774595668842
60,95.0,0.530881051338566,0.21399543228155282
60,100.0,0.4649325449988706,0.18453895608343718
60,105.0,0.28725812904688175,0.10695209506234482
60,110.0,0.19185736953649135,0.06944174431530514
60,115.0,0.20530870721395678,0.07528972560966563
60,120.0,0.2165932803475351,0.0797020974169087
60,125.0,0.21617491214765716,0.07933691188549563
60,130.0,0.17909850182617804,0.06552965469637628
60,135.0,0.19984784835056513,0.07399752905633827
60,140.0,0.21980466313061964,0.08144759994752904
60,145.0,0.1928751956968462,0.07139987683869409
60,150.0,0.1629960188521432,0.060179934018323444
60,155.0,0.1494088207869565,0.05508043895075221
60,160.0,0.19409755997740963,0.0723347834909579
60,165.0,0.2069463401642676,0.07790599735532999
60,170.0,0.21303595872333358,0.08012827566588676
60,175.0,0.21704191712291077,0.08184237105024672
60,180.0,0.21789268662234673,0.08257154644147735
60,185.0,0.16703083096641014,0.06287670545295865
60,190.0,0.1522867841575678,0.056866779147577984
60,195.0,0.16497571397736,0.060897558700604315
60,200.0,0.16720855461588413,0.06191975811095918
60,205.0,0.19160325835451453,0.07179283754472632
60,210.0,0.20041566597257554,0.07494038118943436
60,215.0,0.18716970085021611,0.06953988976409908
60,220.0,0.18879808371613716,0.07007104213998205
60,225.0,0.1858382028922423,0.06887002237569573
60,230.0,0.1732953801357826,0.0638749516719036
60,235.0,0.20069498165056265,0.07381105794662546
60,240.0,0.22646040495282926,0.08395512139258376
60,245.0,0.22142880036881896,0.08224064318161384
60,250.0,0.22262168873011534,0.08190002002408714
60,255.0,0.2095336668402683,0.07624673091747625
60,260.0,0.20989449811109429,0.07682210128763423
60,265.0,0.2972626101635786,0.11176967374204083
60,270.0,0.44053708010896286,0.17171077284710257
60,275.0,0.5377414470911903,0.21627770766019494
60,280.0,0.4664691911471147,0.18497236509872117
60,285.0,0.28069870047546464,0.10492279725174469
60,290.0,0.19211957203303653,0.06952215980873333
60,295.0,0.197787256199345,0.07259139647489088
60,300.0,0.2133927481925485,0.07863437067746959
60,305.0,0.21976887445172189,0.08082936045912847
60,310.0,0.18112124154181897,0.06622701482441362
60,315.0,0.19908923212326524,0.07371070294034687
60,320.0,0.21084266591779888,0.07840463193015978
60,325.0,0.19179732562350849,0.07096634232485144
60,330.0,0.17063718215437906,0.06269118850578725
60,335.0,0.15344268371374215,0.05650712099019006
60,340.0,0.19607652456877167,0.07307193566710513
60,345.0,0.2060121316501885,0.07752753387592803
60,350.0,0.20980824479495797,0.07901327412030101
60,355.0,0.21678771796747587,0.08181046005484427
61,0.0,0.373036422561817,0.1474647844483703
61,5.0,0.518123790175542,0.21608031365879665
61,10.0,0.5509076308624687,0.2333884443888513
61,15.0,0.4534442016079189,0.18514445624021592
61,20.0,0.30537413007116854,0.11892335714269742
61,25.0,0.23883229011703544,0.09231630957991499
61,30.0,0.25532263537438193,0.0994836327378521
61,35.0,0.31546755641617286,0.12431799106031904
61,40.0,0.33223589756739025,0.13092745564879915
61,45.0,0.32940563229524733,0.12989089654975472
61,50.0,0.3346062235537207,0.1325897392996559
61,55.0,0.3763321374880162,0.14841209995957527
61,60.0,0.4288313234690653,0.1730021624889756
61,65.0,0.4535347085607353,0.18474877985814342
61,70.0,0.4279382676923199,0.1711918784655342
61,75.0,0.38325925129271976,0.15219172889985733
61,80.0,0.3995284936240836,0.16070153203224302
61,85.0,0.48437799050179575,0.19694715649357186
61,90.0,0.5111196469125272,0.21052101204182516
61,95.0,0.4676287037485197,0.18865586295943482
61,100.0,0.37141625378854237,0.1465241128202004
61,105.0,0.35531869767621715,0.13934199308320072
61,110.0,0.3906620423629441,0.15368603776485779
61,115.0,0.4679195035953606,0.19012194557536055
61,120.0,0.4845567870591879,0.2018523432828625
61,125.0,0.4571796713168995,0.18636150523181405
61,130.0,0.40581769963785574,0.1619384044690455
61,135.0,0.387507940884373,0.15566329190211625
61,140.0,0.3550461208978152,0.14177877432124109
61,145.0,0.3080075715895232,0.12070752672544927
61,150.0,0.307214998114303,0.12086327939187824
61,155.0,0.3410682612525595,0.13565882133006257
61,160.0,0.30690734132261266,0.12040331882340971
61,165.0,0.23768873535330404,0.09205614845550081
61,170.0,0.23489477089397925,0.09050189515434848
61,175.0,0.24917109430625795,0.09559030989768347
61,180.0,0.36402047865421105,0.14429223386907752
61,185.0,0.5106304739735863,0.21338229946450527
61,190.0,0.535952336261331,0.22778347706750146
61,195.0,0.44305014779951757,0.18153043272881575
61,200.0,0.30427236299999993,0.11874347368001337
61,205.0,0.23941197420965854,0.09259280012729254
61,210.0,0.27369476036553886,0.10608245542737993
61,215.0,0.3258527683202723,0.12795925747586578
61,220.0,0.3339691634548907,0.13156600877807945
61,225.0,0.327960275123093,0.12935345209214122
61,230.0,0.3453205140639417,0.13618020250255092
61,235.0,0.3601122071949875,0.14254138586554754
61,240.0,0.41009323046660484,0.1661734953468621
61,245.0,0.43629002907642433,0.1783385884109454
61,250.0,0.4175793466985158,0.16730930508773612
61,255.0,0.39499637006470056,0.15671999315230667
61,260.0,0.4441191270065745,0.1768901856817241
61,265.0,0.5037312317927854,0.2038117012402928
61,270.0,0.5133860308169396,0.21118468094312326
61,275.0,0.4567812057758519,0.18480305924996376
61,280.0,0.38579749889083415,0.15159249555290233
61,285.0,0.36554312492795327,0.1433600527164851
61,290.0,0.37693397169648335,0.1485263273202463
61,295.0,0.43284747748915864,0.17709284864373798
61,300.0,0.4785003141925609,0.1994086760807321
61,305.0,0.4544693764058757,0.18536733545544826
61,310.0,0.4130269649698062,0.16453839514111845
61,315.0,0.40906423031265116,0.16370039376167178
61,320.0,0.3559348374461875,0.14189707104279037
61,325.0,0.2980816440124221,0.11723172951966654
61,330.0,0.2943430789045819,0.11600161298742917
61,335.0,0.3337803904547434,0.13296982846754346
61,340.0,0.3086578389585515,0.1212238909030936
61,345.0,0.23964805853826054,0.09276267394364512
61,350.0,0.22805193399783652,0.08810981378996152
61,355.0,0.25164255556775794,0.09643692807707227
62,0.0,0.2303260828833842,0.1144153908795299
62,5.0,0.242503779570737,0.1193826546736918
62,10.0,0.23621598694737211,0.11572316863683951
62,15.0,0.21594884056215669,0.10537815351216961
62,20.0,0.19405648178105306,0.09378250422105627
62,25.0,0.19004441876445088,0.09098105515537003
62,30.0,0.1929467378377001,0.0923012424794295
62,35.0,0.18017486395225046,0.0860105214832827
62,40.0,0.19951498886872387,0.0952664116977131
62,45.0,0.1954577653471662,0.09273338832847111
62,50.0,0.19290941460047617,0.09179327181231911
62,55.0,0.22931931527046068,0.10956980842004449
62,60.0,0.20711845026385478,0.09785271143185159
62,65.0,0.16261251953322853,0.07519873687473588
62,70.0,0.1868310259518161,0.08743059018677812
62,75.0,0.2838531366832051,0.13642888075597248
62,80.0,0.32687792732183696,0.15908649961658694
62,85.0,0.2717121222269624,0.13090802130693702
62,90.0,0.21265109174010066,0.10030142423775723
62,95.0,0.1992255724293024,0.09405540720012773
62,100.0,0.2233243341803568,0.10654256054152167
62,105.0,0.22354975820875422,0.10731222276547792
62,110.0,0.18720519931857027,0.09000518015540737
62,115.0,0.1917453656690341,0.09180361575331841
62,120.0,0.1954993192388167,0.09399751649959409
62,125.0,0.20365277513873092,0.09876774697447344
62,130.0,0.2134261098263449,0.1037117121419181
62,135.0,0.19710796913382345,0.09600312004402356
62,140.0,0.1779807213831034,0.0861526961768656
62,145.0,0.179157291435744,0.0862995225094434
62,150.0,0.17425336023464577,0.08439351703741615
62,155.0,0.16572976540562068,0.08038387164860306
62,160.0,0.1459454494060688,0.07031650223173103
62,165.0,0.15216186024120948,0.07280956732447796
62,170.0,0.17981404228559772,0.08717038876641547
62,175.0,0.2179984234818546,0.10727479231752735
62,180.0,0.23400174423130138,0.11596729279562712
62,185.0,0.23959245433350873,0.11825287956027253
62,190.0,0.23218726226031117,0.11375196012361943
62,195.0,0.2209515951918246,0.10756605592787005
62,200.0,0.1931487167328787,0.09350919069703956
62,205.0,0.18517838954956922,0.08890777355839341
62,210.0,0.19373857062166955,0.09260773013762114
62,215.0,0.18233992791034703,0.08687570572114844
62,220.0,0.19565745622867425,0.0935139898592573
62,225.0,0.1977702369590869,0.0938129528213768
62,230.0,0.19556792029376446,0.09283918184161355
62,235.0,0.223823699737286,0.10743381765210669
62,240.0,0.2062989956781789,0.09749691856593701
62,245.0,0.1629632192167192,0.07527743644922691
62,250.0,0.1822573334466986,0.08555761618373192
62,255.0,0.28706256421621834,0.13792628742593738
62,260.0,0.3288330017196348,0.16002699147802202
62,265.0,0.27495445024114773,0.1322777044150245
62,270.0,0.21217577630640982,0.10008759912890608
62,275.0,0.19995562022081137,0.09441416241586642
62,280.0,0.22609962297719832,0.10764367439109546
62,285.0,0.21868708624948363,0.10534288031375372
62,290.0,0.19490647742593303,0.09334430890197665
62,295.0,0.19124376759095574,0.09155876414368114
62,300.0,0.1957041327183967,0.09390747567181956
62,305.0,0.20498096437354785,0.0994627269993128
62,310.0,0.2104467916438474,0.10240153459766776
62,315.0,0.19697525411945127,0.0959857992172557
62,320.0,0.17918514236408578,0.08711009016453064
62,325.0,0.17539315502788133,0.0844849106696065
62,330.0,0.17026075249208494,0.08264567817952473
62,335.0,0.1602906034257281,0.07807549969585481
62,340.0,0.1477108778885312,0.07116115487780994
62,345.0,0.15522480949997253,0.07411723396382042
62,350.0,0.17340358955336221,0.08423685399524372
62,355.0,0.21982751735991113,0.10814416791106463
63,0.0,0.30080653035497307,0.21094953011325424
63,5.0,0.2684019832368303,0.18649194638256394
63,10.0,0.24812559486675956,0.172348881930261
63,15.0,0.23590449740919928,0.16270992299753884
63,20.0,0.2924970745565246,0.2051600951876268
63,25.0,0.3738426194765303,0.26697377486347795
63,30.0,0.3787953301291761,0.2699021112285157
63,35.0,0.2839058615583988,0.19862538058498036
63,40.0,0.2559362822973964,0.17832267423727577
63,45.0,0.2552579825765413,0.17815146134318438
63,50.0,0.23527269517835236,0.16309814565714786
63,55.0,0.27425130579700385,0.19151796505956586
63,60.0,0.33990303989053594,0.24062574390468072
63,65.0,0.3647950156900739,0.2594084399904668
63,70.0,0.2889788559234582,0.20343202680973893
63,75.0,0.24274145211613363,0.1688799073334435
63,80.0,0.2404796498610997,0.16661382956838944
63,85.0,0.259724697521328,0.18230679762432855
63,90.0,0.26706651935374237,0.18718126184074513
63,95.0,0.21827608257249365,0.15152710348503562
63,100.0,0.22432453778219752,0.15586531828245143
63,105.0,0.21264526459812494,0.14761800100320677
63,110.0,0.17735947341912128,0.12219881405919997
63,115.0,0.14396319459516282,0.0981630198466108
63,120.0,0.11070550416175418,0.07473294840939804
63,125.0,0.21469101211841457,0.1453176119985099
63,130.0,0.43475654113571116,0.31002811283755205
63,135.0,0.6130354648579103,0.4522093625387037
63,140.0,0.5994216492082041,0.44155249965843624
63,145.0,0.3606234896641569,0.25485649699559565
63,150.0,0.17689613554382244,0.11912776167838834
63,155.0,0.14039258289014245,0.09536474731223588
63,160.0,0.1842141179262946,0.12655152000036785
63,165.0,0.20902589844258468,0.14455421944107416
63,170.0,0.21709615060737208,0.14897248972229327
63,175.0,0.28121253945958713,0.1964819334037149
63,180.0,0.3025070369169438,0.21215590782243332
63,185.0,0.26417923361022366,0.18410185016487146
63,190.0,0.2514771342965585,0.1746088491978347
63,195.0,0.23644961422055577,0.16300053377419743
63,200.0,0.28795842168347763,0.2024149531972329
63,205.0,0.3800477689334901,0.2706504908820839
63,210.0,0.3767965972531552,0.2680353926976061
63,215.0,0.28606119437439226,0.2006467636862902
63,220.0,0.24892817213479557,0.17360709451186696
63,225.0,0.2566069863158371,0.17907191202416228
63,230.0,0.2484982244469205,0.17193131862799593
63,235.0,0.26290419279506094,0.18402988538405185
63,240.0,0.34065873172610284,0.24149561233700922
63,245.0,0.3700040009262776,0.2627925967986813
63,250.0,0.2875224891760837,0.2021081316579315
63,255.0,0.24382530406795067,0.16984614383023078
63,260.0,0.23103105314268046,0.16042580102604342
63,265.0,0.26779858190520867,0.1870744888587349
63,270.0,0.2693554873959485,0.18880914993036613
63,275.0,0.2238813564341542,0.15501700487705727
63,280.0,0.2203495942007485,0.15329311315174143
63,285.0,0.21658697391974258,0.1502129635610293
63,290.0,0.17883303982987897,0.12314881814463863
63,295.0,0.15038712662795628,0.10232943822849683
63,300.0,0.11158207805296938,0.07529239885236516
63,305.0,0.21076005192072356,0.14298964938108105
63,310.0,0.43146672276417963,0.3078632149913594
63,315.0,0.608765098847023,0.4491713829411642
63,320.0,0.5995681250404878,0.4416689522682976
63,325.0,0.35713829724607093,0.2526128893978231
63,330.0,0.17433240754141777,0.11737158690436289
63,335.0,0.1462117226558689,0.09898885142780411
63,340.0,0.18967953720610786,0.13002738681789017
63,345.0,0.21240727458246578,0.14675193729815939
63,350.0,0.21901677946004827,0.15032260836361222
63,355.0,0.2753722702376721,0.19255888211792416
64,0.0,0.0937468281441286,0.10067202114803742
64,5.0,0.07317147896887755,0.07844560842110426
64,10.0,0.09441788687941888,0.10154848982348708
64,15.0,0.08042417416246006,0.08623311256800759
64,20.0,0.08241652974639646,0.08834828795251548
64,25.0,0.08235692011731,0.08815416734667836
64,30.0,0.108086288625314,0.11591792991195149
64,35.0,0.1373379239720156,0.14795574432978875
64,40.0,0.16048217987977464,0.1725576548044716
64,45.0,0.18249996791351308,0.19676904444362864
64,50.0,0.22258250131841073,0.23935399571343574
64,55.0,0.25165282982661663,0.2664886510409532
64,60.0,0.281099041460642,0.29499995050796823
64,65.0,0.32520609210086826,0.3378374919860069
64,70.0,0.3628220185356317,0.37747669248352145
64,75.0,0.40959626112226044,0.4315304207481594
64,80.0,0.44336207471869227,0.4751739926080727
64,85.0,0.4806563629724693,0.5150951468535763
64,90.0,0.47347659737614833,0.5021246031235364
64,95.0,0.415474806489856,0.43976633752673644
64,100.0,0.3228820041904624,0.3471949183887131
64,105.0,0.2332729690411125,0.2534140156955591
64,110.0,0.17634569470295924,0.1906968224877339
64,115.0,0.14408348900363943,0.1554285803390273
64,120.0,0.14869613675100013,0.16062158024225115
64,125.0,0.18181329655583933,0.1941310540099982
64,130.0,0.2163230335908879,0.22323881638069787
64,135.0,0.2320596605560502,0.23618509560096235
64,140.0,0.2383837933127001,0.244874928606033
64,145.0,0.2193836550435423,0.23351263589810678
64,150.0,0.19869011788637914,0.21382411591876116
64,155.0,0.18785508929676997,0.20208052867748993
64,160.0,0.1628943479416214,0.17493739037993128
64,165.0,0.1655419277996042,0.17749393962428184
64,170.0,0.12538206060916224,0.1343975683105828
64,175.0,0.10921697498050964,0.11740033684303075
64,180.0,0.09093372581653048,0.09790318083017002
64,185.0,0.07805424818293782,0.08345631791527308
64,190.0,0.09420955014420773,0.10155273503446294
64,195.0,0.08172503670041031,0.08765377964731669
64,200.0,0.08119470751894098,0.08724482615802831
64,205.0,0.08888578241882905,0.09528698753870157
64,210.0,0.11543846886217135,0.12409450795774568
64,215.0,0.14461948257750057,0.15559476000711536
64,220.0,0.16230275008294093,0.17485961563695274
64,225.0,0.1721966985002258,0.18609952918876693
64,230.0,0.20438308490346357,0.2196843219716469
64,235.0,0.234786728808282,0.24827596471599112
64,240.0,0.266888247775278,0.27958028029623305
64,245.0,0.3112910189657937,0.32283114567961135
64,250.0,0.3614031718578339,0.3772087714033904
64,255.0,0.4217029683873824,0.4452019044008412
64,260.0,0.46059673210682617,0.49412789163234494
64,265.0,0.4945616362668608,0.5304617679296932
64,270.0,0.482851173500743,0.5121335089589683
64,275.0,0.4310441281075257,0.4568623670309466
64,280.0,0.3332854284888659,0.35841673691789233
64,285.0,0.23121648211317403,0.25104799155091273
64,290.0,0.1687668580515933,0.18246137265464046
64,295.0,0.13822308650186632,0.14926776579736833
64,300.0,0.14952591283518624,0.16150271877717803
64,305.0,0.18199211679230443,0.19440741411235773
64,310.0,0.21395184714098925,0.22070587730034075
64,315.0,0.22744303824600498,0.23136606535435855
64,320.0,0.23273079790547002,0.23890711450831614
64,325.0,0.2175909237419783,0.23166092094350155
64,330.0,0.19457682261661857,0.20961949304083394
64,335.0,0.1882961548477976,0.20266249295843375
64,340.0,0.1608578751150994,0.17301630839548143
64,345.0,0.16702127720228266,0.17913957438900874
64,350.0,0.12791098876411777,0.13707471791268144
64,355.0,0.11004374185625043,0.11823374063301784
65,0.0,0.40118504563893775,0.16381745346429255
65,5.0,0.45327378031780374,0.18778092055936446
65,10.0,0.4387321711900134,0.1810696400386197
65,15.0,0.37877164817171116,0.15352127283160688
65,20.0,0.30950092514422445,0.12418448825578854
65,25.0,0.29922245968325256,0.12066585866685131
65,30.0,0.3012131492225415,0.12156912937553377
65,35.0,0.2800143308832963,0.11236353317023029
65,40.0,0.32188066340491517,0.12973613447681243
65,45.0,0.40332603089279073,0.16642044468296735
65,50.0,0.40794993767046006,0.1691087635567563
65,55.0,0.36036535167718786,0.14737270219933685
65,60.0,0.32093970699125796,0.1290731443409726
65,65.0,0.27477264437892623,0.109514609991051
65,70.0,0.2734576248453724,0.11005019681945627
65,75.0,0.3107698169596447,0.12655300302933825
65,80.0,0.32403768002074085,0.13034573151250395
65,85.0,0.31045070555455057,0.12428012376785302
65,90.0,0.29723394442466466,0.118668434367038
65,95.0,0.2689075544751365,0.10624392789907788
65,100.0,0.2930067307046458,0.11661591131620819
65,105.0,0.3678684604073159,0.1501870228949258
65,110.0,0.47141192523035114,0.20065826868135472
65,115.0,0.5637588765373754,0.24215491720420423
65,120.0,0.574525815921019,0.24556367325760742
65,125.0,0.5591242516075146,0.23920864719638002
65,130.0,0.4551509844227991,0.1916168956245098
65,135.0,0.35142408423729155,0.14221861844411543
65,140.0,0.30130752026370844,0.11959222993619656
65,145.0,0.31330118000029916,0.12496135830968602
65,150.0,0.34067453712332774,0.13608437729871004
65,155.0,0.3438267905521104,0.13758310264911333
65,160.0,0.36879196886341514,0.14938794335069694
65,165.0,0.36521316671759074,0.1482387542914092
65,170.0,0.35101100860213785,0.1402366531240965
65,175.0,0.3474020626472475,0.1395469688756218
65,180.0,0.3893213633909153,0.15968778461852118
65,185.0,0.4372962680664324,0.18167513398898028
65,190.0,0.42610248542016393,0.17631782070134527
65,195.0,0.3708166052951274,0.15076171124158577
65,200.0,0.31890974099605496,0.12767836860702064
65,205.0,0.316453189523333,0.12734120647340652
65,210.0,0.3157890732391556,0.1269331315589719
65,215.0,0.2781790426817121,0.11161744073109303
65,220.0,0.3244140453238009,0.1312296804309292
65,225.0,0.38717451884710874,0.16054317548539332
65,230.0,0.4025219169451755,0.16707697473089578
65,235.0,0.3565539010872014,0.145977746858739
65,240.0,0.3071858198747318,0.12408343618887907
65,245.0,0.2768712329061426,0.1102787538418788
65,250.0,0.28317666790612406,0.11339699099319955
65,255.0,0.3225818638191874,0.13080903006158362
65,260.0,0.312792449124384,0.12622310817584925
65,265.0,0.2899023799679562,0.1168859703706856
65,270.0,0.28105720453435756,0.11284306171042613
65,275.0,0.2650818060023935,0.10464199487048897
65,280.0,0.3019518937289677,0.11959518193517071
65,285.0,0.3811474172487346,0.15477050376879997
65,290.0,0.48953530716453564,0.20735182919248718
65,295.0,0.5656500377134863,0.24308267123585636
65,300.0,0.5729774082673218,0.24508188130429776
65,305.0,0.5606845314687733,0.23997108969987035
65,310.0,0.4720802160936144,0.19795857156998675
65,315.0,0.37121037325901285,0.14937233442492426
65,320.0,0.31373553148875843,0.12367636031445328
65,325.0,0.3065231262524232,0.1222137603581046
65,330.0,0.32020184983373456,0.1287414344859189
65,335.0,0.33276661012245834,0.133696069382653
65,340.0,0.3780290896534675,0.15300231609610793
65,345.0,0.37423497659765437,0.15152403530350722
65,350.0,0.3265841511308847,0.13125127891754118
65,355.0,0.3326760129254136,0.13416942092694262
66,0.0,0.17312523447090267,0.12209702404317047
66,5.0,0.1698816392769582,0.1199891786782582
66,10.0,0.1673126799827621,0.11797635238414172
66,15.0,0.1652261976635857,0.11645646339941718
66,20.0,0.1580083953709972,0.11131928595228957
66,25.0,0.1524749816772133,0.10708430894271048
66,30.0,0.15049160136710538,0.10547782233710701
66,35.0,0.14109762660453207,0.09840408736692985
66,40.0,0.13653413913059054,0.09513764167208982
66,45.0,0.12519753068938944,0.08690655126743929
66,50.0,0.11512780845444559,0.07943673789636585
66,55.0,0.10064174688191152,0.06913987448536729
66,60.0,0.11557462195022228,0.07911764128625343
66,65.0,0.19449671723321948,0.13360456452056313
66,70.0,0.3140954554563157,0.22431084967246107
66,75.0,0.47940496267814336,0.3493455312286369
66,80.0,0.6740336081254041,0.5063760844763571
66,85.0,0.8853294398133223,0.6794670606726998
66,90.0,0.9006959087399034,0.6913501449106737
66,95.0,0.7601488446101055,0.5772092377266782
66,100.0,0.5510442051104321,0.4069507369653137
66,105.0,0.3828221915557284,0.27512534437934655
66,110.0,0.2629634717937154,0.18267722645126927
66,115.0,0.1765519044207534,0.12082623426374772
66,120.0,0.14560755682928528,0.10021889580832222
66,125.0,0.15406933356826313,0.10654384344024159
66,130.0,0.16420399230415772,0.11404461328588356
66,135.0,0.17071642777221607,0.11924573838118335
66,140.0,0.17518458691949412,0.12304283327443222
66,145.0,0.17665491533841327,0.12402048511076857
66,150.0,0.17696788760856474,0.12466091277677682
66,155.0,0.18033932341912895,0.12726318085307142
66,160.0,0.17885426945965077,0.12610130622375282
66,165.0,0.1823048406399621,0.12888041146797247
66,170.0,0.17657646579048158,0.12445874865218576
66,175.0,0.17469553453873388,0.12342809966816981
66,180.0,0.1704660016836339,0.12040293752300624
66,185.0,0.16903796969790474,0.1193970836087539
66,190.0,0.16379187453983424,0.11567746862393169
66,195.0,0.16218057127417373,0.11452333414669102
66,200.0,0.15591106425999623,0.10999455116610213
66,205.0,0.14965898729917326,0.10529889756060906
66,210.0,0.14636428111633915,0.10286263936969409
66,215.0,0.13670590280032313,0.09568957195765493
66,220.0,0.13365429422328845,0.0932944031061036
66,225.0,0.12305632835709068,0.08551726825125117
66,230.0,0.11189788435443115,0.07732282257140055
66,235.0,0.09916411445810092,0.06818682205688986
66,240.0,0.11902534588304248,0.08145678026804082
66,245.0,0.19878066012641127,0.13628370299271508
66,250.0,0.31660233112136327,0.22606924556472063
66,255.0,0.47987199735542707,0.34965100590449794
66,260.0,0.6738973208143411,0.5062989969498117
66,265.0,0.885418934875741,0.6794649370176773
66,270.0,0.9008482874019863,0.691524582120335
66,275.0,0.7604564624079225,0.5773057440055953
66,280.0,0.5506288813360215,0.4065962428721077
66,285.0,0.37897451027021556,0.27261198468805947
66,290.0,0.2560098664838135,0.17824357215758135
66,295.0,0.17188434151155862,0.11780389877576092
66,300.0,0.14499969677874203,0.09969200275581447
66,305.0,0.1577956645593035,0.10897509873354894
66,310.0,0.16636359450700522,0.11547199580086709
66,315.0,0.17397695151292525,0.12127342009704656
66,320.0,0.17998935926311077,0.12611178528394174
66,325.0,0.18083340324932584,0.1266909083462655
66,330.0,0.1793322146560581,0.12613077313125043
66,335.0,0.18533211677054784,0.1304160229278638
66,340.0,0.18091751705033976,0.12740538517371847
66,345.0,0.1872781875397559,0.13214703487549806
66,350.0,0.17692082109052187,0.12461585117368501
66,355.0,0.1768410279977648,0.12485541239751241
67,0.0,0.4380469031837768,0.21061782023627107
67,5.0,0.3593294914038556,0.16912975846217515
67,10.0,0.3260773910519976,0.1543324962548035
67,15.0,0.3886507456099675,0.1865703784693976
67,20.0,0.4498589010416396,0.22068359193360698
67,25.0,0.4331924130321587,0.21129363351844088
67,30.0,0.34971331938187145,0.16583541680561042
67,35.0,0.3957692759440843,0.18806512873765402
67,40.0,0.49361368422450547,0.24004137594241737
67,45.0,0.6815176124827974,0.35255363933584105
67,50.0,0.6845479206059112,0.354237878225527
67,55.0,0.5265891734289083,0.25845169363943044
67,60.0,0.41406171353559174,0.1974542666150514
67,65.0,0.3642865128420024,0.17284151770696077
67,70.0,0.4474329653804292,0.2187347985428305
67,75.0,0.45778951618722885,0.22443084743443587
67,80.0,0.4064822212493845,0.19588296725696364
67,85.0,0.3654318164733237,0.17315590463252895
67,90.0,0.40864920573126307,0.19431733295532072
67,95.0,0.5342903449520551,0.2628568151085736
67,100.0,0.7049124152099001,0.36763477211954976
67,105.0,0.7028423736878788,0.3663178828877366
67,110.0,0.5239654433357055,0.25703828192123057
67,115.0,0.38630868682542185,0.18273563175004648
67,120.0,0.3509621627326507,0.1680429890118177
67,125.0,0.33424309017026854,0.15928980777837665
67,130.0,0.3942763465223801,0.19052960746259817
67,135.0,0.4531529268247343,0.22360767430926676
67,140.0,0.4113495213657514,0.20014334184368243
67,145.0,0.33540093378531777,0.1601307857476545
67,150.0,0.3137429454515531,0.14974690078165553
67,155.0,0.33579479419476743,0.1566669394239646
67,160.0,0.44411925063879343,0.21353550647047836
67,165.0,0.6255149402826691,0.3197446629538132
67,170.0,0.6840254376429856,0.3570832772550978
67,175.0,0.6085362183416422,0.3093745189405386
67,180.0,0.4393522512742757,0.2111240286663283
67,185.0,0.3579603517890625,0.16844708160854638
67,190.0,0.320713926415764,0.15199403278098433
67,195.0,0.38978973967030306,0.18712342602526166
67,200.0,0.45033420383021183,0.22087573243061698
67,205.0,0.43381356193199605,0.21170372543041927
67,210.0,0.3518687144706195,0.16670916760319598
67,215.0,0.39814579137287687,0.18899133621911723
67,220.0,0.49230021781232003,0.2393636113482892
67,225.0,0.6818870682527874,0.3527558323150499
67,230.0,0.6838894713990923,0.3539743356835442
67,235.0,0.5255818173204254,0.2580456412676996
67,240.0,0.41013828748698455,0.19576560164371182
67,245.0,0.3639726239132005,0.1726088059239117
67,250.0,0.45093422995848886,0.22015036734715132
67,255.0,0.4576829821076902,0.22438465726685397
67,260.0,0.40795101976317605,0.1965959255039249
67,265.0,0.36037164017163226,0.17106398482160967
67,270.0,0.4072229810256184,0.19376527947657152
67,275.0,0.5340579544214298,0.26293831314472393
67,280.0,0.704664293090059,0.3674791820533819
67,285.0,0.703710221873024,0.36682130349419695
67,290.0,0.5240741013621228,0.2572068653875802
67,295.0,0.38523340967965325,0.1824137199149396
67,300.0,0.3548019974830692,0.1697509566807054
67,305.0,0.3332879700264276,0.1588215471830512
67,310.0,0.3950228307620387,0.19074716148245785
67,315.0,0.4531495505270383,0.22361511416020452
67,320.0,0.41385367844693755,0.20126411987664938
67,325.0,0.3412131788524079,0.16268802509319857
67,330.0,0.31469942214835755,0.15018266423228288
67,335.0,0.33000414214583507,0.15427612815460123
67,340.0,0.44202478423197666,0.21267564343552126
67,345.0,0.6233168714833626,0.31870993044901075
67,350.0,0.6823277536832641,0.3561830133933399
67,355.0,0.6088472779243322,0.3095478281942111
68,0.0,0.13133241930053852,0.04530433306321624
68,5.0,0.3598178163541075,0.13771840826881154
68,10.0,0.4387570405277622,0.17324702518029766
68,15.0,0.3662946092116012,0.1406126877231596
68,20.0,0.13609898558038735,0.04700600860018822
68,25.0,0.03327391875301344,0.011329963072934213
68,30.0,0.056077377508304105,0.019311002380683062
68,35.0,0.1388865025447389,0.05042264693790788
68,40.0,0.1297483819338353,0.046512904850086634
68,45.0,0.047476287045811305,0.016105902985216525
68,50.0,0.26326756319509514,0.09757437067957919
68,55.0,0.34764802074818313,0.1324870065318562
68,60.0,0.24955404209072285,0.09185857971189715
68,65.0,0.08484065241562544,0.028907157327890065
68,70.0,0.21011491224331047,0.07617698380158378
68,75.0,0.2229291339928865,0.08163357863259169
68,80.0,0.1587748122493967,0.05546125678295233
68,85.0,0.16601210067548833,0.058326967754576464
68,90.0,0.21769891094053806,0.07615099600634123
68,95.0,0.47753249194358016,0.18287129366807975
68,100.0,0.6235893855945984,0.24915741685722959
68,105.0,0.5124847964499424,0.19860976850941525
68,110.0,0.2375174623889218,0.08372991369487948
68,115.0,0.15857982417600924,0.055301328225816127
68,120.0,0.15535639663567724,0.054121287905369186
68,125.0,0.2244436200402361,0.0821735026792847
68,130.0,0.219463380019981,0.08008661460875954
68,135.0,0.08323962587377265,0.028367456793967016
68,140.0,0.2287923527270167,0.08341770420518646
68,145.0,0.3429262264186428,0.1305020534122363
68,150.0,0.27304342324969755,0.10174077484139155
68,155.0,0.05521291622371505,0.018742551942348085
68,160.0,0.12360028337152351,0.044011390557158414
68,165.0,0.1386042789432983,0.050300462876480045
68,170.0,0.06158723921457643,0.021227538412395885
68,175.0,0.03404789219515736,0.011634235385286629
68,180.0,0.1313324193005384,0.04530433306321624
68,185.0,0.36055463759724293,0.1379896306739855
68,190.0,0.43869699907833704,0.17320131897410862
68,195.0,0.3656376075807093,0.14038117180817777
68,200.0,0.13609898558038758,0.04700600860018833
68,205.0,0.03274093050406668,0.011149501429214004
68,210.0,0.057119599261748144,0.019635063030172595
68,215.0,0.13888650251501566,0.05042264692524312
68,220.0,0.12922110246347474,0.046354595249815556
68,225.0,0.048707167121926354,0.01650624146669355
68,230.0,0.2632996280590064,0.09760565586922165
68,235.0,0.34772219991788056,0.1325082634736643
68,240.0,0.24936770802692632,0.09178187926562487
68,245.0,0.08504976220340987,0.02896992579828117
68,250.0,0.2094798374379313,0.0759547699072538
68,255.0,0.22311872840944968,0.08168271520684833
68,260.0,0.16059396285527572,0.05604229418765305
68,265.0,0.1673999120581512,0.05874917648022049
68,270.0,0.21806172004434377,0.07615931392407926
68,275.0,0.4760267514140034,0.1822934093020676
68,280.0,0.6234196232203599,0.2490911121924143
68,285.0,0.5132625089354591,0.19891286279304388
68,290.0,0.2386967849457482,0.08408593516479601
68,295.0,0.1562559872098318,0.054547990443328365
68,300.0,0.15465675948055446,0.053895911265785856
68,305.0,0.22356093114216524,0.0818780279572241
68,310.0,0.21928042949161008,0.08002767121105048
68,315.0,0.0824636483678598,0.028101455749292792
68,320.0,0.22934058329077311,0.08357642096590501
68,325.0,0.34297145108973814,0.13051558138669683
68,330.0,0.27283070210240423,0.10163283466661399
68,335.0,0.056088779677967326,0.019071692819163988
68,340.0,0.12346065411187856,0.04396009834700276
68,345.0,0.13860429037086552,0.050300467740679755
68,350.0,0.06266690922271057,0.021568827884269948
68,355.0,0.03321525464791475,0.011350735956639602
69,0.0,0.0770483575753641,0.031596116292508025
69,5.0,0.24532689086030068,0.10496330633430373
69,10.0,0.5045862060134008,0.23493470709526254
69,15.0,0.5056032816559748,0.2355050748202393
69,20.0,0.2731743209562413,0.11874860921537556
69,25.0,0.11483930818680521,0.04731232787572426
69,30.0,0.19353862295169855,0.08261593263483635
69,35.0,0.18834702252691393,0.0799155514071439
69,40.0,0.308414656976702,0.13666801209304946
69,45.0,0.32466624948417466,0.14451395844431947
69,50.0,0.17748209163133932,0.07360903090590931
69,55.0,0.20208709893733912,0.08540654126457015
69,60.0,0.1545415476241262,0.06409770803148962
69,65.0,0.22130672460048484,0.09246384887409986
69,70.0,0.497220724674458,0.22851856177891827
69,75.0,0.5616400132999158,0.2623750260423632
69,80.0,0.3811157507451698,0.1701683362076063
69,85.0,0.1607104440435796,0.06673916314458994
69,90.0,0.17117373540667835,0.07244000157019237
69,95.0,0.1661345389317338,0.07004155966095382
69,100.0,0.22737873001658904,0.0986268093222531
69,105.0,0.26712544664120763,0.11826030141037946
69,110.0,0.14880513977437293,0.0616113425927739
69,115.0,0.12075197484523226,0.05054216769915609
69,120.0,0.08144575754851335,0.0335064801537468
69,125.0,0.19364577089520396,0.08140272936491999
69,130.0,0.44008937020737005,0.20310470179070472
69,135.0,0.45487655262370674,0.21089509537548368
69,140.0,0.26823860914339026,0.11797706698971844
69,145.0,0.08022627889001166,0.03313089801475799
69,150.0,0.11830278856421594,0.04984193797774994
69,155.0,0.11974423682361257,0.05006076941307358
69,160.0,0.23644681109624133,0.1045762391125612
69,165.0,0.2356158274083502,0.10418945248044764
69,170.0,0.12888935876162333,0.05366472514295695
69,175.0,0.13256110197973092,0.055801212168488434
69,180.0,0.07885647609020496,0.03231289341803656
69,185.0,0.2443216259472275,0.10459454162031656
69,190.0,0.5041124402804757,0.23471781846195905
69,195.0,0.5051328586093198,0.23530546730745572
69,200.0,0.27101503974549535,0.11791757878677056
69,205.0,0.11741849447953567,0.04829218990522932
69,210.0,0.19336656524667284,0.0825399031358911
69,215.0,0.18808411402705139,0.07980451733778038
69,220.0,0.3078490108747366,0.13641334366240288
69,225.0,0.3243684546605814,0.14439453412217929
69,230.0,0.1765311103612044,0.07319376237587483
69,235.0,0.20204567415158514,0.08538699687819484
69,240.0,0.15438764994504484,0.0640430634009913
69,245.0,0.22078347577592783,0.09221867017447194
69,250.0,0.49535806106703195,0.2277691657695231
69,255.0,0.5615670570848956,0.2623372701687886
69,260.0,0.38050212485916424,0.16991979943623925
69,265.0,0.16295387900519775,0.06763226802940703
69,270.0,0.17053493393323504,0.07220936750209606
69,275.0,0.16573671477443863,0.06990621485777027
69,280.0,0.2259744285751314,0.09813980385514376
69,285.0,0.2668530563209318,0.11815343309490522
69,290.0,0.14965416479973115,0.06194681769894772
69,295.0,0.12110688833652339,0.050712620209922066
69,300.0,0.08323476481845382,0.03414650145210496
69,305.0,0.19073939113724103,0.08032124696230569
69,310.0,0.4378122043794571,0.20206844637279242
69,315.0,0.45505446717544573,0.21096236389841183
69,320.0,0.26875518304141577,0.11817862516983957
69,325.0,0.08326624702330732,0.03435387808152479
69,330.0,0.1161671334435187,0.04901932221414873
69,335.0,0.11580250269928472,0.04852593714281428
69,340.0,0.23601538096357522,0.10435430592367512
69,345.0,0.2359088248475507,0.10430083267283285
69,350.0,0.12875257937141948,0.05362962568172547
69,355.0,0.13004084467171462,0.05478810290339842
70,0.0,0.5589873104483278,0.4241464827642685
70,5.0,0.4708564157132141,0.351468683825927
70,10.0,0.3036368501222483,0.2205735795050685
70,15.0,0.16879331420078414,0.11956505121642536
70,20.0,0.13133157987779231,0.09357700896987542
70,25.0,0.1551784141534439,0.11020255671762946
70,30.0,0.16947384337540727,0.12051244645085557
70,35.0,0.18404610207906713,0.13019859941045786
70,40.0,0.21268253991961128,0.15155800013012966
70,45.0,0.21547421987025717,0.15339701856997467
70,50.0,0.2355950677487012,0.16826340588773858
70,55.0,0.22920751994407773,0.1636318485935253
70,60.0,0.2361886361530805,0.168589300009666
70,65.0,0.2881480194821535,0.20815145549760417
70,70.0,0.31186280635445807,0.22612639582755212
70,75.0,0.2558941486544094,0.18395430804949509
70,80.0,0.25157007022958766,0.17938692678077284
70,85.0,0.26674471029458247,0.19214413320618362
70,90.0,0.29411657427631543,0.21284593962474396
70,95.0,0.2609172971603202,0.1873421109806661
70,100.0,0.258961927466304,0.1866757703802585
70,105.0,0.2970165538285614,0.21619576279401675
70,110.0,0.2934169243645074,0.21286569987082582
70,115.0,0.21140278909309584,0.15051773146154301
70,120.0,0.21271206252988395,0.1518278762317553
70,125.0,0.25998239675141155,0.18794620931851547
70,130.0,0.2471152201609199,0.17797418043971058
70,135.0,0.22776291961201978,0.16332094839499456
70,140.0,0.18803409656390002,0.13344892960017118
70,145.0,0.17356078369341366,0.12305851324430606
70,150.0,0.15593124766333732,0.11108849083667849
70,155.0,0.1345771289923633,0.09553654762417563
70,160.0,0.12372824089105328,0.0878899777475417
70,165.0,0.22008630665472684,0.15571094854870904
70,170.0,0.3660940598910415,0.2681192370591866
70,175.0,0.5271115260847541,0.399472438119727
70,180.0,0.5544020075732048,0.42091297092772717
70,185.0,0.4679379646497419,0.3491506900070479
70,190.0,0.31186620161732326,0.22636316172786797
70,195.0,0.17229824741933253,0.12205199722673687
70,200.0,0.1294227909003104,0.09232249240695645
70,205.0,0.14912082791524595,0.1062005413842333
70,210.0,0.1662024169188867,0.11825010783585643
70,215.0,0.1820546507811559,0.12900661558250692
70,220.0,0.21256137532341657,0.15170804247507297
70,225.0,0.21498012081588602,0.15300731509473886
70,230.0,0.22715692884362737,0.16284876850573127
70,235.0,0.23262846720052266,0.16599120535503575
70,240.0,0.2380983257623993,0.16995882642675153
70,245.0,0.2871441174134727,0.20772657649154813
70,250.0,0.3112332880003299,0.22571694060384362
70,255.0,0.25871954647660955,0.18609898237393363
70,260.0,0.2407746518981042,0.1721723321815556
70,265.0,0.26652342573179577,0.19186421468013093
70,270.0,0.2933986733616645,0.2123555194600707
70,275.0,0.26389737177829153,0.1893886765034588
70,280.0,0.26449432189372746,0.19058252444038204
70,285.0,0.3025048976456519,0.21991017506892663
70,290.0,0.28894866201100733,0.20998344272044656
70,295.0,0.21171302312721296,0.15075092439122473
70,300.0,0.212234700454338,0.15150510076714374
70,305.0,0.2544902173534416,0.1839879608517062
70,310.0,0.24529736497825327,0.17651004498625877
70,315.0,0.22811375344084095,0.16373648739200408
70,320.0,0.190413146159637,0.13516798150325415
70,325.0,0.17154283249521773,0.12193985072705638
70,330.0,0.15010233047811428,0.1071090792365933
70,335.0,0.13106471459063052,0.09320844403570083
70,340.0,0.12354239291507352,0.0876893671670459
70,345.0,0.22278060454520776,0.1575272607867617
70,350.0,0.3678823800720128,0.26947173849928485
70,355.0,0.526799432645872,0.3990837437250937
71,0.0,0.18430585788959142,0.08766371385953975
71,5.0,0.19957165353708484,0.09535469486582493
71,10.0,0.23399767568252638,0.11284700077122534
71,15.0,0.22039136735598386,0.10609996815922573
71,20.0,0.18873849941438825,0.08917435326385703
71,25.0,0.1799120104438513,0.08459717554387947
71,30.0,0.18440934436388212,0.08676709720241071
71,35.0,0.22087578273549013,0.10546341713953766
71,40.0,0.2555524353022094,0.1230725443526387
71,45.0,0.2597903903292528,0.12532893424140323
71,50.0,0.23787723823531992,0.11328331975083505
71,55.0,0.2118629996639776,0.10013101898592525
71,60.0,0.20443748612140755,0.09581211252864985
71,65.0,0.18315599463014742,0.0855804939587056
71,70.0,0.16375561901784164,0.07692417887481506
71,75.0,0.23207823432187236,0.11037004322425037
71,80.0,0.2724347772254182,0.13272417706295658
71,85.0,0.23077552164741932,0.11146437035412327
71,90.0,0.17327335133492638,0.08272694932373748
71,95.0,0.15952336031087844,0.07558641093387664
71,100.0,0.1645722917169179,0.07809210661906119
71,105.0,0.16454961374963573,0.07823966157955142
71,110.0,0.16667290389284195,0.07965138803750005
71,115.0,0.15913561247525188,0.07602891038592763
71,120.0,0.1792546038686882,0.08615923893047661
71,125.0,0.19850560845548726,0.09545327071155651
71,130.0,0.2219241525394675,0.1082376330653847
71,135.0,0.2521371422489185,0.1255231621582602
71,140.0,0.2637684399899577,0.13213299836560688
71,145.0,0.2627768159242312,0.1301489071856171
71,150.0,0.23240168811794548,0.11278965944324248
71,155.0,0.18467115337333373,0.08884283373041779
71,160.0,0.14593763496860268,0.06985399273456805
71,165.0,0.13647381409963089,0.06475132504670023
71,170.0,0.12423046915608027,0.05898992512723045
71,175.0,0.14536413379724,0.06914793285579934
71,180.0,0.17616959190645298,0.08388177001748043
71,185.0,0.20038239395765545,0.09592835727914273
71,190.0,0.23233006073324491,0.11212427013535087
71,195.0,0.21927503969778883,0.10571441842453944
71,200.0,0.18222323088425063,0.08590506612505278
71,205.0,0.17878867627170902,0.08433135792875501
71,210.0,0.1878043872077173,0.08831659634354683
71,215.0,0.2236272177068266,0.1065145022053623
71,220.0,0.26488732991736164,0.1273074851865028
71,225.0,0.2622221612651603,0.1263907266711113
71,230.0,0.23828912461246066,0.1135677763190579
71,235.0,0.22082963738975825,0.10411106390786717
71,240.0,0.2039618160126907,0.09549993339751639
71,245.0,0.17664700634553387,0.08283495421392384
71,250.0,0.16985304105046228,0.07956274339480407
71,255.0,0.2238844509679374,0.10683830620027046
71,260.0,0.2770435331378448,0.13460918620969387
71,265.0,0.22742083287001402,0.10977579412911742
71,270.0,0.1685813873866927,0.08037621079964286
71,275.0,0.16153390869215822,0.07636620374188419
71,280.0,0.1633847502015071,0.07743792374756386
71,285.0,0.16443886218825565,0.0783276229948131
71,290.0,0.16599658889010105,0.0792513300351042
71,295.0,0.1725924520324208,0.081847994609351
71,300.0,0.19121623473752547,0.09131137796983768
71,305.0,0.19090013358296054,0.09226235529076254
71,310.0,0.2228159256473291,0.10856409764042285
71,315.0,0.24177670580945065,0.12104281246467086
71,320.0,0.25377620149105473,0.12739653113719984
71,325.0,0.2509591593214934,0.12451919263206301
71,330.0,0.23420086439037435,0.1137079899660901
71,335.0,0.18919605788974758,0.09083061869382769
71,340.0,0.15108986724350382,0.07203502524896521
71,345.0,0.1390881056773905,0.06579633708422072
71,350.0,0.12646739540671093,0.059713890094865496
71,355.0,0.14268503437410207,0.06784432355848224
72,0.0,0.21995596532441009,0.15060330567365054
72,5.0,0.16240928501201268,0.10970271282618582
72,10.0,0.2191075619704611,0.14947536681598028
72,15.0,0.2253651819797634,0.1540995213602382
72,20.0,0.176486549452333,0.11777204404834962
72,25.0,0.19581188980092568,0.13294553667666187
72,30.0,0.20508860412495233,0.13999107162545843
72,35.0,0.17719031690352638,0.12072647293025329
72,40.0,0.1448144516977078,0.09757583431972239
72,45.0,0.15459768935830687,0.10351093933857924
72,50.0,0.22747253109580434,0.15283505189587065
72,55.0,0.3236651784561356,0.2245966273977522
72,60.0,0.47805036228526976,0.34487966515447277
72,65.0,0.5771742370123955,0.421927260752629
72,70.0,0.5838163912542635,0.42700550066062315
72,75.0,0.4779143872880358,0.34516209426787325
72,80.0,0.31332427263846974,0.21793511057004977
72,85.0,0.2152277457346573,0.14584650571307034
72,90.0,0.17324838165848166,0.11602502242341328
72,95.0,0.16822740523929436,0.11310200189107866
72,100.0,0.1876824521494791,0.12695559890015706
72,105.0,0.20096202151797338,0.13619384048313476
72,110.0,0.22350289738477536,0.15264565312670975
72,115.0,0.24923841472208674,0.171714347535311
72,120.0,0.1932060785637867,0.1303185844810434
72,125.0,0.18059003539263996,0.12167621648638549
72,130.0,0.25880192586091455,0.17907336015531672
72,135.0,0.23650284913356334,0.16252651157019093
72,140.0,0.14297831863829513,0.0951574196910816
72,145.0,0.1927861777323776,0.1302682982709089
72,150.0,0.25972289003910454,0.17939748678060985
72,155.0,0.23005609645144898,0.15789621105587848
72,160.0,0.16537418935627302,0.11184612831765284
72,165.0,0.16196184244861167,0.10842155855886693
72,170.0,0.2095910681905946,0.14238109871723936
72,175.0,0.2589000190142201,0.17853965343372535
72,180.0,0.20267362043456882,0.1397840762302548
72,185.0,0.17544836712747347,0.11749744982539734
72,190.0,0.2179873958857098,0.14924818246096672
72,195.0,0.22331874398825757,0.15242515166790105
72,200.0,0.17695203522524872,0.11823840580631761
72,205.0,0.2010044380613082,0.13637211128354876
72,210.0,0.212781788827057,0.1451253459608428
72,215.0,0.188279147730247,0.12799575360448145
72,220.0,0.1607672853676907,0.10774624256520848
72,225.0,0.15254691406561005,0.10217112892387781
72,230.0,0.19902196122827276,0.1350819810255326
72,235.0,0.3084124314310821,0.21481408658646584
72,240.0,0.46692520133658744,0.337258280416476
72,245.0,0.5749907710942395,0.42049494453193603
72,250.0,0.582564776268212,0.42603345405849846
72,255.0,0.4763927487607562,0.3440365126357652
72,260.0,0.3098855102223196,0.21547996317966434
72,265.0,0.20319069083811891,0.1384799871149055
72,270.0,0.16793944216409495,0.11265195961101027
72,275.0,0.17410477807856106,0.11673131926377212
72,280.0,0.19115052679961275,0.12915016341397667
72,285.0,0.20830271970474468,0.1408141643798263
72,290.0,0.2302994849665373,0.15721587560423744
72,295.0,0.2531137185222184,0.17423936007150898
72,300.0,0.19096357538367514,0.12898922832123794
72,305.0,0.18355690709321504,0.12304295391996356
72,310.0,0.2647308839823964,0.18306253436215758
72,315.0,0.24108389832977495,0.16571709814544333
72,320.0,0.14024278104277577,0.0934340640392326
72,325.0,0.19000010967552883,0.12866594696904832
72,330.0,0.2620609621036688,0.18101204329438336
72,335.0,0.23560492052214232,0.16175572885001133
72,340.0,0.1755595326903674,0.1180177077209622
72,345.0,0.15061676428449478,0.10142100582466795
72,350.0,0.20425068534405266,0.13881871655257316
72,355.0,0.25729182999976363,0.17780381618194874
73,0.0,0.23172245896786559,0.09579943151969128
73,5.0,0.241534074116885,0.10056248015209801
73,10.0,0.20124298719685418,0.08183570704641407
73,15.0,0.19305518673803224,0.07882408234349947
73,20.0,0.20885868202571956,0.08526047652974877
73,25.0,0.17892621727009117,0.0729030421519935
73,30.0,0.2177661066976624,0.08897827390246205
73,35.0,0.28743937529727226,0.12266323743578411
73,40.0,0.3007021979071146,0.1290521426606066
73,45.0,0.24331369002968206,0.10148792713987176
73,50.0,0.17879637263533943,0.072575040042545
73,55.0,0.18268162823435596,0.07415861290628778
73,60.0,0.22198541790338078,0.09131827595822706
73,65.0,0.22124564509878752,0.09113954087838749
73,70.0,0.17977717559386597,0.07256836526352883
73,75.0,0.21585100781655553,0.08673988111560949
73,80.0,0.34248227676138876,0.14555168174334754
73,85.0,0.3687103889794403,0.15946918523112952
73,90.0,0.29769657094850166,0.12500769625460784
73,95.0,0.2375124690398771,0.0964206130313815
73,100.0,0.2085822728865444,0.08337869513202456
73,105.0,0.24028322836772031,0.09851648677374181
73,110.0,0.25585209683367127,0.10520101073864097
73,115.0,0.21885552179809076,0.08822575533505095
73,120.0,0.2044857938753819,0.08246276923364959
73,125.0,0.17501331055417002,0.06953870386997552
73,130.0,0.24209878810313323,0.09641183414363097
73,135.0,0.4461287023319098,0.19063080337493699
73,140.0,0.5783312282427364,0.2605335548952835
73,145.0,0.5380753231351367,0.23846229005636532
73,150.0,0.3038050222171039,0.12432933839733562
73,155.0,0.15742772178033193,0.061831447850109966
73,160.0,0.15942083864832313,0.06347865566439059
73,165.0,0.2005220354504813,0.08150971113724281
73,170.0,0.2097606371262567,0.08585713363675729
73,175.0,0.17339701019165266,0.06996366347277816
73,180.0,0.2365176593830597,0.09752772871565352
73,185.0,0.2437157419300514,0.10124489457928232
73,190.0,0.20039179729962608,0.08154241762585912
73,195.0,0.1960866169925889,0.07999343566359618
73,200.0,0.2045486016416077,0.0837487868549528
73,205.0,0.18524263004569108,0.07513829684406548
73,210.0,0.20957234343920472,0.08584598367240903
73,215.0,0.29126150403815987,0.12418637481824946
73,220.0,0.29818327627901786,0.12805264701409214
73,225.0,0.24669268577292647,0.1026220358684905
73,230.0,0.18532720711585038,0.07492062481534678
73,235.0,0.17968933603674098,0.07301522972747099
73,240.0,0.22440283806311234,0.09223971439065837
73,245.0,0.2260948096035862,0.09289779216937977
73,250.0,0.1790128525097857,0.07227541969607865
73,255.0,0.21139354491085605,0.08505949500724452
73,260.0,0.34271443620823494,0.14552450727325816
73,265.0,0.37019982468265655,0.1600225201658233
73,270.0,0.2976158292852845,0.12487827387373707
73,275.0,0.24110060587576854,0.09773238734678946
73,280.0,0.20472300685654898,0.082080513572937
73,285.0,0.23702273340424485,0.09739515335409143
73,290.0,0.2511022594405701,0.10349139461165735
73,295.0,0.21649076995989913,0.08746480389525091
73,300.0,0.20912317298045036,0.08425945715108485
73,305.0,0.1829279235433231,0.07247676825572391
73,310.0,0.24597490482188866,0.09804811655882406
73,315.0,0.43610469622807224,0.18673510599757437
73,320.0,0.5696119937516257,0.2572574273448156
73,325.0,0.529158751317108,0.23504770963865906
73,330.0,0.29780326201486806,0.1222089204604363
73,335.0,0.16075151552079936,0.06297835640453464
73,340.0,0.17041061118391143,0.06753749047779056
73,345.0,0.20145149886868052,0.08195434121024503
73,350.0,0.20979270680465278,0.08591280121889033
73,355.0,0.18331065671683433,0.07355173476813504
74,0.0,0.6976506710572752,0.4313636956017387
74,5.0,0.818219063894444,0.5153905812379125
74,10.0,0.8566873549493821,0.5445417571305835
74,15.0,0.7747602790040267,0.48797586314041264
74,20.0,0.5980222314843386,0.3642046676936018
74,25.0,0.43625514453956316,0.25539349149206636
74,30.0,0.3105984132269485,0.17691554431951972
74,35.0,0.21323921401097878,0.11741691007751065
74,40.0,0.14399081740194475,0.07855756433158378
74,45.0,0.1116174777379304,0.06125953919966398
74,50.0,0.11800973423065786,0.06514937827080403
74,55.0,0.12800691436138756,0.07132508849227504
74,60.0,0.1272446441802162,0.07049271024914461
74,65.0,0.14252187944158512,0.07994705295267424
74,70.0,0.14366522825823003,0.08038213494586388
74,75.0,0.14480013718946427,0.08149840962972443
74,80.0,0.13950776682746924,0.07791152950195357
74,85.0,0.1484876332719265,0.08391641914177261
74,90.0,0.141267534907335,0.07903604408840548
74,95.0,0.14962458249918265,0.08466637418256984
74,100.0,0.14469847426724436,0.08142496382038211
74,105.0,0.1503655108404176,0.08516051262112101
74,110.0,0.14715567849715105,0.0827959807673394
74,115.0,0.14737958539026852,0.08323212785831036
74,120.0,0.14519822448461428,0.08160067116785441
74,125.0,0.14249719777646608,0.0800279342620156
74,130.0,0.13800005801048465,0.0771992257175258
74,135.0,0.13396612861570434,0.07478969143150405
74,140.0,0.12379924219000871,0.06875198802119409
74,145.0,0.11976696737362713,0.06661374851119073
74,150.0,0.12354904982834358,0.06827278323312935
74,155.0,0.1557946894102552,0.08490307486158533
74,160.0,0.2031868897947704,0.11301792077531092
74,165.0,0.2830811632633673,0.1606868934459753
74,170.0,0.4092117988910102,0.23903530299935738
74,175.0,0.566661846139513,0.34418366530717115
74,180.0,0.7088081318868567,0.4389277294969218
74,185.0,0.8243926945769198,0.5197667942956923
74,190.0,0.8428839472324645,0.5347672523521789
74,195.0,0.7692541695351468,0.4844495139081547
74,200.0,0.5946334968682643,0.3621926510117871
74,205.0,0.4225053277526878,0.24763504679415083
74,210.0,0.29127533035722775,0.1667620130121905
74,215.0,0.19636304013356964,0.10882078896503034
74,220.0,0.1370731427786619,0.07500379700780835
74,225.0,0.11231605493469954,0.0615063152818085
74,230.0,0.12097649468338523,0.06661813559094065
74,235.0,0.13133707067139366,0.07300191596657257
74,240.0,0.1300537812407344,0.07187428733213463
74,245.0,0.1445866535632072,0.08097204764942956
74,250.0,0.14421929744525563,0.08064155161924647
74,255.0,0.1461938376841666,0.0822024634021421
74,260.0,0.1407316839107059,0.07840929479944547
74,265.0,0.1503263368365213,0.08484175945922345
74,270.0,0.14247216750304714,0.07958981552640043
74,275.0,0.15159379909258475,0.08567220353304517
74,280.0,0.14607075239328482,0.08209083153899155
74,285.0,0.1523508852270411,0.08616564404505067
74,290.0,0.14763549837538992,0.08303264041594172
74,295.0,0.14991255613328358,0.08449261252315188
74,300.0,0.14637918116910908,0.08215346730295447
74,305.0,0.14561210129652413,0.08158286612684884
74,310.0,0.1412447362940331,0.07878629607583476
74,315.0,0.1364348262579438,0.07599165359792692
74,320.0,0.12884853864201817,0.07122611516354405
74,325.0,0.12342784320061417,0.06840720920390087
74,330.0,0.12238590514551906,0.06747296520593926
74,335.0,0.14282064812013973,0.07832235904171192
74,340.0,0.18195573982124524,0.10201318983324126
74,345.0,0.26834904748865107,0.15299770377448896
74,350.0,0.4050940167108815,0.23624121807263343
74,355.0,0.56213579121839,0.34141257157123006
75,0.0,0.10279520462865888,0.05028657575993656
75,5.0,0.3022129624145148,0.1585214305920275
75,10.0,0.29752824135852296,0.1557985595028727
75,15.0,0.08337797229087063,0.04061457092092158
75,20.0,0.09504001522660244,0.04629923617433418
75,25.0,0.12618329890131552,0.06241461615574784
75,30.0,0.059120172396650794,0.02864200744226386
75,35.0,0.04105838062558287,0.01990841712638247
75,40.0,0.2351215443915099,0.1196291539910288
75,45.0,0.40409335530077295,0.21615008685656634
75,50.0,0.3589773480435,0.189713408901921
75,55.0,0.09710864093694249,0.04740232521492915
75,60.0,0.0644109374671451,0.0311053784221913
75,65.0,0.14452056075906317,0.0716050000330376
75,70.0,0.1475345482390953,0.07324135932379316
75,75.0,0.06667937338195984,0.03225266934726989
75,80.0,0.23723317897281448,0.12083084452663628
75,85.0,0.3366487549256082,0.17707279199134263
75,90.0,0.21347230432137176,0.10762605198890418
75,95.0,0.1062217139466235,0.051334373399144484
75,100.0,0.1841980828107097,0.09116741402580841
75,105.0,0.23592323707005436,0.11949488484761317
75,110.0,0.1599777896019341,0.07841084620567706
75,115.0,0.16624947231420362,0.0816021659042413
75,120.0,0.12236917130377767,0.05919525489792976
75,125.0,0.15207380010696347,0.07523882546514693
75,130.0,0.36768607212214144,0.1934395172393063
75,135.0,0.5504726808486484,0.30045398487684727
75,140.0,0.4799536786984012,0.25857712559143187
75,145.0,0.21056580735542318,0.10610551066194585
75,150.0,0.09089105770369466,0.044278140742235905
75,155.0,0.11222618187234767,0.054694391570651146
75,160.0,0.11719695614616499,0.057021816184331664
75,165.0,0.17661509090684957,0.08865685102443488
75,170.0,0.1894188149018039,0.09526235279305928
75,175.0,0.07591605935709023,0.03672548735937986
75,180.0,0.09592490628834416,0.047006132106606424
75,185.0,0.3011104462702693,0.15783667172629823
75,190.0,0.29824378169542887,0.15631765343153958
75,195.0,0.0886389954412683,0.0430863610228579
75,200.0,0.09377629708235113,0.0458244737421829
75,205.0,0.12616581889633716,0.06240528242596344
75,210.0,0.062327350622545574,0.030155115717130032
75,215.0,0.040504585247994496,0.01963731885957909
75,220.0,0.23502951278106887,0.11958170512428867
75,225.0,0.40310024457457216,0.2156141250921234
75,230.0,0.3594350247769873,0.18986163292832625
75,235.0,0.0953270943392911,0.0465199527346839
75,240.0,0.06623381015623975,0.03200722721904825
75,245.0,0.14390098264511209,0.07136007652121878
75,250.0,0.14785779667790067,0.07336880295258263
75,255.0,0.06685909171283477,0.03233995893785224
75,260.0,0.23765503774978924,0.12099175435158205
75,265.0,0.3367182443421901,0.17710600371417773
75,270.0,0.21438965589744297,0.10798532653261783
75,275.0,0.10576491581862724,0.05113752391593274
75,280.0,0.1825150110234668,0.09036427727807583
75,285.0,0.23617205929199403,0.11963445584574084
75,290.0,0.16297184706060353,0.07975766404846729
75,295.0,0.1672889469326152,0.0820502215985901
75,300.0,0.12164436731347816,0.05884023698186169
75,305.0,0.14954253757703773,0.07412827199491334
75,310.0,0.36846324235588324,0.1938576270581972
75,315.0,0.5495126951435656,0.2998823080876468
75,320.0,0.48277950360144406,0.26007912459410265
75,325.0,0.21059434457373583,0.1061189893361778
75,330.0,0.08725695231666619,0.04249944397743388
75,335.0,0.11236781902260684,0.05468776575252787
75,340.0,0.11828881098171995,0.05755993219281663
75,345.0,0.17917425389260622,0.089741281062368
75,350.0,0.18879474379326167,0.09502453902248131
75,355.0,0.06796100730266486,0.03290798958793639
76,0.0,0.6135522458026438,0.4557229706030407
76,5.0,0.5272312182167707,0.3871657502220056
76,10.0,0.39612498461127443,0.2820989184223057
76,15.0,0.2809306778466777,0.1966614925017245
76,20.0,0.20658330107752876,0.14554925045801737
76,25.0,0.17795975094016347,0.13079552015613893
76,30.0,0.16594569915869217,0.1222581333488888
76,35.0,0.12038164139481156,0.085847625868263
76,40.0,0.07724717434307238,0.05304319403695901
76,45.0,0.03717382377955203,0.024883813960514423
76,50.0,0.02265536972303628,0.015208999999556161
76,55.0,0.025475047194435052,0.01713034545294334
76,60.0,0.029012832461747462,0.019574414965347953
76,65.0,0.03161790190835023,0.021363187378584225
76,70.0,0.027522432678807496,0.018519384126016503
76,75.0,0.03309358082201652,0.022227892596297538
76,80.0,0.03440644992650144,0.023162928438303143
76,85.0,0.03230150506517837,0.02172012565485626
76,90.0,0.03802601223238822,0.025602736649026347
76,95.0,0.04183460265362071,0.028059652367544263
76,100.0,0.0445641196252583,0.029903569403154306
76,105.0,0.0433964959180827,0.029137979860372698
76,110.0,0.044887219447724,0.03009604409809674
76,115.0,0.0496319554411897,0.03330237308016337
76,120.0,0.048457780534667094,0.03248269081138
76,125.0,0.04628495535066157,0.031026986057067774
76,130.0,0.04507182573775159,0.03021486435129972
76,135.0,0.04402853269987472,0.02948351990493514
76,140.0,0.0409805536656207,0.027453720948976912
76,145.0,0.03502557442951748,0.023487746344634353
76,150.0,0.02906512583485643,0.01948909620940753
76,155.0,0.049420609059474874,0.033094115554483605
76,160.0,0.1357482273070293,0.09282742926957666
76,165.0,0.2789622656439257,0.1958544784182905
76,170.0,0.44912648111628073,0.32774300459536976
76,175.0,0.5813613289971948,0.42911361297908657
76,180.0,0.631269065814134,0.4678376489147529
76,185.0,0.554937225539466,0.4056494126661666
76,190.0,0.4030624911389571,0.28638292174044255
76,195.0,0.2644280427501178,0.18571823598839332
76,200.0,0.18618435699501268,0.13161885481213775
76,205.0,0.17336917494363135,0.12756502822130344
76,210.0,0.17184203488004812,0.12621559866691978
76,215.0,0.12479691110885971,0.08876305611347635
76,220.0,0.08133653338281754,0.05569741553143459
76,225.0,0.03915162436352171,0.02614553613130588
76,230.0,0.025058179888319376,0.016771011708907713
76,235.0,0.028038140272966028,0.018816920567375828
76,240.0,0.030425048506548924,0.02051540876118063
76,245.0,0.03252251467842382,0.021974337727992288
76,250.0,0.02765437133033155,0.018617567204767926
76,255.0,0.03321612767949378,0.022319827419199134
76,260.0,0.03441875817979356,0.0232026281495058
76,265.0,0.03209096507927833,0.021603093728321476
76,270.0,0.03801815754232807,0.025635211785093537
76,275.0,0.04082827419732438,0.027454232130854628
76,280.0,0.044284768814921716,0.029784021730429155
76,285.0,0.042160952602758206,0.028378266057252688
76,290.0,0.043353133698566526,0.029100371893693633
76,295.0,0.04798142224052793,0.03223109495475818
76,300.0,0.045694801599248436,0.030667722888973348
76,305.0,0.04467623888067518,0.029959146352052324
76,310.0,0.04359043293966458,0.029191215854521224
76,315.0,0.04161297329711233,0.027849900241247005
76,320.0,0.03805894982442648,0.025428101516588586
76,325.0,0.032666126968417974,0.021853208755985176
76,330.0,0.027611280475572486,0.018500882136324504
76,335.0,0.05590293557578918,0.037467384612037136
76,340.0,0.1345785434126281,0.09203381755902518
76,345.0,0.2765678659195927,0.19428771896620423
76,350.0,0.4475312355564979,0.3265736738814994
76,355.0,0.5762570817603561,0.4256324600081819
77,0.0,0.16874465333501398,0.12397120346689394
77,5.0,0.1469071875548409,0.10769183170017083
77,10.0,0.18703799339178084,0.1390975069496918
77,15.0,0.1528388900298313,0.1129948681134032
77,20.0,0.14948679101574947,0.11068641961954384
77,25.0,0.1657536769924085,0.12395395531974551
77,30.0,0.12962669344629518,0.09566893504862362
77,35.0,0.12404288554263854,0.09183538312316564
77,40.0,0.16557651460111344,0.12472337937578837
77,45.0,0.14723073858235347,0.1094910073621499
77,50.0,0.09540122698744269,0.07052423480317627
77,55.0,0.13384868881520895,0.09984227090386266
77,60.0,0.147714911943842,0.10966796956634328
77,65.0,0.08935513622391156,0.06569322182445025
77,70.0,0.12663646960410746,0.09346568495037422
77,75.0,0.10038602360359739,0.07411233109709969
77,80.0,0.10633865845351576,0.07826706757685087
77,85.0,0.09674131713945722,0.07073839467672594
77,90.0,0.08086082879498135,0.058905790523431256
77,95.0,0.07079716054823249,0.05178547267947764
77,100.0,0.06212157903915516,0.045185369418510146
77,105.0,0.04827336803299165,0.03534458439061583
77,110.0,0.03701471531393874,0.027551006621332697
77,115.0,0.16217397045350856,0.11869603547341101
77,120.0,0.3807881185890637,0.2929593413500037
77,125.0,0.6320199212560498,0.5030516188648448
77,130.0,0.6927823134691706,0.5548410762378072
77,135.0,0.5681307177123065,0.44813566274274674
77,140.0,0.3221705441098538,0.24583762295349287
77,145.0,0.11939352397373659,0.08689611404300546
77,150.0,0.07230962695204524,0.052655378539359976
77,155.0,0.10272166598956445,0.07527563002912396
77,160.0,0.12922496585996623,0.09475533129500913
77,165.0,0.1410282539237836,0.10353827561811879
77,170.0,0.1598705027070394,0.11699066759825771
77,175.0,0.16179582560786776,0.11849757492934399
77,180.0,0.17033264662108605,0.12508105431337246
77,185.0,0.1472934700073113,0.10807426403335141
77,190.0,0.19001317628667824,0.14084037809634387
77,195.0,0.14773650848274777,0.10953421758716486
77,200.0,0.15548223915820347,0.11477857722098683
77,205.0,0.16520479210573003,0.12370432075673488
77,210.0,0.12657783884259333,0.09360665274547597
77,215.0,0.1266022280180379,0.09365029362100374
77,220.0,0.16490531548340415,0.1241993028123426
77,225.0,0.14137612325157667,0.10564317380376698
77,230.0,0.09827096159143389,0.07260591692717855
77,235.0,0.13603678279048403,0.10143583058753691
77,240.0,0.14318377646989155,0.10645006668497681
77,245.0,0.09590345215311624,0.07033878031603036
77,250.0,0.12586626591881211,0.09292270106801725
77,255.0,0.10125693582312412,0.07472366048431378
77,260.0,0.10770701395929638,0.07929859636893255
77,265.0,0.09573879148725828,0.07003477432629568
77,270.0,0.08223707055275797,0.059826645630015385
77,275.0,0.07198812427111367,0.05261843097826613
77,280.0,0.06270495581363722,0.04573430408386836
77,285.0,0.04855120784100786,0.035604645509814126
77,290.0,0.03508081641908867,0.026216335354964815
77,295.0,0.16365990281776666,0.11975435863904249
77,300.0,0.3835217872499709,0.2949089457234968
77,305.0,0.6318161021489084,0.5029211027305108
77,310.0,0.6926426230594162,0.5547384726298186
77,315.0,0.5692165322360416,0.44893900641382434
77,320.0,0.3246783365994639,0.24761333022400123
77,325.0,0.1206331927195079,0.08781685678750062
77,330.0,0.06942009002900085,0.05060803145006687
77,335.0,0.10289521258257539,0.07541448749683088
77,340.0,0.12768107101530213,0.09358081320785527
77,345.0,0.13976270584071437,0.10246723296032223
77,350.0,0.15649191674839913,0.11463932448800906
77,355.0,0.15949624711078159,0.11671037882157831
78,0.0,0.7397156785284071,0.5337591591225681
78,5.0,0.6588601106532093,0.4706990055998118
78,10.0,0.4144718193643552,0.2851079183254661
78,15.0,0.20936587168378507,0.13869823873819043
78,20.0,0.11321277539382357,0.07306017581457158
78,25.0,0.10272566400376737,0.06679351743662698
78,30.0,0.12814025161174425,0.08400477803407402
78,35.0,0.1522235716577086,0.10046886037671776
78,40.0,0.176860519165839,0.11792531635142145
78,45.0,0.18027409513506576,0.12028682141808356
78,50.0,0.20121912976341072,0.1353360441420205
78,55.0,0.2248588905832668,0.15151953583741973
78,60.0,0.21595771220972126,0.1448891927265259
78,65.0,0.2190606044883323,0.1468760171519512
78,70.0,0.2409066347447404,0.16248124445483259
78,75.0,0.26202526530322645,0.1769450611243195
78,80.0,0.2518637701979931,0.1697137738254988
78,85.0,0.24799480931808637,0.16631627201668642
78,90.0,0.25550412785832544,0.17243514804098037
78,95.0,0.2673496220433874,0.18056679395455089
78,100.0,0.24691419110168744,0.16660119468679824
78,105.0,0.22800780832443923,0.15308489366926792
78,110.0,0.22075006833451805,0.14826378190775902
78,115.0,0.22891851014197562,0.15420779512435678
78,120.0,0.22202964783947687,0.14951376049205067
78,125.0,0.19698928892539302,0.13258497302324568
78,130.0,0.18465434695707805,0.12345637913479623
78,135.0,0.18504118787710522,0.12412921414436284
78,140.0,0.1653106623252708,0.10988079680482432
78,145.0,0.14689813292806875,0.09686918098598929
78,150.0,0.1273907225651243,0.08354393785744119
78,155.0,0.09940336244830517,0.06463560308994676
78,160.0,0.1106048278104611,0.0714402688168635
78,165.0,0.20156396358817286,0.13360452962406144
78,170.0,0.4063788849002866,0.27922966379619185
78,175.0,0.6490163321916733,0.462949604585439
78,180.0,0.7396878086168615,0.5337301357056561
78,185.0,0.6586243398120164,0.47048259049861485
78,190.0,0.4144441613023435,0.28505274026659444
78,195.0,0.20636642206348843,0.1367761002225849
78,200.0,0.10837005401611965,0.07014462920409825
78,205.0,0.10315958741721054,0.0669436984659113
78,210.0,0.13131682513721343,0.08589228478836997
78,215.0,0.158921515953937,0.10445902356450287
78,220.0,0.18110138575271062,0.1203855513403207
78,225.0,0.18389209713758614,0.12257183151816364
78,230.0,0.20636256882778148,0.13867056256530785
78,235.0,0.22461624638063804,0.1514550299972761
78,240.0,0.21517093138774845,0.14440428064130384
78,245.0,0.22481995324379256,0.15080135016995777
78,250.0,0.24709571175075873,0.1666761899982171
78,255.0,0.25534793691460456,0.172795826233467
78,260.0,0.2519162209734517,0.16976378748473886
78,265.0,0.2521829269554875,0.16876454030206467
78,270.0,0.25795746883786763,0.1740588815971542
78,275.0,0.26143453818829165,0.1767422620114647
78,280.0,0.2517930809447144,0.16982996456004917
78,285.0,0.2305370896547123,0.15508094524488014
78,290.0,0.22068332540661595,0.14816868428621677
78,295.0,0.22389051409282035,0.150918005477097
78,300.0,0.223198697037719,0.1502776569127895
78,305.0,0.20279333341559302,0.13614831607488842
78,310.0,0.18695540664675547,0.1248251522478031
78,315.0,0.18869228203165167,0.12623206964704403
78,320.0,0.1703258457524619,0.1129324860200992
78,325.0,0.14962974475220103,0.0985244100370809
78,330.0,0.13042603315420354,0.08548422642458708
78,335.0,0.10046952515033236,0.06524185299744967
78,340.0,0.10505543835192144,0.06800247845505647
78,345.0,0.20017566310386203,0.13267766099676548
78,350.0,0.4063654594264169,0.2792184896225717
78,355.0,0.6486760986211179,0.4627497097774006
79,0.0,0.5953891030456264,0.41082850620343614
79,5.0,0.42760197666864397,0.2855560681779554
79,10.0,0.2415086669084454,0.15333447229793773
79,15.0,0.10307833588558613,0.06384347167801108
79,20.0,0.10562078137146536,0.06589393525738851
79,25.0,0.13050874050385475,0.08140196633109276
79,30.0,0.15061842501320244,0.09422469839027703
79,35.0,0.1694901767093009,0.10637078103362863
79,40.0,0.16813601989712224,0.10490024393135455
79,45.0,0.1935367920355714,0.12158537714326911
79,50.0,0.22232828003873017,0.14213592212553905
79,55.0,0.19494021042443688,0.12375731550855285
79,60.0,0.17248116121529333,0.10902307503137809
79,65.0,0.15987717073719865,0.10051127746223609
79,70.0,0.1924007486923398,0.12278896728446398
79,75.0,0.19027174229418353,0.12166890951497566
79,80.0,0.12486086050069056,0.07796877517318246
79,85.0,0.1437202661951874,0.09115930433455455
79,90.0,0.156470912208459,0.10005456300497928
79,95.0,0.15475960085221596,0.09926499855375892
79,100.0,0.14542073070082928,0.09306948783288493
79,105.0,0.15476442909535892,0.09758667951424482
79,110.0,0.11468645609388284,0.0728148259191107
79,115.0,0.1289195027729717,0.08205024561930674
79,120.0,0.147592890702262,0.09413418137743013
79,125.0,0.12304896947023991,0.07772769721537032
79,130.0,0.10126903418579425,0.06371160492828776
79,135.0,0.11770131066800593,0.07425498366506023
79,140.0,0.11221364033069281,0.07082169330912258
79,145.0,0.09750052734933967,0.061327219636201025
79,150.0,0.0856925343706113,0.05380156062201924
79,155.0,0.07586015149780545,0.04751662973569093
79,160.0,0.07852065074584014,0.049080194703009394
79,165.0,0.19834544834366197,0.1246432768630491
79,170.0,0.3830404411811835,0.25332136767142277
79,175.0,0.5961395290585529,0.41093452205784387
79,180.0,0.5973531848049949,0.41215937965913896
79,185.0,0.4305967993351918,0.28734485720913516
79,190.0,0.24257517643122695,0.15375720993924036
79,195.0,0.09749038763772744,0.06062582222167079
79,200.0,0.09916464594329533,0.06206419071941671
79,205.0,0.1257389715105769,0.07864421626998663
79,210.0,0.14613095422510491,0.09157824724962282
79,215.0,0.16851024732257458,0.1058679370251665
79,220.0,0.1681204291419539,0.10485110210752457
79,225.0,0.1883218149003194,0.11884151258448372
79,230.0,0.22234459157981112,0.14202485280316735
79,235.0,0.18782860323030826,0.11944488181108925
79,240.0,0.17137774364788072,0.10833986029894149
79,245.0,0.16029234127975622,0.10083213714151329
79,250.0,0.18723947381503359,0.12000988916681765
79,255.0,0.1963690858842153,0.12516292142862617
79,260.0,0.13031981534798087,0.08134804102414062
79,265.0,0.13135056615317708,0.08383993659874012
79,270.0,0.15777081310981533,0.10046159487475403
79,275.0,0.16697570374683368,0.10637401159269322
79,280.0,0.1400524241278297,0.089897338080003
79,285.0,0.1521218446943725,0.0959868677719159
79,290.0,0.11783105138124861,0.07449841718907302
79,295.0,0.12864627825582697,0.08183568973114197
79,300.0,0.14587400506592674,0.09316894266108999
79,305.0,0.12142798308229519,0.07684422985224915
79,310.0,0.10431956902564488,0.06544785558107558
79,315.0,0.1161970191109235,0.07325767496798763
79,320.0,0.11218843584049742,0.07073081699331407
79,325.0,0.09340478280209041,0.05889592016462686
79,330.0,0.08173226598559202,0.05142685083277643
79,335.0,0.07165476987665587,0.0451255095687364
79,340.0,0.06815599063303157,0.04308039819545817
79,345.0,0.20074729827427962,0.12596697339883312
79,350.0,0.3896443610063153,0.2573685327823646
79,355.0,0.5935245029912263,0.40918890034125877
80,0.0,0.1953654039947086,0.07780045027414184
80,5.0,0.2111563029194412,0.08474217302277143
80,10.0,0.20055689785652397,0.08047768154967239
80,15.0,0.19901083506547923,0.07991010869995008
80,20.0,0.20086596612893914,0.0808886718595333
80,25.0,0.2093395508761805,0.08500687900849513
80,30.0,0.24381687905858151,0.09982853095026967
80,35.0,0.258162002353287,0.10699299152147224
80,40.0,0.23452116647594334,0.09662716300103891
80,45.0,0.22197545643553596,0.08992380223741847
80,50.0,0.18559007777853043,0.07387586658661038
80,55.0,0.14780787549648966,0.05884852102346805
80,60.0,0.13902246421024977,0.054659773274172485
80,65.0,0.1575417965610234,0.06274817080445227
80,70.0,0.17104992446871603,0.0680410111915174
80,75.0,0.17076787026122175,0.06836965069689271
80,80.0,0.19419441379494118,0.07872684831109467
80,85.0,0.2422775116276602,0.10026429455638664
80,90.0,0.29087213017328806,0.12013435326747424
80,95.0,0.25613929185751205,0.10498110182857123
80,100.0,0.18279135894203713,0.07388533858951718
80,105.0,0.1471639524375209,0.05798631612556204
80,110.0,0.12654595085082498,0.04907675787012722
80,115.0,0.14753059123066603,0.05778845418610579
80,120.0,0.20251609806809934,0.08095117448936318
80,125.0,0.20474820109563696,0.08212695782377422
80,130.0,0.19079893489137367,0.07507582057302364
80,135.0,0.15413355032482,0.0604738705870681
80,140.0,0.15517627400420686,0.0609886746436501
80,145.0,0.23182540248987715,0.0928979368436349
80,150.0,0.3231564423094553,0.13405325035829818
80,155.0,0.32248179667469357,0.13342580707493545
80,160.0,0.2373554397825396,0.09527057274790496
80,165.0,0.17818937960727765,0.07043528795318876
80,170.0,0.17034211419679435,0.06699877590305758
80,175.0,0.17285682210211517,0.0681619744516625
80,180.0,0.1972737898670366,0.07849573480034033
80,185.0,0.20343523707358446,0.08193091126150798
80,190.0,0.2060347264464779,0.0823504645307579
80,195.0,0.1965896605572588,0.07901781838775013
80,200.0,0.20264709366914102,0.08165481388463958
80,205.0,0.20006246281330708,0.08157762220239773
80,210.0,0.24059701042828419,0.09885975452509732
80,215.0,0.26278143717083724,0.10864956182548724
80,220.0,0.24560915371531244,0.10076874886706133
80,225.0,0.21542332631024463,0.08740479909355936
80,230.0,0.18517637973969825,0.0738717120886555
80,235.0,0.1455882709582631,0.058174408633327124
80,240.0,0.14086190173898294,0.05546200314675742
80,245.0,0.15997780959338803,0.06359950064897557
80,250.0,0.16875056362281715,0.06729716995073898
80,255.0,0.16379835237209506,0.06579153460797182
80,260.0,0.18555811692686885,0.07551735098020151
80,265.0,0.25180765594159105,0.10415084577524802
80,270.0,0.28987412835671567,0.11973991384233063
80,275.0,0.25556190189393224,0.10488466119003925
80,280.0,0.18076052160253553,0.07327090038688078
80,285.0,0.14695170690596515,0.05802524635480666
80,290.0,0.13558978497120389,0.05228532133975705
80,295.0,0.1535279256055675,0.05997126595820679
80,300.0,0.1980400850042746,0.07938892676287546
80,305.0,0.20333621058419482,0.0815192185415754
80,310.0,0.18234723621924442,0.07217212846278731
80,315.0,0.15049784673083066,0.05920556869925597
80,320.0,0.15741765461018586,0.06180401137050495
80,325.0,0.23606829696360143,0.09441122325794715
80,330.0,0.3253126521365538,0.13470512009697921
80,335.0,0.3300143249475501,0.13620070622163327
80,340.0,0.23394817122822043,0.09405173870257433
80,345.0,0.18028950144370237,0.07120399604273986
80,350.0,0.1668255055907275,0.0655829271588605
80,355.0,0.17927416066110313,0.07039106078863522
81,0.0,0.2455571774185159,0.1129266096102165
81,5.0,0.2518622020822173,0.117073307187475
81,10.0,0.25411208083619696,0.11878640114663974
81,15.0,0.2501914261673428,0.1169944923889179
81,20.0,0.24569542780208475,0.11376155155297318
81,25.0,0.2506565827392122,0.11566437531402762
81,30.0,0.2473379763622554,0.11352366559563576
81,35.0,0.21439096330746077,0.09729750648647095
81,40.0,0.22997614704780311,0.10477806412965651
81,45.0,0.23294918566563094,0.10615805931921118
81,50.0,0.20839968241067197,0.09484841583726067
81,55.0,0.25785728320364554,0.11837659395641853
81,60.0,0.2839256392894983,0.1317984389466016
81,65.0,0.24402862059397235,0.11203156234725598
81,70.0,0.2089903246578828,0.09467319851545986
81,75.0,0.25612710301349473,0.11725796362020735
81,80.0,0.3029460812870023,0.142035961813477
81,85.0,0.31431489346809394,0.14768938036408663
81,90.0,0.2653974465786335,0.1229044164938381
81,95.0,0.25193756208213625,0.11517031137363476
81,100.0,0.219393643764619,0.10004582432121989
81,105.0,0.21669387448619326,0.09948827567012375
81,110.0,0.23982604680061748,0.11169839604759513
81,115.0,0.26583307587498706,0.12465275723946512
81,120.0,0.2832528057175988,0.13233100627817662
81,125.0,0.29137698484449503,0.13773115510728395
81,130.0,0.3184251340475164,0.1520987310786821
81,135.0,0.32330224968189014,0.1533441816849046
81,140.0,0.3492372468771593,0.1632873913769184
81,145.0,0.39269405387993084,0.1844777914038841
81,150.0,0.4318688698277344,0.2076255440091055
81,155.0,0.4612913577020882,0.228401862104323
81,160.0,0.45056437994091003,0.2227180467206934
81,165.0,0.4005664118271639,0.19288234836292872
81,170.0,0.32638359174818177,0.1535663654696432
81,175.0,0.2660142868495756,0.12187251587592718
81,180.0,0.2633055124873126,0.12042057640071169
81,185.0,0.2591508365986621,0.12010208441097925
81,190.0,0.2467177320530456,0.11538906278496941
81,195.0,0.2510016388887175,0.11722423689844619
81,200.0,0.2558205839391615,0.11815978304401453
81,205.0,0.25042198936776483,0.11556939752633233
81,210.0,0.24402426115160603,0.11198752276877355
81,215.0,0.22253587387375406,0.10093819588827913
81,220.0,0.22364202740064498,0.10227539591820178
81,225.0,0.2166156568598231,0.09960074101194027
81,230.0,0.2180001467562236,0.09882049086809608
81,235.0,0.25556063070810153,0.11772544727116963
81,240.0,0.28083876437321176,0.13056557522527623
81,245.0,0.23960045325062618,0.11012958260465311
81,250.0,0.20810094197997686,0.09433740114724243
81,255.0,0.25431986811287977,0.11677854464877746
81,260.0,0.304142145241585,0.14250352752293616
81,265.0,0.3022552830986369,0.14274513548774237
81,270.0,0.27022464291248616,0.1252257884641197
81,275.0,0.24784968699489263,0.11354880449637117
81,280.0,0.2190217080528739,0.10010932281144824
81,285.0,0.21797046585527258,0.10025196924204849
81,290.0,0.24503082480091587,0.1136414878807731
81,295.0,0.28063599445675924,0.1308788348277482
81,300.0,0.29615391648539613,0.13803481458747568
81,305.0,0.3048305599961805,0.14365995004580745
81,310.0,0.3274681165326583,0.15600614991635475
81,315.0,0.32266140616260364,0.15284546604168037
81,320.0,0.345984776916464,0.16226241304878308
81,325.0,0.386466486901866,0.18235894324830026
81,330.0,0.42897908610737545,0.2067770904684031
81,335.0,0.46165119652377473,0.22839345711813996
81,340.0,0.4540990654355801,0.2236031725598504
81,345.0,0.4090675492322208,0.1961606352392895
81,350.0,0.3497660872643298,0.16338146300282297
81,355.0,0.2726770494340258,0.1247105105839833
82,0.0,0.7769882381276799,0.5139180851062299
82,5.0,0.708408245515766,0.46282897923284927
82,10.0,0.43655535610784035,0.2701311044678739
82,15.0,0.23590188610106655,0.13815799381446636
82,20.0,0.12523749487715352,0.07213293496921858
82,25.0,0.11602586595466924,0.06742689964014126
82,30.0,0.13747716213090533,0.08074568935024196
82,35.0,0.15223098321031214,0.0899014837015244
82,40.0,0.15644404859805294,0.09288432628021503
82,45.0,0.15617888008043646,0.09250552247986388
82,50.0,0.18015952978264294,0.10854667200830725
82,55.0,0.15585127306041135,0.09280285324247517
82,60.0,0.17032311251857934,0.10192801864184553
82,65.0,0.19608781299238054,0.11899092570833392
82,70.0,0.165180530159599,0.09925091122754715
82,75.0,0.14844663474580333,0.08885423248231572
82,80.0,0.18391968453345964,0.11073434705556384
82,85.0,0.19423695680508068,0.11816822962195428
82,90.0,0.17622827565584787,0.1065443169555006
82,95.0,0.12404070494860575,0.07417231919685607
82,100.0,0.15328573275073498,0.09165746588925838
82,105.0,0.17760437280404096,0.10769689920714898
82,110.0,0.19370692870998696,0.11780885528324492
82,115.0,0.15791322129267515,0.09435881260491363
82,120.0,0.14750283626377503,0.08802356478892437
82,125.0,0.16605282609721528,0.09980664278798312
82,130.0,0.17226916398973247,0.10339230943393407
82,135.0,0.1532899876165198,0.09135230306706699
82,140.0,0.1587495313403321,0.09425441261979384
82,145.0,0.14671699689135376,0.08638567553243204
82,150.0,0.13128820500807636,0.07667276795833577
82,155.0,0.11796345770843408,0.06840942199093314
82,160.0,0.11135306874634843,0.06411721030657525
82,165.0,0.18542494192532166,0.10767442813674577
82,170.0,0.3670053615000304,0.22459543892942269
82,175.0,0.6265681574999984,0.4024589505853733
82,180.0,0.7730327749119008,0.5110822314535655
82,185.0,0.7068155798377755,0.46182194782408925
82,190.0,0.43432852269778044,0.26879232898357386
82,195.0,0.22224403635473322,0.13094174857691232
82,200.0,0.11409715398394882,0.06583155434982646
82,205.0,0.12117254885714823,0.07024191737994867
82,210.0,0.1429801088013931,0.08367583679817547
82,215.0,0.15606152733342005,0.09188401514657851
82,220.0,0.16452426075388926,0.09721580609077018
82,225.0,0.15446033835990247,0.09152467280103704
82,230.0,0.1824282971764647,0.10984565144970482
82,235.0,0.15915015489392703,0.0945760090902964
82,240.0,0.1681686472127364,0.10075371101200048
82,245.0,0.19814887260482628,0.12008139397048223
82,250.0,0.17074035944274546,0.10219287301153912
82,255.0,0.14567688349843388,0.08722489639599051
82,260.0,0.18060582144700588,0.108857137986901
82,265.0,0.19756600622849896,0.1201071044364026
82,270.0,0.18346725988313028,0.11051505868839717
82,275.0,0.12043555767400416,0.07224072772690471
82,280.0,0.14888155535507952,0.08909315952674446
82,285.0,0.1780377284736896,0.10805322983324483
82,290.0,0.2015338544480323,0.12211657266160292
82,295.0,0.15290468168343885,0.09173590933233433
82,300.0,0.1488047938022683,0.08859350978903269
82,305.0,0.1683767927435612,0.10118664421046553
82,310.0,0.17122532340385554,0.10281141179970321
82,315.0,0.15649134485624738,0.09300780258500774
82,320.0,0.16155904284755784,0.09572854140694365
82,325.0,0.14531637847989431,0.085609052967061
82,330.0,0.13206023626854546,0.07712172299663889
82,335.0,0.11643727223628719,0.06759184887782144
82,340.0,0.10840466546429495,0.06248963634501059
82,345.0,0.19085268385906695,0.11056188040059123
82,350.0,0.36880107900925385,0.225707331837541
82,355.0,0.6274785938698352,0.40299944646003094
83,0.0,0.4622481528776433,0.24422924651405875
83,5.0,0.458653884629745,0.243077009410394
83,10.0,0.46059506544634043,0.24222147714984077
83,15.0,0.5164024659079008,0.2750596148942016
83,20.0,0.6130249957462641,0.3357482397637075
83,25.0,0.6112565781893755,0.3344480990300157
83,30.0,0.5111096808411775,0.27148843392710187
83,35.0,0.46675451338826435,0.24579085617672147
83,40.0,0.4573364037279545,0.24165097398103186
83,45.0,0.4703441684963826,0.24907212181219673
83,50.0,0.4678606021859505,0.24467734213544112
83,55.0,0.5224729019382023,0.2755809725493822
83,60.0,0.6335125161883698,0.34381631585466665
83,65.0,0.7644501859181441,0.4296194409472641
83,70.0,0.7609353796320453,0.427284240835617
83,75.0,0.6312638356611822,0.3426864945358601
83,80.0,0.5159234119582643,0.27140309243210803
83,85.0,0.4571444200064896,0.2386178584113271
83,90.0,0.46035354404358797,0.24304871701600816
83,95.0,0.43701326182069844,0.23058391628143382
83,100.0,0.4425108097727324,0.2319218021708388
83,105.0,0.501368171439331,0.2662686070273851
83,110.0,0.6000431209625557,0.3284209646370494
83,115.0,0.5943897356593882,0.32473411196651925
83,120.0,0.48021590855310525,0.2536718304902046
83,125.0,0.4415068655057083,0.23157435722390407
83,130.0,0.41889928383238195,0.22056855043746237
83,135.0,0.433627460624635,0.22768140977126494
83,140.0,0.43749616172903805,0.2279878960996088
83,145.0,0.5039708053434154,0.2657574380443376
83,150.0,0.6287818708178945,0.343269275699429
83,155.0,0.7261001264580562,0.407194443830346
83,160.0,0.7105333247761718,0.39705082828198157
83,165.0,0.5804387441941485,0.31248871010987866
83,170.0,0.48364989069139896,0.254089398268577
83,175.0,0.44148547677382577,0.23073619106941434
83,180.0,0.4563344560383745,0.24153046272964085
83,185.0,0.4642199884069137,0.24558075896429388
83,190.0,0.46777461619713545,0.2456260005082408
83,195.0,0.526363551289269,0.27984717779260393
83,200.0,0.6170861148443761,0.3380837101214108
83,205.0,0.609525506290072,0.3335696134754649
83,210.0,0.5036859468116593,0.26757598648508185
83,215.0,0.4616567240191236,0.24308450060157327
83,220.0,0.4525048228145797,0.2395583810528945
83,225.0,0.4755185202031401,0.25114243256714364
83,230.0,0.4710899873316655,0.24636017277539024
83,235.0,0.5265532290535384,0.277499020561638
83,240.0,0.6350342578393954,0.34463208280337376
83,245.0,0.7652962793236253,0.4301557954085651
83,250.0,0.7621664066271919,0.42815642352415395
83,255.0,0.6320454275347444,0.34303650798466157
83,260.0,0.515318032951577,0.2711637786136517
83,265.0,0.4568039631706976,0.2384521655164683
83,270.0,0.4584208784934759,0.24217099092877137
83,275.0,0.4349613989383371,0.22953726050589496
83,280.0,0.4432459926025185,0.23233054470554504
83,285.0,0.5006572866359064,0.26579882392070786
83,290.0,0.5996192191011478,0.328185799759367
83,295.0,0.5959191652186714,0.32548075002742205
83,300.0,0.4855742746755145,0.2562492187547608
83,305.0,0.4441705375606748,0.23281089105314567
83,310.0,0.4180020693339275,0.2201990176961578
83,315.0,0.4326938445246491,0.2273326243633944
83,320.0,0.43764914720964065,0.2282015807723724
83,325.0,0.5033553055848581,0.2654679240690826
83,330.0,0.6270919720122412,0.3423802226980964
83,335.0,0.724826346357385,0.4064152179557884
83,340.0,0.7114712268242963,0.3976105672034339
83,345.0,0.5823643080305054,0.313647575624758
83,350.0,0.4894765419239968,0.2569150168056863
83,355.0,0.4506846186279275,0.2351278909813168
84,0.0,0.40651620849446446,0.21793309331415855
84,5.0,0.3685650522387416,0.19448340227561955
84,10.0,0.23271900636027898,0.11834688779464952
84,15.0,0.2022303461642102,0.10289560075570214
84,20.0,0.21713030526277888,0.11093970183395496
84,25.0,0.2715421650394729,0.14250164385596298
84,30.0,0.30989740244635156,0.1664653803100158
84,35.0,0.3050978619903376,0.1644460782832734
84,40.0,0.2625280823319308,0.1373024544497361
84,45.0,0.1931103460367498,0.09772386820363466
84,50.0,0.16711589570129315,0.08536277369332312
84,55.0,0.15463199675501316,0.07917774491590934
84,60.0,0.13770146256769555,0.06882114102512349
84,65.0,0.1854295898920617,0.0958290111465605
84,70.0,0.26171741243690405,0.14082421804802492
84,75.0,0.2629418175427952,0.142313343448224
84,80.0,0.23419632273657265,0.12394311743407271
84,85.0,0.17107967766866194,0.0872086393088245
84,90.0,0.163711999849801,0.0837353388160974
84,95.0,0.20784685089271848,0.1085295650971626
84,100.0,0.1974158512969474,0.10376083863949581
84,105.0,0.16589188528637833,0.08609874318723498
84,110.0,0.1538838695085859,0.07921744296796351
84,115.0,0.15785021874522143,0.08106553630984659
84,120.0,0.1696506894597366,0.0854139797091914
84,125.0,0.21641570546147648,0.11158408553996446
84,130.0,0.34045950262693125,0.18194028591042644
84,135.0,0.4771319886746346,0.26699417704973505
84,140.0,0.48934120375720047,0.27309319127806875
84,145.0,0.3362012058559073,0.17928985305868894
84,150.0,0.24492437468254646,0.1262835102989528
84,155.0,0.227727929187165,0.1164682854364747
84,160.0,0.23264905865376806,0.11906555773064686
84,165.0,0.24113961926273852,0.12458641942873727
84,170.0,0.25924275599988955,0.1332121247420759
84,175.0,0.3398932318371358,0.17795083328518568
84,180.0,0.4100304513515597,0.22023716241513658
84,185.0,0.3733894104888775,0.1968714470048749
84,190.0,0.2370256953510107,0.12027680331006319
84,195.0,0.19142931405759367,0.09819708897599522
84,200.0,0.21598378338611224,0.10993468414221941
84,205.0,0.28152812361983004,0.1475843000255076
84,210.0,0.31790215333955785,0.17065319022327996
84,215.0,0.3227128447175035,0.1733716190661737
84,220.0,0.269539099623585,0.14099227662202607
84,225.0,0.1842159290078096,0.09304571257899075
84,230.0,0.153160845038684,0.07891598691733048
84,235.0,0.14745796445311254,0.07600382591711508
84,240.0,0.13252890149001095,0.06653642552664052
84,245.0,0.1858979420811897,0.0963127550922821
84,250.0,0.2670845150695893,0.14367821044229878
84,255.0,0.2711510596194301,0.146326462738821
84,260.0,0.23112479784299422,0.12228192807416427
84,265.0,0.16760783930627698,0.0855560900666712
84,270.0,0.16464418872389852,0.08411491772625879
84,275.0,0.2088371943480799,0.10902368722108191
84,280.0,0.1951201473906059,0.10287710566718378
84,285.0,0.159772877367937,0.08329457771913462
84,290.0,0.15280769791994697,0.07869774208710256
84,295.0,0.15283379762434912,0.07879673787240526
84,300.0,0.1706386351131971,0.085746254245184
84,305.0,0.21969545612902708,0.11313430119811319
84,310.0,0.33837811440121934,0.18096229493720606
84,315.0,0.4756799438404866,0.26611464232719406
84,320.0,0.4892947972167805,0.27287430043402805
84,325.0,0.33736872385135064,0.17965220103134127
84,330.0,0.23411384853288564,0.12099584291379961
84,335.0,0.2255378833310927,0.11537519366652682
84,340.0,0.23227310182013594,0.11892507664325314
84,345.0,0.2413929062451058,0.12429262548395947
84,350.0,0.25771198642265425,0.1320031598990392
84,355.0,0.3442016700854491,0.18000412570140822
85,0.0,0.6403501109823446,0.4098443148322457
85,5.0,0.5609086798159207,0.35178099595203305
85,10.0,0.3213398007364576,0.19184720405936373
85,15.0,0.11454630601710536,0.064123597803593
85,20.0,0.05353077586730437,0.029950443843415164
85,25.0,0.08989013805949442,0.05057306134185824
85,30.0,0.13052890744294754,0.07421353464501002
85,35.0,0.16162962385339008,0.09235617357841741
85,40.0,0.18668688695464752,0.10773968991946559
85,45.0,0.2063880334046807,0.12021821272638222
85,50.0,0.19703879307529548,0.11429910807521693
85,55.0,0.2441792284087656,0.14407988978254982
85,60.0,0.27080381110392693,0.16022078589464583
85,65.0,0.2128649423449216,0.12313901583362652
85,70.0,0.2087131649273658,0.12018878928230048
85,75.0,0.2811078424559611,0.16748896673650593
85,80.0,0.3239935076417638,0.193389780958642
85,85.0,0.2406993962770787,0.14151713231945906
85,90.0,0.2000522981148064,0.11622848725067725
85,95.0,0.19634838192474258,0.11429505508343529
85,100.0,0.22832469380120246,0.13419708627411742
85,105.0,0.2617057061295808,0.1562139315680413
85,110.0,0.2369650926936383,0.13991454359186273
85,115.0,0.1550568142661607,0.0906000601897301
85,120.0,0.1382503267405839,0.07890556642950708
85,125.0,0.19640834975388122,0.11606479771735811
85,130.0,0.1833580487833396,0.10784023736306747
85,135.0,0.10998677964819681,0.0628490933067739
85,140.0,0.13425906436650237,0.07752867978961264
85,145.0,0.10201088157062221,0.058051470863999644
85,150.0,0.08457315979963753,0.047915589157965566
85,155.0,0.05373188627269354,0.030151510450280306
85,160.0,0.029698621442115325,0.016623383111584955
85,165.0,0.1110651012380891,0.06218474211214842
85,170.0,0.31842621374228697,0.19000360717679698
85,175.0,0.5588012059313836,0.35042679644960373
85,180.0,0.6415535605881598,0.4105693968101407
85,185.0,0.561200313734667,0.3519693493377283
85,190.0,0.3213388384157504,0.19184621940321622
85,195.0,0.1154690794558565,0.06462378101363997
85,200.0,0.05223774983324059,0.029275945247119517
85,205.0,0.08757596393244005,0.04933176834132402
85,210.0,0.12821489006536113,0.07290683563750888
85,215.0,0.1637022104532826,0.09345413682804882
85,220.0,0.1854367737908208,0.1069729788461381
85,225.0,0.2019908801086432,0.11776418143313871
85,230.0,0.20106869793085513,0.11645453523412552
85,235.0,0.2515164081758616,0.14786582866095765
85,240.0,0.26590360425211923,0.15732492945550358
85,245.0,0.19718350347010316,0.11470505052684676
85,250.0,0.2197610336576431,0.12606120158538658
85,255.0,0.2922613050899756,0.1735182052317792
85,260.0,0.32362953215450263,0.19268596932618964
85,265.0,0.22339519635183425,0.13203775662278183
85,270.0,0.20583926852636647,0.11921352154850184
85,275.0,0.2103375163115938,0.12202601849197037
85,280.0,0.22419995517663027,0.1318423017044681
85,285.0,0.24737851181095993,0.1483568279575711
85,290.0,0.23988356026970348,0.14143204983081337
85,295.0,0.16982595277761703,0.09857796065656055
85,300.0,0.13463706426441813,0.07705291160125194
85,305.0,0.19033456612815902,0.11270599113912572
85,310.0,0.18653266624003684,0.10948054814367836
85,315.0,0.11026741033323362,0.06308689668516054
85,320.0,0.13238246050561697,0.07651843846018569
85,325.0,0.10581227308351704,0.0600630499352558
85,330.0,0.08367812797457219,0.0474743226353449
85,335.0,0.05541202908236842,0.031072375785917594
85,340.0,0.030947847388385075,0.01730229113586268
85,345.0,0.10955864900464218,0.06133057436582168
85,350.0,0.3184193874925355,0.18999801697853658
85,355.0,0.5579896111520979,0.3499446623972152
86,0.0,0.012234044035643099,0.011741732907728841
86,5.0,0.021611012924351747,0.021022079796027437
86,10.0,0.02516662530585756,0.024456427839469996
86,15.0,0.045495736452935365,0.044167835807502165
86,20.0,0.05731317036525496,0.05584013082236827
86,25.0,0.07784169686924691,0.07552079024730796
86,30.0,0.0923515630946059,0.08998111196110048
86,35.0,0.1212850133716733,0.11804774474936508
86,40.0,0.15432273578410172,0.14971752985923936
86,45.0,0.21200574310197728,0.20499001429418018
86,50.0,0.279130757809783,0.27005687205290396
86,55.0,0.3461477306633688,0.3374932376230174
86,60.0,0.4082880839448835,0.3993854648376386
86,65.0,0.46293184294880796,0.45298474367939723
86,70.0,0.5144842937592016,0.5002909472510064
86,75.0,0.5862796190204245,0.5568233944232672
86,80.0,0.6320168356715187,0.5952478759694672
86,85.0,0.6485524286561078,0.6170166139502034
86,90.0,0.618590174550757,0.6019110940012898
86,95.0,0.5744897556296905,0.5628530208845468
86,100.0,0.5322282340562119,0.515276241936762
86,105.0,0.4695356297850456,0.4538505698430598
86,110.0,0.3699204456946493,0.35809412463612533
86,115.0,0.26470132741577,0.2554569275800459
86,120.0,0.17182567126072068,0.16546660555995696
86,125.0,0.10379399305647496,0.10024061455839506
86,130.0,0.07447196200577533,0.07213350609364055
86,135.0,0.06578472513910305,0.06388480318381162
86,140.0,0.053326476297951286,0.05214395175384301
86,145.0,0.0402179513437666,0.0393048726536559
86,150.0,0.029184422338640714,0.028417697897417105
86,155.0,0.02043627216461119,0.01972595992417192
86,160.0,0.014698186244446743,0.014384709789067252
86,165.0,0.012301266220123064,0.012058625712254467
86,170.0,0.012083955513702338,0.011676515622351391
86,175.0,0.011104885335835646,0.010607924346096698
86,180.0,0.0133072141362921,0.012660255635865258
86,185.0,0.02494410156275184,0.024045505589022298
86,190.0,0.03008715050279842,0.02890598256910637
86,195.0,0.0495238086079447,0.047689469988699495
86,200.0,0.06498002671405367,0.06283553320497892
86,205.0,0.08125546015413931,0.07831328417495442
86,210.0,0.10176857783591353,0.0982565756844247
86,215.0,0.12862392240127984,0.12435622512465738
86,220.0,0.16162556550739837,0.15578582399060592
86,225.0,0.21204269403979592,0.2043275209495906
86,230.0,0.27238357346429143,0.2642282079281516
86,235.0,0.3347487880205634,0.3272907681896169
86,240.0,0.38984000924512696,0.3821124686975581
86,245.0,0.4386066631951957,0.4297405556522341
86,250.0,0.48937268577691595,0.47594736043547425
86,255.0,0.5644475521332158,0.5361692606312172
86,260.0,0.618701066443822,0.5833266362487226
86,265.0,0.6499248210179731,0.6168962714822002
86,270.0,0.6171651873200654,0.6011930342524903
86,275.0,0.5752606303617731,0.5637304703344361
86,280.0,0.5269195404075231,0.5103132600997295
86,285.0,0.45612574153024665,0.4402552228054215
86,290.0,0.3560879928954537,0.3444915642849523
86,295.0,0.25823996224051227,0.249452479869803
86,300.0,0.17607514769309807,0.17011339992231145
86,305.0,0.11411495626456958,0.11072514272521139
86,310.0,0.08033386773051887,0.07812386718408715
86,315.0,0.0676842589170441,0.06590938652344647
86,320.0,0.05249824105514056,0.05137645741650887
86,325.0,0.0368236911431542,0.03594634532483043
86,330.0,0.03252940303099672,0.031820950197915754
86,335.0,0.024911309946478943,0.024092485903659755
86,340.0,0.01547817203362467,0.015129087577115063
86,345.0,0.012301266220123064,0.012058625712254467
86,350.0,0.012083955513702338,0.011676515622351391
86,355.0,0.01075221154946815,0.010272538224013528
87,0.0,0.2157371575543311,0.09108484266897388
87,5.0,0.18085812430662984,0.07462805755107682
87,10.0,0.21303157381768112,0.08807264030052364
87,15.0,0.23841759531655704,0.09982284764772054
87,20.0,0.2627774428064382,0.11081871076254812
87,25.0,0.30452607097514817,0.13066892621757353
87,30.0,0.2874536878909941,0.12304212869493125
87,35.0,0.24420360313286082,0.10190378396617139
87,40.0,0.2185763646343758,0.0909522018501081
87,45.0,0.21426877541565736,0.08982521333556959
87,50.0,0.20489792288068398,0.08547072577978476
87,55.0,0.18983937335973056,0.07774287942867908
87,60.0,0.2539389610292766,0.10646963979770363
87,65.0,0.3284942914989665,0.14382921745441724
87,70.0,0.3530798829671622,0.15424066290620986
87,75.0,0.30686595720996435,0.13069596607362455
87,80.0,0.2851434127976843,0.12326329871274677
87,85.0,0.299368389120816,0.13074137326220214
87,90.0,0.27141649800284373,0.11657279075104454
87,95.0,0.24181262582297747,0.10118159891974432
87,100.0,0.19756522581450442,0.08240843208844373
87,105.0,0.16914391433024323,0.0706785494251847
87,110.0,0.18560508017575106,0.07766199994628964
87,115.0,0.20320818844420763,0.08553093681404844
87,120.0,0.21884868572432492,0.0921718092946312
87,125.0,0.21345811215009536,0.09005411834608401
87,130.0,0.18213410147602538,0.07671290213172755
87,135.0,0.20226973776842327,0.0852989432107063
87,140.0,0.2003914704526345,0.08498148149749207
87,145.0,0.1860335926901059,0.07715732953240084
87,150.0,0.18504883794897264,0.07727422387909999
87,155.0,0.23526279035518805,0.10093292377030938
87,160.0,0.25692918331395176,0.1119984722579268
87,165.0,0.25085208267322945,0.10677632061419051
87,170.0,0.23247585724242326,0.097733887542511
87,175.0,0.24730413429721443,0.10412209551329143
87,180.0,0.21766100547476352,0.09176631632988785
87,185.0,0.18132298081208764,0.07488509669839394
87,190.0,0.20600060404335907,0.08531092450999633
87,195.0,0.22351539801542986,0.09407726386100879
87,200.0,0.26210893648816724,0.11007104704294002
87,205.0,0.31959510627183596,0.13670302589953254
87,210.0,0.29750809005256595,0.1268475190147631
87,215.0,0.2435819734940975,0.10150077214468134
87,220.0,0.21374952621824217,0.08902115942047795
87,225.0,0.2271119417836427,0.09478707312222268
87,230.0,0.2131020910751834,0.08841063439870411
87,235.0,0.18728299166479823,0.07710696631100578
87,240.0,0.24151752169350027,0.10148302031005385
87,245.0,0.31723490084970263,0.13960230468708823
87,250.0,0.34766920617593444,0.1521554543670841
87,255.0,0.30511158360212465,0.12967327021545438
87,260.0,0.2889846072245773,0.12476036104628441
87,265.0,0.3021827499227103,0.1323289295832144
87,270.0,0.2761581985969265,0.11852186664796382
87,275.0,0.24090758802589918,0.10067084932389725
87,280.0,0.20089344584635427,0.08379991764335115
87,285.0,0.1770876526950098,0.07369491024365193
87,290.0,0.17878369274554595,0.07500410218591858
87,295.0,0.19803036541862307,0.08343214861215265
87,300.0,0.20863745272985712,0.0885096104059575
87,305.0,0.22035703340749369,0.09254155330384373
87,310.0,0.18807225516813786,0.07908029387862403
87,315.0,0.19634530152523666,0.0831243215122407
87,320.0,0.20012990751855253,0.08483548069441316
87,325.0,0.17513874730387768,0.07308488935290436
87,330.0,0.18887981321838132,0.07874952722477024
87,335.0,0.24137063430120376,0.10297884325010564
87,340.0,0.2622971845444889,0.11420267911275361
87,345.0,0.25071466340033166,0.10697085458787514
87,350.0,0.22345983425162563,0.09433145195529347
87,355.0,0.23981938904819566,0.1014896350034189
88,0.0,0.13101456918224808,0.09661760192546676
88,5.0,0.1349881061970587,0.10042269583462082
88,10.0,0.13644837326079695,0.1015755683064673
88,15.0,0.1456314742915441,0.10887015804013012
88,20.0,0.15527005352310652,0.11642739837119931
88,25.0,0.1445806677804956,0.10791417367960254
88,30.0,0.13979030543502613,0.10473220287481122
88,35.0,0.16261102415241324,0.12195424982976821
88,40.0,0.16718598133085816,0.12587869883385616
88,45.0,0.15874403547437654,0.11944374039348926
88,50.0,0.16236678599223775,0.12212562294667528
88,55.0,0.14880517150860306,0.11136828997806225
88,60.0,0.15950987707520925,0.11979339921133914
88,65.0,0.18788845716974334,0.14191595103015797
88,70.0,0.16918323344334618,0.1279255107921754
88,75.0,0.1538014817640302,0.11539537492657892
88,80.0,0.1464259624051264,0.10975265483559027
88,85.0,0.15952920378411362,0.11986537103364614
88,90.0,0.1628397584176592,0.12249216694293319
88,95.0,0.16500225088069886,0.12380603845748295
88,100.0,0.14471173847536445,0.10855977464986943
88,105.0,0.14072966429526446,0.10432272408742616
88,110.0,0.1490871546609246,0.11145071946652452
88,115.0,0.13694300789212777,0.1013854840333368
88,120.0,0.12647494240129176,0.0936018104610683
88,125.0,0.12581464804713038,0.09226888300338743
88,130.0,0.12735628180896108,0.09305656199457646
88,135.0,0.17554340251897382,0.12989089602141368
88,140.0,0.31992448820983643,0.24240380237376224
88,145.0,0.5476043508542447,0.42850647477128845
88,150.0,0.6996793327432627,0.5545902230479154
88,155.0,0.6540082592664211,0.5161321814686082
88,160.0,0.4128860513487932,0.3176361475386458
88,165.0,0.2506560115426595,0.18670070117335458
88,170.0,0.15327064859439,0.11230538593144956
88,175.0,0.11787962894309845,0.08709091239518563
88,180.0,0.11807034429063379,0.08788784060821941
88,185.0,0.12138961708205487,0.09094962164086018
88,190.0,0.12215631826154572,0.09145395399285594
88,195.0,0.13639484022521464,0.10228655785816532
88,200.0,0.14745370945843916,0.1109648154729832
88,205.0,0.13844293084264137,0.10335251858903927
88,210.0,0.13546491603866595,0.10157449174199829
88,215.0,0.1592557854842256,0.1195046443341381
88,220.0,0.166847538318454,0.12566211590870613
88,225.0,0.1585156949787362,0.11925598653808944
88,230.0,0.16248500655788245,0.12216078126756902
88,235.0,0.14057906460509084,0.10560817281319024
88,240.0,0.16124488096027445,0.1209990999557441
88,245.0,0.1802040014070606,0.13655430625306464
88,250.0,0.18285037235380086,0.13733981750955848
88,255.0,0.14747478811115922,0.11092412107234906
88,260.0,0.15192196031468486,0.11364630369546758
88,265.0,0.15359006150170773,0.11522318734324344
88,270.0,0.16141108063795973,0.12114964031677788
88,275.0,0.16631720802972383,0.1250972719018968
88,280.0,0.14181803104382718,0.10659268105840491
88,285.0,0.12983696699392766,0.09687658618186812
88,290.0,0.1398554658745761,0.10507710151708405
88,295.0,0.12632490672979635,0.09414114365515136
88,300.0,0.11599776296645758,0.08627881529996351
88,305.0,0.11651690094072131,0.08591524480229928
88,310.0,0.1273903072159429,0.09351599658948984
88,315.0,0.19056638629221367,0.1399653521264057
88,320.0,0.32327380821227814,0.24502055382897592
88,325.0,0.5457142029496214,0.42697640503949585
88,330.0,0.6954958699976874,0.5507676464024633
88,335.0,0.6512993626098935,0.5137639752592645
88,340.0,0.4078369815377235,0.31398663410609995
88,345.0,0.23500247690254406,0.1759607606374537
88,350.0,0.13448588684735174,0.09879827246480899
88,355.0,0.12719034429312281,0.09327807599158677
89,0.0,0.21018093684168349,0.13455834600618166
89,5.0,0.23767065262763076,0.15343982363195086
89,10.0,0.28685446204226095,0.18623301764568112
89,15.0,0.3174692549865128,0.20565152520348684
89,20.0,0.2496359613627842,0.16085141871343434
89,25.0,0.22935956602958285,0.14577593559135715
89,30.0,0.2278416747846692,0.1456985658504748
89,35.0,0.24050385298427035,0.15312214072782915
89,40.0,0.2505616288597352,0.15959708146769935
89,45.0,0.2685131956070833,0.17151775666738234
89,50.0,0.26257999020152456,0.1682957810475848
89,55.0,0.29795487934797593,0.1912804201387358
89,60.0,0.3276604391583914,0.21020905505659793
89,65.0,0.3584588176828988,0.23102930565044677
89,70.0,0.33461067929235555,0.21560301013015748
89,75.0,0.3063791787627901,0.19577410977276777
89,80.0,0.27471860516363844,0.17500158359877738
89,85.0,0.22706812570205515,0.143706787875159
89,90.0,0.22181745949837484,0.1401751513103826
89,95.0,0.21416817746792494,0.13496201650122264
89,100.0,0.1822708136271809,0.11508001272154744
89,105.0,0.1977841114979224,0.1242398719089064
89,110.0,0.3083383104015677,0.19917876778475108
89,115.0,0.4019871177314631,0.26776736332906004
89,120.0,0.40269087021190997,0.26775894053647387
89,125.0,0.27732103609583225,0.17860164120134447
89,130.0,0.1632719091738779,0.10351315925525462
89,135.0,0.14424117544359993,0.09106065173249234
89,140.0,0.13949893165820648,0.08748788624165493
89,145.0,0.1581894642468039,0.09911202987619872
89,150.0,0.17126440687010058,0.10851009978943693
89,155.0,0.18592581756484416,0.11789910485423571
89,160.0,0.22203310139208765,0.14125200352086664
89,165.0,0.20732883591612494,0.13332233934969573
89,170.0,0.19557256088485564,0.12419270771279223
89,175.0,0.1928699974169361,0.1223480268711622
89,180.0,0.21550438933137472,0.13774434653831957
89,185.0,0.2320390053542576,0.1502877193740414
89,190.0,0.2956212186586068,0.19177758229088449
89,195.0,0.29792012744225715,0.19376471905048254
89,200.0,0.25412796072245747,0.16340119615685622
89,205.0,0.2269594103795901,0.14420397130562124
89,210.0,0.23807440387031287,0.15201158598536768
89,215.0,0.24271210441497926,0.1546394367910242
89,220.0,0.25120489586482975,0.1602630400941636
89,225.0,0.2762238209400212,0.17626316224157268
89,230.0,0.2656513756516353,0.17006404427779764
89,235.0,0.29838545284850215,0.19183628265466368
89,240.0,0.3245343801815068,0.2089633137222462
89,245.0,0.3496415556817737,0.22537112924292468
89,250.0,0.34671262871764674,0.22280441001885865
89,255.0,0.2927249943361653,0.18769645309524052
89,260.0,0.2743600426705828,0.17488559676537407
89,265.0,0.2324263297224648,0.1471166255701981
89,270.0,0.2261667393218002,0.14233864532450657
89,275.0,0.201364328070899,0.12729833748273633
89,280.0,0.17769523559701395,0.11207956160204391
89,285.0,0.19526483362674785,0.12249458782467637
89,290.0,0.3075316109375327,0.19864528894061473
89,295.0,0.40686436918022006,0.2708470613979148
89,300.0,0.4105904436518666,0.272699705640864
89,305.0,0.27999137388658135,0.18024882534084952
89,310.0,0.1671952193586166,0.10560889547318553
89,315.0,0.1390407048577902,0.08802977760504171
89,320.0,0.14869184224218324,0.09277080280812366
89,325.0,0.15273579714889018,0.09596105328803839
89,330.0,0.17267019812301954,0.10918784381626467
89,335.0,0.18367248522653223,0.11655553966324295
89,340.0,0.21044116140410707,0.13455970625928793
89,345.0,0.21190946081643391,0.13597675037874857
89,350.0,0.19063796100582908,0.12121923006397961
89,355.0,0.19806325542655534,0.12561440114499844
90,0.0,0.21447802134458116,0.16766753748093755
90,5.0,0.2242048493835378,0.17601971415521844
90,10.0,0.196793258855535,0.1532055837472457
90,15.0,0.28384729468366343,0.22394283191344067
90,20.0,0.2683695884684971,0.21067334696292161
90,25.0,0.23832473528846332,0.18630183964794877
90,30.0,0.24610483957587448,0.19390273861695118
90,35.0,0.2169128960343678,0.16938754092853125
90,40.0,0.20024402856278678,0.1564554736223972
90,45.0,0.1740776674807395,0.13587735866498019
90,50.0,0.16444441827023337,0.12886123788499604
90,55.0,0.14491721251913192,0.11284018260299045
90,60.0,0.12485961930360101,0.096758345379789
90,65.0,0.10662332418532794,0.08280800456735748
90,70.0,0.08271389683758801,0.06353756291878676
90,75.0,0.05554385092654601,0.04275655078768714
90,80.0,0.03737051421986737,0.028885670297914334
90,85.0,0.01978688000371709,0.015259304209765956
90,90.0,0.046008822390253834,0.03495857795159685
90,95.0,0.10674015566231565,0.08327090664504788
90,100.0,0.18443975090121378,0.14859552629962736
90,105.0,0.32037785797948115,0.2607125929145375
90,110.0,0.43769926155965866,0.35854804689690656
90,115.0,0.5115756350050027,0.4199392732417475
90,120.0,0.5147210678951155,0.42215876053599644
90,125.0,0.45611290121189185,0.37207812402216567
90,130.0,0.34489479653185884,0.280479282457763
90,135.0,0.23120977343403626,0.1865746081212909
90,140.0,0.15379191163217054,0.12293949010828387
90,145.0,0.10363951037552033,0.08163886301024637
90,150.0,0.0817293217594981,0.06409369543329846
90,155.0,0.08732561230465041,0.06820334419801433
90,160.0,0.11287563724992755,0.08866747093169214
90,165.0,0.14266539758164498,0.11219515952634473
90,170.0,0.16934228806293372,0.13280733212266038
90,175.0,0.15959764267820753,0.12389554496675559
90,180.0,0.2085133658752848,0.16324523840866223
90,185.0,0.221734658418143,0.1738635058476784
90,190.0,0.1964124483756312,0.1528715147896299
90,195.0,0.28138932987013765,0.22210242844857486
90,200.0,0.2587095485283485,0.20333435757739582
90,205.0,0.24066649533424733,0.1879014183605372
90,210.0,0.252442822895951,0.19889726505731664
90,215.0,0.20741828767205606,0.1624967077016154
90,220.0,0.19539970105496296,0.15277206675995492
90,225.0,0.17349594531453283,0.13559451729353622
90,230.0,0.1658316097276098,0.12981293692490015
90,235.0,0.14299020258997075,0.11149895652910247
90,240.0,0.12402641935126324,0.09623490798706913
90,245.0,0.10824905956536068,0.08412432001814307
90,250.0,0.08485700831461096,0.06512743660310971
90,255.0,0.056772425786773106,0.0436193744059733
90,260.0,0.04215871662662607,0.03230642936582351
90,265.0,0.022486040200331514,0.01714920130436104
90,270.0,0.04532006126266741,0.03439721357694547
90,275.0,0.10674015564381656,0.08327090662547587
90,280.0,0.1843831136302595,0.14857658338773583
90,285.0,0.3203166141952577,0.26062128262086137
90,290.0,0.43755357919111937,0.35833758458652054
90,295.0,0.5091074818612693,0.41806748572714303
90,300.0,0.5062905197170049,0.41549548778038725
90,305.0,0.4459289820959955,0.36421022935800695
90,310.0,0.3424259664563998,0.27891075841476665
90,315.0,0.23426652400031067,0.18892138041479933
90,320.0,0.1538075094055268,0.1228974474692911
90,325.0,0.10433118764260241,0.08201313267356025
90,330.0,0.09086208990074718,0.07097651827285612
90,335.0,0.0967639677695118,0.07544144085330795
90,340.0,0.12152445310321569,0.09532046973170993
90,345.0,0.15037747682977043,0.11799093836103092
90,350.0,0.1755820018907318,0.13739780229685306
90,355.0,0.1617559147099623,0.12584784787323744
91,0.0,0.3252895106911008,0.246547552794244
91,5.0,0.17577137196928572,0.127783076601791
91,10.0,0.11704330395606766,0.08512423845853645
91,15.0,0.14724762794700785,0.10775677227786473
91,20.0,0.1726929760180198,0.12709681323938882
91,25.0,0.18908338912142564,0.1398003436641584
91,30.0,0.19805912008119497,0.14664377059466838
91,35.0,0.21366391197146195,0.15925834026323016
91,40.0,0.21302499659060659,0.1591011202412358
91,45.0,0.2195838795489342,0.16489273944389482
91,50.0,0.20005521201868737,0.14886664470225608
91,55.0,0.23871814541744008,0.18085198456759788
91,60.0,0.19612751478009582,0.14594735053997265
91,65.0,0.21032370067178296,0.15858607265434577
91,70.0,0.2198594964479209,0.16614458798652065
91,75.0,0.18557117644674515,0.13785442187034924
91,80.0,0.21783827172366743,0.1646811966874967
91,85.0,0.1720960236460739,0.12908803013538162
91,90.0,0.14826012300783586,0.11065844019288074
91,95.0,0.17723243694764523,0.13320208418788781
91,100.0,0.1549528160965531,0.11508192810847595
91,105.0,0.146662165072325,0.10935665230102698
91,110.0,0.1355806525291382,0.10080394526570857
91,115.0,0.11081431125206476,0.08162463292268352
91,120.0,0.1046140744089824,0.07733269766799156
91,125.0,0.08728109979279175,0.06453469779160292
91,130.0,0.05866799871474937,0.04288969046405888
91,135.0,0.037513816251911636,0.0273673058398316
91,140.0,0.060120884942583275,0.043747506413823745
91,145.0,0.2023857942873919,0.14737098656900438
91,150.0,0.3795219736749733,0.29055701057715444
91,155.0,0.5714454876493004,0.4491388024288997
91,160.0,0.7807189514931453,0.6278747384746491
91,165.0,0.8179762927107433,0.6577220854141166
91,170.0,0.7120038629424641,0.5695941419835591
91,175.0,0.506102302062042,0.39361641642142187
91,180.0,0.3269324914336942,0.24769852935434256
91,185.0,0.17712768028168735,0.12883927300375475
91,190.0,0.11440773296407636,0.08326621457008643
91,195.0,0.14353073056374333,0.10512895239770359
91,200.0,0.16957969390733618,0.12492794089260262
91,205.0,0.18990396524688835,0.14031967313009253
91,210.0,0.19868872081903777,0.14733321593003956
91,215.0,0.213556284007281,0.15921651078315902
91,220.0,0.21663971373706026,0.16168831627819058
91,225.0,0.2208699188801725,0.1657425567390749
91,230.0,0.20194344259403263,0.1502993178345563
91,235.0,0.23877301742131674,0.1809243181975918
91,240.0,0.18780485574701533,0.1404504341833127
91,245.0,0.21815170610113832,0.16432229388762198
91,250.0,0.2215372549874628,0.16740746223505587
91,255.0,0.18133669335863678,0.13518935994456116
91,260.0,0.2186490673383692,0.16556127097031814
91,265.0,0.16865336419684374,0.12672261106865268
91,270.0,0.15249163216998296,0.11341800366255139
91,275.0,0.1761513092821555,0.13251578950758458
91,280.0,0.15446238182267136,0.11475906945628844
91,285.0,0.14607023594431912,0.10900020794099285
91,290.0,0.13497991129539544,0.10041212923384046
91,295.0,0.11088832874748855,0.08168418464899374
91,300.0,0.10469965289398342,0.07740614046157723
91,305.0,0.08730949381222908,0.06455109618068278
91,310.0,0.05861729533808657,0.04285294610769119
91,315.0,0.03753887911021403,0.027385917798864456
91,320.0,0.05951479312407881,0.043291768592090385
91,325.0,0.2027109809279889,0.14758587529870615
91,330.0,0.37952726384277113,0.29056113716541143
91,335.0,0.5715462541262978,0.44925655939666154
91,340.0,0.781265369313619,0.6283698706482781
91,345.0,0.8178778412831841,0.6576346406601519
91,350.0,0.7112756842034129,0.5690207828563512
91,355.0,0.5060142393191537,0.39352487402900793
92,0.0,0.16694991408243298,0.09989963369114518
92,5.0,0.16717906037976882,0.09986255129713706
92,10.0,0.1861675598347624,0.11261175090081998
92,15.0,0.2108502605019259,0.12916714083920822
92,20.0,0.25245449982300316,0.15935775973731525
92,25.0,0.32926109676448545,0.21363963381191442
92,30.0,0.4025975193696547,0.2606504388717217
92,35.0,0.43931541301595156,0.2837311261349781
92,40.0,0.4443930351781714,0.2851269604932195
92,45.0,0.4643983606618296,0.29916970128851905
92,50.0,0.45080902360790887,0.28846933897095395
92,55.0,0.39516188115819073,0.246222174615651
92,60.0,0.36785280359093253,0.2310795049378378
92,65.0,0.37905377714176425,0.24488357534371297
92,70.0,0.36408196570939133,0.23688138843245576
92,75.0,0.32930171401675434,0.21008180575559798
92,80.0,0.27392576842370553,0.16905209749276529
92,85.0,0.2423756050300384,0.14700954867113114
92,90.0,0.22215820151475196,0.13364540239317235
92,95.0,0.17291520830187745,0.10393893755629047
92,100.0,0.14556926956194816,0.08733781897664772
92,105.0,0.1406218050443423,0.08471415070495947
92,110.0,0.13731995161617716,0.08294310739950894
92,115.0,0.13432590171610237,0.08109875985849468
92,120.0,0.1336280334714275,0.08025416827362841
92,125.0,0.1510365269854398,0.09138167806881192
92,130.0,0.16065929339138862,0.09732230775358874
92,135.0,0.14966965773753382,0.08964011100509939
92,140.0,0.13533221744252555,0.08092196821033137
92,145.0,0.14883339184876931,0.08912225193694423
92,150.0,0.15857083956662943,0.09524758078725293
92,155.0,0.15700990416228378,0.09413187928625322
92,160.0,0.14777701266846444,0.08849926553666976
92,165.0,0.158023732776284,0.09439076047156725
92,170.0,0.15476489668801696,0.09226555363950384
92,175.0,0.1461552092192966,0.08736707907926622
92,180.0,0.15899678771957637,0.09566200181977458
92,185.0,0.17544238467785134,0.10433805813011177
92,190.0,0.20336183895312088,0.12199497838127848
92,195.0,0.23079910130737813,0.1403536482222234
92,200.0,0.26683795440474223,0.16728061979458564
92,205.0,0.3349666486001016,0.216725912781368
92,210.0,0.3913937391123844,0.2549588295771439
92,215.0,0.4212412266265231,0.2734283680222993
92,220.0,0.42977939914280405,0.27680356895304703
92,225.0,0.4591690688701232,0.2961770873244294
92,230.0,0.44886777119017374,0.28757854544088846
92,235.0,0.39562622960969607,0.24657471078230175
92,240.0,0.38773536891761506,0.24225871188962111
92,245.0,0.40588346448522605,0.25942368282053263
92,250.0,0.373733000055263,0.24247401978162664
92,255.0,0.328337587271465,0.20965779037989318
92,260.0,0.27431988781758954,0.1694649574561098
92,265.0,0.23669129816522028,0.14368397791822718
92,270.0,0.20836983332177084,0.12622429775764388
92,275.0,0.17690826915133462,0.10624481165275856
92,280.0,0.1579807785776456,0.09439005529655486
92,285.0,0.15139527317316448,0.09059402207506917
92,290.0,0.1512946501095107,0.09081213543643141
92,295.0,0.14412658587773153,0.08652031804278804
92,300.0,0.13901135151487753,0.08316600395877238
92,305.0,0.156992037991317,0.09464707788261728
92,310.0,0.16441862464124546,0.09936923825583732
92,315.0,0.15457454923618175,0.09234810265424853
92,320.0,0.1427683737378599,0.0849724493720947
92,325.0,0.15354562420884288,0.09165384365537987
92,330.0,0.16486213682218465,0.09860903854302983
92,335.0,0.16468839230766974,0.09836262669895568
92,340.0,0.1590233318559433,0.09466483064803566
92,345.0,0.1703493013502706,0.10127951657254941
92,350.0,0.16747104139898772,0.09936886843685366
92,355.0,0.16602376772870886,0.09839088306302324
93,0.0,0.13107017928585063,0.07236471399983924
93,5.0,0.18799032614917555,0.10629786086735638
93,10.0,0.19438804227427775,0.11005424175206502
93,15.0,0.12715345073202078,0.06977426968835887
93,20.0,0.09871090391026749,0.05295584407253051
93,25.0,0.10353959242340816,0.05592403741043883
93,30.0,0.09767056441725885,0.05336303213750182
93,35.0,0.11693277538454627,0.06343513141222445
93,40.0,0.10409139263478095,0.057582343017889226
93,45.0,0.09879930459882835,0.05397192141934248
93,50.0,0.12851700294062307,0.07033989755994074
93,55.0,0.13819746197760685,0.07724152521206562
93,60.0,0.11132003387302469,0.06134834698980385
93,65.0,0.09249135687855425,0.04983634190624109
93,70.0,0.12826589105558472,0.06959649754047259
93,75.0,0.1316654945722383,0.07203272991782261
93,80.0,0.12990029520225932,0.07112426189214949
93,85.0,0.1104622802629287,0.060167196778323495
93,90.0,0.10348227330155846,0.05518549782805238
93,95.0,0.09958051008736313,0.053133239002943866
93,100.0,0.10645906542316064,0.05684516646649773
93,105.0,0.09920957460563129,0.052481586846269024
93,110.0,0.08069315145568945,0.04303957004138237
93,115.0,0.1513345403498556,0.08332174213897547
93,120.0,0.30935075363853204,0.17600347261934546
93,125.0,0.28353022134934835,0.16202707610017852
93,130.0,0.15588478118559113,0.08684012272275499
93,135.0,0.08920679397197162,0.04716172376278782
93,140.0,0.08868950602818548,0.04670907155924675
93,145.0,0.08772183650028198,0.0468555765030223
93,150.0,0.08059180495272134,0.04259858095576119
93,155.0,0.10916325635974156,0.05908087086843339
93,160.0,0.11425129066304474,0.06235850563889689
93,165.0,0.06911397149797971,0.03636436217603056
93,170.0,0.0706833346326099,0.03736804076756639
93,175.0,0.0917094845539046,0.04990347207399948
93,180.0,0.12680786324347348,0.07008114761955442
93,185.0,0.19256637267241028,0.10878060609350049
93,190.0,0.20055429660158575,0.11314402151722613
93,195.0,0.1304222402833316,0.07160414827027206
93,200.0,0.10190244709190832,0.054512690299452715
93,205.0,0.11002131753845912,0.059251548231170736
93,210.0,0.09848650397145342,0.053645161205540526
93,215.0,0.11023363112502926,0.060149396030395486
93,220.0,0.1021685803670147,0.056673961771837034
93,225.0,0.10100648690522662,0.05505741660471164
93,230.0,0.12829547017289,0.07023481065710335
93,235.0,0.14764890030601696,0.08213814256847363
93,240.0,0.11038594226021625,0.06092607488066326
93,245.0,0.09482039615209503,0.05114913600719373
93,250.0,0.12365853599492194,0.06707040190238767
93,255.0,0.1301073662103065,0.07112996140074779
93,260.0,0.12827888381067354,0.0701816416837936
93,265.0,0.1116124317095536,0.060784538093917595
93,270.0,0.10097292210258713,0.05383886961561957
93,275.0,0.10021683975772155,0.0534311323041079
93,280.0,0.10089519149291792,0.0538838374568229
93,285.0,0.09787604371264724,0.05181672801410442
93,290.0,0.08415589708742355,0.04478278488007159
93,295.0,0.1557323593278267,0.0855733715451864
93,300.0,0.3064284708644872,0.17462716643414855
93,305.0,0.2826945064411879,0.16144188438545337
93,310.0,0.1574394802699609,0.08763544363415887
93,315.0,0.09056273982412089,0.0479093046746889
93,320.0,0.08689709879077201,0.04572689906618288
93,325.0,0.0865220645882423,0.04629586108209671
93,330.0,0.08066697840339132,0.042580813690940134
93,335.0,0.1124863027700832,0.060732569505897116
93,340.0,0.11873725082394038,0.06453335623772538
93,345.0,0.07190929333479601,0.0378288842808332
93,350.0,0.06872009492311171,0.036314922465962796
93,355.0,0.0908132605641262,0.04941451573909339
94,0.0,0.1577131658622738,0.10295769928622134
94,5.0,0.0989611384609076,0.06410960301189905
94,10.0,0.10557569690470636,0.06860589390494576
94,15.0,0.12465603275999104,0.08114749558694256
94,20.0,0.13473296632167964,0.08759058937690611
94,25.0,0.14551402747385267,0.09502496409363459
94,30.0,0.1526827370120296,0.10007038218001596
94,35.0,0.1610371737291263,0.10558653935496298
94,40.0,0.16388016706678932,0.10787637434809849
94,45.0,0.16252576159294185,0.1067185411464503
94,50.0,0.16375970652981708,0.10759916499710409
94,55.0,0.17099386484260504,0.11298279083209728
94,60.0,0.1960397434056781,0.13004379363904728
94,65.0,0.20193196922761592,0.13399781462618265
94,70.0,0.16548162307185887,0.10901097362073497
94,75.0,0.1912410116663542,0.1263796250150775
94,80.0,0.20316014548041028,0.13455769843336363
94,85.0,0.2007946870981504,0.13248753231638066
94,90.0,0.22887256368985687,0.15226363100108697
94,95.0,0.2355009134088556,0.15658640590561224
94,100.0,0.20285379975570172,0.13394062810591634
94,105.0,0.20070565455759148,0.13174707916593376
94,110.0,0.18409872448013986,0.12006339086254136
94,115.0,0.1848851724534052,0.12093177703751701
94,120.0,0.17615598310326375,0.11502002041022474
94,125.0,0.16344306330386627,0.10648939459330398
94,130.0,0.14444230175756645,0.0941200074646823
94,135.0,0.11451396190373342,0.07368563594787092
94,140.0,0.10718927350964913,0.06931113013867984
94,145.0,0.1770553421491502,0.11558139114304011
94,150.0,0.3552559713107405,0.23975135170312556
94,155.0,0.5594751090305998,0.3912515040107394
94,160.0,0.68699997404074,0.49002355573252476
94,165.0,0.6461427242706455,0.45920493081034264
94,170.0,0.488011913928021,0.33941908993539205
94,175.0,0.29213233452668763,0.1958685489556914
94,180.0,0.1670639103899485,0.10827489854831684
94,185.0,0.11270381692156695,0.0725636669696158
94,190.0,0.10850370699779344,0.07047956352298168
94,195.0,0.12718214469526823,0.08270494736218592
94,200.0,0.1373019518147265,0.08925108386926206
94,205.0,0.1477178939479976,0.09642630593491319
94,210.0,0.15742056794328008,0.10303417866013986
94,215.0,0.16354055785302124,0.10715026864310906
94,220.0,0.16197995449843827,0.10695272483381046
94,225.0,0.1620179364504486,0.10656856424645877
94,230.0,0.1609798448787093,0.10615640852811503
94,235.0,0.17100602789464137,0.11347677754706176
94,240.0,0.19660510762573946,0.13077096996135806
94,245.0,0.20356094165930216,0.13536674167281748
94,250.0,0.16332865836567378,0.10781434261147493
94,255.0,0.18839117266985927,0.12481011332132375
94,260.0,0.19958423023063043,0.13260876732644977
94,265.0,0.20518267624010644,0.13559114089801771
94,270.0,0.2327007964671094,0.1548511065391034
94,275.0,0.22750573353572867,0.1517735462209413
94,280.0,0.20219820321741355,0.13334742004716316
94,285.0,0.2049862425732557,0.13466962790732273
94,290.0,0.18254311362657927,0.1191297828580602
94,295.0,0.1837426999437899,0.1200822435533111
94,300.0,0.17311375223545344,0.1130184519358658
94,305.0,0.157489419154059,0.10288014649630306
94,310.0,0.13880553894634062,0.09060701132137916
94,315.0,0.1117208471270098,0.07213656192397266
94,320.0,0.10497399127380314,0.06803111485369329
94,325.0,0.18473774546777832,0.12054764598757228
94,330.0,0.3644417138679096,0.2455463451758213
94,335.0,0.559950979169338,0.3918663651979024
94,340.0,0.6816901982065966,0.48667240593503447
94,345.0,0.6486321073252492,0.460830177539169
94,350.0,0.4966762526090338,0.3448623010083789
94,355.0,0.29712508470462806,0.1989506381693137
95,0.0,0.2572826106772751,0.10464364164201057
95,5.0,0.285375334663851,0.11914380365012978
95,10.0,0.28191574242869855,0.11684876508310937
95,15.0,0.20281175751909286,0.08176059394005442
95,20.0,0.17251445628897033,0.06797570432515332
95,25.0,0.19205581509633074,0.07680492567982955
95,30.0,0.20028839665701836,0.08028839591227777
95,35.0,0.2632960440384524,0.10836706480304314
95,40.0,0.24530516448558448,0.10161897443016887
95,45.0,0.17906881784404294,0.07070871708947424
95,50.0,0.15984807435758652,0.06288830799563061
95,55.0,0.2062130864405728,0.08336905074446643
95,60.0,0.19640822937263092,0.0792409654661862
95,65.0,0.1582823258906645,0.061880788459779845
95,70.0,0.14064034989540697,0.054962192462888915
95,75.0,0.10856461462544797,0.04139012737086456
95,80.0,0.1159847327907525,0.04495839442694838
95,85.0,0.21081484383022242,0.084825656168249
95,90.0,0.4103068536045569,0.17357154097444405
95,95.0,0.5934836019712311,0.26363587741171923
95,100.0,0.5760733772537705,0.2562150128450881
95,105.0,0.36915655642253087,0.1550885215337343
95,110.0,0.1738417244109417,0.06759470924506616
95,115.0,0.10635577923308337,0.04071012722040068
95,120.0,0.13343491854375278,0.05166335339159778
95,125.0,0.1689631240231263,0.06618576047704072
95,130.0,0.17175313677912474,0.06761686599593408
95,135.0,0.20358273435412955,0.08127259755520311
95,140.0,0.22893702455161802,0.09212748633106138
95,145.0,0.18378822482873103,0.07285960581379614
95,150.0,0.19386542509441784,0.07795615827452462
95,155.0,0.29447856217170987,0.12048002593126272
95,160.0,0.2921908730541789,0.11922617128479573
95,165.0,0.2047062886699904,0.08155614497399899
95,170.0,0.1806308090070543,0.07238918153741691
95,175.0,0.19587063676466032,0.07891161172169281
95,180.0,0.24715621933397225,0.1010493522810717
95,185.0,0.31076554048422667,0.12864076634618804
95,190.0,0.29664880096207247,0.12237579489869843
95,195.0,0.20597897501147955,0.08308413445668761
95,200.0,0.1575246798817832,0.062280366382897245
95,205.0,0.18626636697976406,0.07425967232349173
95,210.0,0.18800422092044566,0.07579691113839371
95,215.0,0.2787988993868926,0.11440742344128008
95,220.0,0.26146173969877284,0.10767446416810911
95,225.0,0.17471143690871394,0.06930186503780111
95,230.0,0.1434164641445781,0.05700696513168191
95,235.0,0.21442782846923258,0.08630665029857387
95,240.0,0.19955700505701512,0.08046794074913866
95,245.0,0.1611729611877476,0.06299220657083304
95,250.0,0.14729194848273874,0.05724098160478841
95,255.0,0.10647951086477159,0.04058736966855758
95,260.0,0.11267342203289032,0.043753516820222105
95,265.0,0.20698050037835036,0.08355892114167929
95,270.0,0.41071955390298054,0.17380372596648397
95,275.0,0.5895632464509611,0.26196099332013556
95,280.0,0.5781313427137013,0.2571728674738669
95,285.0,0.3693248758250397,0.15527153499862067
95,290.0,0.16901722793326912,0.06595212005729345
95,295.0,0.10928093754635881,0.041570775879084754
95,300.0,0.13782153551060627,0.05319832659433499
95,305.0,0.16742377967448918,0.06575028282333195
95,310.0,0.17689271123744166,0.06956160707045567
95,315.0,0.2060942020518386,0.08210168116079142
95,320.0,0.21886069862705604,0.08862664931767161
95,325.0,0.18654527862371584,0.07423628115507319
95,330.0,0.21440173131085882,0.08568693106732106
95,335.0,0.2830432299439518,0.11623513262610075
95,340.0,0.2704133451189765,0.11097654260442258
95,345.0,0.20306964023778118,0.08104249228497218
95,350.0,0.1928078475014552,0.07685678142038932
95,355.0,0.2148649678415273,0.086215965025779
96,0.0,0.44546030883489973,0.23802406132236653
96,5.0,0.47518493193881683,0.25596144797786513
96,10.0,0.3826356789552925,0.2002809597703359
96,15.0,0.3169847560505764,0.16356760557048888
96,20.0,0.3683291566654976,0.18969860679120654
96,25.0,0.4891998399038403,0.25897745776867376
96,30.0,0.6035547522623581,0.3301361873134506
96,35.0,0.5543646551421019,0.29843741358446774
96,40.0,0.37528341945539545,0.19275808254230542
96,45.0,0.2881861545183442,0.1478882171443182
96,50.0,0.3549163965535421,0.18515525184228288
96,55.0,0.4426195643725659,0.23776068638970993
96,60.0,0.4164703513003275,0.22194729202864094
96,65.0,0.26702916085902184,0.13510856805203253
96,70.0,0.30106802001916333,0.15888137742032227
96,75.0,0.2964072094175997,0.15590301729910494
96,80.0,0.24861477787758735,0.12783545196294233
96,85.0,0.20728486099166488,0.10691882838089473
96,90.0,0.1890594298797026,0.09545632858962949
96,95.0,0.2326690427417264,0.11575176832045109
96,100.0,0.3152492053262055,0.1609593801315531
96,105.0,0.45127138356707774,0.2385786710110469
96,110.0,0.6078206256587253,0.33803999770662885
96,115.0,0.7084143067287811,0.4073461086490511
96,120.0,0.7050500030279538,0.40477735973582507
96,125.0,0.5692400895996912,0.3116884978419051
96,130.0,0.41534316034320706,0.21659629783040368
96,135.0,0.28856186036254383,0.14574065575952766
96,140.0,0.2121362872130843,0.10546045907740909
96,145.0,0.17181063953938547,0.08702888788176011
96,150.0,0.22697135638408916,0.11742759975452599
96,155.0,0.24692335481486938,0.1275290095290409
96,160.0,0.2915245698078003,0.15152209711572984
96,165.0,0.32231848814865915,0.1697493388502197
96,170.0,0.28351562055968205,0.14679542875529916
96,175.0,0.29225314309343375,0.1482311750497668
96,180.0,0.44743335441495025,0.2387063978549292
96,185.0,0.4732286373945648,0.2549432579643638
96,190.0,0.37765844086697065,0.19778519160277253
96,195.0,0.3159892782493918,0.16308739927624794
96,200.0,0.37119612905576016,0.19091016791780402
96,205.0,0.4940069544137884,0.2611549654106583
96,210.0,0.6036005112460558,0.33015744382954104
96,215.0,0.5542931970425301,0.2984008373460165
96,220.0,0.3751583687785227,0.19265936116077587
96,225.0,0.2874961173463497,0.14755721816604994
96,230.0,0.3548944321058727,0.1851193939271628
96,235.0,0.44261800942309926,0.2377637824882387
96,240.0,0.4164299268567103,0.22190584396439694
96,245.0,0.26436471437077136,0.13394003096430473
96,250.0,0.30079648519038316,0.15874007919996458
96,255.0,0.2956183687504279,0.15552993873152687
96,260.0,0.24435832429665227,0.12584424858213428
96,265.0,0.20408786191373263,0.10545674079751632
96,270.0,0.18514921517532756,0.09367872282931733
96,275.0,0.23585035885848127,0.11696123976731787
96,280.0,0.3183426881469783,0.16242998989629287
96,285.0,0.45132286331039584,0.23864969711328043
96,290.0,0.608478930326491,0.3384376458269276
96,295.0,0.7083089518336834,0.4072835448138983
96,300.0,0.7048022530907083,0.4046562091135033
96,305.0,0.5684442748787717,0.3112876392107172
96,310.0,0.41511247519284555,0.2165115237573486
96,315.0,0.2912506316833836,0.1468397623584874
96,320.0,0.21160987249304297,0.10528147706602353
96,325.0,0.16740528423472245,0.08498363572082501
96,330.0,0.22292006490507665,0.11557015860446895
96,335.0,0.24601359775253784,0.12708740840031751
96,340.0,0.289924696416038,0.15083221658456492
96,345.0,0.32412666716669003,0.1706288675688673
96,350.0,0.288202575920779,0.14911128026615617
96,355.0,0.2885852727222885,0.14653040256351546
97,0.0,0.4430194671782903,0.35413168302954023
97,5.0,0.37117904114502254,0.29368380063864097
97,10.0,0.23752742246499647,0.1825185275554988
97,15.0,0.1835560672944584,0.14058211951809996
97,20.0,0.2191705328302359,0.17096982763830193
97,25.0,0.26860757546305325,0.2095176039877623
97,30.0,0.26494551660714527,0.20634536674117743
97,35.0,0.22714571843396336,0.175800952029594
97,40.0,0.18694316197060623,0.14352714785679166
97,45.0,0.21426098968740004,0.16491267377337193
97,50.0,0.3167024140836233,0.24656018090084397
97,55.0,0.41391787685993353,0.32807039556038864
97,60.0,0.4229565203270249,0.3379923547624587
97,65.0,0.3564911825279633,0.28249095892004017
97,70.0,0.26609242181305737,0.20650598079616722
97,75.0,0.2543540924661044,0.1964814181763288
97,80.0,0.2700281416378598,0.20909775575982525
97,85.0,0.2851658597700305,0.2211588796454983
97,90.0,0.3291871693554055,0.25831379581151115
97,95.0,0.29274178950505503,0.2283628034966546
97,100.0,0.27548920987517234,0.21396980457993608
97,105.0,0.263282858966824,0.20435398379096925
97,110.0,0.31600060679959796,0.2460679656468968
97,115.0,0.4471633599492697,0.35353492624411464
97,120.0,0.5206599157013305,0.4163780564217022
97,125.0,0.5164960468412375,0.4123402931456467
97,130.0,0.40894501213231127,0.32269486863172836
97,135.0,0.31383608645913796,0.245845106270294
97,140.0,0.26080703569934116,0.20163425213309116
97,145.0,0.254716690418765,0.19699864116320653
97,150.0,0.2646041015118119,0.20637773370098023
97,155.0,0.239086419700399,0.18548147509874802
97,160.0,0.18393300199203255,0.1416701944663955
97,165.0,0.18691240764523176,0.14374894879121858
97,170.0,0.256963236919025,0.19867668161500163
97,175.0,0.40446672973899833,0.3203159756511972
97,180.0,0.44313674769215683,0.35390797536278584
97,185.0,0.37384080876904635,0.29596325023718184
97,190.0,0.2345874678779286,0.1805481493744857
97,195.0,0.1853096667596923,0.14134479068097006
97,200.0,0.2198614092132536,0.17168349616968848
97,205.0,0.2636150102984406,0.2057766442485488
97,210.0,0.2681284146257087,0.20881391928307114
97,215.0,0.22648825424103303,0.17519641139120934
97,220.0,0.18087334920929898,0.13942724437207865
97,225.0,0.21102992605419058,0.16259952847374515
97,230.0,0.3115847044919281,0.24284607975565742
97,235.0,0.41773073969160057,0.33095867391877376
97,240.0,0.43427373045115736,0.34704568635230815
97,245.0,0.37442971065336017,0.2963346149825694
97,250.0,0.28278786160235236,0.21900421353473232
97,255.0,0.242588052556712,0.18770681219284546
97,260.0,0.25215829252654975,0.1957413024414698
97,265.0,0.2823884600945936,0.2199393612248951
97,270.0,0.3368206268650037,0.26387320734943953
97,275.0,0.29986898066165124,0.23359854757260112
97,280.0,0.27060764587326847,0.2102276166986915
97,285.0,0.2734540178964934,0.21181256050709274
97,290.0,0.33536544540238544,0.2606843553945516
97,295.0,0.44450874407227947,0.3522556778010726
97,300.0,0.523488175533878,0.4191568588723048
97,305.0,0.5006287392855766,0.40032643699601733
97,310.0,0.388730383206629,0.3069279254112741
97,315.0,0.29523058623537834,0.2315333393304171
97,320.0,0.23802075425098812,0.18471376435925901
97,325.0,0.2578138258198074,0.20016842073346153
97,330.0,0.26781419087767633,0.2086867105572957
97,335.0,0.2349532254823956,0.1824924070659868
97,340.0,0.18688811072446765,0.1440466011061562
97,345.0,0.18811115242564358,0.14430051086081686
97,350.0,0.2623696356615878,0.20239648819047984
97,355.0,0.4059361888252463,0.321836100199536
98,0.0,0.1257198343449526,0.1053031041720851
98,5.0,0.15776829930382452,0.13264924624190266
98,10.0,0.16745016121414003,0.1413204552989633
98,15.0,0.21141270889371122,0.18010174670353452
98,20.0,0.20879387376756897,0.17889547457625132
98,25.0,0.14589092685425986,0.12252730092605002
98,30.0,0.1624135555373719,0.13672347720353473
98,35.0,0.13984099453974308,0.11785906211748909
98,40.0,0.15745752130840718,0.1326244213403578
98,45.0,0.28075451792001294,0.24288012576886098
98,50.0,0.2891979241004098,0.25177994544326276
98,55.0,0.251020948056463,0.21508711117740953
98,60.0,0.19420694753931056,0.16651006081084063
98,65.0,0.22456967678191198,0.1923850863205241
98,70.0,0.21045868295464243,0.1799249836349044
98,75.0,0.21127433125119843,0.1803997554777843
98,80.0,0.17739282622802044,0.15089530774900484
98,85.0,0.13761467687380669,0.1154152735865468
98,90.0,0.1383963449914506,0.11638626801676588
98,95.0,0.13441420023919637,0.11274968960635356
98,100.0,0.2528599511350105,0.21811897532113766
98,105.0,0.29504607802772587,0.2563901162257919
98,110.0,0.23928916455477678,0.20589930971610215
98,115.0,0.13611093701344534,0.11468463778149918
98,120.0,0.14098840446816385,0.11874634483998747
98,125.0,0.143991613056906,0.1216146600174014
98,130.0,0.18202452106674227,0.15430355198238288
98,135.0,0.21765020435843718,0.18695952771293411
98,140.0,0.15140871346278428,0.12830330772591236
98,145.0,0.15577360493721737,0.13217953362701984
98,150.0,0.16046304917380794,0.13444503926833506
98,155.0,0.17768857305454566,0.15099677319547067
98,160.0,0.33829046544952446,0.29275120524372544
98,165.0,0.4567505834198282,0.40004162224387574
98,170.0,0.4168280076795018,0.3628527650331843
98,175.0,0.2166602576768002,0.18222189090663565
98,180.0,0.11920996764481806,0.09995927662836723
98,185.0,0.1566674837225298,0.1316650218725972
98,190.0,0.16293770053313772,0.137488190320469
98,195.0,0.21109958964865838,0.1792934690837148
98,200.0,0.22078392064007246,0.18868694887535742
98,205.0,0.14843605708419072,0.12470764141748991
98,210.0,0.1501749484698397,0.1266114924396784
98,215.0,0.1281636877730068,0.10835374310737889
98,220.0,0.16020075496364117,0.13533037431839612
98,225.0,0.2994590082219756,0.2584022849741525
98,230.0,0.30411643312119896,0.26391344677108486
98,235.0,0.2578736417669074,0.22073186266976663
98,240.0,0.18179893176046913,0.15660996917006553
98,245.0,0.21516440470342946,0.18464684734265757
98,250.0,0.21041674976483282,0.17991982835168818
98,255.0,0.2204877988309517,0.18746466358186997
98,260.0,0.176282999405049,0.15000480397002391
98,265.0,0.12237928051821245,0.10317649316536959
98,270.0,0.12721470980659755,0.10740491113472828
98,275.0,0.13500970844465576,0.11323770604326489
98,280.0,0.2599689541530623,0.22407000900006746
98,285.0,0.3036277423765694,0.2635806057728092
98,290.0,0.24288228826845437,0.2088919749746594
98,295.0,0.13464179419447786,0.11356158307641862
98,300.0,0.13926468979078366,0.11737359763045374
98,305.0,0.14181333792638517,0.11970732010180496
98,310.0,0.1862845521329376,0.15769096900404622
98,315.0,0.21781974546972416,0.18730208946169624
98,320.0,0.16874380169914727,0.1423471060746785
98,325.0,0.16314055481539258,0.13796778529302367
98,330.0,0.16186411583873728,0.13569264397141256
98,335.0,0.1810203707608945,0.15342185127281216
98,340.0,0.32539986724801406,0.2823264183693096
98,345.0,0.44522828448765084,0.39054439201299096
98,350.0,0.41234087249565465,0.3593321076397459
98,355.0,0.20941997814434898,0.17632457001168134
99,0.0,0.5335259784646607,0.3329384744495738
99,5.0,0.5366768943332746,0.3360662307871779
99,10.0,0.5670299628142738,0.36014789661019664
99,15.0,0.5817981083957662,0.37231817405649914
99,20.0,0.5833591758984478,0.3715735995176115
99,25.0,0.5618127808671414,0.3526006348880686
99,30.0,0.5662998360942042,0.3546558142902245
99,35.0,0.592749764893622,0.37260173120297446
99,40.0,0.6466792224946911,0.41172188624210426
99,45.0,0.7438917098079734,0.48531500743257905
99,50.0,0.7462179390647847,0.48713598929296953
99,55.0,0.6749051374347144,0.43266190273435967
99,60.0,0.6022737489113086,0.379580927221827
99,65.0,0.5719351354994902,0.35848183858721694
99,70.0,0.5555288134950176,0.34623579322257914
99,75.0,0.5565454794858058,0.3491232940942045
99,80.0,0.5603096865731463,0.3528911387396876
99,85.0,0.6307009300964872,0.40507093645625836
99,90.0,0.65851271616304,0.42613830292629207
99,95.0,0.6308525598059911,0.4052044428360889
99,100.0,0.5496190035429582,0.3453501718004509
99,105.0,0.510603770131717,0.31883440848367717
99,110.0,0.5159371735271234,0.32429755516462044
99,115.0,0.49431619145668027,0.3106317653093762
99,120.0,0.5000020629573478,0.31174384710620817
99,125.0,0.5002918762536538,0.30957642977955535
99,130.0,0.529895386962759,0.32865102591704753
99,135.0,0.5737426610316902,0.35868794390598535
99,140.0,0.6417932380663001,0.40806636652431705
99,145.0,0.7458528826814863,0.4868255911497713
99,150.0,0.7827626628293618,0.516529268466196
99,155.0,0.7611833878901628,0.49856271789465767
99,160.0,0.6645619210263112,0.42512176828931947
99,165.0,0.599540529987545,0.376996827259388
99,170.0,0.5665709817094149,0.3546014437968188
99,175.0,0.557810843675743,0.3500670181938599
99,180.0,0.5359351786488489,0.33437803061038773
99,185.0,0.5436507890687063,0.34005281021195943
99,190.0,0.575011456987343,0.36487707749663134
99,195.0,0.5853166403288936,0.37455174298284954
99,200.0,0.5848050278778036,0.37253014913730964
99,205.0,0.5616114232834986,0.3526733598756553
99,210.0,0.5658050111592638,0.3544762790549342
99,215.0,0.5935378588496967,0.37310405975108185
99,220.0,0.6506020029166533,0.4143433570467434
99,225.0,0.746140207585373,0.48687264908340067
99,230.0,0.7479514212956209,0.48826051297970396
99,235.0,0.6753281738319109,0.4329394004960355
99,240.0,0.6022338283094202,0.37957263815503983
99,245.0,0.5665309161594183,0.35553952909268416
99,250.0,0.5420822995740862,0.33936985402428854
99,255.0,0.5487871950772023,0.34491687218443334
99,260.0,0.5602533662936469,0.3528072466306241
99,265.0,0.6308637010039875,0.40518774127973434
99,270.0,0.659006942813573,0.42652779567799726
99,275.0,0.6314742236823413,0.4056282739686875
99,280.0,0.5497164194853315,0.34544872165352836
99,285.0,0.5103811252517163,0.3186985478645489
99,290.0,0.5169400524706964,0.3248863279100124
99,295.0,0.4984545476521771,0.31292536841940477
99,300.0,0.5010202185561755,0.3123759482458187
99,305.0,0.5001922322802017,0.30965983091794724
99,310.0,0.5283033316337387,0.32774878915945094
99,315.0,0.5722872990341827,0.3577341864352639
99,320.0,0.6407607388211469,0.4074329719257693
99,325.0,0.7437172627776634,0.48537408023090534
99,330.0,0.7817819733409235,0.5158736267376411
99,335.0,0.7614329041072623,0.4988826792019827
99,340.0,0.6643011626857465,0.42485042286279184
99,345.0,0.605497966928749,0.38033176434094773
99,350.0,0.5757455583642719,0.35969640308111095
99,355.0,0.5613963469213481,0.3521281861501857
100,0.0,0.2545585146366909,0.1502863716948858
100,5.0,0.2524726808370549,0.14861320189819716
100,10.0,0.1941537800714962,0.11022584747251729
100,15.0,0.11442575141025435,0.06169989499191331
100,20.0,0.03939215453775258,0.02027867974883868
100,25.0,0.10558991242855342,0.0567384486876078
100,30.0,0.18862680598616488,0.10773215113652135
100,35.0,0.2240468075223313,0.130389339070363
100,40.0,0.24711566006124397,0.14140934808521488
100,45.0,0.23234918094710522,0.1282626702452596
100,50.0,0.29359075264029344,0.1653978176999399
100,55.0,0.3789719301121446,0.2228809233066612
100,60.0,0.40284996231016035,0.2399666739341152
100,65.0,0.4080319657462894,0.23685817678416898
100,70.0,0.4304234598880433,0.24218111645541418
100,75.0,0.46533424058096295,0.2626834984397489
100,80.0,0.5209300486133124,0.29953847329947436
100,85.0,0.614799565626801,0.3702433424814543
100,90.0,0.6714181790216603,0.41661489985093314
100,95.0,0.6391170386967422,0.396129036614567
100,100.0,0.5043113630343414,0.29912488284406935
100,105.0,0.397363085211473,0.22705916677558313
100,110.0,0.311338865091502,0.17501806943755238
100,115.0,0.24563372572079423,0.13712980231823513
100,120.0,0.19691662342798966,0.11175587010662513
100,125.0,0.19787637047136253,0.1138214036536136
100,130.0,0.1948551564578379,0.11177944179121313
100,135.0,0.14419790969556834,0.07990999219548567
100,140.0,0.18917675595419292,0.10682740843884231
100,145.0,0.23833848445245864,0.1387795361005303
100,150.0,0.2373489468446256,0.1381270921187976
100,155.0,0.16916651145312955,0.09465976792059383
100,160.0,0.07531953503444244,0.03884300833300569
100,165.0,0.05808608643308866,0.029806928929672627
100,170.0,0.1408065227219959,0.07794062421314651
100,175.0,0.2157975165503877,0.12451539650122156
100,180.0,0.2545585146366909,0.1502863716948858
100,185.0,0.2524726808370549,0.14861320189819716
100,190.0,0.1941537800714962,0.11022584747251707
100,195.0,0.11442575141025413,0.061699894991912974
100,200.0,0.03948925951522597,0.020328293620044513
100,205.0,0.10558991242855309,0.05673844868760758
100,210.0,0.188626805986165,0.10773215113652135
100,215.0,0.22404680752233141,0.130389339070363
100,220.0,0.24711566006124408,0.1414093480852151
100,225.0,0.23235324853503958,0.1282650611380065
100,230.0,0.29364075674482804,0.16541520070555749
100,235.0,0.37895197366493416,0.22286834191964455
100,240.0,0.4074249623658074,0.24229648239889356
100,245.0,0.42339928421899775,0.24525145478845367
100,250.0,0.4466617656371764,0.25106127656259436
100,255.0,0.4630200523703979,0.26097040582135145
100,260.0,0.4938150120127872,0.285035264633532
100,265.0,0.583797223350907,0.3536849402447061
100,270.0,0.6590189693382287,0.4098125904485109
100,275.0,0.6387913426634736,0.3959761894008106
100,280.0,0.5041884759402565,0.2991135965976255
100,285.0,0.397391404170758,0.22705320666191375
100,290.0,0.311251883129143,0.17496413611326456
100,295.0,0.24539479610098613,0.13701736365545114
100,300.0,0.19709719153783278,0.11185988490754006
100,305.0,0.19787597479562724,0.11382114859187042
100,310.0,0.19481124941518846,0.1117569221638115
100,315.0,0.1441531916673926,0.07988529309744963
100,320.0,0.18917895445725552,0.10682772732094459
100,325.0,0.23833848445245864,0.1387795361005303
100,330.0,0.23734894684462593,0.1381270921187978
100,335.0,0.16916651145312922,0.09465976792059361
100,340.0,0.07531992248633057,0.03884377821745921
100,345.0,0.0581904772255083,0.02986086335304694
100,350.0,0.1408065227219959,0.07794062421314651
100,355.0,0.2157975165503877,0.12451539650122156
101,0.0,0.246457273801319,0.11407390771936632
101,5.0,0.31018293330593993,0.14815921459413106
101,10.0,0.3607681924973192,0.17967528268158506
101,15.0,0.369996395287457,0.18984701865122366
101,20.0,0.353456759625955,0.17950019327083522
101,25.0,0.2843946006528728,0.13644299017485195
101,30.0,0.19728904075261366,0.09047040895066427
101,35.0,0.14533052078888753,0.06452793881445396
101,40.0,0.09926150597968908,0.044540373523076715
101,45.0,0.09742493980449396,0.043980372170660975
101,50.0,0.1109376566898157,0.050899683200998136
101,55.0,0.12881802470919756,0.059293740668256434
101,60.0,0.13044703695525317,0.05984483391329409
101,65.0,0.11956681595191154,0.05396332274099136
101,70.0,0.10853364927614806,0.047662827787162354
101,75.0,0.15399054893345376,0.0697193311543034
101,80.0,0.2008371952335244,0.09006689688842073
101,85.0,0.2217932713687789,0.09961796283670266
101,90.0,0.3203302943200156,0.14922754695513596
101,95.0,0.4676536883524409,0.23157441810373924
101,100.0,0.5197358140380619,0.26419208974930264
101,105.0,0.4807673003289149,0.24085740305361325
101,110.0,0.41675606527487274,0.199438810958934
101,115.0,0.3793949234473424,0.17819733215588962
101,120.0,0.31504617427383874,0.14603273657263782
101,125.0,0.20552946332171884,0.09377187649112706
101,130.0,0.1985882744409787,0.09051829352698315
101,135.0,0.20234390264281654,0.09260425818012086
101,140.0,0.18487789003037958,0.08486526303567221
101,145.0,0.18029273543435664,0.08303469802506425
101,150.0,0.20345233862531953,0.09440500402369112
101,155.0,0.1945615462999526,0.09037887043380077
101,160.0,0.19935833991851937,0.0924586441069083
101,165.0,0.1936677669258151,0.08946610256121712
101,170.0,0.1862208124291962,0.08567946993600195
101,175.0,0.1763824876905078,0.08105715402448133
101,180.0,0.22796200111352982,0.106641640876316
101,185.0,0.28927416848943666,0.1395498218518687
101,190.0,0.3403406009901553,0.17086345610658427
101,195.0,0.3502432087604629,0.1805860766513272
101,200.0,0.34619395456723834,0.17619164493584571
101,205.0,0.27401752088380193,0.13205092418375086
101,210.0,0.18509163233291714,0.08542674098755532
101,215.0,0.14217803433931397,0.06349677090432226
101,220.0,0.10685882486186282,0.04757586962893412
101,225.0,0.10705243698471156,0.048065829701736784
101,230.0,0.11856861819304476,0.0540993089056947
101,235.0,0.12714856125070928,0.05870551416660974
101,240.0,0.12832604098391653,0.05896668857888676
101,245.0,0.11443978882579453,0.05198334745541355
101,250.0,0.09594694004457238,0.04259710324010424
101,255.0,0.143378595159262,0.06552204998878819
101,260.0,0.19804456382201652,0.08898240263242407
101,265.0,0.22423928219213585,0.10067122586465727
101,270.0,0.3157448025248346,0.1472384457914223
101,275.0,0.46786556353761477,0.23142188999153845
101,280.0,0.5186823091964574,0.26296142542786305
101,285.0,0.463376420871321,0.23284251833495728
101,290.0,0.3951830139176278,0.19107688963455416
101,295.0,0.3604993668294846,0.170577449318017
101,300.0,0.3072817173204635,0.14278210853025264
101,305.0,0.20894522399518967,0.09480199052126792
101,310.0,0.20611256016907264,0.09320019782916655
101,315.0,0.21647007529155726,0.09880437453797819
101,320.0,0.20026429816044788,0.0910813127630633
101,325.0,0.19426418690831815,0.08886573827616417
101,330.0,0.20710238864492947,0.09581432215793162
101,335.0,0.1941407410086925,0.09003876125933163
101,340.0,0.1843859116805705,0.08575550741048976
101,345.0,0.18011762647357477,0.08367249139756305
101,350.0,0.1688278134808865,0.07850047142190253
101,355.0,0.17328678020975563,0.07966467066209504
102,0.0,0.44066200917496934,0.2549466848811376
102,5.0,0.6186747777447201,0.37358004787270005
102,10.0,0.6257833034276208,0.37951571060368716
102,15.0,0.4698633835168805,0.274367229895359
102,20.0,0.3218296108120512,0.18230378120824708
102,25.0,0.27862843006671356,0.15799814795927125
102,30.0,0.2852611461769464,0.16224375394501
102,35.0,0.32267175191467656,0.18628832534735917
102,40.0,0.31520385884492674,0.18200370567695834
102,45.0,0.2480474675918779,0.13996071619201356
102,50.0,0.20756660066453025,0.11691184818335243
102,55.0,0.2438149821356138,0.13706484450609813
102,60.0,0.36598531809726154,0.2127162509317907
102,65.0,0.48954686568824324,0.2942421289081045
102,70.0,0.4815508781604596,0.2894364255155859
102,75.0,0.3513628969911582,0.2031245460815666
102,80.0,0.2326344517262936,0.13029787444346386
102,85.0,0.19146809610268078,0.10743505979383527
102,90.0,0.23373160812626192,0.13233666947139833
102,95.0,0.2991944858022104,0.1729263018161884
102,100.0,0.28200497635221,0.16209184487041683
102,105.0,0.2230007900351758,0.1254850108852632
102,110.0,0.22400867114713863,0.12599365044374955
102,115.0,0.2938058522983181,0.16534133174132515
102,120.0,0.46507199358537066,0.2722210404704005
102,125.0,0.6048129227172909,0.36667674671154793
102,130.0,0.5909598091061588,0.3570904378898434
102,135.0,0.40931113981047906,0.23588917650460028
102,140.0,0.2997945613765767,0.1686107090183897
102,145.0,0.274628600316974,0.1559812220491802
102,150.0,0.318741529102458,0.18113917400504398
102,155.0,0.4089571599081394,0.23784478722418878
102,160.0,0.41341322678554737,0.24040475708676223
102,165.0,0.33834534733035515,0.19335803086135572
102,170.0,0.3216385757523301,0.1840679096983976
102,175.0,0.3375529895158891,0.19110421800762734
102,180.0,0.4514501258722531,0.26080088598394846
102,185.0,0.6203338674091157,0.37452147726868146
102,190.0,0.6355958099157677,0.38505977766141875
102,195.0,0.4699936746687545,0.27424825041722933
102,200.0,0.32450336143794145,0.18304556260572447
102,205.0,0.2655274484805725,0.15114880115362928
102,210.0,0.273782769626422,0.15606598687031936
102,215.0,0.31805438088336146,0.18389511638332623
102,220.0,0.3160745973086001,0.18242879036651405
102,225.0,0.24327769550259837,0.13727627257952202
102,230.0,0.20232143917179768,0.11404269021932434
102,235.0,0.2520297947705852,0.1411946254113826
102,240.0,0.37098577205327465,0.2154078721955165
102,245.0,0.48786834590189976,0.293290921024551
102,250.0,0.48932223222886917,0.29366483761259965
102,255.0,0.3535336131386144,0.20406804147520596
102,260.0,0.2280427606581158,0.12776607211467406
102,265.0,0.18542027250743331,0.10444584133210333
102,270.0,0.23614027510381863,0.13361142233736056
102,275.0,0.2994986522960532,0.17304510138387208
102,280.0,0.2808814595088266,0.16151907034601165
102,285.0,0.21579927586770276,0.12187256060422402
102,290.0,0.22179867464892566,0.12518169452835792
102,295.0,0.29754609604870674,0.1668639912826705
102,300.0,0.4698764495490444,0.27475887604745075
102,305.0,0.6068905926526666,0.36779106111342064
102,310.0,0.5877359507727979,0.3552674493816672
102,315.0,0.41308706384069915,0.23797886052407458
102,320.0,0.30299743629679576,0.17039057424097737
102,325.0,0.27220444106094255,0.15450657417852176
102,330.0,0.3187544413956491,0.18105731716420637
102,335.0,0.4065996962323717,0.23642884272525455
102,340.0,0.4101173920101654,0.23871014132676593
102,345.0,0.339062410490539,0.19394505259557981
102,350.0,0.32661708497057196,0.186543524454594
102,355.0,0.33355688723602916,0.18915031215235878
103,0.0,0.6991058874611611,0.45855461875011616
103,5.0,0.646962293475425,0.4190412042305792
103,10.0,0.46602342756172666,0.2893212826661776
103,15.0,0.298427322738404,0.17827315783209208
103,20.0,0.14215841112520455,0.08226642232333481
103,25.0,0.09577524264817194,0.05581556110225505
103,30.0,0.1292481549308111,0.07593544569362343
103,35.0,0.15956766089445396,0.09414456014833128
103,40.0,0.18316902650483913,0.10781829423861045
103,45.0,0.19428876752141844,0.11538690528678652
103,50.0,0.2303766217348131,0.13777770242146026
103,55.0,0.255226076239608,0.15377980642177358
103,60.0,0.25656532733054316,0.15341746003558498
103,65.0,0.2522076860899888,0.15057392833315253
103,70.0,0.28141086508214885,0.16893041979569579
103,75.0,0.27140191181928297,0.16300535444106246
103,80.0,0.22033572153122427,0.13117753298641555
103,85.0,0.22539974449952194,0.13486670901584408
103,90.0,0.23999383581745726,0.1441310352731352
103,95.0,0.21737824471738576,0.1294758474120803
103,100.0,0.16522977944884498,0.0986945006285983
103,105.0,0.19620251905649122,0.1173512127484092
103,110.0,0.189934542689012,0.11328850021023784
103,115.0,0.1480958859559579,0.0881393040930577
103,120.0,0.1497364045170968,0.08900087891170505
103,125.0,0.14837593652211067,0.08825178910493636
103,130.0,0.1271354053323186,0.07534733763403423
103,135.0,0.11542951179339511,0.06776191885252503
103,140.0,0.10184904313630061,0.05988046232266708
103,145.0,0.08158936556298024,0.0480334908556137
103,150.0,0.059926053521660805,0.03558970909197423
103,155.0,0.041742165193231484,0.025123224127791444
103,160.0,0.11906098611491633,0.06884667302589487
103,165.0,0.2874398798730501,0.17192141887328527
103,170.0,0.46426844183697935,0.28850214375257244
103,175.0,0.650385352324337,0.42093611508131135
103,180.0,0.7006113527716002,0.4596618014504167
103,185.0,0.6479855736257234,0.4197828891890547
103,190.0,0.4652440536338892,0.288854066291768
103,195.0,0.29317510039295225,0.17517062791116444
103,200.0,0.14489708150641578,0.08399927217694814
103,205.0,0.09509348803980244,0.05527137817489036
103,210.0,0.12725129438712857,0.07459542226561167
103,215.0,0.15976594510374653,0.09404739356215852
103,220.0,0.17409070599420662,0.10275707889739571
103,225.0,0.2030887513037125,0.12019688629201386
103,230.0,0.22478293345107503,0.1346059163478056
103,235.0,0.2584145805434205,0.15514713842550898
103,240.0,0.25424058734251254,0.15200234317843375
103,245.0,0.2518438640074213,0.1503604009617433
103,250.0,0.28562720032187705,0.17114261215224746
103,255.0,0.26855620260956214,0.16130237152293003
103,260.0,0.23212455118694675,0.1377328916953705
103,265.0,0.22794630164344354,0.13630761044710582
103,270.0,0.22111649366519415,0.13344506031313785
103,275.0,0.21902895203489192,0.13070639981774967
103,280.0,0.18141365091654327,0.10784136811221967
103,285.0,0.190777337738524,0.11410091451780136
103,290.0,0.18233207519484607,0.10892982342530155
103,295.0,0.1575141135153416,0.0934755920904875
103,300.0,0.15029194815367053,0.08903370240390485
103,305.0,0.14594078836639424,0.08691571568687484
103,310.0,0.13567029920414375,0.08011044457192162
103,315.0,0.11311593304455936,0.06657915195258235
103,320.0,0.10385666698173757,0.060950597934146034
103,325.0,0.07995130455964905,0.04704208551702771
103,330.0,0.06299405473641018,0.03720704060141078
103,335.0,0.04317633776192653,0.02593664177384314
103,340.0,0.12017491463591368,0.06970079398705342
103,345.0,0.2843042767744861,0.1701191913839598
103,350.0,0.4614795669208708,0.2867716309436801
103,355.0,0.6464723208344543,0.4183726866535654
104,0.0,0.1699273428359629,0.110939897958521
104,5.0,0.1395879242062208,0.0906306280434509
104,10.0,0.1324156634242828,0.08420132714456419
104,15.0,0.116382726510739,0.0734434481811268
104,20.0,0.113510873590557,0.07134649484784672
104,25.0,0.1307168042852922,0.08177152672637611
104,30.0,0.12091530078499335,0.07524946757656503
104,35.0,0.11994863751923646,0.0753646755183568
104,40.0,0.12772858779100205,0.08045606376587944
104,45.0,0.15439392917718398,0.09825913310607326
104,50.0,0.15863021025044166,0.10143077045554472
104,55.0,0.14931535074306523,0.09467176721427739
104,60.0,0.16148559937989937,0.10300447671146595
104,65.0,0.1657757395445677,0.10649620610894683
104,70.0,0.16061850280630185,0.103790958257579
104,75.0,0.19448451254282184,0.12523533031581568
104,80.0,0.20452715172396363,0.1325906245201406
104,85.0,0.2247691800327556,0.14520708547217742
104,90.0,0.2232299335953617,0.1451000870640594
104,95.0,0.21487172830568735,0.13963020567167128
104,100.0,0.19352589642634332,0.12536287965143267
104,105.0,0.199770143142176,0.12826286238658524
104,110.0,0.22043068743684535,0.14062202568799675
104,115.0,0.19047628081600565,0.12110094772036195
104,120.0,0.19070489492511056,0.12096005020877076
104,125.0,0.21285015681596642,0.13441232121635605
104,130.0,0.18529739243258503,0.11551002133799793
104,135.0,0.16093215668439698,0.10036766180604506
104,140.0,0.1516902596435823,0.09401903274907297
104,145.0,0.11140898399721966,0.0694355903764291
104,150.0,0.11931494670682408,0.07455632822439118
104,155.0,0.19489273059585488,0.12463637249273041
104,160.0,0.38186319154721204,0.2513836283468849
104,165.0,0.5023998553949545,0.33374257633117965
104,170.0,0.46023189881638493,0.30151015182912666
104,175.0,0.3024109205291716,0.19514119538780716
104,180.0,0.17760646519571632,0.11593940177264705
104,185.0,0.14681121158781785,0.09506807932530548
104,190.0,0.1329225234101301,0.0845876373048321
104,195.0,0.12393328461203112,0.0782634502990992
104,200.0,0.11969036283413004,0.07524099419868968
104,205.0,0.13332229228109393,0.08326570635825603
104,210.0,0.12117747420894198,0.075322650132996
104,215.0,0.11655828379219524,0.0734203333710508
104,220.0,0.1271637531633587,0.0802485329800301
104,225.0,0.153628408487131,0.09772320572109072
104,230.0,0.16252095765120933,0.10352332475886761
104,235.0,0.1430065282848253,0.09097270463006546
104,240.0,0.16108679211534271,0.10283256597744672
104,245.0,0.17718524760059673,0.1135270589754439
104,250.0,0.16506624139960746,0.106945239380702
104,255.0,0.20937332879241644,0.1341208454704279
104,260.0,0.21679442230947277,0.13995249654459663
104,265.0,0.22972427395374095,0.14820857729812897
104,270.0,0.22049182486341368,0.14347877754108307
104,275.0,0.22706017090284714,0.14736790003624867
104,280.0,0.2016455754299502,0.13086481153774399
104,285.0,0.2097216105972597,0.13437344441907662
104,290.0,0.22241514724259892,0.14222422202359086
104,295.0,0.19893370811650446,0.12616354830987664
104,300.0,0.20333262377990868,0.12904618070957208
104,305.0,0.22665546188354813,0.1426553062858157
104,310.0,0.18246426901342938,0.11413258223758083
104,315.0,0.1754091448720958,0.10905854631770417
104,320.0,0.16127477146417224,0.09990612407538813
104,325.0,0.13017220098157067,0.08112348589876739
104,330.0,0.13051643561648496,0.08179945451349568
104,335.0,0.1963778671981441,0.12558601475666287
104,340.0,0.3903060300567772,0.2564212878686264
104,345.0,0.5059139233130853,0.33600452394702796
104,350.0,0.4644032237118222,0.30430292397814174
104,355.0,0.30051658943544535,0.19390369956914566
105,0.0,0.5658541511617852,0.41985312794584895
105,5.0,0.3843692283028085,0.27850809535355525
105,10.0,0.23815713330793098,0.16920366562391842
105,15.0,0.17834386385850132,0.1252362001053925
105,20.0,0.19846433477948888,0.1412198677642752
105,25.0,0.21310344093065225,0.1516823951124181
105,30.0,0.24420416715311621,0.17467775812324793
105,35.0,0.2513017263508034,0.17988766879176343
105,40.0,0.23666455607461867,0.16903906773076427
105,45.0,0.22829381667628368,0.16323640877199885
105,50.0,0.2451108469367279,0.17608830259883546
105,55.0,0.2295464211629209,0.1639296792123669
105,60.0,0.262643778228389,0.18877357285844787
105,65.0,0.3119139473350333,0.226797256854551
105,70.0,0.2690426953899441,0.1944984434825643
105,75.0,0.2128224372596914,0.15196226773663157
105,80.0,0.21054779184398364,0.15095778533125725
105,85.0,0.20854098729249193,0.14997022843299024
105,90.0,0.22954896544729375,0.16494887080613962
105,95.0,0.23636104928951795,0.16987228883840544
105,100.0,0.22510040741742587,0.16157894729967903
105,105.0,0.20366108360158874,0.14651932203189277
105,110.0,0.20174045101073768,0.14547286960953687
105,115.0,0.2016541999457282,0.14480942139212216
105,120.0,0.21149458419717315,0.15152983356651395
105,125.0,0.20929695231792889,0.14904587276540848
105,130.0,0.1827500258457616,0.12983651649540107
105,135.0,0.18849124130858907,0.13485550244015543
105,140.0,0.18294135569388903,0.13027673215185165
105,145.0,0.16217550705883088,0.11542175334298299
105,150.0,0.16013978215952163,0.11342717150047898
105,155.0,0.18335786394698728,0.12831156185714743
105,160.0,0.26389488273814643,0.18703476801657315
105,165.0,0.43425532786755994,0.31681536238034025
105,170.0,0.5961855378802151,0.4453675492875433
105,175.0,0.6712187102866649,0.5036306967072861
105,180.0,0.5692039171302485,0.4224469305982087
105,185.0,0.3945328498530284,0.28589699208767716
105,190.0,0.2561902708166399,0.1811279503331078
105,195.0,0.18783707030445818,0.13152115668724096
105,200.0,0.18795740463921884,0.13367968701698663
105,205.0,0.20972863687850662,0.14926968379262684
105,210.0,0.23191473667593587,0.16636781005069468
105,215.0,0.24587504553488826,0.1757629925877302
105,220.0,0.2473010578674001,0.1764165935577069
105,225.0,0.2374107523606157,0.1692932023609348
105,230.0,0.24311260097964527,0.1744211670175858
105,235.0,0.21953255250038506,0.15731351260842363
105,240.0,0.2526230103883169,0.18185029482610637
105,245.0,0.3217193755238664,0.2335095589280829
105,250.0,0.266872106109761,0.19339919994072563
105,255.0,0.22152334507799532,0.15794884680234933
105,260.0,0.21333426740152261,0.15281750584618214
105,265.0,0.20587124451986882,0.14788464231960163
105,270.0,0.22969564114784702,0.16541162293567258
105,275.0,0.21935738561438956,0.15812064893393885
105,280.0,0.216625073596881,0.15621270240532525
105,285.0,0.2070062088509077,0.14863593043245193
105,290.0,0.22541782238803165,0.16171164523963055
105,295.0,0.2053267756281889,0.14731828452589235
105,300.0,0.20431399325949628,0.1464934570333084
105,305.0,0.19870168824728496,0.14198595137577286
105,310.0,0.1932107091951072,0.13690473524534874
105,315.0,0.1974751700054762,0.14064560591677477
105,320.0,0.19074331378992648,0.13562247905409563
105,325.0,0.17493579848375185,0.12422679749990206
105,330.0,0.1685113182253356,0.11908010391845014
105,335.0,0.17428073188218351,0.12250884205674784
105,340.0,0.2481495759369372,0.17627063003188503
105,345.0,0.42005194962740156,0.3070213273020077
105,350.0,0.5935746415053318,0.4436910405125717
105,355.0,0.668396355508099,0.5015698966466219
106,0.0,0.6142639960585439,0.38995607597296034
106,5.0,0.36778828974806843,0.22283584392006106
106,10.0,0.16297486830622632,0.09277878447519594
106,15.0,0.047854084186895296,0.027153198786827204
106,20.0,0.05459485636742201,0.03087790186511008
106,25.0,0.0649308160460087,0.03674508261373688
106,30.0,0.07476807439324717,0.04262346117593385
106,35.0,0.07815780767449376,0.044697462203762583
106,40.0,0.08024185259853267,0.04565988616791017
106,45.0,0.09758464156233015,0.055874513709697426
106,50.0,0.09558330774078172,0.054916521937391494
106,55.0,0.09479441209985229,0.054534325484629886
106,60.0,0.11890477546118439,0.06911791692766234
106,65.0,0.043991278994778726,0.02497398509860438
106,70.0,0.12462649068622278,0.07326127649767544
106,75.0,0.12187182298371668,0.07115493516274618
106,80.0,0.031335745457102604,0.017802516518633182
106,85.0,0.13880425968093324,0.08192062535432887
106,90.0,0.12971619989059924,0.07557026701560965
106,95.0,0.03442646926826909,0.019552196524280863
106,100.0,0.1254040760435159,0.0734857595741849
106,105.0,0.09862359660108688,0.05653201996572321
106,110.0,0.09640436292531906,0.05520544302263963
106,115.0,0.11342514882615484,0.06561606383523977
106,120.0,0.08073021511682144,0.0458154548110038
106,125.0,0.09856543531123152,0.05647323996964826
106,130.0,0.07456336731430036,0.04226157205176995
106,135.0,0.08825707231232416,0.050469037503499736
106,140.0,0.08311159007194346,0.04729777285554604
106,145.0,0.06929305833855048,0.039058942611239544
106,150.0,0.058735919781227164,0.03316932597309452
106,155.0,0.07898930621367439,0.04470934400203608
106,160.0,0.24730441031456696,0.1446845038001966
106,165.0,0.46023129698805954,0.2840662727539248
106,170.0,0.7108262098620723,0.4613487444046176
106,175.0,0.7636600540095214,0.4998459392813782
106,180.0,0.6139494614653136,0.3898888290516257
106,185.0,0.36798989556383843,0.22294128805391467
106,190.0,0.16843852793825864,0.09587447480016609
106,195.0,0.041623736863184324,0.02358858228631011
106,200.0,0.047959243733539436,0.027061045017859664
106,205.0,0.05793845453589619,0.032740952487128605
106,210.0,0.07006075100534082,0.039892793282623185
106,215.0,0.07890995454900085,0.04495080142538477
106,220.0,0.07871651990031725,0.044800854689006075
106,225.0,0.09280837391293817,0.05320917198066688
106,230.0,0.09564838283780142,0.05495656107741187
106,235.0,0.09405426733804112,0.053998083314105494
106,240.0,0.11918599631108795,0.069210784974569
106,245.0,0.040751559395513115,0.023233601933617454
106,250.0,0.1256150559726983,0.07375362272324804
106,255.0,0.12194862511431026,0.07121899693586309
106,260.0,0.03104133015350452,0.017635148180810467
106,265.0,0.13896646273560098,0.08202878041535822
106,270.0,0.12947301152672774,0.07545638510586472
106,275.0,0.03566205119653254,0.020257421475266213
106,280.0,0.12544458039144646,0.073507891971623
106,285.0,0.09799688435767684,0.05625410829185051
106,290.0,0.0965768026301207,0.055311541020212185
106,295.0,0.11342514882615484,0.06561606383523977
106,300.0,0.07979146590883612,0.045281206852639255
106,305.0,0.09856525787345982,0.05647313079646055
106,310.0,0.07457021621898274,0.04226578601788167
106,315.0,0.08934915747383232,0.05115055570094995
106,320.0,0.0850144076175332,0.04841104323972534
106,325.0,0.07092877124348052,0.0400520731537084
106,330.0,0.056329049166884304,0.03178718970615624
106,335.0,0.08693523594450048,0.04925482297136341
106,340.0,0.24889236167180573,0.1455186357193723
106,345.0,0.4603123154188715,0.2840759430673988
106,350.0,0.7100908842987703,0.4608336860155975
106,355.0,0.7623331362272223,0.4989342556681532
107,0.0,0.07438830133939156,0.0697875125535603
107,5.0,0.09528749463662745,0.08950496850571998
107,10.0,0.11944625646076257,0.11231982630593984
107,15.0,0.14662067976580517,0.13824156736720805
107,20.0,0.16050662771530622,0.1509230042639036
107,25.0,0.17234931604546855,0.16271735399259457
107,30.0,0.16802404928348813,0.15878733533317535
107,35.0,0.1610358443937594,0.151855178133545
107,40.0,0.15202923689539105,0.14361066505771203
107,45.0,0.13000385208373944,0.1227293942840596
107,50.0,0.11029747034555148,0.10425689952665829
107,55.0,0.08898491501572314,0.08433277583232734
107,60.0,0.06988292125247586,0.06678158459944039
107,65.0,0.05807504242780459,0.055902446614783385
107,70.0,0.06863128177120725,0.06628865749404467
107,75.0,0.10966237916709565,0.10572700536134727
107,80.0,0.18901999565179806,0.18087193380556132
107,85.0,0.29622295738285076,0.2848958039908388
107,90.0,0.4053743025374905,0.3919477135128816
107,95.0,0.5116535508580424,0.49826122670169715
107,100.0,0.643211834858981,0.6233929516461716
107,105.0,0.7647281321263624,0.7260998966132595
107,110.0,0.8125527529030336,0.76584513875311
107,115.0,0.7735561323342357,0.7370407008761102
107,120.0,0.6657160051410782,0.6431310677767488
107,125.0,0.5301604437689582,0.5158276312908097
107,130.0,0.39970280991164886,0.38775086961082117
107,135.0,0.2757044951634021,0.26410457008555777
107,140.0,0.1614697975435646,0.15298048611680404
107,145.0,0.07437345824538621,0.06995178953875725
107,150.0,0.034725697246351994,0.03272690349168561
107,155.0,0.025856382954757895,0.024273531239691004
107,160.0,0.0318531501678152,0.02990162764853188
107,165.0,0.037647823455827734,0.035283289855384536
107,170.0,0.045223340246950294,0.042372799521696924
107,175.0,0.05586671076866312,0.052404416806507204
107,180.0,0.07521711600450587,0.07058207884504342
107,185.0,0.0976722026027691,0.09168447216865705
107,190.0,0.12279389058845158,0.11531400107024403
107,195.0,0.14987117525652938,0.14120076667159487
107,200.0,0.1629827830956081,0.1532232903951125
107,205.0,0.17658686165164406,0.16637628910314373
107,210.0,0.1749951878419268,0.1648052070088345
107,215.0,0.16413491047816342,0.15482250351897797
107,220.0,0.15252595611040165,0.14438164437454604
107,225.0,0.12943929062217907,0.12250623133912497
107,230.0,0.10576209008077087,0.10000518208699083
107,235.0,0.08535429849714471,0.08103548635641844
107,240.0,0.06627180364925378,0.06339965719391094
107,245.0,0.06130476473797375,0.058814989189007516
107,250.0,0.071271198544815,0.06853228247764676
107,255.0,0.11858464483602582,0.11412668777270896
107,260.0,0.1991915284709338,0.1908301546149671
107,265.0,0.30487224961500137,0.2936758154350879
107,270.0,0.4104809052763847,0.3972618124464661
107,275.0,0.5130937301421665,0.49973063106807647
107,280.0,0.6437546257716547,0.6239569487167852
107,285.0,0.7657215757374854,0.726927581830643
107,290.0,0.814296329000629,0.7669275995966024
107,295.0,0.7731215547073244,0.7366730710375118
107,300.0,0.6649056557804707,0.6421028632781276
107,305.0,0.529884135189463,0.5156425070994626
107,310.0,0.3998000725421964,0.3878617168373574
107,315.0,0.27570467494660034,0.26410475234035824
107,320.0,0.16146979754356472,0.15298048611680415
107,325.0,0.07454275400073263,0.0701125039188516
107,330.0,0.034438795983063875,0.03246659196051327
107,335.0,0.025667680856731878,0.024092298639363463
107,340.0,0.030093524030456842,0.028243586322051262
107,345.0,0.03518990555291812,0.032998645423264916
107,350.0,0.040692745916755646,0.038144613843207886
107,355.0,0.05355276103633233,0.050243466618688726
108,0.0,0.6421216953078466,0.4538461031907126
108,5.0,0.6139453143013909,0.43363056324596316
108,10.0,0.37548833815447,0.2549624371675502
108,15.0,0.1785277090929248,0.1157768308643502
108,20.0,0.081874334435734,0.05263363595913251
108,25.0,0.07698370829557655,0.049446252284416126
108,30.0,0.09370372891470591,0.06074954543151079
108,35.0,0.0993544264142111,0.06432685272799532
108,40.0,0.10630444722701149,0.06928812186140354
108,45.0,0.12030899708277809,0.07873233606885355
108,50.0,0.09899481312788594,0.06471287493846878
108,55.0,0.11919351749317064,0.07792648876789166
108,60.0,0.11052408568778971,0.07290268741632289
108,65.0,0.10636603460410465,0.06930890141116475
108,70.0,0.09919613033522956,0.06506856324668042
108,75.0,0.11429169010231499,0.07533531715231612
108,80.0,0.12120033120654383,0.08034988570400481
108,85.0,0.12644452478680845,0.08361045512770826
108,90.0,0.1216217830864188,0.07995297177571781
108,95.0,0.0906141629369226,0.05897526716854529
108,100.0,0.1033408999794061,0.06751037274631722
108,105.0,0.12790771876488494,0.08475342325754887
108,110.0,0.12703222394530433,0.0840631706293321
108,115.0,0.10960957139912275,0.07197217904112296
108,120.0,0.09839696670170661,0.06373070245474677
108,125.0,0.11635519733796962,0.07624392213000564
108,130.0,0.1189179209789839,0.07781001442853852
108,135.0,0.10551314570671622,0.06815909654271701
108,140.0,0.11467380821400175,0.07436290133243795
108,145.0,0.1076116327102572,0.0700308945666227
108,150.0,0.10314191724853294,0.06722586350473403
108,155.0,0.1029461701082266,0.06751636775033176
108,160.0,0.10874268922380192,0.07189732729349219
108,165.0,0.1512179456425784,0.0994758139815286
108,170.0,0.27469643739026606,0.1823293478263035
108,175.0,0.4711424749679254,0.3244633033699845
108,180.0,0.6354979255855664,0.44992060994359684
108,185.0,0.6144383990034392,0.43405213815288646
108,190.0,0.3677629393263995,0.25020207353386104
108,195.0,0.1722203582227595,0.11237037018890073
108,200.0,0.08772850287183431,0.056113058035075714
108,205.0,0.08317552056552513,0.0533556077017624
108,210.0,0.10108875822485741,0.06540168971567228
108,215.0,0.10523665521082304,0.06799185181142442
108,220.0,0.10789152416254044,0.0704127757599734
108,225.0,0.1273773517911475,0.08310460127251251
108,230.0,0.10299788139603971,0.06735868824666813
108,235.0,0.1204306363375186,0.07877915921665046
108,240.0,0.10990368253435512,0.0724669434049322
108,245.0,0.10764984684629297,0.07016041026343622
108,250.0,0.09671456999786354,0.06358574900269509
108,255.0,0.11723198832370385,0.0773365362655426
108,260.0,0.12741538884138093,0.084246196378718
108,265.0,0.12805045190750064,0.08459189355259722
108,270.0,0.11314164423156192,0.07472434901697567
108,275.0,0.09327708304453552,0.060778353379440486
108,280.0,0.10247974579442198,0.0669505009837964
108,285.0,0.1321888197770954,0.0874348260607668
108,290.0,0.13327016629007682,0.08798592961798157
108,295.0,0.1059110184256028,0.06967405677152361
108,300.0,0.10026892242936314,0.06507773716797471
108,305.0,0.1206774289874788,0.07896289001242285
108,310.0,0.12586528148036658,0.082097163156025
108,315.0,0.10799901542401813,0.06976664050342096
108,320.0,0.12106290865990543,0.07838881906747663
108,325.0,0.11502981465974893,0.07458595626925046
108,330.0,0.11246510820451538,0.07307674874846082
108,335.0,0.10735270739638725,0.07006423773847203
108,340.0,0.10947741527221311,0.07228782240842102
108,345.0,0.13082009452574905,0.0868705404122656
108,350.0,0.2638746463792061,0.17542481715323055
108,355.0,0.47068938823956785,0.3244607432844636
109,0.0,0.4772353284020052,0.334367909659398
109,5.0,0.24185847039203345,0.16185207803414448
109,10.0,0.1224887732088471,0.07970499893881411
109,15.0,0.12242388393102666,0.0807382256861836
109,20.0,0.13135253838186367,0.08737066904302149
109,25.0,0.12875335209105987,0.08638913002972115
109,30.0,0.1599476122328718,0.1081964279239167
109,35.0,0.14417320436973202,0.09813066121835112
109,40.0,0.10879020896834468,0.07261445123485433
109,45.0,0.10258966477500808,0.06886092843977376
109,50.0,0.112086027199927,0.0755735670009865
109,55.0,0.14300048407623944,0.09762059574990511
109,60.0,0.1760820171310732,0.12142505915823154
109,65.0,0.1637540712817126,0.11269896401920954
109,70.0,0.1225983765702281,0.08353843232944846
109,75.0,0.10719488578952385,0.07331384245849137
109,80.0,0.09717720667198815,0.06606114146416164
109,85.0,0.09299656282562985,0.06270568408105004
109,90.0,0.10801063122092947,0.07373654370907023
109,95.0,0.13104860990008438,0.08963788607514533
109,100.0,0.1547104684860564,0.1059361785155577
109,105.0,0.1615007769829233,0.11039472055463384
109,110.0,0.1674557644084308,0.11435675692390268
109,115.0,0.15339777788980669,0.10516396056046484
109,120.0,0.1629557163465587,0.11158846239673015
109,125.0,0.1687542686499578,0.11449263052152914
109,130.0,0.14927146229327104,0.1003753273777882
109,135.0,0.17397703099757622,0.11715459171286946
109,140.0,0.20266215402029264,0.1375533144900325
109,145.0,0.19245385211244803,0.12870050667076482
109,150.0,0.17953044524477035,0.11939728436137287
109,155.0,0.15639130451741057,0.10272389509817148
109,160.0,0.1683912094450305,0.1098948524467771
109,165.0,0.32081465302021883,0.21836078856162622
109,170.0,0.588706379645837,0.4188016417193545
109,175.0,0.6468321082984249,0.46496116857346304
109,180.0,0.48405308880155906,0.3389014817410728
109,185.0,0.25084585648550173,0.1672613190869925
109,190.0,0.11735134679081105,0.07690954762017177
109,195.0,0.11028662423522939,0.0731726872723979
109,200.0,0.12347471209752237,0.08249708715453219
109,205.0,0.1266299180840722,0.08500198351459265
109,210.0,0.15296224132513103,0.10391627980827478
109,215.0,0.14827797434188073,0.10058579192719874
109,220.0,0.10436512040568913,0.06990997326835435
109,225.0,0.10108196314315077,0.06779250863842201
109,230.0,0.11011860300150711,0.07436291874817946
109,235.0,0.14527955554723804,0.09929447588830231
109,240.0,0.18028729844616143,0.12399965776839061
109,245.0,0.16180678352278655,0.11143437052150873
109,250.0,0.12137034889481035,0.08270096134587723
109,255.0,0.10276375928405634,0.07055869264729753
109,260.0,0.10117319894065357,0.06850876587481203
109,265.0,0.08917561622092507,0.06012179263627493
109,270.0,0.11199487199498759,0.07644095877768875
109,275.0,0.1335056157911002,0.09115937211326142
109,280.0,0.15726828264374615,0.10754573320282235
109,285.0,0.16251368751164819,0.11090899610014326
109,290.0,0.16004663632072458,0.10982385104435732
109,295.0,0.1543843855089121,0.10604729442552763
109,300.0,0.16757526119555377,0.11447856140328161
109,305.0,0.16508075161209312,0.11222768233096436
109,310.0,0.15507588007317608,0.1040519843168225
109,315.0,0.17221619843035585,0.11605526031802049
109,320.0,0.20102253497585554,0.13655307128957717
109,325.0,0.18906644628833258,0.12661474295986785
109,330.0,0.17594734460934147,0.11717043270743166
109,335.0,0.14820677684043781,0.09764615255806308
109,340.0,0.16472859050283073,0.10771680369015413
109,345.0,0.32356895405747454,0.21978602504383016
109,350.0,0.5856205171100117,0.41689872576031806
109,355.0,0.642765000545028,0.4618445430397624
110,0.0,0.45543055128957,0.3355357745173543
110,5.0,0.38893041222872027,0.28162215822308045
110,10.0,0.2354884136601061,0.16406563946554797
110,15.0,0.0992188745760404,0.06761362800668824
110,20.0,0.03924959191440214,0.027403175055197293
110,25.0,0.03749847130376138,0.026120087394478908
110,30.0,0.052623848585916955,0.03602568878795631
110,35.0,0.07493945311628936,0.051619923813784
110,40.0,0.08558994848452783,0.05888241748187617
110,45.0,0.08771588295247723,0.05929574769001844
110,50.0,0.10307632913459264,0.07003682463728378
110,55.0,0.13001370846472815,0.08892979908374876
110,60.0,0.0922418686589126,0.06277093788471289
110,65.0,0.1310458501748054,0.08908721059029723
110,70.0,0.16935031332556538,0.11748368208625881
110,75.0,0.18351480962959865,0.12708889883364094
110,80.0,0.1443215364307291,0.09864028612446452
110,85.0,0.1676775215096592,0.11478494555676344
110,90.0,0.18487428578363152,0.1268974086361211
110,95.0,0.21239233689733605,0.14668215239504134
110,100.0,0.2223188415168479,0.15445452063674725
110,105.0,0.18358606694843682,0.12547406383984716
110,110.0,0.16660872733338694,0.11360892541882783
110,115.0,0.1461445761709751,0.09928013741694053
110,120.0,0.16020633545047314,0.10987030540491238
110,125.0,0.15326662720691964,0.10530757276652292
110,130.0,0.11502175768961465,0.0779541153587483
110,135.0,0.1189329923752922,0.08156281686553357
110,140.0,0.11651085746574574,0.08032046316557107
110,145.0,0.11736387778139468,0.08015682993345363
110,150.0,0.13610304405844253,0.0946728240524527
110,155.0,0.14148900740822556,0.1012773720782969
110,160.0,0.12898348764931156,0.09489026567352654
110,165.0,0.17257161650342334,0.1232957736865481
110,170.0,0.2942912922330214,0.2075850378860552
110,175.0,0.4358211369317474,0.3176785274724828
110,180.0,0.457444834955423,0.3368725843720365
110,185.0,0.3825767267428771,0.27762825786391765
110,190.0,0.22651049013349278,0.1579898317358861
110,195.0,0.09286167053070182,0.06363786511411051
110,200.0,0.041686377865949975,0.029013509835770557
110,205.0,0.040971437437745006,0.028341412789011033
110,210.0,0.05108625054859961,0.03498513544171178
110,215.0,0.07593786534545344,0.05227832982957947
110,220.0,0.09158621802050004,0.06278862576943156
110,225.0,0.08977645402046064,0.06068103215074183
110,230.0,0.10049259868411775,0.06846682096385648
110,235.0,0.13058917352479993,0.08935788289673685
110,240.0,0.09381478157167222,0.06372818287484472
110,245.0,0.13237393699307354,0.0899043249018403
110,250.0,0.16344760006066272,0.11367856921739128
110,255.0,0.18275573784053722,0.12645486070353917
110,260.0,0.14179350519881406,0.09715044148420837
110,265.0,0.1713808939132333,0.1172092343947636
110,270.0,0.19360292733186368,0.13237427341459007
110,275.0,0.20326169630217672,0.1407540849704667
110,280.0,0.21895116753982669,0.15211492446432406
110,285.0,0.1811120658173374,0.12394446980756568
110,290.0,0.16091039988971756,0.109857574290674
110,295.0,0.13990648569953457,0.09535510730407859
110,300.0,0.15456179001498593,0.10618586549233178
110,305.0,0.1510561497567655,0.10385572776726448
110,310.0,0.10725441740027142,0.07311457307736668
110,315.0,0.12429124662855229,0.08502295780661007
110,320.0,0.12452045531855083,0.0857621625871251
110,325.0,0.1167960127536728,0.08011903928653097
110,330.0,0.13633273477589758,0.09482759816236841
110,335.0,0.13353568723804743,0.0956599366890255
110,340.0,0.12210743631890397,0.08986697976656166
110,345.0,0.17197247036982766,0.12274796416498801
110,350.0,0.2942032603053496,0.2074869986066762
110,355.0,0.4343354627006797,0.31667418890180443
111,0.0,0.1517697563806477,0.11655441793493793
111,5.0,0.1623427641506825,0.12496049598843373
111,10.0,0.1849844479543068,0.14262510135516904
111,15.0,0.20682616979734325,0.16006570633721384
111,20.0,0.2294262802773277,0.17834581988625187
111,25.0,0.17168823759331375,0.13192343161174502
111,30.0,0.2145090720203805,0.1676603439743629
111,35.0,0.12666930175551006,0.09628512917767329
111,40.0,0.1902873155956719,0.14908028288955
111,45.0,0.14107249802631894,0.10936312753459398
111,50.0,0.1334914216317108,0.10309003189568966
111,55.0,0.14117916605589365,0.10984417566632665
111,60.0,0.12811333034941474,0.09892259973786655
111,65.0,0.11289178022131219,0.08700795876146228
111,70.0,0.10385701706089467,0.08036827321755158
111,75.0,0.08267272888716393,0.0633585277381612
111,80.0,0.07336310361401033,0.05627056970997857
111,85.0,0.05239701326416446,0.040027466909645426
111,90.0,0.04312460403995699,0.03308647613038329
111,95.0,0.019650076247998305,0.014941819471782636
111,100.0,0.005329151734864479,0.004025163225129913
111,105.0,0.002420264275933781,0.0018429621485340775
111,110.0,0.03659293948029607,0.027934318724682106
111,115.0,0.17307310405786902,0.13217211866490686
111,120.0,0.34812505808690164,0.2776852129956906
111,125.0,0.5371391124741631,0.4390032662741401
111,130.0,0.7378969518748301,0.6150246008781115
111,135.0,0.782165089332681,0.6531075061940896
111,140.0,0.689310099788693,0.5730472531180161
111,145.0,0.49041979510150413,0.39775138945484745
111,150.0,0.30681509910726346,0.24202413780478382
111,155.0,0.13149423846975672,0.10031956550620702
111,160.0,0.04540059569974697,0.0346674409193205
111,165.0,0.06634674139292362,0.05038549201344322
111,170.0,0.09595104743023508,0.07305995190891512
111,175.0,0.12391962026589565,0.09473444047341206
111,180.0,0.15298687468867833,0.11747982017903191
111,185.0,0.16827157921116387,0.12910279833508587
111,190.0,0.1864276410720349,0.14338570345748725
111,195.0,0.21209733109120132,0.1635155545299788
111,200.0,0.23152659709943402,0.17989728743825184
111,205.0,0.17736778876728854,0.13617944329824783
111,210.0,0.2152412061215293,0.16849774231942316
111,215.0,0.12771025005490655,0.09711836083896641
111,220.0,0.1907780324752908,0.14956108952863956
111,225.0,0.14723504489858597,0.11389271914154375
111,230.0,0.12915025061380658,0.10029513067438944
111,235.0,0.143385588706199,0.11145041448761561
111,240.0,0.12813989925970104,0.0989743073862227
111,245.0,0.11291619855279678,0.08703180593520854
111,250.0,0.10366911998519057,0.08022503688451443
111,255.0,0.08467029646289648,0.06487001013756377
111,260.0,0.07336544267954936,0.05627244786490948
111,265.0,0.0540889756034969,0.04131900669458388
111,270.0,0.04350732337810115,0.033331819618553915
111,275.0,0.01964543172305233,0.014938090145996563
111,280.0,0.005812898387193122,0.004394595684205527
111,285.0,0.002420264275933781,0.0018429621485340775
111,290.0,0.036592939480296405,0.027934318724682328
111,295.0,0.1730731040578697,0.1321721186649072
111,300.0,0.34832273959642635,0.277847393983525
111,305.0,0.5372184981428656,0.43908582034023014
111,310.0,0.7358706111339354,0.613411288695129
111,315.0,0.7810229374044934,0.6518448901873057
111,320.0,0.6906919344380059,0.5743433141761198
111,325.0,0.4906908513151066,0.3978782744358623
111,330.0,0.3066278454789584,0.2418433032178482
111,335.0,0.13178437550507127,0.10051901802669894
111,340.0,0.04751616398129255,0.03617756765691571
111,345.0,0.06799705984843873,0.0516708148514361
111,350.0,0.09626551411557271,0.07329345144249455
111,355.0,0.12449427168378202,0.09521709318593274
112,0.0,0.002770808378852796,0.002580909655942487
112,5.0,0.008304671744944425,0.007723540684288266
112,10.0,0.014005839283681154,0.013013159045332068
112,15.0,0.023715792703885352,0.022076352684663125
112,20.0,0.040697136732803285,0.03813445495624401
112,25.0,0.05804062713655611,0.05472743370854827
112,30.0,0.07175242235972634,0.06760187358340575
112,35.0,0.07993863132718904,0.07475981757791883
112,40.0,0.08914069029984018,0.08309404398732556
112,45.0,0.10119174759615523,0.09421301676618854
112,50.0,0.11870194991803229,0.11067322641915778
112,55.0,0.1365087228797428,0.1274114689194974
112,60.0,0.15797060977706257,0.1474277120988241
112,65.0,0.18212062336972445,0.1698642174387648
112,70.0,0.20893776782168805,0.1947634081947014
112,75.0,0.2290353170192364,0.21462999152906503
112,80.0,0.26785691490984187,0.2531376844709061
112,85.0,0.3525104562957999,0.33588094089521725
112,90.0,0.46430458662879404,0.446236909230479
112,95.0,0.5910777319507007,0.5654804080699045
112,100.0,0.7034384555012125,0.6702287007718226
112,105.0,0.7994763930842674,0.7588041555716322
112,110.0,0.8423106475898069,0.7937632258951683
112,115.0,0.8074770124650976,0.759869943507937
112,120.0,0.7222562752281942,0.6852166733958029
112,125.0,0.5872265589928942,0.5656509844717013
112,130.0,0.45452633844095447,0.436952316217984
112,135.0,0.3322492288970834,0.31726241367182717
112,140.0,0.2216109475026251,0.20956547822872984
112,145.0,0.12606185927257962,0.11753690002399608
112,150.0,0.05587470176682152,0.05192211178271955
112,155.0,0.015175838525750218,0.014189763918000753
112,160.0,0.0014371806129670484,0.001345631100739264
112,165.0,1.1102230246251565e-16,0.0
112,170.0,1.1102230246251565e-16,0.0
112,175.0,1.1102230246251565e-16,0.0
112,180.0,0.002770808378852796,0.002580909655942487
112,185.0,0.008368074555178517,0.007782655053016896
112,190.0,0.01458971714126045,0.013559395241096062
112,195.0,0.023686290570116175,0.02204830490095755
112,200.0,0.04055550767429994,0.038019814067140056
112,205.0,0.05870895802067977,0.05526730372560906
112,210.0,0.07281438702876597,0.06846325966281863
112,215.0,0.081746672214702,0.07637983279877925
112,220.0,0.09142991379785581,0.08512160171661032
112,225.0,0.10540296171654306,0.09805039865096365
112,230.0,0.12454986475872987,0.11588690053075967
112,235.0,0.14161712319277808,0.1318184652761475
112,240.0,0.15502603563675466,0.14429008654120967
112,245.0,0.1664250352700951,0.155106900138124
112,250.0,0.1841686367719182,0.17237286505217952
112,255.0,0.20647751172184048,0.19438984899776224
112,260.0,0.258603912658934,0.24493183183435152
112,265.0,0.3495074078679036,0.33320001744771544
112,270.0,0.46364004345640264,0.44543579055240035
112,275.0,0.590725407736959,0.565267482455388
112,280.0,0.7045248440431897,0.6706577002332403
112,285.0,0.7996795150599463,0.7590249389788759
112,290.0,0.842968113808798,0.7944397705837807
112,295.0,0.8078884499546896,0.7601437948719689
112,300.0,0.7215021428388501,0.684603441522547
112,305.0,0.5865484241194756,0.5648214280401893
112,310.0,0.4542260396097123,0.43667573777361224
112,315.0,0.3322010030497382,0.31719450710772135
112,320.0,0.22161094750262533,0.20956547822873006
112,325.0,0.12606185927257996,0.11753690002399642
112,330.0,0.055874701766821966,0.05192211178271988
112,335.0,0.015175838525750107,0.014189763918000642
112,340.0,0.0014371806129671594,0.001345631100739375
112,345.0,1.1102230246251565e-16,0.0
112,350.0,1.1102230246251565e-16,0.0
112,355.0,1.1102230246251565e-16,0.0
113,0.0,0.21677617471748223,0.1006660259414287
113,5.0,0.2773125656398058,0.13342639669816458
113,10.0,0.29861638173619365,0.14373571690627573
113,15.0,0.2306448554730014,0.10759220101697953
113,20.0,0.1854914099588496,0.08745254631785315
113,25.0,0.1919861936149,0.08958549164621199
113,30.0,0.15202204942280395,0.06856940192548244
113,35.0,0.26828163011100714,0.12883259677738312
113,40.0,0.3496993319516384,0.17334894843771964
113,45.0,0.3318909574188167,0.1622277709985046
113,50.0,0.20769101960220304,0.0957837072174259
113,55.0,0.16494358566610545,0.07738966796609403
113,60.0,0.17839621818442275,0.0835995352296407
113,65.0,0.1534163771068413,0.06910826807276926
113,70.0,0.27659585247181195,0.1329644900822683
113,75.0,0.3109083109622188,0.15092925679292446
113,80.0,0.24776006613297674,0.11697585588133907
113,85.0,0.15157056303545047,0.06995793455145527
113,90.0,0.22288492775138358,0.10490898788345526
113,95.0,0.2243168633642615,0.10611747826171425
113,100.0,0.1839019159796188,0.08561440909844942
113,105.0,0.16767899126891628,0.07825079679828373
113,110.0,0.14078458653038362,0.0647498118286115
113,115.0,0.17941647072933986,0.08045382377188448
113,120.0,0.3208496415894294,0.15043896500612775
113,125.0,0.5512490071716263,0.2729047602986372
113,130.0,0.7084978126465471,0.36814914067648863
113,135.0,0.6820865914447333,0.3517073918169419
113,140.0,0.4386753243260124,0.2101105044217717
113,145.0,0.24025964573431524,0.10933066740628916
113,150.0,0.16495648399297225,0.07490628166686975
113,155.0,0.17742709939251688,0.08207709725972334
113,160.0,0.195689827554267,0.09129854967859186
113,165.0,0.230433323985886,0.10840346602880657
113,170.0,0.23037764637664981,0.10822354685334867
113,175.0,0.20291872967542812,0.09438222045204125
113,180.0,0.224198840922746,0.1037444824731123
113,185.0,0.28228136277570126,0.1354668110640489
113,190.0,0.3062711716649238,0.1472583993932839
113,195.0,0.2216741610151518,0.10342137583182232
113,200.0,0.1818640044722305,0.08584929683194209
113,205.0,0.1699831274274538,0.08011619209040632
113,210.0,0.15567628508855957,0.07028800806980173
113,215.0,0.28471499426022506,0.13590407573372598
113,220.0,0.3555241369801372,0.17587275316629136
113,225.0,0.34653105374188,0.1689738321501587
113,230.0,0.19565964367069588,0.09001854734958736
113,235.0,0.15631723132543562,0.07365527472757727
113,240.0,0.16070661950773635,0.07604343382801637
113,245.0,0.15282942160620572,0.0689360880557689
113,250.0,0.2879883596803223,0.13764465573404483
113,255.0,0.3125131968338323,0.15175207667222923
113,260.0,0.25183450190884216,0.11853075433973492
113,265.0,0.14944758255547652,0.06897411978141088
113,270.0,0.21827761102798304,0.10309437168476043
113,275.0,0.2280112897894636,0.10761829164155468
113,280.0,0.1868267025564746,0.08660488928808152
113,285.0,0.1697071725943684,0.07904646484797129
113,290.0,0.14134356876777487,0.0649973223450463
113,295.0,0.17753689851766463,0.07964050315133986
113,300.0,0.322764443791113,0.15122260365798146
113,305.0,0.5513835688162092,0.27301306348590804
113,310.0,0.7093391229704022,0.3687419119888654
113,315.0,0.6825927549604252,0.35201947691085944
113,320.0,0.439184939269851,0.21043809035214245
113,325.0,0.25116687185390685,0.1136340493691812
113,330.0,0.15840798202059636,0.07250707537610979
113,335.0,0.17537687636271782,0.08133388862805857
113,340.0,0.19137719377741558,0.08935683699308006
113,345.0,0.22811299853400746,0.10741305012848879
113,350.0,0.23154609771937096,0.10883627074532753
113,355.0,0.20938977121093616,0.09674224089483918
114,0.0,0.09674936111763399,0.05302017598731057
114,5.0,0.049594850593115414,0.02767270889016904
114,10.0,0.07818442740296316,0.04383507436014211
114,15.0,0.0930424882565305,0.051611568358307935
114,20.0,0.08525018228554537,0.04757179215057561
114,25.0,0.08829316572175894,0.04942331396558153
114,30.0,0.10347309402339533,0.05842279239837955
114,35.0,0.12794509250651176,0.07268943776534897
114,40.0,0.13236089102533322,0.07608380904848144
114,45.0,0.16117900467700252,0.09353386344939019
114,50.0,0.1697602153023442,0.09762602330428927
114,55.0,0.1408282653863474,0.08036528954556121
114,60.0,0.12350405408467047,0.0697987713319268
114,65.0,0.11416458751781222,0.06556283033723376
114,70.0,0.1664203021568902,0.09499256161500647
114,75.0,0.18103705589596553,0.10434782246981245
114,80.0,0.18418391813925994,0.10588368147956762
114,85.0,0.2332564011910383,0.13440702454375464
114,90.0,0.2529042085523915,0.1470802265808706
114,95.0,0.19284398414642434,0.11000075784119889
114,100.0,0.13562568146519405,0.07698528267063831
114,105.0,0.16901024932383302,0.09622111159885194
114,110.0,0.19680376436229974,0.11313785131982568
114,115.0,0.19564735012959122,0.11248022165284699
114,120.0,0.16189770111967638,0.09191823024376189
114,125.0,0.13017175978046114,0.07336983161642074
114,130.0,0.16972835067475167,0.09585955798475365
114,135.0,0.16180090281538273,0.09195808552669982
114,140.0,0.17121901332267708,0.09910502489676154
114,145.0,0.1601371600332555,0.09183149585750539
114,150.0,0.1113777421128046,0.0633834040226402
114,155.0,0.08182831123199075,0.04734676628285461
114,160.0,0.18702875643752825,0.10596093996292966
114,165.0,0.3667461196314783,0.21951149633899458
114,170.0,0.37733300186691865,0.22957720926832526
114,175.0,0.27632661140360215,0.1633945968213032
114,180.0,0.09775825914315639,0.05362216305773704
114,185.0,0.0438774993751434,0.02456037794483379
114,190.0,0.0766276187109417,0.043048608416967005
114,195.0,0.08780984644019008,0.04893488718048988
114,200.0,0.08859895636922366,0.04933459050019395
114,205.0,0.09186940034651347,0.05131070008033212
114,210.0,0.10231916613098335,0.057736035241889305
114,215.0,0.12118075443487852,0.06902045868403028
114,220.0,0.13384759158097415,0.07694056364791568
114,225.0,0.1618896486768936,0.09389067466507861
114,230.0,0.1685894081038115,0.09689158601977388
114,235.0,0.14347431267627098,0.08180704455110621
114,240.0,0.12555503420470326,0.07093596098678168
114,245.0,0.12065376478730105,0.06900269928642888
114,250.0,0.1583312941562529,0.09085784484137627
114,255.0,0.1779460423884921,0.10292611623455039
114,260.0,0.18365625857870926,0.10532574172014353
114,265.0,0.22648714671728865,0.13071418331825646
114,270.0,0.26330456129489166,0.15271954167067658
114,275.0,0.19762769487709897,0.11272296152576478
114,280.0,0.1482629540139293,0.08376472269111701
114,285.0,0.16496358065301586,0.09409878030772312
114,290.0,0.19572483428795495,0.11254588262167686
114,295.0,0.18436282643145685,0.10633999724640997
114,300.0,0.15266117955753422,0.08716249124696385
114,305.0,0.1365280114222358,0.07670626546829407
114,310.0,0.1697283038211057,0.096362834105024
114,315.0,0.16581708786697003,0.09437265353371715
114,320.0,0.18453322589761423,0.10654359832699156
114,325.0,0.16402099500069678,0.09424840982852267
114,330.0,0.11947342689636808,0.06762147948108099
114,335.0,0.08991334037943466,0.051544822176891936
114,340.0,0.18368974941601268,0.1041898908676856
114,345.0,0.3520934571277202,0.21151738797562547
114,350.0,0.37996453486504467,0.23102624537485028
114,355.0,0.2751129715009729,0.16270577468776748
115,0.0,0.20134674061939095,0.18560009375398367
115,5.0,0.18588715920163057,0.17082637803056322
115,10.0,0.16817433641295265,0.1551528691469326
115,15.0,0.16110619181270813,0.1482316990206466
115,20.0,0.13969534811871054,0.1285259972189816
115,25.0,0.1114210881336486,0.1027731800021996
115,30.0,0.09178813396877716,0.0835765488224186
115,35.0,0.08557786978952475,0.07739578072240039
115,40.0,0.09499084503407063,0.08580129738998732
115,45.0,0.1194720076884469,0.10936697797806061
115,50.0,0.16276858160302377,0.1509297382009851
115,55.0,0.23326510717638804,0.21691927484013318
115,60.0,0.32206264082974967,0.29893935861147747
115,65.0,0.3813415988892844,0.35233379325126346
115,70.0,0.42886114389957275,0.39760257544907196
115,75.0,0.4641242062434814,0.43195502256785123
115,80.0,0.4678323697799748,0.43620300842285264
115,85.0,0.4529205329489483,0.4195607588591731
115,90.0,0.42858995232901664,0.39497400911728675
115,95.0,0.39979307738380954,0.37032574446942057
115,100.0,0.3841341605037618,0.3581255285383378
115,105.0,0.3744363694471944,0.34868541275485443
115,110.0,0.36484008024577963,0.33803729157846185
115,115.0,0.3339215853597777,0.30820855822440263
115,120.0,0.2995845885436781,0.27482387860641333
115,125.0,0.2646653601685415,0.24402796258873938
115,130.0,0.22740081631743247,0.21156901908974823
115,135.0,0.2142179676625342,0.1986007657737232
115,140.0,0.18880865405849057,0.17419847459106075
115,145.0,0.17989707728364168,0.16574957054710382
115,150.0,0.1679810716217499,0.15408055368894757
115,155.0,0.167720240562809,0.15424820486912483
115,160.0,0.18319089417527568,0.16923159202998372
115,165.0,0.18976803278743104,0.1748219727619662
115,170.0,0.19193262365136865,0.17659771482675335
115,175.0,0.20814996404142927,0.19178885384671396
115,180.0,0.19365169960475637,0.17867745643877497
115,185.0,0.17620043094775717,0.1623433768665996
115,190.0,0.15959417122096842,0.14705541126901744
115,195.0,0.14602712303435283,0.1348670955310438
115,200.0,0.1330409931309371,0.12254403834526684
115,205.0,0.1071593502398418,0.09857992242269398
115,210.0,0.08939753870732303,0.08150927181919954
115,215.0,0.08783969020835813,0.07946884032058399
115,220.0,0.1040179376273509,0.0939712400356939
115,225.0,0.12827370138174377,0.11682280740547712
115,230.0,0.16629465537797528,0.15396955490727016
115,235.0,0.2311369761994484,0.2147212872104416
115,240.0,0.3157477360544455,0.29258522316774793
115,245.0,0.38945734837950563,0.3602218498045907
115,250.0,0.4385960038727199,0.4069991075632704
115,255.0,0.4511846874964238,0.42018903795415286
115,260.0,0.45012309231165193,0.4196403867866455
115,265.0,0.43946218052003827,0.4069808804448686
115,270.0,0.4231750641540484,0.3898958392345282
115,275.0,0.40973004950638736,0.3786394202387462
115,280.0,0.3911608328714804,0.3649268661127889
115,285.0,0.3854988075968323,0.3586813898080954
115,290.0,0.36863945413392696,0.3416003038110651
115,295.0,0.3430155573129492,0.31715557404828654
115,300.0,0.31770392997187824,0.2922349632825323
115,305.0,0.26470585651408074,0.2441428528021673
115,310.0,0.24965915047811194,0.23103768204670494
115,315.0,0.22481589963713766,0.20781165051055983
115,320.0,0.20553155062518824,0.18911735473019609
115,325.0,0.19118081208354942,0.1756102039651718
115,330.0,0.17861292293619835,0.16314165105239042
115,335.0,0.17227531459962198,0.1583881874896309
115,340.0,0.179276489666246,0.1654478402301418
115,345.0,0.18650613827435714,0.17202797621532895
115,350.0,0.1951305493024167,0.1796599086485844
115,355.0,0.19868004050441468,0.1834301640464976
116,0.0,0.14418337785959257,0.06351282116766077
116,5.0,0.07515324946771718,0.03227047828861618
116,10.0,0.11673909531160798,0.05206719702712248
116,15.0,0.10968553270334613,0.048148693143845955
116,20.0,0.08536951295598116,0.037243648583411004
116,25.0,0.1818340012725117,0.07996927668757026
116,30.0,0.4226550710457496,0.20401706602191882
116,35.0,0.4350469707120297,0.21091893198743938
116,40.0,0.23415606044342085,0.10752916568609328
116,45.0,0.08969161532442493,0.03874543156896304
116,50.0,0.085690388401231,0.03700920799242735
116,55.0,0.11847486574401134,0.05285548144986496
116,60.0,0.10400858344184327,0.04545807689669945
116,65.0,0.1129359762521368,0.04876051800428527
116,70.0,0.27017889254197924,0.12660870826294546
116,75.0,0.2823980679836251,0.1326794075682941
116,80.0,0.125941918126647,0.055052729595381766
116,85.0,0.06346593735948469,0.02732609423140353
116,90.0,0.1602877439734659,0.07295135678777698
116,95.0,0.1576484733831619,0.07161372386011111
116,100.0,0.09213347450272058,0.04031297846665982
116,105.0,0.09115127690753344,0.03989834115247004
116,110.0,0.08620979641047588,0.03710697853660172
116,115.0,0.26685564706600606,0.1224358420512236
116,120.0,0.5153653952197875,0.25492219930180293
116,125.0,0.5300425863517929,0.2633115553539548
116,130.0,0.33393623337466327,0.15711664322359709
116,135.0,0.11816632149300021,0.05104250975430136
116,140.0,0.0757788965549211,0.032809064758762885
116,145.0,0.09178548932684549,0.040150832878994014
116,150.0,0.1336690207495762,0.059423849979083565
116,155.0,0.16171760449581285,0.07391661566884511
116,160.0,0.08893473445074995,0.038428136647818856
116,165.0,0.09039931327697937,0.0390862299824255
116,170.0,0.2604430091730193,0.12172054243824226
116,175.0,0.2819061702154997,0.132436335372344
116,180.0,0.14383173706977803,0.06327731922233659
116,185.0,0.0755877127132707,0.03243995517294751
116,190.0,0.11615575239786602,0.05184848078462234
116,195.0,0.10974010746380847,0.048177436001773266
116,200.0,0.09382394302174968,0.04066157372160484
116,205.0,0.17381829020215533,0.07673470799174487
116,210.0,0.42106190534427324,0.20325088259472912
116,215.0,0.434012710292189,0.21041182241779444
116,220.0,0.23467500931354812,0.10779045182739344
116,225.0,0.0963747779953893,0.041499151622788055
116,230.0,0.08680143328203838,0.037387733250968
116,235.0,0.1172747156691859,0.052402676301111506
116,240.0,0.10539394294377569,0.04603738888149156
116,245.0,0.1115934553376845,0.04836182594819738
116,250.0,0.27002968362863666,0.1265747724193298
116,255.0,0.28210682477784355,0.13259176522571103
116,260.0,0.1281049479914943,0.0560137253634162
116,265.0,0.06528107128504956,0.028134354380192295
116,270.0,0.160965359622125,0.07327503377371714
116,275.0,0.15946899415286164,0.07239631636599286
116,280.0,0.0924650251564948,0.04046063430590641
116,285.0,0.09148642549026997,0.04010906815749471
116,290.0,0.0921561692757944,0.03977575819348966
116,295.0,0.26762043746376785,0.12272310791719276
116,300.0,0.5169145297551333,0.2555656279698615
116,305.0,0.5304042236386732,0.2632420545696925
116,310.0,0.33331333529425833,0.15686700812024224
116,315.0,0.11744041999016619,0.05074979177784156
116,320.0,0.07667115803343583,0.03322173075633228
116,325.0,0.09270367053800366,0.04053385584466551
116,330.0,0.1336344665931073,0.05947167455356239
116,335.0,0.16018552903379923,0.07329612685525533
116,340.0,0.08720087289998701,0.03759905338592473
116,345.0,0.09303199149991348,0.04013380941861355
116,350.0,0.26141267074211694,0.1222206780786681
116,355.0,0.28217248388349636,0.13256762927680377
117,0.0,0.26468057893413466,0.11811103363007702
117,5.0,0.16667954370248417,0.07018291556979728
117,10.0,0.0005537289045580707,0.00022827982180972928
117,15.0,0.016913432560255126,0.006966185608338504
117,20.0,0.018794060460527673,0.007726547524855132
117,25.0,0.06703464728853459,0.027453951251684372
117,30.0,0.05544817706269711,0.022748530686235502
117,35.0,0.013666684995186085,0.005624983017853746
117,40.0,0.08589157469067243,0.03523087011929005
117,45.0,0.19365231524047488,0.0827955603687427
117,50.0,0.08465105179975063,0.034728426595637574
117,55.0,0.025320662127699678,0.010418925980770322
117,60.0,0.07587088430709876,0.031124324547718407
117,65.0,0.08999742560338186,0.03684156634339053
117,70.0,0.035917094903487934,0.014761432673039754
117,75.0,0.033624862752529294,0.01383686650168059
117,80.0,0.010924531712782959,0.00450373843990981
117,85.0,0.1924420023988368,0.08102026855925737
117,90.0,0.3161992380554405,0.14122769772166843
117,95.0,0.19909820185200622,0.08401837613529373
117,100.0,0.015621620033203332,0.006440156199545077
117,105.0,0.03888436533283579,0.015992939653562188
117,110.0,0.04487681493084206,0.018443662400813188
117,115.0,0.08426488736233206,0.034504932816531886
117,120.0,0.07040661849343144,0.028886125880210112
117,125.0,0.032354583920969016,0.013314863909454577
117,130.0,0.07988767607579872,0.03278535774422753
117,135.0,0.17933711129490615,0.07657447109047655
117,140.0,0.07992485013002981,0.032793176827261905
117,145.0,0.02371685583976957,0.009761297542100311
117,150.0,0.05838101347580926,0.02394488318740462
117,155.0,0.06845223556001712,0.028024354871394208
117,160.0,0.025760610599843137,0.010588365027751734
117,165.0,0.021396093391833904,0.008806463816085408
117,170.0,0.002622423496093762,0.0010811181490975041
117,175.0,0.17118050975311094,0.07229791356328386
117,180.0,0.2655985456681461,0.11850433734424104
117,185.0,0.16664344916377516,0.07016896067130474
117,190.0,0.0005537289045580707,0.00022827982180972928
117,195.0,0.015749845511069838,0.006484292549030157
117,200.0,0.018794060460527784,0.007726547524855132
117,205.0,0.0670349162448729,0.027454059473283055
117,210.0,0.055526547275301374,0.022780499192711856
117,215.0,0.013667547167745986,0.005625334712306862
117,220.0,0.08594456038751985,0.03525317409375672
117,225.0,0.19392924491841346,0.08289891038748198
117,230.0,0.0846408402716351,0.0347251731989735
117,235.0,0.025320259609082685,0.01041876178676604
117,240.0,0.07481152631143317,0.030687254098702876
117,245.0,0.08999374924775783,0.03684008706580533
117,250.0,0.03591912842068545,0.014762262178352192
117,255.0,0.03311937521300212,0.013627921030052947
117,260.0,0.010062649834319592,0.004148419727057928
117,265.0,0.19268079321136966,0.08111875097126586
117,270.0,0.31542564594455946,0.14088413995799076
117,275.0,0.19818747451167384,0.0836422366517745
117,280.0,0.017480342741127974,0.007206431691154425
117,285.0,0.04150091910913245,0.017078072868870198
117,290.0,0.04664780555336967,0.0191748722692886
117,295.0,0.08468303896692342,0.03467539981621015
117,300.0,0.0719309239630741,0.02951486523367841
117,305.0,0.03457772060360276,0.014234936884139238
117,310.0,0.07773683420674204,0.031895964569548796
117,315.0,0.17897457342842993,0.07643976857523638
117,320.0,0.07889823335968738,0.03236762198543641
117,325.0,0.024825345251942244,0.010220092018401239
117,330.0,0.059610667087338864,0.02445282285789152
117,335.0,0.06845203760293905,0.028024275218199945
117,340.0,0.025773029976820294,0.0105934310971183
117,345.0,0.02273849913041681,0.009363470439982202
117,350.0,0.003490500885491188,0.0014389910181809018
117,355.0,0.1711734043088492,0.07229958949814408
118,0.0,0.274306099291057,0.18413887691095676
118,5.0,0.4275390017686085,0.2972377088089696
118,10.0,0.538178286128379,0.3858810073608081
118,15.0,0.5323060277535294,0.3811395331630607
118,20.0,0.38932675150766416,0.27084076342180086
118,25.0,0.24038087174866907,0.16175730506759245
118,30.0,0.13609551182255142,0.08882097659716204
118,35.0,0.07231980967057361,0.047029606312478434
118,40.0,0.06158849723784554,0.03975164897432648
118,45.0,0.07150317358250935,0.0458401949310312
118,50.0,0.08179320334118101,0.05260686688041971
118,55.0,0.08625134078200736,0.05562684907517779
118,60.0,0.09457621568816255,0.061121138023849775
118,65.0,0.12371657269730063,0.08107966315461779
118,70.0,0.1397947571508097,0.09191097406893001
118,75.0,0.14730012609580811,0.0973411080454124
118,80.0,0.12281561515564998,0.08084024668918366
118,85.0,0.10764621895831639,0.07061842270616692
118,90.0,0.19233917907239018,0.12679374892210038
118,95.0,0.23502690768072776,0.15878783464576818
118,100.0,0.19924916269623283,0.13200215102816382
118,105.0,0.12593225263313879,0.08293710198468396
118,110.0,0.12147666600057394,0.08029404149913866
118,115.0,0.15199009329711444,0.10091814794515797
118,120.0,0.14594067519219767,0.0967903708328186
118,125.0,0.12540815687856077,0.0831582178346556
118,130.0,0.12655649950479408,0.08363051268079025
118,135.0,0.11239398752005214,0.0740845339680739
118,140.0,0.09553765090677613,0.06208381614029601
118,145.0,0.08818995712852973,0.056970013688128374
118,150.0,0.08942079358101152,0.05776218358791052
118,155.0,0.07265788859565614,0.04681318363484799
118,160.0,0.07750547750610193,0.05105375347146379
118,165.0,0.07478350792082145,0.04955746239760872
118,170.0,0.07413575490489999,0.049216871298266796
118,175.0,0.13508732647370258,0.08834616574962928
118,180.0,0.2877882572406738,0.1927728535583979
118,185.0,0.4446368530513093,0.3085700203346544
118,190.0,0.5460687116592521,0.39089419092636757
118,195.0,0.5359358103873167,0.38354430204694157
118,200.0,0.399515389052027,0.27714538124682864
118,205.0,0.255144847461239,0.1713200533124638
118,210.0,0.14680507713108004,0.0954060818033482
118,215.0,0.06537996124290713,0.042769038733386555
118,220.0,0.0536653003210531,0.03489378999464887
118,225.0,0.06928305475014718,0.04436084615310942
118,230.0,0.07879114519669395,0.05067980151756979
118,235.0,0.08546263404180154,0.05512719686845291
118,240.0,0.09290694021426993,0.06012113479498438
118,245.0,0.12507215886391487,0.08204340091461881
118,250.0,0.14157612531716246,0.09293002954125318
118,255.0,0.13844751014864776,0.09210359318600625
118,260.0,0.13391163322402855,0.08761418383615704
118,265.0,0.10920252629197746,0.07162030652280205
118,270.0,0.18162298835229074,0.12015159718164914
118,275.0,0.2418808061436638,0.16293573029406494
118,280.0,0.20282895481953256,0.1342402935736814
118,285.0,0.11813667869191591,0.07827332297875778
118,290.0,0.1331760798289715,0.0873552895811287
118,295.0,0.14742446268849718,0.09808592136704342
118,300.0,0.14052453440545976,0.09344436378118393
118,305.0,0.12789697935070454,0.08459564131296848
118,310.0,0.13168138914072847,0.08670228469242658
118,315.0,0.11157688340347527,0.07352495579576168
118,320.0,0.09696000369540958,0.06303575422232843
118,325.0,0.09147976528634982,0.05902840955891753
118,330.0,0.09976738325585,0.06399073023115986
118,335.0,0.07996103580662961,0.05149073722599007
118,340.0,0.08748432311118537,0.057468791115811935
118,345.0,0.08828193832571218,0.05807385861865977
118,350.0,0.0837151923676005,0.05515728631873362
118,355.0,0.13673721232553004,0.08953578802507667
119,0.0,0.39777560200865714,0.29597374679478994
119,5.0,0.35489397222796615,0.26051556062583126
119,10.0,0.25356025940766813,0.18241760716765298
119,15.0,0.1669926791366816,0.11781739883199538
119,20.0,0.13380799085955264,0.09560370386184747
119,25.0,0.13294006446628326,0.0948915414086905
119,30.0,0.16039812677452625,0.11440266019020429
119,35.0,0.19422959064631062,0.13918626554971747
119,40.0,0.20835881685869284,0.14866071236502587
119,45.0,0.23585681308790696,0.16818762653442643
119,50.0,0.24449552687920206,0.17482575504933395
119,55.0,0.2523613942156455,0.180647105630528
119,60.0,0.25391749642696726,0.18152568680929704
119,65.0,0.27159645263366206,0.19473739674001866
119,70.0,0.3031015235080816,0.21814719899274104
119,75.0,0.28720714334774866,0.20538797302951795
119,80.0,0.26041417921700005,0.18591375382485176
119,85.0,0.28308320693651,0.20311884664091406
119,90.0,0.2881569354453799,0.20631446818762078
119,95.0,0.23826949643512552,0.16918312161678106
119,100.0,0.23352839774467016,0.1663265081583798
119,105.0,0.2681713016193409,0.19336685829680422
119,110.0,0.2849382709519054,0.20667457222922037
119,115.0,0.2923604076374564,0.212383250239495
119,120.0,0.31359951029551025,0.22962306383240672
119,125.0,0.3604003614854031,0.2646616775027477
119,130.0,0.34292781633983704,0.2506690449210468
119,135.0,0.26854463460399725,0.1961779092817293
119,140.0,0.2267888188247169,0.1649743069460452
119,145.0,0.17748536616257704,0.12837902254943145
119,150.0,0.14940446808956287,0.1072489517143781
119,155.0,0.11602496443932353,0.08215589400232803
119,160.0,0.11476739446601913,0.08036279267324176
119,165.0,0.1880516254651724,0.13331401341680893
119,170.0,0.28050148926392116,0.20312127582329886
119,175.0,0.37662537685575614,0.2794063404616973
119,180.0,0.38166606671217196,0.28474313610216706
119,185.0,0.34100165945390537,0.2507611698901515
119,190.0,0.24912429202455932,0.1789758976107122
119,195.0,0.17507853608290624,0.12376903495019642
119,200.0,0.1435278132983271,0.10217788638870218
119,205.0,0.148886206216034,0.10541833896432529
119,210.0,0.16461689988949346,0.11714590062427499
119,215.0,0.20797255172569162,0.14848623754015944
119,220.0,0.20444447468730997,0.14634588826879513
119,225.0,0.22483854327331176,0.16108207739232505
119,230.0,0.25008744368607794,0.17868498646376052
119,235.0,0.2611185636406834,0.1869929177632773
119,240.0,0.25352622303732153,0.18133538567845797
119,245.0,0.266892012143653,0.19161985827482297
119,250.0,0.2997451914250566,0.2156525801333561
119,255.0,0.2809947149481019,0.20156924140462162
119,260.0,0.2459511491720917,0.1759568062324336
119,265.0,0.2696315258953861,0.1945933119544322
119,270.0,0.26363134821353884,0.18973060983505197
119,275.0,0.2338801495694992,0.16631429030980938
119,280.0,0.23127754804573208,0.16536393741307664
119,285.0,0.27029127808938036,0.19444033036799868
119,290.0,0.2951669010892416,0.21366807184184244
119,295.0,0.30976957302120944,0.2250219176664393
119,300.0,0.3240498934328122,0.2373159099914468
119,305.0,0.36387412229673866,0.26669666691910443
119,310.0,0.34265429373151113,0.2505535787001604
119,315.0,0.2691233230839517,0.19629200118926493
119,320.0,0.22186698508838865,0.1610756502827847
119,325.0,0.17102290133266917,0.12367667026567708
119,330.0,0.155033976260728,0.11119936183747126
119,335.0,0.11934878991248299,0.08478345875519522
119,340.0,0.1295470466064359,0.09000731946352025
119,345.0,0.19476082308022058,0.13782541788403668
119,350.0,0.28059871972322925,0.20300408603526654
119,355.0,0.3782760023967304,0.28118032848647834
120,0.0,0.1311142319463069,0.10279262824133628
120,5.0,0.09061909143904745,0.07064808147185053
120,10.0,0.09127192029454989,0.07100562857467263
120,15.0,0.06608896080905435,0.05123757451723887
120,20.0,0.062184300153387495,0.04823459812039921
120,25.0,0.05164338909762234,0.0406189771060147
120,30.0,0.04434905967337088,0.03617312660253802
120,35.0,0.0793543331739851,0.06392727670240939
120,40.0,0.2142131411733721,0.17109808061771636
120,45.0,0.3981356769339064,0.32634103365089295
120,50.0,0.5815837500549801,0.4869352073437817
120,55.0,0.6507076661829929,0.5497027611849171
120,60.0,0.5908907712804623,0.49722856441398455
120,65.0,0.40939758238458623,0.33601019964945755
120,70.0,0.2365320287788949,0.187836474711633
120,75.0,0.09247989842756488,0.07317185732657783
120,80.0,0.0832031069250363,0.06606293811153263
120,85.0,0.10057906284671836,0.07921549434330766
120,90.0,0.12580110284966461,0.09885485067630717
120,95.0,0.13239473427563986,0.10340511003597386
120,100.0,0.15085462222201695,0.11870723972672281
120,105.0,0.1663616659532685,0.13064189995854125
120,110.0,0.19432263992804633,0.15431178629082964
120,115.0,0.17373370003290745,0.1371538242410919
120,120.0,0.18776823637957207,0.14919763879711412
120,125.0,0.20370451925763677,0.16257572746770743
120,130.0,0.1692834107560962,0.1346044653164581
120,135.0,0.20433740071382667,0.1633531148798293
120,140.0,0.18791923298459545,0.14966911321490461
120,145.0,0.1190351301869772,0.094113691256561
120,150.0,0.19315412219371797,0.15427391401196522
120,155.0,0.19642062392626491,0.15755620805378967
120,160.0,0.11982106312253704,0.09439124289219292
120,165.0,0.1512369806889743,0.11999696425302497
120,170.0,0.15777613549734681,0.12546132052899384
120,175.0,0.11036672704426231,0.08691384007993141
120,180.0,0.12823348495123,0.10067928379806257
120,185.0,0.09258837620009919,0.07200571277492951
120,190.0,0.08703478797535336,0.067901807631783
120,195.0,0.06553354795113309,0.05081781714673517
120,200.0,0.06041937423744037,0.04685216260000258
120,205.0,0.04750803957033467,0.037463131783238235
120,210.0,0.04338160176825523,0.03545961590781033
120,215.0,0.08350849489054224,0.06714418056012428
120,220.0,0.2167201259878605,0.17333149721758323
120,225.0,0.3842830933656991,0.31523623575909265
120,230.0,0.5749745262325641,0.48204013826758196
120,235.0,0.6714457122973019,0.5670496115003374
120,240.0,0.606100710829611,0.5093328701375595
120,245.0,0.4083541428424209,0.33516233261315964
120,250.0,0.23109712349300737,0.18316798492695985
120,255.0,0.08784550057953944,0.0697837981973044
120,260.0,0.07459441792545696,0.05944922943505715
120,265.0,0.09236655297279239,0.0729213442950114
120,270.0,0.11677279200253687,0.09201088725744588
120,275.0,0.1300640377846186,0.10174039289387993
120,280.0,0.15230506610399253,0.11969888439218823
120,285.0,0.16029050747122953,0.12583394303337758
120,290.0,0.19410036305121414,0.15390189086539985
120,295.0,0.17123048908175376,0.13524296398944213
120,300.0,0.19510692163264498,0.1543631815532832
120,305.0,0.20253608827788117,0.16144598659219467
120,310.0,0.15971562449768983,0.12727668588813268
120,315.0,0.2115711589667486,0.16848128397218098
120,320.0,0.18318471257407376,0.14614382158305106
120,325.0,0.12033798849718669,0.0951206900409034
120,330.0,0.1995126651137482,0.15894970290041643
120,335.0,0.19309325989065618,0.15497689813521398
120,340.0,0.12073707471506723,0.09509917868389783
120,345.0,0.15529305759187884,0.12307606961195039
120,350.0,0.15821729439665133,0.12587602781122187
120,355.0,0.10946980275075047,0.086247059088436
121,0.0,0.4601035967561212,0.19493689171364603
121,5.0,0.6409131747106578,0.2868063959019058
121,10.0,0.7730222352894369,0.36410972786405793
121,15.0,0.751251703099129,0.35090900236719047
121,20.0,0.546533907276337,0.23708858873370464
121,25.0,0.3981688524691195,0.16602348533606348
121,30.0,0.299442799626337,0.12344409222742792
121,35.0,0.2903997249705941,0.12344490580474665
121,40.0,0.2890435647287759,0.12282132485901731
121,45.0,0.2572951265083572,0.1074119654070449
121,50.0,0.2648761869580195,0.1101207209772842
121,55.0,0.392130656832,0.17208233318023936
121,60.0,0.4053385430733226,0.1792669913460858
121,65.0,0.3151681046652641,0.13342495837682167
121,70.0,0.17736739756425146,0.07067966779074375
121,75.0,0.15404080574413492,0.06462354275354909
121,80.0,0.15166988357948397,0.06327297643221974
121,85.0,0.140942010054513,0.053541925241588406
121,90.0,0.2802148217254282,0.11607069825277727
121,95.0,0.4346659865771956,0.19062651149870813
121,100.0,0.5068896731445997,0.2308656483539696
121,105.0,0.4948196172243068,0.22365217841236706
121,110.0,0.36087471313451425,0.15316888854671373
121,115.0,0.20451080566961188,0.08092193039204842
121,120.0,0.13177026581034734,0.05245894505590443
121,125.0,0.15188205741166905,0.06381810112637787
121,130.0,0.16721300737376998,0.06872147660458572
121,135.0,0.22925947178430506,0.09408878156520128
121,140.0,0.3867691957852123,0.1693851601843147
121,145.0,0.40550553026431657,0.17935997533971892
121,150.0,0.32982478118470304,0.14063081865207883
121,155.0,0.22394935779218328,0.09138032365257476
121,160.0,0.29507658436749096,0.1258161945045816
121,165.0,0.29941990273187546,0.12807620591198177
121,170.0,0.26958005796601736,0.11203736720214297
121,175.0,0.3515029795215936,0.1451703770404753
121,180.0,0.4595231479364681,0.19474270616309441
121,185.0,0.6402600057812304,0.28658003855264713
121,190.0,0.7730612314566794,0.36413052567701554
121,195.0,0.7518579094248327,0.3512065297602156
121,200.0,0.5462865907881604,0.23705471885207807
121,205.0,0.39915331025107115,0.16667173907860833
121,210.0,0.30001650179568784,0.1236284079277391
121,215.0,0.28800487407282205,0.12254017043847443
121,220.0,0.28901824796396636,0.12281235228088705
121,225.0,0.25848376199646383,0.1078214198049704
121,230.0,0.2633290920280187,0.1095717388692452
121,235.0,0.3916627941310519,0.17201579738633066
121,240.0,0.4052012826410738,0.17923744431198407
121,245.0,0.3156882216910779,0.1335819070444645
121,250.0,0.18075627359962054,0.07194900919273783
121,255.0,0.15501835032442868,0.06499327399120913
121,260.0,0.14977674673129482,0.06255826126662045
121,265.0,0.14017805835124608,0.05342070601539861
121,270.0,0.28020832164664966,0.11606721637373651
121,275.0,0.4344399969258206,0.19056843912447974
121,280.0,0.5067733135119523,0.2307599324747529
121,285.0,0.49457867686058565,0.22359784089042123
121,290.0,0.36049639559741464,0.1531537464270305
121,295.0,0.20450319779036008,0.08092048120700357
121,300.0,0.1310988783137269,0.05221379912654889
121,305.0,0.15188205741166894,0.06381810112637787
121,310.0,0.16921960190440766,0.06945159130193357
121,315.0,0.22938511236982062,0.09416221661953417
121,320.0,0.386954632958602,0.16945024629076988
121,325.0,0.4053267848480071,0.17932248893186675
121,330.0,0.3292475810157881,0.1403231020534278
121,335.0,0.22389768841670998,0.09135289187207118
121,340.0,0.29521833897501626,0.12587298605810382
121,345.0,0.2994200293469059,0.12809255145978138
121,350.0,0.26818752049293293,0.11154473982835111
121,355.0,0.3524404417352677,0.14539434259753647
122,0.0,0.5303509804588546,0.28441706830188573
122,5.0,0.45531519409233867,0.23636212638568588
122,10.0,0.34810302712523367,0.1738492345495164
122,15.0,0.3145859994671071,0.15620565073407633
122,20.0,0.3121160528036724,0.1560099621383374
122,25.0,0.3483044843147879,0.17564620324082403
122,30.0,0.4120446644636794,0.21264509403590726
122,35.0,0.4270107899359835,0.2217684467686576
122,40.0,0.401606714291629,0.20621717082797486
122,45.0,0.38894926652527684,0.1997380118249371
122,50.0,0.38577601940477935,0.19730365233623215
122,55.0,0.4120846843442352,0.20881320183592977
122,60.0,0.44645936561088184,0.22745971348256377
122,65.0,0.5027794552774603,0.2585366460757754
122,70.0,0.5723541464477192,0.2993736348692869
122,75.0,0.6715823012943833,0.36102110421448164
122,80.0,0.742614887019917,0.40483767130273196
122,85.0,0.7342697723881133,0.39777662794306945
122,90.0,0.6598617866617302,0.350009071005295
122,95.0,0.5787772976558607,0.302220476500038
122,100.0,0.503900527308434,0.26074306576633766
122,105.0,0.4533271303401152,0.2330826872444629
122,110.0,0.4219566399255352,0.21765209586154755
122,115.0,0.38624730817924413,0.1988447612901254
122,120.0,0.3577572931243539,0.18274051790446255
122,125.0,0.3350601844931167,0.1691548594621327
122,130.0,0.35921107062931523,0.18336720698599196
122,135.0,0.4082432958136055,0.2127643651013793
122,140.0,0.4092460457056635,0.21352484188552434
122,145.0,0.36456632860637717,0.1865271595541721
122,150.0,0.29068157192235367,0.1452888101291787
122,155.0,0.26995943295354896,0.13347910633135252
122,160.0,0.2876218056247952,0.14197524468317546
122,165.0,0.3271266310897467,0.16178412602606818
122,170.0,0.42496421573765975,0.21808099239688739
122,175.0,0.5266002368688654,0.2819917809825553
122,180.0,0.5298035795873148,0.2841668593642561
122,185.0,0.45462580755996274,0.23591366242865996
122,190.0,0.34853399604951707,0.1738338584402379
122,195.0,0.31986371570232663,0.15859051544553215
122,200.0,0.32023235631226765,0.15952821005395312
122,205.0,0.35045355823423274,0.1766222893003423
122,210.0,0.4048062003232279,0.20946844141762244
122,215.0,0.415695563059179,0.21656545934470006
122,220.0,0.3941958772998153,0.20243435872936977
122,225.0,0.40537269256484854,0.20718850353717333
122,230.0,0.40575186449076117,0.20656133056892523
122,235.0,0.4111144821692404,0.2092132299823629
122,240.0,0.43982681331721407,0.2250935648622261
122,245.0,0.4973588276570945,0.2564060752808056
122,250.0,0.575356144414636,0.3012211907849983
122,255.0,0.6701876471005124,0.36046769456548555
122,260.0,0.7025584029964851,0.3832692334384774
122,265.0,0.6815920277364644,0.3698381367321799
122,270.0,0.6363058136727615,0.33921558087144277
122,275.0,0.5904867003833874,0.309131545465002
122,280.0,0.527002984120565,0.27257001458787566
122,285.0,0.4695013868971549,0.2412205315688294
122,290.0,0.4267159104484246,0.22031937700573856
122,295.0,0.3927580471878699,0.2019461485057915
122,300.0,0.36502109143030703,0.18639130407561777
122,305.0,0.33647811651922177,0.16960348221957133
122,310.0,0.35765903691875345,0.18272128401432708
122,315.0,0.4041101520179381,0.2113433869770024
122,320.0,0.40173256152447,0.21025834796234943
122,325.0,0.3598291209754383,0.18442771628310495
122,330.0,0.2960338537428794,0.1479710296870318
122,335.0,0.26278309009102785,0.13008546374551766
122,340.0,0.28615956198220616,0.14099384774721757
122,345.0,0.3280424797169088,0.16216012557249615
122,350.0,0.4242546053554138,0.21766363263168098
122,355.0,0.5249230906944333,0.28105800625749855
123,0.0,0.3444911483415859,0.16387796737277327
123,5.0,0.36105696570071666,0.17311045658165802
123,10.0,0.278844467668494,0.129403113550552
123,15.0,0.19033053617128526,0.08669549447483971
123,20.0,0.271797671090223,0.12412626332923749
123,25.0,0.43093597250060933,0.20725169603997218
123,30.0,0.489574485183329,0.24054086900779204
123,35.0,0.4264923362522477,0.20482016840162787
123,40.0,0.26311292641790496,0.11934944068927078
123,45.0,0.2566819156818573,0.1190919854845901
123,50.0,0.2492078201463228,0.11557429272592112
123,55.0,0.2534393883963785,0.11421889947713293
123,60.0,0.4069977839563462,0.19419996449466437
123,65.0,0.48962145323867035,0.24057717487783858
123,70.0,0.4505302380124745,0.2177486888273522
123,75.0,0.2801645776455376,0.12851125952424525
123,80.0,0.18973108765101898,0.08645562077233437
123,85.0,0.2653149741712757,0.12269047462973848
123,90.0,0.36174278779337365,0.17347937948221837
123,95.0,0.35951873579265503,0.1722165388750313
123,100.0,0.24390378618636088,0.11190759408888062
123,105.0,0.24930538634444566,0.11629950895778252
123,110.0,0.2548821454231184,0.1193122299174375
123,115.0,0.21657926392811944,0.09886616870697884
123,120.0,0.29028572217239557,0.1302636985290594
123,125.0,0.4117587689129054,0.1914585901203798
123,130.0,0.5870340727931815,0.28559580450484257
123,135.0,0.7559066083713253,0.3892902078129844
123,140.0,0.7580965672158394,0.39063877142481773
123,145.0,0.6175326066767296,0.3039669562868028
123,150.0,0.43592636662497664,0.20365516413211138
123,155.0,0.30713924488572,0.13859257132844516
123,160.0,0.2316707979796928,0.10564000717824451
123,165.0,0.24643600423337575,0.11490804765967466
123,170.0,0.24716837324154395,0.1151917799697949
123,175.0,0.24623269635283296,0.11314835333871343
123,180.0,0.3447057896053577,0.16402140625790684
123,185.0,0.3610565284009145,0.17311014419836546
123,190.0,0.2787967429912108,0.12937501822780395
123,195.0,0.18924214315947585,0.08622965152617501
123,200.0,0.27176743714143015,0.12412369009930146
123,205.0,0.43078025936609243,0.2071364156842629
123,210.0,0.48955684000208555,0.24053209250349772
123,215.0,0.4266188429997576,0.20491341888769365
123,220.0,0.26322509329238175,0.11945447664104902
123,225.0,0.2573710797029477,0.11937990673351406
123,230.0,0.2487933275286297,0.11539946415255331
123,235.0,0.253008876236104,0.11401764028472117
123,240.0,0.4069472621341639,0.19416121394903285
123,245.0,0.4896115556595605,0.24058028200071535
123,250.0,0.4505735426111196,0.217755485169161
123,255.0,0.280210915459123,0.1285401656180486
123,260.0,0.18996663478752862,0.0865546177122507
123,265.0,0.26527098791168635,0.12266583525116403
123,270.0,0.36175362096745134,0.17348975082628948
123,275.0,0.3595313143257881,0.17223093972465597
123,280.0,0.24429812877307233,0.11210228367494324
123,285.0,0.24973470732692582,0.1164830560551956
123,290.0,0.2549621346701796,0.11937612168138267
123,295.0,0.21578382392558249,0.09852963776485069
123,300.0,0.28891480746148546,0.1296615801410108
123,305.0,0.4110215718796263,0.19117103777312183
123,310.0,0.5867638836980161,0.28551413499186395
123,315.0,0.7556833198996972,0.3891442715569806
123,320.0,0.7580666675265548,0.39062801206702724
123,325.0,0.6176931484405757,0.30413179002186397
123,330.0,0.4358836939982006,0.20358025759025455
123,335.0,0.3077280301797616,0.13879550836864163
123,340.0,0.23244538534741,0.10595885151945539
123,345.0,0.24613449637045692,0.11474315691487658
123,350.0,0.24716557189558175,0.11519177448459084
123,355.0,0.24551667141844136,0.11281814376655586
124,0.0,0.1796375337624435,0.08535678971828176
124,5.0,0.18423498116962256,0.08774848256009438
124,10.0,0.18479697912770354,0.08812987500682068
124,15.0,0.19722605663069503,0.09430503777479526
124,20.0,0.18571857458095364,0.08856219629462847
124,25.0,0.20356267281570772,0.09796258674598679
124,30.0,0.19960410988638078,0.0953269188345578
124,35.0,0.20184573661995664,0.09583503112370739
124,40.0,0.1787928122989244,0.0848215155576123
124,45.0,0.22255052191474511,0.10745472148630442
124,50.0,0.20538200102472692,0.0981767371041159
124,55.0,0.18159569396409236,0.0866949823883284
124,60.0,0.20986339919454233,0.1002758584190766
124,65.0,0.221819977606043,0.10596760233064872
124,70.0,0.2237594075627174,0.10826098558081187
124,75.0,0.19313119859684225,0.09128330402932161
124,80.0,0.1853387983517205,0.08770834790269888
124,85.0,0.20505403431862412,0.09732806540338423
124,90.0,0.22047213900251306,0.10572792168829848
124,95.0,0.2113861887053311,0.10028572463428476
124,100.0,0.20283318229024083,0.09641249550024
124,105.0,0.1872389718667148,0.08838910242981424
124,110.0,0.17222917592363352,0.08091701701690668
124,115.0,0.1891317555829959,0.08849890913790293
124,120.0,0.22334058048142613,0.104129409050005
124,125.0,0.2826367024595662,0.1334433676774387
124,130.0,0.37154554395215966,0.18067683831385317
124,135.0,0.5110578706611811,0.2581064248329067
124,140.0,0.6775697134771606,0.35916821171911295
124,145.0,0.7639739936206985,0.4136383910400895
124,150.0,0.7233022075456419,0.3850855193880691
124,155.0,0.5550794084222541,0.2826093645849861
124,160.0,0.42673365392700013,0.21028822980918993
124,165.0,0.33216385815050653,0.15873501050493255
124,170.0,0.24012501107666462,0.11189995905378147
124,175.0,0.1836542413468103,0.08666897808388441
124,180.0,0.17625137459573115,0.08386801820688627
124,185.0,0.18173301968329125,0.08695949182270468
124,190.0,0.1735560485677622,0.08349053565758913
124,195.0,0.19458609337304145,0.0931567651817008
124,200.0,0.1828079911606164,0.08738409682370107
124,205.0,0.19840863029323885,0.09546536863001387
124,210.0,0.19357972660657075,0.09273818178285687
124,215.0,0.1960443105614199,0.0934372918500126
124,220.0,0.1809992944849953,0.08557194551295055
124,225.0,0.2221760654961562,0.10731432427330878
124,230.0,0.2036442422082837,0.09737078065540594
124,235.0,0.1898412323189872,0.09041942207144371
124,240.0,0.19465750538336812,0.09323103529122712
124,245.0,0.20844849520110809,0.10012012384584812
124,250.0,0.22203458993062297,0.10747953115144349
124,255.0,0.18818843722744272,0.08917717114226664
124,260.0,0.18709476009919135,0.08839260911597857
124,265.0,0.19992367940887612,0.09520469210649762
124,270.0,0.2108436812290505,0.10128533129427408
124,275.0,0.19152519512677002,0.09158959000034672
124,280.0,0.18975298400999696,0.090781788158661
124,285.0,0.1716952059445206,0.08178026876796474
124,290.0,0.15772080141415,0.07454260611796859
124,295.0,0.16903205863659487,0.07976243613416967
124,300.0,0.22388162690077096,0.1041421346036151
124,305.0,0.303740765826805,0.14232695874431933
124,310.0,0.39465702469050346,0.19080703197297244
124,315.0,0.5258296767568967,0.2645068173179115
124,320.0,0.684569626653091,0.36321427154338004
124,325.0,0.7700033921300957,0.41595929662617315
124,330.0,0.7208415111409799,0.38382147749828144
124,335.0,0.5563314868567125,0.2830143033986001
124,340.0,0.42676132809678213,0.20951087525729895
124,345.0,0.3191516837598143,0.1530413323953067
124,350.0,0.22778742711973798,0.10656596272697505
124,355.0,0.18600722153158344,0.0875501198677231
125,0.0,0.15778419980229041,0.06395433305002873
125,5.0,0.14000020906730437,0.05555726056579591
125,10.0,0.16439321861289513,0.06637907535489662
125,15.0,0.14834331717911586,0.059413510654721446
125,20.0,0.16909162658671473,0.06718028989639513
125,25.0,0.21143830499399363,0.08665335054449064
125,30.0,0.2359538941413042,0.09722992364960203
125,35.0,0.1854190086531472,0.07406250513580959
125,40.0,0.1610220696780047,0.06300253218530638
125,45.0,0.17598478350182079,0.07078916351951103
125,50.0,0.21540961602711095,0.08784369838290873
125,55.0,0.1958715350523541,0.07951149243271893
125,60.0,0.13380730113666928,0.0529961980050655
125,65.0,0.14248767091937764,0.056292975965079095
125,70.0,0.19379138753926528,0.07913455071135045
125,75.0,0.1806717112196493,0.07270058451709827
125,80.0,0.1257693664601428,0.050360617415631914
125,85.0,0.15465124865048274,0.062342667455476564
125,90.0,0.13316776880966497,0.053018229496212266
125,95.0,0.10883754075806162,0.04259410530873586
125,100.0,0.12685215091861757,0.05084502937482449
125,105.0,0.1025722496097935,0.0412897585822799
125,110.0,0.09516907250810613,0.0381024571577514
125,115.0,0.10909514347387261,0.0433936666053828
125,120.0,0.15887835475609224,0.06494977296081439
125,125.0,0.2404522165102333,0.10186124899474214
125,130.0,0.33047143339060636,0.14398153874037078
125,135.0,0.4303033598894348,0.18804052795569848
125,140.0,0.46166438293673784,0.20093638170176953
125,145.0,0.39962942746385766,0.17312532262216696
125,150.0,0.27985844571820306,0.11913254444185539
125,155.0,0.16123897743026416,0.06587783997393526
125,160.0,0.10272794226314375,0.040621756407413834
125,165.0,0.10911522708789989,0.042830410860442814
125,170.0,0.1162568746669762,0.04593225560080261
125,175.0,0.14418896453656227,0.058223273430293876
125,180.0,0.15600834620661608,0.06313681110787639
125,185.0,0.13658637055298617,0.05418301463827757
125,190.0,0.17051970159335894,0.06868902157289514
125,195.0,0.1499984608074354,0.05985774005921651
125,200.0,0.15492143851046825,0.062133154364582444
125,205.0,0.22446195063557173,0.09115112648125401
125,210.0,0.24994095015293938,0.10274225163683448
125,215.0,0.19413586946092654,0.07715901482640208
125,220.0,0.13537897090307416,0.05375158923036627
125,225.0,0.16891534244121398,0.068120431482242
125,230.0,0.21921496312575572,0.08928162438312182
125,235.0,0.20230131860545075,0.08184124783631053
125,240.0,0.1395538745862921,0.05495978389386691
125,245.0,0.12820857061794677,0.05121267138013563
125,250.0,0.19364949453564073,0.0789625800988133
125,255.0,0.1803527871942162,0.07272723776917034
125,260.0,0.13066230214731833,0.05216261529718802
125,265.0,0.1546278221485553,0.06211378439214754
125,270.0,0.12478849749303533,0.04993356211989641
125,275.0,0.1068372402356097,0.04181516435559818
125,280.0,0.1291160184558684,0.05191815478051709
125,285.0,0.11372622756208273,0.0456304007752768
125,290.0,0.09361384017106567,0.03777298141503693
125,295.0,0.1284850818873372,0.05048238914110725
125,300.0,0.16604653785134504,0.06748571470982812
125,305.0,0.23584217845382904,0.10019861770723537
125,310.0,0.336725234401951,0.14637863491377112
125,315.0,0.4115581360053996,0.18083067240259698
125,320.0,0.44151945095504164,0.19281412679680376
125,325.0,0.397712168042734,0.17258977935514308
125,330.0,0.2951316228635539,0.12492301161048136
125,335.0,0.17719551978341075,0.07194086124000254
125,340.0,0.1164246729409193,0.045510023529235166
125,345.0,0.10062411504144553,0.03974520675618698
125,350.0,0.11768335387059314,0.04662531106713641
125,355.0,0.14908836245763024,0.060225454268415524
126,0.0,0.132025882003724,0.10390216821613485
126,5.0,0.16619411170295695,0.13115560541260862
126,10.0,0.19052663624662647,0.1504032039006964
126,15.0,0.2011950662353874,0.1586328024939997
126,20.0,0.19995417033735063,0.15799725821845823
126,25.0,0.1960882563480587,0.15552158876548405
126,30.0,0.1796359057596708,0.14297222026023249
126,35.0,0.15333935707767532,0.12162743433905654
126,40.0,0.12134651898915283,0.0954448243592565
126,45.0,0.0942925213053224,0.07363837300914267
126,50.0,0.06331686029237993,0.04924737341901919
126,55.0,0.03171311345720296,0.02453609943043855
126,60.0,0.009973913167538706,0.007669343183007715
126,65.0,0.011407583522465514,0.008808631470593187
126,70.0,0.0399296565322218,0.03078409511013258
126,75.0,0.10275181099907815,0.07970277948919968
126,80.0,0.1920944386521044,0.1503384242473209
126,85.0,0.29708464912761146,0.23766707891187533
126,90.0,0.40357416755012365,0.3287988696831129
126,95.0,0.5171410548639909,0.42784371681226263
126,100.0,0.6393945859302531,0.5363509425285468
126,105.0,0.7612858543848247,0.6411195358840918
126,110.0,0.8140514447003231,0.6867549026559938
126,115.0,0.8056648729334818,0.6777704445071736
126,120.0,0.7090753089031747,0.5971954073949981
126,125.0,0.5818163972661659,0.48519387000713965
126,130.0,0.4641600975520467,0.3810076920712474
126,135.0,0.35486885651093625,0.286855686701705
126,140.0,0.24767554634085076,0.19577789759235786
126,145.0,0.14648805139821341,0.11336578801357633
126,150.0,0.06532931279517296,0.05031684536996128
126,155.0,0.017583564611459934,0.013594337129778422
126,160.0,0.013800847453993681,0.010623081858877836
126,165.0,0.041431375678684934,0.032042571782122664
126,170.0,0.06794764351310822,0.05295741825889977
126,175.0,0.0968705182915558,0.0758899560161953
126,180.0,0.1333860876153572,0.10507731129843667
126,185.0,0.1680100167501345,0.1326600946944234
126,190.0,0.1961553576382853,0.15458983989099706
126,195.0,0.20822336536663744,0.1637792694140231
126,200.0,0.21187544583834628,0.16661924017217455
126,205.0,0.20165440168995175,0.1596448240070134
126,210.0,0.1863002834031936,0.14790138331189395
126,215.0,0.1605633118407871,0.12698305635000118
126,220.0,0.1293156442413239,0.10131647415202238
126,225.0,0.09805567571965934,0.07635868026843562
126,230.0,0.06371481009739188,0.04949947834610835
126,235.0,0.03088482945141857,0.02389870982655451
126,240.0,0.009973913167538706,0.007669343183007604
126,245.0,0.011407583522465403,0.008808631470593187
126,250.0,0.039929656532222135,0.03078409511013258
126,255.0,0.10275181099907815,0.07970277948919968
126,260.0,0.19209443865210474,0.15033842424732102
126,265.0,0.29708464912761134,0.2376670789118751
126,270.0,0.40341297765395645,0.3286743687262683
126,275.0,0.5171861925329341,0.42783831241657555
126,280.0,0.6395471788967211,0.5362082145287551
126,285.0,0.7616217101154746,0.641508597760373
126,290.0,0.8154798579483697,0.6875912750262709
126,295.0,0.8057229074797295,0.6782664986897666
126,300.0,0.7087095139028615,0.596976935628098
126,305.0,0.5818616445217473,0.4853064840437261
126,310.0,0.4642236908424273,0.3810832731794296
126,315.0,0.3548960917905416,0.2868663920228848
126,320.0,0.24767554634085098,0.1957778975923582
126,325.0,0.14648805139821375,0.113365788013577
126,330.0,0.06532931279517362,0.050316845369961505
126,335.0,0.017583564611459823,0.013594337129778422
126,340.0,0.013265596836201432,0.01020685614096628
126,345.0,0.04025420823640258,0.0311986706458397
126,350.0,0.0676614824453946,0.05277378335557137
126,355.0,0.09591914958832115,0.07514813513560226
127,0.0,0.08131560002563076,0.03325774800289205
127,5.0,0.10459554589888531,0.04226537026395372
127,10.0,0.10991926112394201,0.04535770803343808
127,15.0,0.06968274033576549,0.02912933998352496
127,20.0,0.05667456461954812,0.022010680664762416
127,25.0,0.09413910289298022,0.038351016789737624
127,30.0,0.15178342989605542,0.06338783177613616
127,35.0,0.15050873542992715,0.06452157379373813
127,40.0,0.1461161083639263,0.06300206084788762
127,45.0,0.10318601634205804,0.04306926214346174
127,50.0,0.05773900750437244,0.02302249024262082
127,55.0,0.05104830624194512,0.02073823780683781
127,60.0,0.07568136707162998,0.031200064954968187
127,65.0,0.06335360990882222,0.025677588997580214
127,70.0,0.02704992220363811,0.010803139427407626
127,75.0,0.04196128673273403,0.017137657560726827
127,80.0,0.10365075620156805,0.0435442469817251
127,85.0,0.1293763636216818,0.05484323479591058
127,90.0,0.13043864363866253,0.05448218347687217
127,95.0,0.12107863257274276,0.050620678803528385
127,100.0,0.09542249987925999,0.040388674241769174
127,105.0,0.10561059785029991,0.0433703482276816
127,110.0,0.15976285408481217,0.06640304447142231
127,115.0,0.16895831066111766,0.07080069031315606
127,120.0,0.15017536040989243,0.061150289594954166
127,125.0,0.15047385666244095,0.06192215562783199
127,130.0,0.15986663833405534,0.06504680552363529
127,135.0,0.17440756446779793,0.07129004271035155
127,140.0,0.20100551381581677,0.08360453665539569
127,145.0,0.20337895591539823,0.08316547245120898
127,150.0,0.2581832830959597,0.10789819214631535
127,155.0,0.34950012148793397,0.15200960037525313
127,160.0,0.3387365398697332,0.14980205488165865
127,165.0,0.266043471494401,0.11511587593365802
127,170.0,0.16947516882531077,0.06922678492528522
127,175.0,0.11889040671666129,0.04754522267241357
127,180.0,0.08895394382573785,0.03601972494620842
127,185.0,0.11478058721200157,0.04582780940173847
127,190.0,0.10981101808687488,0.04517677807348486
127,195.0,0.06703002946072267,0.028113651707296516
127,200.0,0.05211482293540792,0.020391455947954218
127,205.0,0.09884599168169561,0.0401236994571843
127,210.0,0.15287535751743309,0.06373162718780023
127,215.0,0.14868517090651512,0.06375030189854825
127,220.0,0.1463189072534382,0.06300253187717442
127,225.0,0.10315302503844181,0.04309772401678502
127,230.0,0.05501999904657573,0.02201242970042594
127,235.0,0.05847347164019556,0.02349086380051657
127,240.0,0.07568136707162998,0.031200064954968187
127,245.0,0.06940140000080686,0.02782313686149518
127,250.0,0.02463300349896369,0.009889754809650708
127,255.0,0.04196128673273403,0.01713765756072705
127,260.0,0.1024959047438454,0.04306333456515288
127,265.0,0.12470619411521111,0.05284928147218437
127,270.0,0.12514852700856827,0.05253390049445539
127,275.0,0.12919459987793802,0.053661174653159116
127,280.0,0.1014295385244961,0.042730297293565145
127,285.0,0.09620893553079668,0.03997607127141822
127,290.0,0.15807778121755467,0.06559119455726081
127,295.0,0.16869592663287625,0.07063871800587529
127,300.0,0.15982042392522722,0.06455331791804964
127,305.0,0.1439816568418093,0.05955101803584184
127,310.0,0.15931680779802215,0.06475123897826973
127,315.0,0.19243807488079423,0.07823514380171381
127,320.0,0.20591161143269232,0.08542572230665313
127,325.0,0.19172108829591472,0.07891305253402159
127,330.0,0.25710109549720295,0.10746889820889216
127,335.0,0.3546651892203313,0.15389893365295326
127,340.0,0.3511265328651594,0.15435676708957446
127,345.0,0.26698011881166417,0.11548994305570659
127,350.0,0.1646704078398804,0.06732327639528723
127,355.0,0.12050204712827306,0.0480716530150066
128,0.0,0.3905777585659147,0.20863108339062364
128,5.0,0.3882440613431132,0.20658841824625995
128,10.0,0.44284052550939357,0.24078950605687333
128,15.0,0.4365725428027152,0.23709391544129044
128,20.0,0.36284293298927617,0.19098661666370786
128,25.0,0.34541180840110397,0.18022746555360425
128,30.0,0.39713938220187983,0.210746637280268
128,35.0,0.4734007466551987,0.26106754647678043
128,40.0,0.47661129737498564,0.2627804806701157
128,45.0,0.3899929091800537,0.2077777255511224
128,50.0,0.28668233141684285,0.1482244079823254
128,55.0,0.25269944988369364,0.1293348025559039
128,60.0,0.2898031688434255,0.14990476471891412
128,65.0,0.36050221665015547,0.1930030344201733
128,70.0,0.41951752903205763,0.23146644293782848
128,75.0,0.4030067449389244,0.2204573839302374
128,80.0,0.31536000021197286,0.1660315722881931
128,85.0,0.2592991215401039,0.13435567321191866
128,90.0,0.2952012404092744,0.1559513191609344
128,95.0,0.3301428135676576,0.17835691016738753
128,100.0,0.32294301718357454,0.1743934575830618
128,105.0,0.28281558581328237,0.14977871115307229
128,110.0,0.29144708337216196,0.1528004485263309
128,115.0,0.3530283599062308,0.1828875099564543
128,120.0,0.4036005175091205,0.20893547742463991
128,125.0,0.47875054531161254,0.2507164910404128
128,130.0,0.5733533872070083,0.30738830000102846
128,135.0,0.707331660992504,0.39462459707279385
128,140.0,0.8401191472247156,0.48773276734806315
128,145.0,0.8490742632383789,0.4948538337095658
128,150.0,0.7730987546711325,0.43983027563060917
128,155.0,0.6377408291947777,0.34796584562969723
128,160.0,0.5455920991365522,0.29056999441242903
128,165.0,0.4823270360895514,0.2548916331793267
128,170.0,0.4293776174984809,0.22490620457083477
128,175.0,0.4096631496576906,0.21816496020997667
128,180.0,0.39007270696408247,0.2085710366644764
128,185.0,0.38688847321952824,0.20586355138982892
128,190.0,0.44361722568787687,0.24113133300127276
128,195.0,0.4458659082050722,0.24110504510133413
128,200.0,0.3825344535048505,0.2013076856353535
128,205.0,0.3306616620861996,0.172709062017102
128,210.0,0.3825445650384036,0.2028440833399766
128,215.0,0.4706387923801635,0.25891273456223773
128,220.0,0.4776995911760389,0.26387778245064897
128,225.0,0.39459643777252396,0.2103178204725451
128,230.0,0.30813526039453,0.15907468970574845
128,235.0,0.25060502450389843,0.12823097055462584
128,240.0,0.26876537708248616,0.13969079126637762
128,245.0,0.3562483645516259,0.19108135447601393
128,250.0,0.419297430929651,0.23123009636741576
128,255.0,0.40648452051563055,0.22284233224384864
128,260.0,0.3212320079690516,0.16957861101444827
128,265.0,0.2625631604834803,0.1359771279549481
128,270.0,0.2907360632336865,0.1531088848620521
128,275.0,0.32980952274435904,0.1782498054266406
128,280.0,0.32433098724562204,0.17488831384478387
128,285.0,0.28288772561116904,0.1498026088151988
128,290.0,0.2912973054827779,0.1527503348201823
128,295.0,0.3522451740040985,0.18252982613386115
128,300.0,0.4039503115573818,0.20912348055166996
128,305.0,0.4789541807137684,0.2508558543317263
128,310.0,0.5732744842896778,0.30734339941426525
128,315.0,0.7072194970856234,0.3945003934157235
128,320.0,0.8399886551017672,0.4877384160566445
128,325.0,0.8491455733924842,0.49488583028810595
128,330.0,0.7734427747003426,0.440023656429689
128,335.0,0.6379322614500658,0.34799875924649837
128,340.0,0.5458895506780036,0.29082177161830935
128,345.0,0.4829992273262049,0.25526056892639015
128,350.0,0.4305483922442791,0.22545268268566077
128,355.0,0.4090162976776912,0.21799018302191708
129,0.0,0.034000771941405716,0.011734767543480129
129,5.0,0.020381766490691344,0.007047674308621077
129,10.0,0.01474281442590164,0.0051011789757460235
129,15.0,0.02548479756395239,0.009045776514124193
129,20.0,0.03397732765107053,0.011866639213319097
129,25.0,0.015273593056774781,0.00548545540483758
129,30.0,0.01166101329853031,0.0040197827990865465
129,35.0,0.030139880702845456,0.010583186882033413
129,40.0,0.02503268341425391,0.008823030736167747
129,45.0,0.042416636112798334,0.014798249502857685
129,50.0,0.0631485926484937,0.023171332107665976
129,55.0,0.03377879936362993,0.011817741458367337
129,60.0,0.011269007530830821,0.003892535460005009
129,65.0,0.02699350573348458,0.009320962919807663
129,70.0,0.027644633054160095,0.0098646728442775
129,75.0,0.031064904232137924,0.010707615499036982
129,80.0,0.037124296854628924,0.01289636719513465
129,85.0,0.07673483316001906,0.0289502489719774
129,90.0,0.07516341578213159,0.028961138051428414
129,95.0,0.05039258741545172,0.0180253173018472
129,100.0,0.04235981074817596,0.014754420780791588
129,105.0,0.0372734786484733,0.01303073110286812
129,110.0,0.028730830874163282,0.009923987034427983
129,115.0,0.030347363515232817,0.010484665182239783
129,120.0,0.051801006737766886,0.01874949662603731
129,125.0,0.04403194942810429,0.016063579874342593
129,130.0,0.021341505284903972,0.007370699088679933
129,135.0,0.023159191894820963,0.008011821100448957
129,140.0,0.06032360638166723,0.021240587899260865
129,145.0,0.03123825316865103,0.010791046633585988
129,150.0,0.07830193497021487,0.02774246095315369
129,155.0,0.15948908097164283,0.06042364987200022
129,160.0,0.14726507354071638,0.0552763117819689
129,165.0,0.04075162881701222,0.014100178333442126
129,170.0,0.03330279653967294,0.011842600909229728
129,175.0,0.0427227840994876,0.014741241551004092
129,180.0,0.03594757262228887,0.012409999126407056
129,185.0,0.021561056986255878,0.0074563322856096015
129,190.0,0.01589673071489206,0.00550104406246299
129,195.0,0.026273104901653133,0.009318947614105233
129,200.0,0.03397732765107053,0.01186663921331954
129,205.0,0.015273593056774781,0.00548545540483758
129,210.0,0.01166101329853042,0.0040197827990865465
129,215.0,0.02719521991092333,0.00956030563731769
129,220.0,0.02068631549789146,0.007392809212669382
129,225.0,0.045602020944638944,0.015815575582174723
129,230.0,0.0646132440713697,0.023661632127827903
129,235.0,0.034443947226280414,0.012048234268214664
129,240.0,0.011269007530830821,0.003892535460005009
129,245.0,0.023803755558826856,0.008210741948087574
129,250.0,0.027644633054160095,0.0098646728442775
129,255.0,0.031064904232137924,0.010707615499036982
129,260.0,0.037124296854628924,0.01289636719513465
129,265.0,0.07671409262016782,0.028941683543531882
129,270.0,0.07517693452211838,0.028964301288791017
129,275.0,0.05478335703977977,0.01946315228407358
129,280.0,0.036672133636533655,0.012792947712105929
129,285.0,0.036335583811605954,0.012707433245083832
129,290.0,0.02651933171565224,0.009154879371501612
129,295.0,0.030347363515232595,0.010484665182239783
129,300.0,0.051591348637677004,0.018676600235178142
129,305.0,0.045538735771082695,0.01658671358132191
129,310.0,0.02215901930540498,0.00765505991825477
129,315.0,0.024589607504149957,0.008507501131247208
129,320.0,0.0664232787399387,0.023331007810456827
129,325.0,0.03444739713243772,0.011906061975491156
129,330.0,0.07584152877915395,0.026935805654472622
129,335.0,0.15645974880402047,0.05926186254730614
129,340.0,0.1459155334745641,0.054766252618033806
129,345.0,0.04178429726991184,0.014442170980086155
129,350.0,0.029880013905337677,0.010656884830308022
129,355.0,0.04129980814303924,0.014251043393284979
130,0.0,0.07412441628306876,0.07415472565232417
130,5.0,0.07958430710359266,0.07954503999787887
130,10.0,0.09056422945438669,0.09051735833438368
130,15.0,0.10423834769947427,0.10423716091352675
130,20.0,0.1191945753478455,0.11924911579842379
130,25.0,0.1258583939576332,0.12594993170191882
130,30.0,0.12041162434460895,0.12055414034598155
130,35.0,0.11061735472054968,0.11075494335174696
130,40.0,0.09765284761863857,0.0977451426453767
130,45.0,0.08353832321368282,0.08357155326690735
130,50.0,0.06631379843117091,0.06632169678042332
130,55.0,0.04961040692565133,0.04958087581103143
130,60.0,0.04036529790745269,0.04035762383540409
130,65.0,0.023972267737348618,0.024008131419687162
130,70.0,0.02764458914515966,0.027900096291774368
130,75.0,0.0893188236992688,0.08983917231054284
130,80.0,0.18960095000013977,0.1903584367252753
130,85.0,0.30680613407781665,0.3120628649979833
130,90.0,0.42316149452539076,0.43518950140564416
130,95.0,0.5473312300309097,0.5635211759936197
130,100.0,0.6836898395077182,0.6995587106141183
130,105.0,0.8307413948356401,0.8241697339487772
130,110.0,0.9014461125530322,0.8690948989588897
130,115.0,0.8970541119822361,0.8643130118136491
130,120.0,0.7834454254496298,0.7877420921848237
130,125.0,0.6365759258058552,0.6538313651061545
130,130.0,0.5039329445183724,0.5186689322419421
130,135.0,0.3818100456058864,0.39251165736774685
130,140.0,0.2662378666763815,0.2688404014919473
130,145.0,0.14977528268064688,0.14981064378153286
130,150.0,0.057790418852180836,0.05845824286494128
130,155.0,0.010550472488419005,0.010646643760760743
130,160.0,0.021121018493779453,0.021115886456985145
130,165.0,0.033027521879076094,0.03302492929979617
130,170.0,0.052647895973542025,0.05265584925043454
130,175.0,0.06210884955315177,0.062110939242258745
130,180.0,0.07414323018960223,0.07417258147995953
130,185.0,0.07952394793948192,0.07948583892446182
130,190.0,0.09052683306590903,0.09048099626897266
130,195.0,0.10405240368024493,0.10405810967554363
130,200.0,0.11912845027390118,0.11918620745215891
130,205.0,0.12584873160477306,0.1259413759813124
130,210.0,0.1204093569180903,0.1205521475455289
130,215.0,0.11061626574518846,0.11075395911696695
130,220.0,0.09764842682929864,0.09774112259034207
130,225.0,0.08328879820236523,0.08334259818051148
130,230.0,0.06630461266978704,0.0663104096414775
130,235.0,0.049281937324021974,0.0492504173043149
130,240.0,0.040060529726029914,0.04006498455166985
130,245.0,0.0234279791283446,0.023456692791752998
130,250.0,0.027374398100524666,0.027618162054726336
130,255.0,0.0893188236992688,0.08983917231054284
130,260.0,0.18960095000014,0.19035843672527542
130,265.0,0.30680613407781654,0.3120628649979831
130,270.0,0.4231182275583656,0.43515195935624773
130,275.0,0.5471458666496903,0.563288712433238
130,280.0,0.683456607475503,0.6991080595551133
130,285.0,0.8297059317756088,0.8233025949094404
130,290.0,0.9026308783298315,0.8694239642459946
130,295.0,0.8980451204381928,0.865516435207198
130,300.0,0.7835470460263493,0.788095154408781
130,305.0,0.6367387717090376,0.6543554347255414
130,310.0,0.5040008393705147,0.5187489702334487
130,315.0,0.38181008489508406,0.3925116967060718
130,320.0,0.2662378666763817,0.26884040149194766
130,325.0,0.14977528268064766,0.14981064378153364
130,330.0,0.05779041885218161,0.058458242864941945
130,335.0,0.0106128463437698,0.010709883567497469
130,340.0,0.021061101366334545,0.021058819508665394
130,345.0,0.03311320929521033,0.03311265741515346
130,350.0,0.0526221051923601,0.052633071141092835
130,355.0,0.0620973978588808,0.0620999331242863
131,0.0,0.16066700666213896,0.11448646489892811
131,5.0,0.1343564469365468,0.09538691920205866
131,10.0,0.09538083371365469,0.06673070782629043
131,15.0,0.06726284007830474,0.04692237520341258
131,20.0,0.0289942682691795,0.019901855496806675
131,25.0,0.0650470349740273,0.04464157330635665
131,30.0,0.24079414900822305,0.17081164357467693
131,35.0,0.45837611686502366,0.3396204966344152
131,40.0,0.5984001860347427,0.45252700435815807
131,45.0,0.5731784682468197,0.4316218124603869
131,50.0,0.39263075522124413,0.2872367681884107
131,55.0,0.18581987171216807,0.1302163599727042
131,60.0,0.030067044937444054,0.020608304691303703
131,65.0,0.01856429494119738,0.012764058851338689
131,70.0,0.06001409734590857,0.041786667034046765
131,75.0,0.08589568035950712,0.06032350785577145
131,80.0,0.09656068404854035,0.06749491791344564
131,85.0,0.12176210565182555,0.08631332088136479
131,90.0,0.17788155917775716,0.12778040233727428
131,95.0,0.1310810297430457,0.09384524855778453
131,100.0,0.0974429295463699,0.06704088705910594
131,105.0,0.14543063270858636,0.10353268104650071
131,110.0,0.28471468625530705,0.20650342852514136
131,115.0,0.28208862550163705,0.20421378936558088
131,120.0,0.13933109942224398,0.09800020314126723
131,125.0,0.13583134750943848,0.09468898032219064
131,130.0,0.14495215581275478,0.1006584671493963
131,135.0,0.26875645193947695,0.19053120609718965
131,140.0,0.4224389971328878,0.30905115644069814
131,145.0,0.3516734402804226,0.2555833203751806
131,150.0,0.1400032288380768,0.0967811088472339
131,155.0,0.12646950680361735,0.08758001664675841
131,160.0,0.18262995236967028,0.12944919297804092
131,165.0,0.28700990429135365,0.20850021082605297
131,170.0,0.21167873748160249,0.1510111207639543
131,175.0,0.12155461303661907,0.0848083296632074
131,180.0,0.15973931440247224,0.11387457513183197
131,185.0,0.14176691426159604,0.10013432217196516
131,190.0,0.10576260459184594,0.07327361277712496
131,195.0,0.07009173736566188,0.048834108116064034
131,200.0,0.029642129835037556,0.020345547177358925
131,205.0,0.06412465589260663,0.044003891810932116
131,210.0,0.2408704249476008,0.17088299625665293
131,215.0,0.45582986645482937,0.33721348001196205
131,220.0,0.5939704932126976,0.4490580882651639
131,225.0,0.5785627468185082,0.4358827596054963
131,230.0,0.39547720368288886,0.28963355604346275
131,235.0,0.18581987171216918,0.13021635997270498
131,240.0,0.03006704493744461,0.020608304691303814
131,245.0,0.01856429494119738,0.0127640588513388
131,250.0,0.05690598293175042,0.03974521503678985
131,255.0,0.08286526041261322,0.058395924005220756
131,260.0,0.09550695247899021,0.06682639122687573
131,265.0,0.12153318964588378,0.08615567730067286
131,270.0,0.17750069079941078,0.12747155280132783
131,275.0,0.13664158270383187,0.09740451550133733
131,280.0,0.08959252165060694,0.061765950855002694
131,285.0,0.15078566409298744,0.10677698819810255
131,290.0,0.28270005417075716,0.2051924993881008
131,295.0,0.28728264510350054,0.2084094049443148
131,300.0,0.15348136197467777,0.10737016338426708
131,305.0,0.13569005658080335,0.09460071277893456
131,310.0,0.13554542086764043,0.09403381653470577
131,315.0,0.2648748044407344,0.18747507506655847
131,320.0,0.42054689248341326,0.30789948294248004
131,325.0,0.35478481934974393,0.25765819048810046
131,330.0,0.14903972132649113,0.10255643726843522
131,335.0,0.1261052670358509,0.08737479648436897
131,340.0,0.1799951124378062,0.1279698685715016
131,345.0,0.28648418480276705,0.20811518299996334
131,350.0,0.20644547442450423,0.14778493994820707
131,355.0,0.12274447574022529,0.08558874126535465
132,0.0,0.47190946866918504,0.3434199946429066
132,5.0,0.38299376131094354,0.27724932789280476
132,10.0,0.31602844853063494,0.22677466503740118
132,15.0,0.23276867604644502,0.1645873989399933
132,20.0,0.1671462660169616,0.1174799625816666
132,25.0,0.15238759072019592,0.10638131925237615
132,30.0,0.14260586245612672,0.09978005640806098
132,35.0,0.12660161152291727,0.08824587359976632
132,40.0,0.13212953570949793,0.09257742216398857
132,45.0,0.12091613864001771,0.08463913995438632
132,50.0,0.07927457102099889,0.05492717547134185
132,55.0,0.11111937551629669,0.07779074559224308
132,60.0,0.12724375130330923,0.08984085024962807
132,65.0,0.08982795456435633,0.06224591540637869
132,70.0,0.05969717064240643,0.04229304231713438
132,75.0,0.1013475717782587,0.0715378956835322
132,80.0,0.1667005637449105,0.11769169060365992
132,85.0,0.15364004172235013,0.10869471328986713
132,90.0,0.10256796459643547,0.07270450972692666
132,95.0,0.08924305765348539,0.06342144310379771
132,100.0,0.11848664320915259,0.08353144719950867
132,105.0,0.14310449197207709,0.10191364816912585
132,110.0,0.1687898827311003,0.11938796611548408
132,115.0,0.1533561095351761,0.10949776151048307
132,120.0,0.18929972270822903,0.13363481307708314
132,125.0,0.18856759526776412,0.1342835621768771
132,130.0,0.20963225701036614,0.14903224282600513
132,135.0,0.23863261882497688,0.16975244039896953
132,140.0,0.21518110129659318,0.15228920176358274
132,145.0,0.19145623299167625,0.1347963745930968
132,150.0,0.19796988694535322,0.1384344719841577
132,155.0,0.21675552782212426,0.15050355640000268
132,160.0,0.25027144676699487,0.17675884994796942
132,165.0,0.29884884767404984,0.2132025224423335
132,170.0,0.37246240038980494,0.26889504018665566
132,175.0,0.4411022587360821,0.3206945036834429
132,180.0,0.4790995725753985,0.34896592340956467
132,185.0,0.39913699866488406,0.2887550232618151
132,190.0,0.3058839339480788,0.21931064211445994
132,195.0,0.24182143653564503,0.1711974605143083
132,200.0,0.18196702775885898,0.12727306037296715
132,205.0,0.1553594097902442,0.10807337793062566
132,210.0,0.1389867503644182,0.09756521833261678
132,215.0,0.12174717461217965,0.08502771171531487
132,220.0,0.1297598263214994,0.09074464736234089
132,225.0,0.128013085183172,0.08923231340638516
132,230.0,0.07677134361094029,0.053273655010195764
132,235.0,0.1174959500396987,0.08177342713065339
132,240.0,0.12724375130330923,0.08984085024962818
132,245.0,0.08540809611318989,0.05941415965195074
132,250.0,0.05969717064240643,0.04229304231713438
132,255.0,0.1010737343575423,0.07135361889145819
132,260.0,0.15852395977013745,0.11202462793129009
132,265.0,0.15663324064545436,0.11100969641452185
132,270.0,0.1077172373793912,0.07610272288765951
132,275.0,0.08924305765348539,0.06342144310379771
132,280.0,0.12571151751591392,0.08821144345686827
132,285.0,0.14782474788450883,0.10500096896320776
132,290.0,0.17241509448212045,0.12224638882497219
132,295.0,0.1539158184916971,0.10937438769776453
132,300.0,0.17726239733381732,0.12559557679096545
132,305.0,0.18791666355002234,0.13370263248394032
132,310.0,0.21993899890454305,0.15568779747261208
132,315.0,0.24185641473265962,0.17194571596007113
132,320.0,0.21627324114262025,0.15221049530433406
132,325.0,0.1936390063207637,0.13623230581932833
132,330.0,0.19675339370837053,0.13726101007645686
132,335.0,0.20854879262485881,0.14590227780199927
132,340.0,0.2460224840697065,0.1737215837224727
132,345.0,0.30100831944123607,0.21448512042459766
132,350.0,0.36387841258826803,0.26287692237562055
132,355.0,0.4658648697517621,0.3383524118329688
133,0.0,0.05075751137478102,0.04676579845521467
133,5.0,0.08388075744030021,0.07871772032716962
133,10.0,0.10082171047319233,0.09453823503830971
133,15.0,0.11576627963725261,0.10905208439391356
133,20.0,0.12766904473624796,0.1191107778928927
133,25.0,0.15384560510760692,0.14557586207951434
133,30.0,0.14305965347549843,0.13255955199004898
133,35.0,0.18203161405034285,0.1722997936704611
133,40.0,0.16538541753604086,0.15419560380189978
133,45.0,0.20490360648614903,0.19385703080004968
133,50.0,0.1943690193111446,0.18300353313973072
133,55.0,0.20225608516285798,0.19113039883648764
133,60.0,0.20213439838385727,0.19068666591412176
133,65.0,0.17244060656685078,0.1624947883384652
133,70.0,0.17243935484145423,0.1621772424056992
133,75.0,0.1373191636976432,0.12855526257797112
133,80.0,0.11436580764730575,0.10630151754806216
133,85.0,0.10263014398765935,0.09586179397931993
133,90.0,0.07408308570069544,0.06884373377591135
133,95.0,0.04052583348890704,0.03728824084908733
133,100.0,0.0644055055188062,0.05935061431775446
133,105.0,0.175128044336762,0.16023628917470134
133,110.0,0.31588413647971425,0.2979150270099705
133,115.0,0.45881074877728867,0.4361570059072234
133,120.0,0.611353300051415,0.5853369002355262
133,125.0,0.7702245241411375,0.7263067030662005
133,130.0,0.8144086250542625,0.758314187129183
133,135.0,0.7724824963815407,0.7283814520519538
133,140.0,0.6118231505487642,0.5854247803745041
133,145.0,0.4576673781878122,0.434692027012473
133,150.0,0.31392889548250147,0.2961634529585795
133,155.0,0.17288185271143464,0.1580157969390309
133,160.0,0.054200977470028944,0.050055907035686076
133,165.0,0.006091177561955208,0.005592998302949903
133,170.0,0.018276935076836587,0.01678643480336539
133,175.0,0.03492172485856748,0.032104602795440695
133,180.0,0.05052138409320783,0.046551771895025906
133,185.0,0.08387698072511784,0.07871178313499072
133,190.0,0.09997817898340444,0.09382849300692031
133,195.0,0.11577598574036918,0.1090637777528477
133,200.0,0.12795417721057334,0.11931091399632576
133,205.0,0.15432255163045439,0.14601910042591892
133,210.0,0.13868891013498086,0.12868011431328663
133,215.0,0.18185217508084695,0.17214306236795296
133,220.0,0.16503869811196814,0.15385451447861487
133,225.0,0.2009822570953519,0.19027110644781198
133,230.0,0.19162395326308312,0.18088221421088402
133,235.0,0.19841966173348868,0.18760406118429374
133,240.0,0.19682376978787042,0.18609381215182552
133,245.0,0.17682605724567269,0.1664085592396768
133,250.0,0.16876232262008306,0.1591915132589875
133,255.0,0.13835143978530273,0.12947650235529173
133,260.0,0.11387918555178356,0.10589924349531932
133,265.0,0.10230684085875585,0.09560791936491508
133,270.0,0.07335723719830745,0.06828247383783692
133,275.0,0.041372529096692756,0.038065134446325866
133,280.0,0.0644160603984264,0.05936937037826295
133,285.0,0.1751280443367612,0.16023628917470045
133,290.0,0.3158841364797147,0.29791502700997097
133,295.0,0.45892628387991197,0.436245362423365
133,300.0,0.612158686100733,0.5859759363791902
133,305.0,0.7718452883468188,0.7281415071075906
133,310.0,0.8142991793183353,0.7582994968593337
133,315.0,0.7709861860422951,0.7265097093983197
133,320.0,0.610986198217357,0.584817207864476
133,325.0,0.45761020094428406,0.4346443644044654
133,330.0,0.31392889548250236,0.2961634529585805
133,335.0,0.17288185271143397,0.15801579693903045
133,340.0,0.05420097747002872,0.05005590703568552
133,345.0,0.00609117756195543,0.005592998302949903
133,350.0,0.018416030352534807,0.016904993879307773
133,355.0,0.035089224266084296,0.032252411004368486
134,0.0,0.16570055111387705,0.10359843343172814
134,5.0,0.2362312563612875,0.14704258943537485
134,10.0,0.3360943058229583,0.21685793500685902
134,15.0,0.4877676948601517,0.32859369111158376
134,20.0,0.5164452242790936,0.34949131863529836
134,25.0,0.3995912194151513,0.26194850309543116
134,30.0,0.28711510408385,0.18247353340701278
134,35.0,0.2682171537560384,0.16876659096959012
134,40.0,0.3102800304597322,0.20041956259419091
134,45.0,0.325206513910006,0.21470373084635397
134,50.0,0.3188933956500096,0.21069764822283832
134,55.0,0.2612678893674313,0.1671267215798684
134,60.0,0.12836069292748442,0.07817152610986022
134,65.0,0.10654792097579013,0.0651330855409149
134,70.0,0.18167016880622122,0.11644679112873979
134,75.0,0.18312515716989453,0.11738332008864993
134,80.0,0.12841796667971905,0.07935960677274356
134,85.0,0.06346536244462686,0.04023284357953927
134,90.0,0.03694348510392631,0.02276430736998425
134,95.0,0.03137654286049396,0.01867412022642656
134,100.0,0.1619225083524587,0.10179639026494747
134,105.0,0.2613704538543379,0.17063730589657788
134,110.0,0.2620671704957953,0.17119226681048372
134,115.0,0.15507492890805763,0.09675995260942327
134,120.0,0.021851600355347167,0.013001872481291699
134,125.0,0.0,0.0
134,130.0,0.003441127133898658,0.0020521973283764705
134,135.0,0.11019329922331023,0.06766945359556498
134,140.0,0.2350515170020473,0.1503993679635971
134,145.0,0.2726305700024727,0.176546660524724
134,150.0,0.17680358763660275,0.1115407579847485
134,155.0,0.11260885690731726,0.06947403191905988
134,160.0,0.1385484790747714,0.08704210002366486
134,165.0,0.13247413130888408,0.08401116886318616
134,170.0,0.10892496191718615,0.06813582745265945
134,175.0,0.15525100502898082,0.0978266095643695
134,180.0,0.1621636359813936,0.10167780661666792
134,185.0,0.24306134143894254,0.15055346603085806
134,190.0,0.35037464850700295,0.22523947831179192
134,195.0,0.5114655931941907,0.3432505505911754
134,200.0,0.5478991534903092,0.36885196686970334
134,205.0,0.45093296902391466,0.29237163711727554
134,210.0,0.3196084649299682,0.20051119049520594
134,215.0,0.23705820900186492,0.15121657786218556
134,220.0,0.2745592623373204,0.17879478269061566
134,225.0,0.29682879854893107,0.1970414298194496
134,230.0,0.31138910605093717,0.20575040176178583
134,235.0,0.2524533769821191,0.1621127585294755
134,240.0,0.12207820177306328,0.07471180926610377
134,245.0,0.11293409299150503,0.06880965652601945
134,250.0,0.1903949908671928,0.12151609367151239
134,255.0,0.18561839966498028,0.11884938648800636
134,260.0,0.12848306519209474,0.07940034551681752
134,265.0,0.06346536244462686,0.04023284357953927
134,270.0,0.03694348510392631,0.02276430736998436
134,275.0,0.03137654286049385,0.018674120226426227
134,280.0,0.16192250835245825,0.10179639026494702
134,285.0,0.2613704538543379,0.17063730589657788
134,290.0,0.2620671704957952,0.1711922668104836
134,295.0,0.1550749289080574,0.09675995260942316
134,300.0,0.021851600355347167,0.013001872481291588
134,305.0,0.0,0.0
134,310.0,0.003441127133898658,0.0020521973283764705
134,315.0,0.11019329922331023,0.06766945359556498
134,320.0,0.23505151700204707,0.15039936796359699
134,325.0,0.2726305700024727,0.176546660524724
134,330.0,0.17680358763660387,0.11154075798474927
134,335.0,0.1126088569073177,0.06947403191905999
134,340.0,0.1385484790747713,0.08704210002366486
134,345.0,0.13248328193170655,0.08401769524035263
134,350.0,0.11557379680455471,0.07183203740747823
134,355.0,0.16349810398050113,0.10270858606452304
135,0.0,0.16746231532856648,0.13582659286560472
135,5.0,0.08587012110904291,0.0686308894702683
135,10.0,0.09489922192714728,0.07633452379287009
135,15.0,0.13760292065242274,0.11194851451578802
135,20.0,0.16412014361489047,0.13324876473626424
135,25.0,0.18516524407407697,0.14842165692563924
135,30.0,0.23556068706072242,0.18942925502342134
135,35.0,0.30767039640433014,0.25020484452876046
135,40.0,0.35156137786260355,0.2885411078055712
135,45.0,0.3898279117227813,0.31932663465025835
135,50.0,0.4139847622732322,0.3382963780102859
135,55.0,0.40250770172440464,0.32750586499862766
135,60.0,0.39676267397610876,0.3225090314897785
135,65.0,0.4161112398035365,0.3380230920212772
135,70.0,0.45986041305949243,0.3757073347228924
135,75.0,0.47574045403955445,0.3883407747278712
135,80.0,0.4614922447949603,0.37678278377680274
135,85.0,0.4346661344856946,0.35613540985438785
135,90.0,0.3980900000442842,0.3240089002331218
135,95.0,0.35343924554839956,0.28593203795139166
135,100.0,0.32333138426952157,0.2606618262629926
135,105.0,0.2681868435040575,0.21720682843827832
135,110.0,0.25091951257712386,0.20409731692958344
135,115.0,0.24891271955896188,0.20273727104093597
135,120.0,0.2566470479429298,0.20881589913264043
135,125.0,0.23413451332493296,0.1902830445485193
135,130.0,0.20217844142804808,0.16470623988413136
135,135.0,0.19392004061555068,0.15730581924494758
135,140.0,0.20931020242327592,0.17014714307746082
135,145.0,0.18474259869473764,0.15002332731060342
135,150.0,0.14876677713082154,0.11969052072723163
135,155.0,0.12492796879162682,0.09957429359716818
135,160.0,0.12618859081914968,0.10045232061280074
135,165.0,0.1732559029233285,0.13972282917135825
135,170.0,0.21220380652898385,0.17397948104490424
135,175.0,0.2215053862491373,0.18168545961187
135,180.0,0.1687604420040808,0.13668386953124956
135,185.0,0.09867683425856044,0.07872890669824106
135,190.0,0.10660062389402547,0.0852562682452146
135,195.0,0.14956696275307213,0.12107240648203832
135,200.0,0.17298614211173613,0.13987796096890637
135,205.0,0.18173718987902565,0.14653708528829124
135,210.0,0.2285177826377519,0.18421923198454204
135,215.0,0.29461092743055206,0.2403745410218624
135,220.0,0.3373881096472142,0.27765436247724473
135,225.0,0.3853443186159057,0.3150960373803401
135,230.0,0.4154228315039733,0.3392879382881443
135,235.0,0.42183075157749705,0.34310929898848086
135,240.0,0.3922460701300621,0.31931968318178394
135,245.0,0.4083961301398277,0.3315521814243737
135,250.0,0.4297862114726443,0.34970068060029125
135,255.0,0.4320794048743253,0.35293509688844804
135,260.0,0.414904040543321,0.33994272980958584
135,265.0,0.39297510779215084,0.3227112360416027
135,270.0,0.3565288850402417,0.29092717528250933
135,275.0,0.31850557845793426,0.2589814022646538
135,280.0,0.30189821757809543,0.2446807823938123
135,285.0,0.2841716050616184,0.22952177739887947
135,290.0,0.273046044434044,0.22142580175569693
135,295.0,0.2772234381728004,0.22498101249647495
135,300.0,0.2618754079034623,0.21324995071527741
135,305.0,0.24845523516877555,0.20236416642367805
135,310.0,0.21895832583859964,0.17763773072275335
135,315.0,0.1976649947326311,0.1605411853798846
135,320.0,0.20982151257453052,0.17051001482020978
135,325.0,0.18065243325784175,0.1466704688290078
135,330.0,0.14496951047295237,0.11668956802966612
135,335.0,0.12526786312622074,0.09983976284734486
135,340.0,0.11780216839849222,0.09414979116853883
135,345.0,0.16355274391720664,0.13235269577028397
135,350.0,0.21362232210112053,0.17523134063547818
135,355.0,0.2236109646399257,0.18352141141952127
136,0.0,2.220446049250313e-16,0.0
136,5.0,2.220446049250313e-16,0.0
136,10.0,2.220446049250313e-16,0.0
136,15.0,2.220446049250313e-16,0.0
136,20.0,2.220446049250313e-16,0.0
136,25.0,2.220446049250313e-16,0.0
136,30.0,2.220446049250313e-16,0.0
136,35.0,2.220446049250313e-16,0.0
136,40.0,2.220446049250313e-16,0.0
136,45.0,2.220446049250313e-16,0.0
136,50.0,2.220446049250313e-16,0.0
136,55.0,2.220446049250313e-16,0.0
136,60.0,2.220446049250313e-16,0.0
136,65.0,2.220446049250313e-16,0.0
136,70.0,2.220446049250313e-16,0.0
136,75.0,0.14191715343798883,0.050348587503402764
136,80.0,0.3918443071145934,0.1527240631790363
136,85.0,0.6807371638438511,0.2876558467876631
136,90.0,0.7675942458745644,0.33537054543100775
136,95.0,0.6322657231182365,0.26210455648085385
136,100.0,0.35371770187769336,0.13636008437737857
136,105.0,0.10744331533559515,0.038177927002148726
136,110.0,2.220446049250313e-16,0.0
136,115.0,2.220446049250313e-16,0.0
136,120.0,2.220446049250313e-16,0.0
136,125.0,2.220446049250313e-16,0.0
136,130.0,2.220446049250313e-16,0.0
136,135.0,2.220446049250313e-16,0.0
136,140.0,2.220446049250313e-16,0.0
136,145.0,2.220446049250313e-16,0.0
136,150.0,2.220446049250313e-16,0.0
136,155.0,2.220446049250313e-16,0.0
136,160.0,2.220446049250313e-16,0.0
136,165.0,2.220446049250313e-16,0.0
136,170.0,2.220446049250313e-16,0.0
136,175.0,2.220446049250313e-16,0.0
136,180.0,2.220446049250313e-16,0.0
136,185.0,2.220446049250313e-16,0.0
136,190.0,2.220446049250313e-16,0.0
136,195.0,2.220446049250313e-16,0.0
136,200.0,2.220446049250313e-16,0.0
136,205.0,2.220446049250313e-16,0.0
136,210.0,2.220446049250313e-16,0.0
136,215.0,2.220446049250313e-16,0.0
136,220.0,2.220446049250313e-16,0.0
136,225.0,2.220446049250313e-16,0.0
136,230.0,2.220446049250313e-16,0.0
136,235.0,2.220446049250313e-16,0.0
136,240.0,2.220446049250313e-16,0.0
136,245.0,2.220446049250313e-16,0.0
136,250.0,2.220446049250313e-16,0.0
136,255.0,0.14191715343798905,0.050348587503402875
136,260.0,0.39184489106061005,0.15272453461632118
136,265.0,0.6805951263874155,0.2875896527694026
136,270.0,0.7676406169636375,0.3353902632315481
136,275.0,0.6323241481493026,0.26211027410864207
136,280.0,0.35371721349396745,0.13635998025739826
136,285.0,0.10744331533559659,0.03817792700214917
136,290.0,2.220446049250313e-16,0.0
136,295.0,2.220446049250313e-16,0.0
136,300.0,2.220446049250313e-16,0.0
136,305.0,2.220446049250313e-16,0.0
136,310.0,2.220446049250313e-16,0.0
136,315.0,2.220446049250313e-16,0.0
136,320.0,2.220446049250313e-16,0.0
136,325.0,2.220446049250313e-16,0.0
136,330.0,2.220446049250313e-16,0.0
136,335.0,2.220446049250313e-16,0.0
136,340.0,2.220446049250313e-16,0.0
136,345.0,2.220446049250313e-16,0.0
136,350.0,2.220446049250313e-16,0.0
136,355.0,2.220446049250313e-16,0.0
137,0.0,0.20534044319200928,0.11343527900765082
137,5.0,0.18154400910064006,0.10069633539461142
137,10.0,0.17414501719818531,0.09208699698454337
137,15.0,0.20517267892044944,0.11006605364767019
137,20.0,0.2925525778445015,0.16487998032985085
137,25.0,0.3495179164300931,0.19824490886207213
137,30.0,0.3795636736955261,0.21063309429069943
137,35.0,0.3468603178184769,0.19076192634995703
137,40.0,0.31223679270261584,0.1698299242938508
137,45.0,0.31969042613669263,0.17431528467165358
137,50.0,0.361355725365066,0.20003086960914362
137,55.0,0.3222439065999039,0.17521959246105723
137,60.0,0.23635109626333017,0.12810789996808292
137,65.0,0.19978385451649416,0.1080980430848999
137,70.0,0.1587882299197989,0.08325383191492886
137,75.0,0.25319161244995636,0.1347949804855616
137,80.0,0.4102557864387637,0.2294735562174618
137,85.0,0.5614159452425124,0.3307127260665461
137,90.0,0.5666415316235126,0.3343787348554491
137,95.0,0.4538642895149787,0.25712028271517084
137,100.0,0.2822810313573897,0.1521874009833839
137,105.0,0.11741138908814108,0.05894625242666118
137,110.0,0.02441327004568361,0.012883997555129478
137,115.0,0.04722300097179977,0.025062028750036935
137,120.0,0.06816322849257905,0.0371390462219483
137,125.0,0.08322966872601956,0.04473153359251203
137,130.0,0.09346116014744255,0.050374824568474086
137,135.0,0.1318831528562877,0.07222456035713554
137,140.0,0.1384179376304966,0.07635493310543007
137,145.0,0.09581776461119962,0.05314898315216554
137,150.0,0.0856308361099517,0.04502924780600526
137,155.0,0.1260112553975623,0.06733314473136376
137,160.0,0.17954786260034938,0.10038383251894223
137,165.0,0.19970364588460343,0.11259206546094602
137,170.0,0.22735758129025296,0.12491070694105166
137,175.0,0.1940286667830693,0.10659581700903276
137,180.0,0.1885525864133606,0.10486019223441911
137,185.0,0.1771182303177652,0.098409845669575
137,190.0,0.14588988811963688,0.07752635748228243
137,195.0,0.21895058844755677,0.11679734205407244
137,200.0,0.3343551759417811,0.18670240288394746
137,205.0,0.37872827782610363,0.21318179576567164
137,210.0,0.3842660501857842,0.21337002188287124
137,215.0,0.3158422400931037,0.17358405242790564
137,220.0,0.28273493082694845,0.15495824675727987
137,225.0,0.3345582028520171,0.18265848057917544
137,230.0,0.37131731748814534,0.20496082211423206
137,235.0,0.317400744836531,0.17278635685360766
137,240.0,0.23547695770729682,0.12761499530309328
137,245.0,0.19997658604528734,0.10820614570500386
137,250.0,0.1604998416397304,0.08405476065299677
137,255.0,0.2533875934504425,0.1349239803239296
137,260.0,0.4106811222192077,0.22970885316023715
137,265.0,0.5625308762131336,0.33150737633312055
137,270.0,0.5665859187297841,0.33438060823074534
137,275.0,0.4524831485806997,0.2565760177758173
137,280.0,0.28218707404056464,0.15214556966368253
137,285.0,0.11744199101450836,0.058963411304763236
137,290.0,0.023500368802996663,0.012425514424767359
137,295.0,0.046727198514995405,0.024821591685260436
137,300.0,0.06816365047579398,0.03713928926651
137,305.0,0.08743019639540817,0.04657845603859678
137,310.0,0.09281698452470588,0.05004801582652796
137,315.0,0.1318831528562875,0.07222456035713554
137,320.0,0.1384179376304966,0.07635493310543007
137,325.0,0.09581776461119973,0.05314898315216554
137,330.0,0.09683957747347116,0.0507134090732243
137,335.0,0.12404701688455955,0.06637933225342152
137,340.0,0.1699550814101346,0.09560242988693024
137,345.0,0.1960167763661671,0.1107089515268802
137,350.0,0.217469037617534,0.1193668392767091
137,355.0,0.20049833442187803,0.11026122036888464
138,0.0,0.16442099390095977,0.07411284351657221
138,5.0,0.1256503323724124,0.05475736476883175
138,10.0,0.0028176371897762342,0.0011704686571879508
138,15.0,0.01487857176926699,0.00617710884076994
138,20.0,0.014228035965802688,0.005900022584641507
138,25.0,0.009897509145406769,0.004111503170445285
138,30.0,0.00427943219073712,0.0017777098016713566
138,35.0,0.0,0.0
138,40.0,0.02562109938523416,0.01061923086311456
138,45.0,0.08853302334980229,0.03799524474108951
138,50.0,0.054855970250857866,0.022772932771326637
138,55.0,0.0,0.0
138,60.0,0.0115372264889948,0.0047755748949220855
138,65.0,0.01626422040827402,0.006715860469014734
138,70.0,0.0,0.0
138,75.0,0.0,0.0
138,80.0,0.0,0.0
138,85.0,0.028685349492485468,0.012056471051497208
138,90.0,0.0580355235737664,0.025365561592905816
138,95.0,0.03296865323866205,0.014052620115323822
138,100.0,0.0,0.0
138,105.0,0.0,0.0
138,110.0,0.004276661730771125,0.0017765589308040841
138,115.0,0.018528810035696508,0.007654747523492045
138,120.0,0.018309355036509767,0.007576352503403383
138,125.0,0.010437386798380688,0.004335772595130294
138,130.0,0.02011049412584942,0.008325295124668286
138,135.0,0.03568180484177408,0.015178262134019849
138,140.0,0.021475715990704858,0.008897460306964589
138,145.0,0.012474622888283826,0.005182056495405263
138,150.0,0.010397740536952305,0.004312970603856159
138,155.0,0.025104595661848306,0.010386188969090493
138,160.0,0.011897121016472445,0.004942157674196146
138,165.0,0.0048396414983499225,0.002010425155658413
138,170.0,0.0017585621500061377,0.0007305205530960812
138,175.0,0.0889925373005257,0.03747957895456433
138,180.0,0.16438949346924892,0.07409527427818685
138,185.0,0.12512103537838515,0.05451379051847205
138,190.0,0.0028176371897762342,0.0011704686571879508
138,195.0,0.010583468120284989,0.004383300216295627
138,200.0,0.014228035965802688,0.005900022584641507
138,205.0,0.007106362325513982,0.0029520388213273296
138,210.0,0.00427943219073712,0.0017777098016713566
138,215.0,0.0,0.0
138,220.0,0.025621099385234047,0.01061923086311456
138,225.0,0.08852408364601316,0.03799292063181148
138,230.0,0.054850002481057536,0.02277028354454136
138,235.0,0.0,0.0
138,240.0,0.011537226488994579,0.0047755748949219745
138,245.0,0.01626422040827402,0.006715860469014734
138,250.0,0.0,0.0
138,255.0,0.0,0.0
138,260.0,0.0,0.0
138,265.0,0.028685349492485246,0.012056471051497097
138,270.0,0.0580355235737664,0.025365561592905816
138,275.0,0.03296865323866227,0.014052620115323933
138,280.0,0.0,0.0
138,285.0,0.0,0.0
138,290.0,0.004276661730771125,0.0017765589308040841
138,295.0,0.018528810035696397,0.007654747523491934
138,300.0,0.018309355036509545,0.007576352503403272
138,305.0,0.009793429320865576,0.0040682675924534895
138,310.0,0.021003151262451003,0.008697597581417083
138,315.0,0.03568180484177397,0.015178262134019849
138,320.0,0.022106807457570432,0.009161275200988195
138,325.0,0.010448806713394432,0.004340516517676418
138,330.0,0.01068091830083795,0.0044306239738547415
138,335.0,0.02510831512412759,0.010387734062985321
138,340.0,0.010003148990585076,0.004155386793283644
138,345.0,0.005108771049931793,0.0021222236888379653
138,350.0,0.0017585621500061377,0.0007305205530960812
138,355.0,0.08847163578275541,0.03726094727744034
139,0.0,0.2186459034978555,0.14279049029680435
139,5.0,0.32920478819913945,0.22036078119372748
139,10.0,0.30086706092299054,0.19984739557154008
139,15.0,0.14449157693954529,0.09152863613142248
139,20.0,0.17339736602269096,0.1139517725187068
139,25.0,0.16192366046993356,0.10546637133698178
139,30.0,0.14720760947459532,0.09380225848952728
139,35.0,0.3057836863542801,0.20038660653367768
139,40.0,0.5375626742083102,0.36653761983707955
139,45.0,0.5750696618257027,0.39537651439207966
139,50.0,0.45598678327509257,0.30662277304536756
139,55.0,0.23001094715150405,0.1462423615227889
139,60.0,0.1113620015613378,0.07160432913688897
139,65.0,0.11288857467572999,0.07268846142576335
139,70.0,0.19981178359802876,0.1321293910344118
139,75.0,0.20161811465180457,0.13335863893694566
139,80.0,0.10840386892900122,0.06908602373779937
139,85.0,0.1214991575145703,0.07704007956849701
139,90.0,0.2777618417748968,0.18389832134480155
139,95.0,0.3756713924292442,0.2547176544202072
139,100.0,0.3525844063655301,0.23785797145823928
139,105.0,0.16886911267938542,0.10695524779550136
139,110.0,0.053455394677509815,0.0338550429640071
139,115.0,0.15387847444750247,0.10110109072397455
139,120.0,0.1755896852129415,0.11607315628162529
139,125.0,0.12718460150371946,0.08198565337586461
139,130.0,0.06458841156652395,0.041583148897137545
139,135.0,0.11891866092109771,0.07372304314769274
139,140.0,0.3299696502336462,0.2181400493922674
139,145.0,0.5255614702227592,0.360023589480461
139,150.0,0.5290417627621407,0.3629470623977201
139,155.0,0.37751062066384655,0.25093306566563167
139,160.0,0.1680562906870504,0.10493495203929581
139,165.0,0.0861150990561741,0.054382406893955904
139,170.0,0.1522157203832567,0.09995288212390818
139,175.0,0.15439177170641294,0.10085243251966647
139,180.0,0.2192282561672808,0.14330936921213866
139,185.0,0.32906304978442114,0.22027620321526165
139,190.0,0.3002056399994557,0.1994743202184447
139,195.0,0.14309951309820834,0.09069450757205455
139,200.0,0.17337426918296528,0.11393087351820907
139,205.0,0.16214991281203028,0.10560195598571598
139,210.0,0.1472461713222406,0.09374534079080676
139,215.0,0.30604586072750306,0.20059911594182156
139,220.0,0.5378513195056509,0.3666316343998507
139,225.0,0.5750149450787464,0.39534187397774645
139,230.0,0.4551413230758724,0.3062247143005079
139,235.0,0.22843817499887265,0.14547460237927834
139,240.0,0.11308879201301836,0.07266458187558567
139,245.0,0.11220789545530807,0.07229406322836707
139,250.0,0.1997994164124257,0.13212097489334462
139,255.0,0.20161282464437924,0.13335503897086054
139,260.0,0.1078999427916516,0.06881836158614685
139,265.0,0.12198068383928473,0.07729099015863272
139,270.0,0.2778884563720565,0.18398501301444692
139,275.0,0.37574468836775654,0.25478938769606596
139,280.0,0.3525060031981726,0.23778921590810165
139,285.0,0.16862703915271593,0.10685578882475921
139,290.0,0.05295158776945308,0.03353992356675317
139,295.0,0.15392470105028921,0.10114631793712658
139,300.0,0.17558968521294138,0.11607315628162529
139,305.0,0.12726952381175316,0.08203098840349221
139,310.0,0.06458841156652384,0.041583148897137545
139,315.0,0.11878481782041872,0.07363628353540785
139,320.0,0.33000573886794327,0.2181646263520408
139,325.0,0.525505655648326,0.3600191211569316
139,330.0,0.5292348422146189,0.36305637258344214
139,335.0,0.3777850831363516,0.2510369049886215
139,340.0,0.1683969828872628,0.1052018130455532
139,345.0,0.08593134995488005,0.054375982824979574
139,350.0,0.1522236916919637,0.09995877174507162
139,355.0,0.1524976931445301,0.09974797544308278
140,0.0,2.220446049250313e-16,0.0
140,5.0,2.220446049250313e-16,0.0
140,10.0,2.220446049250313e-16,0.0
140,15.0,2.220446049250313e-16,0.0
140,20.0,2.220446049250313e-16,0.0
140,25.0,2.220446049250313e-16,0.0
140,30.0,2.220446049250313e-16,0.0
140,35.0,2.220446049250313e-16,0.0
140,40.0,2.220446049250313e-16,0.0
140,45.0,2.220446049250313e-16,0.0
140,50.0,2.220446049250313e-16,0.0
140,55.0,2.220446049250313e-16,0.0
140,60.0,2.220446049250313e-16,0.0
140,65.0,2.220446049250313e-16,0.0
140,70.0,0.005354720546407621,0.0019330519019739034
140,75.0,0.18202744606684118,0.06548468404897545
140,80.0,0.42875484499037586,0.17050909366272726
140,85.0,0.7110845475163172,0.308820684915615
140,90.0,0.7771699574505688,0.3448913333337136
140,95.0,0.6220622214459377,0.26063291636494257
140,100.0,0.35284452181892234,0.1377641979057178
140,105.0,0.11233194836919502,0.04042219934459801
140,110.0,2.220446049250313e-16,0.0
140,115.0,2.220446049250313e-16,0.0
140,120.0,2.220446049250313e-16,0.0
140,125.0,2.220446049250313e-16,0.0
140,130.0,2.220446049250313e-16,0.0
140,135.0,2.220446049250313e-16,0.0
140,140.0,2.220446049250313e-16,0.0
140,145.0,2.220446049250313e-16,0.0
140,150.0,2.220446049250313e-16,0.0
140,155.0,2.220446049250313e-16,0.0
140,160.0,2.220446049250313e-16,0.0
140,165.0,2.220446049250313e-16,0.0
140,170.0,2.220446049250313e-16,0.0
140,175.0,2.220446049250313e-16,0.0
140,180.0,2.220446049250313e-16,0.0
140,185.0,2.220446049250313e-16,0.0
140,190.0,2.220446049250313e-16,0.0
140,195.0,2.220446049250313e-16,0.0
140,200.0,2.220446049250313e-16,0.0
140,205.0,2.220446049250313e-16,0.0
140,210.0,2.220446049250313e-16,0.0
140,215.0,2.220446049250313e-16,0.0
140,220.0,2.220446049250313e-16,0.0
140,225.0,2.220446049250313e-16,0.0
140,230.0,2.220446049250313e-16,0.0
140,235.0,2.220446049250313e-16,0.0
140,240.0,2.220446049250313e-16,0.0
140,245.0,2.220446049250313e-16,0.0
140,250.0,0.00535472054640751,0.0019330519019739034
140,255.0,0.1820274460668413,0.06548468404897556
140,260.0,0.4287573227314543,0.17051015336946362
140,265.0,0.7110969834827692,0.30881195019750063
140,270.0,0.7772362226419521,0.3449204281903242
140,275.0,0.6220971416861988,0.2606528792793098
140,280.0,0.3528445360717094,0.1377641652270838
140,285.0,0.11233194836919669,0.04042219934459845
140,290.0,2.220446049250313e-16,0.0
140,295.0,2.220446049250313e-16,0.0
140,300.0,2.220446049250313e-16,0.0
140,305.0,2.220446049250313e-16,0.0
140,310.0,2.220446049250313e-16,0.0
140,315.0,2.220446049250313e-16,0.0
140,320.0,2.220446049250313e-16,0.0
140,325.0,2.220446049250313e-16,0.0
140,330.0,2.220446049250313e-16,0.0
140,335.0,2.220446049250313e-16,0.0
140,340.0,2.220446049250313e-16,0.0
140,345.0,2.220446049250313e-16,0.0
140,350.0,2.220446049250313e-16,0.0
140,355.0,2.220446049250313e-16,0.0
141,0.0,0.09280236286962718,0.08800199663727382
141,5.0,0.06120302860096183,0.05804070262700989
141,10.0,0.024689476247051645,0.023592573224621827
141,15.0,0.026994974603680055,0.025785439720843573
141,20.0,0.020182066299286427,0.019422032198537775
141,25.0,0.0012551895891812492,0.0011814383698467434
141,30.0,1.1102230246251565e-16,0.0
141,35.0,1.1102230246251565e-16,0.0
141,40.0,1.1102230246251565e-16,0.0
141,45.0,1.1102230246251565e-16,0.0
141,50.0,1.1102230246251565e-16,0.0
141,55.0,1.1102230246251565e-16,0.0
141,60.0,1.1102230246251565e-16,0.0
141,65.0,0.0005364176676018184,0.0005048993556278081
141,70.0,0.006927017125008317,0.0065092321268978015
141,75.0,0.02928714386951503,0.02733711270145045
141,80.0,0.06817783922694087,0.06418454234709026
141,85.0,0.1214118887029979,0.11570614527049461
141,90.0,0.18630804940707668,0.1793106708950577
141,95.0,0.25922834347369483,0.25010897408185095
141,100.0,0.33884083286083866,0.3262435976562449
141,105.0,0.4107260119059347,0.39389482558490163
141,110.0,0.4685986928880945,0.4477651891843253
141,115.0,0.501422881348394,0.4752645906380607
141,120.0,0.513898124115429,0.4881257377937702
141,125.0,0.5076102493463255,0.4848998643605996
141,130.0,0.4822149873693441,0.46533228862557874
141,135.0,0.4518299349777678,0.43642551479827696
141,140.0,0.43157562068881183,0.4143570154879287
141,145.0,0.42447262617612114,0.4043219714438716
141,150.0,0.39012507576383537,0.37168264720657496
141,155.0,0.3260757506613059,0.3125384663594494
141,160.0,0.2564462550959742,0.2467518901046174
141,165.0,0.20458736174223024,0.1968012689387999
141,170.0,0.15732119874018702,0.151246604073913
141,175.0,0.11773467886300859,0.11263438147614391
141,180.0,0.08176853350777191,0.07805666697138303
141,185.0,0.049479521442196917,0.04737988057483211
141,190.0,0.023751391957759993,0.022726442198414687
141,195.0,0.02101254318394674,0.020259256011436633
141,200.0,0.020182066299286427,0.019422032198537775
141,205.0,0.0012551895891812492,0.0011814383698467434
141,210.0,1.1102230246251565e-16,0.0
141,215.0,1.1102230246251565e-16,0.0
141,220.0,1.1102230246251565e-16,0.0
141,225.0,1.1102230246251565e-16,0.0
141,230.0,1.1102230246251565e-16,0.0
141,235.0,1.1102230246251565e-16,0.0
141,240.0,1.1102230246251565e-16,0.0
141,245.0,0.0005364176676018184,0.0005048993556278081
141,250.0,0.006927017125008317,0.0065092321268978015
141,255.0,0.029287143869515142,0.027337112701450783
141,260.0,0.06817783922694098,0.06418454234709037
141,265.0,0.12141184413080441,0.11570610275995397
141,270.0,0.1862263283563106,0.17920365987384657
141,275.0,0.25772038156317134,0.2484699992091427
141,280.0,0.33393158749445906,0.32118314428623906
141,285.0,0.40319886508491964,0.3859447606968345
141,290.0,0.4657301697625831,0.44475874656392933
141,295.0,0.5127199022669711,0.4871080711374589
141,300.0,0.5209369129004042,0.49420270364449004
141,305.0,0.5066005502649215,0.4842029806894784
141,310.0,0.4832991017443268,0.46669099063440456
141,315.0,0.4652178552391829,0.4501974112983522
141,320.0,0.4664487644468285,0.44873820047561697
141,325.0,0.46817799347618116,0.44748111412156044
141,330.0,0.42531260548344485,0.40579390785968716
141,335.0,0.36324398698853144,0.34880736854629957
141,340.0,0.30559176770356444,0.29371971210607495
141,345.0,0.2540763776547741,0.2428439420828481
141,350.0,0.18736371736293922,0.17869435717159543
141,355.0,0.12815312891798125,0.12206989433388438
142,0.0,0.2829836138163675,0.15294980052006502
142,5.0,0.20569906437000662,0.11003921958211449
142,10.0,0.2093029939358062,0.11066280515773053
142,15.0,0.2753728682318066,0.1457143629915566
142,20.0,0.31750570669769096,0.1702010883753764
142,25.0,0.35633865770507456,0.19662444066597773
142,30.0,0.43385797676354476,0.241475066347564
142,35.0,0.41885449858176704,0.23219031429463932
142,40.0,0.3200222449742315,0.17304748593013952
142,45.0,0.20821151416050554,0.1112782337234155
142,50.0,0.2098615135476024,0.11059812892969834
142,55.0,0.25421548853423404,0.13353693079576034
142,60.0,0.29801348889694257,0.1608164986290459
142,65.0,0.3347657328422484,0.18331035770716542
142,70.0,0.29546012588770676,0.1596540568863879
142,75.0,0.24218216420835537,0.12816422741430655
142,80.0,0.26753743483649783,0.14457377275511907
142,85.0,0.30795908105870295,0.16958579023735998
142,90.0,0.2990400786648393,0.16421399451533225
142,95.0,0.3077750650516029,0.16691280428556698
142,100.0,0.35134610260584476,0.1864138876128717
142,105.0,0.3669861811508798,0.19800987290446703
142,110.0,0.43089630736713525,0.23731874074907444
142,115.0,0.5062312421112122,0.2885763437765878
142,120.0,0.5108027045998693,0.2907616110801632
142,125.0,0.4465155695854701,0.24919841156127198
142,130.0,0.38542033203665815,0.2102387705306431
142,135.0,0.3564364633390803,0.194065971550073
142,140.0,0.35146043647539826,0.19430690325076938
142,145.0,0.37489423659966803,0.20801960409413778
142,150.0,0.34083169481455433,0.18629604809292832
142,155.0,0.28111497228593096,0.14962592338424507
142,160.0,0.2465761904510857,0.12838410513217424
142,165.0,0.2782889294481541,0.14852566390523614
142,170.0,0.31541937985036683,0.17345062266424638
142,175.0,0.30955096657433434,0.16935121423939947
142,180.0,0.273249822006822,0.1482983750055049
142,185.0,0.23490164894315735,0.12474826575525466
142,190.0,0.23061881621236224,0.12135522025807577
142,195.0,0.26010082343612784,0.1384689763501885
142,200.0,0.28547338114613463,0.1540574470981707
142,205.0,0.3380209666377576,0.18769153004286143
142,210.0,0.4128559500580118,0.23101056641065554
142,215.0,0.42743363641796117,0.23687399686611932
142,220.0,0.3369882458422143,0.18217706088825614
142,225.0,0.2539819314323243,0.1336858176125476
142,230.0,0.22391580436335345,0.11765047658052163
142,235.0,0.21256841020332762,0.11300437170288224
142,240.0,0.2763355198407792,0.15007306373243445
142,245.0,0.32108574744608653,0.17635291795385588
142,250.0,0.2943153985161049,0.15913660728961654
142,255.0,0.273078171666731,0.1434654625833427
142,260.0,0.280623784948033,0.15059101541633302
142,265.0,0.34201154942872514,0.1870297780915512
142,270.0,0.3304789633068689,0.18047712131816784
142,275.0,0.31459162955179576,0.17077479950637997
142,280.0,0.3063318234878206,0.1646923573306205
142,285.0,0.3297933201208325,0.17986941125114686
142,290.0,0.39758882346836777,0.22060240744264525
142,295.0,0.48069690385320285,0.2744716967800239
142,300.0,0.5033320774283486,0.2868992255954138
142,305.0,0.4699307557747402,0.260300007620911
142,310.0,0.41915078950069395,0.22729049882712138
142,315.0,0.38960888157321827,0.2109121494342232
142,320.0,0.37296431477539327,0.20443084681229295
142,325.0,0.3594475531778577,0.20013254496559807
142,330.0,0.3251719611795748,0.1784272733290294
142,335.0,0.26439850235615237,0.14161145899082372
142,340.0,0.21736352437686324,0.11470358653622958
142,345.0,0.2700742150860179,0.1448355145172202
142,350.0,0.3309994858353804,0.18127407267679807
142,355.0,0.32315835038324214,0.17687841876489896
143,0.0,0.0,0.0
143,5.0,0.0,0.0
143,10.0,0.0,0.0
143,15.0,0.0,0.0
143,20.0,0.0,0.0
143,25.0,0.0,0.0
143,30.0,0.0,0.0
143,35.0,0.0,0.0
143,40.0,0.0,0.0
143,45.0,0.0,0.0
143,50.0,0.0,0.0
143,55.0,0.0,0.0
143,60.0,0.046033567107179874,0.03811182944217728
143,65.0,0.17063985748636112,0.13970526205841904
143,70.0,0.3252400023671561,0.2765491012276361
143,75.0,0.48195892272180507,0.41516323023908686
143,80.0,0.6520535298631782,0.5711304670269635
143,85.0,0.8400649430636101,0.7363848769378676
143,90.0,0.8963790022119571,0.7782484399024335
143,95.0,0.8401726394034283,0.7362958877679959
143,100.0,0.6516559310234835,0.5706051612140086
143,105.0,0.4816910415973189,0.4148177938664481
143,110.0,0.3248606730578143,0.27619265779939606
143,115.0,0.17020876342348612,0.13931371263982906
143,120.0,0.04565501421387674,0.03779846703657663
143,125.0,0.0,0.0
143,130.0,0.0,0.0
143,135.0,0.0,0.0
143,140.0,0.0,0.0
143,145.0,0.0,0.0
143,150.0,0.0,0.0
143,155.0,0.0,0.0
143,160.0,0.0,0.0
143,165.0,0.0,0.0
143,170.0,0.0,0.0
143,175.0,0.0,0.0
143,180.0,0.0,0.0
143,185.0,0.0,0.0
143,190.0,0.0,0.0
143,195.0,0.0,0.0
143,200.0,0.0,0.0
143,205.0,0.0,0.0
143,210.0,0.0,0.0
143,215.0,0.0,0.0
143,220.0,0.0,0.0
143,225.0,0.0,0.0
143,230.0,0.0,0.0
143,235.0,0.0,0.0
143,240.0,0.04603356710717943,0.03811182944217695
143,245.0,0.17063985748636157,0.13970526205841927
143,250.0,0.32524000236715667,0.27654910122763654
143,255.0,0.4819995746824527,0.415181237646966
143,260.0,0.6520123428330817,0.5710920175295846
143,265.0,0.8398937894357781,0.7361916338112398
143,270.0,0.8962334917519461,0.7781158344530292
143,275.0,0.8401742817943181,0.7363665928041986
143,280.0,0.6515374253128865,0.570605171361918
143,285.0,0.48168280613095205,0.41481419557730714
143,290.0,0.32486067305781374,0.2761926577993956
143,295.0,0.17020876342348557,0.1393137126398286
143,300.0,0.0456550142138763,0.03779846703657641
143,305.0,0.0,0.0
143,310.0,0.0,0.0
143,315.0,0.0,0.0
143,320.0,0.0,0.0
143,325.0,0.0,0.0
143,330.0,0.0,0.0
143,335.0,0.0,0.0
143,340.0,0.0,0.0
143,345.0,0.0,0.0
143,350.0,0.0,0.0
143,355.0,0.0,0.0
144,0.0,0.017086555028878903,0.007838572891360807
144,5.0,0.004301992330241977,0.001984808387636594
144,10.0,0.0,0.0
144,15.0,0.0,0.0
144,20.0,0.0,0.0
144,25.0,0.0,0.0
144,30.0,0.0,0.0
144,35.0,0.0,0.0
144,40.0,0.0,0.0
144,45.0,0.0,0.0
144,50.0,0.0,0.0
144,55.0,0.0,0.0
144,60.0,0.0,0.0
144,65.0,0.005161147244166275,0.002381196328044899
144,70.0,0.035329617204524544,0.01623072930050551
144,75.0,0.08715163901882683,0.0417680059559552
144,80.0,0.14767516111843193,0.07353825851202711
144,85.0,0.21817727124749375,0.1134323018627843
144,90.0,0.29389517071352855,0.1599913519483782
144,95.0,0.3497880492592371,0.1952985517973459
144,100.0,0.38660850097776933,0.21710431465580993
144,105.0,0.3896253135820763,0.21493122449830182
144,110.0,0.3893530754873735,0.20983138985828997
144,115.0,0.39764523518489636,0.21001250836554186
144,120.0,0.4236301810370853,0.22126143587323444
144,125.0,0.4457113582636031,0.2333081412687089
144,130.0,0.45881166250135574,0.24502128243379173
144,135.0,0.4670748093966195,0.25553582418189946
144,140.0,0.4577426430673247,0.25669333551288775
144,145.0,0.42623732792530333,0.24063018812438386
144,150.0,0.37030697753968844,0.2050033949245441
144,155.0,0.29398863610362724,0.15742096857396748
144,160.0,0.2170264048216909,0.1119368782080078
144,165.0,0.14871667438484715,0.07404450800750095
144,170.0,0.08777770148440589,0.04262618626436476
144,175.0,0.04310893771483848,0.02051871239754255
144,180.0,0.017086555028878903,0.007838572891360807
144,185.0,0.004301992330241977,0.001984808387636594
144,190.0,0.0,0.0
144,195.0,0.0,0.0
144,200.0,0.0,0.0
144,205.0,0.0,0.0
144,210.0,0.0,0.0
144,215.0,0.0,0.0
144,220.0,0.0,0.0
144,225.0,0.0,0.0
144,230.0,0.0,0.0
144,235.0,0.0,0.0
144,240.0,0.0,0.0
144,245.0,0.005161147244166497,0.002381196328044899
144,250.0,0.03532961720452488,0.01623072930050551
144,255.0,0.08715163901882683,0.0417680059559552
144,260.0,0.14768826535859791,0.07354722011384085
144,265.0,0.21855707765007937,0.11353618975120883
144,270.0,0.29662593207112353,0.16126815964045438
144,275.0,0.3599822368175625,0.20133264885322
144,280.0,0.4021468382618172,0.2256149332443811
144,285.0,0.41026159169273146,0.22435287768275924
144,290.0,0.41678105242650865,0.22337397851308882
144,295.0,0.41690036012016385,0.21933572359646847
144,300.0,0.4191017974555612,0.21888130134991757
144,305.0,0.4107083119896845,0.217441003482997
144,310.0,0.4217873082946991,0.2272870963337552
144,315.0,0.4393410299472227,0.24212743781398716
144,320.0,0.4453843745354872,0.2506148876314186
144,325.0,0.41857323496162535,0.23609782371231713
144,330.0,0.3614816759082934,0.19956847294518287
144,335.0,0.28864183291817935,0.1544991024184026
144,340.0,0.21515499937257676,0.11100239600569561
144,345.0,0.14850623966070742,0.07393645343441324
144,350.0,0.08777770148440589,0.04262618626436476
144,355.0,0.04310893771483859,0.02051871239754266
145,0.0,0.09742886432144648,0.05659473537351534
145,5.0,0.07151781900267307,0.04131210759963322
145,10.0,0.05719031792857088,0.03330776322824813
145,15.0,0.05913861414401078,0.03351438647968563
145,20.0,0.11200264565945128,0.0628655880894613
145,25.0,0.2294306260756419,0.13168644496803805
145,30.0,0.3749546673791383,0.2254307923264376
145,35.0,0.5413218057273738,0.3352996008495801
145,40.0,0.689668948750303,0.4385542333177973
145,45.0,0.7059745366146557,0.44889121821532096
145,50.0,0.6106457223218371,0.38192437478066854
145,55.0,0.4570785519955096,0.2773370092952644
145,60.0,0.30422182147898136,0.18060369022002531
145,65.0,0.16079078968249838,0.09287572198551008
145,70.0,0.0882246186317085,0.05033029134019218
145,75.0,0.07810070147743708,0.043587503992738696
145,80.0,0.07616112056051094,0.0435825293348997
145,85.0,0.09615930440499965,0.05563988694490818
145,90.0,0.1049773970966239,0.06118553836445584
145,95.0,0.10637760843016553,0.06067821672729656
145,100.0,0.14410985986041036,0.08503868267089743
145,105.0,0.11925033335631452,0.06876193431262478
145,110.0,0.13205648947346615,0.07575160902324396
145,115.0,0.19087728402460824,0.11318114748361674
145,120.0,0.1440650736313338,0.08368435897597692
145,125.0,0.07933659337490151,0.044161762407125105
145,130.0,0.2275881472174286,0.1350750410467515
145,135.0,0.22969945718329976,0.13638082207081392
145,140.0,0.09069217410837194,0.050493223024306255
145,145.0,0.12454170506438067,0.07144563704081541
145,150.0,0.19282680342250558,0.11438731003883895
145,155.0,0.15474604190128494,0.08988811108840322
145,160.0,0.10179855299338159,0.05791262633609828
145,165.0,0.14566151647326453,0.08601345315311959
145,170.0,0.11521508223873056,0.06637098471412572
145,175.0,0.1081605702269044,0.062357589635181565
145,180.0,0.09834949753644473,0.05708313628109851
145,185.0,0.08296385176625098,0.047249124858232405
145,190.0,0.06692320580499278,0.03832590156408833
145,195.0,0.06052230416334059,0.034245054946838716
145,200.0,0.10670217425299222,0.05998701955409502
145,205.0,0.22945194835860738,0.13169981716869927
145,210.0,0.3737101610951652,0.2246248954880209
145,215.0,0.5361225902303891,0.3316131462677475
145,220.0,0.6754588635640031,0.42937337530643993
145,225.0,0.7008841449817836,0.44558132823689456
145,230.0,0.6211580089040687,0.3887618887309998
145,235.0,0.466466689927322,0.28328971312873197
145,240.0,0.30629786172134477,0.1821244815703229
145,245.0,0.16633607354152302,0.09598633934249001
145,250.0,0.08773751793242435,0.05031666932070866
145,255.0,0.06816658353277749,0.0385514584163299
145,260.0,0.07331513988237992,0.04201765729804674
145,265.0,0.09096571554643118,0.05287902417816637
145,270.0,0.10213967743585606,0.05962315332813117
145,275.0,0.10164884751231218,0.05839173675490794
145,280.0,0.14410985986041036,0.08503868267089743
145,285.0,0.11348735265917209,0.06555286047795372
145,290.0,0.13212781014659203,0.07579431056278707
145,295.0,0.19087728402460846,0.11318114748361674
145,300.0,0.14406507363133314,0.08368435897597648
145,305.0,0.07968036368423947,0.044349658701591355
145,310.0,0.2275881472174286,0.1350750410467515
145,315.0,0.22969945718329998,0.13638082207081392
145,320.0,0.09064614409927074,0.05046803498561914
145,325.0,0.12454170506437934,0.07144563704081475
145,330.0,0.19282680342250536,0.11438731003883895
145,335.0,0.15474604429011019,0.08988811201504177
145,340.0,0.09646132716817024,0.05493509429684573
145,345.0,0.14566151647326453,0.08601345315311959
145,350.0,0.11486566363553075,0.06616338100320307
145,355.0,0.09939628228241315,0.057789427184336994
146,0.0,0.27709176637516275,0.13031239747818724
146,5.0,0.15952040894286146,0.07258897163625144
146,10.0,0.0009218854204292581,0.00040401360163699884
146,15.0,0.022023818342575385,0.009633319050649791
146,20.0,0.016621538173765438,0.007265141353291149
146,25.0,0.041343010167607774,0.01800247248848552
146,30.0,0.038756372536592254,0.016885623957227813
146,35.0,0.006921493815809532,0.003029911097097382
146,40.0,0.06649758219481683,0.029578535109174964
146,45.0,0.12261145787724093,0.055398962279795905
146,50.0,0.05051150979823171,0.022349566559141443
146,55.0,0.0,0.0
146,60.0,0.02364902555718329,0.010311552354008047
146,65.0,0.02771781102098414,0.012068323814002024
146,70.0,0.0,0.0
146,75.0,0.0,0.0
146,80.0,0.01871464951929025,0.008173120952227664
146,85.0,0.1305894868138643,0.060183496107909296
146,90.0,0.21714430476575097,0.1022294549505226
146,95.0,0.11941787728122621,0.0549310826911138
146,100.0,0.011275304762076832,0.0049246010943340135
146,105.0,0.0,0.0
146,110.0,0.0,0.0
146,115.0,0.04154522071195954,0.018089007274509128
146,120.0,0.03873515181682119,0.01687834643335473
146,125.0,0.0,0.0
146,130.0,0.05489399019834307,0.02430083853402809
146,135.0,0.13620848616178038,0.0616344386246529
146,140.0,0.06540329029196512,0.028791086542582556
146,145.0,0.013875574780168876,0.006073958310810923
146,150.0,0.042317300401849445,0.01848143217055953
146,155.0,0.059659659173124435,0.025995703310375817
146,160.0,0.03363167621915086,0.014698855083935536
146,165.0,0.03139752374370819,0.0137296926583661
146,170.0,0.00689077728303622,0.0030198630833127016
146,175.0,0.16892320116030857,0.07687552634230488
146,180.0,0.27907788493845087,0.13119972107663624
146,185.0,0.15985235558007027,0.07278858545866485
146,190.0,0.0011349871424451985,0.0004974048109120943
146,195.0,0.018191694184052865,0.007946265951625064
146,200.0,0.016621538173765438,0.007265141353291149
146,205.0,0.041343010167607774,0.01800247248848552
146,210.0,0.04337373704102687,0.018921873524852195
146,215.0,0.006921493815809532,0.003029911097097382
146,220.0,0.0664975821948166,0.029578535109174964
146,225.0,0.12253185989929072,0.055374142923706904
146,230.0,0.050522423449927634,0.02235432955054628
146,235.0,0.0,0.0
146,240.0,0.023649025557183068,0.010311552354007825
146,245.0,0.027717811020983918,0.012068323814001802
146,250.0,0.0,0.0
146,255.0,0.0,0.0
146,260.0,0.01871464951929025,0.008173120952227664
146,265.0,0.13020811505184438,0.06019019962513228
146,270.0,0.21702702549765318,0.10215808564120399
146,275.0,0.12121129892262217,0.055701422979169024
146,280.0,0.011275304762077054,0.0049246010943342355
146,285.0,0.0,0.0
146,290.0,0.0,0.0
146,295.0,0.04154522071195954,0.018089007274509128
146,300.0,0.03873515181682097,0.01687834643335473
146,305.0,0.0,0.0
146,310.0,0.055301108275504385,0.024462708663300248
146,315.0,0.1355549432943488,0.06140186422190852
146,320.0,0.06546954305477792,0.028815761150474684
146,325.0,0.013875574780168876,0.006073958310810923
146,330.0,0.04379850481188097,0.019136573642142607
146,335.0,0.05965965917312421,0.025995703310375595
146,340.0,0.03363167621915086,0.014698855083935536
146,345.0,0.03060769100867644,0.013381326670632077
146,350.0,0.008160423713425513,0.0035762819351351505
146,355.0,0.1678732306206332,0.07637957421832775
147,0.0,0.5336105700521938,0.42514724550530403
147,5.0,0.4238747052551989,0.33671417437000684
147,10.0,0.24696570467810297,0.19082624011567573
147,15.0,0.09775822416879099,0.07142820642899328
147,20.0,0.00011377809817092466,8.408555968786313e-05
147,25.0,0.0,-2.220446049250313e-16
147,30.0,0.0,-2.220446049250313e-16
147,35.0,0.0,-2.220446049250313e-16
147,40.0,0.0,-2.220446049250313e-16
147,45.0,0.0,-2.220446049250313e-16
147,50.0,0.0,-2.220446049250313e-16
147,55.0,0.0,-2.220446049250313e-16
147,60.0,0.0,-2.220446049250313e-16
147,65.0,0.0,-2.220446049250313e-16
147,70.0,0.0,-2.220446049250313e-16
147,75.0,0.0,-2.220446049250313e-16
147,80.0,0.0,-2.220446049250313e-16
147,85.0,0.0,-2.220446049250313e-16
147,90.0,0.0,-2.220446049250313e-16
147,95.0,0.0,-2.220446049250313e-16
147,100.0,0.0,-2.220446049250313e-16
147,105.0,0.0,-2.220446049250313e-16
147,110.0,0.0,-2.220446049250313e-16
147,115.0,0.0,-2.220446049250313e-16
147,120.0,0.0,-2.220446049250313e-16
147,125.0,0.0,-2.220446049250313e-16
147,130.0,0.0,-2.220446049250313e-16
147,135.0,0.0,-2.220446049250313e-16
147,140.0,0.004278374746317981,0.0031618522447011133
147,145.0,0.030940596694610134,0.023372595310515165
147,150.0,0.08058195279545788,0.06196176904157702
147,155.0,0.14275186108642168,0.11190715933622031
147,160.0,0.17130279923659797,0.13583628145526683
147,165.0,0.2503599680484244,0.19274129833676223
147,170.0,0.41487440640898976,0.32261679322069237
147,175.0,0.5664983725232915,0.4470846662933089
147,180.0,0.5558866370527205,0.44214257035372084
147,185.0,0.42373241789988814,0.33659447720558966
147,190.0,0.24695565927223617,0.19081773998820983
147,195.0,0.09775822416879076,0.07142820642899306
147,200.0,0.00011377809817092466,8.408555968786313e-05
147,205.0,0.0,-2.220446049250313e-16
147,210.0,0.0,-2.220446049250313e-16
147,215.0,0.0,-2.220446049250313e-16
147,220.0,0.0,-2.220446049250313e-16
147,225.0,0.0,-2.220446049250313e-16
147,230.0,0.0,-2.220446049250313e-16
147,235.0,0.0,-2.220446049250313e-16
147,240.0,0.0,-2.220446049250313e-16
147,245.0,0.0,-2.220446049250313e-16
147,250.0,0.0,-2.220446049250313e-16
147,255.0,0.0,-2.220446049250313e-16
147,260.0,0.0,-2.220446049250313e-16
147,265.0,0.0,-2.220446049250313e-16
147,270.0,0.0,-2.220446049250313e-16
147,275.0,0.0,-2.220446049250313e-16
147,280.0,0.0,-2.220446049250313e-16
147,285.0,0.0,-2.220446049250313e-16
147,290.0,0.0,-2.220446049250313e-16
147,295.0,0.0,-2.220446049250313e-16
147,300.0,0.0,-2.220446049250313e-16
147,305.0,0.0,-2.220446049250313e-16
147,310.0,0.0,-2.220446049250313e-16
147,315.0,0.0,-2.220446049250313e-16
147,320.0,0.004278374746317981,0.0031618522447011133
147,325.0,0.030940596694609912,0.02337259531051472
147,330.0,0.08162094756751126,0.06274796336306632
147,335.0,0.137952683872829,0.10830587758548327
147,340.0,0.16996307524688703,0.13463261386384662
147,345.0,0.28159984357205214,0.2163767638489239
147,350.0,0.4068787289077842,0.31653035506866
147,355.0,0.5345623876650656,0.42292368403255776
148,0.0,0.20319251873349498,0.12115956400998473
148,5.0,0.18991113023947515,0.11226363894230917
148,10.0,0.12309293686586076,0.07035126379455958
148,15.0,0.0713239629572312,0.04035484609173989
148,20.0,0.07411217538615189,0.04144448424444869
148,25.0,0.09834518111160884,0.057067297044082976
148,30.0,0.2118988003676674,0.12417989610137203
148,35.0,0.31776431457606935,0.19090875799111207
148,40.0,0.3589002608558939,0.21874677371416296
148,45.0,0.3261681976465365,0.19824734509899788
148,50.0,0.24782380756763667,0.1496498676252832
148,55.0,0.15617816830266196,0.09087918826646735
148,60.0,0.11426460535139149,0.06436791602358982
148,65.0,0.06786071589090836,0.038629021780057116
148,70.0,0.09901339931055153,0.055837798480595335
148,75.0,0.15247166849442872,0.08884673097309115
148,80.0,0.21995636279280473,0.1296023496411377
148,85.0,0.24307931333884858,0.1447552895885431
148,90.0,0.2153103903840291,0.12652821319564933
148,95.0,0.15529809583096588,0.0884116394361999
148,100.0,0.1522229387490429,0.08706585018738067
148,105.0,0.14624624308410616,0.08430977063082101
148,110.0,0.18951060425269495,0.10962771247992031
148,115.0,0.18496812060344714,0.10774430809636748
148,120.0,0.2064443493407616,0.1207034808251265
148,125.0,0.29184638796097484,0.1746616067284147
148,130.0,0.34020599276499286,0.2054580237895366
148,135.0,0.3030204213345403,0.1816382519766817
148,140.0,0.2836528543396032,0.1685796744872986
148,145.0,0.228415135047225,0.13500990952412062
148,150.0,0.18411950351189255,0.10878850824295028
148,155.0,0.16892156364447164,0.09880922004299719
148,160.0,0.13480505825095257,0.07718484600809239
148,165.0,0.11209604795100758,0.06414429500363616
148,170.0,0.10589805938302677,0.06065048801855277
148,175.0,0.19117783078860806,0.11315091820012935
148,180.0,0.2056054968818264,0.12220003895131248
148,185.0,0.19431856443563,0.11463317306343279
148,190.0,0.1286776620339628,0.07325154139714773
148,195.0,0.0679764340568898,0.03857821811687634
148,200.0,0.062119022423625325,0.035204901347187456
148,205.0,0.09823240962503432,0.0570074457775267
148,210.0,0.20686675049030656,0.12093586335831152
148,215.0,0.3083246300671585,0.18560225371805839
148,220.0,0.36559196258433324,0.22207429814278723
148,225.0,0.33593913291584,0.20423802242934652
148,230.0,0.2492218446672042,0.15060562871378658
148,235.0,0.16379874239023484,0.09488924317605973
148,240.0,0.11426460535139171,0.06436791602358993
148,245.0,0.06786071589090825,0.038629021780056894
148,250.0,0.09231349156488045,0.05227790255540876
148,255.0,0.14924300551402547,0.08699755885326343
148,260.0,0.19246357123874247,0.11427692549998059
148,265.0,0.24113803515378518,0.1430034626288994
148,270.0,0.20847743004001784,0.12248556416847789
148,275.0,0.1511678754118636,0.0862388664425009
148,280.0,0.1525669842914813,0.0874505799412778
148,285.0,0.16191150275108035,0.09270774621552136
148,290.0,0.20257335953818778,0.11732084596038006
148,295.0,0.20646552217561132,0.11917230023518677
148,300.0,0.20361277055815663,0.12023598792816781
148,305.0,0.298093264339776,0.1784557895671106
148,310.0,0.3193954772307015,0.19365637295913052
148,315.0,0.2922569821241615,0.17592659968358326
148,320.0,0.2577927850102264,0.15494492170706176
148,325.0,0.23885239554367466,0.14047461611182555
148,330.0,0.2050536726871507,0.11975291841278646
148,335.0,0.18231718811921405,0.10533129827368626
148,340.0,0.12519522399832228,0.07211454573796161
148,345.0,0.0924211266679098,0.05363380309291732
148,350.0,0.10060178380432039,0.057974789492373224
148,355.0,0.18759960686261123,0.11094758150308093
149,0.0,0.050865760679730476,0.03307699795143926
149,5.0,0.051361148962041026,0.033385747288444345
149,10.0,0.054824722622267896,0.03565036151765821
149,15.0,0.06120333117091514,0.03982538093131682
149,20.0,0.07096981490607424,0.04619104950687314
149,25.0,0.08414816550232818,0.05512637966688394
149,30.0,0.1010114875328797,0.06682116238386215
149,35.0,0.12297302689136647,0.08240570172366524
149,40.0,0.14958222527238363,0.10131823995905687
149,45.0,0.18113910996336358,0.12341546802044345
149,50.0,0.2175950239420592,0.149194319837888
149,55.0,0.2546702343282552,0.1773235822265662
149,60.0,0.30859730555878573,0.21654418093952166
149,65.0,0.3820787618162653,0.26934008885290583
149,70.0,0.46198613354966034,0.33079318129205415
149,75.0,0.5841926794815955,0.4214127554827609
149,80.0,0.718522030279525,0.5274558013158411
149,85.0,0.811313615524871,0.6038243892329556
149,90.0,0.8132351811106721,0.6131359659796953
149,95.0,0.7493148356407218,0.5657337770028164
149,100.0,0.6647478267580278,0.49318982901324027
149,105.0,0.5649145437537562,0.4135920735139269
149,110.0,0.47847205203968135,0.34568359697710616
149,115.0,0.39975438008540976,0.2864987575939498
149,120.0,0.33711754612368827,0.23955802992295017
149,125.0,0.2927355696159243,0.20563266586453555
149,130.0,0.2532355814076851,0.1761672983263599
149,135.0,0.21631256115528885,0.14874320880488656
149,140.0,0.18139836287428301,0.12328783236533469
149,145.0,0.14922002707127324,0.10032079940856209
149,150.0,0.12142241783003327,0.08105914910255829
149,155.0,0.09966255156066806,0.06587074620113509
149,160.0,0.08273371654464612,0.05438910849314049
149,165.0,0.06971212718718534,0.045446930430183996
149,170.0,0.05985891691421852,0.03899931326222361
149,175.0,0.05357538467735379,0.03487040159776056
149,180.0,0.050865760679730476,0.03307699795143926
149,185.0,0.051361148962041026,0.033385747288444345
149,190.0,0.05482472262226812,0.03565036151765821
149,195.0,0.06120333117091514,0.03982538093131682
149,200.0,0.07096981490607424,0.04619104950687314
149,205.0,0.08414816550232818,0.05512637966688427
149,210.0,0.10101148753288003,0.06682116238386238
149,215.0,0.12297302689136635,0.08240570172366524
149,220.0,0.14958222527238363,0.10131823995905687
149,225.0,0.1811391099633638,0.12341546802044345
149,230.0,0.21759502788864926,0.14919432118999099
149,235.0,0.2546769491237654,0.1773290422062449
149,240.0,0.30864716448016427,0.21660361383850568
149,245.0,0.3828355189511754,0.2698366801863936
149,250.0,0.4621407208915548,0.3309063385636839
149,255.0,0.5832330378524408,0.4211155473559619
149,260.0,0.7203037999364075,0.529354330570539
149,265.0,0.8164074341553357,0.609797472498522
149,270.0,0.8402858500588095,0.6360959216985858
149,275.0,0.7621293036353634,0.5727671251094238
149,280.0,0.6745231935101617,0.5001117153078314
149,285.0,0.5692677176334399,0.4170225104522287
149,290.0,0.4790642253101396,0.3464365691270521
149,295.0,0.3998189728917837,0.28624571765316553
149,300.0,0.33685247655892847,0.2395134513848799
149,305.0,0.29244392311363343,0.20542618969803728
149,310.0,0.25323127072035956,0.17616463802400917
149,315.0,0.21631256115528896,0.14874320880488656
149,320.0,0.18139836287428301,0.12328783236533469
149,325.0,0.1492200270712738,0.10032079940856231
149,330.0,0.12142241783003382,0.0810591491025584
149,335.0,0.09966255156066806,0.06587074620113509
149,340.0,0.08273371654464601,0.05438910849314049
149,345.0,0.06971212718718545,0.045446930430183996
149,350.0,0.05985891691421863,0.03899931326222361
149,355.0,0.05357538467735401,0.03487040159776056
150,0.0,0.08787192670558164,0.04564743876423116
150,5.0,0.11859961787636808,0.062016327465888144
150,10.0,0.06870159622651428,0.03494759859612662
150,15.0,0.029437820809184778,0.014813282025698649
150,20.0,0.06634313574397688,0.03273169910179552
150,25.0,0.153768867987222,0.07900614175304399
150,30.0,0.3150738258294935,0.16815242571332223
150,35.0,0.44144334527325557,0.23987827340127355
150,40.0,0.41580777176767647,0.22449654073157654
150,45.0,0.2568490254999234,0.1342502583380787
150,50.0,0.12675789523805436,0.0637373320634993
150,55.0,0.12394391793902848,0.06257248157378892
150,60.0,0.13474655778874522,0.06719287844898147
150,65.0,0.23839158792830173,0.12468037614963023
150,70.0,0.23454810112373292,0.1225501965602257
150,75.0,0.10596896268690159,0.053626266590968474
150,80.0,0.08740058853123778,0.0436655115791611
150,85.0,0.09564390743331763,0.0469623567167996
150,90.0,0.29025197210771103,0.15268636009814618
150,95.0,0.399829639941643,0.21762958092246953
150,100.0,0.3745728214780053,0.20217464285086573
150,105.0,0.19686039916900044,0.0997658359357656
150,110.0,0.031219233989509432,0.01506419488824673
150,115.0,0.009971001221366071,0.004808949367967497
150,120.0,0.05980254588750111,0.030529955915683304
150,125.0,0.07898958167533987,0.04130167950550101
150,130.0,0.048917539491491024,0.02478332818124762
150,135.0,0.007908494566950197,0.0038285019647347207
150,140.0,0.05193932860516681,0.02604841585745088
150,145.0,0.15478853949661064,0.08108495281021477
150,150.0,0.2503904602059801,0.1350217118246828
150,155.0,0.26583707429939796,0.14349716514711297
150,160.0,0.18720484571270624,0.09806492503478437
150,165.0,0.07536444404404385,0.03812678797652003
150,170.0,0.013500043169462406,0.006497839208628342
150,175.0,0.028825448751197302,0.014110751151906298
150,180.0,0.08787192670558164,0.04564743876423116
150,185.0,0.11859961787636819,0.062016327465888255
150,190.0,0.06870159622651428,0.03494759859612662
150,195.0,0.03827814462741208,0.0188716408234042
150,200.0,0.06634313574397688,0.03273169910179552
150,205.0,0.15191787696033998,0.07808106308360085
150,210.0,0.31311795531870723,0.1672728054680228
150,215.0,0.43625747274983795,0.23716743948457308
150,220.0,0.41423342013030573,0.2238618943870071
150,225.0,0.2612651228582257,0.13623360945292573
150,230.0,0.13942946680171242,0.06970031333339421
150,235.0,0.12504219129068395,0.0630106579870433
150,240.0,0.13064526897988438,0.06542381727329993
150,245.0,0.23738250077445722,0.12410972789310193
150,250.0,0.23454539399263863,0.1225341657654978
150,255.0,0.1298828944496656,0.06451618119445945
150,260.0,0.08258179293477375,0.041374013934624476
150,265.0,0.09416707248852552,0.04627460716739362
150,270.0,0.28815883187772495,0.1515811443226447
150,275.0,0.39963565117237965,0.21746701001431545
150,280.0,0.37630310952753354,0.20312673786610924
150,285.0,0.1968485234625672,0.09977344469063998
150,290.0,0.03121923398950921,0.015064194888246396
150,295.0,0.009971001221366294,0.004808949367967608
150,300.0,0.059802545887501224,0.030529955915683304
150,305.0,0.07898958167533987,0.04130167950550101
150,310.0,0.048917539491491246,0.024783328181247843
150,315.0,0.007908494566950197,0.0038285019647346097
150,320.0,0.05193932860516659,0.02604841585745088
150,325.0,0.15486152891249627,0.08113784532841495
150,330.0,0.25091844931871043,0.13529226118899762
150,335.0,0.26624722490782227,0.14367339366060583
150,340.0,0.18720928024972205,0.0980673803167188
150,345.0,0.07536444404404341,0.038126787976519694
150,350.0,0.013500043169462406,0.006497839208628342
150,355.0,0.028825448751197302,0.014110751151906298
151,0.0,0.5165493005522248,0.34029591671763015
151,5.0,0.5336175505671799,0.35245422785325653
151,10.0,0.36144132674510443,0.2312995583771792
151,15.0,0.10715648020242718,0.06416360749775196
151,20.0,0.0,0.0
151,25.0,0.0,0.0
151,30.0,0.011591060667694886,0.00695214083130169
151,35.0,0.029504473950425103,0.017650713699385534
151,40.0,0.04497859854183972,0.02690383898544557
151,45.0,0.05677661687879443,0.033829629418789864
151,50.0,0.027131300341426523,0.01637310086390431
151,55.0,0.09677479785404774,0.058465576965293975
151,60.0,0.04392214090950808,0.02636144880430069
151,65.0,0.00384801746842256,0.0023237899112208416
151,70.0,0.11814371866377926,0.07221499758210381
151,75.0,0.11483221945426769,0.07008427718170462
151,80.0,0.0,0.0
151,85.0,0.0,0.0
151,90.0,0.11931617500551273,0.0730765451971318
151,95.0,0.1262776247677193,0.07820716114150073
151,100.0,0.015282432891329911,0.009228950664390445
151,105.0,0.0,0.0
151,110.0,0.04579205984331325,0.02738473695586241
151,115.0,0.08869441465836558,0.05421698579978984
151,120.0,0.03794419495369428,0.022735467404966236
151,125.0,3.7685810433396583e-06,2.275818828723075e-06
151,130.0,0.04850752583482831,0.029310081828319734
151,135.0,0.04335885723051269,0.02599727015721931
151,140.0,0.01809269341949382,0.010788435548163888
151,145.0,0.018958486267440344,0.011295852639738757
151,150.0,0.0,0.0
151,155.0,0.0,0.0
151,160.0,0.0,0.0
151,165.0,0.0,0.0
151,170.0,0.03221781566336068,0.019456105803694945
151,175.0,0.2646468787306675,0.16519078275703825
151,180.0,0.516352129912749,0.3402048502518583
151,185.0,0.5336988213877912,0.3524868165692656
151,190.0,0.36150262876944406,0.23134011432174428
151,195.0,0.1071564802024273,0.06416360749775196
151,200.0,0.0,0.0
151,205.0,0.0,0.0
151,210.0,0.011591060667694886,0.00695214083130169
151,215.0,0.029504438139171696,0.017650692478736296
151,220.0,0.044730484008271176,0.026751138122237395
151,225.0,0.05677661687879443,0.033829629418789864
151,230.0,0.02713130034142608,0.0163731008639042
151,235.0,0.09677479785404763,0.058465576965293975
151,240.0,0.043922140909508744,0.026361448804301024
151,245.0,0.003848017468422782,0.0023237899112210636
151,250.0,0.11814371866377937,0.07221499758210381
151,255.0,0.11483221945426747,0.07008427718170462
151,260.0,0.0,0.0
151,265.0,0.0,0.0
151,270.0,0.1193161750055125,0.07307654519713158
151,275.0,0.1262776247677193,0.07820716114150073
151,280.0,0.015282432891330577,0.009228950664390778
151,285.0,0.0,0.0
151,290.0,0.04579205984331369,0.027384736955862632
151,295.0,0.08869441465836558,0.05421698579978984
151,300.0,0.03794419495369372,0.022735467404965903
151,305.0,3.768581043228636e-06,2.275818828723075e-06
151,310.0,0.04850752583482831,0.029310081828319734
151,315.0,0.04335885723051269,0.02599727015721931
151,320.0,0.01809269341949371,0.010788435548163666
151,325.0,0.018958486267440344,0.011295852639738757
151,330.0,0.0,0.0
151,335.0,0.0,0.0
151,340.0,0.0,0.0
151,345.0,0.0,0.0
151,350.0,0.03221781566336035,0.019456105803694945
151,355.0,0.2646488509066368,0.16519282056532614
152,0.0,0.08004036760558453,0.03772185424275232
152,5.0,0.0501794605796162,0.02296714523334531
152,10.0,0.0337508827058125,0.015521079730434706
152,15.0,0.07025780288082861,0.031495988468660197
152,20.0,0.1766084706061679,0.08424079114513716
152,25.0,0.2250108592367911,0.11057195750058613
152,30.0,0.21707215985649142,0.10577477301318428
152,35.0,0.1812124835204163,0.0864541558760038
152,40.0,0.1629440073335644,0.07724856871298169
152,45.0,0.15039523212886974,0.07045739523690242
152,50.0,0.08862097384079537,0.04152919433869795
152,55.0,0.11725548481928305,0.055311620703699105
152,60.0,0.1039150078899006,0.049260689713966244
152,65.0,0.11378111932817159,0.0536825548931914
152,70.0,0.13539725790036528,0.06179669169211788
152,75.0,0.14632109280701655,0.06655598830935838
152,80.0,0.17233357412749073,0.08031684206832723
152,85.0,0.20732178166424153,0.09936598736321656
152,90.0,0.2772337455910936,0.1367211631018045
152,95.0,0.3763505892278327,0.1916062319298738
152,100.0,0.48743343361674796,0.2589934436748197
152,105.0,0.5355624747811304,0.2891177674752866
152,110.0,0.5507895623097523,0.293804829920401
152,115.0,0.4699969310995823,0.24160896528689546
152,120.0,0.3628059959775173,0.1811232761214131
152,125.0,0.26722112647160257,0.12986213407183433
152,130.0,0.18040055106414543,0.0856698486552937
152,135.0,0.12642051662502019,0.05781072410039012
152,140.0,0.07681997015994357,0.03343548894808468
152,145.0,0.03561493540178717,0.015523843085219702
152,150.0,0.007525763766123239,0.003284990240895569
152,155.0,0.006905902607659109,0.0030144213100142814
152,160.0,0.06618134913741314,0.030675127766850885
152,165.0,0.09490760327392744,0.04549819787458231
152,170.0,0.1012789050385956,0.04697402174252796
152,175.0,0.0573701023818457,0.02718563810886876
152,180.0,0.08004036760558453,0.03772185424275232
152,185.0,0.05508409439970263,0.02485505179366554
152,190.0,0.035933033707108764,0.016466747941228932
152,195.0,0.07247441448328895,0.032465080983217875
152,200.0,0.1738657974436313,0.08287747784582544
152,205.0,0.24854958608547328,0.12059317638950184
152,210.0,0.2560750197235129,0.1230818915385623
152,215.0,0.20272626572995955,0.09549686920460221
152,220.0,0.18333756097714127,0.08532283302605237
152,225.0,0.16555048664697758,0.07668946494275175
152,230.0,0.11376540022267168,0.052136522593829726
152,235.0,0.12197077052171257,0.056984257084110146
152,240.0,0.134990740760342,0.062471833875799465
152,245.0,0.13734353671175015,0.06370694005291178
152,250.0,0.1406704656937271,0.06455517201859873
152,255.0,0.13107917572158623,0.06061315314640359
152,260.0,0.15391706149303364,0.07254443838988078
152,265.0,0.20731825512548807,0.09936463638596504
152,270.0,0.27716651094084044,0.13667371760241898
152,275.0,0.37601056151422996,0.1913028459162246
152,280.0,0.4838395599516493,0.25695741483764967
152,285.0,0.5310471509220951,0.28684143337226764
152,290.0,0.5458427479593819,0.29068770125680243
152,295.0,0.46987400740987084,0.24160330897741966
152,300.0,0.36339946579470517,0.18119773602210387
152,305.0,0.2672778391383417,0.12991979274137355
152,310.0,0.18040055106414554,0.08566984865529392
152,315.0,0.12642051662502007,0.05781072410039012
152,320.0,0.07681997015994357,0.03343548894808468
152,325.0,0.035614935401787506,0.015523843085219924
152,330.0,0.007525763766123239,0.00328499024089568
152,335.0,0.00690590260765922,0.0030144213100142814
152,340.0,0.06618134913741325,0.030675127766850996
152,345.0,0.09490760327392744,0.04549819787458231
152,350.0,0.0813695087934393,0.03845956225806413
152,355.0,0.05001705224976194,0.02400942491932867
153,0.0,0.37875405338490176,0.2351475317240055
153,5.0,0.3738944970240169,0.23153222029135911
153,10.0,0.3804488394807134,0.23834634555108114
153,15.0,0.37345859661836345,0.2349317410810825
153,20.0,0.3531287692510604,0.221080436000075
153,25.0,0.330677460083195,0.20350574389590181
153,30.0,0.3340650968536132,0.2042783946004264
153,35.0,0.3598883084197211,0.2219608125836624
153,40.0,0.38235845526662826,0.23510994467034085
153,45.0,0.4021000957294687,0.24549755250502114
153,50.0,0.4271701576186512,0.2611742866693584
153,55.0,0.45241354446450355,0.2781362493114251
153,60.0,0.4820999989936803,0.29659686808508356
153,65.0,0.5192908305581779,0.3223090979947004
153,70.0,0.570799957621204,0.358611951256144
153,75.0,0.6401443267947031,0.41083761112144923
153,80.0,0.7114115985100312,0.46516011168829663
153,85.0,0.7617469490422308,0.5091645554197449
153,90.0,0.7696848824243855,0.522428322561528
153,95.0,0.7642860693590456,0.5140710938284175
153,100.0,0.7202651710547081,0.4724817551491086
153,105.0,0.6517502812945776,0.41955492322002275
153,110.0,0.5836748919587986,0.36835728018946556
153,115.0,0.5348510254930158,0.3341755283474641
153,120.0,0.5017609001440143,0.3123852158247937
153,125.0,0.47577142311399834,0.29668209692790704
153,130.0,0.4494591504328458,0.27851074633158746
153,135.0,0.4253680953256832,0.26355739896647634
153,140.0,0.40601546656400966,0.2527471576885041
153,145.0,0.392917289320485,0.24452203665078087
153,150.0,0.3860133234124741,0.2392296796863167
153,155.0,0.3809080382436053,0.23599341741160618
153,160.0,0.39350501288312567,0.2459181538859323
153,165.0,0.40545207323221577,0.2554973788818198
153,170.0,0.4034218716165284,0.2547187057201231
153,175.0,0.3855313339158899,0.24238086954777915
153,180.0,0.3658807962561976,0.22837681163759826
153,185.0,0.36799211778136665,0.2287049001774193
153,190.0,0.384150035739793,0.24126719474673508
153,195.0,0.38108057785223814,0.23993480525141864
153,200.0,0.3572669975311512,0.2229817912330334
153,205.0,0.3229735031970594,0.1990016334138337
153,210.0,0.3224902048250857,0.1979268863959488
153,215.0,0.350851464567678,0.21686375781745804
153,220.0,0.3710787066261009,0.22883656532690488
153,225.0,0.39057071648790054,0.2386830707616414
153,230.0,0.4196442416859322,0.2566885424421318
153,235.0,0.4517517576875085,0.2778317434683516
153,240.0,0.4823607231453376,0.297049578644912
153,245.0,0.5216160116063815,0.32341423167855554
153,250.0,0.5724509782889247,0.3597314584287671
153,255.0,0.6423207789966973,0.41242226941378
153,260.0,0.7143321644262032,0.4671121807131279
153,265.0,0.7642353837937781,0.5102112906095184
153,270.0,0.772727941243148,0.5237268888250433
153,275.0,0.7684883063190127,0.5157198406045553
153,280.0,0.7244224782637477,0.475223565498587
153,285.0,0.6537726405376478,0.42119904141003395
153,290.0,0.5872767053637339,0.37059792268328284
153,295.0,0.5415614365722415,0.33847726359346075
153,300.0,0.5113677035665036,0.3181222480352772
153,305.0,0.4872510458290409,0.3031449773036565
153,310.0,0.4588336417511849,0.2846839862022785
153,315.0,0.4315774947594283,0.266921588853246
153,320.0,0.41329006549324365,0.25618664600793184
153,325.0,0.39695400222857613,0.246734208746466
153,330.0,0.38589984175214787,0.23971306292727423
153,335.0,0.38224194339316286,0.2363714103904997
153,340.0,0.3966115160154664,0.24708316727079738
153,345.0,0.41290343625689807,0.2592876909518892
153,350.0,0.41559393673507417,0.26132313856856837
153,355.0,0.39943016314145185,0.2500881151654716
154,0.0,0.0,0.0
154,5.0,0.0,0.0
154,10.0,0.0,0.0
154,15.0,0.0,0.0
154,20.0,0.0,0.0
154,25.0,0.0,0.0
154,30.0,0.0,0.0
154,35.0,0.0,0.0
154,40.0,0.0,0.0
154,45.0,0.0,0.0
154,50.0,0.020667767987808783,0.009120422948704854
154,55.0,0.09130172436152906,0.04019862603253199
154,60.0,0.19317428250883928,0.08550285144010872
154,65.0,0.3082030611189439,0.1446120599979498
154,70.0,0.4220513820231495,0.2042692531514696
154,75.0,0.5415775507638856,0.2715062654305771
154,80.0,0.6750984072281604,0.3530508480754424
154,85.0,0.8169089949523489,0.44677904427184834
154,90.0,0.8742997981760247,0.4968217917919059
154,95.0,0.8713677326717424,0.49041172309269987
154,100.0,0.755562389473303,0.40545544420162194
154,105.0,0.6153002567883818,0.31360112786436034
154,110.0,0.48990709335885874,0.24119330174671672
154,115.0,0.36946803577240706,0.17711636747098958
154,120.0,0.2593935023427254,0.11824157531992219
154,125.0,0.14440934686738427,0.06337709698102767
154,130.0,0.0553714679827787,0.02443111086334293
154,135.0,0.0045465379190132715,0.0020063293142340566
154,140.0,0.0,0.0
154,145.0,0.0,0.0
154,150.0,0.0,0.0
154,155.0,0.0,0.0
154,160.0,0.0,0.0
154,165.0,0.0,0.0
154,170.0,0.0,0.0
154,175.0,0.0,0.0
154,180.0,0.0,0.0
154,185.0,0.0,0.0
154,190.0,0.0,0.0
154,195.0,0.0,0.0
154,200.0,0.0,0.0
154,205.0,0.0,0.0
154,210.0,0.0,0.0
154,215.0,0.0,0.0
154,220.0,0.0,0.0
154,225.0,0.0,0.0
154,230.0,0.02066776798780845,0.009120422948704854
154,235.0,0.09130172436152861,0.04019862603253177
154,240.0,0.1931742825088385,0.08550285144010872
154,245.0,0.30820306111894424,0.14461205999795002
154,250.0,0.4220519040735303,0.20426953615652288
154,255.0,0.5416055392861745,0.2715222958752618
154,260.0,0.6754128526705354,0.35319940704940134
154,265.0,0.8169635965568045,0.44694165001963504
154,270.0,0.8738047974524219,0.4967022104637113
154,275.0,0.870036341929002,0.489988982548773
154,280.0,0.7549536810840625,0.40510032360167925
154,285.0,0.6151800602468269,0.3136179414122625
154,290.0,0.4899055402852499,0.24116876533319342
154,295.0,0.36946803577240683,0.17711636747098936
154,300.0,0.2593935023427246,0.11824157531992197
154,305.0,0.14440934686738438,0.06337709698102767
154,310.0,0.05537146798277881,0.02443111086334293
154,315.0,0.0045465379190131605,0.0020063293142340566
154,320.0,0.0,0.0
154,325.0,0.0,0.0
154,330.0,0.0,0.0
154,335.0,0.0,0.0
154,340.0,0.0,0.0
154,345.0,0.0,0.0
154,350.0,0.0,0.0
154,355.0,0.0,0.0
155,0.0,0.14642657804024006,0.11986660635544277
155,5.0,0.10281776854731095,0.08318242981476731
155,10.0,0.05116346153741658,0.039597513641728255
155,15.0,0.024066149962470917,0.018574813280597513
155,20.0,0.05642410075135185,0.04566166053883847
155,25.0,0.08220603199482501,0.0663696512982328
155,30.0,0.10508924942033093,0.08500335619064481
155,35.0,0.11285194001555754,0.09084403726452706
155,40.0,0.19903052896968731,0.15758000802823258
155,45.0,0.30607184499492535,0.24682818917398575
155,50.0,0.42370918701996085,0.3452866384919996
155,55.0,0.4793619336406483,0.3932925382950022
155,60.0,0.5472346613228711,0.44817752094593166
155,65.0,0.47384997298642906,0.38569405734939943
155,70.0,0.3869685887367076,0.3116674145444529
155,75.0,0.31503643286833616,0.25415416665308
155,80.0,0.2895210493595398,0.2363250701826516
155,85.0,0.26261027228314826,0.21474477702521866
155,90.0,0.21081624219641215,0.17223700652996565
155,95.0,0.18142524417033679,0.14720878463323106
155,100.0,0.19928109099905833,0.15982227980326158
155,105.0,0.2350636247932325,0.1897066903993323
155,110.0,0.26251787976327134,0.21385054837595496
155,115.0,0.2608559488628317,0.21300390399242275
155,120.0,0.23901636638005952,0.19526236473336567
155,125.0,0.19548247970886723,0.15918973428317562
155,130.0,0.1461399494627431,0.11738240576462833
155,135.0,0.09584951904150274,0.07846437448344501
155,140.0,0.07533249773798456,0.06164792593793822
155,145.0,0.06171996238006683,0.050256500489814004
155,150.0,0.045732185980641105,0.03699055121179118
155,155.0,0.040030329522825814,0.0312621971356275
155,160.0,0.0708490294893771,0.05501823272830497
155,165.0,0.11098508852037814,0.0897339210238649
155,170.0,0.14993942220685375,0.1226964400629621
155,175.0,0.15965987604915988,0.13115875691981715
155,180.0,0.14642657804024017,0.11986660635544277
155,185.0,0.10281776854731095,0.08318242981476731
155,190.0,0.051163461537416466,0.039597513641728255
155,195.0,0.025671344018471043,0.019853468955446596
155,200.0,0.05642410075135185,0.04566166053883847
155,205.0,0.08220603199482501,0.0663696512982328
155,210.0,0.10508924942033104,0.08500335619064481
155,215.0,0.11369386797114533,0.09146483392520688
155,220.0,0.21508417809409686,0.17143791234193284
155,225.0,0.2954948574450391,0.238819401114578
155,230.0,0.3770670620180995,0.3075745399943197
155,235.0,0.4653879496057912,0.38105925512822003
155,240.0,0.5358820163353379,0.4390080095927329
155,245.0,0.5010227496584785,0.4092264707669946
155,250.0,0.4061254351822202,0.3277826906058875
155,255.0,0.33349900356886975,0.2721843332528676
155,260.0,0.32656597903741036,0.26619177898577195
155,265.0,0.313738960605465,0.2561216388720253
155,270.0,0.2528277141718832,0.20558608402035217
155,275.0,0.19547342878005924,0.15788558131301678
155,280.0,0.19140196324327086,0.15237827408875637
155,285.0,0.21173202024370352,0.1716241363881741
155,290.0,0.2250247132892378,0.1840747461268385
155,295.0,0.2299083830318479,0.18873484543079955
155,300.0,0.2280973776195938,0.1867991582455777
155,305.0,0.19548247970886723,0.15918973428317562
155,310.0,0.1461399494627431,0.11738240576462833
155,315.0,0.09584951904150274,0.07846437448344534
155,320.0,0.07533249773798456,0.06164792593793822
155,325.0,0.06171996238006694,0.050256500489814004
155,330.0,0.045732185980641216,0.03699055121179118
155,335.0,0.040030329522825814,0.0312621971356275
155,340.0,0.0708490294893771,0.05501823272830497
155,345.0,0.11098508852037814,0.0897339210238649
155,350.0,0.14993942220685363,0.1226964400629621
155,355.0,0.15965987604915988,0.13115875691981738
156,0.0,0.13106080479765836,0.06514249547630335
156,5.0,0.08130936305529002,0.038010992977133284
156,10.0,-2.220446049250313e-16,0.0
156,15.0,-2.220446049250313e-16,0.0
156,20.0,-2.220446049250313e-16,0.0
156,25.0,0.02755997733344706,0.012647732256941269
156,30.0,0.02558901970745231,0.011756556699985321
156,35.0,-2.220446049250313e-16,0.0
156,40.0,0.01699838986731661,0.007832297116832532
156,45.0,0.0911475548647499,0.04262391244988373
156,50.0,0.041541204465200265,0.019093198925366983
156,55.0,0.021929744607605772,0.010124363140990189
156,60.0,0.05129481415129111,0.023581373391506455
156,65.0,0.0842933209208212,0.03867088892238124
156,70.0,0.005508137890187892,0.002544672450412566
156,75.0,-2.220446049250313e-16,0.0
156,80.0,-2.220446049250313e-16,0.0
156,85.0,0.01077433392266225,0.004977571595182084
156,90.0,0.09416337933304042,0.045420764432573146
156,95.0,0.07185919735125224,0.03546655726420267
156,100.0,0.021028475885362496,0.0096720377269508
156,105.0,-2.220446049250313e-16,0.0
156,110.0,-2.220446049250313e-16,0.0
156,115.0,-2.220446049250313e-16,0.0
156,120.0,-2.220446049250313e-16,0.0
156,125.0,-2.220446049250313e-16,0.0
156,130.0,-2.220446049250313e-16,0.0
156,135.0,-2.220446049250313e-16,0.0
156,140.0,-2.220446049250313e-16,0.0
156,145.0,-2.220446049250313e-16,0.0
156,150.0,-2.220446049250313e-16,0.0
156,155.0,-2.220446049250313e-16,0.0
156,160.0,-2.220446049250313e-16,0.0
156,165.0,-2.220446049250313e-16,0.0
156,170.0,-2.220446049250313e-16,0.0
156,175.0,0.09674918158135215,0.04597193743106609
156,180.0,0.13106080479765836,0.06514249547630335
156,185.0,0.08130936305529024,0.038010992977133284
156,190.0,-2.220446049250313e-16,0.0
156,195.0,-2.220446049250313e-16,0.0
156,200.0,-2.220446049250313e-16,0.0
156,205.0,0.027559977333447172,0.012647732256941269
156,210.0,0.02558901970745231,0.011756556699985321
156,215.0,-2.220446049250313e-16,0.0
156,220.0,0.016998389867316832,0.007832297116832532
156,225.0,0.08961776530816234,0.041985511664889064
156,230.0,0.04008190446899906,0.018419025444010195
156,235.0,0.021929744607605772,0.010124363140990189
156,240.0,0.05844966732101642,0.02689522693692792
156,245.0,0.08427620946009573,0.03866317108354311
156,250.0,0.00550813789018767,0.002544672450412566
156,255.0,-2.220446049250313e-16,0.0
156,260.0,-2.220446049250313e-16,0.0
156,265.0,0.010774333922662138,0.004977571595182084
156,270.0,0.09416337933304064,0.045420764432573146
156,275.0,0.07185919735125279,0.03546655726420267
156,280.0,0.02102847588536305,0.009672037726951022
156,285.0,-2.220446049250313e-16,0.0
156,290.0,-2.220446049250313e-16,0.0
156,295.0,-2.220446049250313e-16,0.0
156,300.0,-2.220446049250313e-16,0.0
156,305.0,-2.220446049250313e-16,0.0
156,310.0,-2.220446049250313e-16,0.0
156,315.0,-2.220446049250313e-16,0.0
156,320.0,-2.220446049250313e-16,0.0
156,325.0,-2.220446049250313e-16,0.0
156,330.0,-2.220446049250313e-16,0.0
156,335.0,-2.220446049250313e-16,0.0
156,340.0,-2.220446049250313e-16,0.0
156,345.0,-2.220446049250313e-16,0.0
156,350.0,-2.220446049250313e-16,0.0
156,355.0,0.09674918158135204,0.04597193743106587
157,0.0,0.3915550150241922,0.21386591633455487
157,5.0,0.5634533758005449,0.32156291940785875
157,10.0,0.7379434419980512,0.4456263711575197
157,15.0,0.7634813188225487,0.4640108805303529
157,20.0,0.6851437808266465,0.40686741796840764
157,25.0,0.5050858427194344,0.2846204700470716
157,30.0,0.33920029181138367,0.18346305260270868
157,35.0,0.1798498648983785,0.09023956010472245
157,40.0,0.04357609767021431,0.021891275061919013
157,45.0,-2.220446049250313e-16,0.0
157,50.0,-2.220446049250313e-16,0.0
157,55.0,-2.220446049250313e-16,0.0
157,60.0,-2.220446049250313e-16,0.0
157,65.0,-2.220446049250313e-16,0.0
157,70.0,-2.220446049250313e-16,0.0
157,75.0,-2.220446049250313e-16,0.0
157,80.0,-2.220446049250313e-16,0.0
157,85.0,-2.220446049250313e-16,0.0
157,90.0,-2.220446049250313e-16,0.0
157,95.0,-2.220446049250313e-16,0.0
157,100.0,-2.220446049250313e-16,0.0
157,105.0,-2.220446049250313e-16,0.0
157,110.0,-2.220446049250313e-16,0.0
157,115.0,-2.220446049250313e-16,0.0
157,120.0,-2.220446049250313e-16,0.0
157,125.0,-2.220446049250313e-16,0.0
157,130.0,-2.220446049250313e-16,0.0
157,135.0,-2.220446049250313e-16,0.0
157,140.0,-2.220446049250313e-16,0.0
157,145.0,-2.220446049250313e-16,0.0
157,150.0,-2.220446049250313e-16,0.0
157,155.0,-2.220446049250313e-16,0.0
157,160.0,-2.220446049250313e-16,0.0
157,165.0,0.00026994220737208696,0.00013561056240352087
157,170.0,0.08112624899995102,0.04067660235097004
157,175.0,0.2349828088192697,0.12075310653213289
157,180.0,0.3915542883763663,0.21386549576049318
157,185.0,0.5634015864814761,0.3215184086195484
157,190.0,0.7372709027728734,0.4449746913129802
157,195.0,0.7635446355522449,0.4640479912705139
157,200.0,0.6856214310790785,0.40722378884350496
157,205.0,0.5051240383557258,0.28463804262234016
157,210.0,0.33920029177675104,0.18346305258266382
157,215.0,0.1798498648983783,0.09023956010472223
157,220.0,0.04357609767021431,0.021891275061919013
157,225.0,-2.220446049250313e-16,0.0
157,230.0,-2.220446049250313e-16,0.0
157,235.0,-2.220446049250313e-16,0.0
157,240.0,-2.220446049250313e-16,0.0
157,245.0,-2.220446049250313e-16,0.0
157,250.0,-2.220446049250313e-16,0.0
157,255.0,-2.220446049250313e-16,0.0
157,260.0,-2.220446049250313e-16,0.0
157,265.0,-2.220446049250313e-16,0.0
157,270.0,-2.220446049250313e-16,0.0
157,275.0,-2.220446049250313e-16,0.0
157,280.0,-2.220446049250313e-16,0.0
157,285.0,-2.220446049250313e-16,0.0
157,290.0,-2.220446049250313e-16,0.0
157,295.0,-2.220446049250313e-16,0.0
157,300.0,-2.220446049250313e-16,0.0
157,305.0,-2.220446049250313e-16,0.0
157,310.0,-2.220446049250313e-16,0.0
157,315.0,-2.220446049250313e-16,0.0
157,320.0,-2.220446049250313e-16,0.0
157,325.0,-2.220446049250313e-16,0.0
157,330.0,-2.220446049250313e-16,0.0
157,335.0,-2.220446049250313e-16,0.0
157,340.0,-2.220446049250313e-16,0.0
157,345.0,0.00026994220737197594,0.00013561056240352087
157,350.0,0.08112624899995113,0.04067660235097004
157,355.0,0.23498280881926947,0.12075310653213278
158,0.0,-2.220446049250313e-16,0.0
158,5.0,-2.220446049250313e-16,0.0
158,10.0,-2.220446049250313e-16,0.0
158,15.0,-2.220446049250313e-16,0.0
158,20.0,-2.220446049250313e-16,0.0
158,25.0,-2.220446049250313e-16,0.0
158,30.0,-2.220446049250313e-16,0.0
158,35.0,-2.220446049250313e-16,0.0
158,40.0,-2.220446049250313e-16,0.0
158,45.0,-2.220446049250313e-16,0.0
158,50.0,-2.220446049250313e-16,0.0
158,55.0,0.024721939895805733,0.011523658216999855
158,60.0,0.10909922647502601,0.05305178571921898
158,65.0,0.26545662430516936,0.13336547151856049
158,70.0,0.44594164730522823,0.2344565627266615
158,75.0,0.6354454486727147,0.34627348811895486
158,80.0,0.650902264543119,0.3558323909528972
158,85.0,0.5066595366819667,0.2686883315424716
158,90.0,0.3318295962772382,0.17026161809634932
158,95.0,0.16435127031681407,0.08163013350254811
158,100.0,0.05785097017749219,0.028795847032391575
158,105.0,0.018587729323906288,0.008663769033373403
158,110.0,-2.220446049250313e-16,0.0
158,115.0,-2.220446049250313e-16,0.0
158,120.0,-2.220446049250313e-16,0.0
158,125.0,-2.220446049250313e-16,0.0
158,130.0,-2.220446049250313e-16,0.0
158,135.0,-2.220446049250313e-16,0.0
158,140.0,-2.220446049250313e-16,0.0
158,145.0,-2.220446049250313e-16,0.0
158,150.0,-2.220446049250313e-16,0.0
158,155.0,-2.220446049250313e-16,0.0
158,160.0,-2.220446049250313e-16,0.0
158,165.0,-2.220446049250313e-16,0.0
158,170.0,-2.220446049250313e-16,0.0
158,175.0,-2.220446049250313e-16,0.0
158,180.0,-2.220446049250313e-16,0.0
158,185.0,-2.220446049250313e-16,0.0
158,190.0,-2.220446049250313e-16,0.0
158,195.0,-2.220446049250313e-16,0.0
158,200.0,-2.220446049250313e-16,0.0
158,205.0,-2.220446049250313e-16,0.0
158,210.0,-2.220446049250313e-16,0.0
158,215.0,-2.220446049250313e-16,0.0
158,220.0,-2.220446049250313e-16,0.0
158,225.0,-2.220446049250313e-16,0.0
158,230.0,-2.220446049250313e-16,0.0
158,235.0,0.02472193989580518,0.011523658216999855
158,240.0,0.10909922647502535,0.053051785719218536
158,245.0,0.2661294693971651,0.1337019737338302
158,250.0,0.4469251553245609,0.23542711854424014
158,255.0,0.6031987455142434,0.32924708101523537
158,260.0,0.6488766830105445,0.35465221571769945
158,265.0,0.5307275880222262,0.2807730378187866
158,270.0,0.32737937299425524,0.16797686277820933
158,275.0,0.16407705756964597,0.08149326371040277
158,280.0,0.05785097017749263,0.028795847032391797
158,285.0,0.01858772932390651,0.008663769033373514
158,290.0,-2.220446049250313e-16,0.0
158,295.0,-2.220446049250313e-16,0.0
158,300.0,-2.220446049250313e-16,0.0
158,305.0,-2.220446049250313e-16,0.0
158,310.0,-2.220446049250313e-16,0.0
158,315.0,-2.220446049250313e-16,0.0
158,320.0,-2.220446049250313e-16,0.0
158,325.0,-2.220446049250313e-16,0.0
158,330.0,-2.220446049250313e-16,0.0
158,335.0,-2.220446049250313e-16,0.0
158,340.0,-2.220446049250313e-16,0.0
158,345.0,-2.220446049250313e-16,0.0
158,350.0,-2.220446049250313e-16,0.0
158,355.0,-2.220446049250313e-16,0.0
159,0.0,-2.220446049250313e-16,0.0
159,5.0,-2.220446049250313e-16,0.0
159,10.0,0.011215913605799765,0.009991802660285098
159,15.0,0.04778672093794223,0.0421459827907128
159,20.0,0.09522176981993602,0.08637645995981424
159,25.0,0.14209094483252727,0.13069522318353632
159,30.0,0.18856375479539578,0.17568493579995936
159,35.0,0.23016028562052382,0.21460675774290916
159,40.0,0.261673638584796,0.24235137745159663
159,45.0,0.3106039590551155,0.28885302277728175
159,50.0,0.32685224221309106,0.3040438863774314
159,55.0,0.3576848459373655,0.33022350577950854
159,60.0,0.38138191424569423,0.35256355304154097
159,65.0,0.36627539618965665,0.33912684736485155
159,70.0,0.39846033061716135,0.37005507179178987
159,75.0,0.4141151067299893,0.3848166936028392
159,80.0,0.41065785289016954,0.3795704372312797
159,85.0,0.3765429695596634,0.3485105559100533
159,90.0,0.32395581951309094,0.29972771996066094
159,95.0,0.27294973424951585,0.2527402018305872
159,100.0,0.21247178324781935,0.19641383111565125
159,105.0,0.1741246457926232,0.15925258591246627
159,110.0,0.12905507909105296,0.11891354640909602
159,115.0,0.09819559607855965,0.09136964591555219
159,120.0,0.08040737647616358,0.07454404706198958
159,125.0,0.08373659767177466,0.07788992496561475
159,130.0,0.10140310111975959,0.09452315428553759
159,135.0,0.11345677004125632,0.1058846446120395
159,140.0,0.1134534921389515,0.10588175686077517
159,145.0,0.10196259960989729,0.09517145512372582
159,150.0,0.08243111508104328,0.07661137017718378
159,155.0,0.0595953111889872,0.054824008209006014
159,160.0,0.036190070732500135,0.032122755863231656
159,165.0,0.013723382337946233,0.01217893620993138
159,170.0,0.0003344442994254182,0.0002979428656607608
159,175.0,-2.220446049250313e-16,0.0
159,180.0,-2.220446049250313e-16,0.0
159,185.0,-2.220446049250313e-16,0.0
159,190.0,0.011215913605799765,0.00999180266028521
159,195.0,0.04778672093794223,0.04214598279071291
159,200.0,0.09522176981993602,0.08637645995981424
159,205.0,0.14204652814796281,0.13065620912348186
159,210.0,0.1880514703723245,0.17517338715730124
159,215.0,0.2284053880377781,0.2130107755076135
159,220.0,0.24848692925855342,0.23074565768356625
159,225.0,0.2682003241314994,0.24811438026978827
159,230.0,0.28512864261256277,0.26476250306491733
159,235.0,0.32937425982753976,0.3042314924786922
159,240.0,0.38245920831397406,0.35396268577086876
159,245.0,0.4139283217418851,0.38372386095332356
159,250.0,0.4370879477694082,0.40539165999270954
159,255.0,0.4503693684485759,0.4165602822551431
159,260.0,0.4424569412609298,0.4098832862260877
159,265.0,0.3849122134001224,0.3575110342633021
159,270.0,0.29367478300396477,0.2735179009986597
159,275.0,0.25095950384559484,0.23286829202581172
159,280.0,0.18878874582927252,0.1744657241593225
159,285.0,0.16738247895631386,0.15516345455922909
159,290.0,0.14053375195924334,0.1288706334589611
159,295.0,0.128162198898793,0.11786987110423797
159,300.0,0.12118717974741333,0.11148158542223963
159,305.0,0.10759789324226787,0.09868548396071875
159,310.0,0.10156446850320222,0.09466689784250748
159,315.0,0.11345677004125632,0.10588464461203939
159,320.0,0.1134534921389515,0.10588175686077517
159,325.0,0.10196259960989751,0.09517145512372605
159,330.0,0.0824311150810435,0.07661137017718411
159,335.0,0.0595953111889872,0.054824008209006014
159,340.0,0.036190070732500024,0.032122755863231656
159,345.0,0.013723382337946233,0.01217893620993138
159,350.0,0.0003344442994254182,0.0002979428656607608
159,355.0,-2.220446049250313e-16,0.0
160,0.0,0.0,0.0
160,5.0,0.0,0.0
160,10.0,0.0,0.0
160,15.0,0.0128222817236604,0.006760144087755715
160,20.0,0.07637541086752797,0.04218616943830544
160,25.0,0.18557503750170878,0.10663853452457628
160,30.0,0.2927810336009098,0.17094999661499377
160,35.0,0.4058277980910435,0.2362975827714029
160,40.0,0.42039624965967404,0.24489952301639117
160,45.0,0.33939238957817175,0.19938149176841347
160,50.0,0.23390761802168725,0.1362812550688305
160,55.0,0.1297702919140752,0.07250878590652066
160,60.0,0.03852377267423457,0.0201244085959561
160,65.0,0.0,0.0
160,70.0,0.0,0.0
160,75.0,0.0,0.0
160,80.0,0.0,0.0
160,85.0,0.0,0.0
160,90.0,0.0,0.0
160,95.0,0.0,0.0
160,100.0,0.0,0.0
160,105.0,0.0,0.0
160,110.0,0.0,0.0
160,115.0,0.0,0.0
160,120.0,0.0,0.0
160,125.0,0.0,0.0
160,130.0,0.0,0.0
160,135.0,0.0,0.0
160,140.0,0.0,0.0
160,145.0,0.0,0.0
160,150.0,0.0,0.0
160,155.0,0.0,0.0
160,160.0,0.0,0.0
160,165.0,0.0,0.0
160,170.0,0.0,0.0
160,175.0,0.0,0.0
160,180.0,0.0,0.0
160,185.0,0.0,0.0
160,190.0,0.0,0.0
160,195.0,0.0128222817236604,0.006760144087755826
160,200.0,0.07637541086752775,0.04218616943830544
160,205.0,0.18271438650829708,0.10477261666483173
160,210.0,0.2847877476539371,0.16689370109470147
160,215.0,0.38095349911314813,0.2229064794297182
160,220.0,0.42524552563291185,0.24784343877462223
160,225.0,0.3583057597852457,0.2105078015347297
160,230.0,0.24187592038433314,0.14101506361211624
160,235.0,0.12977196360838228,0.07250960111423521
160,240.0,0.03852377267423479,0.02012440859595621
160,245.0,0.0,0.0
160,250.0,0.0,0.0
160,255.0,0.0,0.0
160,260.0,0.0,0.0
160,265.0,0.0,0.0
160,270.0,0.0,0.0
160,275.0,0.0,0.0
160,280.0,0.0,0.0
160,285.0,0.0,0.0
160,290.0,0.0,0.0
160,295.0,0.0,0.0
160,300.0,0.0,0.0
160,305.0,0.0,0.0
160,310.0,0.0,0.0
160,315.0,0.0,0.0
160,320.0,0.0,0.0
160,325.0,0.0,0.0
160,330.0,0.0,0.0
160,335.0,0.0,0.0
160,340.0,0.0,0.0
160,345.0,0.0,0.0
160,350.0,0.0,0.0
160,355.0,0.0,0.0
161,0.0,0.0,0.0
161,5.0,0.0,0.0
161,10.0,0.011165583519204159,0.0058867021518026474
161,15.0,0.07023540074213264,0.03914143058062991
161,20.0,0.0694661009512565,0.03865403607355067
161,25.0,0.0005517972716319042,0.0002909177277377051
161,30.0,0.0,0.0
161,35.0,0.0,0.0
161,40.0,0.12261552573008305,0.06673005017990297
161,45.0,0.13827635138829975,0.07689255411124096
161,50.0,0.039861877441428106,0.02095627553668955
161,55.0,0.0,0.0
161,60.0,0.04485128842026831,0.023557944452944346
161,65.0,0.11635460685340482,0.06277971970595753
161,70.0,0.06319834782029221,0.03311880289149138
161,75.0,0.02880733338176178,0.015106628020199353
161,80.0,0.04386708693581676,0.02313933698218218
161,85.0,0.0018460271879002788,0.0009732596778849745
161,90.0,0.0,0.0
161,95.0,0.0,0.0
161,100.0,0.0,0.0
161,105.0,0.022505080991491178,0.01186509495641197
161,110.0,0.20119400988070102,0.11134274050445925
161,115.0,0.3637017929585583,0.21378384546843543
161,120.0,0.3656095272041817,0.2150306780654916
161,125.0,0.23392962425462338,0.13181321074637853
161,130.0,0.04744448586721495,0.02497601805708638
161,135.0,0.0,0.0
161,140.0,0.0,0.0
161,145.0,0.0,0.0
161,150.0,0.0,0.0
161,155.0,0.0,0.0
161,160.0,0.0,0.0
161,165.0,0.0,0.0
161,170.0,0.0,0.0
161,175.0,0.0,0.0
161,180.0,0.0,0.0
161,185.0,0.0,0.0
161,190.0,0.011165583519204159,0.0058867021518026474
161,195.0,0.07023540074213241,0.03914143058062991
161,200.0,0.06946610095125627,0.03865403607355056
161,205.0,0.0005517972716316821,0.0002909177277377051
161,210.0,0.0,0.0
161,215.0,0.0,0.0
161,220.0,0.12261552573008294,0.06673005017990286
161,225.0,0.13827635138829963,0.07689255411124096
161,230.0,0.03986187744142833,0.02095627553668966
161,235.0,0.0,0.0
161,240.0,0.04485128842026742,0.023557944452944013
161,245.0,0.11635460685340471,0.06277971970595753
161,250.0,0.06319834782029154,0.03311880289149116
161,255.0,0.02880733338176178,0.015106628020199464
161,260.0,0.04386708693581676,0.02313933698218218
161,265.0,0.0018460271879002788,0.0009732596778849745
161,270.0,0.0,0.0
161,275.0,0.0,0.0
161,280.0,0.0,0.0
161,285.0,0.02250508099149029,0.011865094956411415
161,290.0,0.20118030601204373,0.11133405833609211
161,295.0,0.36367317294411483,0.2137583907162649
161,300.0,0.3656080009014676,0.2150293194636056
161,305.0,0.23398212206774993,0.13186033930065755
161,310.0,0.04744448586721517,0.024976018057086602
161,315.0,0.0,0.0
161,320.0,0.0,0.0
161,325.0,0.0,0.0
161,330.0,0.0,0.0
161,335.0,0.0,0.0
161,340.0,0.0,0.0
161,345.0,0.0,0.0
161,350.0,0.0,0.0
161,355.0,0.0,0.0
162,0.0,0.0,1.1102230246251565e-16
162,5.0,0.0,1.1102230246251565e-16
162,10.0,0.0,1.1102230246251565e-16
162,15.0,0.0,1.1102230246251565e-16
162,20.0,0.0,1.1102230246251565e-16
162,25.0,0.0,1.1102230246251565e-16
162,30.0,0.0,1.1102230246251565e-16
162,35.0,0.0,1.1102230246251565e-16
162,40.0,0.0,1.1102230246251565e-16
162,45.0,0.0,1.1102230246251565e-16
162,50.0,0.0,1.1102230246251565e-16
162,55.0,0.0,1.1102230246251565e-16
162,60.0,0.0,1.1102230246251565e-16
162,65.0,0.0,1.1102230246251565e-16
162,70.0,0.0,1.1102230246251565e-16
162,75.0,0.0,1.1102230246251565e-16
162,80.0,0.0,1.1102230246251565e-16
162,85.0,0.0,1.1102230246251565e-16
162,90.0,0.02416339034844428,0.012369391651619654
162,95.0,0.10098954945693406,0.05552707720969163
162,100.0,0.2175901919129286,0.12253301695523744
162,105.0,0.3495887710256469,0.19736574692527142
162,110.0,0.4022781507969313,0.22738824762122534
162,115.0,0.3165788402447862,0.18006886869966543
162,120.0,0.20107058740663686,0.113499719680352
162,125.0,0.07985173945123647,0.042517980944155265
162,130.0,0.005540672755022236,0.0028479023230765232
162,135.0,0.0,1.1102230246251565e-16
162,140.0,0.0,1.1102230246251565e-16
162,145.0,0.0,1.1102230246251565e-16
162,150.0,0.0,1.1102230246251565e-16
162,155.0,0.0,1.1102230246251565e-16
162,160.0,0.0,1.1102230246251565e-16
162,165.0,0.0,1.1102230246251565e-16
162,170.0,0.0,1.1102230246251565e-16
162,175.0,0.0,1.1102230246251565e-16
162,180.0,0.0,1.1102230246251565e-16
162,185.0,0.0,1.1102230246251565e-16
162,190.0,0.0,1.1102230246251565e-16
162,195.0,0.0,1.1102230246251565e-16
162,200.0,0.0,1.1102230246251565e-16
162,205.0,0.0,1.1102230246251565e-16
162,210.0,0.0,1.1102230246251565e-16
162,215.0,0.0,1.1102230246251565e-16
162,220.0,0.0,1.1102230246251565e-16
162,225.0,0.0,1.1102230246251565e-16
162,230.0,0.0,1.1102230246251565e-16
162,235.0,0.0,1.1102230246251565e-16
162,240.0,0.0,1.1102230246251565e-16
162,245.0,0.0,1.1102230246251565e-16
162,250.0,0.0,1.1102230246251565e-16
162,255.0,0.0,1.1102230246251565e-16
162,260.0,0.0,1.1102230246251565e-16
162,265.0,0.0,1.1102230246251565e-16
162,270.0,0.02416339034844417,0.012369391651619654
162,275.0,0.10098954945693384,0.05552707720969152
162,280.0,0.20889425453184018,0.11782576303431203
162,285.0,0.3326698789148821,0.1884279336259166
162,290.0,0.40924174749288966,0.23218523963696958
162,295.0,0.33025851383973714,0.1883556824586674
162,300.0,0.20594425638871983,0.11615881811593798
162,305.0,0.0798517394512368,0.042517980944155376
162,310.0,0.005540672755022236,0.0028479023230765232
162,315.0,0.0,1.1102230246251565e-16
162,320.0,0.0,1.1102230246251565e-16
162,325.0,0.0,1.1102230246251565e-16
162,330.0,0.0,1.1102230246251565e-16
162,335.0,0.0,1.1102230246251565e-16
162,340.0,0.0,1.1102230246251565e-16
162,345.0,0.0,1.1102230246251565e-16
162,350.0,0.0,1.1102230246251565e-16
162,355.0,0.0,1.1102230246251565e-16
163,0.0,0.19557973797155026,0.10285726896407565
163,5.0,0.1922411018475687,0.10173617981891825
163,10.0,0.205595003807856,0.1086851575739356
163,15.0,0.22546089329768682,0.11919471225822265
163,20.0,0.27362826457322975,0.14871772652956583
163,25.0,0.32630633726570735,0.18494164836793436
163,30.0,0.33983140848950677,0.19427948636768622
163,35.0,0.32638498038438823,0.18501895431154036
163,40.0,0.27296525183939113,0.1483689787791419
163,45.0,0.21072704068923687,0.10993494292519101
163,50.0,0.14472102724485392,0.07330202670778896
163,55.0,0.08346734675238265,0.03930592159275692
163,60.0,0.04631033988054312,0.021928189577799406
163,65.0,0.06481915670780103,0.030886246134219864
163,70.0,0.12389974421669958,0.06161299056016878
163,75.0,0.18534765951536125,0.095874140521649
163,80.0,0.24663061993576896,0.13235046582978027
163,85.0,0.3054128541005421,0.17058534461904196
163,90.0,0.3442534830623517,0.19721577546173552
163,95.0,0.34423343086530866,0.1972022523951792
163,100.0,0.3091656830885847,0.17315748555020793
163,105.0,0.25103341143065316,0.13495707994403328
163,110.0,0.19930415264640178,0.10359994779292381
163,115.0,0.18322759274222244,0.09472308722634026
163,120.0,0.18618699137981964,0.09797738972071501
163,125.0,0.1648115786999962,0.08823549824133692
163,130.0,0.1492688322628355,0.0783999357323687
163,135.0,0.13644229845454459,0.06837625415652404
163,140.0,0.13055933823163357,0.06550163307331458
163,145.0,0.20286518144737298,0.10654210939912157
163,150.0,0.2726930811850571,0.14857067620014663
163,155.0,0.2925424807916711,0.16191613842125474
163,160.0,0.2677358219822372,0.146657137691785
163,165.0,0.20003965167347326,0.10702729411482637
163,170.0,0.1299416521028367,0.06955101379293882
163,175.0,0.1198083431673066,0.06404818044889149
163,180.0,0.16379510366043204,0.08740043491819782
163,185.0,0.22010368769764577,0.11410937474862604
163,190.0,0.26628310785724674,0.13843039494211695
163,195.0,0.2868621081702424,0.14871116072120671
163,200.0,0.29890654455043086,0.16051155846941745
163,205.0,0.3259713939851403,0.18473596507356083
163,210.0,0.3398041240744871,0.1942628268200295
163,215.0,0.32665861007714747,0.18518701336137455
163,220.0,0.2731426366230568,0.14837687846904313
163,225.0,0.21076211833549807,0.10995615531961911
163,230.0,0.14472102724485414,0.07330202670778907
163,235.0,0.0804687476475967,0.03789073257139475
163,240.0,0.03734124159053809,0.01766154889024063
163,245.0,0.06481915670780114,0.030886246134219975
163,250.0,0.12389974421670003,0.061612990560169
163,255.0,0.18533490940688513,0.0958678566280704
163,260.0,0.24600151514316448,0.13184341839506297
163,265.0,0.3044637737043938,0.16958826184427178
163,270.0,0.3417673708565374,0.19558670940985512
163,275.0,0.3417529076863667,0.19557714965006234
163,280.0,0.30787775732464173,0.17189612612224558
163,285.0,0.25613634221586024,0.1371847621610155
163,290.0,0.2380363053890866,0.12154197146514956
163,295.0,0.22482621202839814,0.1140766992350567
163,300.0,0.2045880823570282,0.10657923463662311
163,305.0,0.1648989934050369,0.088282972896361
163,310.0,0.12914664651434493,0.06908282092167439
163,315.0,0.09294075182066786,0.048057238533800506
163,320.0,0.12173114225061876,0.061508162169084946
163,325.0,0.20286518144737242,0.10654210939912123
163,330.0,0.27269308118505686,0.1485706762001464
163,335.0,0.2925424807916712,0.16191613842125474
163,340.0,0.267735821982237,0.146657137691785
163,345.0,0.20005687455640853,0.1070359205385839
163,350.0,0.16203916563881848,0.08421780389222033
163,355.0,0.18337761334182723,0.09474089970999133
164,0.0,0.06318642426666321,0.023446742917506036
164,5.0,0.031442453258672676,0.011036293012143927
164,10.0,0.0,1.1102230246251565e-16
164,15.0,0.0,1.1102230246251565e-16
164,20.0,0.01300297538061923,0.004585949811296008
164,25.0,0.15060847814856237,0.05753354913304232
164,30.0,0.19575192306854494,0.07650604082993984
164,35.0,0.152313147958425,0.05827152058904039
164,40.0,0.014191450831982477,0.005005106859000019
164,45.0,0.0,1.1102230246251565e-16
164,50.0,0.0,1.1102230246251565e-16
164,55.0,0.0,1.1102230246251565e-16
164,60.0,0.0,1.1102230246251565e-16
164,65.0,0.0,1.1102230246251565e-16
164,70.0,0.0,1.1102230246251565e-16
164,75.0,0.0,1.1102230246251565e-16
164,80.0,0.014212334843376806,0.005012472329233519
164,85.0,0.15283005591607202,0.05850419936755036
164,90.0,0.19535609634559936,0.07634080510703722
164,95.0,0.14929228864683952,0.05699978972037645
164,100.0,0.011698642301350537,0.004125931556731244
164,105.0,0.0,1.1102230246251565e-16
164,110.0,0.0,1.1102230246251565e-16
164,115.0,0.035838464284270066,0.01255101497555311
164,120.0,0.0628866135260131,0.023311384451194628
164,125.0,0.029246273633401154,0.010270011178033833
164,130.0,0.0,1.1102230246251565e-16
164,135.0,0.0,1.1102230246251565e-16
164,140.0,0.026598124809309676,0.00938075031902974
164,145.0,0.23893745621811913,0.09186527661201116
164,150.0,0.30316680859411027,0.1189627834244994
164,155.0,0.22019010843899867,0.08386070469548212
164,160.0,0.013913646333926888,0.004907129477043748
164,165.0,0.0,1.1102230246251565e-16
164,170.0,0.0,1.1102230246251565e-16
164,175.0,0.034387981059091466,0.012051225783501374
164,180.0,0.06318642426666288,0.023446742917506036
164,185.0,0.031442453258672676,0.011036293012143927
164,190.0,0.0,1.1102230246251565e-16
164,195.0,0.0,1.1102230246251565e-16
164,200.0,0.013002975380619008,0.004585949811296008
164,205.0,0.15060847814856237,0.05753354913304232
164,210.0,0.19575192306854494,0.07650604082993984
164,215.0,0.15231314795842454,0.05827152058904017
164,220.0,0.014191450831982477,0.005005106859000019
164,225.0,0.0,1.1102230246251565e-16
164,230.0,0.0,1.1102230246251565e-16
164,235.0,0.0,1.1102230246251565e-16
164,240.0,0.0,1.1102230246251565e-16
164,245.0,0.0,1.1102230246251565e-16
164,250.0,0.0,1.1102230246251565e-16
164,255.0,0.0,1.1102230246251565e-16
164,260.0,0.014212334843376806,0.005012472329233519
164,265.0,0.15283005591607168,0.05850419936755036
164,270.0,0.19535609634559925,0.07634080510703722
164,275.0,0.14929228864683997,0.05699978972037667
164,280.0,0.011698642301350759,0.004125931556731244
164,285.0,0.0,1.1102230246251565e-16
164,290.0,0.0,1.1102230246251565e-16
164,295.0,0.03583846428427029,0.012551014975553332
164,300.0,0.06288661352601299,0.023311384451194628
164,305.0,0.029246273633401154,0.010270011178034055
164,310.0,0.0,1.1102230246251565e-16
164,315.0,0.0,1.1102230246251565e-16
164,320.0,0.026598124809309343,0.00938075031902974
164,325.0,0.23906413644314672,0.0919252235170196
164,330.0,0.3030238264849131,0.11893672839388136
164,335.0,0.22006181542612002,0.08377982981325727
164,340.0,0.013913646333926666,0.004907129477043748
164,345.0,0.0,1.1102230246251565e-16
164,350.0,0.0,1.1102230246251565e-16
164,355.0,0.034387981059091466,0.012051225783501374
165,0.0,0.16413128404717015,0.13966506386723254
165,5.0,0.1887688740545651,0.16183020988850727
165,10.0,0.1887540889010928,0.16181697961892771
165,15.0,0.15748185713055451,0.13402127175785994
165,20.0,0.11262968228159387,0.09424351013812482
165,25.0,0.06283550059636256,0.05042086381570743
165,30.0,0.016537547909015404,0.01333757209825881
165,35.0,0.0,0.0
165,40.0,0.033720012908169616,0.026928251398872116
165,45.0,0.11186735691208038,0.09360068764147367
165,50.0,0.1486942074575366,0.12622179316445392
165,55.0,0.14288208758103094,0.12096079650266733
165,60.0,0.07401323388748993,0.05973726491540432
165,65.0,0.04764492668804288,0.03825757987189404
165,70.0,0.174080501550664,0.1439641155257112
165,75.0,0.30678916962566805,0.2607872263072144
165,80.0,0.3547357626113121,0.30289492088913594
165,85.0,0.3281936771141083,0.27933621059853375
165,90.0,0.1977177349610706,0.16506373993561296
165,95.0,0.06456667375624536,0.051589431197704316
165,100.0,0.0,0.0
165,105.0,0.04327329618587483,0.03443565409736016
165,110.0,0.11276115541908571,0.09435437341759179
165,115.0,0.1635208442514995,0.13915692194208318
165,120.0,0.16353244933942435,0.13916658224234768
165,125.0,0.12378706091599567,0.10364680116678548
165,130.0,0.054706557316997806,0.04364556383897944
165,135.0,0.0010330784557252004,0.0008331802551503342
165,140.0,0.0,0.0
165,145.0,0.0,0.0
165,150.0,0.0,0.0
165,155.0,0.0,0.0
165,160.0,0.0,0.0
165,165.0,0.022822654962656785,0.01833024802265948
165,170.0,0.07202256313382172,0.0580780835129161
165,175.0,0.12110694500530739,0.10139186884000562
165,180.0,0.16413128404717015,0.13966506386723254
165,185.0,0.1887688740545651,0.16183020988850727
165,190.0,0.1887540889010928,0.16181697961892771
165,195.0,0.15748185713055451,0.13402127175785994
165,200.0,0.11262968228159387,0.09424351013812482
165,205.0,0.06283550059636256,0.05042086381570776
165,210.0,0.016537547909015182,0.013337572098258477
165,215.0,0.0,0.0
165,220.0,0.033720012908169616,0.026928251398872116
165,225.0,0.11186735691208016,0.09360068764147333
165,230.0,0.14869420745753648,0.12622179316445392
165,235.0,0.14288208758103105,0.12096079650266733
165,240.0,0.07401323388748993,0.05973726491540432
165,245.0,0.044035764043152015,0.0353421214557893
165,250.0,0.1740804410255642,0.14396403082917963
165,255.0,0.3061116494778293,0.26001801049532214
165,260.0,0.35298544624518635,0.30150702497107906
165,265.0,0.3276583972204018,0.2787973766214863
165,270.0,0.19769207655642618,0.16503387890323296
165,275.0,0.06456667375624603,0.05158943119770465
165,280.0,0.0,0.0
165,285.0,0.04327329618587439,0.03443565409735949
165,290.0,0.11276115541908582,0.09435437341759179
165,295.0,0.1635208442514995,0.13915692194208318
165,300.0,0.16353244933942435,0.13916658224234768
165,305.0,0.12378706091599567,0.10364680116678548
165,310.0,0.054706557316997806,0.04364556383897966
165,315.0,0.0010330784557252004,0.0008331802551503342
165,320.0,0.0,0.0
165,325.0,0.0,0.0
165,330.0,0.0,0.0
165,335.0,0.0,0.0
165,340.0,0.0,0.0
165,345.0,0.022822654962657007,0.01833024802265948
165,350.0,0.07202256313382172,0.0580780835129161
165,355.0,0.12110694500530739,0.10139186884000562
166,0.0,0.0,0.0
166,5.0,0.043757536229142135,0.0269486878062416
166,10.0,0.11148532454726945,0.07343210201857875
166,15.0,0.1641573144548243,0.1112700335990724
166,20.0,0.16632480315809361,0.11275868833897307
166,25.0,0.1344819369608058,0.0893651812613363
166,30.0,0.06879137804207724,0.043186138158232024
166,35.0,0.007889582677872986,0.004921533554597235
166,40.0,0.0,0.0
166,45.0,0.0,0.0
166,50.0,0.0,0.0
166,55.0,0.0,0.0
166,60.0,0.0,0.0
166,65.0,0.0,0.0
166,70.0,0.0,0.0
166,75.0,0.008114569978992958,0.005061880971821808
166,80.0,0.08749589625157084,0.056724800811827514
166,85.0,0.1381612970524977,0.09227382556083819
166,90.0,0.13600026342014693,0.09059466929575666
166,95.0,0.06002769743697223,0.03738784633445724
166,100.0,0.0,0.0
166,105.0,0.0,0.0
166,110.0,0.0,0.0
166,115.0,0.023305009912701347,0.014477260490939448
166,120.0,0.10555937766604984,0.06940832940662833
166,125.0,0.1399466895405309,0.09363767339898599
166,130.0,0.1275191302866684,0.08435754345603685
166,135.0,0.10139650029392233,0.0630454240318492
166,140.0,0.08032008894683873,0.05015336499263645
166,145.0,0.02324056405989605,0.014497498856223312
166,150.0,0.0528504392541469,0.03263917516376724
166,155.0,0.018772048946568365,0.011706195600331926
166,160.0,0.0,0.0
166,165.0,0.0,0.0
166,170.0,0.0,0.0
166,175.0,0.0,0.0
166,180.0,0.0,0.0
166,185.0,0.0437575362291418,0.026948687806241378
166,190.0,0.11148532454726956,0.07343210201857886
166,195.0,0.1641573144548243,0.1112700335990724
166,200.0,0.16632480315809361,0.11275868833897307
166,205.0,0.13448193696080601,0.0893651812613363
166,210.0,0.06879137804207702,0.0431861381582318
166,215.0,0.007889582677872986,0.004921533554597235
166,220.0,0.0,0.0
166,225.0,0.0,0.0
166,230.0,0.0,0.0
166,235.0,0.0,0.0
166,240.0,0.0,0.0
166,245.0,0.0,0.0
166,250.0,0.0,0.0
166,255.0,0.008114569978992958,0.005061880971821919
166,260.0,0.08749589625157073,0.056724800811827514
166,265.0,0.13816129705249758,0.09227382556083819
166,270.0,0.13600026342014693,0.09059466929575688
166,275.0,0.06002769743697256,0.037387846334457464
166,280.0,0.0,0.0
166,285.0,0.0,0.0
166,290.0,0.0,0.0
166,295.0,0.023305009912701347,0.014477260490939448
166,300.0,0.10555937766605006,0.06940832940662855
166,305.0,0.1399466895405309,0.09363767339898599
166,310.0,0.12761588464631712,0.08441789723463833
166,315.0,0.10366319144487712,0.0641049195818928
166,320.0,0.06523908014597513,0.040835840289710656
166,325.0,0.016438451199535464,0.01025433061130332
166,330.0,0.0528504392541469,0.03263917516376724
166,335.0,0.018772048946568032,0.011706195600331815
166,340.0,0.0,0.0
166,345.0,0.0,0.0
166,350.0,0.0,0.0
166,355.0,0.0,0.0
167,0.0,0.0,0.0
167,5.0,0.0,0.0
167,10.0,0.0,0.0
167,15.0,0.0,0.0
167,20.0,0.0,0.0
167,25.0,0.0,0.0
167,30.0,0.0,0.0
167,35.0,0.0,0.0
167,40.0,0.0,0.0
167,45.0,0.0815677407224008,0.03565906444735378
167,50.0,0.28626106093487835,0.13536908462501573
167,55.0,0.4293124516040726,0.21168458337566454
167,60.0,0.4268307230464552,0.2103221557214574
167,65.0,0.24892605234251441,0.11632348638140089
167,70.0,0.051234289777158826,0.02247604419894822
167,75.0,0.0,0.0
167,80.0,0.0,0.0
167,85.0,0.0,0.0
167,90.0,0.0,0.0
167,95.0,0.0,0.0
167,100.0,0.0,0.0
167,105.0,0.0,0.0
167,110.0,0.0,0.0
167,115.0,0.0,0.0
167,120.0,0.0,0.0
167,125.0,0.0,0.0
167,130.0,0.0,0.0
167,135.0,0.0,0.0
167,140.0,0.0,0.0
167,145.0,0.0,0.0
167,150.0,0.0,0.0
167,155.0,0.0,0.0
167,160.0,0.0,0.0
167,165.0,0.0,0.0
167,170.0,0.0,0.0
167,175.0,0.0,0.0
167,180.0,0.0,0.0
167,185.0,0.0,0.0
167,190.0,0.0,0.0
167,195.0,0.0,0.0
167,200.0,0.0,0.0
167,205.0,0.0,0.0
167,210.0,0.0,0.0
167,215.0,0.0,0.0
167,220.0,0.0,0.0
167,225.0,0.08156774072240058,0.03565906444735378
167,230.0,0.28609647286843387,0.1352869080256741
167,235.0,0.4297507981728407,0.2118525987961063
167,240.0,0.42759034762065373,0.21062025942907514
167,245.0,0.2490263728778711,0.11638684781376107
167,250.0,0.05123428977715827,0.022476044198947775
167,255.0,0.0,0.0
167,260.0,0.0,0.0
167,265.0,0.0,0.0
167,270.0,0.0,0.0
167,275.0,0.0,0.0
167,280.0,0.0,0.0
167,285.0,0.0,0.0
167,290.0,0.0,0.0
167,295.0,0.0,0.0
167,300.0,0.0,0.0
167,305.0,0.0,0.0
167,310.0,0.0,0.0
167,315.0,0.0,0.0
167,320.0,0.0,0.0
167,325.0,0.0,0.0
167,330.0,0.0,0.0
167,335.0,0.0,0.0
167,340.0,0.0,0.0
167,345.0,0.0,0.0
167,350.0,0.0,0.0
167,355.0,0.0,0.0
168,0.0,0.1997167179549385,0.17973671660299007
168,5.0,0.23731924686950823,0.21396946350267287
168,10.0,0.2352325958753676,0.21172259733864707
168,15.0,0.19500093502706717,0.1753429901111082
168,20.0,0.25039881919652707,0.22109019106077732
168,25.0,0.30895537183108046,0.2748845443030127
168,30.0,0.2556596731916765,0.228707970785631
168,35.0,0.2210764933150503,0.19903617321082678
168,40.0,0.16936082439719025,0.1506799206550301
168,45.0,0.07952776776563908,0.06801445679000939
168,50.0,0.004519247154938455,0.0039043207137477998
168,55.0,0.0,0.0
168,60.0,0.0,0.0
168,65.0,0.0,0.0
168,70.0,0.0,0.0
168,75.0,0.0,0.0
168,80.0,0.0,0.0
168,85.0,0.0,0.0
168,90.0,0.0,0.0
168,95.0,0.0,0.0
168,100.0,0.0,0.0
168,105.0,0.0,0.0
168,110.0,0.0,0.0
168,115.0,0.0,0.0
168,120.0,0.0,0.0
168,125.0,0.0,0.0
168,130.0,0.0,0.0
168,135.0,0.0,0.0
168,140.0,0.0,0.0
168,145.0,0.0,0.0
168,150.0,0.0,0.0
168,155.0,0.0,0.0
168,160.0,0.0,0.0
168,165.0,0.0,0.0
168,170.0,0.046925829216187376,0.04007758203396394
168,175.0,0.12663742218869323,0.11239824412395483
168,180.0,0.1997167179549384,0.17973671660298984
168,185.0,0.23731924686950823,0.21396946350267287
168,190.0,0.2367475420297639,0.21303133558162168
168,195.0,0.28595705115791714,0.2528538663562223
168,200.0,0.27613623177973423,0.24305171351477395
168,205.0,0.22425889256293496,0.20100636719451537
168,210.0,0.22239539912020467,0.20018308056171719
168,215.0,0.2210764933150503,0.19903617321082678
168,220.0,0.16936082439719025,0.1506799206550301
168,225.0,0.0795277677656393,0.06801445679000939
168,230.0,0.004519247154938455,0.0039043207137477998
168,235.0,0.0,0.0
168,240.0,0.0,0.0
168,245.0,0.0,0.0
168,250.0,0.0,0.0
168,255.0,0.0,0.0
168,260.0,0.0,0.0
168,265.0,0.0,0.0
168,270.0,0.0,0.0
168,275.0,0.0,0.0
168,280.0,0.0,0.0
168,285.0,0.0,0.0
168,290.0,0.0,0.0
168,295.0,0.0,0.0
168,300.0,0.0,0.0
168,305.0,0.0,0.0
168,310.0,0.0,0.0
168,315.0,0.0,0.0
168,320.0,0.0,0.0
168,325.0,0.0,0.0
168,330.0,0.0,0.0
168,335.0,0.0,0.0
168,340.0,0.0,0.0
168,345.0,0.0,0.0
168,350.0,0.04692582921618704,0.04007758203396372
168,355.0,0.12663742218869278,0.11239824412395472
169,0.0,0.1505499803109055,0.11507418928904378
169,5.0,0.04850930057540681,0.03503815207308403
169,10.0,0.0,0.0
169,15.0,0.0,0.0
169,20.0,0.0,0.0
169,25.0,0.0,0.0
169,30.0,0.0,0.0
169,35.0,0.0,0.0
169,40.0,0.0,0.0
169,45.0,0.0,0.0
169,50.0,0.0015240846579634981,0.0011107062236355159
169,55.0,0.07474794425439801,0.05414885056323693
169,60.0,0.16775260259738844,0.1285105927267226
169,65.0,0.21629585687753283,0.16923284521665838
169,70.0,0.21461217722966497,0.16790739769653396
169,75.0,0.14164353613903868,0.1081271351512586
169,80.0,0.048048743670152105,0.03470856462838212
169,85.0,0.0,0.0
169,90.0,0.0,0.0
169,95.0,0.0,0.0
169,100.0,0.0,0.0
169,105.0,0.0,0.0
169,110.0,0.0,0.0
169,115.0,0.0347570761771534,0.025196674404039276
169,120.0,0.14163809336130884,0.10812288976771167
169,125.0,0.1924579467249763,0.14957572966758204
169,130.0,0.1834002422434422,0.14166242363199955
169,135.0,0.08383161815943208,0.06109855591119073
169,140.0,0.0,0.0
169,145.0,0.0,0.0
169,150.0,0.0,0.0
169,155.0,0.0,0.0
169,160.0,0.014005362724431869,0.010206679439369926
169,165.0,0.11053434977945575,0.082835687512117
169,170.0,0.19739539056183242,0.15370882306070066
169,175.0,0.20221571789261383,0.1577115460052323
169,180.0,0.1505499803109055,0.11507418928904378
169,185.0,0.048509300575407144,0.03503815207308436
169,190.0,0.0,0.0
169,195.0,0.0,0.0
169,200.0,0.0,0.0
169,205.0,0.0,0.0
169,210.0,0.0,0.0
169,215.0,0.0,0.0
169,220.0,0.0,0.0
169,225.0,0.0,0.0
169,230.0,0.0015240846579638312,0.0011107062236355159
169,235.0,0.07474794425439746,0.054148850563236484
169,240.0,0.1677526025973881,0.1285105927267225
169,245.0,0.21629585687753283,0.1692328452166585
169,250.0,0.21461217722966486,0.16790739769653396
169,255.0,0.14164353613903868,0.1081271351512586
169,260.0,0.048048743670151994,0.03470856462838201
169,265.0,0.0,0.0
169,270.0,0.0,0.0
169,275.0,0.0,0.0
169,280.0,0.0,0.0
169,285.0,0.0,0.0
169,290.0,0.0,0.0
169,295.0,0.034757076177153734,0.02519667440403961
169,300.0,0.14163809336130928,0.1081228897677119
169,305.0,0.1924579467249763,0.14957572966758204
169,310.0,0.1834002422434423,0.14166242363199977
169,315.0,0.08383161815943208,0.06109855591119073
169,320.0,0.0,0.0
169,325.0,0.0,0.0
169,330.0,0.0,0.0
169,335.0,0.0,0.0
169,340.0,0.014005362724432202,0.010206679439370259
169,345.0,0.11053434977945642,0.08283568751211756
169,350.0,0.1973953905618323,0.15370882306070044
169,355.0,0.20221571789261383,0.1577115460052323
170,0.0,0.5075344356407134,0.30109985423816843
170,5.0,0.47458163190916125,0.27822609601316206
170,10.0,0.32768670646711184,0.184229986852411
170,15.0,0.17220758930434021,0.09099283405078284
170,20.0,0.03300537314004104,0.01730891904168197
170,25.0,0.0,0.0
170,30.0,0.0,0.0
170,35.0,0.0,0.0
170,40.0,0.0,0.0
170,45.0,0.0,0.0
170,50.0,0.0,0.0
170,55.0,0.0,0.0
170,60.0,0.0,0.0
170,65.0,0.0,0.0
170,70.0,0.0,0.0
170,75.0,0.0,0.0
170,80.0,0.0,0.0
170,85.0,0.0,0.0
170,90.0,0.0,0.0
170,95.0,0.0,0.0
170,100.0,0.0,0.0
170,105.0,0.0,0.0
170,110.0,0.0,0.0
170,115.0,0.0,0.0
170,120.0,0.0,0.0
170,125.0,0.0,0.0
170,130.0,0.0,0.0
170,135.0,0.0,0.0
170,140.0,0.0,0.0
170,145.0,0.0,0.0
170,150.0,0.0,0.0
170,155.0,0.0,0.0
170,160.0,0.025890959125350443,0.013577926039821442
170,165.0,0.1606869154050533,0.08448538770370484
170,170.0,0.3160805073762737,0.17735437441860613
170,175.0,0.46614538113906434,0.27236255777965457
170,180.0,0.5074109034972502,0.30096026463507264
170,185.0,0.46928733676228884,0.2755091173467261
170,190.0,0.3272379626702542,0.18399959835646307
170,195.0,0.1722075893043401,0.09099283405078284
170,200.0,0.03300537314004137,0.01730891904168219
170,205.0,0.0,0.0
170,210.0,0.0,0.0
170,215.0,0.0,0.0
170,220.0,0.0,0.0
170,225.0,0.0,0.0
170,230.0,0.0,0.0
170,235.0,0.0,0.0
170,240.0,0.0,0.0
170,245.0,0.0,0.0
170,250.0,0.0,0.0
170,255.0,0.0,0.0
170,260.0,0.0,0.0
170,265.0,0.0,0.0
170,270.0,0.0,0.0
170,275.0,0.0,0.0
170,280.0,0.0,0.0
170,285.0,0.0,0.0
170,290.0,0.0,0.0
170,295.0,0.0,0.0
170,300.0,0.0,0.0
170,305.0,0.0,0.0
170,310.0,0.0,0.0
170,315.0,0.0,0.0
170,320.0,0.0,0.0
170,325.0,0.0,0.0
170,330.0,0.0,0.0
170,335.0,0.0,0.0
170,340.0,0.025890959125350776,0.013577926039821775
170,345.0,0.1606869154050541,0.08448538770370528
170,350.0,0.3158152227485991,0.1772237771589661
170,355.0,0.4615273318411819,0.2703568496850368
