farm_id,year,n_turb,stage,sx_D,sy_D,AEP_kWh,AEP_noWake_kWh,CF,WakeLoss,precompute_time_s
162,2024,5,coarse,2.0,3.0,190384058.29714602,202279728.7906744,0.4682342801208707,0.05880802077720003,0.7935689999994793
162,2024,5,coarse,2.0,4.0,193764545.32815945,202279728.7906744,0.4765483161046715,0.04209607909513624,0.7919509999992442
162,2024,5,coarse,2.0,5.0,195852683.84192696,202279728.7906744,0.48168392484487693,0.03177305500245326,0.7401124000007258
162,2024,5,coarse,2.0,6.0,197123179.0137648,202279728.7906744,0.48480860554295324,0.02549217268451924,0.733899199998632
162,2024,5,coarse,2.0,7.0,197923411.13846636,202279728.7906744,0.4867767120965725,0.021536105858220172,0.8408050999987609
162,2024,5,coarse,2.0,8.0,198474009.76389995,202279728.7906744,0.488130865135022,0.018814139456913737,1.0308538000008411
162,2024,5,coarse,2.0,9.0,198846976.99077758,202279728.7906744,0.48904814803437674,0.01697032035992657,0.8498780000008992
162,2024,5,coarse,2.0,10.0,199132997.88445207,202279728.7906744,0.48975159341970503,0.015556333425178025,0.9799798999993072
162,2024,5,coarse,2.0,11.0,199352887.11780524,202279728.7906744,0.4902923933049809,0.014469278213725194,0.9826819999998406
162,2024,5,coarse,2.0,12.0,199535472.29393303,202279728.7906744,0.4907414468616159,0.013566641171351382,0.9901747999992949
162,2024,5,coarse,3.0,3.0,190384058.29714602,202279728.7906744,0.4682342801208707,0.05880802077720003,0.962248300000283
162,2024,5,coarse,3.0,4.0,193764545.32815945,202279728.7906744,0.4765483161046715,0.04209607909513624,0.8608294000005117
162,2024,5,coarse,3.0,5.0,195852683.84192696,202279728.7906744,0.48168392484487693,0.03177305500245326,0.8434335999991163
162,2024,5,coarse,3.0,6.0,197123179.0137648,202279728.7906744,0.48480860554295324,0.02549217268451924,0.8964030999995884
162,2024,5,coarse,3.0,7.0,197923411.13846636,202279728.7906744,0.4867767120965725,0.021536105858220172,0.7941358999996737
162,2024,5,coarse,3.0,8.0,198474009.76389995,202279728.7906744,0.488130865135022,0.018814139456913737,0.817347800000789
162,2024,5,coarse,3.0,9.0,198846976.99077758,202279728.7906744,0.48904814803437674,0.01697032035992657,0.8055079999994632
162,2024,5,coarse,3.0,10.0,199132997.88445207,202279728.7906744,0.48975159341970503,0.015556333425178025,0.8034423999997671
162,2024,5,coarse,3.0,11.0,199352887.11780524,202279728.7906744,0.4902923933049809,0.014469278213725194,0.8153657000002568
162,2024,5,coarse,3.0,12.0,199535472.29393303,202279728.7906744,0.4907414468616159,0.013566641171351382,0.7925837999991927
162,2024,5,coarse,4.0,3.0,190384058.29714602,202279728.7906744,0.4682342801208707,0.05880802077720003,0.7880172000004677
162,2024,5,coarse,4.0,4.0,193764545.32815945,202279728.7906744,0.4765483161046715,0.04209607909513624,0.8215856999995594
162,2024,5,coarse,4.0,5.0,195852683.84192696,202279728.7906744,0.48168392484487693,0.03177305500245326,0.7882981000002474
162,2024,5,coarse,4.0,6.0,197123179.0137648,202279728.7906744,0.48480860554295324,0.02549217268451924,0.7936779999999999
162,2024,5,coarse,4.0,7.0,197923411.13846636,202279728.7906744,0.4867767120965725,0.021536105858220172,0.7976976999998442
162,2024,5,coarse,4.0,8.0,198474009.76389995,202279728.7906744,0.488130865135022,0.018814139456913737,0.8082596000003832
162,2024,5,coarse,4.0,9.0,198846976.99077758,202279728.7906744,0.48904814803437674,0.01697032035992657,0.7955294999992475
162,2024,5,coarse,4.0,10.0,199132997.88445207,202279728.7906744,0.48975159341970503,0.015556333425178025,0.8028671000010945
162,2024,5,coarse,4.0,11.0,199352887.11780524,202279728.7906744,0.4902923933049809,0.014469278213725194,0.7992679999988468
162,2024,5,coarse,4.0,12.0,199535472.29393303,202279728.7906744,0.4907414468616159,0.013566641171351382,0.8383369000002858
162,2024,5,coarse,5.0,3.0,190384058.29714602,202279728.7906744,0.4682342801208707,0.05880802077720003,0.7942962999986776
162,2024,5,coarse,5.0,4.0,193764545.32815945,202279728.7906744,0.4765483161046715,0.04209607909513624,0.8122631999995065
162,2024,5,coarse,5.0,5.0,195852683.84192696,202279728.7906744,0.48168392484487693,0.03177305500245326,0.7947173000011389
162,2024,5,coarse,5.0,6.0,197123179.0137648,202279728.7906744,0.48480860554295324,0.02549217268451924,0.7998540999997203
162,2024,5,coarse,5.0,7.0,197923411.13846636,202279728.7906744,0.4867767120965725,0.021536105858220172,0.7915818000001309
162,2024,5,coarse,5.0,8.0,198474009.76389995,202279728.7906744,0.488130865135022,0.018814139456913737,0.8082770999990316
162,2024,5,coarse,5.0,9.0,198846976.99077758,202279728.7906744,0.48904814803437674,0.01697032035992657,0.8014259999999922
162,2024,5,coarse,5.0,10.0,199132997.88445207,202279728.7906744,0.48975159341970503,0.015556333425178025,0.791592400000809
162,2024,5,coarse,5.0,11.0,199352887.11780524,202279728.7906744,0.4902923933049809,0.014469278213725194,0.7922276000008424
162,2024,5,coarse,5.0,12.0,199535472.29393303,202279728.7906744,0.4907414468616159,0.013566641171351382,0.8027368999992177
162,2024,5,coarse,6.0,3.0,190384058.29714602,202279728.7906744,0.4682342801208707,0.05880802077720003,0.7865755000002537
162,2024,5,coarse,6.0,4.0,193764545.32815945,202279728.7906744,0.4765483161046715,0.04209607909513624,0.789896399999634
162,2024,5,coarse,6.0,5.0,195852683.84192696,202279728.7906744,0.48168392484487693,0.03177305500245326,0.785182800000257
162,2024,5,coarse,6.0,6.0,197123179.0137648,202279728.7906744,0.48480860554295324,0.02549217268451924,0.8164581000000908
162,2024,5,coarse,6.0,7.0,197923411.13846636,202279728.7906744,0.4867767120965725,0.021536105858220172,0.7963218000004417
162,2024,5,coarse,6.0,8.0,198474009.76389995,202279728.7906744,0.488130865135022,0.018814139456913737,0.8036896000012348
162,2024,5,coarse,6.0,9.0,198846976.99077758,202279728.7906744,0.48904814803437674,0.01697032035992657,0.8425705999998172
162,2024,5,coarse,6.0,10.0,199132997.88445207,202279728.7906744,0.48975159341970503,0.015556333425178025,0.802019200000359
162,2024,5,coarse,6.0,11.0,199352887.11780524,202279728.7906744,0.4902923933049809,0.014469278213725194,0.7872886000004655
162,2024,5,coarse,6.0,12.0,199535472.29393303,202279728.7906744,0.4907414468616159,0.013566641171351382,0.7917597999985446
162,2024,5,coarse,7.0,3.0,190384058.29714602,202279728.7906744,0.4682342801208707,0.05880802077720003,0.7859683999995468
162,2024,5,coarse,7.0,4.0,193764545.32815945,202279728.7906744,0.4765483161046715,0.04209607909513624,0.8906624000010197
162,2024,5,coarse,7.0,5.0,195852683.84192696,202279728.7906744,0.48168392484487693,0.03177305500245326,0.8366002000002482
162,2024,5,coarse,7.0,6.0,197123179.0137648,202279728.7906744,0.48480860554295324,0.02549217268451924,0.7892611999996006
162,2024,5,coarse,7.0,7.0,197923411.13846636,202279728.7906744,0.4867767120965725,0.021536105858220172,0.8421482000012475
162,2024,5,coarse,7.0,8.0,198474009.76389995,202279728.7906744,0.488130865135022,0.018814139456913737,0.7940385999991122
162,2024,5,coarse,7.0,9.0,198846976.99077758,202279728.7906744,0.48904814803437674,0.01697032035992657,0.8073561000001064
162,2024,5,coarse,7.0,10.0,199132997.88445207,202279728.7906744,0.48975159341970503,0.015556333425178025,0.7961646000003384
162,2024,5,coarse,7.0,11.0,199352887.11780524,202279728.7906744,0.4902923933049809,0.014469278213725194,0.7904994999989867
162,2024,5,coarse,7.0,12.0,199535472.29393303,202279728.7906744,0.4907414468616159,0.013566641171351382,0.9224816000005376
162,2024,5,coarse,8.0,3.0,190384058.29714602,202279728.7906744,0.4682342801208707,0.05880802077720003,0.9765748000008898
162,2024,5,coarse,8.0,4.0,193764545.32815945,202279728.7906744,0.4765483161046715,0.04209607909513624,0.9728443999993033
162,2024,5,coarse,8.0,5.0,195852683.84192696,202279728.7906744,0.48168392484487693,0.03177305500245326,0.8757392000006803
162,2024,5,coarse,8.0,6.0,197123179.0137648,202279728.7906744,0.48480860554295324,0.02549217268451924,0.791124100000161
162,2024,5,coarse,8.0,7.0,197923411.13846636,202279728.7906744,0.4867767120965725,0.021536105858220172,0.7985955000003742
162,2024,5,coarse,8.0,8.0,198474009.76389995,202279728.7906744,0.488130865135022,0.018814139456913737,0.9459518999992724
162,2024,5,coarse,8.0,9.0,198846976.99077758,202279728.7906744,0.48904814803437674,0.01697032035992657,0.9896505999986402
162,2024,5,coarse,8.0,10.0,199132997.88445207,202279728.7906744,0.48975159341970503,0.015556333425178025,0.9888952000001154
162,2024,5,coarse,8.0,11.0,199352887.11780524,202279728.7906744,0.4902923933049809,0.014469278213725194,0.9929688000011083
162,2024,5,coarse,8.0,12.0,199535472.29393303,202279728.7906744,0.4907414468616159,0.013566641171351382,0.993110000001252
162,2024,5,fine,2.0,11.0,199352887.11780524,202279728.7906744,0.4902923933049809,0.014469278213725194,0.917674000000261
162,2024,5,fine,2.0,11.5,199448311.69662768,202279728.7906744,0.4905270823822619,0.013997532580126969,0.895337500000096
162,2024,5,fine,2.0,12.5,199611917.3618121,202279728.7906744,0.49092945735812127,0.013188723580023242,0.8869971000003716
162,2024,5,fine,2.0,13.0,199679316.34068614,202279728.7906744,0.49109521972623255,0.012855526678499934,0.7358064000000013
162,2024,5,fine,2.5,11.0,199352887.11780524,202279728.7906744,0.4902923933049809,0.014469278213725194,0.743156700000327
162,2024,5,fine,2.5,11.5,199448311.69662768,202279728.7906744,0.4905270823822619,0.013997532580126969,0.9406025999996928
162,2024,5,fine,2.5,12.0,199535472.29393303,202279728.7906744,0.4907414468616159,0.013566641171351382,0.8180893999997352
162,2024,5,fine,2.5,12.5,199611917.3618121,202279728.7906744,0.49092945735812127,0.013188723580023242,0.9212186000004294
162,2024,5,fine,2.5,13.0,199679316.34068614,202279728.7906744,0.49109521972623255,0.012855526678499934,0.9525464999987889
162,2024,5,fine,3.0,11.0,199352887.11780524,202279728.7906744,0.4902923933049809,0.014469278213725194,0.9680570000000444
162,2024,5,fine,3.0,11.5,199448311.69662768,202279728.7906744,0.4905270823822619,0.013997532580126969,0.9064407000005303
162,2024,5,fine,3.0,12.0,199535472.29393303,202279728.7906744,0.4907414468616159,0.013566641171351382,0.9172931000011886
162,2024,5,fine,3.0,12.5,199611917.3618121,202279728.7906744,0.49092945735812127,0.013188723580023242,0.9334967000013421
162,2024,5,fine,3.0,13.0,199679316.34068614,202279728.7906744,0.49109521972623255,0.012855526678499934,0.8992957999998907
162,2014,5,validate,2.0,13.0,190199175.4977066,192749055.8433253,0.4784884918181298,0.013229016009766332,0.9213923000006616
162,2015,5,validate,2.0,13.0,211995119.22729632,214657801.9275626,0.5246105400329035,0.012404313639458622,0.9267211000005773
162,2016,5,validate,2.0,13.0,188498305.59753358,191362630.673463,0.4699533921653792,0.014968048180822854,0.9216085000007297
162,2017,5,validate,2.0,13.0,212852833.32134655,215745853.56313822,0.5146345099645709,0.013409389770473715,0.9190367000010156
162,2018,5,validate,2.0,13.0,193212951.78393728,195856107.25847483,0.4799725544253814,0.013495394713677892,0.9025115999993432
162,2019,5,validate,2.0,13.0,194998079.58323354,198030172.34532827,0.4778779060978643,0.015311266592281316,0.9311785999998392
162,2020,5,validate,2.0,13.0,209758052.41490835,211919464.55795032,0.5123547933925461,0.01019921481752763,0.9073535000006814
162,2021,5,validate,2.0,13.0,176388925.2350824,178672104.50488266,0.45077670645306,0.01277859952524308,0.8911518999993859
162,2022,5,validate,2.0,13.0,205455474.7720034,208353895.6275558,0.5114013062153165,0.013911047100043017,0.8873320999991847
162,2023,5,validate,2.0,13.0,184522697.82807466,187025270.76609483,0.4590687842469826,0.013380934714165122,0.8196962000001804
162,2024,5,validate,2.0,13.0,199679316.34068614,202279728.7906744,0.49109521972623255,0.012855526678499934,0.7999340999995184
153,2024,10,coarse,2.0,3.0,332298988.60648566,393001761.8237138,0.40181256179744335,0.15445929029818742,1.220764199999394
153,2024,10,coarse,2.0,4.0,341783144.2250307,393001761.8237138,0.4132807064389731,0.1303266869873674,1.2014872999989166
153,2024,10,coarse,2.0,5.0,346774072.7618547,393001761.8237138,0.41931568653186785,0.11762718021247733,1.2129571999994369
153,2024,10,coarse,2.0,6.0,349963654.9375591,393001761.8237138,0.42317249690152253,0.10951123141646366,1.193677299999763
153,2024,10,coarse,2.0,7.0,352594694.40984607,393001761.8237138,0.42635392310743175,0.10281650450206593,1.2253058000005694
153,2024,10,coarse,2.0,8.0,354451349.92048323,393001761.8237138,0.42859897209248277,0.09809221140469811,1.2197273000001587
153,2024,10,coarse,2.0,9.0,355583762.0630356,393001761.8237138,0.4299682733531265,0.09521076848877466,1.250866500000484
153,2024,10,coarse,2.0,10.0,356248314.0046253,393001761.8237138,0.43077184281091335,0.09351980420783639,1.2271772000003693
153,2024,10,coarse,2.0,11.0,356755138.78759366,393001761.8237138,0.43138469019056064,0.09223017949822583,1.2187095999997837
153,2024,10,coarse,2.0,12.0,357181521.03109306,393001761.8237138,0.4319002672685527,0.09114524226659414,1.2157807999992656
153,2024,10,coarse,3.0,3.0,341281726.6878146,393001761.8237138,0.41267439744596685,0.13160255286361516,1.2110081999999238
153,2024,10,coarse,3.0,4.0,350249295.49937564,393001761.8237138,0.4235178905675643,0.10878441390681431,1.1930729999985488
153,2024,10,coarse,3.0,5.0,355852834.27709615,393001761.8237138,0.43029363274134963,0.09452610943581795,1.302039500000319
153,2024,10,coarse,3.0,6.0,359903943.285833,393001761.8237138,0.43519219260681136,0.08421799023060678,1.4907452999996167
153,2024,10,coarse,3.0,7.0,362093263.374214,393001761.8237138,0.4378394962203313,0.07864722617544959,1.3946599999999307
153,2024,10,coarse,3.0,8.0,363193902.4765493,393001761.8237138,0.4391703778434696,0.07584663032766548,1.1443626000000222
153,2024,10,coarse,3.0,9.0,364453410.2693342,393001761.8237138,0.44069336187343916,0.07264179026043484,1.1452712999998766
153,2024,10,coarse,3.0,10.0,365842225.9299674,393001761.8237138,0.4423727036638058,0.06910792401467439,1.311643600000025
153,2024,10,coarse,3.0,11.0,366906727.10648954,393001761.8237138,0.4436598876741107,0.066399281764364,1.4117099000013695
153,2024,10,coarse,3.0,12.0,367600224.7298043,393001761.8237138,0.4444984579562325,0.06463466467945175,1.4286774000011064
153,2024,10,coarse,4.0,3.0,346905446.620532,393001761.8237138,0.4194745424673905,0.11729289708339508,1.4039214000003994
153,2024,10,coarse,4.0,4.0,355836285.3772186,393001761.8237138,0.4302736219797081,0.09456821840703668,1.4728412999993452
153,2024,10,coarse,4.0,5.0,360786288.34528834,393001761.8237138,0.4362591152905542,0.08197284747256713,1.4213208000001032
153,2024,10,coarse,4.0,6.0,364297173.9900571,393001761.8237138,0.44050444255145965,0.07303933626265141,1.481955299999754
153,2024,10,coarse,4.0,7.0,366649635.0469527,393001761.8237138,0.4433490145670529,0.06705345710022963,1.4171172000005754
153,2024,10,coarse,4.0,8.0,369024628.71751344,393001761.8237138,0.4462208327902218,0.06101024330001758,1.394992600000478
153,2024,10,coarse,4.0,9.0,370318113.400834,393001761.8237138,0.4477849013311173,0.05771894842816204,1.246891400000095
153,2024,10,coarse,4.0,10.0,370688935.33311045,393001761.8237138,0.4482332954451154,0.056775385400465575,1.2741093000004184
153,2024,10,coarse,4.0,11.0,371080605.362591,393001761.8237138,0.4487068988664946,0.055778774017190745,1.4096620000000257
153,2024,10,coarse,4.0,12.0,371799408.7603342,393001761.8237138,0.44957606863401955,0.05394976593741121,1.4211268000017299
153,2024,10,coarse,5.0,3.0,349982529.01841235,393001761.8237138,0.42319531924838255,0.10946320598073625,1.402738100001443
153,2024,10,coarse,5.0,4.0,359421732.22943443,393001761.8237138,0.4346091078953258,0.08544498487348288,1.3978035999989515
153,2024,10,coarse,5.0,5.0,364874651.64205754,393001761.8237138,0.4412027226627056,0.07156993406628298,1.49351679999927
153,2024,10,coarse,5.0,6.0,367552180.63065827,393001761.8237138,0.4444403635195384,0.06475691374755531,1.4358707000010327
153,2024,10,coarse,5.0,7.0,370125488.300167,393001761.8237138,0.4475519810159214,0.05820908643612701,1.4258264000000054
153,2024,10,coarse,5.0,8.0,371582490.02350867,393001761.8237138,0.44931377270073597,0.054501719536343994,1.4166578000003938
153,2024,10,coarse,5.0,9.0,372868240.4421977,393001761.8237138,0.45086848904739746,0.051230104638938644,1.4229075000002922
153,2024,10,coarse,5.0,10.0,374473557.1073135,393001761.8237138,0.4528096216533416,0.04714534772165052,1.2950665000007575
153,2024,10,coarse,5.0,11.0,375370276.330684,393001761.8237138,0.4538939254300895,0.04486362964687831,1.3816294999996899
153,2024,10,coarse,5.0,12.0,375555268.51473427,393001761.8237138,0.4541176161000414,0.04439291373153022,1.4143432000000757
153,2024,10,coarse,6.0,3.0,356087615.9542359,393001761.8237138,0.43057752836062385,0.0939287032663131,1.40492710000035
153,2024,10,coarse,6.0,4.0,362003130.0440473,393001761.8237138,0.4377305079129955,0.07887657204338777,1.4360768999995344
153,2024,10,coarse,6.0,5.0,366478266.2857814,393001761.8237138,0.44314179720167035,0.06748950797281633,1.4251411999994161
153,2024,10,coarse,6.0,6.0,370677257.1942219,393001761.8237138,0.44821917435818853,0.05680510063338042,1.4411257000010664
153,2024,10,coarse,6.0,7.0,372141924.3246588,393001761.8237138,0.44999023497540364,0.05307822896837783,1.3861739999993006
153,2024,10,coarse,6.0,8.0,373971385.7261775,393001761.8237138,0.45220240111992444,0.048423131767212274,1.3869090999996843
153,2024,10,coarse,6.0,9.0,375398878.9915847,393001761.8237138,0.4539285114771278,0.04479084966551644,1.4444358000000648
153,2024,10,coarse,6.0,10.0,375865207.4335336,393001761.8237138,0.45449239109254364,0.043604268618691336,1.4346607999996195
153,2024,10,coarse,6.0,11.0,376812440.8246459,393001761.8237138,0.45563777608784267,0.0411940163421706,1.430614599999899
153,2024,10,coarse,6.0,12.0,377929294.0320017,393001761.8237138,0.45698826364208184,0.03835216341465936,1.4785988999992696
153,2024,10,coarse,7.0,3.0,358187320.8365902,393001761.8237138,0.43311647017725535,0.08858596670296887,1.428629900001397
153,2024,10,coarse,7.0,4.0,363207033.76959854,393001761.8237138,0.43918625606964756,0.07581321751804274,1.4120094000008976
153,2024,10,coarse,7.0,5.0,369736269.37024194,393001761.8237138,0.44708134143922845,0.05919946095281855,1.4319157000009
153,2024,10,coarse,7.0,6.0,371175694.1136677,393001761.8237138,0.44882187921846156,0.0555368189922681,1.4518931999991764
153,2024,10,coarse,7.0,7.0,374551626.69277763,393001761.8237138,0.45290402260311685,0.04694669826750599,1.4137666999995417
153,2024,10,coarse,7.0,8.0,375405287.8631616,393001761.8237138,0.4539362610195425,0.04477454217735871,1.4504432000012457
153,2024,10,coarse,7.0,9.0,376485897.15047663,393001761.8237138,0.4552429227938049,0.04202491255152581,1.4200390000005427
153,2024,10,coarse,7.0,10.0,377991828.48070157,393001761.8237138,0.4570638796622752,0.038193043393390996,1.4353724000011425
153,2024,10,coarse,7.0,11.0,378368829.39931566,393001761.8237138,0.4575197453437916,0.03723375782463266,1.3827330999993137
153,2024,10,coarse,7.0,12.0,378648828.9181145,393001761.8237138,0.45785831791791354,0.03652129404966255,1.410532100000637
153,2024,10,coarse,8.0,3.0,360968551.2527869,393001761.8237138,0.4364795057470216,0.08150907625013608,1.3340994999998657
153,2024,10,coarse,8.0,4.0,367974713.5558408,393001761.8237138,0.44495128604091994,0.06368177117511042,1.4303512999995291
153,2024,10,coarse,8.0,5.0,369098785.38275343,393001761.8237138,0.44631050227660635,0.06082155034124847,1.4387907999989693
153,2024,10,coarse,8.0,6.0,374126176.4323707,393001761.8237138,0.4523895724696139,0.04802926405151831,1.4443342000013217
153,2024,10,coarse,8.0,7.0,374599136.77177626,393001761.8237138,0.45296147130807285,0.04682580802320236,1.470255599999291
153,2024,10,coarse,8.0,8.0,377423906.7323802,393001761.8237138,0.4563771544526968,0.03963813042222753,1.5019001999989996
153,2024,10,coarse,8.0,9.0,377916397.42797685,393001761.8237138,0.4569726691994883,0.038384979053869166,1.4440629000000627
153,2024,10,coarse,8.0,10.0,378431889.97105384,393001761.8237138,0.4575959975466189,0.03707329907389945,1.4453197999991971
153,2024,10,coarse,8.0,11.0,379769431.95191973,393001761.8237138,0.45921333972420764,0.03366989962179758,1.4881637999988016
153,2024,10,coarse,8.0,12.0,380361304.6968268,393001761.8237138,0.4599290262355826,0.03216386885450404,1.4142961999987165
153,2024,10,fine,7.0,11.0,378368829.39931566,393001761.8237138,0.4575197453437916,0.03723375782463266,1.4863421999998536
153,2024,10,fine,7.0,11.5,378463788.8352357,393001761.8237138,0.45763456932918467,0.036992131844435006,1.4525699999994686
153,2024,10,fine,7.0,12.0,378648828.9181145,393001761.8237138,0.45785831791791354,0.03652129404966255,1.4362273000006098
153,2024,10,fine,7.0,12.5,378997253.47176915,393001761.8237138,0.4582796293491767,0.03563472155177395,1.3767470000002504
153,2024,10,fine,7.0,13.0,379427006.2993274,393001761.8237138,0.458799282103177,0.03454120780882287,1.4086702999993577
153,2024,10,fine,7.5,11.0,379329809.48539966,393001761.8237138,0.4586817527030226,0.03478852683730933,1.245894199999384
153,2024,10,fine,7.5,11.5,379422960.7340424,393001761.8237138,0.458794390246726,0.034551501821923965,1.2648421999983839
153,2024,10,fine,7.5,12.0,379471485.96136177,393001761.8237138,0.45885306645872037,0.03442802851459277,1.245299399999567
153,2024,10,fine,7.5,12.5,379560912.4309764,393001761.8237138,0.45896120003745633,0.03420048126595031,1.4545149999994464
153,2024,10,fine,7.5,13.0,379758061.02408004,393001761.8237138,0.4591995901137606,0.03369883315071341,1.4606309999999212
153,2024,10,fine,8.0,11.0,379769431.95191973,393001761.8237138,0.45921333972420764,0.03366989962179758,1.29450530000031
153,2024,10,fine,8.0,11.5,380227054.7357038,393001761.8237138,0.4597666925461957,0.03250547027761219,1.3718676999997115
153,2024,10,fine,8.0,12.5,380381338.3232038,393001761.8237138,0.4599532506931122,0.032112892934487755,1.4477435000007972
153,2024,10,fine,8.0,13.0,380416119.27072674,393001761.8237138,0.45999530746158007,0.03202439219250243,1.4453673999996681
153,2024,10,fine,8.5,11.0,379847045.31515765,393001761.8237138,0.4593071890147009,0.03347241103325346,1.464794699999402
153,2024,10,fine,8.5,11.5,380462704.06977725,393001761.8237138,0.4600516373274211,0.031905856339547636,1.4765724999997474
153,2024,10,fine,8.5,12.0,380976606.8539387,393001761.8237138,0.4606730433542185,0.03059822152952364,1.4411491000009846
153,2024,10,fine,8.5,12.5,381195690.7856587,393001761.8237138,0.4609379574191762,0.030040758553522298,1.5017612999999983
153,2024,10,fine,8.5,13.0,381225671.17887443,393001761.8237138,0.4609742094061359,0.029964472907685512,1.417240299999321
153,2024,10,fine,9.0,11.0,380001285.07299954,393001761.8237138,0.4594936941632401,0.03307994521547662,1.445251900000585
153,2024,10,fine,9.0,11.5,380480782.78330827,393001761.8237138,0.4600734979241938,0.03185985473017285,1.4612959000005503
153,2024,10,fine,9.0,12.0,381039960.49825525,393001761.8237138,0.4607496499374308,0.03043701705038196,1.4511028000015358
153,2024,10,fine,9.0,12.5,381561085.70029175,393001761.8237138,0.4613797892385632,0.02911100466911875,1.4660493999999744
153,2024,10,fine,9.0,13.0,381870102.7168355,393001761.8237138,0.4617534494762219,0.02832470535302978,1.3855815999995684
153,2014,10,validate,9.0,13.0,400969841.43744916,411461250.1705695,0.4945970660385459,0.02549792654538223,1.4594335000001593
153,2015,10,validate,9.0,13.0,439028930.6804252,448600884.01781064,0.5335143160535001,0.02133734836109994,1.4506013000009261
153,2016,10,validate,9.0,13.0,369237777.0678496,381115094.92295355,0.4505097328792699,0.03116464819506846,1.4520625000004657
153,2017,10,validate,9.0,13.0,414016017.58345056,425868171.0141543,0.5079951135993258,0.027830568794280322,1.4971918999999616
153,2018,10,validate,9.0,13.0,364567757.08673024,374631163.5372133,0.4492517031259769,0.026862171196506596,1.4553588999988278
153,2019,10,validate,9.0,13.0,390475210.34975255,401501614.3254104,0.4731885728911204,0.027462913179525008,1.4839926999993622
153,2020,10,validate,9.0,13.0,398870356.33751184,409915893.5624645,0.4878551325067415,0.026945862305945156,1.5082733999988704
153,2021,10,validate,9.0,13.0,348553935.30453914,359806220.34776896,0.42988891872784796,0.031273180970451196,1.510610799999995
153,2022,10,validate,9.0,13.0,380226846.664841,390064763.3743112,0.47611676266571623,0.025221239222855976,1.554288199999064
153,2023,10,validate,9.0,13.0,380552095.018856,390208953.3405567,0.46923809496776325,0.024747915800057575,1.391665600000124
153,2024,10,validate,9.0,13.0,381870102.7168355,393001761.8237138,0.4617534494762219,0.02832470535302978,1.5021269000008033
151,2024,10,coarse,2.0,3.0,259513959.45718512,303746096.6642069,0.3480138922585291,0.14562207611155145,1.4091401000005135
151,2024,10,coarse,2.0,4.0,266132584.2192219,303746096.6642069,0.3568896127386642,0.12383208494878863,1.4037292000011803
151,2024,10,coarse,2.0,5.0,269593641.5107619,303746096.6642069,0.36153096622068115,0.11243751122570225,1.467984200000501
151,2024,10,coarse,2.0,6.0,271596719.0029396,303746096.6642069,0.3642171369222738,0.10584293268074046,1.4445634000003338
151,2024,10,coarse,2.0,7.0,273209572.7485098,303746096.6642069,0.3663800090498992,0.10053305787647833,1.4439161000009335
151,2024,10,coarse,2.0,8.0,274315215.91852486,303746096.6642069,0.36786270070876337,0.09689303358593632,1.4264621999991505
151,2024,10,coarse,2.0,9.0,274857479.0832479,303746096.6642069,0.3685898874658011,0.09510778211874622,1.3619574000003922
151,2024,10,coarse,2.0,10.0,275142912.0276783,303746096.6642069,0.36897265928346296,0.09416807310663024,1.5728982000000542
151,2024,10,coarse,2.0,11.0,275381164.15141165,303746096.6642069,0.3692921605892606,0.09338369389534203,1.4364786000005552
151,2024,10,coarse,2.0,12.0,275632209.3723018,303746096.6642069,0.36962881771798556,0.09255719695053455,1.4294415999993362
151,2024,10,coarse,3.0,3.0,267583720.31146288,303746096.6642069,0.3588356179582444,0.11905462078323185,1.4293718000008084
151,2024,10,coarse,3.0,4.0,273903897.3333154,303746096.6642069,0.3673111134951259,0.09824718624740807,1.2100829999999405
151,2024,10,coarse,3.0,5.0,277833528.7844817,303746096.6642069,0.3725808351676032,0.08530996172231214,1.2277628000010736
151,2024,10,coarse,3.0,6.0,280454180.3605559,303746096.6642069,0.37609518621504073,0.07668219134154136,1.2249637999993865
151,2024,10,coarse,3.0,7.0,281900190.93464994,303746096.6642069,0.378034318002749,0.07192160152664531,1.2069437000009202
151,2024,10,coarse,3.0,8.0,282510360.1933233,303746096.6642069,0.37885256831611014,0.06991278802953586,1.1990203999994264
151,2024,10,coarse,3.0,9.0,283285253.17983156,303746096.6642069,0.37989171674913713,0.0673616672249617,1.2157483999999386
151,2024,10,coarse,3.0,10.0,284193142.67668015,303746096.6642069,0.38110921640965556,0.06437269220003403,1.2070760000005976
151,2024,10,coarse,3.0,11.0,284874401.49531657,303746096.6642069,0.38202279937684935,0.06212983599177943,1.2314691999999923
151,2024,10,coarse,3.0,12.0,285222390.483476,303746096.6642069,0.38248946021654284,0.0609841785101489,1.2203176999992138
151,2024,10,coarse,4.0,3.0,272866062.2085373,303746096.6642069,0.36591935390711716,0.10166397130629698,1.2178588999995554
151,2024,10,coarse,4.0,4.0,278276082.6485636,303746096.6642069,0.3731743095729699,0.08385297554556083,1.2246847999995225
151,2024,10,coarse,4.0,5.0,281826007.145053,303746096.6642069,0.37793483591934157,0.07216583113292376,1.2346810000017285
151,2024,10,coarse,4.0,6.0,284164316.4220839,303746096.6642069,0.38107055977213883,0.06446759466927662,1.253561900000932
151,2024,10,coarse,4.0,7.0,285635920.19884723,303746096.6642069,0.38304401260405957,0.05962274631426982,1.2216580999993312
151,2024,10,coarse,4.0,8.0,287162427.08305377,303746096.6642069,0.38509109170316985,0.054597144665488484,1.238897100000031
151,2024,10,coarse,4.0,9.0,288028790.608044,303746096.6642069,0.38625290412772434,0.051744882415850325,1.2069059000004927
151,2024,10,coarse,4.0,10.0,288142168.598232,303746096.6642069,0.3864049464908569,0.05137161674615751,1.1959132000010868
151,2024,10,coarse,4.0,11.0,288341814.6314962,303746096.6642069,0.3866726761854582,0.0507143374083923,1.2295733000009932
151,2024,10,coarse,4.0,12.0,288822384.05940425,303746096.6642069,0.3873171302928849,0.04913219550373653,1.2075811000013346
151,2024,10,coarse,5.0,3.0,275979568.80602026,303746096.6642069,0.37009463431141243,0.09141361210275147,1.1821679999993648
151,2024,10,coarse,5.0,4.0,280983761.74847096,303746096.6642069,0.3768053664321724,0.07493869111641574,1.1956548000016483
151,2024,10,coarse,5.0,5.0,284835888.74068576,303746096.6642069,0.3819711529310524,0.06225662858287363,1.2012493000001996
151,2024,10,coarse,5.0,6.0,286694365.10821414,303746096.6642069,0.3844634103637041,0.056138109240770166,1.224707600000329
151,2024,10,coarse,5.0,7.0,288392986.3070646,303746096.6642069,0.3867412985209395,0.05054586882186434,1.2384258000001864
151,2024,10,coarse,5.0,8.0,289269811.8903385,303746096.6642069,0.38791714079433887,0.04765916313937709,1.2306492000006983
151,2024,10,coarse,5.0,9.0,289991922.401021,303746096.6642069,0.38888550677352957,0.04528181403559315,1.2005203000007896
151,2024,10,coarse,5.0,10.0,291128683.46565324,303746096.6642069,0.3904099282092708,0.04153934268496067,1.3910171000006812
151,2024,10,coarse,5.0,11.0,291717035.27380276,303746096.6642069,0.39119892084457925,0.03960235710848447,1.3798010000009526
151,2024,10,coarse,5.0,12.0,291737503.2134764,303746096.6642069,0.3912263687990833,0.03953497207901925,1.4452916999998706
151,2024,10,coarse,6.0,3.0,279418763.0087476,303746096.6642069,0.3747066689134338,0.08009101655173977,1.3836728000005678
151,2024,10,coarse,6.0,4.0,284206467.8048269,303746096.6642069,0.38112708569776976,0.06432882290165257,1.3921492999998009
151,2024,10,coarse,6.0,5.0,285663460.34057814,303746096.6642069,0.38308094453611125,0.059532078015867455,1.2414566000006744
151,2024,10,coarse,6.0,6.0,288995712.6290311,303746096.6642069,0.38754956769348414,0.04856155913497198,1.395476100000451
151,2024,10,coarse,6.0,7.0,289826216.0750697,303746096.6642069,0.38866329096831126,0.0458273562755465,1.4609652999988612
151,2024,10,coarse,6.0,8.0,290954025.2711567,303746096.6642069,0.39017570775265753,0.04211435647580322,1.4407909000001382
151,2024,10,coarse,6.0,9.0,291948456.40715504,303746096.6642069,0.3915092616429597,0.03884046704341437,1.4401665999994293
151,2024,10,coarse,6.0,10.0,292059552.6009118,303746096.6642069,0.391658244067201,0.03847471355727303,1.4541884999998729
151,2024,10,coarse,6.0,11.0,292657367.48034054,303746096.6642069,0.39245992688794495,0.036506573436316574,1.435951000001296
151,2024,10,coarse,6.0,12.0,293527491.4253733,303746096.6642069,0.39362678211797414,0.033641931043908474,1.5197164000001067
151,2024,10,coarse,7.0,3.0,278943715.2302104,303746096.6642069,0.37406961945850936,0.08165497995325904,1.4188087999991694
151,2024,10,coarse,7.0,4.0,284793446.4411524,303746096.6642069,0.3819142368796465,0.06239635811355559,1.4155598000015743
151,2024,10,coarse,7.0,5.0,289005975.2579248,303746096.6642069,0.38756333010315785,0.04852777226822248,1.4302636000011262
151,2024,10,coarse,7.0,6.0,288822928.66025776,303746096.6642069,0.38731786061453366,0.04913040255607569,1.4239887999992789
151,2024,10,coarse,7.0,7.0,291725672.2951516,303746096.6642069,0.39121050327900175,0.039573922104895326,1.482570799998939
151,2024,10,coarse,7.0,8.0,292046666.925303,303746096.6642069,0.391640964094546,0.03851713607973612,1.439894600000116
151,2024,10,coarse,7.0,9.0,292654802.48985547,303746096.6642069,0.3924564871796372,0.036515017957952374,1.4276876999992965
151,2024,10,coarse,7.0,10.0,293748109.38643336,303746096.6642069,0.39392263562616786,0.032915607435200694,1.4502363000010519
151,2024,10,coarse,7.0,11.0,293881838.16362655,303746096.6642069,0.3941019688395153,0.03247534242879627,1.4219135999992432
151,2024,10,coarse,7.0,12.0,293926169.99141437,303746096.6642069,0.3941614187896129,0.03232939214902419,1.4701430999994045
151,2024,10,coarse,8.0,3.0,280234299.1079224,303746096.6642069,0.37580032064895047,0.07740608954154554,1.444305600000007
151,2024,10,coarse,8.0,4.0,287592879.9552108,303746096.6642069,0.38566833841385384,0.053179997657232754,1.4364425999992818
151,2024,10,coarse,8.0,5.0,288901304.7288538,303746096.6642069,0.3874229646357165,0.048872371030874856,1.3637854000007792
151,2024,10,coarse,8.0,6.0,291361893.6034875,303746096.6642069,0.3907226681017668,0.04077156281751412,1.4085172999984934
151,2024,10,coarse,8.0,7.0,291185394.4554794,303746096.6642069,0.3904859788862537,0.04135263743854285,1.4333136000004743
151,2024,10,coarse,8.0,8.0,293615652.87466794,303746096.6642069,0.39374500854856903,0.03335168385962255,1.4628990000001068
151,2024,10,coarse,8.0,9.0,293703144.4953804,303746096.6642069,0.39386233672439375,0.03306364190065317,1.4295605999996042
151,2024,10,coarse,8.0,10.0,293926111.92489356,303746096.6642069,0.3941613409211393,0.0323295833169814,1.4328529999984312
151,2024,10,coarse,8.0,11.0,294930275.0707481,303746096.6642069,0.3955079456493873,0.029023653934242236,1.4290617000006023
151,2024,10,coarse,8.0,12.0,295292802.4550269,303746096.6642069,0.39599410279606667,0.027830132805048563,1.475887700000385
151,2024,10,fine,7.0,11.0,293881838.16362655,303746096.6642069,0.3941019688395153,0.03247534242879627,1.4232424999991053
151,2024,10,fine,7.0,11.5,293845496.97974604,303746096.6642069,0.3940532345175621,0.03259498572390232,1.4241169000015361
151,2024,10,fine,7.0,12.0,293926169.99141437,303746096.6642069,0.3941614187896129,0.03232939214902419,1.4327776999998605
151,2024,10,fine,7.0,12.5,294154788.9331068,303746096.6642069,0.39446800178772534,0.03157672752484253,1.4499849999992875
151,2024,10,fine,7.0,13.0,294484349.02136797,303746096.6642069,0.3949099490698243,0.03049174209826265,1.4629196000005322
151,2024,10,fine,7.5,11.0,294619718.9683186,303746096.6642069,0.3950914831276902,0.03004607399441779,1.3323044999997364
151,2024,10,fine,7.5,11.5,294646454.8207823,303746096.6642069,0.39512733649025383,0.02995805359594242,1.3267274999998335
151,2024,10,fine,7.5,12.0,294579768.5329671,303746096.6642069,0.395037908720621,0.030177599751588777,1.328958899999634
151,2024,10,fine,7.5,12.5,294562455.8316203,303746096.6642069,0.39501469200968253,0.030234597031675487,1.4620207000007213
151,2024,10,fine,7.5,13.0,294665412.6097441,303746096.6642069,0.3951527592996434,0.029895640319953145,1.4088049000001774
151,2024,10,fine,8.0,11.0,294930275.0707481,303746096.6642069,0.3955079456493873,0.029023653934242236,1.4262453000010282
151,2024,10,fine,8.0,11.5,295205150.2457881,303746096.6642069,0.3958765592675179,0.028118703457318466,1.3357974999998987
151,2024,10,fine,8.0,12.5,295250870.3152555,303746096.6642069,0.395937870880053,0.027968182775836365,1.3546390999999858
151,2024,10,fine,8.0,13.0,295185419.5931064,303746096.6642069,0.3958501000309862,0.028183661173313484,1.4384524999986752
151,2024,10,fine,8.5,11.0,294878294.029359,303746096.6642069,0.3954382379366488,0.029194787133845365,1.4548759999997856
151,2024,10,fine,8.5,11.5,295344400.51063865,303746096.6642069,0.39606329691650616,0.027660260480174635,1.4395199000009598
151,2024,10,fine,8.5,12.0,295656949.003068,303746096.6642069,0.396482431276744,0.02663128102706634,1.43065469999965
151,2024,10,fine,8.5,12.5,295797318.4255946,303746096.6642069,0.3966706697406392,0.026169153532859108,1.3618034999999509
151,2024,10,fine,8.5,13.0,295798725.7828823,303746096.6642069,0.39667255703752485,0.02616452019829744,1.2531957999999577
151,2024,10,fine,9.0,11.0,294885808.31108654,303746096.6642069,0.39544831475269754,0.029170048439883287,1.270363699999507
151,2024,10,fine,9.0,11.5,295254476.5427817,303746096.6642069,0.3959427069099929,0.027956310269273178,1.2001094999995985
151,2024,10,fine,9.0,12.0,295694597.5441014,303746096.6642069,0.39653291879321634,0.026507333620179766,1.2159427999995387
151,2024,10,fine,9.0,12.5,296027376.93775266,303746096.6642069,0.39697918323421305,0.0254117495211382,1.2140598999994836
151,2024,10,fine,9.0,13.0,296215902.84984946,303746096.6642069,0.397232000603258,0.0247910801062314,1.2394642000017484
151,2014,10,validate,9.0,13.0,282627690.7154211,289556690.3988428,0.3804896213185529,0.023929682556730253,1.2732379000008223
151,2015,10,validate,9.0,13.0,293655398.47416764,302019161.9399817,0.39269242909089014,0.027692823899286664,1.3786422000011953
151,2016,10,validate,9.0,13.0,322213479.2516731,329481171.91955596,0.42876045143269875,0.02205799082703668,1.4098006999993231
151,2017,10,validate,9.0,13.0,320580417.2438795,328075671.3089528,0.42004771651451717,0.022846113627288566,1.4453936999998405
151,2018,10,validate,9.0,13.0,315267405.3964497,322497145.80601084,0.41923857100591716,0.02241799812364853,1.44661029999952
151,2019,10,validate,9.0,13.0,290525748.86630756,298150260.7777355,0.38343110580217443,0.025572715890098862,1.4401135999996768
151,2020,10,validate,9.0,13.0,329195728.53230464,337603980.9049147,0.42586769538461144,0.02490566713719586,1.432807999999568
151,2021,10,validate,9.0,13.0,314464750.8448058,321844175.7218101,0.4158486522676617,0.022928564298093188,1.4595959999987826
151,2022,10,validate,9.0,13.0,335460384.40149856,343553164.21435976,0.42782857339816166,0.023556120728411397,1.4223399000002246
151,2023,10,validate,9.0,13.0,308506662.02534986,315571639.5645984,0.4148267608247275,0.02238787220865678,1.4871316999997362
151,2024,10,validate,9.0,13.0,296215902.84984946,303746096.6642069,0.397232000603258,0.0247910801062314,1.452638200000365
129,2024,22,coarse,2.0,3.0,980867279.5807586,1164973359.0311947,0.5282568287272504,0.1580345833861307,5.96617839999999
129,2024,22,coarse,2.0,4.0,1019043238.6056429,1164973359.0311947,0.5488169100633579,0.1252647704724415,6.365853500001322
129,2024,22,coarse,2.0,5.0,1044557139.8264695,1164973359.0311947,0.5625577013283443,0.10336392525307589,6.218548000000737
129,2024,22,coarse,2.0,6.0,1060033103.6857456,1164973359.0311947,0.570892451360268,0.09007953231884944,6.2722985000000335
129,2024,22,coarse,2.0,7.0,1068537168.6200445,1164973359.0311947,0.5754724087785676,0.08277973883569979,6.251607899999726
129,2024,22,coarse,2.0,8.0,1073288450.2269763,1164973359.0311947,0.5780312635862647,0.0787012922599918,6.402607899999566
129,2024,22,coarse,2.0,9.0,1079410382.7257736,1164973359.0311947,0.5813282974611017,0.07344629440846293,6.355777599999783
129,2024,22,coarse,2.0,10.0,1085693264.7590988,1164973359.0311947,0.5847120124725865,0.0680531392906926,5.910798900000373
129,2024,22,coarse,2.0,11.0,1089660994.952326,1164973359.0311947,0.5868488770747124,0.06464728441644302,6.113865399998758
129,2024,22,coarse,2.0,12.0,1091623770.5755687,1164973359.0311947,0.5879059514086432,0.06296245994554277,6.317453800000294
129,2024,22,coarse,3.0,3.0,1006895718.4019195,1164973359.0311947,0.5422747298588536,0.13569206489042324,6.289602599999853
129,2024,22,coarse,3.0,4.0,1043170955.4827381,1164973359.0311947,0.561811156550376,0.1045538102688879,6.321077000000514
129,2024,22,coarse,3.0,5.0,1067527196.8183134,1164973359.0311947,0.5749284773903023,0.08364668724606603,6.30061680000108
129,2024,22,coarse,3.0,6.0,1077070552.2960901,1164973359.0311947,0.580068156126718,0.07545477847511084,6.3456838999991305
129,2024,22,coarse,3.0,7.0,1089897595.046258,1164973359.0311947,0.5869763006496435,0.06444418956273007,6.42590299999938
129,2024,22,coarse,3.0,8.0,1098505715.5462875,1164973359.0311947,0.5916122983338472,0.0570550759548548,6.363373700000011
129,2024,22,coarse,3.0,9.0,1103241923.2062414,1164973359.0311947,0.5941630349021119,0.052989568685321606,6.199972800000978
129,2024,22,coarse,3.0,10.0,1106341848.619501,1164973359.0311947,0.5958325337244189,0.050328627652440235,6.2184883000008995
129,2024,22,coarse,3.0,11.0,1107715862.8175056,1164973359.0311947,0.596572524136959,0.04914918935254029,5.718999000000622
129,2024,22,coarse,3.0,12.0,1108975995.5468087,1164973359.0311947,0.5972511824358082,0.048067505621719984,6.327306700000918
129,2024,22,coarse,4.0,3.0,1022903116.029317,1164973359.0311947,0.5508956893738244,0.12195149519987729,5.984382699998605
129,2024,22,coarse,4.0,4.0,1057450340.8840228,1164973359.0311947,0.5695014761331446,0.09229654679536126,6.094095299999026
129,2024,22,coarse,4.0,5.0,1079372647.9252205,1164973359.0311947,0.5813079749704979,0.07347868553591709,6.266803799999252
129,2024,22,coarse,4.0,6.0,1091051443.616081,1164973359.0311947,0.587597718448988,0.06345373895638953,6.163264500000878
129,2024,22,coarse,4.0,7.0,1103079541.397262,1164973359.0311947,0.5940755823983531,0.053128955399807776,6.30892490000042
129,2024,22,coarse,4.0,8.0,1104673771.9039273,1164973359.0311947,0.5949341727186166,0.05176048590279626,6.374943800001347
129,2024,22,coarse,4.0,9.0,1111838385.5684454,1164973359.0311947,0.5987927539683571,0.04561046229154708,6.323346200000742
129,2024,22,coarse,4.0,10.0,1118083219.9792228,1164973359.0311947,0.6021559780155228,0.04024996682410514,6.364203999999518
129,2024,22,coarse,4.0,11.0,1120787893.3610396,1164973359.0311947,0.6036126095223178,0.037928305679797,6.153088999999454
129,2024,22,coarse,4.0,12.0,1122889783.2985435,1164973359.0311947,0.6047446053955964,0.03612406704960912,6.359913799999049
129,2024,22,coarse,5.0,3.0,1044869928.9584061,1164973359.0311947,0.5627261573451131,0.10309543058793035,6.33383380000123
129,2024,22,coarse,5.0,4.0,1070351333.7015967,1164973359.0311947,0.5764494472757414,0.08122247997867241,6.271816499998749
129,2024,22,coarse,5.0,5.0,1086111357.260233,1164973359.0311947,0.584937180773499,0.06769425340039047,6.275466799999776
129,2024,22,coarse,5.0,6.0,1102416809.865664,1164973359.0311947,0.5937186610650926,0.05369783667632832,6.3512520999993285
129,2024,22,coarse,5.0,7.0,1106254431.0713224,1164973359.0311947,0.595785454045305,0.05040366589044026,6.100815600000715
129,2024,22,coarse,5.0,8.0,1116694330.2371638,1164973359.0311947,0.6014079762156203,0.04144217412334674,6.189740800000436
129,2024,22,coarse,5.0,9.0,1120629894.4410899,1164973359.0311947,0.6035275174715047,0.03806393017174346,6.0672515999995085
129,2024,22,coarse,5.0,10.0,1120727268.2330067,1164973359.0311947,0.603579959194855,0.037980345606343766,6.450774400000228
129,2024,22,coarse,5.0,11.0,1124906316.5019941,1164973359.0311947,0.6058306314638056,0.034393097677805066,6.332449100000304
129,2024,22,coarse,5.0,12.0,1129587468.7324748,1164973359.0311947,0.6083517173268391,0.030374849368355685,6.409931599999254
129,2024,22,coarse,6.0,3.0,1050914083.9812641,1164973359.0311947,0.5659813033074451,0.09790719604505255,6.043399700000009
129,2024,22,coarse,6.0,4.0,1074803008.6342137,1164973359.0311947,0.5788469456237687,0.07740121239507804,6.120290299999397
129,2024,22,coarse,6.0,5.0,1097207990.6937537,1164973359.0311947,0.5909133943848307,0.05816902834052397,6.325825399999303
129,2024,22,coarse,6.0,6.0,1104040054.372034,1164973359.0311947,0.5945928771930385,0.05230446188901131,6.36073099999885
129,2024,22,coarse,6.0,7.0,1116448363.801238,1164973359.0311947,0.6012755082945056,0.04165330893945126,6.464712599999984
129,2024,22,coarse,6.0,8.0,1118469243.0495923,1164973359.0311947,0.6023638749728524,0.03991860897168995,6.183519600001091
129,2024,22,coarse,6.0,9.0,1123669845.1055694,1164973359.0311947,0.6051647162352269,0.035454470787189336,5.742756200001168
129,2024,22,coarse,6.0,10.0,1130440902.5879045,1164973359.0311947,0.6088113434876693,0.02964227136662406,5.679526800000531
129,2024,22,coarse,6.0,11.0,1130972280.9626517,1164973359.0311947,0.6090975231380071,0.029186142159352595,5.634477399999014
129,2024,22,coarse,6.0,12.0,1130856660.6223247,1164973359.0311947,0.6090352545359353,0.02928538935623543,5.688597100001061
129,2024,22,coarse,7.0,3.0,1064563312.4711664,1164973359.0311947,0.5733322449758543,0.08619085216122922,6.281764199999088
129,2024,22,coarse,7.0,4.0,1091888926.0912037,1164973359.0311947,0.5880487538190455,0.06273485343971201,6.141137599999638
129,2024,22,coarse,7.0,5.0,1096517970.6201105,1164973359.0311947,0.5905417765080302,0.05876133379394398,6.174744299998565
129,2024,22,coarse,7.0,6.0,1113384880.0034437,1164973359.0311947,0.5996256355037934,0.04428296890038116,6.320073999999295
129,2024,22,coarse,7.0,7.0,1116167565.2011805,1164973359.0311947,0.6011242811294595,0.04189434329262404,6.154048500000499
129,2024,22,coarse,7.0,8.0,1126321600.563534,1164973359.0311947,0.6065928482138809,0.0331782337922336,6.282659500000591
129,2024,22,coarse,7.0,9.0,1128188322.5743103,1164973359.0311947,0.6075981918215803,0.031575860659573574,6.4308243000014045
129,2024,22,coarse,7.0,10.0,1129721500.5729504,1164973359.0311947,0.6084239016441999,0.030259797947276817,6.476485500001218
129,2024,22,coarse,7.0,11.0,1135093589.2653763,1164973359.0311947,0.6113170989150023,0.025648457567018286,6.343863699999929
129,2024,22,coarse,7.0,12.0,1138622700.6759045,1164973359.0311947,0.6132177405622062,0.02261910811179724,6.421463799999401
129,2024,22,coarse,8.0,3.0,1073330337.5850108,1164973359.0311947,0.5780538224822332,0.07866533662400256,6.341856699998971
129,2024,22,coarse,8.0,4.0,1090046259.8212123,1164973359.0311947,0.5870563656943194,0.06431657739563473,6.3802221000005375
129,2024,22,coarse,8.0,5.0,1106893849.6796415,1164973359.0311947,0.5961298199481051,0.049854796164482934,6.371920199999295
129,2024,22,coarse,8.0,6.0,1113143266.3174555,1164973359.0311947,0.599495511803886,0.0444903673650028,6.342477499998495
129,2024,22,coarse,8.0,7.0,1123850954.211476,1164973359.0311947,0.6052622545300926,0.03529900877211172,6.41386010000133
129,2024,22,coarse,8.0,8.0,1124966398.7289007,1164973359.0311947,0.6058629894059138,0.034341523771465696,5.897102500000983
129,2024,22,coarse,8.0,9.0,1132760994.232023,1164973359.0311947,0.6100608542826492,0.027650730851012644,5.897079300000769
129,2024,22,coarse,8.0,10.0,1135226413.813783,1164973359.0311947,0.6113886330319813,0.025534442471843014,6.3143755000000965
129,2024,22,coarse,8.0,11.0,1135049747.634884,1164973359.0311947,0.6112934875241728,0.02568609072845699,6.429390700001022
129,2024,22,coarse,8.0,12.0,1138205768.2098737,1164973359.0311947,0.6129931970109186,0.022976998241042396,6.458327100001043
129,2024,22,fine,6.0,11.0,1130972280.9626517,1164973359.0311947,0.6090975231380071,0.029186142159352595,6.443467299999611
129,2024,22,fine,6.0,11.5,1130636250.759028,1164973359.0311947,0.6089165503872404,0.029474586698464818,6.162097899999935
129,2024,22,fine,6.0,12.0,1130856660.6223247,1164973359.0311947,0.6090352545359353,0.02928538935623543,6.393292999999176
129,2024,22,fine,6.0,12.5,1131824842.172931,1164973359.0311947,0.609556679326223,0.02845431322638178,6.407327099999748
129,2024,22,fine,6.0,13.0,1133263662.5965667,1164973359.0311947,0.6103315718421837,0.027219245992885333,6.441540599998916
129,2024,22,fine,6.5,11.0,1135000712.768188,1164973359.0311947,0.6112670792590413,0.02572818170531581,6.409964399999808
129,2024,22,fine,6.5,11.5,1135342235.9735954,1164973359.0311947,0.61145101032615,0.025435022035388766,6.408120899999631
129,2024,22,fine,6.5,12.0,1134778364.1464624,1164973359.0311947,0.6111473309707359,0.025919043255927116,6.191413399999874
129,2024,22,fine,6.5,12.5,1134442253.3281991,1164973359.0311947,0.610966314804071,0.026207556993737228,6.370298100000582
129,2024,22,fine,6.5,13.0,1134676079.4875655,1164973359.0311947,0.6110922444461253,0.02600684325418801,6.039541000000099
129,2024,22,fine,7.0,11.0,1135093589.2653763,1164973359.0311947,0.6113170989150023,0.025648457567018286,6.030331099998875
129,2024,22,fine,7.0,11.5,1137354866.382687,1164973359.0311947,0.6125349345016626,0.023707402778270787,6.27662330000021
129,2024,22,fine,7.0,12.5,1138526211.7631373,1164973359.0311947,0.6131657754002248,0.022701933106909072,6.2478303000007145
129,2024,22,fine,7.0,13.0,1137908470.114256,1164973359.0311947,0.6128330838616199,0.023232195575224362,6.223356799999237
129,2024,22,fine,7.5,11.0,1134308464.3103647,1164973359.0311947,0.6108942612615063,0.026322399978598005,6.177847099999781
129,2024,22,fine,7.5,11.5,1136797825.5626152,1164973359.0311947,0.6122349340600038,0.024185560339345984,6.222724199998993
129,2024,22,fine,7.5,12.0,1139040896.4590507,1164973359.0311947,0.6134429644867787,0.022260133565380213,6.146006599999964
129,2024,22,fine,7.5,12.5,1140689057.153224,1164973359.0311947,0.6143305995008747,0.020845371003304147,6.109934400001293
129,2024,22,fine,7.5,13.0,1141466996.2188475,1164973359.0311947,0.6147495671148467,0.02017759687817697,5.672763100001248
129,2024,22,fine,8.0,11.0,1135049747.634884,1164973359.0311947,0.6112934875241728,0.02568609072845699,6.40398020000066
129,2024,22,fine,8.0,11.5,1136273348.7263618,1164973359.0311947,0.611952471308898,0.02463576534376734,6.27372159999868
129,2024,22,fine,8.0,12.0,1138205768.2098737,1164973359.0311947,0.6129931970109186,0.022976998241042396,6.125705399999788
129,2024,22,fine,8.0,12.5,1140305860.6546402,1164973359.0311947,0.6141242248247739,0.02117430255835916,6.027939099998548
129,2024,22,fine,8.0,13.0,1141964496.0519984,1164973359.0311947,0.6150175011051262,0.01975054862913839,6.079887799998687
129,2014,22,validate,8.0,13.0,1086587582.5277135,1110617949.6427882,0.5957822033817927,0.021636933855430307,6.381507300000521
129,2015,22,validate,8.0,13.0,1130679148.1594052,1153655266.5864675,0.6239469070598327,0.01991593077457701,5.228512099998625
129,2016,22,validate,8.0,13.0,1091340672.0443988,1116710392.4709773,0.5988217549956097,0.02271826303187007,5.238147899999603
129,2017,22,validate,8.0,13.0,1167120166.9032938,1191822155.5803366,0.6360258563412354,0.020726237183444983,5.149063499999102
129,2018,22,validate,8.0,13.0,1084849428.1891387,1108818396.9140952,0.5997486942953156,0.021616676627717865,5.401148699998885
129,2019,22,validate,8.0,13.0,1118719759.358354,1144170298.2925837,0.6076828173118124,0.022243663353443806,5.184223100000963
129,2020,22,validate,8.0,13.0,1119428620.0154958,1141320465.7893493,0.6138631812234702,0.019181155889211984,5.311200199999803
129,2021,22,validate,8.0,13.0,977527872.7581532,1002113091.6830375,0.5505958503763395,0.024533377648618206,5.00967369999853
129,2022,22,validate,8.0,13.0,1100860669.0743432,1123516919.550856,0.6070498765202118,0.020165473329560632,4.509270799999285
129,2023,22,validate,8.0,13.0,1042326174.3412597,1069427970.7354264,0.575610040943473,0.025342329858390827,4.647709999999279
129,2024,22,validate,8.0,13.0,1141964496.0519984,1164973359.0311947,0.6150175011051262,0.01975054862913839,4.60622499999954
112,2024,36,coarse,2.0,3.0,604040008.1911829,839749272.5383372,0.21442669797344086,0.2806900488697875,9.047422199999346
112,2024,36,coarse,2.0,4.0,663567911.6402225,839749272.5383372,0.23555836408953587,0.20980233822122357,7.81006989999878
112,2024,36,coarse,2.0,5.0,699528590.5979953,839749272.5383372,0.24832395832374698,0.16697922406826549,7.751028799999403
112,2024,36,coarse,2.0,6.0,726812796.2204525,839749272.5383372,0.25800951232532926,0.1344883288514296,7.756430400000681
112,2024,36,coarse,2.0,7.0,736703053.0467763,839749272.5383372,0.261520430616534,0.12271069813502762,7.798076499999297
112,2024,36,coarse,2.0,8.0,744345732.2430595,839749272.5383372,0.264233486774249,0.11360955396471896,7.810616899998422
112,2024,36,coarse,2.0,9.0,752330141.2588828,839749272.5383372,0.26706785277205636,0.10410146711435646,7.776818700000149
112,2024,36,coarse,2.0,10.0,753473128.7273858,839749272.5383372,0.26747359912225266,0.10274036147737502,7.788225199999943
112,2024,36,coarse,2.0,11.0,753787126.3766261,839749272.5383372,0.26758506438644875,0.10236644314304738,7.791951200000767
112,2024,36,coarse,2.0,12.0,755541735.8084704,839749272.5383372,0.2682079289344943,0.10027699872288073,7.798982899999828
112,2024,36,coarse,3.0,3.0,619749159.1533461,839749272.5383372,0.22000325138563936,0.26198309493021615,7.779854999998861
112,2024,36,coarse,3.0,4.0,678649159.4453051,839749272.5383372,0.24091201968239442,0.19184311122541328,7.813540200000716
112,2024,36,coarse,3.0,5.0,709811467.1708734,839749272.5383372,0.2519742517468489,0.15473404933677004,7.824045000001206
112,2024,36,coarse,3.0,6.0,745602895.0239056,839749272.5383372,0.2646797639417485,0.11211248475375549,7.82088130000011
112,2024,36,coarse,3.0,7.0,761990074.8151442,839749272.5383372,0.27049700916405545,0.09259811263443886,7.831345099999453
112,2024,36,coarse,3.0,8.0,766608447.0593796,839749272.5383372,0.2721364739294922,0.08709840885943552,7.909716199999821
112,2024,36,coarse,3.0,9.0,783283364.7688863,839749272.5383372,0.2780558625377658,0.06724138932418433,7.845397299999604
112,2024,36,coarse,3.0,10.0,785583827.8132885,839749272.5383372,0.27887249833627564,0.06450192515358917,7.936418699999194
112,2024,36,coarse,3.0,11.0,786161355.858584,839749272.5383372,0.27907751361682076,0.063814186486606,7.955308099999456
112,2024,36,coarse,3.0,12.0,791273365.9603391,839749272.5383372,0.28089221368844125,0.057726643134168455,7.93829469999946
112,2024,36,coarse,4.0,3.0,631410002.6788,839749272.5383372,0.22414270595626554,0.24809699355830747,7.786667500000476
112,2024,36,coarse,4.0,4.0,689734655.3523384,839749272.5383372,0.24484723299692526,0.17864215199918515,7.79605150000134
112,2024,36,coarse,4.0,5.0,709932508.9694338,839749272.5383372,0.25201722008144617,0.15458990893377272,7.816976699999941
112,2024,36,coarse,4.0,6.0,757260153.0735801,839749272.5383372,0.268817945713021,0.09823065307983485,7.834269099999801
112,2024,36,coarse,4.0,7.0,748962132.2835772,839749272.5383372,0.26587225143186977,0.1081121987522952,7.822341799999776
112,2024,36,coarse,4.0,8.0,779592039.6733158,839749272.5383372,0.27674548799194737,0.07163713602654546,7.859340900000461
112,2024,36,coarse,4.0,9.0,789361630.669528,839749272.5383372,0.280213571412683,0.06000319799801775,7.845211400001062
112,2024,36,coarse,4.0,10.0,784909709.0817003,839749272.5383372,0.27863319456219393,0.06530468706554707,7.83245050000005
112,2024,36,coarse,4.0,11.0,793304142.0820843,839749272.5383372,0.2816131139801506,0.055308330682873635,7.815236600001299
112,2024,36,coarse,4.0,12.0,802167342.9273283,839749272.5383372,0.284759440158796,0.044753750720627324,8.1497556000013
112,2024,36,coarse,5.0,3.0,633986746.2639443,839749272.5383372,0.22505741791407322,0.2450285257794007,9.13491669999894
112,2024,36,coarse,5.0,4.0,691193423.5686517,839749272.5383372,0.2453650775891557,0.17690500465768907,9.169153300001199
112,2024,36,coarse,5.0,5.0,733050721.6030282,839749272.5383372,0.2602238983326334,0.12706000996319758,8.663716499999282
112,2024,36,coarse,5.0,6.0,734048962.1456788,839749272.5383372,0.26057826132256967,0.1258712735447269,9.191599399999177
112,2024,36,coarse,5.0,7.0,774352533.6111357,839749272.5383372,0.2748855284384578,0.07787650560211225,9.213203799999974
112,2024,36,coarse,5.0,8.0,775850763.3952713,839749272.5383372,0.2754173813969724,0.07609236617724936,9.079671299999973
112,2024,36,coarse,5.0,9.0,772470914.2974358,839749272.5383372,0.27421757696039606,0.08011719740767027,8.846198999999615
112,2024,36,coarse,5.0,10.0,796177906.4982994,839749272.5383372,0.2826332646426338,0.051886161101793275,8.59224820000054
112,2024,36,coarse,5.0,11.0,803518204.5501128,839749272.5383372,0.28523897925101627,0.043145101964432275,9.593507400000817
112,2024,36,coarse,5.0,12.0,798672038.6687542,839749272.5383372,0.28351865057463765,0.048916069608988796,9.862973499999498
112,2024,36,coarse,6.0,3.0,689083802.1065662,839749272.5383372,0.24461618818124464,0.17941720863460786,9.049618999999439
112,2024,36,coarse,6.0,4.0,699309722.5098168,839749272.5383372,0.24824626287178445,0.16723985911176714,9.475414099999398
112,2024,36,coarse,6.0,5.0,723666775.0381625,839749272.5383372,0.2568927138935614,0.13823471040265203,10.29681150000033
112,2024,36,coarse,6.0,6.0,760478469.9712367,839749272.5383372,0.26996040822550116,0.09439817950361078,9.553219600000375
112,2024,36,coarse,6.0,7.0,754024893.0564744,839749272.5383372,0.2676694686036473,0.10208330305871054,8.850774500000625
112,2024,36,coarse,6.0,8.0,777226865.4167187,839749272.5383372,0.27590588051711706,0.07445366035582265,9.300636699999814
112,2024,36,coarse,6.0,9.0,796661811.6380115,839749272.5383372,0.28280504495492065,0.051309911552627985,9.468369099999109
112,2024,36,coarse,6.0,10.0,785039502.1203433,839749272.5383372,0.27867926947829014,0.06515012540900561,9.14323719999993
112,2024,36,coarse,6.0,11.0,789009273.7321332,839749272.5383372,0.28008848907778955,0.060422795786212055,9.156297800000175
112,2024,36,coarse,6.0,12.0,805908854.5028712,839749272.5383372,0.2860876302814594,0.04029824037021854,9.179231600001003
112,2024,36,coarse,7.0,3.0,692156129.4392703,839749272.5383372,0.24570682621202353,0.17575858405084702,9.27696509999987
112,2024,36,coarse,7.0,4.0,699233383.0117705,839749272.5383372,0.24821916329846308,0.16733076660111276,10.74476979999963
112,2024,36,coarse,7.0,5.0,744464523.3795215,839749272.5383372,0.2642756561517648,0.11346809372135025,9.871355299999777
112,2024,36,coarse,7.0,6.0,745716495.5823704,839749272.5383372,0.264720090728566,0.11197720561487469,8.968500499999209
112,2024,36,coarse,7.0,7.0,778034588.6509694,839749272.5383372,0.27619261222966607,0.07349179797538959,8.93236539999998
112,2024,36,coarse,7.0,8.0,770491968.9012235,839749272.5383372,0.27351507593227675,0.08247378819128644,8.919780100000935
112,2024,36,coarse,7.0,9.0,779466286.4443824,839749272.5383372,0.2767008471581052,0.07178688694988145,9.243917800000418
112,2024,36,coarse,7.0,10.0,803569362.7834679,839749272.5383372,0.2852571397882385,0.043084181121714055,8.784094700000423
112,2024,36,coarse,7.0,11.0,801759471.3562839,839749272.5383372,0.28461465081870213,0.04523945709082942,8.354103699999541
112,2024,36,coarse,7.0,12.0,792924416.4075979,839749272.5383372,0.28147831608363433,0.05576052002903239,8.391321199998856
112,2024,36,coarse,8.0,3.0,716310918.4720356,839749272.5383372,0.25428147620590547,0.14699429711106565,9.166711299998497
112,2024,36,coarse,8.0,4.0,745507629.8016593,839749272.5383372,0.26464594597148006,0.11222592959421165,8.83390259999942
112,2024,36,coarse,8.0,5.0,727091521.0889924,839749272.5383372,0.2581084561906256,0.13415641446024795,8.423429599999508
112,2024,36,coarse,8.0,6.0,765372144.4220631,839749272.5383372,0.2716976018537675,0.08857063715155356,8.510783300000185
112,2024,36,coarse,8.0,7.0,761378880.4624511,839749272.5383372,0.2702800427626734,0.09332594220533638,8.546682299998793
112,2024,36,coarse,8.0,8.0,790082373.2427537,839749272.5383372,0.28046942607126507,0.05914491494044853,8.540636400000949
112,2024,36,coarse,8.0,9.0,783360814.1008798,839749272.5383372,0.2780833560883492,0.06714916020946375,8.552102499999819
112,2024,36,coarse,8.0,10.0,783202178.0617641,839749272.5383372,0.278027042265447,0.06733806902344361,8.46763639999881
112,2024,36,coarse,8.0,11.0,804010244.7453526,839749272.5383372,0.2854136474069409,0.04255916493378445,8.433132400001341
112,2024,36,coarse,8.0,12.0,811178180.1446235,839749272.5383372,0.2879581754152018,0.03402336069592648,8.906188099999781
112,2024,36,fine,7.0,11.0,801759471.3562839,839749272.5383372,0.28461465081870213,0.04523945709082942,8.841621800000212
112,2024,36,fine,7.0,11.5,796052270.0877804,839749272.5383372,0.2825886652778773,0.05203577291406581,14.234871599999678
112,2024,36,fine,7.0,12.0,792924416.4075979,839749272.5383372,0.28147831608363433,0.05576052002903239,11.417648199998439
112,2024,36,fine,7.0,12.5,794530096.3152273,839749272.5383372,0.2820483125009681,0.05384842559782695,10.004150200000367
112,2024,36,fine,7.0,13.0,799939246.3160732,839749272.5383372,0.2839684935449319,0.04740703865325063,9.469133599999623
112,2024,36,fine,7.5,11.0,808706276.7837052,839749272.5383372,0.28708068043440016,0.036966981419105406,10.742536900001141
112,2024,36,fine,7.5,11.5,807331289.537933,839749272.5383372,0.2865925770457696,0.03860435973039114,10.763709599999856
112,2024,36,fine,7.5,12.0,802815314.2305914,839749272.5383372,0.28498946192069274,0.0439821259935175,11.586709999999584
112,2024,36,fine,7.5,12.5,798118365.4787912,839749272.5383372,0.2833221034713494,0.04957540115957101,9.66758689999915
112,2024,36,fine,7.5,13.0,795347110.1007392,839749272.5383372,0.2823383422437839,0.05287549973503655,11.07359550000001
112,2024,36,fine,8.0,11.0,804010244.7453526,839749272.5383372,0.2854136474069409,0.04255916493378445,10.788788100000602
112,2024,36,fine,8.0,11.5,810303328.2422608,839749272.5383372,0.2876476138595175,0.03506516201802618,9.714802700000291
112,2024,36,fine,8.0,12.5,808244575.4698547,839749272.5383372,0.2869167822044213,0.03751678994999574,10.348830900000394
112,2024,36,fine,8.0,13.0,803066489.1313971,839749272.5383372,0.28507862588973987,0.043683018975482844,10.434999799999787
112,2024,36,fine,8.5,11.0,793865143.2435004,839749272.5383372,0.2818122624222578,0.054640272752057815,10.292512699999861
112,2024,36,fine,8.5,11.5,803587509.6005687,839749272.5383372,0.285263581682843,0.04306257131781877,10.099066100001437
112,2024,36,fine,8.5,12.0,810816430.628653,839749272.5383372,0.2878297588316127,0.03445414346383171,9.822738900000331
112,2024,36,fine,8.5,12.5,813782080.1790797,839749272.5383372,0.28888252757510813,0.030922554158059237,9.39015930000096
112,2024,36,fine,8.5,13.0,812214348.2469481,839749272.5383372,0.288326002217589,0.032789458939521794,10.181110400000762
112,2024,36,fine,9.0,11.0,788120065.0936203,839749272.5383372,0.27977283105914813,0.06148169356390826,10.475753000000623
112,2024,36,fine,9.0,11.5,794484764.0803069,839749272.5383372,0.2820322201208047,0.05390240865729821,9.748464300000705
112,2024,36,fine,9.0,12.0,803172472.956862,839749272.5383372,0.2851162488309769,0.0435568100832209,9.344555999998192
112,2024,36,fine,9.0,12.5,810436282.3965667,839749272.5383372,0.28769481093239857,0.03490683600494843,10.152687600000718
112,2024,36,fine,9.0,13.0,814980771.2188565,839749272.5383372,0.289308048001014,0.02949511494616986,10.081915599999775
112,2014,36,validate,9.0,13.0,656916001.4021678,677935265.4397345,0.24044889584419255,0.031004824662621396,9.957418899999539
112,2015,36,validate,9.0,13.0,836158035.5727925,860393358.0075548,0.2913889361340389,0.028167723761704632,9.70396289999917
112,2016,36,validate,9.0,13.0,725855357.6722785,750324755.9398458,0.2507792142317159,0.03261174321366655,9.498797999998715
112,2017,36,validate,9.0,13.0,698365083.9699005,722300171.3710792,0.25494848350998833,0.03313731375107504,9.46263159999944
112,2018,36,validate,9.0,13.0,816980504.0513484,842874312.1169094,0.28887350929627337,0.030720841403420754,9.723475799999505
112,2019,36,validate,9.0,13.0,840556231.060358,868590940.3208617,0.29095058188312845,0.032276078369119866,9.894356900000275
112,2020,36,validate,9.0,13.0,711464182.6702849,735267702.1442443,0.26256003670869493,0.03237394952143524,10.256486900001619
112,2021,36,validate,9.0,13.0,706681181.8155985,730474973.4406371,0.2555993857839983,0.032573041500609676,10.446145500000057
112,2022,36,validate,9.0,13.0,656872071.4608513,678199087.2119433,0.2453798605361497,0.03144654151447873,10.324015100000906
112,2023,36,validate,9.0,13.0,785090925.2814136,810579600.1749197,0.27410861309473405,0.03144499921785081,9.51988639999945
112,2024,36,validate,9.0,13.0,814980771.2188565,839749272.5383372,0.289308048001014,0.02949511494616986,9.167636599999241
107,2024,39,coarse,2.0,3.0,492477807.06019396,857248168.8044894,0.16255968175162863,0.42551314195631457,9.905834099999993
107,2024,39,coarse,2.0,4.0,555020790.9248683,857248168.8044894,0.1832042009707374,0.35255529131208835,9.024085799999739
107,2024,39,coarse,2.0,5.0,587053115.5302072,857248168.8044894,0.19377760025687474,0.315188836916495,9.289024700001391
107,2024,39,coarse,2.0,6.0,636540046.2218622,857248168.8044894,0.2101125083253658,0.257461177071308,9.035129800000504
107,2024,39,coarse,2.0,7.0,679921456.0395314,857248168.8044894,0.2244320737409,0.20685574984926042,8.913794300000518
107,2024,39,coarse,2.0,8.0,708725782.3740283,857248168.8044894,0.23393995826864597,0.17325483078906898,9.248950100000002
107,2024,39,coarse,2.0,9.0,709903944.5389211,857248168.8044894,0.23432885227327138,0.1718804771214072,9.3262150999999
107,2024,39,coarse,2.0,10.0,714203472.0420893,857248168.8044894,0.23574806307338764,0.1668649779233578,9.101440000000366
107,2024,39,coarse,2.0,11.0,735690131.8189831,857248168.8044894,0.24284049348378062,0.14180028772185077,9.752133899999535
107,2024,39,coarse,2.0,12.0,760858270.511054,857248168.8044894,0.25114812594439184,0.11244106642754317,9.586131300000488
107,2024,39,coarse,3.0,3.0,565410882.9799131,857248168.8044894,0.1866338175618293,0.3404350063897715,9.440676900001563
107,2024,39,coarse,3.0,4.0,606233108.9490013,857248168.8044894,0.2001086340242023,0.29281492686715377,9.573526000000129
107,2024,39,coarse,3.0,5.0,648706910.5221661,857248168.8044894,0.21412861130547617,0.24326824584898563,9.4448296999999
107,2024,39,coarse,3.0,6.0,675531438.4537358,857248168.8044894,0.222982993495252,0.21197680784104103,9.075010999998995
107,2024,39,coarse,3.0,7.0,675700572.5989377,857248168.8044894,0.22303882218930318,0.21177950891249644,9.179825200000778
107,2024,39,coarse,3.0,8.0,697972386.7525281,857248168.8044894,0.23039042051299483,0.18579891780239774,9.596327100000053
107,2024,39,coarse,3.0,9.0,725445393.6319041,857248168.8044894,0.23945885606693607,0.15375101396413154,9.531439899999896
107,2024,39,coarse,3.0,10.0,747256220.2260476,857248168.8044894,0.24665828917651894,0.12830817560314597,9.595713200000318
107,2024,39,coarse,3.0,11.0,765827947.6655654,857248168.8044894,0.2527885432892225,0.1066438220176286,10.179262599998765
107,2024,39,coarse,3.0,12.0,775361680.9424375,857248168.8044894,0.2559354884412176,0.09552249960037827,9.170055700000376
107,2024,39,coarse,4.0,3.0,594541331.2519666,857248168.8044894,0.19624935014522651,0.30645365847662454,8.806678299999476
107,2024,39,coarse,4.0,4.0,658324276.2842798,857248168.8044894,0.21730316231095348,0.23204936418543423,10.150842600000033
107,2024,39,coarse,4.0,5.0,673985496.6961068,857248168.8044894,0.22247270085561632,0.21378018498885692,8.579573099999834
107,2024,39,coarse,4.0,6.0,696726793.1335682,857248168.8044894,0.22997926837702612,0.18725193183530842,8.59573300000011
107,2024,39,coarse,4.0,7.0,722292849.0773798,857248168.8044894,0.23841824747068177,0.15742853077810248,8.678060899999764
107,2024,39,coarse,4.0,8.0,737306666.4096227,857248168.8044894,0.24337408777945768,0.1399145623864511,8.638262299999042
107,2024,39,coarse,4.0,9.0,727751826.2622818,857248168.8044894,0.24022017555991768,0.1510605064608094,8.752098599999954
107,2024,39,coarse,4.0,10.0,731504223.3682152,857248168.8044894,0.24145878666198448,0.14668324764301982,10.205041100000017
107,2024,39,coarse,4.0,11.0,751512994.3300885,857248168.8044894,0.24806338770831304,0.12334254924318848,9.34642299999905
107,2024,39,coarse,4.0,12.0,768458973.6741537,857248168.8044894,0.2536570062828942,0.10357466876150964,9.494299900001351
107,2024,39,coarse,5.0,3.0,626781236.3212799,857248168.8044894,0.20689126868985183,0.2688450566241706,9.420406199998979
107,2024,39,coarse,5.0,4.0,662642689.980025,857248168.8044894,0.21872860716549983,0.22701183380287576,9.867057000001296
107,2024,39,coarse,5.0,5.0,713667087.2388089,857248168.8044894,0.23557101033787822,0.16749068331743117,9.707209899999725
107,2024,39,coarse,5.0,6.0,717116839.3405985,857248168.8044894,0.2367097227747625,0.1634664669617397,9.593079100000978
107,2024,39,coarse,5.0,7.0,731982299.5206392,857248168.8044894,0.24161659256933085,0.1461255606512929,9.9727170999995
107,2024,39,coarse,5.0,8.0,739841959.8196399,857248168.8044894,0.24421095085018085,0.13695708344128993,9.737697599999592
107,2024,39,coarse,5.0,9.0,761506018.7226956,857248168.8044894,0.25136193810329543,0.11168545301801569,9.153090800000427
107,2024,39,coarse,5.0,10.0,772816838.5319769,857248168.8044894,0.2550954733858753,0.09849111767746277,9.170931700000438
107,2024,39,coarse,5.0,11.0,763605232.9983976,857248168.8044894,0.25205485786474346,0.10923667056260428,9.029865799999243
107,2024,39,coarse,5.0,12.0,758417657.796266,857248168.8044894,0.25034251557879333,0.11528809813154989,9.076337599999533
107,2024,39,coarse,6.0,3.0,644265893.5713676,857248168.8044894,0.2126626969194353,0.24844879579054094,9.204430400001002
107,2024,39,coarse,6.0,4.0,699551151.9071723,857248168.8044894,0.23091154767328564,0.1839572513957538,10.031305200000133
107,2024,39,coarse,6.0,5.0,706756514.8212323,857248168.8044894,0.2332899320094379,0.1755520273588118,8.836495800000193
107,2024,39,coarse,6.0,6.0,747183419.845715,857248168.8044894,0.2466342588415706,0.12839309894621256,8.972060999998575
107,2024,39,coarse,6.0,7.0,742193054.0575995,857248168.8044894,0.24498701248303348,0.1342144771301695,9.126154800000222
107,2024,39,coarse,6.0,8.0,753408622.2664669,857248168.8044894,0.24868910661308288,0.12113125500499607,9.116348799998377
107,2024,39,coarse,6.0,9.0,760739359.234611,857248168.8044894,0.25110887508074253,0.1125797792073078,9.713524099999631
107,2024,39,coarse,6.0,10.0,767771960.921438,857248168.8044894,0.2534302334764048,0.10437608517476814,10.106215100000554
107,2024,39,coarse,6.0,11.0,786306870.5039995,857248168.8044894,0.2595483345559691,0.08275468047884431,9.033270699999775
107,2024,39,coarse,6.0,12.0,793330578.3808433,857248168.8044894,0.261866757235748,0.07456136128326175,9.13687469999968
107,2024,39,coarse,7.0,3.0,661063808.9799293,857248168.8044894,0.21820744176632909,0.22885363534594305,9.023156900000686
107,2024,39,coarse,7.0,4.0,699099954.2282621,857248168.8044894,0.2307626139547724,0.18448358402069193,9.041435299999648
107,2024,39,coarse,7.0,5.0,734313411.7173294,857248168.8044894,0.2423860584242155,0.1434062638577621,9.287762500000099
107,2024,39,coarse,7.0,6.0,739673849.2931496,857248168.8044894,0.2441554600376131,0.1371531882947127,9.822458000000552
107,2024,39,coarse,7.0,7.0,768311658.829069,857248168.8044894,0.25360837981893797,0.10374651496713072,8.957020100000591
107,2024,39,coarse,7.0,8.0,762943434.7506286,857248168.8044894,0.2518364079955335,0.11000867366725008,9.021445999998832
107,2024,39,coarse,7.0,9.0,769895708.7051108,857248168.8044894,0.2541312513880452,0.1018986838096132,9.450877299999775
107,2024,39,coarse,7.0,10.0,778349835.2076805,857248168.8044894,0.25692183422049714,0.09203674789628284,10.114851700000145
107,2024,39,coarse,7.0,11.0,778467629.9161916,857248168.8044894,0.2569607165214924,0.09189933761907527,9.763698999999178
107,2024,39,coarse,7.0,12.0,787574661.6961648,857248168.8044894,0.2599668137844163,0.08127577245862254,9.100270000000819
107,2024,39,coarse,8.0,3.0,666423664.9237894,857248168.8044894,0.21997665139157008,0.22260123827015244,8.80957479999961
107,2024,39,coarse,8.0,4.0,713749998.6250744,857248168.8044894,0.23559837816719295,0.16739396524991854,9.156733600000734
107,2024,39,coarse,8.0,5.0,743777713.272182,857248168.8044894,0.2455100851858321,0.13236593516502027,9.856222399999751
107,2024,39,coarse,8.0,6.0,752342343.3802778,857248168.8044894,0.24833714363340653,0.12237509421631351,9.70304600000054
107,2024,39,coarse,8.0,7.0,761468778.243931,857248168.8044894,0.25134964556891226,0.11172889490581403,9.632600400000229
107,2024,39,coarse,8.0,8.0,783320759.1589403,857248168.8044894,0.25856266311459913,0.08623804906885664,9.226789599999393
107,2024,39,coarse,8.0,9.0,778435131.2673144,857248168.8044894,0.25694998919542184,0.09193724805161951,9.148190900001282
107,2024,39,coarse,8.0,10.0,782148224.0246394,857248168.8044894,0.2581756265100212,0.08760583867397899,9.701549200000954
107,2024,39,coarse,8.0,11.0,790486408.2508835,857248168.8044894,0.2609279385021005,0.07787915213246972,9.356723099999726
107,2024,39,coarse,8.0,12.0,791325942.8629587,857248168.8044894,0.2612050565313841,0.07689981540988912,9.552644799998234
107,2024,39,fine,5.0,11.0,763605232.9983976,857248168.8044894,0.25205485786474346,0.10923667056260428,9.212315900000249
107,2024,39,fine,5.0,11.5,759081416.6528118,857248168.8044894,0.2505616126161279,0.11451380793099865,8.853075799999715
107,2024,39,fine,5.0,12.0,758417657.796266,857248168.8044894,0.25034251557879333,0.11528809813154989,8.858040799999799
107,2024,39,fine,5.0,12.5,761728687.2735319,857248168.8044894,0.2514354377173717,0.11142570495562339,9.401969300000928
107,2024,39,fine,5.0,13.0,767843023.4018965,857248168.8044894,0.2534536901561622,0.10429318913247317,9.148415000001478
107,2024,39,fine,5.5,11.0,784276851.4864361,857248168.8044894,0.2588782551316499,0.08512274505038417,9.912228899998809
107,2024,39,fine,5.5,11.5,781760061.2364652,857248168.8044894,0.25804749968195134,0.08805863962742458,9.296085900001344
107,2024,39,fine,5.5,12.0,776711914.8169599,857248168.8044894,0.256381180786712,0.09394742026669436,9.907619200001136
107,2024,39,fine,5.5,12.5,771892880.7440715,857248168.8044894,0.25479048850777397,0.09956893600537357,10.30140399999982
107,2024,39,fine,5.5,13.0,769718730.9944345,857248168.8044894,0.2540728336483781,0.10210513244037916,9.68142440000156
107,2024,39,fine,6.0,11.0,786306870.5039995,857248168.8044894,0.2595483345559691,0.08275468047884431,9.385326799998438
107,2024,39,fine,6.0,11.5,792138400.4983834,857248168.8044894,0.26147323684886825,0.07595206461264009,9.583784800001013
107,2024,39,fine,6.0,12.5,791362338.7289615,857248168.8044894,0.2612170702715154,0.07685735878259349,9.426910099999077
107,2024,39,fine,6.0,13.0,787159757.9022691,857248168.8044894,0.2598298601436099,0.08175976741946842,10.07763889999842
107,2024,39,fine,6.5,11.0,778386420.4809024,857248168.8044894,0.25693391048116615,0.09199407032104463,9.236728399999265
107,2024,39,fine,6.5,11.5,786992704.9609064,857248168.8044894,0.25977471842433997,0.0819546385751522,9.256404300000213
107,2024,39,fine,6.5,12.0,795066190.2777631,857248168.8044894,0.2624396571990821,0.07253672949041662,8.98015470000064
107,2024,39,fine,6.5,12.5,799697125.9724592,857248168.8044894,0.26396826096954606,0.06713463490075498,8.953298899999936
107,2024,39,fine,6.5,13.0,800553322.5946078,857248168.8044894,0.26425087888332405,0.06613586155447572,8.705295800000385
107,2024,39,fine,7.0,11.0,778467629.9161916,857248168.8044894,0.2569607165214924,0.09189933761907527,8.7878950000013
107,2024,39,fine,7.0,11.5,781380290.6549358,857248168.8044894,0.25792214299787947,0.08850165087591637,9.319097699999475
107,2024,39,fine,7.0,12.0,787574661.6961648,857248168.8044894,0.2599668137844163,0.08127577245862254,9.476512900000671
107,2024,39,fine,7.0,12.5,795363561.1312546,857248168.8044894,0.2625378149446957,0.07218983944817116,9.811186299999463
107,2024,39,fine,7.0,13.0,802177063.9803722,857248168.8044894,0.2647868520360889,0.06424172932433189,9.392495000000054
107,2014,39,validate,7.0,13.0,646188769.9371572,698022843.7509868,0.22481604910314065,0.07425842044837287,9.101654699999926
107,2015,39,validate,7.0,13.0,802777210.3620973,856632425.0167706,0.26188334650032535,0.06286852222949534,9.209291200000735
107,2016,39,validate,7.0,13.0,777830177.1061603,831499129.9069268,0.24775606851605678,0.06454480933344316,9.66139529999964
107,2017,39,validate,7.0,13.0,709907477.6756209,760291277.3706436,0.24080904667067646,0.0662690750172325,10.607123699999647
107,2018,39,validate,7.0,13.0,776007671.6795602,833846876.7260833,0.2608157374120882,0.0693643001621785,9.618458700000701
107,2019,39,validate,7.0,13.0,824110082.1374177,880749219.7135491,0.2666039332212121,0.06430790548364325,11.02553269999953
107,2020,39,validate,7.0,13.0,722006940.0214889,770104676.6808326,0.25081965129507466,0.06245610254783282,9.94760320000023
107,2021,39,validate,7.0,13.0,684573149.6385261,739553370.8685609,0.23258457245314867,0.0743424658662077,9.01661200000126
107,2022,39,validate,7.0,13.0,653595200.0039623,700291115.0788085,0.22919654379311924,0.06668071901724935,9.603488200000356
107,2023,39,validate,7.0,13.0,763449882.8963367,824739157.759129,0.2512596332047618,0.07431352602357258,9.11697809999896
107,2024,39,validate,7.0,13.0,802177063.9803722,857248168.8044894,0.2647868520360889,0.06424172932433189,9.496168200001193
91,2024,55,coarse,2.0,3.0,1061499394.2138892,1651938079.575838,0.2431341519993333,0.3574218021014163,13.865456699999413
91,2024,55,coarse,2.0,4.0,1179162842.838668,1651938079.575838,0.27008471170633047,0.2861942845088738,14.762236100001246
91,2024,55,coarse,2.0,5.0,1277323349.9883459,1651938079.575838,0.29256816463692387,0.22677286407955474,14.23374160000094
91,2024,55,coarse,2.0,6.0,1320594987.8733582,1651938079.575838,0.30247944017805223,0.20057839685344475,13.747389199999816
91,2024,55,coarse,2.0,7.0,1373043541.284721,1651938079.575838,0.314492668472645,0.16882868779362958,13.923628499998813
91,2024,55,coarse,2.0,8.0,1399358099.2232673,1651938079.575838,0.3205199613420526,0.1528991815585635,14.008808500000669
91,2024,55,coarse,2.0,9.0,1422432552.6552205,1651938079.575838,0.32580511524662054,0.1389310711812799,14.21401750000041
91,2024,55,coarse,2.0,10.0,1455053212.4410841,1651938079.575838,0.3332768071740269,0.11918416892799476,13.275319299998955
91,2024,55,coarse,2.0,11.0,1472458150.6954536,1651938079.575838,0.33726337082742475,0.10864809710450457,14.472288000000844
91,2024,55,coarse,2.0,12.0,1478795689.934161,1651938079.575838,0.33871497055227123,0.10481167047504242,13.06323169999996
91,2024,55,coarse,3.0,3.0,1156447367.5898175,1651938079.575838,0.2648817809821154,0.29994508759871064,13.341209000000163
91,2024,55,coarse,3.0,4.0,1268501270.0218925,1651938079.575838,0.2905474862048816,0.232113306360974,12.819945799999914
91,2024,55,coarse,3.0,5.0,1336676359.944439,1651938079.575838,0.3061628438453558,0.1908435452449572,13.139197200000126
91,2024,55,coarse,3.0,6.0,1369756476.727583,1651938079.575838,0.31373977340928166,0.17081851089764205,13.26589740000054
91,2024,55,coarse,3.0,7.0,1417544388.445803,1651938079.575838,0.3246854917533161,0.141890119265378,13.21860579999884
91,2024,55,coarse,3.0,8.0,1456139323.1050305,1651938079.575838,0.3335255784843974,0.1185266923086379,13.35964469999999
91,2024,55,coarse,3.0,9.0,1461606178.9472315,1651938079.575838,0.33477775005090166,0.11521733349562192,12.808035199999722
91,2024,55,coarse,3.0,10.0,1485674661.4211135,1651938079.575838,0.3402905841684678,0.1006474880689326,13.906417799998962
91,2024,55,coarse,3.0,11.0,1504185577.9509242,1651938079.575838,0.34453046976589574,0.08944191277608407,14.104712599999402
91,2024,55,coarse,3.0,12.0,1507321169.318363,1651938079.575838,0.34524867022111433,0.08754378390175974,13.410368099999687
91,2024,55,coarse,4.0,3.0,1243286523.3138943,1651938079.575838,0.28477210273114234,0.247377042344633,13.263121599999067
91,2024,55,coarse,4.0,4.0,1310805136.3325045,1651938079.575838,0.30023709574944557,0.2065046792376897,13.94632029999957
91,2024,55,coarse,4.0,5.0,1384366448.9804301,1651938079.575838,0.31708615611453084,0.16197437053095315,13.854293799999141
91,2024,55,coarse,4.0,6.0,1413381876.400487,1651938079.575838,0.32373207732666504,0.14440989412666383,13.853135299999849
91,2024,55,coarse,4.0,7.0,1456849043.2243617,1651938079.575838,0.3336881383504802,0.11809706354221745,14.07340700000168
91,2024,55,coarse,4.0,8.0,1459918560.4840343,1651938079.575838,0.33439120467350014,0.11623893260037199,13.250353499999619
91,2024,55,coarse,4.0,9.0,1484237191.873703,1651938079.575838,0.33996133486193064,0.10151765963600465,12.825632499998392
91,2024,55,coarse,4.0,10.0,1519116403.0061321,1651938079.575838,0.347950343115081,0.08040354430464493,13.686383799999021
91,2024,55,coarse,4.0,11.0,1525325155.7512405,1651938079.575838,0.3493724445707049,0.0766450785232262,14.033413900000596
91,2024,55,coarse,4.0,12.0,1525735855.7473426,1651938079.575838,0.3494665145210249,0.07639646145871277,15.338268100000278
91,2024,55,coarse,5.0,3.0,1320085417.257015,1651938079.575838,0.30236272412492615,0.20088686520503943,16.477348799999163
91,2024,55,coarse,5.0,4.0,1371669167.8326073,1651938079.575838,0.31417787119095886,0.16966066416677944,14.093974100000196
91,2024,55,coarse,5.0,5.0,1399202162.3556614,1651938079.575838,0.3204842443380887,0.1529935778737365,12.989227500000197
91,2024,55,coarse,5.0,6.0,1451457662.2334628,1651938079.575838,0.33245325413625204,0.1213607336867323,14.097870800000237
91,2024,55,coarse,5.0,7.0,1469395043.9477158,1651938079.575838,0.3365617728183687,0.11050234744573066,13.527711599999748
91,2024,55,coarse,5.0,8.0,1491170319.5232794,1651938079.575838,0.3415493528306373,0.09732069382033882,13.896116100000654
91,2024,55,coarse,5.0,9.0,1514733355.9575357,1651938079.575838,0.3469464156204988,0.08305681993451709,14.119435799999337
91,2024,55,coarse,5.0,10.0,1511286639.8151846,1651938079.575838,0.3461569527050974,0.08514328805639497,13.529682299998967
91,2024,55,coarse,5.0,11.0,1523326288.1844225,1651938079.575838,0.34891460825589743,0.07785509213785953,12.832050300001356
91,2024,55,coarse,5.0,12.0,1548055808.6388056,1651938079.575838,0.3545788517004067,0.06288508765637628,12.837546499999007
91,2024,55,coarse,6.0,3.0,1342538991.0344267,1651938079.575838,0.3075056668806951,0.18729460405734738,12.94047800000044
91,2024,55,coarse,6.0,4.0,1406879165.8501613,1651938079.575838,0.32224264546832526,0.14834630713797675,13.93448410000019
91,2024,55,coarse,6.0,5.0,1449303113.0445502,1651938079.575838,0.33195975928091576,0.12266498910377907,13.028176100000564
91,2024,55,coarse,6.0,6.0,1455497158.3270295,1651938079.575838,0.33337849202387354,0.118915426478484,13.009242699999959
91,2024,55,coarse,6.0,7.0,1490073859.9487977,1651938079.575838,0.3412982111245786,0.09798443514819978,15.378010799999174
91,2024,55,coarse,6.0,8.0,1510360853.7701998,1651938079.575838,0.34594490340369677,0.08570371223719872,15.004427699999724
91,2024,55,coarse,6.0,9.0,1515106275.7265835,1651938079.575838,0.34703183209111144,0.08283107311406514,14.595143999998982
91,2024,55,coarse,6.0,10.0,1538815443.5187078,1651938079.575838,0.35246236595403185,0.06847873867413748,14.105942700000014
91,2024,55,coarse,6.0,11.0,1547707452.7780972,1651938079.575838,0.35449906154014,0.06309596472556879,15.511988800000836
91,2024,55,coarse,6.0,12.0,1542227529.0378857,1651938079.575838,0.3532438967997173,0.06641323418497767,13.899693600000319
91,2024,55,coarse,7.0,3.0,1397725267.7895303,1651938079.575838,0.32014596481585245,0.15388761535879183,13.839681299999938
91,2024,55,coarse,7.0,4.0,1444125933.9942558,1651938079.575838,0.3307739375602409,0.12579899219645171,13.789393900000505
91,2024,55,coarse,7.0,5.0,1453972208.1731117,1651938079.575838,0.3330292054726658,0.11983855439276353,14.776780800000779
91,2024,55,coarse,7.0,6.0,1497361732.3292692,1651938079.575838,0.34296748261051996,0.09357272476354496,15.081853100000444
91,2024,55,coarse,7.0,7.0,1490355820.2371411,1651938079.575838,0.34136279352187204,0.09781375060994164,13.74194019999959
91,2024,55,coarse,7.0,8.0,1518357087.1178951,1651938079.575838,0.3477764234448556,0.08086319584826208,13.861682700000529
91,2024,55,coarse,7.0,9.0,1539918338.5113108,1651938079.575838,0.35271498167876286,0.06781110166870792,14.008390200000576
91,2024,55,coarse,7.0,10.0,1537437647.4056575,1651938079.575838,0.3521467847192234,0.06931278695360082,13.824099499999647
91,2024,55,coarse,7.0,11.0,1549843423.2986093,1651938079.575838,0.3549883009914586,0.06180295589738042,13.838038399999277
91,2024,55,coarse,7.0,12.0,1566963152.552555,1651938079.575838,0.35890953813705195,0.051439535218597114,13.733313700000508
91,2024,55,coarse,8.0,3.0,1405511522.9499621,1651938079.575838,0.32192938980507163,0.14917420917444435,13.650647899999967
91,2024,55,coarse,8.0,4.0,1444803816.945198,1651938079.575838,0.33092920519141483,0.1253886360461072,13.830105299999559
91,2024,55,coarse,8.0,5.0,1494679103.1366377,1651938079.575838,0.34235303216670965,0.09519665318180642,13.81036049999966
91,2024,55,coarse,8.0,6.0,1495563702.7226133,1651938079.575838,0.3425556477983035,0.09466116120610066,13.409360800000286
91,2024,55,coarse,8.0,7.0,1527704977.0953667,1651938079.575838,0.3499175375284287,0.07520445470472491,13.536827099998845
91,2024,55,coarse,8.0,8.0,1518359974.593327,1651938079.575838,0.3477770848148897,0.08086144791626172,13.66409190000013
91,2024,55,coarse,8.0,9.0,1538655583.9628146,1651938079.575838,0.35242575046675706,0.06857550958696385,14.117504899999403
91,2024,55,coarse,8.0,10.0,1559924269.9225795,1651938079.575838,0.35729729721765946,0.055700519765779964,13.211090900000272
91,2024,55,coarse,8.0,11.0,1558256790.7718818,1651938079.575838,0.35691536470644813,0.05670992754644318,14.077191100001073
91,2024,55,coarse,8.0,12.0,1560363876.3664565,1651938079.575838,0.3573979881276384,0.05543440419564318,13.979161300001579
91,2024,55,fine,6.0,11.0,1547707452.7780972,1651938079.575838,0.35449906154014,0.06309596472556879,13.846054699999513
91,2024,55,fine,6.0,11.5,1544794090.351226,1651938079.575838,0.35383176214554296,0.0648595674071046,14.250318099999276
91,2024,55,fine,6.0,12.0,1542227529.0378857,1651938079.575838,0.3532438967997173,0.06641323418497767,14.629689499999586
91,2024,55,fine,6.0,12.5,1543095210.2419841,1651938079.575838,0.35344263731234893,0.06588798374440351,13.962328099998558
91,2024,55,fine,6.0,13.0,1548348142.816685,1651938079.575838,0.3546458102147747,0.0627081232885869,13.783414999999877
91,2024,55,fine,6.5,11.0,1554718376.1081676,1651938079.575838,0.35610489844205495,0.05885190532845709,14.197738599999866
91,2024,55,fine,6.5,11.5,1559680661.5511212,1651938079.575838,0.3572414992443989,0.0558479879877855,13.87613280000005
91,2024,55,fine,6.5,12.0,1559208085.8728938,1651938079.575838,0.3571332568022387,0.05613406146963705,13.90858230000049
91,2024,55,fine,6.5,12.5,1556329091.1365607,1651938079.575838,0.35647382925320337,0.05787685968461152,13.842697500000213
91,2024,55,fine,6.5,13.0,1554128832.323628,1651938079.575838,0.35596986470684805,0.059208785402733895,14.587012500000128
91,2024,55,fine,7.0,11.0,1549843423.2986093,1651938079.575838,0.3549883009914586,0.06180295589738042,14.549817700000858
91,2024,55,fine,7.0,11.5,1559564717.6161804,1651938079.575838,0.357214942535601,0.05591817459851524,13.732451400001082
91,2024,55,fine,7.0,12.5,1569755661.034154,1651938079.575838,0.3595491561955505,0.0497490914204156,13.872983800001748
91,2024,55,fine,7.0,13.0,1568489555.1597455,1651938079.575838,0.3592591573695562,0.05051552806235897,13.747410599999057
91,2024,55,fine,7.5,11.0,1549263222.8213105,1651938079.575838,0.3548554073206694,0.062154180004671246,13.81322149999869
91,2024,55,fine,7.5,11.5,1554979824.2726784,1651938079.575838,0.3561647825815246,0.05869363779546466,14.868754200000694
91,2024,55,fine,7.5,12.0,1563193018.6250467,1651938079.575838,0.3580459970739244,0.053721784156448585,13.496223400001327
91,2024,55,fine,7.5,12.5,1571244164.5688076,1651938079.575838,0.3598900947270454,0.04884802645130014,14.186171700001069
91,2024,55,fine,7.5,13.0,1576444686.5206823,1651938079.575838,0.36108126308909555,0.045699892743280006,13.391579900000579
91,2024,55,fine,8.0,11.0,1558256790.7718818,1651938079.575838,0.35691536470644813,0.05670992754644318,13.759437500000786
91,2024,55,fine,8.0,11.5,1557346428.9645236,1651938079.575838,0.3567068482934844,0.05726101467168943,14.87518860000091
91,2024,55,fine,8.0,12.0,1560363876.3664565,1651938079.575838,0.3573979881276384,0.05543440419564318,13.621608800000104
91,2024,55,fine,8.0,12.5,1566668884.557374,1651938079.575838,0.35884213668599235,0.051617670221851375,13.395677300000898
91,2024,55,fine,8.0,13.0,1571925658.959343,1651938079.575838,0.3600461895506867,0.04843548411756427,13.702864499999123
91,2014,55,validate,7.5,13.0,1407814844.8959575,1476772597.678914,0.3271553367019793,0.04669490271646392,14.251835900000515
91,2015,55,validate,7.5,13.0,1430838272.1082804,1508035423.534037,0.32523117028453113,0.05119054249060504,13.988037600000098
91,2016,55,validate,7.5,13.0,1609990752.4108694,1687755130.617175,0.3656327646108304,0.04607562838684366,13.867416499999308
91,2017,55,validate,7.5,13.0,1550305663.856027,1631555547.499717,0.35032781141527736,0.04979902999208441,13.039630299999772
91,2018,55,validate,7.5,13.0,1379420208.754471,1443214473.5496492,0.3190480528164289,0.044202899821447456,12.817316599999685
91,2019,55,validate,7.5,13.0,1324166729.3450289,1396058499.7599466,0.3071671180832376,0.051496244911856885,12.76706319999903
91,2020,55,validate,7.5,13.0,1560007171.1042228,1635502629.8694184,0.3574513767781916,0.04616040193785766,12.844571199999336
91,2021,55,validate,7.5,13.0,1388152831.5043328,1453803834.668169,0.3222155290564007,0.04515808914400139,12.807623599999715
91,2022,55,validate,7.5,13.0,1615932313.3851006,1688771628.3548107,0.3662045059964195,0.04313153640594356,12.787146600001506
91,2023,55,validate,7.5,13.0,1399887496.0395062,1471135922.650238,0.321207722463289,0.0484308931035947,12.741261699999086
91,2024,55,validate,7.5,13.0,1576444686.5206823,1651938079.575838,0.36108126308909555,0.045699892743280006,12.761761100000513
83,2024,58,coarse,2.0,3.0,1592907488.5193973,2289730906.5330124,0.34377171380462734,0.304325462885378,13.663438999999926
83,2024,58,coarse,2.0,4.0,1726980398.0176415,2289730906.5330124,0.37270652276570837,0.24577146026624475,13.503203099999155
83,2024,58,coarse,2.0,5.0,1779938100.261654,2289730906.5330124,0.38413553555571106,0.22264310833069,14.510791400000016
83,2024,58,coarse,2.0,6.0,1857961012.5060177,2289730906.5330124,0.4009739712160293,0.18856796350832225,14.616667899999811
83,2024,58,coarse,2.0,7.0,1896747884.3053734,2289730906.5330124,0.4093447206083739,0.17162847437940765,15.534421599999405
83,2024,58,coarse,2.0,8.0,1960390156.6394646,2289730906.5330124,0.4230796130540408,0.14383382298499778,14.897879499998453
83,2024,58,coarse,2.0,9.0,1977077899.3196955,2289730906.5330124,0.42668106131268757,0.13654574269896166,12.575460300000486
83,2024,58,coarse,2.0,10.0,1967315733.306477,2289730906.5330124,0.42457424935719307,0.14080919828029884,12.741640199999893
83,2024,58,coarse,2.0,11.0,1979991071.9730368,2289730906.5330124,0.42730976471377385,0.13527346539990023,12.567641900001036
83,2024,58,coarse,2.0,12.0,2009818270.2621803,2289730906.5330124,0.4337468912561195,0.12224695726130576,12.565307999999277
83,2024,58,coarse,3.0,3.0,1733672549.1002347,2289730906.5330124,0.3741507825631439,0.24284878011046782,12.540475800000422
83,2024,58,coarse,3.0,4.0,1829199965.2553248,2289730906.5330124,0.3947669349785535,0.2011288487934151,12.559675900000002
83,2024,58,coarse,3.0,5.0,1876750624.6147518,2289730906.5330124,0.4050290322932722,0.18036192844318685,12.601369899999554
83,2024,58,coarse,3.0,6.0,1967699012.7611017,2289730906.5330124,0.4246569664238979,0.14064180766966808,12.620702600001096
83,2024,58,coarse,3.0,7.0,1975220465.9516978,2289730906.5330124,0.4262802012145359,0.13735694429592576,12.559107899998708
83,2024,58,coarse,3.0,8.0,1989889567.9298847,2289730906.5330124,0.42944599857776095,0.1309504700956897,12.560863099999551
83,2024,58,coarse,3.0,9.0,2031863195.1755776,2289730906.5330124,0.4385044943641424,0.1126192211589982,12.56772920000003
83,2024,58,coarse,3.0,10.0,2045230159.9093995,2289730906.5330124,0.44138927229885044,0.10678143266792113,12.614255500000581
83,2024,58,coarse,3.0,11.0,2072808484.15441,2289730906.5330124,0.4473410603705979,0.09473708100794027,12.53926070000125
83,2024,58,coarse,3.0,12.0,2104296550.195105,2289730906.5330124,0.45413662540197625,0.08098521787378153,12.560143400000015
83,2024,58,coarse,4.0,3.0,1806197659.8420482,2289730906.5330124,0.3898027157691067,0.21117470411538633,12.698333399999683
83,2024,58,coarse,4.0,4.0,1913089149.5103357,2289730906.5330124,0.412871394182159,0.1644917120819963,12.628253299999415
83,2024,58,coarse,4.0,5.0,1950691675.1372747,2289730906.5330124,0.420986545106693,0.14806946546792812,12.614459000000352
83,2024,58,coarse,4.0,6.0,2005779094.4772854,2289730906.5330124,0.43287518063140384,0.12401099677065179,12.586850600000616
83,2024,58,coarse,4.0,7.0,2011362664.691169,2289730906.5330124,0.4340801931731927,0.12157246995601488,12.665150200000426
83,2024,58,coarse,4.0,8.0,2078953128.8746438,2289730906.5330124,0.4486671606378261,0.09205351469772358,12.621768999999404
83,2024,58,coarse,4.0,9.0,2081471231.9765081,2289730906.5330124,0.44921060250441514,0.0909537771282652,13.06274570000096
83,2024,58,coarse,4.0,10.0,2068610207.483554,2289730906.5330124,0.446435013549569,0.09657060505169474,13.588743500000419
83,2024,58,coarse,4.0,11.0,2091795034.0366187,2289730906.5330124,0.4514386233736514,0.08644503680831979,13.434736400000475
83,2024,58,coarse,4.0,12.0,2114401010.581706,2289730906.5330124,0.4563173092704421,0.07657227120054097,13.466915700000754
83,2024,58,coarse,5.0,3.0,1844057305.5081978,2289730906.5330124,0.39797335679408274,0.19464016481291666,13.420078300001478
83,2024,58,coarse,5.0,4.0,1931781988.777293,2289730906.5330124,0.41690557032671927,0.15632794086607604,12.962258099998508
83,2024,58,coarse,5.0,5.0,2017525835.3326821,2289730906.5330124,0.4354102915933292,0.11888081277309942,12.683439200000066
83,2024,58,coarse,5.0,6.0,2027705655.5323272,2289730906.5330124,0.43760723916340294,0.11443495401712063,12.633791399999609
83,2024,58,coarse,5.0,7.0,2079322926.820085,2289730906.5330124,0.448746968206302,0.09189201190087258,12.850893099999666
83,2024,58,coarse,5.0,8.0,2075093745.9519436,2289730906.5330124,0.44783425182728487,0.09373903281327535,13.30981299999985
83,2024,58,coarse,5.0,9.0,2088752609.4882872,2289730906.5330124,0.45078202560595976,0.08777376261607776,12.574204500000633
83,2024,58,coarse,5.0,10.0,2139012071.1721733,2289730906.5330124,0.46162872034654834,0.06582382014009214,12.59801079999852
83,2024,58,coarse,5.0,11.0,2144325935.4859219,2289730906.5330124,0.4627755265830866,0.06350308266889533,13.089217000000644
83,2024,58,coarse,5.0,12.0,2125661584.5601304,2289730906.5330124,0.45874749862097675,0.0716544120991523,13.713325700000496
83,2024,58,coarse,6.0,3.0,1916661845.5366063,2289730906.5330124,0.4136424319509598,0.1629313994635672,13.456839899999977
83,2024,58,coarse,6.0,4.0,1988371629.6379535,2289730906.5330124,0.42911840626507,0.13161340314498393,12.597270700000081
83,2024,58,coarse,6.0,5.0,2010128942.945981,2289730906.5330124,0.43381393876623053,0.12211127639028538,12.600772199999483
83,2024,58,coarse,6.0,6.0,2084424316.812564,2289730906.5330124,0.4498479195127274,0.08966406888017803,12.845545199999833
83,2024,58,coarse,6.0,7.0,2079797411.090355,2289730906.5330124,0.44884936854777796,0.09168478917923482,13.196395299999494
83,2024,58,coarse,6.0,8.0,2111913004.813574,2289730906.5330124,0.4557803628294021,0.07765886428492186,12.598331600000165
83,2024,58,coarse,6.0,9.0,2129167904.7789655,2289730906.5330124,0.4595042115622268,0.0701230879558519,12.6412648000005
83,2024,58,coarse,6.0,10.0,2116082701.3064508,2289730906.5330124,0.4566802416483119,0.07583782213495574,12.65975939999953
83,2024,58,coarse,6.0,11.0,2138031832.6324415,2289730906.5330124,0.4614171711604408,0.0662519222096126,13.406029199999466
83,2024,58,coarse,6.0,12.0,2174998256.638811,2289730906.5330124,0.46939504245898694,0.05010748187345879,12.675513399999545
83,2024,58,coarse,7.0,3.0,1916532459.723946,2289730906.5330124,0.4136145086830483,0.16298790645846822,12.595238800000516
83,2024,58,coarse,7.0,4.0,1984448045.3864348,2289730906.5330124,0.42827164190987493,0.13332696007008984,12.641279200001009
83,2024,58,coarse,7.0,5.0,2067231981.3999238,2289730906.5330124,0.44613757308538976,0.09717252123306687,13.433102200000576
83,2024,58,coarse,7.0,6.0,2067475405.2184558,2289730906.5330124,0.4461901073498595,0.09706621012994228,12.716987899999367
83,2024,58,coarse,7.0,7.0,2126316312.8716254,2289730906.5330124,0.45888879814737193,0.07136847093915528,12.640992299999198
83,2024,58,coarse,7.0,8.0,2117900684.7015553,2289730906.5330124,0.4570725878905813,0.07504384962494708,12.763936399998784
83,2024,58,coarse,7.0,9.0,2135048265.8287401,2289730906.5330124,0.46077327571720167,0.06755494292492406,13.336190500000157
83,2024,58,coarse,7.0,10.0,2160146983.520224,2289730906.5330124,0.4661899300158891,0.05659351613897605,12.78140490000078
83,2024,58,coarse,7.0,11.0,2154958058.6949344,2289730906.5330124,0.46507008746831513,0.058859688469744174,12.954800600000453
83,2024,58,coarse,7.0,12.0,2147935699.512221,2289730906.5330124,0.4635545641447121,0.061926581248575724,13.300303900001381
83,2024,58,coarse,8.0,3.0,1935457327.6516123,2289730906.5330124,0.41769875985765176,0.15472280077566938,12.645248300001185
83,2024,58,coarse,8.0,4.0,2043418058.638373,2289730906.5330124,0.44099819550122216,0.10757283626292714,12.660324499998751
83,2024,58,coarse,8.0,5.0,2061167582.2061768,2289730906.5330124,0.44482879092506006,0.0998210417104925,12.94918730000063
83,2024,58,coarse,8.0,6.0,2106874978.964461,2289730906.5330124,0.4546930863913012,0.07985913412219339,12.641079400000308
83,2024,58,coarse,8.0,7.0,2103807986.0382915,2289730906.5330124,0.4540311864240683,0.08119858974006489,12.663721399998394
83,2024,58,coarse,8.0,8.0,2155862268.0531187,2289730906.5330124,0.4652652284937303,0.05846479081797013,13.013344599999982
83,2024,58,coarse,8.0,9.0,2146591471.484213,2289730906.5330124,0.4632644609364197,0.06251364937268254,13.080373899998449
83,2024,58,coarse,8.0,10.0,2152915211.083391,2289730906.5330124,0.4646292123832751,0.05975186650067111,12.731521800000337
83,2024,58,coarse,8.0,11.0,2177189707.6227274,2289730906.5330124,0.46986798823009385,0.04915040391392054,12.664708100001008
83,2024,58,coarse,8.0,12.0,2183333073.950765,2289730906.5330124,0.471193812602407,0.04646739591917774,13.303272099999958
83,2024,58,fine,7.0,11.0,2154958058.6949344,2289730906.5330124,0.46507008746831513,0.058859688469744174,12.828566500000306
83,2024,58,fine,7.0,11.5,2148383354.398966,2289730906.5330124,0.4636511743299981,0.06173107579181321,12.704567999999199
83,2024,58,fine,7.0,12.0,2147935699.512221,2289730906.5330124,0.4635545641447121,0.061926581248575724,12.684389300000475
83,2024,58,fine,7.0,12.5,2156506020.646666,2289730906.5330124,0.46540415930669027,0.05818364311117603,12.732262300000002
83,2024,58,fine,7.0,13.0,2171083238.5444856,2289730906.5330124,0.46855012680031716,0.05181729767895597,12.745611000000281
83,2024,58,fine,7.5,11.0,2173783796.230482,2289730906.5330124,0.4691329449179005,0.0506378762551147,13.42442690000098
83,2024,58,fine,7.5,11.5,2170994937.011179,2289730906.5330124,0.4685310700944788,0.05185586183208622,12.869880499998544
83,2024,58,fine,7.5,12.0,2164103931.1758084,2289730906.5330124,0.467043894660289,0.05486538832959266,12.694892000001346
83,2024,58,fine,7.5,12.5,2159430657.8664126,2289730906.5330124,0.4660353369215457,0.05690635886288201,12.684842700000445
83,2024,58,fine,7.5,13.0,2152610444.706898,2289730906.5330124,0.4645634395368844,0.05988496789508538,13.432417900001383
83,2024,58,fine,8.0,11.0,2177189707.6227274,2289730906.5330124,0.46986798823009385,0.04915040391392054,12.687923800000135
83,2024,58,fine,8.0,11.5,2182904697.3535004,2289730906.5330124,0.4711013629416094,0.04665448191956431,12.67073100000016
83,2024,58,fine,8.0,12.5,2178266920.168091,2289730906.5330124,0.4701004657628573,0.048679950140383246,12.719751100001304
83,2024,58,fine,8.0,13.0,2165910654.6884503,2289730906.5330124,0.46743381086244673,0.05407633337667789,13.447186399998827
83,2024,58,fine,8.5,11.0,2171925345.516642,2289730906.5330124,0.46873186526228783,0.05144952216011494,12.720220300001529
83,2024,58,fine,8.5,11.5,2183115309.9142904,2289730906.5330124,0.471146816077773,0.04656250056044951,12.698137299999871
83,2024,58,fine,8.5,12.0,2189962584.701505,2289730906.5330124,0.4726245537401654,0.043572072834781726,12.91933330000029
83,2024,58,fine,8.5,12.5,2192672752.154892,2289730906.5330124,0.47320944577995,0.04238845451279717,13.176166199998988
83,2024,58,fine,8.5,13.0,2188354064.929624,2289730906.5330124,0.47227741267726403,0.04427456576410006,12.65716870000142
83,2024,58,fine,9.0,11.0,2167976629.6506615,2289730906.5330124,0.467879677153211,0.053174054879097,13.32468069999959
83,2024,58,fine,9.0,11.5,2177450356.2799177,2289730906.5330124,0.46992423985564585,0.049036570163217934,13.49110440000004
83,2024,58,fine,9.0,12.0,2187949427.4722075,2289730906.5330124,0.47219008625485204,0.044451284109588624,12.695112899999003
83,2024,58,fine,9.0,12.5,2196040309.704258,2289730906.5330124,0.4739362117964481,0.04091773254291077,12.673561999999947
83,2024,58,fine,9.0,13.0,2200006862.7909145,2289730906.5330124,0.4747922494272112,0.03918540972919529,13.299102799999673
83,2014,58,validate,9.0,13.0,2168204085.5431085,2250964154.2973127,0.48392011729563855,0.03676649785657721,13.911423999999897
83,2015,58,validate,9.0,13.0,2337133872.2435164,2411353010.580147,0.5138410047233545,0.030779043139259804,14.480849300000045
83,2016,58,validate,9.0,13.0,2060583436.2924209,2153216917.680704,0.45217386567050266,0.04302097045014007,13.8397389999991
83,2017,58,validate,9.0,13.0,2262558098.031993,2373160610.843972,0.48351044099977625,0.04660557414723207,13.477620700001353
83,2018,58,validate,9.0,13.0,2209747462.0791087,2296148696.3707147,0.48782450926732057,0.03762876264423618,13.780549099999917
83,2019,58,validate,9.0,13.0,2109215109.404787,2200272351.231987,0.4531561090138118,0.041384532135857965,13.077562399999806
83,2020,58,validate,9.0,13.0,2367366394.681166,2447446684.932493,0.5080490661844845,0.032719932468533365,12.965280400001575
83,2021,58,validate,9.0,13.0,1834311199.1244333,1912874518.400308,0.42847927323286567,0.04107081699304316,12.706175499999517
83,2022,58,validate,9.0,13.0,2196370574.5883646,2279579232.8547616,0.4796511486074479,0.03650176184584432,12.951250100000834
83,2023,58,validate,9.0,13.0,2110997699.392181,2204855568.7123375,0.4606570314958344,0.04256871545330777,12.674522699999216
83,2024,58,validate,9.0,13.0,2200006862.7909145,2289730906.5330124,0.4747922494272112,0.03918540972919529,12.817589500000395
73,2024,67,coarse,2.0,3.0,2428984522.705833,3382818540.8318253,0.4343297033532171,0.28196428706206844,15.047341600000436
73,2024,67,coarse,2.0,4.0,2569360438.4111204,3382818540.8318253,0.4594304931097097,0.24046755467429767,15.084214300000895
73,2024,67,coarse,2.0,5.0,2705058396.28403,3382818540.8318253,0.4836948114854081,0.2003536803310579,15.11092169999938
73,2024,67,coarse,2.0,6.0,2752528171.4661975,3382818540.8318253,0.49218294024060794,0.18632106977001528,15.12484939999922
73,2024,67,coarse,2.0,7.0,2813838844.6730256,3382818540.8318253,0.5031459769571381,0.168196930840662,15.113263299999744
73,2024,67,coarse,2.0,8.0,2830745206.428934,3382818540.8318253,0.5061690242501881,0.16319921619772662,15.163636000001134
73,2024,67,coarse,2.0,9.0,2866835700.1124105,3382818540.8318253,0.5126224097159603,0.15253045189723244,15.140138099999604
73,2024,67,coarse,2.0,10.0,2906975774.4449673,3382818540.8318253,0.5197999056672372,0.14066458506220958,15.182659899999635
73,2024,67,coarse,2.0,11.0,2924250723.5911202,3382818540.8318253,0.5228888605238668,0.1355579117548364,15.288564899999983
73,2024,67,coarse,2.0,12.0,2929768826.1854424,3382818540.8318253,0.5238755592205695,0.133926697272677,15.103100399999676
73,2024,67,coarse,3.0,3.0,2615713105.9813414,3382818540.8318253,0.46771887048190364,0.22676517394925205,15.988658800000849
73,2024,67,coarse,3.0,4.0,2758924324.9711742,3382818540.8318253,0.4933266442981881,0.1844302933574549,15.210083199999644
73,2024,67,coarse,3.0,5.0,2864379473.3025246,3382818540.8318253,0.5121832087858046,0.1532565407430391,15.102015700000265
73,2024,67,coarse,3.0,6.0,2887320626.9344473,3382818540.8318253,0.5162853446200972,0.14647487233398468,15.297230100000888
73,2024,67,coarse,3.0,7.0,2964178517.5968323,3382818540.8318253,0.5300283983693904,0.12375479742169399,16.00440929999968
73,2024,67,coarse,3.0,8.0,3000920725.7930603,3382818540.8318253,0.5365983177069714,0.11289337882866676,15.136953100000028
73,2024,67,coarse,3.0,9.0,3009786053.178352,3382818540.8318253,0.5381835377762592,0.11027268626763106,15.141357299999072
73,2024,67,coarse,3.0,10.0,3042032232.457921,3382818540.8318253,0.5439495166657287,0.10074034544285838,15.917704499999672
73,2024,67,coarse,3.0,11.0,3052108589.5553727,3382818540.8318253,0.5457512824440227,0.09776165859464987,15.13836099999935
73,2024,67,coarse,3.0,12.0,3051179875.702496,3382818540.8318253,0.5455852179802728,0.09803619707245077,15.081634300000587
73,2024,67,coarse,4.0,3.0,2750440456.802493,3382818540.8318253,0.4918096334195489,0.18693822219439302,15.722670500001186
73,2024,67,coarse,4.0,4.0,2859087480.8109665,3382818540.8318253,0.5112369411140595,0.15482091448277177,15.123727700000018
73,2024,67,coarse,4.0,5.0,2963636373.8864474,3382818540.8318253,0.5299314569872181,0.12391506132702647,15.100152900000467
73,2024,67,coarse,4.0,6.0,2991919777.2526407,3382818540.8318253,0.5349888470525009,0.1155541625602725,15.591319099999964
73,2024,67,coarse,4.0,7.0,3061947648.528521,3382818540.8318253,0.547510616653498,0.0948531197964887,15.406201800000417
73,2024,67,coarse,4.0,8.0,3049802872.5494556,3382818540.8318253,0.5453389943566204,0.09844325501434731,15.163979000000836
73,2024,67,coarse,4.0,9.0,3092475661.873127,3382818540.8318253,0.5529693681836046,0.08582868854895888,15.354210200001035
73,2024,67,coarse,4.0,10.0,3135344897.825097,3382818540.8318253,0.5606348688732742,0.07315605020477248,15.619813400000567
73,2024,67,coarse,4.0,11.0,3135654999.647661,3382818540.8318253,0.5606903185607236,0.07306438054563437,15.173709599999711
73,2024,67,coarse,4.0,12.0,3138691114.2738094,3382818540.8318253,0.561233209942943,0.07216687020344449,15.18148839999958
73,2024,67,coarse,5.0,3.0,2865435823.876334,3382818540.8318253,0.5123720961282603,0.1529442713850883,15.863298399999621
73,2024,67,coarse,5.0,4.0,2954959980.3136234,3382818540.8318253,0.528380020404797,0.12647990288388117,15.139909000001353
73,2024,67,coarse,5.0,5.0,2998689900.5354447,3382818540.8318253,0.5361994211049899,0.11355283638770775,16.260635399999956
73,2024,67,coarse,5.0,6.0,3083495898.48997,3382818540.8318253,0.5513636856731027,0.08848320970484348,15.210978700000851
73,2024,67,coarse,5.0,7.0,3081684896.394275,3382818540.8318253,0.551039858165911,0.0890185627170833,15.227058300000863
73,2024,67,coarse,5.0,8.0,3133866951.233205,3382818540.8318253,0.5603705954294429,0.07359294818616074,15.9484379000005
73,2024,67,coarse,5.0,9.0,3156759686.532762,3382818540.8318253,0.5644640735223062,0.06682559279206149,15.590118099999017
73,2024,67,coarse,5.0,10.0,3144502495.450731,3382818540.8318253,0.5622723501429114,0.07044895920503416,15.241351300001043
73,2024,67,coarse,5.0,11.0,3167424173.2086663,3382818540.8318253,0.5663710034722755,0.06367304808793973,15.5179900000021
73,2024,67,coarse,5.0,12.0,3202307569.009043,3382818540.8318253,0.572608546284221,0.05336111578080535,15.640564400000585
73,2024,67,coarse,6.0,3.0,2889193755.994649,3382818540.8318253,0.5166202811260546,0.14592115387773516,15.164508300000307
73,2024,67,coarse,6.0,4.0,2990459825.8798184,3382818540.8318253,0.5347277913558752,0.11598574094829424,15.196981600001891
73,2024,67,coarse,6.0,5.0,3073826726.387657,3382818540.8318253,0.5496347291434865,0.0913415279934548,15.828190299998823
73,2024,67,coarse,6.0,6.0,3088879720.769667,3382818540.8318253,0.5523263735419585,0.08689169002540686,15.120608100001846
73,2024,67,coarse,6.0,7.0,3152543880.780232,3382818540.8318253,0.5637102401220623,0.06807183337565882,15.117611199999374
73,2024,67,coarse,6.0,8.0,3154299020.445058,3382818540.8318253,0.5640240787994361,0.06755299393936014,15.909385399998428
73,2024,67,coarse,6.0,9.0,3169967275.292677,3382818540.8318253,0.5668257386768106,0.06292127791365623,15.142785100000765
73,2024,67,coarse,6.0,10.0,3211905573.632288,3382818540.8318253,0.5743247772695683,0.05052383541610549,15.135189300002821
73,2024,67,coarse,6.0,11.0,3211268812.05647,3382818540.8318253,0.5742109171507629,0.05071206944880104,15.239990499998385
73,2024,67,coarse,6.0,12.0,3199876360.983905,3382818540.8318253,0.5721738189936691,0.05407980878659115,15.889453799998591
73,2024,67,coarse,7.0,3.0,2967302563.903962,3382818540.8318253,0.5305870129233958,0.12283129346503137,15.110558899999887
73,2024,67,coarse,7.0,4.0,3064064701.1679087,3382818540.8318253,0.5478891694339925,0.09422729472965935,15.131263199997193
73,2024,67,coarse,7.0,5.0,3076021508.5360804,3382818540.8318253,0.5500271808328813,0.09069272519131469,15.879835799998546
73,2024,67,coarse,7.0,6.0,3145460437.339713,3382818540.8318253,0.562443640907666,0.07016578058418306,15.11816010000257
73,2024,67,coarse,7.0,7.0,3144656406.4846215,3382818540.8318253,0.562299871163761,0.07040346133630933,15.185463699999673
73,2024,67,coarse,7.0,8.0,3199598750.9865055,3382818540.8318253,0.5721241792093514,0.054161873489160475,16.153642799999943
73,2024,67,coarse,7.0,9.0,3207671922.1703124,3382818540.8318253,0.5735677528561182,0.05177535139630777,15.132065800000419
73,2024,67,coarse,7.0,10.0,3200196510.8805413,3382818540.8318253,0.5722310653895745,0.053985168801391786,15.162108999997145
73,2024,67,coarse,7.0,11.0,3232754331.990721,3382818540.8318253,0.578052769337222,0.04436070307342104,15.913801399998192
73,2024,67,coarse,7.0,12.0,3255378047.8731384,3382818540.8318253,0.5820981437379662,0.037672872907734974,15.203316999999515
73,2024,67,coarse,8.0,3.0,3005632736.7849402,3382818540.8318253,0.5374408781750062,0.11150045427921065,15.063716999997268
73,2024,67,coarse,8.0,4.0,3051109426.9400573,3382818540.8318253,0.5455726209506064,0.09805702253547471,15.674088600000687
73,2024,67,coarse,8.0,5.0,3131770939.410017,3382818540.8318253,0.5599958049831143,0.07421255334614442,15.2809305999981
73,2024,67,coarse,8.0,6.0,3149425421.614733,3382818540.8318253,0.5631526246117085,0.06899368570910734,15.250222399998165
73,2024,67,coarse,8.0,7.0,3193939255.798382,3382818540.8318253,0.5711121979294342,0.05583488524542572,15.512334200000623
73,2024,67,coarse,8.0,8.0,3189820387.5033083,3382818540.8318253,0.5703756980349197,0.057052470003625816,15.53302039999835
73,2024,67,coarse,8.0,9.0,3231571063.087181,3382818540.8318253,0.5778411875724733,0.044710490946834186,15.174549600000319
73,2024,67,coarse,8.0,10.0,3246122683.228383,3382818540.8318253,0.5804431806276601,0.040408864960823195,15.275045499998669
73,2024,67,coarse,8.0,11.0,3233294075.186245,3382818540.8318253,0.5781492814803862,0.044201148787842655,15.793382899999415
73,2024,67,coarse,8.0,12.0,3245958076.5747633,3382818540.8318253,0.5804137471099212,0.040457524577540115,15.185592400001042
73,2024,67,fine,6.0,11.0,3211268812.05647,3382818540.8318253,0.5742109171507629,0.05071206944880104,15.236308399998961
73,2024,67,fine,6.0,11.5,3203580840.79506,3382818540.8318253,0.572836221574837,0.05298472202197729,15.888918500000727
73,2024,67,fine,6.0,12.0,3199876360.983905,3382818540.8318253,0.5721738189936691,0.05407980878659115,15.191851799998403
73,2024,67,fine,6.0,12.5,3203652920.975593,3382818540.8318253,0.5728491103203749,0.05296341429303384,15.129431900000782
73,2024,67,fine,6.0,13.0,3213753603.348365,3382818540.8318253,0.5746552257310008,0.04997753661415367,15.87990229999923
73,2024,67,fine,6.5,11.0,3236326212.3522644,3382818540.8318253,0.5786914616480788,0.04330481422853347,15.177193800001987
73,2024,67,fine,6.5,11.5,3237352934.64266,3382818540.8318253,0.5788750511208174,0.043001303331332556,15.167187999999442
73,2024,67,fine,6.5,12.0,3231065530.050372,3382818540.8318253,0.5777507925897717,0.044859932316717616,15.922121399999014
73,2024,67,fine,6.5,12.5,3224476565.511251,3382818540.8318253,0.5765726117545585,0.04680770588470242,15.13064360000135
73,2024,67,fine,6.5,13.0,3221118969.2806997,3382818540.8318253,0.5759722358521338,0.04780024988019726,15.160670500001288
73,2024,67,fine,7.0,11.0,3232754331.990721,3382818540.8318253,0.578052769337222,0.04436070307342104,15.156184899999062
73,2024,67,fine,7.0,11.5,3248026129.578057,3382818540.8318253,0.5807835382053534,0.03984618436572225,15.166250999998738
73,2024,67,fine,7.0,12.5,3253774374.0328264,3382818540.8318253,0.5818113888505525,0.03814693730727491,15.120792199999414
73,2024,67,fine,7.0,13.0,3247622731.84288,3382818540.8318253,0.5807114061612769,0.039965433367791944,15.17104560000007
73,2024,67,fine,7.5,11.0,3224275241.4990587,3382818540.8318253,0.5765366127608738,0.04686721957417828,15.232579200001055
73,2024,67,fine,7.5,11.5,3239529508.9475446,3382818540.8318253,0.5792642470433643,0.04235788297679317,16.02771919999941
73,2024,67,fine,7.5,12.0,3255731627.7983737,3382818540.8318253,0.5821613677983105,0.037568350622259876,15.324192899999616
73,2024,67,fine,7.5,12.5,3266336487.5967155,3382818540.8318253,0.5840576357931289,0.03443343230774276,15.989981900002022
73,2024,67,fine,7.5,13.0,3270182359.429481,3382818540.8318253,0.584745320855197,0.03329654843816935,15.306898900002125
73,2024,67,fine,8.0,11.0,3233294075.186245,3382818540.8318253,0.5781492814803862,0.044201148787842655,16.381051199998183
73,2024,67,fine,8.0,11.5,3235358510.813959,3382818540.8318253,0.5785184257484518,0.043590877913778414,15.250561100001505
73,2024,67,fine,8.0,12.0,3245958076.5747633,3382818540.8318253,0.5804137471099212,0.040457524577540115,15.194973000001482
73,2024,67,fine,8.0,12.5,3260801300.767409,3382818540.8318253,0.583067882243403,0.03606969708591367,15.711502299996937
73,2024,67,fine,8.0,13.0,3271393257.506815,3382818540.8318253,0.5849618430264184,0.03293859306376249,15.412281699998857
73,2014,67,validate,8.0,13.0,3154485877.3203244,3253683023.7385,0.5803263745343892,0.030487649133134554,15.126407899999322
73,2015,67,validate,8.0,13.0,3291504116.527673,3396354625.8447824,0.5932487273560358,0.03087148453793452,15.670685299999604
73,2016,67,validate,8.0,13.0,3032059397.1853776,3130384147.6712418,0.5508778803218317,0.031409803349218335,15.372685199999978
73,2017,67,validate,8.0,13.0,3316248979.4549484,3418922796.446605,0.590788415190985,0.030031042847287727,15.452945400000317
73,2018,67,validate,8.0,13.0,3135803769.2925944,3240261585.5344954,0.5698653516708303,0.03223746400853317,15.46440690000236
73,2019,67,validate,8.0,13.0,3132243595.9939604,3237329161.558404,0.5672843637643527,0.03246057485049092,15.843865099999675
73,2020,67,validate,8.0,13.0,3288884229.8956575,3382864179.106035,0.5959429929197627,0.02778117720209893,15.170777700001054
73,2021,67,validate,8.0,13.0,2953125045.2673826,3049024508.9840674,0.5388983153557404,0.03145250667356506,15.41469490000236
73,2022,67,validate,8.0,13.0,3094546128.5024033,3199558787.8375754,0.5639469554247815,0.032820981359790884,15.747581799998443
73,2023,67,validate,8.0,13.0,3107047798.3157525,3213569316.2398095,0.5645021026908826,0.03314741567444937,15.396741100001236
73,2024,67,validate,8.0,13.0,3271393257.506815,3382818540.8318253,0.5849618430264184,0.03293859306376249,15.177641599999333
21,2024,162,coarse,2.0,3.0,4936634965.526754,6962901020.783141,0.38632169552177664,0.2910088839706766,50.093955899999855
21,2024,162,coarse,2.0,4.0,5235604238.893074,6962901020.783141,0.4097178585766373,0.2480714255070356,50.2095244000011
21,2024,162,coarse,2.0,5.0,5446162779.278646,6962901020.783141,0.42619534433290185,0.21783136611841453,49.88256490000276
21,2024,162,coarse,2.0,6.0,5522660450.148053,6962901020.783141,0.43218175210258847,0.2068449007584915,50.24167740000121
21,2024,162,coarse,2.0,7.0,5621290718.8257265,6962901020.783141,0.4399001701933337,0.19267978935115168,50.12971280000056
21,2024,162,coarse,2.0,8.0,5660114756.630389,6962901020.783141,0.4429383871602426,0.18710394708529451,49.99532410000029
21,2024,162,coarse,2.0,9.0,5706806633.260182,6962901020.783141,0.44659231034327673,0.1803981391913685,50.52717969999867
21,2024,162,coarse,2.0,10.0,5742496986.653698,6962901020.783141,0.4493852974555582,0.17527235134992342,50.00654310000027
21,2024,162,coarse,2.0,11.0,5764417257.760943,6962901020.783141,0.4511006919215423,0.17212419930211792,50.931331100000534
21,2024,162,coarse,2.0,12.0,5779269668.993641,6962901020.783141,0.4522629833873019,0.1699911212663444,50.37348760000168
21,2024,162,coarse,3.0,3.0,5472879170.936447,6962901020.783141,0.4282860643872586,0.21399440339582856,49.83043230000112
21,2024,162,coarse,3.0,4.0,5733010642.250208,6962901020.783141,0.44864293333914057,0.17663476399591319,49.9412427999996
21,2024,162,coarse,3.0,5.0,5946743311.135728,6962901020.783141,0.465368813945838,0.145938841671646,51.234725099999196
21,2024,162,coarse,3.0,6.0,5991678156.198162,6962901020.783141,0.46888523872785054,0.13948537566253416,50.00187160000132
21,2024,162,coarse,3.0,7.0,6115498088.484918,6962901020.783141,0.478574901122264,0.12170256761784519,50.449723699999595
21,2024,162,coarse,3.0,8.0,6156941910.572894,6962901020.783141,0.4818181321348332,0.11575047638973879,53.10628569999972
21,2024,162,coarse,3.0,9.0,6184857402.359315,6962901020.783141,0.48400268906350286,0.11174130094647203,52.39928789999976
21,2024,162,coarse,3.0,10.0,6238505411.070431,6962901020.783141,0.4882009718677559,0.10403646519611666,53.33962139999858
21,2024,162,coarse,3.0,11.0,6259006356.525476,6962901020.783141,0.4898052954734709,0.10109215428406237,52.52108020000014
21,2024,162,coarse,3.0,12.0,6264946687.870138,6962901020.783141,0.49027016251206224,0.1002390140014516,52.450192700001935
21,2024,162,coarse,4.0,3.0,5755988197.227294,6962901020.783141,0.45044106669509665,0.1733347666372689,52.446010300001944
21,2024,162,coarse,4.0,4.0,5994504285.543093,6962901020.783141,0.4691064005289401,0.13907949177354953,52.30298269999912
21,2024,162,coarse,4.0,5.0,6170052908.501499,6962901020.783141,0.4828441474236142,0.11386749717037736,53.27118859999973
21,2024,162,coarse,4.0,6.0,6235670337.094659,6962901020.783141,0.4879791100949292,0.10444363369776699,52.674216700001125
21,2024,162,coarse,4.0,7.0,6357634928.021687,6962901020.783141,0.4975235807494496,0.08692728662303723,52.35346550000031
21,2024,162,coarse,4.0,8.0,6343978982.95968,6962901020.783141,0.49645492003478325,0.08888853022268717,52.45543819999875
21,2024,162,coarse,4.0,9.0,6417924391.246758,6962901020.783141,0.5022415977423714,0.07826861647317906,53.056966100000864
21,2024,162,coarse,4.0,10.0,6464803810.56774,6962901020.783141,0.5059101972810505,0.07153587401697376,52.375949400000536
21,2024,162,coarse,4.0,11.0,6457587074.815456,6962901020.783141,0.5053454438383869,0.07257232932931314,52.35084989999814
21,2024,162,coarse,4.0,12.0,6475683871.890069,6962901020.783141,0.5067616282186779,0.06997329811795502,52.70883599999797
21,2024,162,coarse,5.0,3.0,5970488724.115892,6962901020.783141,0.46722703685829176,0.14252856585280438,52.24147909999738
21,2024,162,coarse,5.0,4.0,6156848695.929222,6962901020.783141,0.48181083752232035,0.11576386371829533,52.24879160000273
21,2024,162,coarse,5.0,5.0,6269247896.808073,6962901020.783141,0.4906067582582132,0.09962128169058054,52.30545159999747
21,2024,162,coarse,5.0,6.0,6413986506.592328,6962901020.783141,0.5019334343300285,0.07883416876850488,52.704768200001126
21,2024,162,coarse,5.0,7.0,6395636051.648693,6962901020.783141,0.5004973996795173,0.08146962989151407,52.57976819999749
21,2024,162,coarse,5.0,8.0,6512673480.308084,6962901020.783141,0.5096562899347097,0.06466091348005676,52.52554759999839
21,2024,162,coarse,5.0,9.0,6538902737.544315,6962901020.783141,0.5117088887593215,0.06089391217443118,61.7573498999991
21,2024,162,coarse,5.0,10.0,6523646027.366337,6962901020.783141,0.5105149584433878,0.06308505493697221,66.10393829999884
21,2024,162,coarse,5.0,11.0,6568310792.151272,6962901020.783141,0.5140102478018863,0.056670377397880695,136.32771420000063
21,2024,162,coarse,5.0,12.0,6613447162.531783,6962901020.783141,0.5175424431650971,0.05018796866540173,214.39283680000153
21,2024,162,coarse,6.0,3.0,6040206524.438063,6962901020.783141,0.47268287854328367,0.13251581396762407,206.5578991000002
21,2024,162,coarse,6.0,4.0,6250320563.405735,6962901020.783141,0.4891255793615036,0.10233959311649957,215.15714399999706
21,2024,162,coarse,6.0,5.0,6381327593.610827,6962901020.783141,0.4993776758579079,0.08352458629476571,213.71180620000086
21,2024,162,coarse,6.0,6.0,6438335780.993997,6962901020.783141,0.5038389130695474,0.0753371673995367,221.3168592999973
21,2024,162,coarse,6.0,7.0,6553086507.79405,6962901020.783141,0.5128188550035411,0.05885686321920424,218.10848350000015
21,2024,162,coarse,6.0,8.0,6530756439.949953,6962901020.783141,0.5110713914517718,0.06206386957725033,220.8946737999977
21,2024,162,coarse,6.0,9.0,6577563771.887514,6962901020.783141,0.5147343497144838,0.05534148018842394,223.3780071000001
21,2024,162,coarse,6.0,10.0,6648304468.276312,6962901020.783141,0.5202702392348052,0.04518182171020514,216.53932969999732
21,2024,162,coarse,6.0,11.0,6639269986.722257,6962901020.783141,0.5195632361331994,0.04647933858242388,208.589888100003
21,2024,162,coarse,6.0,12.0,6627603576.78536,6962901020.783141,0.5186502686363221,0.04815484853180762,61.250509800000145
21,2024,162,coarse,7.0,3.0,6205628828.398412,6962901020.783141,0.485628179419153,0.10875814407305139,50.31727750000209
21,2024,162,coarse,7.0,4.0,6372330630.090082,6962901020.783141,0.4986736087704782,0.08481671489086247,50.020400000001246
21,2024,162,coarse,7.0,5.0,6423545221.393041,6962901020.783141,0.5026814618699635,0.07746136240917544,49.9989061999986
21,2024,162,coarse,7.0,6.0,6506812506.974849,6962901020.783141,0.5091976331429244,0.06550265650006247,49.969482500000595
21,2024,162,coarse,7.0,7.0,6533777364.616453,6962901020.783141,0.5113077971709217,0.06163000951554859,50.39781049999874
21,2024,162,coarse,7.0,8.0,6635474331.297191,6962901020.783141,0.5192662030226559,0.04702446415777481,50.03576720000274
21,2024,162,coarse,7.0,9.0,6621672997.497781,6962901020.783141,0.5181861647554795,0.049006588240569485,50.22541890000139
21,2024,162,coarse,7.0,10.0,6619585051.402822,6962901020.783141,0.5180227702810662,0.04930645550691825,50.25396650000039
21,2024,162,coarse,7.0,11.0,6689267946.512629,6962901020.783141,0.5234758804210042,0.03929871664896022,50.98063850000108
21,2024,162,coarse,7.0,12.0,6719225017.169333,6962901020.783141,0.5258202033068933,0.03499633312127717,50.14019140000164
21,2024,162,coarse,8.0,3.0,6325309939.208418,6962901020.783141,0.49499395387339556,0.09156974652829565,50.473785100002715
21,2024,162,coarse,8.0,4.0,6353920082.224579,6962901020.783141,0.4972328714835301,0.0874608064570862,50.4793525999994
21,2024,162,coarse,8.0,5.0,6505452564.833544,6962901020.783141,0.5090912094033713,0.06569796907699639,50.56902270000137
21,2024,162,coarse,8.0,6.0,6544097619.992725,6962901020.783141,0.5121154198902478,0.060147831994215466,49.94662939999762
21,2024,162,coarse,8.0,7.0,6596026192.557567,6962901020.783141,0.5161791463637191,0.05268993873825178,50.01684749999913
21,2024,162,coarse,8.0,8.0,6614161114.931084,6962901020.783141,0.5175983142804106,0.05008543203632004,50.78177389999837
21,2024,162,coarse,8.0,9.0,6693948609.134492,6962901020.783141,0.5238421707245959,0.038626487845492774,50.80768430000171
21,2024,162,coarse,8.0,10.0,6695860963.428612,6962901020.783141,0.5239918240731829,0.038351838774881,50.18273169999884
21,2024,162,coarse,8.0,11.0,6673636717.234169,6962901020.783141,0.5222526417087817,0.04154364720761715,50.23132370000167
21,2024,162,coarse,8.0,12.0,6710688867.740334,6962901020.783141,0.5251521977234003,0.03622228038140925,50.36706780000168
21,2024,162,fine,6.0,11.0,6639269986.722257,6962901020.783141,0.5195632361331994,0.04647933858242388,50.15399190000244
21,2024,162,fine,6.0,11.5,6628415287.337123,6962901020.783141,0.518713789921331,0.04803827204316592,50.04897179999898
21,2024,162,fine,6.0,12.0,6627603576.78536,6962901020.783141,0.5186502686363221,0.04815484853180762,50.07544129999951
21,2024,162,fine,6.0,12.5,6638903161.984526,6962901020.783141,0.5195345298675692,0.04653202132725051,50.39198440000109
21,2024,162,fine,6.0,13.0,6657855187.367851,6962901020.783141,0.5210176410618921,0.04381016368102563,49.98663989999841
21,2024,162,fine,6.5,11.0,6688576608.48892,6962901020.783141,0.5234217790180521,0.03939800543988872,50.11633359999905
21,2024,162,fine,6.5,11.5,6685592964.326733,6962901020.783141,0.5231882907249904,0.03982651133897904,50.1898102999985
21,2024,162,fine,6.5,12.0,6675062194.429642,6962901020.783141,0.5223641939647067,0.04133892259768547,50.057391199999984
21,2024,162,fine,6.5,12.5,6666166648.892633,6962901020.783141,0.5216680634510175,0.04261648571548027,50.173895700001594
21,2024,162,fine,6.5,13.0,6665691978.897529,6962901020.783141,0.5216309176384137,0.042684657012715135,50.070740600000136
21,2024,162,fine,7.0,11.0,6689267946.512629,6962901020.783141,0.5234758804210042,0.03929871664896022,50.716379600002256
21,2024,162,fine,7.0,11.5,6713084406.536989,6962901020.783141,0.5253396631965566,0.0358782371744894,50.11676609999995
21,2024,162,fine,7.0,12.5,6713854119.424481,6962901020.783141,0.5253998979090353,0.03576769231894791,50.0815227000021
21,2024,162,fine,7.0,13.0,6704533640.392019,6962901020.783141,0.5246705137661849,0.03710628366250457,50.157172700000956
21,2024,162,fine,7.5,11.0,6668724272.874483,6962901020.783141,0.52186821307522,0.0422491641099863,50.42746380000244
21,2024,162,fine,7.5,11.5,6700453262.5365505,6962901020.783141,0.524351199394654,0.037692300588968046,49.930347900000925
21,2024,162,fine,7.5,12.0,6728242874.6489525,6962901020.783141,0.5265259054736178,0.033701203770349714,49.97687070000029
21,2024,162,fine,7.5,12.5,6742399556.051966,6962901020.783141,0.5276337518509101,0.031668045269208044,50.025780799998756
21,2024,162,fine,7.5,13.0,6743503011.165165,6962901020.783141,0.5277201039213467,0.03150956892294007,50.019829600001685
21,2024,162,fine,8.0,11.0,6673636717.234169,6962901020.783141,0.5222526417087817,0.04154364720761715,50.01032000000123
21,2024,162,fine,8.0,11.5,6685837753.093654,6962901020.783141,0.5232074469340562,0.0397913551926845,50.16591220000191
21,2024,162,fine,8.0,12.0,6710688867.740334,6962901020.783141,0.5251521977234003,0.03622228038140925,50.23126330000014
21,2024,162,fine,8.0,12.5,6737880060.364852,6962901020.783141,0.5272800738396856,0.03231712755166816,50.42245589999948
21,2024,162,fine,8.0,13.0,6756346838.763252,6962901020.783141,0.5287252115076544,0.02966496025196363,50.461368699998275
21,2014,162,validate,8.0,13.0,5812348963.778869,6010616473.984753,0.47208812246417065,0.03298621881200183,50.576007600000594
21,2015,162,validate,8.0,13.0,6696847519.770474,6900421251.06481,0.5218856828286174,0.029501638217075767,50.07786480000141
21,2016,162,validate,8.0,13.0,6466118541.107069,6669221506.523161,0.5108051187886153,0.030453774135022663,49.99287700000059
21,2017,162,validate,8.0,13.0,6524788725.432685,6764074017.533974,0.5027646188213957,0.03537591272375324,50.744287800000166
21,2018,162,validate,8.0,13.0,6281138271.107178,6499955603.167234,0.4954313629392353,0.03366443486989873,50.10632590000023
21,2019,162,validate,8.0,13.0,6332928505.552175,6541963362.265141,0.49191079990991043,0.03195292378412038,50.1866872999999
21,2020,162,validate,8.0,13.0,7211563731.669602,7439575194.99285,0.5482244520213466,0.030648452007946542,50.745511900000565
21,2021,162,validate,8.0,13.0,6399391862.237525,6626119194.403845,0.4887703402957284,0.03421721304950335,50.474321699999564
21,2022,162,validate,8.0,13.0,7295844156.43124,7502047426.041913,0.553132830259138,0.02748626580190336,50.15707149999798
21,2023,162,validate,8.0,13.0,6102370088.876387,6310258403.645514,0.48305913267380896,0.03294450107606168,50.40625419999924
21,2024,162,validate,8.0,13.0,6756346838.763252,6962901020.783141,0.5287252115076544,0.02966496025196363,50.02565479999976
14,2024,181,coarse,2.0,3.0,3263597240.5857487,5848491279.240804,0.24173379784336685,0.44197621493087047,59.243701899998996
14,2024,181,coarse,2.0,4.0,3730783031.395421,5848491279.240804,0.27633812772403843,0.3620947944920735,58.675591400002304
14,2024,181,coarse,2.0,5.0,4010634430.5053725,5848491279.240804,0.2970666479891453,0.3142446078801377,58.80318320000151
14,2024,181,coarse,2.0,6.0,4270314184.8674197,5848491279.240804,0.3163010597800143,0.2698434551787941,59.1022367000005
14,2024,181,coarse,2.0,7.0,4430370767.967301,5848491279.240804,0.3281564092151127,0.2424762974866895,58.888419499999145
14,2024,181,coarse,2.0,8.0,4638795800.920842,5848491279.240804,0.34359439713682255,0.20683889580442238,58.9118535000016
14,2024,181,coarse,2.0,9.0,4749161754.695516,5848491279.240804,0.3517691745961174,0.18796805399152322,59.13028449999911
14,2024,181,coarse,2.0,10.0,4775516161.54663,5848491279.240804,0.3537212386494887,0.1834618650287972,59.25586789999943
14,2024,181,coarse,2.0,11.0,4835565866.00977,5848491279.240804,0.3581691046234902,0.17319431027048088,58.99787099999958
14,2024,181,coarse,2.0,12.0,4925448998.271135,5848491279.240804,0.3648267248265572,0.15782570869960996,59.26446779999969
14,2024,181,coarse,3.0,3.0,3710689779.9898806,5848491279.240804,0.2748498258242577,0.36553042437440936,59.522485500001494
14,2024,181,coarse,3.0,4.0,4097274318.437043,5848491279.240804,0.3034840419291792,0.29943055006676644,58.725300199999765
14,2024,181,coarse,3.0,5.0,4333027665.236554,5848491279.240804,0.3209462309417859,0.25912043664720535,58.71515179999915
14,2024,181,coarse,3.0,6.0,4598455732.941908,5848491279.240804,0.3406064188052631,0.21373641279690234,59.42658250000022
14,2024,181,coarse,3.0,7.0,4720740765.891139,5848491279.240804,0.3496640393555591,0.19282759595668897,58.822312899999815
14,2024,181,coarse,3.0,8.0,4791389699.3379345,5848491279.240804,0.3548969874605808,0.1807477397897552,59.01067140000305
14,2024,181,coarse,3.0,9.0,4928473020.421274,5848491279.240804,0.3650507133598311,0.15730864848600026,58.97387929999968
14,2024,181,coarse,3.0,10.0,4990264707.3207035,5848491279.240804,0.3696276075193158,0.1467432421360312,58.79735449999862
14,2024,181,coarse,3.0,11.0,5072636548.623053,5848491279.240804,0.37572886835681857,0.13265895315115617,59.185677500001475
14,2024,181,coarse,3.0,12.0,5179925409.208951,5848491279.240804,0.38367572632482627,0.11431424586455734,69.63972289999947
14,2024,181,coarse,4.0,3.0,3977923993.929151,5848491279.240804,0.2946437944690015,0.31983757793248724,77.23041759999978
14,2024,181,coarse,4.0,4.0,4349143134.587631,5848491279.240804,0.3221398995605169,0.2563649449175213,74.32448939999813
14,2024,181,coarse,4.0,5.0,4565379991.112897,5848491279.240804,0.33815650722016244,0.21939184430047887,73.96885190000103
14,2024,181,coarse,4.0,6.0,4754588645.224704,5848491279.240804,0.35217114296457497,0.18704014108713865,76.81537559999924
14,2024,181,coarse,4.0,7.0,4834487055.011445,5848491279.240804,0.35808919737374223,0.17337876997928725,72.54680889999872
14,2024,181,coarse,4.0,8.0,5013383340.950498,5848491279.240804,0.37133999869270595,0.14279031948880874,72.25073369999882
14,2024,181,coarse,4.0,9.0,5088235544.574917,5848491279.240804,0.37688428192534784,0.12999177024755282,72.67887739999787
14,2024,181,coarse,4.0,10.0,5087773470.6283245,5848491279.240804,0.3768500562284373,0.13007077762305025,72.36078790000101
14,2024,181,coarse,4.0,11.0,5155195038.115968,5848491279.240804,0.38184395417719763,0.11854275026205274,71.96128069999759
14,2024,181,coarse,4.0,12.0,5233848418.607874,5848491279.240804,0.3876697895906739,0.10509425957675651,71.7261236000013
14,2024,181,coarse,5.0,3.0,4091484655.017203,5848491279.240804,0.3030552030671689,0.30042049142829175,71.62794650000069
14,2024,181,coarse,5.0,4.0,4473553048.7252865,5848491279.240804,0.33135490950716856,0.23509280682282196,71.91341860000102
14,2024,181,coarse,5.0,5.0,4724401393.851493,5848491279.240804,0.3499351811154379,0.19220168616464614,72.26979039999787
14,2024,181,coarse,5.0,6.0,4860564680.682731,5848491279.240804,0.3600207603171911,0.1689199062439769,72.42669029999888
14,2024,181,coarse,5.0,7.0,5013729705.047449,5848491279.240804,0.3713656537911818,0.1427310966772469,72.45103630000085
14,2024,181,coarse,5.0,8.0,5043572761.968329,5848491279.240804,0.37357612124685513,0.13762840343620403,74.61978219999946
14,2024,181,coarse,5.0,9.0,5108323517.8538,5848491279.240804,0.3783721928756613,0.12655704284183963,70.52815790000022
14,2024,181,coarse,5.0,10.0,5245641062.643471,5848491279.240804,0.38854326766385305,0.10307790296912084,67.51068459999806
14,2024,181,coarse,5.0,11.0,5305210529.910691,5848491279.240804,0.3929555625937957,0.09289246121619182,67.35098260000086
14,2024,181,coarse,5.0,12.0,5280686618.872948,5848491279.240804,0.39113908288870114,0.0970856641922809,67.53611459999956
14,2024,181,coarse,6.0,3.0,4285805207.5262585,5848491279.240804,0.317448475794843,0.26719473400965704,67.37414599999829
14,2024,181,coarse,6.0,4.0,4597978209.287047,5848491279.240804,0.3405710487524839,0.21381806182945803,67.27451370000199
14,2024,181,coarse,6.0,5.0,4761381484.902269,5848491279.240804,0.3526742868307906,0.1858786723675602,67.28241739999794
14,2024,181,coarse,6.0,6.0,4978131022.81728,5848491279.240804,0.3687288686674839,0.1488179112984,67.19691849999799
14,2024,181,coarse,6.0,7.0,5049996859.291045,5848491279.240804,0.3740519524628592,0.13652998385823217,67.97544310000012
14,2024,181,coarse,6.0,8.0,5145045100.447668,5848491279.240804,0.38109215093692056,0.12027822992401734,67.51891260000048
14,2024,181,coarse,6.0,9.0,5225779418.688279,5848491279.240804,0.38707212086761433,0.10647393162110677,67.9656991999982
14,2024,181,coarse,6.0,10.0,5224052515.832699,5848491279.240804,0.3869442096227479,0.10676920484169101,67.1751030000014
14,2024,181,coarse,6.0,11.0,5284141064.004696,5848491279.240804,0.39139495274015046,0.09649500842025133,67.84685259999969
14,2024,181,coarse,6.0,12.0,5383896020.281869,5848491279.240804,0.39878377637766893,0.07943848024669435,67.80554190000112
14,2024,181,coarse,7.0,3.0,4313742420.800031,5848491279.240804,0.3195177779078136,0.26241791004944437,67.2017300999978
14,2024,181,coarse,7.0,4.0,4629339588.479018,5848491279.240804,0.34289397794344023,0.20845575936637872,67.35597410000264
14,2024,181,coarse,7.0,5.0,4910997545.01627,5848491279.240804,0.3637563094468005,0.16029667985522425,68.84037739999985
14,2024,181,coarse,7.0,6.0,4976815845.021705,5848491279.240804,0.36863145379060813,0.1490427860110021,72.53277909999815
14,2024,181,coarse,7.0,7.0,5135606867.480986,5848491279.240804,0.38039306347858054,0.12189201927857847,72.56166570000278
14,2024,181,coarse,7.0,8.0,5193586578.8880825,5848491279.240804,0.38468760560590026,0.11197840076761383,71.86638149999999
14,2024,181,coarse,7.0,9.0,5249580912.223646,5848491279.240804,0.38883509129640903,0.10240425067281668,72.11318929999834
14,2024,181,coarse,7.0,10.0,5337747049.2124195,5848491279.240804,0.3953655341067019,0.08732922828170554,71.8434453000009
14,2024,181,coarse,7.0,11.0,5352045005.726185,5848491279.240804,0.39642458002281233,0.0848845026540012,72.69004639999912
14,2024,181,coarse,7.0,12.0,5351377078.562361,5848491279.240804,0.396375106831701,0.08499870769115239,71.98478769999929
14,2024,181,coarse,8.0,3.0,4396652938.241655,5848491279.240804,0.32565893834669346,0.2482415159192325,71.94016589999956
14,2024,181,coarse,8.0,4.0,4763551162.543446,5848491279.240804,0.3528349942887376,0.18550769162439357,72.22877639999933
14,2024,181,coarse,8.0,5.0,4881932390.107985,5848491279.240804,0.361603460990652,0.16526636409010578,73.11968999999954
14,2024,181,coarse,8.0,6.0,5092494466.435241,5848491279.240804,0.3771997391586152,0.12926356161100397,72.92206120000264
14,2024,181,coarse,8.0,7.0,5116510504.9063015,5848491279.240804,0.3789786008749341,0.12515719685394164,76.82241309999881
14,2024,181,coarse,8.0,8.0,5263914723.39316,5848491279.240804,0.38989679295753504,0.09995339446304656,72.93335889999798
14,2024,181,coarse,8.0,9.0,5306566932.716815,5848491279.240804,0.39305603099646874,0.0926605376753398,73.6034690000015
14,2024,181,coarse,8.0,10.0,5334091574.17822,5848491279.240804,0.39509477402272164,0.0879542570044421,73.63506039999993
14,2024,181,coarse,8.0,11.0,5407544535.245582,5848491279.240804,0.4005354157234933,0.0753949562274908,73.46070929999769
14,2024,181,coarse,8.0,12.0,5441324891.017338,5848491279.240804,0.40303751787986763,0.06961904682472579,73.86135009999998
14,2024,181,fine,7.0,11.0,5352045005.726185,5848491279.240804,0.39642458002281233,0.0848845026540012,74.33565250000174
14,2024,181,fine,7.0,11.5,5346863883.187928,5848491279.240804,0.3960408156254507,0.0857703930983705,75.17562560000079
14,2024,181,fine,7.0,12.0,5351377078.562361,5848491279.240804,0.396375106831701,0.08499870769115239,74.62203900000168
14,2024,181,fine,7.0,12.5,5372660799.194115,5848491279.240804,0.3979515864770961,0.08135952629965397,72.8024817000005
14,2024,181,fine,7.0,13.0,5406911096.676502,5848491279.240804,0.40048849709361467,0.07550326425751691,73.90490549999959
14,2024,181,fine,7.5,11.0,5397676860.513529,5848491279.240804,0.39980451962540925,0.07708217336793147,73.60528539999723
14,2024,181,fine,7.5,11.5,5401251658.12803,5848491279.240804,0.400069303953919,0.0764709392147423,73.90503919999901
14,2024,181,fine,7.5,12.0,5397596468.138163,5848491279.240804,0.39979856498309824,0.07709591919938232,73.71883330000128
14,2024,181,fine,7.5,12.5,5393805007.752102,5848491279.240804,0.3995177324995131,0.0777441992779589,75.72333970000182
14,2024,181,fine,7.5,13.0,5372412255.210485,5848491279.240804,0.3979331768889439,0.08140202341074848,77.33705800000098
14,2024,181,fine,8.0,11.0,5407544535.245582,5848491279.240804,0.4005354157234933,0.0753949562274908,73.75584119999985
14,2024,181,fine,8.0,11.5,5433035889.055719,5848491279.240804,0.40242355366283894,0.07103633575717921,67.9270718000007
14,2024,181,fine,8.0,12.5,5440813641.161049,5848491279.240804,0.40299964973613017,0.0697064625071435,76.24346090000108
14,2024,181,fine,8.0,13.0,5417466191.560642,5848491279.240804,0.4012703102233752,0.0736985090855967,74.29152740000063
14,2024,181,fine,8.5,11.0,5399705332.681429,5848491279.240804,0.3999547680307174,0.07673533653924366,75.84150129999762
14,2024,181,fine,8.5,11.5,5433002762.023214,5848491279.240804,0.40242109995216685,0.07104199995858149,76.93829729999925
14,2024,181,fine,8.5,12.0,5460673246.656485,5848491279.240804,0.40447064554418555,0.06631078239970668,76.35728039999958
14,2024,181,fine,8.5,12.5,5471723207.668388,5848491279.240804,0.4052891132791776,0.06442141290519696,76.08446849999746
14,2024,181,fine,8.5,13.0,5470566555.211289,5848491279.240804,0.4052034403328464,0.06461918227884798,75.6668675999972
14,2024,181,fine,9.0,11.0,5401579617.51156,5848491279.240804,0.4000935958200639,0.07641486331963158,74.60878170000069
14,2024,181,fine,9.0,11.5,5425437329.033312,5848491279.240804,0.4018607303004722,0.07233556998009387,76.25130780000109
14,2024,181,fine,9.0,12.0,5455287460.963323,5848491279.240804,0.40407172180022966,0.06723166702379406,75.18556100000205
14,2024,181,fine,9.0,12.5,5479161316.198095,5848491279.240804,0.405840052041258,0.0631496133633034,75.17447730000276
14,2024,181,fine,9.0,13.0,5499230463.247101,5848491279.240804,0.4073265685376264,0.05971810494672408,75.05279189999783
14,2014,181,validate,9.0,13.0,4550231385.444555,4841459303.978659,0.3507660097611717,0.06015292089613879,74.3606265999988
14,2015,181,validate,9.0,13.0,4911519852.186903,5231792877.778139,0.36944137231603436,0.06121668672159879,76.11873240000205
14,2016,181,validate,9.0,13.0,5529858968.536707,5876335489.615966,0.40183752477298557,0.05896132405842303,75.2372507
14,2017,181,validate,9.0,13.0,5072384106.787125,5422188689.621894,0.3723159503714528,0.06451353924740716,75.88863029999993
14,2018,181,validate,9.0,13.0,5205185785.722796,5604318296.888596,0.3775493306788172,0.0712187441936318,75.65491530000145
14,2019,181,validate,9.0,13.0,5294298576.129335,5656729989.572013,0.3915698577832017,0.06407083493658126,76.36194480000268
14,2020,181,validate,9.0,13.0,5214344559.2778845,5581108277.932765,0.3818734554171977,0.06571521289150285,76.08184130000154
14,2021,181,validate,9.0,13.0,5345781105.7415495,5682065132.456425,0.3955363900049018,0.059183416394506486,76.58493980000276
14,2022,181,validate,9.0,13.0,5399362242.645071,5752812280.1987915,0.39875324986430233,0.06143952215689312,74.33621270000003
14,2023,181,validate,9.0,13.0,5504416351.998088,5846337808.310339,0.4080389113952473,0.058484724544350344,75.84509640000033
14,2024,181,validate,9.0,13.0,5499230463.247101,5848491279.240804,0.4073265685376264,0.05971810494672408,74.96454000000085
4,2024,364,coarse,2.0,3.0,7089880105.612221,13319121679.89857,0.2404950314586464,0.46769161841111634,219.1150970000017
4,2024,364,coarse,2.0,4.0,8000554475.922546,13319121679.89857,0.271385915094746,0.3993181631490678,218.7797266000016
4,2024,364,coarse,2.0,5.0,8886226369.341354,13319121679.89857,0.301428692503801,0.33282189449829946,203.40476489999855
4,2024,364,coarse,2.0,6.0,9218249531.443703,13319121679.89857,0.3126912131142124,0.30789358690550656,213.60930919999737
4,2024,364,coarse,2.0,7.0,9739477561.157366,13319121679.89857,0.3303717309136444,0.26875977296188075,219.5305720000033
4,2024,364,coarse,2.0,8.0,9888020812.865252,13319121679.89857,0.33541044996958147,0.2576071417841005,217.23908429999574
4,2024,364,coarse,2.0,9.0,10185516558.584013,13319121679.89857,0.34550176994392245,0.2352711535058534,219.04409569999552
4,2024,364,coarse,2.0,10.0,10489471229.559538,13319121679.89857,0.35581218240074197,0.21245022895237792,220.90551190000406
4,2024,364,coarse,2.0,11.0,10649242843.320938,13319121679.89857,0.3612317774722201,0.20045457206138861,225.42365760000393
4,2024,364,coarse,2.0,12.0,10726627940.884516,13319121679.89857,0.3638567487264238,0.19464449693606195,192.37826429999404
4,2024,364,coarse,3.0,3.0,8126861096.612354,13319121679.89857,0.27567034787269745,0.3898350588028982,192.85680689999572
4,2024,364,coarse,3.0,4.0,9201482322.948915,13319121679.89857,0.3121224545069638,0.3091524693526947,204.71748799999477
4,2024,364,coarse,3.0,5.0,9894731872.23044,13319121679.89857,0.3356380950650006,0.2571032752734944,202.8174727000005
4,2024,364,coarse,3.0,6.0,10138018627.51297,13319121679.89857,0.34389059792733095,0.23883729939839582,195.47509709999576
4,2024,364,coarse,3.0,7.0,10691210897.010487,13319121679.89857,0.3626553711355793,0.1973036095055853,190.17809360000683
4,2024,364,coarse,3.0,8.0,10875606932.46209,13319121679.89857,0.3689102484658291,0.1834591503976025,191.5293459999957
4,2024,364,coarse,3.0,9.0,10991000811.500328,13319121679.89857,0.37282451135265404,0.17479537497670572,208.00130809999973
162,2014,5,validate,0,0,191530093.52336562,192749055.8433253,0.4818367132663286,0.006324089706309614,0.7899270999999999
162,2015,5,validate,0,0,213419313.3524803,214657801.9275626,0.5281349006495429,0.005769594973772426,0.7641389000000345
162,2016,5,validate,0,0,190021810.9493454,191362630.673463,0.4737517101703949,0.00700669571378083,0.7419397999999546
162,2017,5,validate,0,0,214328091.6441993,215745853.56313822,0.5182013821184703,0.006571444574827,0.7543329999999742
162,2018,5,validate,0,0,194561785.66075706,195856107.25847483,0.4833232782530296,0.006608533253495244,0.7680178000000524
162,2019,5,validate,0,0,196632353.2403132,198030172.34532827,0.48188298796792844,0.007058616818135821,0.7651730000000043
162,2020,5,validate,0,0,210677899.84868938,211919464.55795032,0.5146016117456995,0.005858662921080707,0.7661555000000817
162,2021,5,validate,0,0,177487845.71238804,178672104.50488266,0.45358508998821373,0.006628112406110166,0.7878574999999728
162,2022,5,validate,0,0,206998801.9971178,208353895.6275558,0.5152428176655078,0.0065038075067255065,0.7517464000000018
162,2023,5,validate,0,0,185757250.0454354,187025270.76609483,0.4621401916791526,0.0067799432422439776,0.7825657999999294
162,2024,5,validate,0,0,201019027.45937297,202279728.7906744,0.49439013147902844,0.006232465006941133,0.7839939000000413
153,2014,10,validate,0,0,408738657.0226563,411461250.1705695,0.5041799149163146,0.006616888338293141,1.0864046000000371
153,2015,10,validate,0,0,445891454.8660576,448600884.01781064,0.541853754849991,0.006039732083197359,1.092833100000007
153,2016,10,validate,0,0,378293894.725285,381115094.92295355,0.4615591687716996,0.007402488737001845,1.0938325999999279
153,2017,10,validate,0,0,422858268.1012845,425868171.0141543,0.5188445007377724,0.007067686945709245,1.063020599999959
153,2018,10,validate,0,0,371886697.6131002,374631163.5372133,0.45827073026876175,0.007325781171540305,0.9976060000000189
153,2019,10,validate,0,0,398574315.31021404,401501614.3254104,0.483003290487414,0.007290877323406863,0.9908258000000387
153,2020,10,validate,0,0,407109339.8274238,409915893.5624645,0.49793216710790583,0.006846657519545511,0.9925308000000541
153,2021,10,validate,0,0,357073837.1220485,359806220.34776896,0.44039693774302974,0.007594041101011243,1.0052021999999852
153,2022,10,validate,0,0,387353432.0123869,390064763.3743112,0.48504061108488217,0.006950977418389525,0.9947063000000753
153,2023,10,validate,0,0,387584515.5229784,390208953.3405567,0.47790939028727303,0.006725724243666356,0.9877792000000909
153,2024,10,validate,0,0,390274295.4742811,393001761.8237138,0.4719157139955031,0.006940086824995325,0.9909969000000274
151,2014,10,validate,0,0,287452246.0619286,289556690.3988428,0.38698471467680207,0.007267814582407078,1.0831792000000178
151,2015,10,validate,0,0,299913449.6524853,302019161.9399817,0.4010610452694374,0.006972114861754509,1.02704719999997
151,2016,10,validate,0,0,327294691.54347587,329481171.91955596,0.4355218783013651,0.006636131477078554,1.242072599999915
151,2017,10,validate,0,0,325854461.51910967,328075671.3089528,0.42695815188562586,0.006770419095634196,1.0992906000000175
151,2018,10,validate,0,0,320218321.3060578,322497145.80601084,0.4258222357793322,0.007066185017723521,1.1145597999999381
151,2019,10,validate,0,0,295904863.7188664,298150260.7777355,0.3905303731277107,0.007531092050739337,1.086720000000014
151,2020,10,validate,0,0,335259336.4315548,337603980.9049147,0.4337119488118432,0.006944955053774221,1.094743499999936
151,2021,10,validate,0,0,319602818.53450286,321844175.7218101,0.42264324059045605,0.006964106721149998,1.094578800000022
151,2022,10,validate,0,0,341162711.4999576,343553164.21435976,0.435101022190993,0.006958028519017272,1.0824941000000763
151,2023,10,validate,0,0,313451170.67735416,315571639.5645984,0.4214752866442842,0.006719453275870688,1.096801199999959
151,2024,10,validate,0,0,301573118.7624806,303746096.6642069,0.4044161442436377,0.007153928644977931,1.0987574000000677
129,2014,22,validate,0,0,1105885979.9971845,1110617949.6427882,0.6063636253959779,0.004260663756718156,4.072723900000028
129,2015,22,validate,0,0,1149157034.779786,1153655266.5864675,0.6341436284060757,0.0038991126179236733,4.063558000000057
129,2016,22,validate,0,0,1111668631.7271156,1116710392.4709773,0.6099757647420634,0.004514832832087848,4.0834950000000845
129,2017,22,validate,0,0,1186819892.4645844,1191822155.5803366,0.6467612845988514,0.004197155668176396,4.08060189999992
129,2018,22,validate,0,0,1103958030.6590385,1108818396.9140952,0.6103127035332249,0.004383374471945358,4.058923399999912
129,2019,22,validate,0,0,1138982678.333677,1144170298.2925837,0.6186895306436191,0.004533957896519429,4.0947768999999425
129,2020,22,validate,0,0,1136673505.486433,1141320465.7893493,0.6233197915564072,0.004071564860358832,4.101094200000034
129,2021,22,validate,0,0,997332010.8281997,1002113091.6830375,0.5617505975150388,0.004770999295905819,4.163866999999982
129,2022,22,validate,0,0,1118918921.375779,1123516919.550856,0.6170077759508227,0.004092504612138216,4.077142899999899
129,2023,22,validate,0,0,1064193673.0346913,1069427970.7354264,0.5876860610301915,0.004894483634213868,4.123259799999914
129,2024,22,validate,0,0,1160117604.6672635,1164973359.0311947,0.6247940568005512,0.00416812481271613,4.108674300000075
112,2014,36,validate,0,0,670387157.2170746,677935265.4397345,0.24537970059628506,0.011133966039904766,6.6638418
112,2015,36,validate,0,0,850938439.0450112,860393358.0075548,0.29653969216361087,0.010989065494925156,6.658754100000124
112,2016,36,validate,0,0,742219027.4799374,750324755.9398458,0.2564327762161199,0.010802960179229657,6.6657511000000795
112,2017,36,validate,0,0,714489107.8852491,722300171.3710792,0.2608347964710099,0.010814151505741734,6.663177500000074
112,2018,36,validate,0,0,833401987.88745,842874312.1169094,0.2946799289599775,0.011238121856708765,6.6503079000001435
112,2019,36,validate,0,0,859155647.3136837,868590940.3208617,0.29738859373959287,0.010862757794471706,6.680775500000209
112,2020,36,validate,0,0,727334064.6407044,735267702.1442443,0.26841668683137165,0.010790134641305793,6.687454699999989
112,2021,36,validate,0,0,721967648.1824542,730474973.4406371,0.26112834497339926,0.011646292573326937,7.126387799999975
112,2022,36,validate,0,0,670479886.7212266,678199087.2119433,0.25046316968547405,0.011381909289276848,6.933279499999799
112,2023,36,validate,0,0,801463860.5916424,810579600.1749197,0.27982510075960926,0.01124595237939643,6.789995999999974
112,2024,36,validate,0,0,831083960.255386,839749272.5383372,0.29502448003386084,0.01031892800187646,6.731857799999943
107,2014,39,validate,0,0,689984396.3269033,698022843.7509868,0.24005302032735043,0.011516023431105806,7.331638000000112
107,2015,39,validate,0,0,846911471.618501,856632425.0167706,0.27628090024743945,0.011347870001627994,7.271992400000045
107,2016,39,validate,0,0,822496599.0763897,831499129.9069268,0.26198330914998874,0.010826867409403992,7.292116399999941
107,2017,39,validate,0,0,752102489.5335841,760291277.3706436,0.25512209576412026,0.010770592904050176,7.27219070000001
107,2018,39,validate,0,0,824402710.2124873,833846876.7260833,0.27708128235796853,0.011326020132948611,7.320117699999855
107,2019,39,validate,0,0,870989661.0261294,880749219.7135491,0.2817697228291599,0.011080973413287754,7.317619800000102
107,2020,39,validate,0,0,761611778.5345805,770104676.6808326,0.2645780672254751,0.011028238632255456,7.308727600000111
107,2021,39,validate,0,0,730827339.8629222,739553370.8685609,0.24829949066632767,0.011799055145121603,7.46099849999996
107,2022,39,validate,0,0,692322967.1319127,700291115.0788085,0.24277722855717077,0.011378336487960621,7.270480600000155
107,2023,39,validate,0,0,815300116.9352158,824739157.759129,0.26832410734779966,0.01144488016012204,7.270413400000052
107,2024,39,validate,0,0,848026670.6827629,857248168.8044894,0.279921132946065,0.010757092820141841,7.4511745000002065
91,2014,55,validate,0,0,1462916488.6902132,1476772597.678914,0.3399601433096796,0.009382696435780912,10.645177699999977
91,2015,55,validate,0,0,1492366585.449059,1508035423.534037,0.3392166260439507,0.01039023211288939,10.619101300000011
91,2016,55,validate,0,0,1672111942.281021,1687755130.617175,0.3797406359505419,0.009268636221199703,10.595180500000197
91,2017,55,validate,0,0,1615358602.138445,1631555547.499717,0.3650280437797313,0.009927302436066711,10.611163999999917
91,2018,55,validate,0,0,1429920793.1895564,1443214473.5496492,0.3307284044800121,0.009211160644333402,10.615881500000114
91,2019,55,validate,0,0,1382136652.1325378,1396058499.7599466,0.3206144081589779,0.009972252330258807,10.660992899999883
91,2020,55,validate,0,0,1620200186.9900193,1635502629.8694184,0.3712436700441128,0.009356415942064756,10.550431100000196
91,2021,55,validate,0,0,1440272266.8051603,1453803834.668169,0.334313398281202,0.009307698563126517,10.621025400000008
91,2022,55,validate,0,0,1674115261.2078688,1688771628.3548107,0.3793899949481307,0.008678714694668355,10.550048099999913
91,2023,55,validate,0,0,1456746069.3087113,1471135922.650238,0.3342540657401476,0.00978145738947327,10.65622159999998
91,2024,55,validate,0,0,1636551239.460993,1651938079.575838,0.37484853969651,0.009314416990009613,10.585450099999889
83,2014,58,validate,0,0,2239050194.224909,2250964154.2973127,0.4997322160975134,0.005292825320944797,11.30808130000014
83,2015,58,validate,0,0,2399833413.1563535,2411353010.580147,0.527626092296202,0.004777233931842198,11.19865219999997
83,2016,58,validate,0,0,2139587544.2391732,2153216917.680704,0.4695105055099501,0.006329772597278104,11.266167699999869
83,2017,58,validate,0,0,2357853800.8837614,2373160610.843972,0.5038752074786217,0.006449967983737605,11.215973800000029
83,2018,58,validate,0,0,2282683340.9392414,2296148696.3707147,0.5039258556535038,0.005864322050552107,11.314915400000018
83,2019,58,validate,0,0,2186695460.683498,2200272351.231987,0.4698024407956812,0.006170549996179817,12.11995120000006
83,2020,58,validate,0,0,2435197222.0181775,2447446684.932493,0.5226059123763183,0.005004996835979523,12.546643700000004
83,2021,58,validate,0,0,1901073111.2103033,1912874518.400308,0.44407428000371485,0.0061694622812341225,12.69443380000007
83,2022,58,validate,0,0,2267096007.6061563,2279579232.8547616,0.49509641798741155,0.00547610939277257,12.680678500000113
83,2023,58,validate,0,0,2191670611.529327,2204855568.7123375,0.4782612876434949,0.005979964116520682,12.146178999999847
83,2024,58,validate,0,0,2276763758.3599515,2289730906.5330124,0.49135746098297906,0.005663175588041065,11.364127699999926
73,2014,67,validate,0,0,3239075117.6456037,3253683023.7385,0.5958881392947019,0.004489652491136612,13.415130800000043
73,2015,67,validate,0,0,3380980859.5730543,3396354625.8447824,0.6093756900030197,0.004526549187396499,13.428146900000002
73,2016,67,validate,0,0,3114769665.2374687,3130384147.6712418,0.5659050454188223,0.004988040348143528,13.33161959999984
73,2017,67,validate,0,0,3402720461.325832,3418922796.446605,0.6061932747326566,0.0047390175459980895,25.39388669999994
73,2018,67,validate,0,0,3225091692.3709145,3240261585.5344954,0.5860915244254039,0.004681687809189193,14.026554700000133
73,2019,67,validate,0,0,3221294377.795541,3237329161.558404,0.5834124567905903,0.004953090329296092,13.949870799999871
73,2020,67,validate,0,0,3368614521.401431,3382864179.106035,0.610390053145967,0.004212305593767528,13.741578899999922
73,2021,67,validate,0,0,3033630003.887696,3049024508.9840674,0.5535891888925033,0.005048993555483451,13.6194031
73,2022,67,validate,0,0,3184354102.5631313,3199558787.8375754,0.580313469750721,0.004752119364782856,13.490497700000105
73,2023,67,validate,0,0,3198468503.9451084,3213569316.2398095,0.5811118183783047,0.004699077819292389,13.621861800000033
73,2024,67,validate,0,0,3366571526.745724,3382818540.8318253,0.6019807861517363,0.004802803901537669,13.549540399999842
21,2014,162,validate,0,0,5975061105.788561,6010616473.984753,0.48530385849484736,0.005915427868353123,42.5851404
21,2015,162,validate,0,0,6860816504.530225,6900421251.06481,0.53466379451795,0.0057394679387832385,42.82604859999992
21,2016,162,validate,0,0,6634702742.340658,6669221506.523161,0.5241227949786753,0.0051758311144321665,42.51052690000006
21,2017,162,validate,0,0,6721643417.807856,6764074017.533974,0.5179331673430403,0.006272935455189964,42.78458849999993
21,2018,162,validate,0,0,6463024858.131347,6499955603.167234,0.5097778580839546,0.0056816918900019055,43.75047410000002
21,2019,162,validate,0,0,6503046422.432104,6541963362.265141,0.5051247246365275,0.005948816536869372,44.6509887000002
21,2020,162,validate,0,0,7400552518.801666,7439575194.99285,0.5625914157089389,0.005245282851290751,42.929301500000065
21,2021,162,validate,0,0,6586582451.674733,6626119194.403845,0.503067512600378,0.00596680222150287,43.562343200000214
21,2022,162,validate,0,0,7465177671.6826725,7502047426.041913,0.5659708137111542,0.00491462560357247,43.41175750000025
21,2023,162,validate,0,0,6274827476.457099,6310258403.645514,0.4967107327660067,0.005614813993662398,43.48510920000035
21,2024,162,validate,0,0,6927156077.178792,6962901020.783141,0.5420920727514518,0.005133627994661452,43.335240599999906
14,2014,181,validate,0,0,4804354635.961497,4841459303.978659,0.37035573850694575,0.0076639429741088925,51.02628449999975
14,2015,181,validate,0,0,5192162923.524645,5231792877.778139,0.3905511640966452,0.007574832410094279,50.40161409999973
14,2016,181,validate,0,0,5833665773.105055,5876335489.615966,0.4239142133561014,0.007261279854819788,50.39100019999978
14,2017,181,validate,0,0,5379292268.558914,5422188689.621894,0.39484318835682625,0.007911274121663037,50.48332810000011
14,2018,181,validate,0,0,5558573374.432354,5604318296.888596,0.4031817006037204,0.008162441894429563,50.53085119999969
14,2019,181,validate,0,0,5614619370.18196,5656729989.572013,0.41526099759494406,0.007444339656954155,50.4307260999999
14,2020,181,validate,0,0,5538765998.239423,5581108277.932765,0.40563251746215373,0.007586715323327454,49.8561565
14,2021,181,validate,0,0,5641035715.60211,5682065132.456425,0.4173823915912971,0.007220863523712776,49.48737119999987
14,2022,181,validate,0,0,5710183037.986735,5752812280.1987915,0.42170796130947835,0.00741015700421622,49.79579139999987
14,2023,181,validate,0,0,5804716015.446718,5846337808.310339,0.43029993598534005,0.007119293176055789,49.3915434999999
14,2024,181,validate,0,0,5806247323.890785,5848491279.240804,0.43006722746526577,0.007223051780886338,49.913008999999875
4,2024,364,coarse,3.0,10.0,11270088522.826206,13319121679.89857,0.3822914144476596,0.15384146239648794,196.68940079999993
4,2024,364,coarse,3.0,11.0,11365229886.32782,13319121679.89857,0.3855186940162135,0.14669824636556883,196.62502459999996
4,2024,364,coarse,3.0,12.0,11345507525.619606,13319121679.89857,0.3848496940206838,0.14817900171732593,196.15772040000002
4,2024,364,coarse,4.0,3.0,9232832374.563477,13319121679.89857,0.31318587610746534,0.306798706667136,195.86196759999984
4,2024,364,coarse,4.0,4.0,9682738206.288792,13319121679.89857,0.3284470815922462,0.27301976519201454,197.27280960000007
4,2024,364,coarse,4.0,5.0,10454607381.21104,13319121679.89857,0.3546295696935533,0.2150678075875453,196.41220250000015
4,2024,364,coarse,4.0,6.0,10792894091.965034,13319121679.89857,0.36610455543843545,0.18966923260008636,196.2262096999998
4,2024,364,coarse,4.0,7.0,11176590350.975449,13319121679.89857,0.3791198733996277,0.16086130755578748,195.35851889999958
4,2024,364,coarse,4.0,8.0,11171877689.37745,13319121679.89857,0.37896001573174315,0.1612151343103782,191.86129470000014
4,2024,364,coarse,4.0,9.0,11537294185.444147,13319121679.89857,0.39135526789510533,0.13377965434038977,202.48916650000047
4,2024,364,coarse,4.0,10.0,11769526019.503798,13319121679.89857,0.3992327780089455,0.11634368223645303,207.5024282
4,2024,364,coarse,4.0,11.0,11745130571.613535,13319121679.89857,0.3984052627448761,0.1181752930946285,237.2025701
4,2024,364,coarse,4.0,12.0,11798437388.128471,13319121679.89857,0.40021347731603246,0.11417301593281025,223.19990259999997
4,2024,364,coarse,5.0,3.0,9833393881.22919,13319121679.89857,0.3335574559207958,0.26170853322333515,218.70687329999998
4,2024,364,coarse,5.0,4.0,10465902032.635406,13319121679.89857,0.35501269430344157,0.21421980486665929,213.47478589999992
4,2024,364,coarse,5.0,5.0,10596796084.312279,13319121679.89857,0.35945273681570644,0.20439227608340477,191.01253840000004
4,2024,364,coarse,5.0,6.0,11194117114.120995,13319121679.89857,0.3797143967753784,0.15954539772578738,187.72614509999994
4,2024,364,coarse,5.0,7.0,11340450510.42768,13319121679.89857,0.38467815557298757,0.14855868254864973,183.43606520000003
4,2024,364,coarse,5.0,8.0,11673031828.530869,13319121679.89857,0.3959596093307839,0.12358846858888643,183.1188978
4,2024,364,coarse,5.0,9.0,11794187905.376562,13319121679.89857,0.40006933108607096,0.1144920672076644,198.39741559999993
4,2024,364,coarse,5.0,10.0,11768613576.13009,13319121679.89857,0.39920182711914276,0.11641218850853581,188.67306730000018
4,2024,364,coarse,5.0,11.0,11983335226.581976,13319121679.89857,0.4064853762498822,0.10029088144247404,187.12117209999997
4,2024,364,coarse,5.0,12.0,12191250676.964014,13319121679.89857,0.4135380530279825,0.08468058405358335,187.90658540000004
4,2024,364,coarse,6.0,3.0,9957021566.886305,13319121679.89857,0.3377510168426133,0.2524265633886654,207.139948
4,2024,364,coarse,6.0,4.0,10709295822.420927,13319121679.89857,0.3632688278711972,0.1959457928383095,185.40792239999973
4,2024,364,coarse,6.0,5.0,11186246785.37881,13319121679.89857,0.37944742823285776,0.1601363022111831,191.18293330000006
4,2024,364,coarse,6.0,6.0,11213438122.023935,13319121679.89857,0.38036978252721254,0.15809477595302437,189.16871170000013
4,2024,364,coarse,6.0,7.0,11652609272.004778,13319121679.89857,0.39526685807109474,0.1251217946607484,190.85294179999983
4,2024,364,coarse,6.0,8.0,11765884015.668476,13319121679.89857,0.3991092380034869,0.11661712397854763,188.40230720000045
4,2024,364,coarse,6.0,9.0,11916922309.032244,13319121679.89857,0.40423259108885523,0.10527716500875182,188.53788729999997
4,2024,364,coarse,6.0,10.0,12170225475.262217,13319121679.89857,0.41282485950857506,0.0862591567408146,188.17722400000002
4,2024,364,coarse,6.0,11.0,12149496455.429428,13319121679.89857,0.41212171274127685,0.08781549208566493,188.98616550000042
4,2024,364,coarse,6.0,12.0,12104753985.088177,13319121679.89857,0.41060400840044614,0.09117475791539133,189.78676970000015
4,2024,364,coarse,7.0,3.0,10435860479.103054,13319121679.89857,0.3539936581202894,0.21647532548238363,186.86290539999936
4,2024,364,coarse,7.0,4.0,11077359552.614231,13319121679.89857,0.37575387656779735,0.16831155846166954,188.62229540000044
4,2024,364,coarse,7.0,5.0,11289919717.736979,13319121679.89857,0.38296410619602267,0.15235253576998958,188.87683220000054
4,2024,364,coarse,7.0,6.0,11627596065.520338,13319121679.89857,0.39441838788672656,0.12699978685014257,187.8455027
4,2024,364,coarse,7.0,7.0,11586001511.718037,13319121679.89857,0.3930074636713404,0.13012270702475712,187.94462980000026
4,2024,364,coarse,7.0,8.0,11980543598.007776,13319121679.89857,0.4063906817287094,0.10050047698798309,189.58370040000045
4,2024,364,coarse,7.0,9.0,12092439431.784847,13319121679.89857,0.4101862878127963,0.0920993348957124,189.53834839999945
4,2024,364,coarse,7.0,10.0,12109886638.833813,13319121679.89857,0.4107781125750775,0.09078939813949993,188.4589705999997
4,2024,364,coarse,7.0,11.0,12324663291.986095,13319121679.89857,0.41806352744627595,0.07466396146927061,189.40602219999982
4,2024,364,coarse,7.0,12.0,12445196587.354284,13319121679.89857,0.42215212390059975,0.06561431853747733,187.87352439999995
4,2024,364,coarse,8.0,3.0,10664341816.651161,13319121679.89857,0.36174394806071436,0.19932094075347656,186.7806258999999
4,2024,364,coarse,8.0,4.0,10983360632.021206,13319121679.89857,0.3725653496775889,0.1753689998494819,186.84690260000025
4,2024,364,coarse,8.0,5.0,11555736216.09297,13319121679.89857,0.39198083795764266,0.13239502620258578,188.69677159999992
4,2024,364,coarse,8.0,6.0,11748905108.824879,13319121679.89857,0.39853329840018503,0.11789190074323642,187.8300331999999
4,2024,364,coarse,8.0,7.0,11931041757.342283,13319121679.89857,0.4047115353185064,0.10421707646467396,187.5978024999995
4,2024,364,coarse,8.0,8.0,11906857083.85675,13319121679.89857,0.40389116970948624,0.10603286237509421,180.76777780000066
4,2024,364,coarse,8.0,9.0,12216533359.678019,13319121679.89857,0.414395664085446,0.08278235958190805,184.61585250000007
4,2024,364,coarse,8.0,10.0,12345398627.006296,13319121679.89857,0.41876688843034127,0.07310715197998614,195.11330269999962
4,2024,364,coarse,8.0,11.0,12313552432.774435,13319121679.89857,0.41768663723151395,0.07549816506607603,218.34196510000038
4,2024,364,coarse,8.0,12.0,12418468703.38276,13319121679.89857,0.4212454903326404,0.0676210487569229,226.95184680000057
4,2024,364,fine,6.0,11.0,12149496455.429428,13319121679.89857,0.41212171274127685,0.08781549208566493,224.8813424
4,2024,364,fine,6.0,11.5,12104602349.15392,13319121679.89857,0.41059886477485075,0.09118614274525488,232.8466423000009
4,2024,364,fine,6.0,12.0,12104753985.088177,13319121679.89857,0.41060400840044614,0.09117475791539133,226.87678210000013
4,2024,364,fine,6.0,12.5,12161818987.18553,13319121679.89857,0.41253970396513234,0.08689031608290351,223.72419399999853
4,2024,364,fine,6.0,13.0,12256350264.944136,13319121679.89857,0.4157462888833154,0.07979290530533895,209.0288746999995
4,2024,364,fine,6.5,11.0,12326662553.426027,13319121679.89857,0.4181313441703571,0.07451385686868353,206.6561853000003
4,2024,364,fine,6.5,11.5,12323918968.269981,13319121679.89857,0.41803827932460735,0.07471984531311576,201.89785819999997
4,2024,364,fine,6.5,12.0,12284123181.276913,13319121679.89857,0.41668837087732014,0.07770771402919853,203.61592709999968
4,2024,364,fine,6.5,12.5,12246341096.516365,13319121679.89857,0.41540676899862705,0.08054439392961336,218.58331550000003
4,2024,364,fine,6.5,13.0,12246302342.92824,13319121679.89857,0.4154054544424912,0.08054730355001151,218.14881810000043
4,2024,364,fine,7.0,11.0,12324663291.986095,13319121679.89857,0.41806352744627595,0.07466396146927061,200.58904569999868
4,2024,364,fine,7.0,11.5,12415149714.751488,13319121679.89857,0.4211329072898529,0.06787023850914811,197.0853401000004
4,2024,364,fine,7.0,12.5,12430880598.71044,13319121679.89857,0.4216665128482298,0.06668916333489745,197.60094499999832
4,2024,364,fine,7.0,13.0,12394366812.931534,13319121679.89857,0.4204279327976841,0.06943061931498758,202.76734190000025
4,2024,364,fine,7.5,11.0,12273862192.773144,13319121679.89857,0.41634030903195024,0.07847810931128797,202.0022200000003
4,2024,364,fine,7.5,11.5,12372329400.962244,13319121679.89857,0.419680404206809,0.07108518877526579,193.99816889999965
4,2024,364,fine,7.5,12.0,12471667187.94481,13319121679.89857,0.4230500301877186,0.0636269051609274,203.14552709999953
4,2024,364,fine,7.5,12.5,12527567964.572426,13319121679.89857,0.42494623419023464,0.05942987340680045,194.4351219
4,2024,364,fine,7.5,13.0,12538646158.531895,13319121679.89857,0.42532201637062417,0.05859812231797391,193.86647079999966
4,2024,364,fine,8.0,11.0,12313552432.774435,13319121679.89857,0.41768663723151395,0.07549816506607603,208.87555059999977
4,2024,364,fine,8.0,11.5,12345858416.580748,13319121679.89857,0.41878248490115955,0.07307263096685167,206.0689027999997
4,2024,364,fine,8.0,12.0,12418468703.38276,13319121679.89857,0.4212454903326404,0.0676210487569229,226.61545950000072
4,2024,364,fine,8.0,12.5,12509142596.290726,13319121679.89857,0.4243212293299921,0.060813250533650186,220.11187340000106
4,2024,364,fine,8.0,13.0,12570680484.90184,13319121679.89857,0.426408649178702,0.05619298426609378,205.4128612000004
4,2014,364,validate,8.0,13.0,10898939147.12567,11583479960.279741,0.37863101307639746,0.059096300550559255,224.81543959999908
4,2015,364,validate,8.0,13.0,11362065706.443394,12197576664.156551,0.39702958822809514,0.06849811079018393,224.23604199999863
4,2016,364,validate,8.0,13.0,12059499124.748865,12816720143.850769,0.41263534812502706,0.05908071726643769,221.90353519999917
4,2017,364,validate,8.0,13.0,12304678655.259003,13059587609.669588,0.4151813097484959,0.057804961149893835,211.0137639000004
4,2018,364,validate,8.0,13.0,11105195423.567984,11807179581.730093,0.38055106194556293,0.05945400874975499,204.33136410000043
4,2019,364,validate,8.0,13.0,10902494000.677479,11670574129.887463,0.3717039785960263,0.06581339706698648,228.64558140000008
4,2020,364,validate,8.0,13.0,12983455026.75679,13775625570.385458,0.4374396920663488,0.057505231946174476,211.2228742999996
4,2021,364,validate,8.0,13.0,11146543542.896053,11900655088.557598,0.3784745071139977,0.06336722979112454,202.7629786000016
4,2022,364,validate,8.0,13.0,12430542484.305119,13174305038.862583,0.425755416903743,0.05645554375456287,206.90337
4,2023,364,validate,8.0,13.0,11515374017.01156,12237871693.085382,0.3967349248040872,0.05903785349229035,215.22903270000097
4,2024,364,validate,8.0,13.0,12570680484.90184,13319121679.89857,0.426408649178702,0.05619298426609378,219.68322179999996
